request_id,reason,payload_floats,bytes_sent,client_build_ms,client_send_call_ms,client_send_start_to_recv_ms,client_send_end_to_recv_ms,result_parse_ms,optimizer_processing_ms,prediction_steps,round_idx,rollout_with_logging_ms,optimizer_total_ms,state_csv_enabled,model_round_idx,model_recv_parse_ms,model_event_wait_ms,model_build_hotstart_ms,model_snapshot_stabilize_ms,model_state_restore_ms,model_rollout_prepare_ms,model_rollout_with_logging_ms,model_postprocess_ms,model_state_csv_flush_ms,model_optimizer_processing_ms,model_optimizer_total_ms,model_elapsed_ms,model_full_horizon_steps,model_prediction_steps,model_sim_hz,model_prediction_sim_ms,model_state_csv,model_state_csv_enabled,comm_sched_residual_ms
4031,exp1-completion-paced,66,264,0.2844999999069841,2.249099999971804,45.394499999929394,43.14539999995759,0.0264000000242958,31.62419999989652,500,1,23.56489999965561,31.702799999948184,False,1,0.0415000004068133,0.0370999996448517,0.0302999997074948,6.901300000208721,0.8652000005895388,0.0033999995139311,23.56489999965561,0.2588000006653601,0.0,31.62419999989652,31.702799999948184,31.63360000053217,500,500,333.0,1501.5015015015017,,False,13.69169999998121
4032,exp1-completion-paced,66,264,0.2748999995674239,4.249499999787076,28.092600000491075,23.843100000704,0.075200000537734,15.695999999479682,500,2,12.179100000139442,15.745400000014342,False,2,0.0184000000444939,0.0310000004901667,0.0181999994310899,3.2144000006155693,0.1287999994019628,0.0299000002996763,12.179100000139442,0.1254999997399863,0.0,15.695999999479682,15.745400000014342,15.702699999565084,500,500,333.0,1501.5015015015017,,False,12.347200000476732
4033,exp1-completion-paced,66,264,0.4673000003094785,0.1369999999951687,51.85510000046634,51.71810000047117,0.0325999999404302,29.805000000123982,500,3,22.83120000083727,29.87589999975171,False,3,0.0277999997706501,0.0430999998570769,0.0269000001935637,6.352700000206824,0.2521999995224178,0.0934999998207786,22.83120000083727,0.2481999999872641,0.0,29.805000000123982,29.87589999975171,29.815800000505988,500,500,333.0,1501.5015015015017,,False,21.979200000714627
4034,exp1-completion-paced,66,264,0.2715999999054475,1.2686000000030615,45.289900000170746,44.021300000167685,0.0233999999181833,25.69089999997232,500,4,22.081299999626932,25.76849999968545,False,4,0.0450999996246537,0.0325000000884756,0.0184999998964485,3.160100000059174,0.1281000004382804,0.0266999995801597,22.081299999626932,0.2759000008154544,0.0,25.69089999997232,25.76849999968545,25.69820000007894,500,500,333.0,1501.5015015015017,,False,19.521400000485297
4035,exp1-completion-paced,66,264,0.2754000006461865,1.226400000632566,24.08590000050026,22.85949999986769,0.0208000001293839,16.003999999156804,500,5,12.54510000035225,16.06439999977738,False,5,0.0315000006594345,0.0288999999611405,0.0179999997271806,3.144399999655434,0.1292000006287708,0.0299999992421362,12.54510000035225,0.1370999998471234,0.0,16.003999999156804,16.06439999977738,16.010600000299746,500,500,333.0,1501.5015015015017,,False,8.021500000722881
4036,exp1-completion-paced,66,264,0.2863999998226063,1.293500000429049,42.827000000215776,41.53349999978673,0.0293000002784538,26.51860000059969,500,6,22.94849999998405,26.567700000668992,False,6,0.0233000000662286,0.0258000000030733,0.017899999875226,3.1251000000338536,0.1310000006924383,0.025899999855028,22.94849999998405,0.2698999996937345,0.0,26.51860000059969,26.567700000668992,26.52589999979682,500,500,333.0,1501.5015015015017,,False,16.259299999546784
4037,exp1-completion-paced,66,264,0.4678000004787463,2.624700000524172,40.61110000020562,37.98639999968145,0.0198999996428028,30.23740000026009,500,7,23.29579999968701,30.303399999866087,False,7,0.0299000002996763,0.036099999306316,0.0305000003208988,6.308600000011211,0.2496999995855731,0.1135000002250308,23.29579999968701,0.2389000001130625,0.0,30.23740000026009,30.303399999866087,30.24909999930969,500,500,333.0,1501.5015015015017,,False,10.30770000033953
4038,exp1-completion-paced,66,264,0.4794000005858834,2.101799999763898,50.76550000012503,48.66370000036113,0.0303999995594494,29.68320000036329,500,8,22.647100000540377,29.815400000188674,False,8,0.0258000000030733,0.1063999998223153,0.0283999997918726,6.405200000699551,0.2592000000731786,0.105999999505002,22.647100000540377,0.236899999435991,0.0,29.68320000036329,29.815400000188674,29.69389999998384,500,500,333.0,1501.5015015015017,,False,20.950099999936356
4039,exp1-completion-paced,66,264,0.2806999991662451,1.1624999997366103,39.16939999999158,38.00690000025497,0.0179999997271806,18.03810000001249,500,9,11.846499999592195,18.12990000053105,False,9,0.0219000003198743,0.069900000198686,0.0266999995801597,5.870799999684095,0.1351000000795466,0.0291000005745445,11.846499999592195,0.1296999998885439,0.0,18.03810000001249,18.12990000053105,18.04790000005596,500,500,333.0,1501.5015015015017,,False,21.03949999946053
4040,exp1-completion-paced,66,264,0.2703999998630024,2.824600000167265,33.593000000109896,30.76839999994263,0.0208000001293839,15.329900000324416,500,10,11.822399999800837,15.38180000079592,False,10,0.0200000004042522,0.0319000000672531,0.0160999998115585,3.198999999767693,0.1391000005241949,0.0264000000242958,11.822399999800837,0.1265999999304767,0.0,15.329900000324416,15.38180000079592,15.336299999944458,500,500,333.0,1501.5015015015017,,False,18.211199999313976
4041,exp1-completion-paced,66,264,0.2911999999923864,1.750499999616295,36.198899999362766,34.44839999974647,0.0290999996650498,17.96070000000327,500,11,14.540000000124564,18.009100000199396,False,11,0.0186999996003578,0.029700000595767,0.0193999994735349,3.1176000002233195,0.1303999997617211,0.0251999999818508,14.540000000124564,0.1278999998248764,0.0,17.96070000000327,18.009100000199396,17.968399999517715,500,500,333.0,1501.5015015015017,,False,18.18979999916337
4042,exp1-completion-paced,66,264,0.4380999998829793,1.552399999127374,49.75639999975101,48.20400000062364,0.0288000001091859,26.52070000021922,500,12,22.73109999987355,26.57660000022588,False,12,0.0265999997282051,0.0293000002784538,0.0202000001081614,3.341800000271178,0.1425999998900806,0.0289999998130952,22.73109999987355,0.2555999999458436,0.0,26.52070000021922,26.57660000022588,26.5278999995644,500,500,333.0,1501.5015015015017,,False,23.17979999952513
4043,exp1-completion-paced,66,264,0.341899999511952,0.0556999993932549,38.28279999925144,38.22709999985818,0.0312000001940759,27.72240000012971,500,13,21.443700000418172,27.801199999885284,False,13,0.0204999996640253,0.058300000091549,0.0258000000030733,5.829400000038731,0.1344000002063694,0.0278999996226048,21.443700000418172,0.2606999996714876,0.0,27.72240000012971,27.801199999885284,27.73170000000391,500,500,333.0,1501.5015015015017,,False,10.481599999366153
4044,exp1-completion-paced,66,264,0.2809000006891438,0.0494999994771205,41.37139999966166,41.32190000018454,0.0301000000035855,30.04030000010971,500,14,23.047499999847787,30.31860000010056,False,14,0.0242000005528097,0.2540999994380399,0.0251999999818508,6.352899999910733,0.2366000007896218,0.1081000000340282,23.047499999847787,0.2696000001378706,0.0,30.04030000010971,30.31860000010056,30.04970000074536,500,500,333.0,1501.5015015015017,,False,11.052799999561103
4045,exp1-completion-paced,66,264,0.2792000004774309,1.2149999993198437,36.29739999996673,35.082400000646885,0.0177000001713167,26.247699999657925,500,15,19.546499999705706,26.31010000004608,False,15,0.0264999998762505,0.0359000005119014,0.0255999993896693,6.211600000824546,0.2296999991813209,0.1058000007105874,19.546499999705706,0.1283999999941443,0.0,26.247699999657925,26.31010000004608,26.2577000003148,500,500,333.0,1501.5015015015017,,False,9.987299999920648
4046,exp1-completion-paced,66,264,0.3283999994891928,2.6423999997859937,27.429299999312207,24.786899999526213,0.0203999998120707,18.46269999987271,500,16,14.41049999993993,18.519799999921812,False,16,0.0313000000460306,0.0258000000030733,0.017899999875226,3.729400000338501,0.1339999998890562,0.0392000001738779,14.41049999993993,0.1314000001002568,0.0,18.46269999987271,18.519799999921812,18.46960000057152,500,500,333.0,1501.5015015015017,,False,8.909499999390395
4047,exp1-completion-paced,66,264,0.2729999996518018,0.0514000003022374,32.1644000005108,32.11300000020856,0.019099999917671,16.801499999928637,500,17,11.779200000091803,16.862700000274344,False,17,0.0346000006175017,0.0265999997282051,0.0216999997064704,4.715500000202155,0.1317000005656154,0.0296999996862723,11.779200000091803,0.1235999998243642,0.0,16.801499999928637,16.862700000274344,16.808700000183308,500,500,333.0,1501.5015015015017,,False,15.301700000236458
4048,exp1-completion-paced,66,264,0.2800000002025626,1.213600000482984,31.55450000031124,30.34089999982825,0.019300000531075,17.22299999983079,500,18,11.957400000028429,17.268399999920803,False,18,0.0191999997696257,0.0262000003203866,0.0240999997913604,4.914400000416208,0.1706000002741348,0.0288999999611405,11.957400000028429,0.1274999995075632,0.0,17.22299999983079,17.268399999920803,17.232199999853037,500,500,333.0,1501.5015015015017,,False,14.286100000390437
4049,exp1-completion-paced,66,264,0.2696999999898253,2.769600000647188,39.76220000004105,36.99259999939386,0.0282000000879634,15.755100000205855,500,19,12.283199999728822,15.796399999999268,False,19,0.0178000000232714,0.0234999997701379,0.01810000048863,3.134700000373414,0.1257999992958502,0.0286000004052766,12.283199999728822,0.164500000209955,0.0,15.755100000205855,15.796399999999268,15.762199999699078,500,500,333.0,1501.5015015015017,,False,23.96580000004178
4050,exp1-completion-paced,66,264,0.440599999819824,1.0775000000649015,44.16159999982483,43.08409999975993,0.0323000003845663,29.6624000002339,500,20,22.58590000019467,29.73990000009508,False,20,0.0354000003426335,0.0420999995185411,0.0286000004052766,6.4056999999593245,0.2568999998402432,0.1093000000764732,22.58590000019467,0.2756999992925557,0.0,29.6624000002339,29.73990000009508,29.673999999431544,500,500,333.0,1501.5015015015017,,False,14.42169999972975
4051,exp1-completion-paced,66,264,0.2604000001156237,1.741299999594048,29.55109999948036,27.80979999988631,0.0187000005098525,23.689099999501195,500,21,16.82600000003731,23.754799999551324,False,21,0.025600000299164,0.0400999997509643,0.0293000002784538,6.360299999869312,0.2399999993940582,0.1078000004781642,16.82600000003731,0.1254999997399863,0.0,23.689099999501195,23.754799999551324,23.7011999997776,500,500,333.0,1501.5015015015017,,False,5.796299999929037
4052,exp1-completion-paced,66,264,0.4782999994858983,2.588100000139093,39.41959999974642,36.83149999960733,0.0215000000025611,27.94810000068537,500,22,21.145299999261624,28.00560000014229,False,22,0.0202000001081614,0.037299999348761,0.0261000004684319,6.290899999839894,0.2558000005592475,0.1050999999279156,21.145299999261624,0.1247000000148546,0.0,27.94810000068537,28.00560000014229,27.95869999954448,500,500,333.0,1501.5015015015017,,False,11.413999999604126
4053,exp1-completion-paced,66,264,0.2944999996543629,1.2053000000378231,45.01949999939825,43.814199999360426,0.030900000638212,28.572000000167463,500,23,22.0246999997471,28.670700000475332,False,23,0.0229000006584101,0.0757999996494618,0.0266999995801597,6.09950000034587,0.1351999999315012,0.0301000000035855,22.0246999997471,0.2555000000938889,0.0,28.572000000167463,28.670700000475332,28.58219999961875,500,500,333.0,1501.5015015015017,,False,16.348799998922917
4054,exp1-completion-paced,66,264,0.4615000007106573,2.544599999964703,42.60989999966114,40.06529999969644,0.021799999558425,29.8451999997269,500,24,22.939499999665717,30.019699999684235,False,24,0.0233000000662286,0.1511999998911051,0.026899999284069,6.389200000739947,0.2533999995648628,0.1072000004569417,22.939499999665717,0.1288000003114575,0.0,29.8451999997269,30.019699999684235,29.85549999993964,500,500,333.0,1501.5015015015017,,False,12.590199999976903
4055,exp1-completion-paced,66,264,0.4526000002442742,0.0717000002623535,21.76839999992808,21.696699999665725,0.0282000000879634,15.023300000393649,500,25,11.540500000592148,15.078500000527129,False,25,0.0210000007427879,0.0341999993906938,0.019099999917671,3.177700000378536,0.1310999996348982,0.0282000000879634,11.540500000592148,0.1265000000785221,0.0,15.023300000393649,15.078500000527129,15.030900000056135,500,500,333.0,1501.5015015015017,,False,6.68989999940095
4056,exp1-completion-paced,66,264,0.4479999997784034,3.0639000005976413,43.2332000000315,40.16929999943386,0.0312000001940759,26.521600000705803,500,26,22.747200000594603,26.591100000587176,False,26,0.0338999998348299,0.0356000000465428,0.0208999999813386,3.311500000563683,0.1373999994029873,0.029499999982363,22.747200000594603,0.2748999995674239,0.0,26.521600000705803,26.591100000587176,26.53039999950124,500,500,333.0,1501.5015015015017,,False,16.642099999444326
4057,exp1-completion-paced,66,264,0.2658999992490862,2.717800000027637,37.28039999987232,34.56259999984468,0.0189000002137618,16.35450000048877,500,27,12.54880000033154,16.40399999996589,False,27,0.0196000000869389,0.0298999993901816,0.0182000003405846,3.4481000002415385,0.1350999991700519,0.0341000004482339,12.54880000033154,0.1699999993434175,0.0,16.35450000048877,16.40399999996589,16.361500000130036,500,500,333.0,1501.5015015015017,,False,20.876399999906432
4058,exp1-completion-paced,66,264,0.4590999997162726,0.0732999997126171,33.48199999982171,33.40870000010909,0.0208000001293839,15.30800000000454,500,28,11.7645000000266,15.357399999629706,False,28,0.022000000171829,0.0273999994533369,0.0200000004042522,3.227799999876879,0.1334999997197883,0.0298000004477216,11.7645000000266,0.1322999996773433,0.0,15.30800000000454,15.357399999629706,15.315700000428478,500,500,333.0,1501.5015015015017,,False,18.124600000192004
4059,exp1-completion-paced,66,264,0.4611000003933441,0.0777000004745787,45.6661999996868,45.58849999921222,0.0201000002562068,24.875299999621348,500,29,21.018500000536733,24.93520000007265,False,29,0.0266000006376998,0.0332999998136074,0.0199999994947575,3.4111000004486414,0.1319000002695247,0.0279999994745594,21.018500000536733,0.2654999998412677,0.0,24.875299999621348,24.93520000007265,24.883800000679912,500,500,333.0,1501.5015015015017,,False,20.730999999614152
4060,exp1-completion-paced,66,264,0.2867000002879649,0.0663000000713509,45.4251999999542,45.35889999988285,0.0340999995387392,30.34399999978632,500,30,23.41179999984888,30.512199999975564,False,30,0.0276000000667409,0.1406000001225038,0.0264999998762505,6.276899999647867,0.2492000003257999,0.1128000003518536,23.41179999984888,0.2666000000317581,0.0,30.34399999978632,30.512199999975564,30.354499999702966,500,500,333.0,1501.5015015015017,,False,14.912999999978638
4061,exp1-completion-paced,66,264,0.2685999997993349,1.2044999994031969,44.29859999982,43.0941000004168,0.0197999997908482,28.763299999809533,500,31,22.049400000469177,28.862500000286676,False,31,0.0208000001293839,0.0784000003477558,0.0261999994108919,6.196000000272761,0.2553000003899797,0.1085999992938013,22.049400000469177,0.1276000002690125,0.0,28.763299999809533,28.862500000286676,28.773699999874225,500,500,333.0,1501.5015015015017,,False,15.436099999533322
4062,exp1-completion-paced,66,264,0.4642000003514113,4.085900000063703,47.09819999970932,43.01229999964562,0.0196999999388935,29.367999999522,500,32,22.693900000376743,29.686400000173307,False,32,0.0213000002986518,0.2971000003526569,0.0253999996857601,6.065800000214949,0.2275999995617894,0.1075999998647603,22.693900000376743,0.2474000002621323,0.0,29.367999999522,29.686400000173307,29.54779999981838,500,500,333.0,1501.5015015015017,,False,17.411799999536015
4063,exp1-completion-paced,66,264,0.2809000006891438,2.810199999657925,30.54569999949308,27.73549999983516,0.0431999997090315,15.281200000572426,500,33,11.879599999701895,15.33930000005057,False,33,0.0307999998767627,0.0272999996013822,0.0163000004249624,3.0984999993961537,0.1256000005014357,0.0386000001526554,11.879599999701895,0.1223999997819191,0.0,15.281200000572426,15.33930000005057,15.289799999663956,500,500,333.0,1501.5015015015017,,False,15.20639999944251
4064,exp1-completion-paced,66,264,0.4439000003912952,1.065000000380678,34.06859999995504,33.00359999957436,0.0188999993042671,15.128400000321562,500,34,11.728000000402972,15.172999999776948,False,34,0.0198999996428028,0.0246999998125829,0.01810000048863,3.0894999999873107,0.1297999997404986,0.0276000000667409,11.728000000402972,0.1351999999315012,0.0,15.128400000321562,15.172999999776948,15.135500000724278,500,500,333.0,1501.5015015015017,,False,18.895600000178092
4065,exp1-completion-paced,66,264,0.2720000002227607,5.8005999999295454,39.13830000055896,33.33770000062941,0.0190000000657164,16.608099999757542,500,35,13.05540000066685,16.679299999850628,False,35,0.0196999999388935,0.051500000154192,0.0436999998782994,3.226400000130525,0.1291999997192761,0.028299999939918,13.05540000066685,0.1248999997187638,0.0,16.608099999757542,16.679299999850628,16.63360000020475,500,500,333.0,1501.5015015015017,,False,22.45900000070833
4066,exp1-completion-paced,66,264,0.2693999995244667,1.2249000001247623,25.152799999887065,23.927899999762303,0.0280000003840541,15.551099999356666,500,36,11.634200000116834,15.604700000039884,False,36,0.0186000006578979,0.0350000000253203,0.0170999992405995,3.617500000473228,0.1305999994656304,0.0272000006589223,11.634200000116834,0.1242999996975413,0.0,15.551099999356666,15.604700000039884,15.558600000076694,500,500,333.0,1501.5015015015017,,False,9.548099999847182
4067,exp1-completion-paced,66,264,0.3133999998681247,0.0793999997767969,35.30570000020816,35.226300000431365,0.0186999996003578,15.287000000171249,500,37,11.777100000472274,15.345499999966703,False,37,0.0196999999388935,0.0387999998565646,0.0264999998762505,3.1386999999085674,0.1326000001427019,0.0291999995170044,11.777100000472274,0.1825999997890903,0.0,15.287000000171249,15.345499999966703,15.29320000008738,500,500,333.0,1501.5015015015017,,False,19.960200000241457
4068,exp1-completion-paced,66,264,0.2659000001585809,1.2102999999115127,41.15170000022772,39.94140000031621,0.0308999997287173,20.39039999999659,500,38,16.842699999870092,20.44240000032005,False,38,0.0251000001298962,0.0269000001935637,0.0265999997282051,3.1287000001611887,0.1314000001002568,0.0276999999186955,16.842699999870092,0.232999999752792,0.0,20.39039999999659,20.44240000032005,20.39710000008199,500,500,333.0,1501.5015015015017,,False,20.70929999990767
4069,exp1-completion-paced,66,264,0.4199000004518893,1.1178999993717298,48.73929999939719,47.62140000002546,0.0214000001506065,30.486300000120536,500,39,23.455700000340585,30.57429999989836,False,39,0.0475999995614984,0.0404000002163229,0.0262000003203866,6.40679999924032,0.2566000002843793,0.1087999999072053,23.455700000340585,0.231799999710347,0.0,30.486300000120536,30.57429999989836,30.49469999950816,500,500,333.0,1501.5015015015017,,False,18.16499999949883
4070,exp1-completion-paced,66,264,0.2933000005214126,1.248200000190991,35.40400000019872,34.15580000000773,0.0223999995796475,18.616000000292843,500,40,14.851299999463665,18.6613000005309,False,40,0.0207000002774293,0.0245999999606283,0.01810000048863,3.328499999952328,0.1400999999532359,0.0436000000263447,14.851299999463665,0.2340000000913278,0.0,18.616000000292843,18.6613000005309,18.623299999489973,500,500,333.0,1501.5015015015017,,False,16.74269999966782
4071,exp1-completion-paced,66,264,0.453399999969406,2.5906000000759377,42.63469999932568,40.04409999924974,0.0271000008069677,28.388900000209105,500,41,21.32050000000163,28.440400000363297,False,41,0.0230000005103647,0.0284999996438273,0.0196000000869389,6.4818999999261,0.2465000006850459,0.1066999993781792,21.32050000000163,0.2132999998138984,0.0,28.388900000209105,28.440400000363297,28.39599999970233,500,500,333.0,1501.5015015015017,,False,14.194299998962386
4072,exp1-completion-paced,66,264,0.4617999993570265,2.553299999817682,48.60740000003716,46.05410000021948,0.0307000000248081,29.19599999950151,500,42,22.41400000002613,29.26099999967846,False,42,0.0278999996226048,0.0371000005543464,0.0259999997069826,6.179699999847799,0.2598999999463558,0.1078000004781642,22.41400000002613,0.2082000000882544,0.0,29.19599999950151,29.26099999967846,29.20630000062374,500,500,333.0,1501.5015015015017,,False,19.3464000003587
4073,exp1-completion-paced,66,264,0.284000000647211,2.693899999940186,32.604600000013306,29.91070000007312,0.0287000002572312,24.728999999751977,500,43,17.773599999600265,24.77699999963079,False,43,0.021799999558425,0.0262000003203866,0.0189000002137618,6.461299999500625,0.2457000000504194,0.1128000003518536,17.773599999600265,0.116600000183098,0.0,24.728999999751977,24.77699999963079,24.737300000197138,500,500,333.0,1501.5015015015017,,False,7.8276000003825175
4074,exp1-completion-paced,66,264,0.2701000003071385,1.2195999997857143,45.3256999999212,44.10610000013549,0.028500000553322,29.323499999918567,500,44,22.598399999878893,29.52339999956166,False,44,0.0183000001925393,0.1815999994505546,0.0238000002354965,6.142199999885634,0.2323999997315695,0.106200000118406,22.598399999878893,0.2203000003646593,0.0,29.323499999918567,29.52339999956166,29.481399999895075,500,500,333.0,1501.5015015015017,,False,15.802300000359537
4075,exp1-completion-paced,66,264,0.4748000001200125,2.5613999996494385,28.83229999952164,26.2708999998722,0.028500000553322,16.322500000569562,500,45,12.617499999578284,16.36860000053275,False,45,0.0208999999813386,0.0251999999818508,0.0179999997271806,3.396100000827573,0.1321999998253886,0.0289999998130952,12.617499999578284,0.1295000001846347,0.0,16.322500000569562,16.36860000053275,16.329899999618647,500,500,333.0,1501.5015015015017,,False,12.46369999898889
4076,exp1-completion-paced,66,264,0.2711999995881342,1.226499999575026,36.54629999982717,35.319800000252144,0.0202999999601161,15.0391999995918,500,46,11.65209999999206,15.084099999512546,False,46,0.019099999917671,0.0258000000030733,0.0365999994755839,3.0733000003237976,0.1249999995707185,0.0284000007013673,11.65209999999206,0.1234999999724095,0.0,15.0391999995918,15.084099999512546,15.046000000438651,500,500,333.0,1501.5015015015017,,False,21.462200000314624
4077,exp1-completion-paced,66,264,0.2742999995462014,1.3003000003664056,23.560399999951187,22.26009999958478,0.0279999994745594,16.30470000054629,500,47,12.796399999388086,16.346600000360922,False,47,0.0175000004674075,0.0243999993472243,0.0172000000020489,3.203100000064296,0.1356000002488144,0.0287000002572312,12.796399999388086,0.1234999999724095,0.0,16.30470000054629,16.346600000360922,16.31180000003951,500,500,333.0,1501.5015015015017,,False,7.213799999590265
4078,exp1-completion-paced,66,264,0.2913999996962957,0.6385999995472957,24.443699999210367,23.80509999966307,0.0179999997271806,15.416000000186614,500,48,11.94870000017545,15.457900000001246,False,48,0.0188000003618071,0.0230999994528247,0.016900000446185,3.127699999822653,0.1554000000396627,0.0411999999414547,11.94870000017545,0.1259000000572996,0.0,15.416000000186614,15.457900000001246,15.422899999975924,500,500,333.0,1501.5015015015017,,False,8.98579999920912
4079,exp1-completion-paced,66,264,0.2767000005405862,1.7530000004626345,39.64510000059818,37.89210000013554,0.019099999917671,15.753399999994144,500,49,12.0959000005314,15.792199999850707,False,49,0.0171000001500942,0.0216999997064704,0.0172999998540035,3.2545000003665336,0.2130999992004945,0.0466000001324573,12.0959000005314,0.125800000205345,0.0,15.753399999994144,15.792199999850707,15.759500000058324,500,500,333.0,1501.5015015015017,,False,23.852900000747468
4080,exp1-completion-paced,66,264,0.465299999632407,1.1164999996253755,45.68329999983689,44.56680000021152,0.0325000000884756,29.45090000048367,500,50,22.4938999999722,29.52129999994213,False,50,0.0331999999616527,0.0371999994968064,0.1917999998113373,6.15390000075422,0.2427999997962615,0.1094999997803825,22.4938999999722,0.2587999997558654,0.0,29.45090000048367,29.52129999994213,29.461000000083004,500,500,333.0,1501.5015015015017,,False,16.16199999989476
4081,exp1-completion-paced,66,264,0.4545000001598964,1.0663000002750778,40.94330000043556,39.87700000016048,0.0177000001713167,21.394700000200828,500,51,16.24919999994745,21.43900000010035,False,51,0.0194000003830296,0.0248999995164922,0.0177000001713167,4.842800000005809,0.1288000003114575,0.0279999994745594,16.24919999994745,0.1280000005863257,0.0,21.394700000200828,21.43900000010035,21.40099999996892,500,500,333.0,1501.5015015015017,,False,19.504300000335213
4082,exp1-completion-paced,66,264,0.2647999999680905,1.2299999998504063,22.47850000003382,21.24850000018341,0.0194000003830296,15.128400000321562,500,52,11.603400000240072,15.177000000221597,False,52,0.016900000446185,0.0316999994538491,0.0284000007013673,3.2209999999395222,0.127999999676831,0.027099999897473,11.603400000240072,0.1203000001623877,0.0,15.128400000321562,15.177000000221597,15.134500000385742,500,500,333.0,1501.5015015015017,,False,7.301499999812222
4083,exp1-completion-paced,66,264,0.2503999994587502,4.29950000034296,33.14860000045883,28.849100000115868,0.0249000004259869,15.064400000483149,500,53,11.769900000217604,15.106500000001688,False,53,0.017899999875226,0.024199999643315,0.0179999997271806,2.9942000001028646,0.1222999999299645,0.027099999897473,11.769900000217604,0.1326999999946565,0.0,15.064400000483149,15.106500000001688,15.071099999659054,500,500,333.0,1501.5015015015017,,False,18.04210000045714
4084,exp1-completion-paced,66,264,0.2748999995674239,0.7096999997884268,37.13869999955932,36.428999999770895,0.0197999997908482,15.419699999256409,500,54,11.931400000321446,15.498099999604165,False,54,0.0551000002815271,0.0233000000662286,0.0175999994098674,3.120200000012119,0.1900000006571645,0.0293999992209137,11.931400000321446,0.130899999930989,0.0,15.419699999256409,15.498099999604165,15.426400000251306,500,500,333.0,1501.5015015015017,,False,21.640599999955157
4085,exp1-completion-paced,66,264,0.304600000163191,2.68320000031963,34.67270000055578,31.98950000023615,0.0179999997271806,14.8988000000827,500,55,11.426600000049802,14.94139999977051,False,55,0.0187999994523124,0.0238000002354965,0.0170000002981396,3.168899999764108,0.1310999996348982,0.0298000004477216,11.426600000049802,0.1252000001841224,0.0,14.8988000000827,14.94139999977051,14.902300000358082,500,500,333.0,1501.5015015015017,,False,19.731300000785268
4086,exp1-completion-paced,66,264,0.2641000000949134,3.290499999820895,26.030699999864737,22.74020000004384,0.0376999996660742,15.798400000676338,500,56,11.9764999999461,15.837400000236812,False,56,0.0172000000020489,0.021799999558425,0.0164000002769171,3.502300000036485,0.1302000000578118,0.0382999996872968,11.9764999999461,0.134500000058324,0.0,15.798400000676338,15.837400000236812,15.804599999682978,500,500,333.0,1501.5015015015017,,False,10.193299999627925
4087,exp1-completion-paced,66,264,0.2598000000944012,2.743400000326801,26.48990000034246,23.746500000015654,0.0181999994310899,15.755100000205855,500,57,12.131800000133808,15.796500000760716,False,57,0.0183000001925393,0.0231000003623194,0.0180999995791353,3.3131000000139466,0.1301000002058572,0.0398000001951004,12.131800000133808,0.1219999994646059,0.0,15.755100000205855,15.796500000760716,15.762600000016391,500,500,333.0,1501.5015015015017,,False,10.693399999581743
4088,exp1-completion-paced,66,264,0.2677000002222485,1.2323000000833415,25.9860000005574,24.75370000047405,0.019099999917671,16.482099999848288,500,58,12.926499999593943,16.520700000000943,False,58,0.0172000000020489,0.0214000001506065,0.0171000001500942,3.249899999900663,0.133099999402475,0.0284000007013673,12.926499999593943,0.1269000003958353,0.0,16.482099999848288,16.520700000000943,16.487900000356603,500,500,333.0,1501.5015015015017,,False,9.465300000556457
4089,exp1-completion-paced,66,264,0.2642999997988227,1.2301000006118556,22.559100000762555,21.3290000001507,0.0196000000869389,15.487399999983609,500,59,11.832799999865529,15.534799999841198,False,59,0.0176000003193621,0.0297999995382269,0.016900000446185,3.33409999984724,0.1233000002685003,0.0567999995837453,11.832799999865529,0.1234000001204549,0.0,15.487399999983609,15.534799999841198,15.494100000069013,500,500,333.0,1501.5015015015017,,False,7.024300000921357
4090,exp1-completion-paced,66,264,0.2698999996937345,2.773499999420892,36.63940000024013,33.86590000081924,0.0212000004466972,15.609699999913571,500,60,12.182499999653372,15.65630000004603,False,60,0.0178000000232714,0.0288000001091859,0.0168999995366903,3.1211000004987,0.1232999993590056,0.0382000007448368,12.182499999653372,0.1275000004170579,0.0,15.609699999913571,15.65630000004603,15.615900000739202,500,500,333.0,1501.5015015015017,,False,20.9831000001941
4091,exp1-completion-paced,66,264,0.2688000004127389,2.288300000145682,36.606799999390205,34.31849999924452,0.0192999996215803,15.220299999782585,500,61,11.57690000036382,15.271100000063598,False,61,0.0200000004042522,0.0307999998767627,0.0243000004047644,3.323999999338412,0.132099999973434,0.0405999999202322,11.57690000036382,0.1222000000780099,0.0,15.220299999782585,15.271100000063598,15.230699999847277,500,500,333.0,1501.5015015015017,,False,21.335699999326607
4092,exp1-completion-paced,66,264,0.2785000006042537,0.0534000000698142,33.01660000033735,32.963200000267534,0.0215000000025611,16.6572999996788,500,62,12.141599999267784,16.70190000004368,False,62,0.0195000002349843,0.0251000001298962,0.0174999995579128,4.203600000437291,0.1373999994029873,0.029700000595767,12.141599999267784,0.1273000007131486,0.0,16.6572999996788,16.70190000004368,16.663600000356382,500,500,333.0,1501.5015015015017,,False,16.31470000029367
4093,exp1-completion-paced,66,264,0.2682000003915163,4.768200000398792,32.57269999994605,27.80449999954726,0.0212000004466972,15.373100000033446,500,63,11.875799999870653,15.447399999175104,False,63,0.0215000000025611,0.052799999139097,0.0184000000444939,3.1977000007827883,0.1303999997617211,0.025899999855028,11.875799999870653,0.1247999998668092,0.0,15.373100000033446,15.447399999175104,15.38079999954789,500,500,333.0,1501.5015015015017,,False,17.12530000077095
4094,exp1-completion-paced,66,264,0.2651000004334491,1.2545999998110346,37.71400000005087,36.45940000023984,0.0207000002774293,15.93979999961448,500,64,12.17110000015964,15.983600000254228,False,64,0.017899999875226,0.0259000007645227,0.0169999993886449,3.4319000005780254,0.1569999994899262,0.032400000236521,12.17110000015964,0.1302000000578118,0.0,15.93979999961448,15.983600000254228,15.946700000313283,500,500,333.0,1501.5015015015017,,False,21.730399999796646
4095,exp1-completion-paced,66,264,0.4856999994444777,4.036100000121223,45.671300000321935,41.63520000020071,0.0282000000879634,30.22320000036416,500,65,23.354099999778555,30.282400000032798,False,65,0.0264999998762505,0.0326999997923849,0.0288000001091859,6.2409000001935055,0.2466000005370006,0.1182999994853162,23.354099999778555,0.2342000007047318,0.0,30.22320000036416,30.282400000032798,30.233200000111538,500,500,333.0,1501.5015015015017,,False,15.388900000289137
4096,exp1-completion-paced,66,264,0.4724999998870771,2.678300000297895,40.056599999843456,37.37829999954556,0.0331000001096981,31.71010000005481,500,66,24.59240000007412,31.76870000061172,False,66,0.0245999999606283,0.0340000005962792,0.0301000000035855,6.451100000049337,0.2514999996492406,0.116399999569694,24.59240000007412,0.268300000243471,0.0,31.71010000005481,31.76870000061172,31.722099999569764,500,500,333.0,1501.5015015015017,,False,8.287899999231737
4097,exp1-completion-paced,66,264,0.4526000002442742,0.0681999999869731,34.88889999971434,34.82069999972737,0.0196999999388935,15.718700000434184,500,67,12.169499999799882,15.761900000143214,False,67,0.0187999994523124,0.024400000256719,0.0177000001713167,3.188800000316405,0.1576999993631034,0.0291000005745445,12.169499999799882,0.1556999995955266,0.0,15.718700000434184,15.761900000143214,15.725299999758136,500,500,333.0,1501.5015015015017,,False,19.126999999571126
4098,exp1-completion-paced,66,264,0.2676999993127538,1.176599999780592,29.452999999193707,28.276399999413115,0.0306000001728534,15.081999999893014,500,68,11.5419000003385,15.178600000581357,False,68,0.0634000007266877,0.0331999999616527,0.0160999998115585,3.225999999813212,0.1389999997627455,0.0281000002360087,11.5419000003385,0.1307000002270797,0.0,15.081999999893014,15.178600000581357,15.08540000031644,500,500,333.0,1501.5015015015017,,False,14.27439999861235
4099,exp1-completion-paced,66,264,0.261599999248574,1.2305999998716288,26.97729999999865,25.74670000012702,0.0212000004466972,15.921300000627523,500,69,12.530799999694864,15.962000000399712,False,69,0.0172999998540035,0.0233999999181833,0.017899999875226,3.0774000006204005,0.1241999998455867,0.0276999999186955,12.530799999694864,0.1431000000593485,0.0,15.921300000627523,15.962000000399712,15.927899999951478,500,500,333.0,1501.5015015015017,,False,11.015299999598938
4100,exp1-completion-paced,66,264,0.2598999999463558,1.2648000001718174,32.12879999955476,30.86399999938294,0.0184000000444939,15.874499999881664,500,70,12.43830000021262,15.911299999970652,False,70,0.01810000048863,0.0186999996003578,0.0172000000020489,3.137900000183436,0.1242999996975413,0.037499999962165,12.43830000021262,0.1191000001199427,0.0,15.874499999881664,15.911299999970652,15.880200000538023,500,500,333.0,1501.5015015015017,,False,16.217499999584106
4101,exp1-completion-paced,66,264,0.2619999995658872,1.183600000331353,24.40660000047501,23.223000000143657,0.0192999996215803,15.796399999999268,500,71,12.409999999363208,15.902600000117673,False,71,0.019300000531075,0.0868999995873309,0.0228999997489154,3.0823000006421357,0.1244999994014506,0.0377000005755689,12.409999999363208,0.1189000004160334,0.0,15.796399999999268,15.902600000117673,15.829199999643606,500,500,333.0,1501.5015015015017,,False,8.504000000357337
4102,exp1-completion-paced,66,264,0.2669999994395766,4.287799999474373,26.511999999456748,22.22419999998237,0.0199999994947575,16.561299999921175,500,72,13.12580000012531,16.60760000049777,False,72,0.0183000001925393,0.0280000003840541,0.0155999996422906,3.130099999907543,0.128200000290235,0.0389999995604739,13.12580000012531,0.1223999997819191,0.0,16.561299999921175,16.60760000049777,16.57470000009198,500,500,333.0,1501.5015015015017,,False,9.90439999895898
4103,exp1-completion-paced,66,264,0.2975999996124301,1.2061999996149098,34.10540000004403,32.89920000042912,0.0179999997271806,17.56039999963832,500,73,14.003399999637622,17.603399999643443,False,73,0.0186999996003578,0.0243000004047644,0.0165000001288717,3.2623999995848862,0.1253999998880317,0.0398000001951004,14.003399999637622,0.112700000499899,0.0,17.56039999963832,17.603399999643443,17.56660000046395,500,500,333.0,1501.5015015015017,,False,16.502000000400585
4104,exp1-completion-paced,66,264,0.2729999996518018,1.2474999994083191,41.13969999980327,39.89220000039495,0.0184000000444939,19.078799999988405,500,74,15.60460000018793,19.127600000501843,False,74,0.0176000003193621,0.0312000001940759,0.0181999994310899,3.161600000566977,0.1278999998248764,0.0300000001516309,15.60460000018793,0.1362999992124969,0.0,19.078799999988405,19.127600000501843,19.084799999291132,500,500,333.0,1501.5015015015017,,False,22.012099999301427
4105,exp1-completion-paced,66,264,0.2826999998433166,1.225900000463298,37.60740000052465,36.38150000006135,0.0208999999813386,19.88660000006348,500,75,16.311299999870243,19.925700000385405,False,75,0.0177000001713167,0.0214000001506065,0.0177000001713167,3.266599999733444,0.1271000000997446,0.0365999994755839,16.311299999870243,0.1271000000997446,0.0,19.88660000006348,19.925700000385405,19.89259999936621,500,500,333.0,1501.5015015015017,,False,17.681700000139244
4106,exp1-completion-paced,66,264,0.2682000003915163,0.0461999998151441,36.19370000069466,36.14750000087952,0.0199999994947575,21.5634999995018,500,76,17.995400000472728,21.60370000001421,False,76,0.0190000000657164,0.0212000004466972,0.0176000003193621,3.2816999992064666,0.1289000001634122,0.0276000000667409,17.995400000472728,0.1120999995691818,0.0,21.5634999995018,21.60370000001421,21.56939999986207,500,500,333.0,1501.5015015015017,,False,14.590000000680451
4107,exp1-completion-paced,66,264,0.2812000002450077,1.2391000000206986,49.4594000001598,48.22030000013911,0.0302999997074948,31.96769999976823,500,77,28.420999999980268,32.01259999968897,False,77,0.0208999999813386,0.0239999999394058,0.0183000001925393,3.1520000002274173,0.1324999993812525,0.0288999999611405,28.420999999980268,0.2148000003217021,0.0,31.96769999976823,32.01259999968897,31.9749000000229,500,500,333.0,1501.5015015015017,,False,17.44680000047083
4108,exp1-completion-paced,66,264,0.4399999997986015,2.5887000001603155,40.95580000011978,38.36709999995946,0.0202999999601161,20.24359999995795,500,78,16.629599999760103,20.36709999993036,False,78,0.0848999998197541,0.0386000001526554,0.0186999996003578,3.3060000005207257,0.1256999994438956,0.032400000236521,16.629599999760103,0.1310000006924383,0.0,20.24359999995795,20.36709999993036,20.25080000021262,500,500,333.0,1501.5015015015017,,False,20.58870000018942
4109,exp1-completion-paced,66,264,0.2555000000938889,2.262299999529205,36.68139999990672,34.41910000037751,0.0195000002349843,22.758799999792245,500,79,18.697100000281356,22.80019999943761,False,79,0.0190000000657164,0.0223999995796475,0.017899999875226,3.7544000006164415,0.1273999996556085,0.0264999998762505,18.697100000281356,0.1352999997834558,0.0,22.758799999792245,22.80019999943761,22.76470000015252,500,500,333.0,1501.5015015015017,,False,13.881200000469114
4110,exp1-completion-paced,66,264,0.2512999999453313,0.0486999997519888,59.919600000284845,59.870900000532856,0.021799999558425,38.14229999989038,500,80,32.758600000306615,38.18409999985306,False,80,0.0191999997696257,0.0226000001930515,0.0171000001500942,4.940099999657832,0.1405000002705492,0.0387999998565646,32.758600000306615,0.2469000000928645,0.0,38.14229999989038,38.18409999985306,38.14909999982774,500,500,333.0,1501.5015015015017,,False,21.735500000431784
4111,exp1-completion-paced,66,264,0.4867000006925082,0.0770999995438614,45.47869999987597,45.40160000033211,0.0215999998545157,27.945699999690987,500,81,19.27140000043437,27.99570000024687,False,81,0.0261000004684319,0.0239000000874511,0.0175999994098674,8.232600000155799,0.1401999998051906,0.0287000002572312,19.27140000043437,0.2549000000726664,0.0,27.945699999690987,27.99570000024687,27.952800000093703,500,500,333.0,1501.5015015015017,,False,17.4829999996291
4112,exp1-completion-paced,66,264,0.2810999994835583,0.0847000001158448,55.928400000084366,55.84369999996852,0.0293999992209137,39.19869999936054,500,82,28.04389999982959,39.24849999930302,False,82,0.021799999558425,0.0280000003840541,0.0350000000253203,10.545799999817971,0.2728999997998471,0.1067000002876739,28.04389999982959,0.1941999998962273,0.0,39.19869999936054,39.24849999930302,39.206800000101794,500,500,333.0,1501.5015015015017,,False,16.679900000781345
4113,exp1-completion-paced,66,264,0.2563999996709754,1.2796999999409309,28.12420000009297,26.84450000015204,0.0209999998332932,20.530199999484463,500,83,16.114699999889126,20.576400000209105,False,83,0.0214000001506065,0.0248000005740323,0.0288000001091859,3.9370999993479927,0.1577000002725981,0.0290999996650498,16.114699999889126,0.2624000007926952,0.0,20.530199999484463,20.576400000209105,20.537500000500582,500,500,333.0,1501.5015015015017,,False,7.547799999883864
4114,exp1-completion-paced,66,264,0.4608999997799401,1.0301000002073124,50.63309999968624,49.602999999478925,0.0447999991592951,35.77020000011544,500,84,26.169700000536977,35.839799999848765,False,84,0.0285999994957819,0.0410000002375454,0.0264000000242958,8.981900000435417,0.2674999996088445,0.1149999998233397,26.169700000536977,0.2094000001306994,0.0,35.77020000011544,35.839799999848765,35.78170000037062,500,500,333.0,1501.5015015015017,,False,14.793299999837473
4115,exp1-completion-paced,66,264,0.4614999998011626,1.0412999999971362,35.582399999839254,34.54109999984212,0.0193999994735349,22.25110000017594,500,85,18.06419999957143,22.295300000223502,False,85,0.0202999999601161,0.0239000000874511,0.0187000005098525,3.8773999995100894,0.1315999998041661,0.0321000006806571,18.06419999957143,0.12700000024779,0.0,22.25110000017594,22.295300000223502,22.25819999966916,500,500,333.0,1501.5015015015017,,False,13.287099999615751
4116,exp1-completion-paced,66,264,0.4553999997369828,1.033199999255885,48.11749999953463,47.084300000278745,0.0299000002996763,34.274200000254496,500,86,26.372799999990093,34.40279999995255,False,86,0.0208999999813386,0.1076999997167149,0.0253999996857601,7.345099999838567,0.2792000004774309,0.1212999995914287,26.372799999990093,0.1302000000578118,0.0,34.274200000254496,34.40279999995255,34.284399999705784,500,500,333.0,1501.5015015015017,,False,13.71469999958208
4117,exp1-completion-paced,66,264,0.456300000223564,7.613499999933992,41.43019999992248,33.81669999998849,0.0292000004264991,26.566300000013143,500,87,20.28670000072452,26.616199999807577,False,87,0.0224000004891422,0.0274999993052915,0.0165000001288717,5.844000000251981,0.2328999999008374,0.0364999996236292,20.28670000072452,0.1494999996793922,0.0,26.566300000013143,26.616199999807577,26.56970000043657,500,500,333.0,1501.5015015015017,,False,14.814000000114902
4118,exp1-completion-paced,66,264,0.2694000004339614,1.2302999994062702,31.0894999993252,29.85919999991893,0.0178000000232714,19.836700000269047,500,88,15.15800000015588,19.882699999470788,False,88,0.0200999993467121,0.025899999855028,0.0179000007847207,4.367799999272393,0.1351999999315012,0.0300000001516309,15.15800000015588,0.1276000002690125,0.0,19.836700000269047,19.882699999470788,19.843699999910317,500,500,333.0,1501.5015015015017,,False,11.206799999854411
4119,exp1-completion-paced,66,264,0.4785999999512569,0.0777000004745787,54.84870000054798,54.7710000000734,0.0313999998979852,38.10330000032991,500,89,29.09770000042045,38.36640000008629,False,89,0.0257000001511187,0.2373999996052589,0.0265999997282051,8.344900000338384,0.2623000000312459,0.1120999995691818,29.09770000042045,0.2593999997770879,0.0,38.10330000032991,38.36640000008629,38.11359999963315,500,500,333.0,1501.5015015015017,,False,16.48230000046169
4120,exp1-completion-paced,66,264,0.4723000001831678,1.008499999443302,52.68179999984568,51.67330000040238,0.0193999994735349,33.208799999556504,500,90,25.27019999979529,33.26939999988099,False,90,0.0239000000874511,0.0367000002370332,0.0283999997918726,7.249199999932898,0.2739999999903375,0.1187999996545841,25.27019999979529,0.2679000008356524,0.0,33.208799999556504,33.26939999988099,33.219300000382646,500,500,333.0,1501.5015015015017,,False,19.41239999996469
4121,exp1-completion-paced,66,264,0.2728999997998471,1.248200000190991,35.62300000066898,34.37480000047799,0.0189000002137618,21.804099999826576,500,91,16.530300000340503,22.046999999474792,False,91,0.0175999994098674,0.2253000002383487,0.0239000000874511,4.9566999996386585,0.1382999998895684,0.0282000000879634,16.530300000340503,0.1265000000785221,0.0,21.804099999826576,22.046999999474792,21.82970000012574,500,500,333.0,1501.5015015015017,,False,13.576000001194188
4122,exp1-completion-paced,66,264,0.2926999995906953,1.1593999997785431,41.0954999997557,39.93609999997716,0.0186000006578979,20.16039999944041,500,92,15.70359999914217,20.202599999720405,False,92,0.0186999996003578,0.0235000006796326,0.0170999992405995,4.152000000431144,0.1344000002063694,0.0275000002147862,15.70359999914217,0.1256000005014357,0.0,20.16039999944041,20.202599999720405,20.166600000266044,500,500,333.0,1501.5015015015017,,False,20.892900000035297
4123,exp1-completion-paced,66,264,0.2664999992703087,1.4253999997890787,41.2120999999388,39.78670000014972,0.0539000002390821,21.66339999985212,500,93,16.43510000030801,21.704800000406976,False,93,0.0196999999388935,0.0217000006159651,0.0174999995579128,4.887799999778508,0.1428000005034846,0.0399999998990097,16.43510000030801,0.1400000001012813,0.0,21.66339999985212,21.704800000406976,21.670000000085565,500,500,333.0,1501.5015015015017,,False,19.507299999531824
4124,exp1-completion-paced,66,264,0.2752000000327825,0.052999999752501,45.19170000003214,45.13870000027964,0.0226000001930515,28.954399999747693,500,94,15.992699999515024,29.031999999460822,False,94,0.0208999999813386,0.0566999997317907,0.0177000001713167,12.643000000025497,0.1459999994040117,0.0293000002784538,15.992699999515024,0.125500000649481,0.0,28.954399999747693,29.031999999460822,28.9613000004465,500,500,333.0,1501.5015015015017,,False,16.15970000057132
4125,exp1-completion-paced,66,264,0.2654999998412677,0.0730000001567532,30.497700000523764,30.42470000036701,0.0190000000657164,17.970999999306514,500,95,12.96710000042367,18.05659999990894,False,95,0.0194000003830296,0.0662000002193963,0.0320999997711624,4.675399999541696,0.1437999999325256,0.0305000003208988,12.96710000042367,0.1217999997606966,0.0,17.970999999306514,18.05659999990894,17.99860000028275,500,500,333.0,1501.5015015015017,,False,12.441100000614824
4126,exp1-completion-paced,66,264,0.2665000001798034,1.2597000004461734,43.18760000023758,41.92789999979141,0.0221999998757382,23.46999999917898,500,96,18.31870000023628,23.51109999926848,False,96,0.0188999993042671,0.0222000007852329,0.0267999994321144,4.720599999927799,0.1492999999754829,0.0276999999186955,18.31870000023628,0.2266000001327484,0.0,23.46999999917898,23.51109999926848,23.475799999687297,500,500,333.0,1501.5015015015017,,False,19.6765000009691
4127,exp1-completion-paced,66,264,0.4650000000765431,0.0736000001779757,44.98890000013489,44.91529999995692,0.0221999998757382,31.29379999973025,500,97,23.68559999922581,31.34829999999056,False,97,0.0204999996640253,0.0340000005962792,0.0264999998762505,6.9771999997101375,0.239500000134285,0.1399000002493267,23.68559999922581,0.2248000000690808,0.0,31.29379999973025,31.34829999999056,31.30499999952008,500,500,333.0,1501.5015015015017,,False,13.640600000144332
4128,exp1-completion-paced,66,264,0.2741000007517868,1.051000000188651,45.73820000041451,44.68720000022586,0.0276999999186955,27.23449999939476,500,98,20.352900000034424,27.30539999993198,False,98,0.0318000002152984,0.0391000003219232,0.0329999993482488,6.354400000418536,0.2463999999235966,0.122899999951187,20.352900000034424,0.1247000000148546,0.0,27.23449999939476,27.30539999993198,27.247199999692384,500,500,333.0,1501.5015015015017,,False,18.43280000048253
4129,exp1-completion-paced,66,264,0.4517999996096478,1.0578999999779626,48.64580000048591,47.58790000050794,0.0217000006159651,30.92050000032032,500,99,23.42140000018844,31.132699999943725,False,99,0.0247999996645376,0.1873999999588704,0.0260000006164773,6.917099999554921,0.2437000002828426,0.1066999993781792,23.42140000018844,0.2052999998340965,0.0,30.92050000032032,31.132699999943725,30.93059999991965,500,500,333.0,1501.5015015015017,,False,17.513100000542188
4130,exp1-completion-paced,66,264,0.2909000004365225,1.2077000001227134,47.170000000733125,45.96230000061041,0.0499999996463884,31.094300000404477,500,100,23.486499999307853,31.16240000053949,False,100,0.0270000000455183,0.0411000000895001,0.0286000004052766,6.974899999477202,0.2710000007937196,0.1099999999496503,23.486499999307853,0.222800000301504,0.0,31.094300000404477,31.16240000053949,31.105699999898206,500,500,333.0,1501.5015015015017,,False,16.007600000193637
4131,exp1-completion-paced,66,264,0.2739999999903375,0.0598000005993526,24.521700000150304,24.46189999955095,0.02059999951598,17.885199999909673,500,101,14.056900000468886,17.962699999770848,False,101,0.0215999998545157,0.0559000000066589,0.0176000003193621,3.4593000000313623,0.127999999676831,0.0296999996862723,14.056900000468886,0.1934000001710956,0.0,17.885199999909673,17.962699999770848,17.89160000043921,500,500,333.0,1501.5015015015017,,False,6.559000000379456
4132,exp1-completion-paced,66,264,0.267100000201026,7.26570000006177,38.336599999638565,31.070899999576795,0.0199999994947575,28.970399999707297,500,102,22.69479999995383,29.020999999374908,False,102,0.0221000000237836,0.0284999996438273,0.022000000171829,5.686499999683292,0.250199999754841,0.1129000002038083,22.69479999995383,0.2037000003838329,0.0,28.970399999707297,29.020999999374908,28.97930000017368,500,500,333.0,1501.5015015015017,,False,9.315600000263657
4133,exp1-completion-paced,66,264,0.2822000005835434,0.0524000006407732,37.13020000031975,37.07779999967897,0.0278999996226048,28.069699999832665,500,103,23.437000000740227,28.11329999985901,False,103,0.0196000000869389,0.0239999999394058,0.0183000001925393,4.053999999996449,0.2401000001555076,0.122699999337783,23.437000000740227,0.1973999997062492,0.0,28.069699999832665,28.11329999985901,28.07699999993929,500,500,333.0,1501.5015015015017,,False,9.016900000460744
4134,exp1-completion-paced,66,264,0.4472999999052263,2.5493000002825283,30.34509999997681,27.79579999969428,0.0203999998120707,20.549599999867496,500,104,13.9166999997542,20.602700000381446,False,104,0.0213000002986518,0.0318000002152984,0.0188999993042671,6.189700000504672,0.2430999993521254,0.0492000008307513,13.9166999997542,0.1317999995080754,0.0,20.549599999867496,20.602700000381446,20.556499999656808,500,500,333.0,1501.5015015015017,,False,9.742399999595364
4135,exp1-completion-paced,66,264,0.2875000000130967,0.0565999998798361,34.100199999556935,34.0435999996771,0.0307000000248081,21.63930000006076,500,105,14.911100000063016,21.68600000004517,False,105,0.0202999999601161,0.0264000000242958,0.060700000176439,6.197300000167161,0.23830000009184,0.1089999996111146,14.911100000063016,0.1228000000992324,0.0,21.63930000006076,21.68600000004517,21.642400000018824,500,500,333.0,1501.5015015015017,,False,12.414199999511766
4136,exp1-completion-paced,66,264,0.4437000006873859,0.1026999998430255,31.91640000022744,31.81370000038441,0.023200000214274,19.574699999793665,500,106,15.977400000338092,19.627699999546167,False,106,0.02059999951598,0.032400000236521,0.0261000004684319,3.141000000141503,0.1304999996136757,0.0307000000248081,15.977400000338092,0.2686999996512895,0.0,19.574699999793665,19.627699999546167,19.581599999582977,500,500,333.0,1501.5015015015017,,False,12.288700000681274
4137,exp1-completion-paced,66,264,0.2872000004572328,2.311500000359956,33.703000000059546,31.39149999969959,0.0340000005962792,16.32210000025225,500,107,12.39609999993263,16.376700000364508,False,107,0.0204000007215654,0.0341999993906938,0.019300000531075,3.623899999183777,0.1303000008192611,0.0284999996438273,12.39609999993263,0.1238000004377681,0.0,16.32210000025225,16.376700000364508,16.331600000739854,500,500,333.0,1501.5015015015017,,False,17.32629999969504
4138,exp1-completion-paced,66,264,0.4431999996086233,1.1150999998790212,35.00160000021424,33.88650000033522,0.0212999993891571,15.309999999772115,500,108,11.848600000121223,15.351999999438704,False,108,0.0201000002562068,0.0218999994103796,0.0186000006578979,3.1540999998469488,0.1269999993382953,0.0306000001728534,11.848600000121223,0.130899999930989,0.0,15.309999999772115,15.351999999438704,15.316799999709474,500,500,333.0,1501.5015015015017,,False,19.649600000775536
4139,exp1-completion-paced,66,264,0.4508000001806067,1.0431999999127584,30.914700000721496,29.871500000808737,0.0276000000667409,15.08449999982986,500,109,11.60769999933109,15.136099999836006,False,109,0.0218999994103796,0.029700000595767,0.0191999997696257,3.1703000004199566,0.1298999995924532,0.032400000236521,11.60769999933109,0.1248000007763039,0.0,15.08449999982986,15.136099999836006,15.092300000105752,500,500,333.0,1501.5015015015017,,False,15.77860000088549
4140,exp1-completion-paced,66,264,0.2561000001151114,2.274599999509519,39.24579999966227,36.97120000015275,0.0209999998332932,19.319699999869044,500,110,15.85629999954108,19.362300000466348,False,110,0.0197999997908482,0.0228000008064555,0.0180999995791353,3.1563000002279296,0.126799999634386,0.0299000002996763,15.85629999954108,0.132099999973434,0.0,19.319699999869044,19.362300000466348,19.32659999965836,500,500,333.0,1501.5015015015017,,False,19.88349999919592
4141,exp1-completion-paced,66,264,0.2867999992304249,1.212600000144448,36.6690999999264,35.456499999781954,0.0202999999601161,25.09489999920333,500,111,21.07589999923221,25.140299999293347,False,111,0.0194999993254896,0.0259000007645227,0.0174999995579128,3.523200000017823,0.2340999999432824,0.1090000005206093,21.07589999923221,0.1350000002275919,0.0,25.09489999920333,25.140299999293347,25.102099999458005,500,500,333.0,1501.5015015015017,,False,11.528800000633055
4142,exp1-completion-paced,66,264,0.2725000003920286,1.1155000001963344,33.97270000004937,32.85719999985304,0.0287000002572312,14.955300000110585,500,112,11.514900000292982,15.003100000285484,False,112,0.0207000002774293,0.027099999897473,0.0184999998964485,3.141900000628084,0.1271999999516992,0.0285999994957819,11.514900000292982,0.124099999993632,0.0,14.955300000110585,15.003100000285484,14.963100000386476,500,500,333.0,1501.5015015015017,,False,18.969599999763886
4143,exp1-completion-paced,66,264,0.2638000005390495,0.0499999996463884,27.089000000160013,27.039000000513624,0.0233999999181833,15.04819999991014,500,113,11.569000000235974,15.100900000106776,False,113,0.0208000001293839,0.0319000000672531,0.0188000003618071,3.1797999999980675,0.1298999995924532,0.0264000000242958,11.569000000235974,0.1241999998455867,0.0,15.04819999991014,15.100900000106776,15.055300000312856,500,500,333.0,1501.5015015015017,,False,11.988100000053237
4144,exp1-completion-paced,66,264,0.2798000004986534,1.3201000001572538,34.19450000001234,32.874399999855086,0.0296999996862723,28.437299999495732,500,114,23.012699999526376,28.492499999629217,False,114,0.022000000171829,0.0331999999616527,0.0186999996003578,4.811800000425137,0.2408999998806393,0.1142000000982079,23.012699999526376,0.2387000004091533,0.0,28.437299999495732,28.492499999629217,28.445100000681123,500,500,333.0,1501.5015015015017,,False,5.702000000383123
4145,exp1-completion-paced,66,264,0.462800000605057,0.0722000004316214,40.69180000078632,40.61960000035469,0.0319000000672531,28.510300000561983,500,115,21.794600000248465,28.55730000010226,False,115,0.0210999996852478,0.025899999855028,0.0176000003193621,6.213999999999942,0.2447999995638383,0.1121000004786765,21.794600000248465,0.1270999991902499,0.0,28.510300000561983,28.55730000010226,28.516599999420578,500,500,333.0,1501.5015015015017,,False,12.134500000684064
4146,exp1-completion-paced,66,264,0.2768000003925408,0.711599999704049,33.11420000045473,32.40260000075068,0.0202999999601161,15.351400000326976,500,116,11.754099999961907,15.404599999783386,False,116,0.0233999999181833,0.0297999995382269,0.0289999998130952,3.290000000561122,0.138399999741523,0.029700000595767,11.754099999961907,0.1099999999496503,0.0,15.351400000326976,15.404599999783386,15.359400000306778,500,500,333.0,1501.5015015015017,,False,17.709600000671344
4147,exp1-completion-paced,66,264,0.4601000000548083,1.0082999997393929,41.99419999986276,40.985900000123365,0.033600000278966,29.883000000154425,500,117,22.94030000030034,29.95470000041678,False,117,0.028299999939918,0.0434000003224355,0.027099999897473,6.342599999697995,0.248700000156532,0.1186999998026294,22.94030000030034,0.2052999998340965,0.0,29.883000000154425,29.95470000041678,29.895200000282784,500,500,333.0,1501.5015015015017,,False,12.03949999944598
4148,exp1-completion-paced,66,264,0.4554999995889375,1.0668000004443456,43.10220000024856,42.03539999980421,0.0214000001506065,23.757399999340123,500,118,16.62209999994957,23.80379999976867,False,118,0.0196999999388935,0.0267000004896544,0.0184000000444939,6.63170000007085,0.2386999994996586,0.1084000004993868,16.62209999994957,0.1378999995722551,0.0,23.757399999340123,23.80379999976867,23.76449999974284,500,500,333.0,1501.5015015015017,,False,19.298400000479887
4149,exp1-completion-paced,66,264,0.2781000002869405,2.2275000001172884,31.058999999913794,28.831499999796502,0.0342000003001885,21.14259999962087,500,119,17.50979999997071,21.18460000019695,False,119,0.0183000001925393,0.0237000003835419,0.0167999996847356,3.330100000312086,0.1277000001209671,0.0308999997287173,17.50979999997071,0.12700000024779,0.0,21.14259999962087,21.18460000019695,21.14830000027723,500,500,333.0,1501.5015015015017,,False,9.874399999716843
4150,exp1-completion-paced,66,264,0.4591000006257673,0.0768999998399522,38.802099999884376,38.72520000004442,0.0214000001506065,28.312699999332835,500,120,21.379800000431715,28.36440000010043,False,120,0.0243000004047644,0.0274000003628316,0.0186999996003578,6.433200000174111,0.2391999996689264,0.1094999997803825,21.379800000431715,0.132099999973434,0.0,28.312699999332835,28.36440000010043,28.32029999990482,500,500,333.0,1501.5015015015017,,False,10.437699999783945
4151,exp1-completion-paced,66,264,0.2828999995472259,1.2221000006320537,38.18290000072011,36.96080000008806,0.0269000001935637,30.777500000112923,500,121,23.449799999980318,30.846599999676982,False,121,0.0194000003830296,0.0496999991810298,0.0262000003203866,6.681400000161375,0.248499999543128,0.1170000005004112,23.449799999980318,0.2543000000514439,0.0,30.777500000112923,30.846599999676982,30.78700000060053,500,500,333.0,1501.5015015015017,,False,7.336300001043128
4152,exp1-completion-paced,66,264,0.4515000000537839,0.0847000001158448,34.589700000651646,34.5050000005358,0.0187999994523124,16.453700000056415,500,122,12.88639999984298,16.500300000188872,False,122,0.0177000001713167,0.0288999999611405,0.0171000001500942,3.2306999992215424,0.1306000003751251,0.0274000003628316,12.88639999984298,0.1612999994904385,0.0,16.453700000056415,16.500300000188872,16.46009999967646,500,500,333.0,1501.5015015015017,,False,18.089400000462774
4153,exp1-completion-paced,66,264,0.4619000001184759,2.432100000078208,33.848500000203785,31.416400000125577,0.0198000007003429,16.55510000000504,500,123,13.033899999754794,16.623699999399832,False,123,0.0204999996640253,0.0480999997307662,0.0182000003405846,3.2215999999607448,0.1236999996763188,0.0271000008069677,13.033899999754794,0.1303999997617211,0.0,16.55510000000504,16.623699999399832,16.562099999646307,500,500,333.0,1501.5015015015017,,False,17.224800000803953
4154,exp1-completion-paced,66,264,0.2706999994188663,2.709399999730522,49.806099999841535,47.09670000011101,0.0307999998767627,29.932600000392995,500,124,25.21940000042377,29.98210000077961,False,124,0.0217000006159651,0.0277999997706501,0.0300000001516309,4.094699999768636,0.2382000002398854,0.1121999994211364,25.21940000042377,0.2377999999225721,0.0,29.932600000392995,29.98210000077961,29.94089999992866,500,500,333.0,1501.5015015015017,,False,19.823999999061925
4155,exp1-completion-paced,66,264,0.4442999997991137,2.613800000290212,31.856300000072224,29.24249999978201,0.0204999996640253,23.041200000079694,500,125,18.039800000224204,23.14550000028248,False,125,0.0217000006159651,0.0825999995868187,0.0325999999404302,4.652399999940826,0.1561999997647944,0.0301000000035855,18.039800000224204,0.1299000005019479,0.0,23.041200000079694,23.14550000028248,23.082200000317243,500,500,333.0,1501.5015015015017,,False,8.710799999789746
4156,exp1-completion-paced,66,264,0.3378999999767984,0.0498999997944338,35.13539999948989,35.08549999969546,0.0764999995226389,19.79380000011588,500,126,15.971699999681732,19.836600000417093,False,126,0.01810000048863,0.0246999998125829,0.0177000001713167,3.3939999993890524,0.1349000003756373,0.0281000002360087,15.971699999681732,0.2471999996487284,0.0,19.79380000011588,19.836600000417093,19.80069999990519,500,500,333.0,1501.5015015015017,,False,15.298799999072799
4157,exp1-completion-paced,66,264,0.2583000004960922,1.3025999996898463,42.41600000023027,41.11340000054042,0.0337999999828753,26.39329999965412,500,127,22.21249999911379,26.434499999595573,False,127,0.0186999996003578,0.0225000003410968,0.0172999998540035,3.4227999994982383,0.3587000001061824,0.1119000007747672,22.21249999911379,0.2698000007512746,0.0,26.39329999965412,26.434499999595573,26.39989999988757,500,500,333.0,1501.5015015015017,,False,15.981500000634696
4158,exp1-completion-paced,66,264,0.2748999995674239,1.2332999995123828,46.42090000015742,45.18760000064504,0.0207000002774293,36.9167999997444,500,128,28.876000000309432,36.96880000006786,False,128,0.019099999917671,0.0329000004057888,0.0265999997282051,7.386299999780022,0.2545000006648479,0.1157999995484715,28.876000000309432,0.2571999993961071,0.0,36.9167999997444,36.96880000006786,36.92719999980909,500,500,333.0,1501.5015015015017,,False,9.452100000089558
4159,exp1-completion-paced,66,264,0.2709000000322703,1.211699999657867,34.14669999983744,32.93500000017957,0.0179000007847207,18.366600000263134,500,129,14.62089999949967,18.41500000045926,False,129,0.0227999998969608,0.025600000299164,0.0178000000232714,3.432999999859021,0.12940000033268,0.0287000002572312,14.62089999949967,0.1366000005873502,0.0,18.366600000263134,18.41500000045926,18.37370000066585,500,500,333.0,1501.5015015015017,,False,15.73169999937818
4160,exp1-completion-paced,66,264,0.469100000373146,0.080300000263378,46.13969999991241,46.05939999964903,0.0218000004679197,27.159699999174336,500,130,20.19399999971938,27.269199999864213,False,130,0.022000000171829,0.0875000005180481,0.0265999997282051,6.3435000001845765,0.2506000000721542,0.1095999996323371,20.19399999971938,0.2352000001337728,0.0,27.159699999174336,27.269199999864213,27.16969999983121,500,500,333.0,1501.5015015015017,,False,18.870500000048196
4161,exp1-completion-paced,66,264,0.4545000001598964,2.502199999980803,51.029200000812125,48.52700000083132,0.030900000638212,27.08329999950365,500,131,22.846699999718112,27.1309999998266,False,131,0.0216999997064704,0.0260000006164773,0.019099999917671,3.8555000000997097,0.1336999994236976,0.0305000003208988,22.846699999718112,0.1977000001716078,0.0,27.08329999950365,27.1309999998266,27.09059999961028,500,500,333.0,1501.5015015015017,,False,23.898200000985526
4162,exp1-completion-paced,66,264,0.261799999861978,0.0758999995014164,35.60819999984233,35.53230000034091,0.0213000002986518,27.87250000073982,500,132,14.020499999787717,27.918700000554963,False,132,0.0212000004466972,0.0249999993684468,0.0182000003405846,13.532699999814213,0.1473000002079061,0.0301999998555402,14.020499999787717,0.1234000001204549,0.0,27.87250000073982,27.918700000554963,27.880099999492813,500,500,333.0,1501.5015015015017,,False,7.689499999287364
4163,exp1-completion-paced,66,264,0.2688000004127389,2.1958000006634397,32.50269999989541,30.306899999231973,0.0202000001081614,20.80599999953847,500,133,14.783800000259362,20.846399999754794,False,133,0.0174999995579128,0.0229000006584101,0.0167999996847356,5.71120000040537,0.1357999999527237,0.0277999997706501,14.783800000259362,0.1303999997617211,0.0,20.80599999953847,20.846399999754794,20.811700000194836,500,500,333.0,1501.5015015015017,,False,11.656300000140618
4164,exp1-completion-paced,66,264,0.4628999995475169,2.545500000451284,36.65100000034727,34.10549999989598,0.0184999998964485,21.490300000550636,500,134,15.244000000166125,21.540200000345067,False,134,0.0198999996428028,0.0300000001516309,0.0172999998540035,5.926900000304158,0.1419999998688581,0.0278999996226048,15.244000000166125,0.1319000002695247,0.0,21.490300000550636,21.540200000345067,21.497599999747763,500,500,333.0,1501.5015015015017,,False,15.1108000000022
4165,exp1-completion-paced,66,264,0.2715999999054475,1.2079999996785773,37.165400000048976,35.9574000003704,0.0196000000869389,19.66160000029049,500,135,15.17749999948137,19.70770000025368,False,135,0.0213000002986518,0.0247999996645376,0.0171000001500942,4.160399999818765,0.1364999998259009,0.0303000006169895,15.17749999948137,0.1397000005454174,0.0,19.66160000029049,19.70770000025368,19.66799999991053,500,500,333.0,1501.5015015015017,,False,17.457699999795295
4166,exp1-completion-paced,66,264,0.2691999998205574,1.7023999998855288,35.589099999924656,33.88670000003913,0.01810000048863,23.081299999830662,500,136,15.250899999955436,23.32929999920452,False,136,0.0283999997918726,0.2195999995819875,0.025600000299164,7.33589999981632,0.2358000001549953,0.1067000002876739,15.250899999955436,0.1262999994651181,0.0,23.081299999830662,23.32929999920452,23.091899999599264,500,500,333.0,1501.5015015015017,,False,12.259800000720137
4167,exp1-completion-paced,66,264,0.4460999998627812,1.0349000003770925,39.53540000020439,38.5004999998273,0.0203999998120707,23.80059999995865,500,137,17.704500000036205,23.88969999992696,False,137,0.0362999999197199,0.0528000000485917,0.0202000001081614,5.588600000010047,0.2444000001560198,0.11369999992894,17.704500000036205,0.1290000000153668,0.0,23.80059999995865,23.88969999992696,23.82910000051197,500,500,333.0,1501.5015015015017,,False,15.64570000027743
4168,exp1-completion-paced,66,264,0.2612999996927101,2.7193000005354406,32.52950000023702,29.81019999970158,0.0183000001925393,18.69079999960377,500,138,14.544299999215582,18.76670000001468,False,138,0.0527000001966371,0.023200000214274,0.0180999995791353,3.8340000000971486,0.1351999999315012,0.0279000005320995,14.544299999215582,0.1312000003963476,0.0,18.69079999960377,18.76670000001468,18.6983000003238,500,500,333.0,1501.5015015015017,,False,13.762800000222342
4169,exp1-completion-paced,66,264,0.2636999997776001,0.051500000154192,57.97739999979967,57.92589999964548,0.0303999995594494,32.29920000012498,500,139,27.716999999938707,32.361999999920954,False,139,0.0358999996024067,0.0269000001935637,0.019099999917671,4.144700000324519,0.1352999997834558,0.0288000001091859,27.716999999938707,0.25400000049558,0.0,32.29920000012498,32.361999999920954,32.30650000023161,500,500,333.0,1501.5015015015017,,False,25.61539999987872
4170,exp1-completion-paced,66,264,0.2867000002879649,0.1087999999072053,40.74519999994664,40.63640000003943,0.0239000000874511,30.897499999809952,500,140,22.75599999939004,31.014000000141092,False,140,0.0196999999388935,0.0968000003922497,0.0254999995377147,7.438200000251527,0.2998999998453655,0.1199000007545691,22.75599999939004,0.2577000004748697,0.0,30.897499999809952,31.014000000141092,30.90680000059365,500,500,333.0,1501.5015015015017,,False,9.73119999980555
4171,exp1-completion-paced,66,264,0.2633000003697816,0.0499000007039285,41.29740000007587,41.24749999937194,0.0227000000450061,20.513899999969,500,141,14.756499999748485,20.60259999962,False,141,0.0266999995801597,0.0620000000708387,0.0495000003866152,5.21870000011404,0.2540999994380399,0.1105000001189182,14.756499999748485,0.1244000004589906,0.0,20.513899999969,20.60259999962,20.53169999999227,500,500,333.0,1501.5015015015017,,False,20.694800000455867
4172,exp1-completion-paced,66,264,0.4631999991033808,0.5171000002519577,55.63400000028196,55.11690000003,0.0223000006371876,36.70049999982439,500,142,28.407400000105557,36.86590000052093,False,142,0.0317000003633438,0.1337000003331923,0.055399999837391,7.608299999446899,0.2432999999655294,0.1191999999718973,28.407400000105557,0.2665000001798034,0.0,36.70049999982439,36.86590000052093,36.72009999991133,500,500,333.0,1501.5015015015017,,False,18.768099999761027
4173,exp1-completion-paced,66,264,0.273600000582519,0.0678000005791545,55.124500000601984,55.05670000002283,0.0230000005103647,34.88409999954456,500,143,26.542499999777647,35.11319999961415,False,143,0.0331999999616527,0.1959000001079403,0.0259999997069826,7.701800000177172,0.2426000000923522,0.1117000001613632,26.542499999777647,0.2592000000731786,0.0,34.88409999954456,35.11319999961415,34.89450000051875,500,500,333.0,1501.5015015015017,,False,20.01130000098783
4174,exp1-completion-paced,66,264,0.4706000008809496,0.9427999993931736,33.81730000000971,32.874500000616536,0.0297999995382269,19.68239999951038,500,144,14.9556999995184,19.725499999367457,False,144,0.0191999997696257,0.0239000000874511,0.0181999994310899,4.409000000123342,0.1377999997203005,0.027300000510877,14.9556999995184,0.1342000005024601,0.0,19.68239999951038,19.725499999367457,19.689499999913096,500,500,333.0,1501.5015015015017,,False,14.091800000642252
4175,exp1-completion-paced,66,264,0.2561999999670661,1.211699999657867,35.11949999938224,33.907799999724375,0.0327000007018796,21.624599999995556,500,145,17.227300000740797,21.680999999261985,False,145,0.021799999558425,0.034599999708007,0.0199000005522975,3.9634999993722886,0.1394000000800588,0.0344999998560524,17.227300000740797,0.2395999999862397,0.0,21.624599999995556,21.680999999261985,21.633100000144623,500,500,333.0,1501.5015015015017,,False,13.438500000120257
4176,exp1-completion-paced,66,264,0.2660000000105356,1.227400000061607,28.593500000170025,27.366100000108418,0.0187999994523124,19.97970000047644,500,146,15.471400000024005,20.021799999994982,False,146,0.0187999994523124,0.0233000000662286,0.0175000004674075,4.201299999294861,0.133300000015879,0.0272000006589223,15.471400000024005,0.1287999994019628,0.0,19.97970000047644,20.021799999994982,19.98589999948308,500,500,333.0,1501.5015015015017,,False,8.571700000175042
4177,exp1-completion-paced,66,264,0.270700000328361,0.0526999992871424,39.1550999993342,39.102400000047055,0.0798999999460647,24.95600000020204,500,147,16.14880000033736,25.012200000674056,False,147,0.0202000001081614,0.036000000363856,0.0184999998964485,8.274900000287744,0.2769000002444954,0.1135999991674907,16.14880000033736,0.1230999996550963,0.0,24.95600000020204,25.012200000674056,24.963399999251124,500,500,333.0,1501.5015015015017,,False,14.142899998660141
4178,exp1-completion-paced,66,264,0.2676000003702938,1.3690000005226466,38.06799999983923,36.69899999931658,0.0225000003410968,28.055400000084774,500,148,19.4523999998637,28.14949999992677,False,148,0.028099999326514,0.066000000515487,0.0235999996220925,8.040100000471284,0.2774999993562232,0.1348000005236826,19.4523999998637,0.126799999634386,0.0,28.055400000084774,28.14949999992677,28.06259999942995,500,500,333.0,1501.5015015015017,,False,9.91849999991246
4179,exp1-completion-paced,66,264,0.2706000004764064,1.1015000000043074,36.60760000002483,35.506100000020524,0.0308999997287173,26.1529999997947,500,149,21.468699999786622,26.20190000016009,False,149,0.0213000002986518,0.0276000000667409,0.0178000000232714,4.211599999507598,0.1701999999568215,0.032400000236521,21.468699999786622,0.2521000005799578,0.0,26.1529999997947,26.20190000016009,26.160100000197417,500,500,333.0,1501.5015015015017,,False,10.40569999986474
4180,exp1-completion-paced,66,264,0.4626999998436076,0.0712000000930856,53.26549999972485,53.19429999963177,0.0197999997908482,38.9193000000887,500,150,29.82570000040141,38.98930000013934,False,150,0.0299000002996763,0.0400999997509643,0.0363999997716746,8.389999999963038,0.3172000006088638,0.1187999996545841,29.82570000040141,0.2309000001332606,0.0,38.9193000000887,38.98930000013934,38.929400000597525,500,500,333.0,1501.5015015015017,,False,14.276199999585515
4181,exp1-completion-paced,66,264,0.2886000002035871,1.1215999993510195,50.5327999999281,49.41120000057708,0.0275000002147862,39.853600000242295,500,151,31.243399999766552,39.93669999999838,False,151,0.0373000002582557,0.0457999994978308,0.0261000004684319,7.954599999720813,0.2932999996119179,0.1119000007747672,31.243399999766552,0.2239999994344543,0.0,39.853600000242295,39.93669999999838,39.86209999948187,500,500,333.0,1501.5015015015017,,False,10.59609999992972
4182,exp1-completion-paced,66,264,0.4485999997996259,0.980400000116788,34.32940000038798,33.34900000027119,0.0178000000232714,22.812500000327415,500,152,18.271100000674775,22.860400000354275,False,152,0.0206000004254747,0.0272999996013822,0.0182000003405846,4.237000000102853,0.1379999994242098,0.0319000000672531,18.271100000674775,0.1161000000138301,0.0,22.812500000327415,22.860400000354275,22.81970000058209,500,500,333.0,1501.5015015015017,,False,11.469000000033702
4183,exp1-completion-paced,66,264,0.275800000054005,0.047900000026857,37.669999999707215,37.62209999968036,0.01810000048863,21.59239999946294,500,153,17.210099999829254,21.635500000229516,False,153,0.0184000000444939,0.0247000007220776,0.0179999997271806,4.089299999577634,0.1312000003963476,0.0275000002147862,17.210099999829254,0.1161000000138301,0.0,21.59239999946294,21.635500000229516,21.599400000013706,500,500,333.0,1501.5015015015017,,False,16.0344999994777
4184,exp1-completion-paced,66,264,0.2757000002020504,1.3005000000703149,58.89180000031047,57.59130000024015,0.0323000003845663,38.7972999997146,500,154,30.044399999496815,38.86329999932059,False,154,0.0276999999186955,0.0382999996872968,0.0275000002147862,8.241999999881955,0.2598999999463558,0.1103000004150089,30.044399999496815,0.1130000000557629,0.0,38.7972999997146,38.86329999932059,38.807299999461975,500,500,333.0,1501.5015015015017,,False,20.02850000098988
4185,exp1-completion-paced,66,264,0.4935000006298651,2.412499999991269,52.38589999953547,49.9733999995442,0.0289999998130952,35.35439999996015,500,155,28.988500000195927,35.4152999998405,False,155,0.0289999998130952,0.0319000000672531,0.0260000006164773,5.933099999310798,0.1489000005676644,0.030999999580672,28.988500000195927,0.2266000001327484,0.0,35.35439999996015,35.4152999998405,35.36369999983435,500,500,333.0,1501.5015015015017,,False,16.97059999969497
4186,exp1-completion-paced,66,264,0.4745000005641486,0.43790000017907,62.53019999985554,62.09229999967647,0.0216999997064704,43.08390000005602,500,156,33.22859999934735,43.15570000017033,False,156,0.030900000638212,0.0408999994760961,0.0266000006376998,9.178599999358994,0.2613000006022048,0.1191999999718973,33.22859999934735,0.2692000007300521,0.0,43.08390000005602,43.15570000017033,43.09160000047996,500,500,333.0,1501.5015015015017,,False,19.374499999685213
4187,exp1-completion-paced,66,264,0.2723999996305792,0.1563000005262438,32.03240000038932,31.876099999863072,0.0187000005098525,21.889599999667556,500,157,17.092999999476888,21.934000000328524,False,157,0.0183000001925393,0.0261000004684319,0.0188999993042671,4.489599999942584,0.1384000006510177,0.0288999999611405,17.092999999476888,0.1206000006277463,0.0,21.889599999667556,21.934000000328524,21.89650000036636,500,500,333.0,1501.5015015015017,,False,10.0984000000608
4188,exp1-completion-paced,66,264,0.2967000000353437,0.7163999998738291,42.587400000229536,41.87100000035571,0.0223000006371876,24.432399999568588,500,158,19.59569999962696,24.478499999531778,False,158,0.0173999997059581,0.0287000002572312,0.017699999261822,4.474000000300293,0.1843999998527579,0.0355000001945882,19.59569999962696,0.1247000000148546,0.0,24.432399999568588,24.478499999531778,24.4392999993579,500,500,333.0,1501.5015015015017,,False,18.10890000069776
4189,exp1-completion-paced,66,264,0.2840999995896709,1.208099999530532,45.60059999948862,44.39249999995809,0.0280000003840541,24.141599999893515,500,159,19.045600000026752,24.18649999981426,False,159,0.0200999993467121,0.0248000005740323,0.0234999997701379,4.775100000188104,0.1421999995727674,0.0337000001309206,19.045600000026752,0.1214000003528781,0.0,24.141599999893515,24.18649999981426,24.14850000059232,500,500,333.0,1501.5015015015017,,False,21.414099999674363
4190,exp1-completion-paced,66,264,0.2830000003086752,2.6557999999567983,38.642600000457605,35.98680000050081,0.0184000000444939,23.49579999918205,500,160,17.28259999981674,23.556099999950675,False,160,0.0294000001304084,0.030900000638212,0.0275999991572462,5.869900000107009,0.1546000003145309,0.0313999998979852,17.28259999981674,0.1295000001846347,0.0,23.49579999918205,23.556099999950675,23.507099999733327,500,500,333.0,1501.5015015015017,,False,15.08650000050693
4191,exp1-completion-paced,66,264,0.4627999996955623,1.045900000463007,57.82240000007732,56.77649999961432,0.0191999997696257,43.73510000004899,500,161,34.519900000304915,43.88490000019374,False,161,0.0227999998969608,0.12700000024779,0.0260999995589372,8.56370000019524,0.268300000243471,0.1126999995904043,34.519900000304915,0.2440999996906612,0.0,43.73510000004899,43.88490000019374,43.74519999964832,500,500,333.0,1501.5015015015017,,False,13.937499999883585
4192,exp1-completion-paced,66,264,0.2714000002015382,2.7588000002651825,29.555600000094277,26.79679999982909,0.0302999997074948,21.515399999771034,500,162,15.972499999406864,21.57179999994696,False,162,0.023200000214274,0.0331999999616527,0.023200000214274,5.218000000240863,0.1428999994459445,0.0291000005745445,15.972499999406864,0.1295000001846347,0.0,21.515399999771034,21.57179999994696,21.52289999958157,500,500,333.0,1501.5015015015017,,False,7.9838000001473155
4193,exp1-completion-paced,66,264,0.2612999996927101,1.2568000001920154,43.19880000002741,41.94199999983539,0.0182000003405846,25.184900000567723,500,163,19.840599999952246,25.226800000382354,False,163,0.0185999997484032,0.0233000000662286,0.023200000214274,4.613500000232307,0.4692000002251006,0.1107999996747821,19.840599999952246,0.1273999996556085,0.0,25.184900000567723,25.226800000382354,25.18770000006043,500,500,333.0,1501.5015015015017,,False,17.971999999645057
4194,exp1-completion-paced,66,264,0.2581999997346429,0.0454999999419669,51.71289999998408,51.66740000004211,0.0211999995372025,26.1886999996932,500,164,20.13499999975465,26.23589999984688,False,164,0.0196999999388935,0.0275000002147862,0.0180999995791353,5.739100000027975,0.1447000004191068,0.0289999998130952,20.13499999975465,0.1226000003953231,0.0,26.1886999996932,26.23589999984688,26.195800000095915,500,500,333.0,1501.5015015015017,,False,25.477000000137203
4195,exp1-completion-paced,66,264,0.259100000221224,0.0487999996039434,40.21759999977803,40.16880000017409,0.0197999997908482,22.52869999938412,500,165,17.764300000635558,22.60299999943527,False,165,0.0190000000657164,0.0552999999854364,0.0290999996650498,4.422099999828788,0.1596000001882203,0.0301999998555402,17.764300000635558,0.1231999995070509,0.0,22.52869999938412,22.60299999943527,22.55909999985306,500,500,333.0,1501.5015015015017,,False,17.61460000034276
4196,exp1-completion-paced,66,264,0.4571999998006504,1.0854000001927488,52.58910000065953,51.50370000046678,0.0189000002137618,34.797200000866724,500,166,25.45140000074753,34.88220000053843,False,166,0.019099999917671,0.0658999997540377,0.0249000004259869,8.818199999950593,0.2606999996714876,0.1118000000133179,25.45140000074753,0.1299999994444078,0.0,34.797200000866724,34.88220000053843,34.817699999621254,500,500,333.0,1501.5015015015017,,False,17.706900000121095
4197,exp1-completion-paced,66,264,0.2725999993344885,1.194700000269222,43.8162000000375,42.62149999976828,0.0183000001925393,30.124500000056287,500,167,25.365199999214383,30.16939999997703,False,167,0.0209999998332932,0.0239000000874511,0.0186999996003578,4.439600000296196,0.139800000397372,0.0282000000879634,25.365199999214383,0.1328000007561058,0.0,30.124500000056287,30.16939999997703,30.131600000459,500,500,333.0,1501.5015015015017,,False,13.646800000060466
4198,exp1-completion-paced,66,264,0.2610000001368462,1.251100000445149,37.161100000048464,35.909999999603315,0.0175000004674075,26.08669999972335,500,168,20.65880000009201,26.14689999973052,False,168,0.0227999998969608,0.0374000001102103,0.0180999995791353,5.118600000059814,0.1394000000800588,0.0296999996862723,20.65880000009201,0.1218000006701913,0.0,26.08669999972335,26.14689999973052,26.09420000044338,500,500,333.0,1501.5015015015017,,False,11.014200000317945
4199,exp1-completion-paced,66,264,0.2586000000519561,0.0671999996484373,42.28869999951712,42.22149999986868,0.0227000000450061,30.322900000101072,500,169,21.59860000028857,30.3687000005084,False,169,0.0204000007215654,0.0253999996857601,0.0186999996003578,8.37020000017219,0.1484000003983965,0.0577999999222811,21.59860000028857,0.1290999998673214,0.0,30.322900000101072,30.3687000005084,30.330100000355745,500,500,333.0,1501.5015015015017,,False,11.91999999900872
4200,exp1-completion-paced,66,264,0.2843000002030749,2.739300000030198,41.14079999999376,38.40149999996356,0.016699999832781,26.46210000057181,500,170,21.45120000022871,26.50750000066182,False,170,0.0198000007003429,0.0255999993896693,0.0412999997934093,4.670500000429456,0.1436000002286164,0.0290999996650498,21.45120000022871,0.1262999994651181,0.0,26.46210000057181,26.50750000066182,26.469599999472848,500,500,333.0,1501.5015015015017,,False,14.633299999331939
4201,exp1-completion-paced,66,264,0.2696999999898253,3.728700000465324,42.225900000630645,38.49720000016532,0.0303999995594494,23.97060000021156,500,171,18.75229999950534,24.01540000028035,False,171,0.0202000001081614,0.0245999999606283,0.0175999994098674,4.903300000478339,0.1412000001437263,0.0313000000460306,18.75229999950534,0.1247000000148546,0.0,23.97060000021156,24.01540000028035,23.977500000000877,500,500,333.0,1501.5015015015017,,False,18.210500000350294
4202,exp1-completion-paced,66,264,0.45609999961016,1.0324999993827078,34.41899999961606,33.386500000233355,0.0349000001733657,25.962700000491168,500,172,20.582999999533055,26.01409999988391,False,172,0.0208000001293839,0.0305999992633587,0.019300000531075,4.918399999951362,0.1445999996576574,0.0291000005745445,20.582999999533055,0.2681000005395617,0.0,25.962700000491168,26.01409999988391,25.971000000026837,500,500,333.0,1501.5015015015017,,False,8.404899999732152
4203,exp1-completion-paced,66,264,0.2653000001373584,1.2277000005269656,48.98700000012468,47.75929999959772,0.0263000001723412,28.682999999546155,500,173,23.29049999934796,28.81199999956152,False,173,0.0297999995382269,0.0992000004771398,0.0238000002354965,4.944799999975658,0.1404999993610545,0.0279000005320995,23.29049999934796,0.2553000003899797,0.0,28.682999999546155,28.81199999956152,28.69009999994887,500,500,333.0,1501.5015015015017,,False,20.17500000056316
4204,exp1-completion-paced,66,264,0.2737000004344736,2.8379000004861155,32.10769999986951,29.269799999383395,0.0206000004254747,23.873400000411493,500,174,17.610400000194204,23.917900000014924,False,174,0.0208999999813386,0.0235999996220925,0.0187000005098525,5.893300000025192,0.1904999999169376,0.0340999995387392,17.610400000194204,0.1263000003746128,0.0,23.873400000411493,23.917900000014924,23.880499999904718,500,500,333.0,1501.5015015015017,,False,8.189799999854586
4205,exp1-completion-paced,66,264,0.4685999992943834,0.0927999999476014,57.1778000003178,57.0850000003702,0.0197999997908482,42.38009999971837,500,175,32.180199999856995,42.444800000339455,False,175,0.030900000638212,0.0337999999828753,0.0277999997706501,9.563599999637518,0.2617000000100233,0.1108000005842768,32.180199999856995,0.235699999393546,0.0,42.38009999971837,42.444800000339455,42.38989999976184,500,500,333.0,1501.5015015015017,,False,14.732999999978347
4206,exp1-completion-paced,66,264,0.2844999999069841,1.1791999995693914,44.32289999931527,43.14369999974588,0.0186999996003578,26.085800000146264,500,176,18.162399999710036,26.14709999943443,False,176,0.0283999997918726,0.0328999994962941,0.0265000007857452,7.606899999700545,0.1380000003337045,0.0302999997074948,18.162399999710036,0.1215000002048327,0.0,26.085800000146264,26.14709999943443,26.0958999997456,500,500,333.0,1501.5015015015017,,False,18.175799999880837
4207,exp1-completion-paced,66,264,0.2670999992915313,2.7276000000711065,35.72989999975107,33.00229999967996,0.0185999997484032,23.433899999872665,500,177,18.208100000265404,23.48210000036488,False,177,0.0206000004254747,0.0276000000667409,0.0178000000232714,4.917000000205007,0.1373999994029873,0.0298000004477216,18.208100000265404,0.1236999996763188,0.0,23.433899999872665,23.48210000036488,23.44110000012733,500,500,333.0,1501.5015015015017,,False,12.247799999386189
4208,exp1-completion-paced,66,264,0.2543000000514439,1.204400000460737,33.05090000048949,31.846500000028755,0.0182000003405846,22.14680000088265,500,178,17.013499999848136,22.19180000065535,False,178,0.0212000004466972,0.0237999993260018,0.01810000048863,4.815500000404427,0.1380999992761644,0.0292000004264991,17.013499999848136,0.1321999998253886,0.0,22.14680000088265,22.19180000065535,22.15350000005856,500,500,333.0,1501.5015015015017,,False,10.859099999834143
4209,exp1-completion-paced,66,264,0.2667000007932074,2.7866999998877877,33.21560000040336,30.42890000051557,0.0307999998767627,23.04279999952996,500,179,18.04809999975987,23.084499999640684,False,179,0.0185999997484032,0.0231000003623194,0.0171000001500942,4.687900000135414,0.1354999994873651,0.0292000004264991,18.04809999975987,0.1247000000148546,0.0,23.04279999952996,23.084499999640684,23.0492000000595,500,500,333.0,1501.5015015015017,,False,10.131100000762679
4210,exp1-completion-paced,66,264,0.2872999993996927,0.7267000000865664,31.55979999974079,30.833099999654223,0.0192999996215803,23.03360000041721,500,180,17.788500000278873,23.08420000008482,False,180,0.0259999997069826,0.0245999999606283,0.017899999875226,4.938600000059523,0.1331000003119697,0.0297999995382269,17.788500000278873,0.1256000005014357,0.0,23.03360000041721,23.08420000008482,23.040600000058475,500,500,333.0,1501.5015015015017,,False,8.47559999965597
4211,exp1-completion-paced,66,264,0.2655999996932223,2.241499999399821,30.089099999713653,27.847600000313832,0.0188999993042671,24.179199999707635,500,181,17.589899999620684,24.232300000221585,False,181,0.01810000048863,0.0350000000253203,0.0177000001713167,6.258599999455328,0.1586999997016391,0.0295000008918577,17.589899999620684,0.1246000001628999,0.0,24.179199999707635,24.232300000221585,24.185700000089128,500,500,333.0,1501.5015015015017,,False,5.856799999492068
4212,exp1-completion-paced,66,264,0.2685999997993349,0.7236000001284992,31.525400000646187,30.801800000517687,0.0192999996215803,24.632300000121177,500,182,17.454499999985273,24.677499999597785,False,182,0.0190000000657164,0.0261999994108919,0.016900000446185,6.85799999973824,0.1384999995934777,0.0293000002784538,17.454499999985273,0.1349000003756373,0.0,24.632300000121177,24.677499999597785,24.639300000671938,500,500,333.0,1501.5015015015017,,False,6.8479000010484015
4213,exp1-completion-paced,66,264,0.2578000003268244,2.7420999995229067,45.20719999982248,42.46510000029957,0.0308999997287173,29.39370000058261,500,183,16.102200000204903,29.437299999699466,False,183,0.0191999997696257,0.0243999993472243,0.0196000000869389,12.945700000273064,0.1448000002710614,0.0498999997944338,16.102200000204903,0.1313000002483022,0.0,29.39370000058261,29.437299999699466,29.40160000071046,500,500,333.0,1501.5015015015017,,False,15.769900000123013
4214,exp1-completion-paced,66,264,0.2885000003516325,1.2250999998286716,39.053799999237526,37.828699999408855,0.0208999999813386,22.9788999995435,500,184,17.990700000154902,23.020999999971536,False,184,0.0194000003830296,0.0227000000450061,0.0183000001925393,4.663099999561382,0.1336000004812376,0.0303999995594494,17.990700000154902,0.1425999998900806,0.0,22.9788999995435,23.020999999971536,22.98590000009426,500,500,333.0,1501.5015015015017,,False,16.03279999926599
4215,exp1-completion-paced,66,264,0.2728999997998471,1.2298999999984517,34.11750000032043,32.88760000032198,0.0171000001500942,26.097099999788043,500,185,20.23910000025353,26.139599999623897,False,185,0.0183999991349992,0.0241000007008551,0.0190000000657164,5.555799999456212,0.1350000002275919,0.0289999998130952,20.23910000025353,0.119000000267988,0.0,26.097099999788043,26.139599999623897,26.104300000042716,500,500,333.0,1501.5015015015017,,False,7.977900000696536
4216,exp1-completion-paced,66,264,0.2653000001373584,2.238200000647339,39.67390000070736,37.43570000006002,0.0209999998332932,29.52370000002702,500,186,24.69600000040373,29.589700000542507,False,186,0.0188000003618071,0.0472000001536798,0.017699999261822,4.522200000792509,0.1321999998253886,0.0290999996650498,24.69600000040373,0.1261999996131635,0.0,29.52370000002702,29.589700000542507,29.54200000021956,500,500,333.0,1501.5015015015017,,False,10.084200000164856
4217,exp1-completion-paced,66,264,0.484600000163482,2.614499999253894,63.89789999957429,61.2834000003204,0.0276999999186955,44.13670000030834,500,187,33.41499999987718,44.20360000040091,False,187,0.0230000005103647,0.0438999995822086,0.0278999996226048,9.994900000492636,0.2739999999903375,0.1340999997410108,33.41499999987718,0.2904000002672546,0.0,44.13670000030834,44.20360000040091,44.14840000026743,500,500,333.0,1501.5015015015017,,False,19.69429999917338
4218,exp1-completion-paced,66,264,0.4590000007738126,2.4977000002763816,57.69810000037978,55.2004000001034,0.0314000008074799,45.97520000061195,500,188,35.27909999957046,46.05390000051557,False,188,0.0326999997923849,0.0460000001112348,0.0315000006594345,10.027399999671616,0.2764000000752276,0.1216000000567874,35.27909999957046,0.2387000004091533,0.0,45.97520000061195,46.05390000051557,45.98690000057104,500,500,333.0,1501.5015015015017,,False,11.644199999864213
4219,exp1-completion-paced,66,264,0.4861000006712856,1.014499999655527,78.12730000023294,77.11280000057741,0.0402000005124136,52.47049999979936,500,189,40.93419999935577,52.54860000059125,False,189,0.0388000007660593,0.0393000000258325,0.0313999998979852,10.826599999745667,0.2850999999282066,0.1220000003741006,40.93419999935577,0.2708000001803157,0.0,52.47049999979936,52.54860000059125,52.48329999994894,500,500,333.0,1501.5015015015017,,False,25.578699999641685
4220,exp1-completion-paced,66,264,0.2677000002222485,1.7630000002100132,33.07110000059765,31.30810000038764,0.0221000000237836,23.38419999978214,500,190,18.42440000018541,23.443199999746867,False,190,0.0351999997292296,0.0238000002354965,0.0189000002137618,4.626500000085798,0.1298999995924532,0.0292000004264991,18.42440000018541,0.1551999994262587,0.0,23.38419999978214,23.443199999746867,23.391300000184856,500,500,333.0,1501.5015015015017,,False,9.627900000850786
4221,exp1-completion-paced,66,264,0.4930000004605972,0.0840000002426677,56.446600000526814,56.36260000028415,0.0299000002996763,45.26660000010452,500,191,34.78590000031545,45.383200000287616,False,191,0.0323000003845663,0.0842999997985316,0.0252999998338054,9.780500000488246,0.2758999999059597,0.122699999337783,34.78590000031545,0.2758999999059597,0.0,45.26660000010452,45.383200000287616,45.27369999959774,500,500,333.0,1501.5015015015017,,False,11.063400000239199
4222,exp1-completion-paced,66,264,0.4785000000993022,0.459999999293359,76.42559999931109,75.96560000001773,0.0255000004472094,61.19209999997111,500,192,31.801000000086788,61.25710000014806,False,192,0.0313000000460306,0.0337000001309206,0.0276000000667409,28.718700000354147,0.3044999994017416,0.1196000002892105,31.801000000086788,0.2203000003646593,0.0,61.19209999997111,61.25710000014806,61.202000000776025,500,500,333.0,1501.5015015015017,,False,15.168499999163032
4223,exp1-completion-paced,66,264,0.5049000001235981,2.5476000000708154,51.23559999992722,48.6879999998564,0.0299000002996763,30.309400000078316,500,193,20.71189999969647,30.448600000454466,False,193,0.0277999997706501,0.1114000006054993,0.0284999996438273,9.075599999960104,0.2494999998816638,0.1133000005211215,20.71189999969647,0.1303999997617211,0.0,30.309400000078316,30.448600000454466,30.32069999972009,500,500,333.0,1501.5015015015017,,False,20.78699999947275
4224,exp1-completion-paced,66,264,0.2715000000534928,1.2254000002940302,65.21879999945668,63.99339999916265,0.0287000002572312,42.69810000005237,500,194,31.534699999610893,42.806299999938346,False,194,0.0538999993295874,0.0543000005563953,0.0287000002572312,10.532299999795214,0.2708000001803157,0.1162999997177394,31.534699999610893,0.2150000000256113,0.0,42.69810000005237,42.806299999938346,42.70910000013828,500,500,333.0,1501.5015015015017,,False,22.41249999951833
4225,exp1-completion-paced,66,264,0.2767000005405862,0.0526000003446824,47.99570000068343,47.943100000338745,0.0218000004679197,39.74669999934122,500,195,30.164400000103345,39.83189999962633,False,195,0.0370999996448517,0.0481000006402609,0.0304999994114041,8.91589999991993,0.2681000005395617,0.1212999995914287,30.164400000103345,0.2462000002196873,0.0,39.74669999934122,39.83189999962633,39.76059999968129,500,500,333.0,1501.5015015015017,,False,8.163800001057098
4226,exp1-completion-paced,66,264,0.4337999998824671,2.1118999993632315,51.20869999973365,49.09680000037042,0.0406999997721868,40.19189999962691,500,196,30.9333000004699,40.362599999753,False,196,0.0264000000242958,0.1443000001017935,0.0259999997069826,8.612300000095274,0.2610000001368462,0.1259999999092542,30.9333000004699,0.2328999999008374,0.0,40.19189999962691,40.362599999753,40.20170000057988,500,500,333.0,1501.5015015015017,,False,10.846099999980652
4227,exp1-completion-paced,66,264,0.2690999999686028,2.7094999995824764,41.74259999945207,39.03309999986959,0.019099999917671,27.863400000569527,500,197,19.438199999967765,27.939500000684347,False,197,0.0214000001506065,0.0546999999642139,0.0270000000455183,7.911200000307872,0.2507999997760635,0.1170000005004112,19.438199999967765,0.1189999993584933,0.0,27.863400000569527,27.939500000684347,27.882599999429655,500,500,333.0,1501.5015015015017,,False,13.80309999876772
4228,exp1-completion-paced,66,264,0.2622000001792912,0.1474999999118154,32.68050000042422,32.5330000005124,0.0228999997489154,21.093600000313018,500,198,15.690900000663532,21.13600000029692,False,198,0.0195000002349843,0.0228999997489154,0.0171000001500942,5.096200000480167,0.138399999741523,0.0290999996650498,15.690900000663532,0.121699999908742,0.0,21.093600000313018,21.13600000029692,21.0997000003772,500,500,333.0,1501.5015015015017,,False,11.544500000127297
4229,exp1-completion-paced,66,264,0.2582999995865975,0.8582999998907326,39.75589999936346,38.89759999947273,0.0250000002779415,25.417099999685888,500,199,21.049699999821318,25.46519999941665,False,199,0.0236999994740472,0.024400000256719,0.0163000004249624,3.9922999994814745,0.1301000002058572,0.0276999999186955,21.049699999821318,0.2007000002777204,0.0,25.417099999685888,25.46519999941665,25.423500000215427,500,500,333.0,1501.5015015015017,,False,14.290699999946806
4230,exp1-completion-paced,66,264,0.4796000002897926,2.4698999995962367,38.64789999988716,36.17800000029092,0.0206999993679346,29.61549999963609,500,200,20.956700000169803,29.68929999951797,False,200,0.0292999993689591,0.0445000005129259,0.0264000000242958,8.097099999758939,0.2755000004981411,0.1230999996550963,20.956700000169803,0.1363999999739462,0.0,29.61549999963609,29.68929999951797,29.62569999999687,500,500,333.0,1501.5015015015017,,False,8.958600000369188
4231,exp1-completion-paced,66,264,0.2690999999686028,2.809300000080839,57.73979999958101,54.93049999950017,0.0289999998130952,38.13489999993181,500,201,29.49059999991732,38.17740000067715,False,201,0.0200000004042522,0.0225000003410968,0.0559000000066589,8.03749999977299,0.2512999999453313,0.1092000002245185,29.49059999991732,0.190199999451579,0.0,38.13489999993181,38.17740000067715,38.14259999944625,500,500,333.0,1501.5015015015017,,False,19.562399998903857
4232,exp1-completion-paced,66,264,0.4629000004570116,0.0798000000941101,52.23500000010972,52.15520000001561,0.0215999998545157,40.8000000006723,500,202,32.14120000029652,40.88430000047083,False,202,0.0423999999838997,0.0418999998146318,0.0272000006589223,8.025199999792676,0.2765999997791368,0.1242999996975413,32.14120000029652,0.2051999999821419,0.0,40.8000000006723,40.88430000047083,40.81099999984872,500,500,333.0,1501.5015015015017,,False,11.350699999638891
4233,exp1-completion-paced,66,264,0.274800000624964,1.2447999997675652,44.8287999997774,43.58400000000984,0.0190000000657164,21.432300000014948,500,203,16.8415999996796,21.51820000017324,False,203,0.0626000000920612,0.0233000000662286,0.0183000001925393,4.280699999981152,0.1369999999951687,0.0298000004477216,16.8415999996796,0.1247000000148546,0.0,21.432300000014948,21.51820000017324,21.43849999993108,500,500,333.0,1501.5015015015017,,False,23.31059999960416
4234,exp1-completion-paced,66,264,0.2672999999049352,1.2977999995200662,39.25729999991745,37.95950000039738,0.028099999326514,27.62429999984306,500,204,22.450100000241942,27.670299999954292,False,204,0.0201000002562068,0.025899999855028,0.0189000002137618,4.850699999224162,0.1443999999537482,0.029499999982363,22.450100000241942,0.1305000005231704,0.0,27.62429999984306,27.670299999954292,27.631400000245776,500,500,333.0,1501.5015015015017,,False,11.586999999963158
4235,exp1-completion-paced,66,264,0.4565999997794279,1.5938000005917274,51.72930000026099,50.135499999669264,0.0206999993679346,27.274400000351307,500,205,18.864100000428152,27.444899999863992,False,205,0.0255999993896693,0.144900000123016,0.0252999998338054,7.785200000398618,0.2426999999443069,0.1120999995691818,18.864100000428152,0.2447999995638383,0.0,27.274400000351307,27.444899999863992,27.283499999612104,500,500,333.0,1501.5015015015017,,False,24.284400000397
4236,exp1-completion-paced,66,264,0.4894000003332621,2.57670000064536,41.88980000071752,39.31310000007216,0.0350000000253203,31.631799999559007,500,206,23.4307999999146,31.706599999779428,False,206,0.0307000000248081,0.0441000001956126,0.0297999995382269,7.549200000539713,0.2705999995669117,0.121900000522146,23.4307999999146,0.2292999997735023,0.0,31.631799999559007,31.706599999779428,31.64329999981419,500,500,333.0,1501.5015015015017,,False,10.183200000938093
4237,exp1-completion-paced,66,264,0.4726999995909864,5.662800000209245,42.36709999986488,36.70429999965563,0.0254999995377147,24.360299999898416,500,207,20.39510000031441,24.459000000206288,False,207,0.0318000002152984,0.0669000000925734,0.0255999993896693,3.4863999999288358,0.1380000003337045,0.0302999997074948,20.39510000031441,0.2845999997589388,0.0,24.360299999898416,24.459000000206288,24.371099999370927,500,500,333.0,1501.5015015015017,,False,17.90809999965859
4238,exp1-completion-paced,66,264,0.4683999995904742,0.0765999993745936,37.83859999930428,37.761999999929685,0.0262000003203866,29.9075000002631,500,208,23.00039999954606,29.96989999974176,False,208,0.0239999999394058,0.0383999995392514,0.0281000002360087,6.277100000261271,0.2418999993096804,0.1140000003942987,23.00039999954606,0.2458000008118688,0.0,29.9075000002631,29.96989999974176,29.91910000037024,500,500,333.0,1501.5015015015017,,False,7.868699999562519
4239,exp1-completion-paced,66,264,0.4600000002028537,1.0892999998759478,35.0218000003224,33.93250000044645,0.0291999995170044,27.89399999983289,500,209,22.566800000277,27.942300000177056,False,209,0.0224000004891422,0.025899999855028,0.0196000000869389,4.681499999605876,0.2569000007497379,0.1243999995494959,22.566800000277,0.244599999859929,0.0,27.89399999983289,27.942300000177056,27.901500000552915,500,500,333.0,1501.5015015015017,,False,7.0795000001453445
4240,exp1-completion-paced,66,264,0.273399999969115,3.2457000006616,24.538000000575263,21.292299999913663,0.0227000000450061,15.600099999574011,500,210,12.129400000048918,15.64429999962158,False,210,0.019099999917671,0.0251000001298962,0.0172000000020489,3.1308999996326747,0.1373000004605273,0.0279999994745594,12.129400000048918,0.1570000003994209,0.0,15.600099999574011,15.64429999962158,15.606900000420865,500,500,333.0,1501.5015015015017,,False,8.893700000953682
4241,exp1-completion-paced,66,264,0.3453999997873325,2.6511999994909274,40.32569999981206,37.67450000032113,0.0209999998332932,18.75689999997121,500,211,12.46770000034303,18.81009999942762,False,211,0.0216999997064704,0.0314999997499398,0.0281000002360087,5.862199999683071,0.1283000001421896,0.0313999998979852,12.46770000034303,0.2389000001130625,0.0,18.75689999997121,18.81009999942762,18.767300000035902,500,500,333.0,1501.5015015015017,,False,21.51560000038444
4242,exp1-completion-paced,66,264,0.4607000000760308,0.9428000003026682,34.039999999549764,33.097199999247096,0.024400000256719,17.37189999948896,500,212,13.910099999520751,17.421999999896798,False,212,0.0243000004047644,0.0258000000030733,0.0201000002562068,3.152899999804504,0.1291999997192761,0.0293000002784538,13.910099999520751,0.1301000002058572,0.0,17.37189999948896,17.421999999896798,17.379899999468762,500,500,333.0,1501.5015015015017,,False,16.617999999652966
4243,exp1-completion-paced,66,264,0.2743000004556961,1.675999999861233,23.048199999720964,21.37219999985973,0.0279999994745594,15.258700000231329,500,213,11.662800000522113,15.307300000131365,False,213,0.0202000001081614,0.0283999997918726,0.0196000000869389,3.208300000551389,0.126799999634386,0.0289999998130952,11.662800000522113,0.2117999993060948,0.0,15.258700000231329,15.307300000131365,15.266499999597729,500,500,333.0,1501.5015015015017,,False,7.740899999589599
4244,exp1-completion-paced,66,264,0.4640999995899619,1.030700000228535,50.470099999984086,49.43939999975555,0.0308999997287173,28.736400000525464,500,214,22.72369999991497,28.77970000008645,False,214,0.0195000002349843,0.0237999993260018,0.0274000003628316,5.498999999872467,0.2457000000504194,0.1093999999284278,22.72369999991497,0.1311000005443929,0.0,28.736400000525464,28.77970000008645,28.74360000078013,500,500,333.0,1501.5015015015017,,False,21.690399999897636
4245,exp1-completion-paced,66,264,0.2674999996088445,2.7222999997320585,29.64460000021063,26.92230000047857,0.0203999998120707,16.796200000499084,500,215,13.207699999838953,16.83800000046176,False,215,0.0184000000444939,0.0233999999181833,0.0190000000657164,3.2657000001563574,0.1464999995732796,0.0315000006594345,13.207699999838953,0.125599999591941,0.0,16.796200000499084,16.83800000046176,16.80339999984426,500,500,333.0,1501.5015015015017,,False,12.806599999748869
4246,exp1-completion-paced,66,264,0.2669000004971167,1.2684000002991525,43.01510000004782,41.74669999974867,0.0184000000444939,22.3188999998456,500,216,16.896499999347725,22.36319999974512,False,216,0.0200999993467121,0.0242000005528097,0.0184999998964485,4.911600000014005,0.2399999993940582,0.1168000007965019,16.896499999347725,0.1354000005449052,0.0,22.3188999998456,22.36319999974512,22.326299999804174,500,500,333.0,1501.5015015015017,,False,20.651900000302703
4247,exp1-completion-paced,66,264,0.4550999992716242,1.040800000737363,37.69760000068345,36.65679999994609,0.0215000000025611,26.73189999950409,500,217,19.89289999983157,26.882199999818116,False,217,0.0191999997696257,0.1311000005443929,0.0251999999818508,6.205199999385513,0.2377000000706175,0.113900000542344,19.89289999983157,0.256700000136334,0.0,26.73189999950409,26.882199999818116,26.74200000001292,500,500,333.0,1501.5015015015017,,False,10.815400000865335
4248,exp1-completion-paced,66,264,0.2789000000120722,0.051700000767596,29.64350000002014,29.591799999252544,0.0318000002152984,16.06210000045394,500,218,12.624599999981,16.10809999965568,False,218,0.0213999992411118,0.0245999999606283,0.0195000002349843,3.139700000247103,0.12700000024779,0.0266999995801597,12.624599999981,0.1244000004589906,0.0,16.06210000045394,16.10809999965568,16.068900000391295,500,500,333.0,1501.5015015015017,,False,13.535400000364461
4249,exp1-completion-paced,66,264,0.4453999999896041,1.048399999490357,34.17989999979909,33.13150000030873,0.0200000004042522,20.437999999558087,500,219,16.922999999223975,20.48050000030344,False,219,0.0195000002349843,0.0230000005103647,0.0170999992405995,3.2159000002138782,0.1269000003958353,0.0281000002360087,16.922999999223975,0.1268000005438807,0.0,20.437999999558087,20.48050000030344,20.444400000087622,500,500,333.0,1501.5015015015017,,False,13.69939999949565
4250,exp1-completion-paced,66,264,0.2575999997134204,1.2396999991324265,31.857899999522488,30.61820000039006,0.0247999996645376,14.799300000049698,500,220,11.433799999394978,14.84249999975873,False,220,0.019099999917671,0.0240999997913604,0.0175000004674075,3.073400000175752,0.1247000000148546,0.0276999999186955,11.433799999394978,0.1220000003741006,0.0,14.799300000049698,14.84249999975873,14.805900000283144,500,500,333.0,1501.5015015015017,,False,17.01539999976376
4251,exp1-completion-paced,66,264,0.2649999996719998,1.2489999999161228,30.609200000071723,29.3602000001556,0.0202999999601161,15.159399999902234,500,221,11.75859999966633,15.260499999385502,False,221,0.0722999993740813,0.0288000001091859,0.0187000005098525,3.102799999396666,0.1235999998243642,0.0291000005745445,11.75859999966633,0.1264000002265675,0.0,15.159399999902234,15.260499999385502,15.166299999691546,500,500,333.0,1501.5015015015017,,False,15.348700000686222
4252,exp1-completion-paced,66,264,0.2650999995239544,1.2444000003597466,24.11269999993237,22.868299999572628,0.019099999917671,15.553199999885692,500,222,12.107499999729043,15.594100000271284,False,222,0.0186999996003578,0.0222000007852329,0.016699999832781,3.154899999572081,0.1249000006282585,0.0277999997706501,12.107499999729043,0.1211999997394741,0.0,15.553199999885692,15.594100000271284,15.558899999632558,500,500,333.0,1501.5015015015017,,False,8.518599999661086
4253,exp1-completion-paced,66,264,0.3059999999095453,1.2290000004213653,36.82300000036776,35.59399999994639,0.0214000001506065,24.23850000013772,500,223,19.839800000227115,24.28669999972044,False,223,0.0196999999388935,0.0284999996438273,0.0165000001288717,3.737199999704899,0.2354000007471768,0.1973999997062492,19.839800000227115,0.2119999999194988,0.0,24.23850000013772,24.28669999972044,24.241799999799696,500,500,333.0,1501.5015015015017,,False,12.536300000647323
4254,exp1-completion-paced,66,264,0.4457000004549627,5.085499999950116,26.401000000078056,21.31550000012794,0.0583999999435036,15.963599999849976,500,224,12.435600000571869,16.010199999982433,False,224,0.0218999994103796,0.0247000007220776,0.0180999995791353,3.196699999534758,0.1523000000815955,0.0300000001516309,12.435600000571869,0.130699999317585,0.0,15.963599999849976,16.010199999982433,15.970599999491242,500,500,333.0,1501.5015015015017,,False,10.390800000095624
4255,exp1-completion-paced,66,264,0.2547999993112171,1.236500000231899,25.199400000019523,23.962899999787624,0.0182000003405846,15.290400000594673,500,225,11.925899999368994,15.332300000409305,False,225,0.0195000002349843,0.0223999995796475,0.0183000001925393,3.063500000280328,0.1254999997399863,0.0292000004264991,11.925899999368994,0.1277999999729218,0.0,15.290400000594673,15.332300000409305,15.297699999791805,500,500,333.0,1501.5015015015017,,False,9.867099999610218
4256,exp1-completion-paced,66,264,0.2942999999504536,1.2108000000807806,25.073600000723676,23.86280000064289,0.0208999999813386,15.276799999810464,500,226,11.836799999400682,15.319000000090456,False,226,0.0187000005098525,0.0234999997701379,0.016699999832781,3.141300000606861,0.1277999999729218,0.028299999939918,11.836799999400682,0.1257000003533903,0.0,15.276799999810464,15.319000000090456,15.283800000361223,500,500,333.0,1501.5015015015017,,False,9.75460000063322
4257,exp1-completion-paced,66,264,0.2675999994607991,1.3124999995852704,32.29709999959596,30.984600000010687,0.0208999999813386,15.14599999973143,500,227,11.7166999998517,15.190000000075088,False,227,0.0199000005522975,0.0240999997913604,0.0178000000232714,3.125400000499212,0.1277999999729218,0.0307000000248081,11.7166999998517,0.1274999995075632,0.0,15.14599999973143,15.190000000075088,15.151999999943657,500,500,333.0,1501.5015015015017,,False,17.10709999952087
4258,exp1-completion-paced,66,264,0.2613999995446647,2.726199999415257,26.53680000003078,23.810600000615523,0.0204999996640253,16.43450000028679,500,228,13.023599999542055,16.47670000056678,False,228,0.019099999917671,0.0231000003623194,0.0172000000020489,3.0829999996058177,0.1244000004589906,0.0299000002996763,13.023599999542055,0.1560999999128398,0.0,16.43450000028679,16.47670000056678,16.440399999737565,500,500,333.0,1501.5015015015017,,False,10.060099999464
4259,exp1-completion-paced,66,264,0.2753999997366918,2.7816000001621437,38.31199999967794,35.530399999515794,0.0196999999388935,14.91379999970377,500,229,11.468300000160523,14.960100000280365,False,229,0.0206000004254747,0.0257000001511187,0.0201000002562068,3.1466999998883693,0.1241999998455867,0.0282000000879634,11.468300000160523,0.1260999997612089,0.0,14.91379999970377,14.960100000280365,14.921400000275751,500,500,333.0,1501.5015015015017,,False,23.351899999397574
4260,exp1-completion-paced,66,264,0.3236000002289074,0.0507000004290603,38.38220000034198,38.33149999991292,0.0185999997484032,16.315100000610983,500,230,12.873300000137531,16.38749999983702,False,230,0.0215000000025611,0.0508999992234748,0.0171000001500942,3.1445000004168837,0.1274999995075632,0.0292000004264991,12.873300000137531,0.1232999993590056,0.0,16.315100000610983,16.38749999983702,16.322200000104203,500,500,333.0,1501.5015015015017,,False,21.994700000504963
4261,exp1-completion-paced,66,264,0.2733000001171604,1.2110999996366445,33.35519999927783,32.144099999641185,0.0184000000444939,15.08319999993546,500,231,11.602199999288132,15.128300000469608,False,231,0.0203999998120707,0.0247000007220776,0.0184999998964485,3.1788999995114864,0.1286000006075482,0.0294000001304084,11.602199999288132,0.1253999998880317,0.0,15.08319999993546,15.128300000469608,15.090799999597948,500,500,333.0,1501.5015015015017,,False,18.22689999880822
4262,exp1-completion-paced,66,264,0.4321999995227088,0.9911999995892984,45.16019999937271,44.16899999978341,0.0193999994735349,23.925700000290817,500,232,16.189899999517365,23.984800000107494,False,232,0.028299999939918,0.0307999998767627,0.0194000003830296,7.001999999374675,0.4757000006065937,0.1142999999501626,16.189899999517365,0.124300000607036,0.0,23.925700000290817,23.984800000107494,23.932800000693533,500,500,333.0,1501.5015015015017,,False,21.175399999265213
4263,exp1-completion-paced,66,264,0.2599999997983104,1.208799999403709,39.86279999935505,38.65399999995134,0.0227000000450061,14.84679999975924,500,233,11.469899999610789,14.891300000272167,False,233,0.022000000171829,0.0225000003410968,0.0173999997059581,3.0869000001985114,0.1212999995914287,0.0286000004052766,11.469899999610789,0.1226000003953231,0.0,14.84679999975924,14.891300000272167,14.853600000606091,500,500,333.0,1501.5015015015017,,False,24.97149999908288
4264,exp1-completion-paced,66,264,0.2524999999877764,5.818699999508681,46.50679999940621,40.68809999989753,0.0221999998757382,29.432899999846995,500,234,23.209299999507493,29.48149999974703,False,234,0.0240999997913604,0.0245000001086737,0.019099999917671,5.571600000621402,0.2538999997341307,0.117800000225543,23.209299999507493,0.2610000001368462,0.0,29.432899999846995,29.48149999974703,29.440600000270933,500,500,333.0,1501.5015015015017,,False,17.025299999659183
4265,exp1-completion-paced,66,264,0.4366000002846704,0.9875999994619632,36.04839999934484,35.060799999882875,0.0221000000237836,23.399300000164654,500,235,18.971800000144867,23.446700000022247,False,235,0.0225000003410968,0.0248999995164922,0.0184000000444939,3.924800000277173,0.2554000002419343,0.1017999993564444,18.971800000144867,0.1267000006919261,0.0,23.399300000164654,23.446700000022247,23.40560000084224,500,500,333.0,1501.5015015015017,,False,12.60169999932259
4266,exp1-completion-paced,66,264,0.2681999994820216,1.7379999999320717,28.71549999963463,26.97749999970256,0.0192999996215803,15.303799999855984,500,236,11.811600000328326,15.345100000558888,False,236,0.0189000002137618,0.0224000004891422,0.0174999995579128,3.18890000016836,0.1323999995292979,0.0298000004477216,11.811600000328326,0.1233999992109602,0.0,15.303799999855984,15.345100000558888,15.309999999772115,500,500,333.0,1501.5015015015017,,False,13.370399999075742
4267,exp1-completion-paced,66,264,0.27460000001156,0.7124000003386755,28.224800000316463,27.512399999977788,0.0198000007003429,20.332999999482126,500,237,16.65229999980511,20.384699999340228,False,237,0.0223999995796475,0.0293000002784538,0.0180999995791353,3.3787000002121204,0.127999999676831,0.0282000000879634,16.65229999980511,0.1274000005651032,0.0,20.332999999482126,20.384699999340228,20.340800000667517,500,500,333.0,1501.5015015015017,,False,7.840100000976236
4268,exp1-completion-paced,66,264,0.2577000004748697,3.848899999866262,50.03269999997429,46.18380000010802,0.032400000236521,24.584499999946274,500,238,18.84220000010828,24.629700000332377,False,238,0.0208999999813386,0.0243000004047644,0.0190000000657164,5.1107999997839215,0.2425000002403976,0.1148999999713851,18.84220000010828,0.2549000000726664,0.0,24.584499999946274,24.629700000332377,24.59199999975681,500,500,333.0,1501.5015015015017,,False,25.402999999641914
4269,exp1-completion-paced,66,264,0.253799999882176,1.2409999999363208,43.96309999992809,42.72209999999177,0.0424999998358543,30.23620000021765,500,239,23.10620000025665,30.40880000025936,False,239,0.1018000002659391,0.0707999997757724,0.0251999999818508,6.497800000033749,0.2377999999225721,0.1124000000345404,23.10620000025665,0.2565999993748846,0.0,30.23620000021765,30.40880000025936,30.24509999977454,500,500,333.0,1501.5015015015017,,False,13.554299999668729
4270,exp1-completion-paced,66,264,0.2803999996103812,2.2931000003154622,29.74480000011681,27.45169999980135,0.0180000006366753,16.203900000618887,500,240,12.549800000670077,16.27809999990859,False,240,0.0213999992411118,0.0528000000485917,0.0386000001526554,3.331800000523799,0.1290000000153668,0.0317999993058037,12.549800000670077,0.122699999337783,0.0,16.203900000618887,16.27809999990859,16.229399999247107,500,500,333.0,1501.5015015015017,,False,13.46670000020822
4271,exp1-completion-paced,66,264,0.4553999997369828,0.0753999993321485,44.74539999955596,44.67000000022381,0.0233000000662286,25.40709999993851,500,241,21.73190000030445,25.45629999985977,False,241,0.0239000000874511,0.0252999998338054,0.052999999752501,3.33649999993213,0.1278999998248764,0.0282000000879634,21.73190000030445,0.1295000001846347,0.0,25.40709999993851,25.45629999985977,25.41509999991831,500,500,333.0,1501.5015015015017,,False,19.289099999696187
4272,exp1-completion-paced,66,264,0.2586999999039108,1.2122999996790895,24.589100000412145,23.376800000733056,0.0183000001925393,16.22159999988071,500,242,12.411799999426876,16.263399999843386,False,242,0.0207999992198892,0.0210000007427879,0.0169999993886449,3.426900000704336,0.1803999994081095,0.0526000003446824,12.411799999426876,0.1328000007561058,0.0,16.22159999988071,16.263399999843386,16.227900000558293,500,500,333.0,1501.5015015015017,,False,8.325700000568759
4273,exp1-completion-paced,66,264,0.2790999997159815,1.221100000293518,28.204700000060257,26.98359999976674,0.0196000000869389,19.864699999743607,500,243,16.265799999928277,19.913500000257045,False,243,0.0214000001506065,0.0274000003628316,0.0184000000444939,3.1493999995291238,0.1253000000360771,0.0325999999404302,16.265799999928277,0.2728000008573872,0.0,19.864699999743607,19.913500000257045,19.87220000046364,500,500,333.0,1501.5015015015017,,False,8.291199999803212
4274,exp1-completion-paced,66,264,0.2949999998236308,0.7014999991952209,28.660499999205054,27.95900000000984,0.0198999996428028,14.83379999990575,500,244,11.476699999548146,14.88450000033481,False,244,0.0206000004254747,0.0301000000035855,0.017899999875226,3.0600999998569023,0.1238000004377681,0.0301999998555402,11.476699999548146,0.1247999998668092,0.0,14.83379999990575,14.88450000033481,14.840399999229705,500,500,333.0,1501.5015015015017,,False,13.775999998870244
4275,exp1-completion-paced,66,264,0.4550000003291643,1.0652000000845874,35.00149999945279,33.9362999993682,0.0344000000040978,17.274900000302296,500,245,13.753900000665451,17.321700000138662,False,245,0.0194000003830296,0.0273999994533369,0.0176000003193621,3.219899999749032,0.1275000004170579,0.028099999326514,13.753900000665451,0.1277000001209671,0.0,17.274900000302296,17.321700000138662,17.286600000261387,500,500,333.0,1501.5015015015017,,False,17.679799999314127
4276,exp1-completion-paced,66,264,0.2631000006658723,1.2955000001966257,23.028700000395474,21.73320000019885,0.0195000002349843,15.86200000019744,500,246,12.322999999923924,15.916199999992386,False,246,0.0192999996215803,0.0349000001733657,0.0172999998540035,3.201499999704538,0.1625000004423782,0.030999999580672,12.322999999923924,0.1265000000785221,0.0,15.86200000019744,15.916199999992386,15.868599999521392,500,500,333.0,1501.5015015015017,,False,7.112500000403088
4277,exp1-completion-paced,66,264,0.2653999999893131,0.0446000003648805,37.717199999860895,37.672599999496015,0.0222999997276929,20.88980000007723,500,247,16.99469999948633,20.939100000759936,False,247,0.0217000006159651,0.0276000000667409,0.0179999997271806,3.4546999995654915,0.1343000003544148,0.0311000003421213,16.99469999948633,0.256700000136334,0.0,20.88980000007723,20.939100000759936,20.89689999957045,500,500,333.0,1501.5015015015017,,False,16.77809999910096
4278,exp1-completion-paced,66,264,0.2598999999463558,1.3639999997394625,32.78940000018338,31.425400000443915,0.0183000001925393,15.423699999701055,500,248,11.992199999440343,15.465899999981048,False,248,0.0184000000444939,0.0238000002354965,0.0169999993886449,3.0665000003864407,0.1186999998026294,0.0269000001935637,11.992199999440343,0.202200000785524,0.0,15.423699999701055,15.465899999981048,15.429400000357418,500,500,333.0,1501.5015015015017,,False,17.32350000020233
4279,exp1-completion-paced,66,264,0.2765000008366769,3.785299999435665,48.433099999783735,44.64780000034807,0.0922999997783335,16.574299999774667,500,249,12.767199999871082,16.62919999944279,False,249,0.0196000000869389,0.0352999995811842,0.0197999997908482,3.327400000671332,0.1453999993827892,0.0445000005129259,12.767199999871082,0.2696000001378706,0.0,16.574299999774667,16.62919999944279,16.581800000494695,500,500,333.0,1501.5015015015017,,False,31.803900000340946
4280,exp1-completion-paced,66,264,0.4569000002447865,1.0484000003998517,34.56980000009935,33.5213999996995,0.0215000000025611,15.110400000594382,500,250,11.673699999846576,15.16020000053686,False,250,0.0217000006159651,0.028099999326514,0.0190000000657164,3.1352000005426817,0.1248999997187638,0.0312000001940759,11.673699999846576,0.1262999994651181,0.0,15.110400000594382,15.16020000053686,15.11809999919933,500,500,333.0,1501.5015015015017,,False,19.409599999562488
4281,exp1-completion-paced,66,264,0.2663000004758942,0.0741000003472436,29.239899999993213,29.16579999964597,0.0200000004042522,16.020799999751034,500,251,12.482600000112145,16.067000000475673,False,251,0.0207000002774293,0.0255000004472094,0.0189999991562217,3.229700000701996,0.1265000000785221,0.0310999994326266,12.482600000112145,0.1316999996561207,0.0,16.020799999751034,16.067000000475673,16.028000000005704,500,500,333.0,1501.5015015015017,,False,13.17289999951754
4282,exp1-completion-paced,66,264,0.2741999996942468,2.746099999967555,33.6751999993794,30.929099999411847,0.019099999917671,15.486600000258475,500,252,11.829999999463324,15.58870000008028,False,252,0.0694000000294181,0.0326999997923849,0.0165999999808263,3.358900000421272,0.1259000000572996,0.029499999982363,11.829999999463324,0.1254999997399863,0.0,15.486600000258475,15.58870000008028,15.492199999243894,500,500,333.0,1501.5015015015017,,False,18.08649999929912
4283,exp1-completion-paced,66,264,0.2674999996088445,2.2288999998636427,25.137600000562088,22.908700000698445,0.019099999917671,15.214199999718405,500,253,11.772500000006405,15.260600000146953,False,253,0.0213000002986518,0.0251000001298962,0.0173999997059581,3.146799999740324,0.1262000005226582,0.028299999939918,11.772500000006405,0.1228000000992324,0.0,15.214199999718405,15.260600000146953,15.220299999782585,500,500,333.0,1501.5015015015017,,False,9.877000000415135
4284,exp1-completion-paced,66,264,0.2655999996932223,1.2526999998954125,36.79209999972954,35.53939999983413,0.0194999993254896,15.403499999592896,500,254,11.790800000198942,15.455300000212446,False,254,0.0264999998762505,0.0253000007433001,0.0172999998540035,3.1110999998418265,0.1541999999972176,0.0334999995175167,11.790800000198942,0.2962999997180304,0.0,15.403499999592896,15.455300000212446,15.408799999931944,500,500,333.0,1501.5015015015017,,False,21.33679999951709
4285,exp1-completion-paced,66,264,0.2824000002874527,1.2121999998271349,28.125599999839324,26.91340000001219,0.0183000001925393,15.987699999641336,500,255,12.308000000302854,16.051399999923888,False,255,0.0228999997489154,0.0408000005336361,0.0185999997484032,3.371599999809405,0.1273999996556085,0.0280000003840541,12.308000000302854,0.1339000000371015,0.0,15.987699999641336,16.051399999923888,15.9949000008055,500,500,333.0,1501.5015015015017,,False,12.074199999915436
4286,exp1-completion-paced,66,264,0.285200000689656,2.7808000004370115,34.22370000043884,31.442900000001828,0.02050000057352,15.73270000062621,500,256,12.155800000073214,15.777900000102818,False,256,0.0208000001293839,0.0243999993472243,0.0186000006578979,3.251000000091153,0.1506999997218372,0.0290999996650498,12.155800000073214,0.1274000005651032,0.0,15.73270000062621,15.777900000102818,15.738600000076984,500,500,333.0,1501.5015015015017,,False,18.44580000033602
4287,exp1-completion-paced,66,264,0.2670000003490713,1.232799999343115,27.795699999842327,26.56290000049921,0.0196999999388935,15.837100000680948,500,257,12.176400000498688,15.881500000432425,False,257,0.0204999996640253,0.0239000000874511,0.0171000001500942,3.358599999955913,0.1318000004175701,0.0298999993901816,12.176400000498688,0.1231999995070509,0.0,15.837100000680948,15.881500000432425,15.843499999391495,500,500,333.0,1501.5015015015017,,False,11.914199999409902
4288,exp1-completion-paced,66,264,0.3384000001460663,4.247200000463636,33.78609999981563,29.538899999352,0.0202999999601161,15.416799999911746,500,258,11.900700000296638,15.46039999993809,False,258,0.019099999917671,0.0245000001086737,0.0189000002137618,3.213599999980943,0.1285999996980535,0.0300000001516309,11.900700000296638,0.1247999998668092,0.0,15.416799999911746,15.46039999993809,15.423400000145191,500,500,333.0,1501.5015015015017,,False,18.325699999877543
4289,exp1-completion-paced,66,264,0.270700000328361,3.2852000003913417,24.23079999971378,20.94559999932244,0.0212999993891571,16.034299999773793,500,259,12.3185000002195,16.079299999546492,False,259,0.0202999999601161,0.0246999998125829,0.0180000006366753,3.3801999998104293,0.1406999999744584,0.029499999982363,12.3185000002195,0.1471999994464568,0.0,16.034299999773793,16.079299999546492,16.04090000000724,500,500,333.0,1501.5015015015017,,False,8.151500000167289
4290,exp1-completion-paced,66,264,0.2548000002207118,1.2761000007230905,29.7816000002058,28.50549999948271,0.02059999951598,16.036100000746956,500,260,11.864399999467423,16.286300000501797,False,260,0.0182000003405846,0.2319999994142563,0.0257000001511187,3.860400000121445,0.1314999999522115,0.0304000004689442,11.864399999467423,0.1235999998243642,0.0,16.036100000746956,16.286300000501797,16.070799999397423,500,500,333.0,1501.5015015015017,,False,13.495299999704002
4291,exp1-completion-paced,66,264,0.2609000002848916,1.23870000061288,38.96470000017871,37.72599999956583,0.0180999995791353,16.320599999744445,500,261,12.983700000404497,16.375399999560614,False,261,0.0294000001304084,0.0253999996857601,0.0173999997059581,3.0402000002140994,0.1232000004165456,0.0278999996226048,12.983700000404497,0.127999999676831,0.0,16.320599999744445,16.375399999560614,16.32750000044325,500,500,333.0,1501.5015015015017,,False,22.589300000618096
4292,exp1-completion-paced,66,264,0.4545000001598964,2.572499999587308,34.1588999999658,31.58640000037849,0.0255000004472094,15.43279999987135,500,262,11.985300000560528,15.482800000427233,False,262,0.0196000000869389,0.0304000004689442,0.0172999998540035,3.124099999695318,0.1312000003963476,0.0407999996241414,11.985300000560528,0.1337999992756522,0.0,15.43279999987135,15.482800000427233,15.43879999917408,500,500,333.0,1501.5015015015017,,False,18.676099999538565
4293,exp1-completion-paced,66,264,0.3443000005063368,0.0579999996261904,33.203400000275,33.145400000648806,0.0194000003830296,15.97959999980958,500,263,12.372900000627851,16.034400000535243,False,263,0.0235000006796326,0.0313000000460306,0.0173999997059581,3.2829000001584063,0.1260999997612089,0.0272999996013822,12.372900000627851,0.1527999993413686,0.0,15.97959999980958,16.034400000535243,15.985899999577668,500,500,333.0,1501.5015015015017,,False,17.16899999973976
4294,exp1-completion-paced,66,264,0.2741999996942468,1.2548000004244386,27.725500000087777,26.47069999966334,0.0222999997276929,15.461599999980535,500,264,11.985699999968348,15.503799999351031,False,264,0.0180999995791353,0.0240999997913604,0.0170000002981396,3.181199999744422,0.1254999997399863,0.0286000004052766,11.985699999968348,0.1234000001204549,0.0,15.461599999980535,15.503799999351031,15.468399999917892,500,500,333.0,1501.5015015015017,,False,12.221700000736746
4295,exp1-completion-paced,66,264,0.265699999545177,1.2640000004466856,33.69649999967805,32.43249999923137,0.0188000003618071,16.41470000049594,500,265,13.01899999998568,16.457900000204972,False,265,0.0189000002137618,0.0242999994952697,0.0176000003193621,3.101999999671534,0.1236999996763188,0.0308000007862574,13.01899999998568,0.1212999995914287,0.0,16.41470000049594,16.457900000204972,16.421499999523803,500,500,333.0,1501.5015015015017,,False,17.23859999947308
4296,exp1-completion-paced,66,264,0.2586000000519561,2.782100000331411,23.312000000260014,20.5298999999286,0.0299000002996763,15.023399999336108,500,266,11.661800000183575,15.068199999404897,False,266,0.0208999999813386,0.0239000000874511,0.0172999998540035,3.06910000017524,0.1225999994858284,0.0305000003208988,11.661800000183575,0.1219999994646059,0.0,15.023399999336108,15.068199999404897,15.030900000056135,500,500,333.0,1501.5015015015017,,False,8.243800000855117
4297,exp1-completion-paced,66,264,0.2730999995037564,1.124800000070536,28.024199999890698,26.89939999982016,0.0204000007215654,15.182500000264554,500,267,11.837799999739218,15.224200000375276,False,267,0.019099999917671,0.0226000001930515,0.0172000000020489,3.0452999999397434,0.124300000607036,0.0307000000248081,11.837799999739218,0.1271000000997446,0.0,15.182500000264554,15.224200000375276,15.189400000053864,500,500,333.0,1501.5015015015017,,False,12.799999999515421
4298,exp1-completion-paced,66,264,0.3075999993598088,2.2434000002249377,39.806400000088615,37.56299999986368,0.0307999998767627,15.091600000232576,500,268,11.812300000201503,15.144099999815808,False,268,0.0196999999388935,0.0327999996443395,0.0187000005098525,2.9896999994889484,0.1213000005009234,0.0272999996013822,11.812300000201503,0.1222000000780099,0.0,15.091600000232576,15.144099999815808,15.098500000021886,500,500,333.0,1501.5015015015017,,False,24.662300000272808
4299,exp1-completion-paced,66,264,0.2776000001176726,1.2628000004042406,32.77410000009695,31.51129999969271,0.019099999917671,17.02430000023014,500,269,13.395699999819044,17.0670000006794,False,269,0.0192000006791204,0.0234999997701379,0.0183000001925393,3.3049999992726957,0.1240000001416774,0.0398000001951004,13.395699999819044,0.1413999998476356,0.0,17.02430000023014,17.0670000006794,17.03099999940605,500,500,333.0,1501.5015015015017,,False,15.70709999941755
4300,exp1-completion-paced,66,264,0.2554000002419343,2.7827000003526337,36.10470000057831,33.32200000022567,0.0201000002562068,15.432099999998172,500,270,12.03429999986838,15.47969999955967,False,270,0.0208999999813386,0.0266999995801597,0.0188000003618071,3.1011999999464024,0.1249999995707185,0.0280000003840541,12.03429999986838,0.1246000001628999,0.0,15.432099999998172,15.47969999955967,15.439599999808706,500,500,333.0,1501.5015015015017,,False,20.62500000101864
4301,exp1-completion-paced,66,264,0.4656000000977656,0.5089999995107064,44.26650000004884,43.75750000053813,0.0270000000455183,29.90270000009332,500,271,23.116899999877205,30.134100000395847,False,271,0.0312000001940759,0.2002000001084525,0.0259999997069826,6.1284000003070105,0.2341999997952371,0.1137999997808947,23.116899999877205,0.2831000001606298,0.0,29.90270000009332,30.134100000395847,29.914300000200456,500,500,333.0,1501.5015015015017,,False,14.132399999652996
4302,exp1-completion-paced,66,264,0.4707999996753642,2.552199999627192,40.38029999992432,37.82810000029713,0.0349000001733657,30.229299999518844,500,272,23.2136000004175,30.307799999718554,False,272,0.03870000000461,0.0398000001951004,0.0279999994745594,6.355500000609027,0.2442999993945704,0.1197999999931198,23.2136000004175,0.2678999999261577,0.0,30.229299999518844,30.307799999718554,30.238199999985227,500,500,333.0,1501.5015015015017,,False,10.072500000205764
4303,exp1-completion-paced,66,264,0.4725999997390318,2.516099999411381,44.74179999942862,42.22570000001724,0.0215000000025611,29.612100000122155,500,273,22.751199999220265,29.671899999812013,False,273,0.0225000003410968,0.037299999348761,0.0268000003416091,6.2474999995174585,0.2394000002823304,0.111500000457454,22.751199999220265,0.2355000005991314,0.0,29.612100000122155,29.671899999812013,29.6226000000388,500,500,333.0,1501.5015015015017,,False,15.06989999961661
4304,exp1-completion-paced,66,264,0.4754999999931897,3.1400999996549217,52.77299999943352,49.6328999997786,0.0325000000884756,30.598899999858983,500,274,23.458699999537203,30.671600000459875,False,274,0.028299999939918,0.0444000006609712,0.0295999998343177,6.474300000263611,0.2589999994597747,0.1194000005853013,23.458699999537203,0.2575999997134204,0.0,30.598899999858983,30.671600000459875,30.611099999987346,500,500,333.0,1501.5015015015017,,False,22.101399998973648
4305,exp1-completion-paced,66,264,0.2780000004349858,1.3450000005832408,49.75600000034319,48.41099999975995,0.0272000006589223,25.79149999928632,500,275,22.179999999934807,25.841299999228795,False,275,0.0211999995372025,0.0286000004052766,0.0197999997908482,3.164900000228954,0.1251999992746277,0.0302000007650349,22.179999999934807,0.2710999997361796,0.0,25.79149999928632,25.841299999228795,25.79890000015439,500,500,333.0,1501.5015015015017,,False,23.914700001114397
4306,exp1-completion-paced,66,264,0.2920000006270129,4.6609999999418505,30.08979999958683,25.42879999964498,0.0463000005765934,17.115800000283343,500,276,13.506299999789915,17.17469999948662,False,276,0.0238999991779564,0.0350000000253203,0.0201000002562068,3.168799999912153,0.1341000006505055,0.030999999580672,13.506299999789915,0.255200000538025,0.0,17.115800000283343,17.17469999948662,17.124300000432413,500,500,333.0,1501.5015015015017,,False,12.91510000010021
4307,exp1-completion-paced,66,264,0.300700000479992,1.198100000692648,40.81820000010339,39.62009999941074,0.0267000004896544,25.103699999817763,500,277,21.459999999933643,25.144999999611173,False,277,0.0200999993467121,0.0212000004466972,0.0167999996847356,3.195600000253762,0.128200000290235,0.0298999993901816,21.459999999933643,0.2730000005612965,0.0,25.103699999817763,25.144999999611173,25.110000000495347,500,500,333.0,1501.5015015015017,,False,15.673200000492216
4308,exp1-completion-paced,66,264,0.2801000000545173,1.1841000005006208,55.466700000579294,54.28260000007867,0.0284999996438273,30.87020000020857,500,278,24.02160000019649,30.92610000021523,False,278,0.0239999999394058,0.0319000000672531,0.0225000003410968,6.2343999998120125,0.2399000004515983,0.1102999995055142,24.02160000019649,0.2412000003459979,0.0,30.87020000020857,30.92610000021523,30.875700000251527,500,500,333.0,1501.5015015015017,,False,24.540600000364066
4309,exp1-completion-paced,66,264,0.4587999992509139,5.589999999756401,53.829700000278535,48.23970000052213,0.029499999982363,29.95219999957044,500,279,22.90439999978844,30.00919999976759,False,279,0.0299000002996763,0.027099999897473,0.0197999997908482,6.403500000487838,0.2422999996269936,0.1155999998445622,22.90439999978844,0.2663000004758942,0.0,29.95219999957044,30.00919999976759,29.95939999982511,500,500,333.0,1501.5015015015017,,False,23.820500000510947
4310,exp1-completion-paced,66,264,0.4890999998679035,0.0768999998399522,44.74709999976767,44.67019999992772,0.0226000001930515,27.92219999992085,500,280,20.841900000050373,27.99810000033176,False,280,0.0313000000460306,0.0446000003648805,0.0287000002572312,6.38269999944896,0.3854000005958369,0.1527999993413686,20.841900000050373,0.1305000005231704,0.0,27.92219999992085,27.99810000033176,27.933400000620168,500,500,333.0,1501.5015015015017,,False,16.74899999943591
4311,exp1-completion-paced,66,264,0.2590000003692694,2.7632000001176493,38.376700000299024,35.613500000181375,0.0215999998545157,17.946100000699516,500,281,14.446700000007697,17.99120000032417,False,281,0.0195000002349843,0.0255999993896693,0.0161000007210532,3.192699999999604,0.1281999993807403,0.0334000005750567,14.446700000007697,0.1289000001634122,0.0,17.946100000699516,17.99120000032417,17.95510000010836,500,500,333.0,1501.5015015015017,,False,20.385499999974854
4312,exp1-completion-paced,66,264,0.4561999994621146,2.5451000001339708,31.08980000070005,28.54470000056608,0.0297999995382269,15.198799999780022,500,282,11.704900000040652,15.257000000019616,False,282,0.0289999998130952,0.0292000004264991,0.0281000002360087,3.172300000187533,0.1344999991488293,0.0312000001940759,11.704900000040652,0.1276000002690125,0.0,15.198799999780022,15.257000000019616,15.207000000373228,500,500,333.0,1501.5015015015017,,False,15.832800000680432
4313,exp1-completion-paced,66,264,0.2810000005410984,2.216999999291147,31.153299999459705,28.93630000016856,0.0288999999611405,22.985999999946216,500,283,18.037599999843223,23.036500000671367,False,283,0.0247000007220776,0.0258000000030733,0.0198999996428028,4.6130999999149935,0.1367000004393048,0.0307999998767627,18.037599999843223,0.1476999996157246,0.0,22.985999999946216,23.036500000671367,22.993200000200886,500,500,333.0,1501.5015015015017,,False,8.116799998788338
4314,exp1-completion-paced,66,264,0.449599999228667,2.5514999997540144,35.39550000004965,32.84400000029564,0.0213000002986518,18.46400000067661,500,284,14.88580000022921,18.50990000002639,False,284,0.0198999996428028,0.0259999997069826,0.0293000002784538,3.1207000001813867,0.1280999995287857,0.0298000004477216,14.88580000022921,0.2699999995456892,0.0,18.46400000067661,18.50990000002639,18.4715999994296,500,500,333.0,1501.5015015015017,,False,16.88560000002326
4315,exp1-completion-paced,66,264,0.2673999997568899,1.3242999993963167,34.24659999927826,32.92229999988194,0.0192999996215803,15.625799999725132,500,285,12.205999999423511,15.6686999998783,False,285,0.0195000002349843,0.0233999999181833,0.0178000000232714,3.123299999970186,0.1307000002270797,0.0275000002147862,12.205999999423511,0.1203000001623877,0.0,15.625799999725132,15.6686999998783,15.632699999514443,500,500,333.0,1501.5015015015017,,False,18.57789999939996
4316,exp1-completion-paced,66,264,0.2688000004127389,2.2488000004159403,33.760500000425964,31.511700000010023,0.0253999996857601,17.168999999739754,500,286,13.42949999980192,17.21559999987221,False,286,0.0202999999601161,0.0263000001723412,0.0179999997271806,3.278899999713758,0.1307000002270797,0.0299000002996763,13.42949999980192,0.2818000002662302,0.0,17.168999999739754,17.21559999987221,17.1768999998676,500,500,333.0,1501.5015015015017,,False,16.544900000553753
4317,exp1-completion-paced,66,264,0.2833999997164937,1.180999999633059,48.38740000013786,47.2064000005048,0.0216000007640104,30.1246999997602,500,287,23.38770000005752,30.18999999949301,False,287,0.0222999997276929,0.0430000000051222,0.0289999998130952,6.115600000157428,0.2357000003030407,0.112499999886495,23.38770000005752,0.2438999999867519,0.0,30.1246999997602,30.18999999949301,30.135199999676843,500,500,333.0,1501.5015015015017,,False,18.197400000644848
4318,exp1-completion-paced,66,264,0.2799999992930679,1.1783999998442596,39.45500000008906,38.2766000002448,0.0196999999388935,24.08209999975952,500,288,17.34149999992951,24.356199999601813,False,288,0.0210999996852478,0.2530000001570442,0.0254999995377147,6.226200000128301,0.2303000001120381,0.1142999999501626,17.34149999992951,0.1441000003978843,0.0,24.08209999975952,24.356199999601813,24.09200000056444,500,500,333.0,1501.5015015015017,,False,15.098800000487245
4319,exp1-completion-paced,66,264,0.4752999993797857,0.0694999998813727,46.23379999975441,46.16429999987304,0.0233000000662286,28.99999999954161,500,289,22.24099999966711,29.26320000005944,False,289,0.0319000000672531,0.2313000004505738,0.0275000002147862,6.17099999999482,0.239500000134285,0.1157999995484715,22.24099999966711,0.2050000002782326,0.0,28.99999999954161,29.26320000005944,29.0114999997968,500,500,333.0,1501.5015015015017,,False,16.97059999969497
4320,exp1-completion-paced,66,264,0.2770000000964501,0.051799999710056,51.001499999983935,50.94970000027388,0.0239000000874511,29.602100000374776,500,290,22.785799999837764,29.64810000048601,False,290,0.0215000000025611,0.0245000001086737,0.0385000003007007,6.199399999786692,0.2437000002828426,0.1099000000976957,22.785799999837764,0.2244999996037222,0.0,29.602100000374776,29.64810000048601,29.609700000037265,500,500,333.0,1501.5015015015017,,False,21.353399999497924
4321,exp1-completion-paced,66,264,0.2754999995886464,0.7128999995984486,32.84059999987221,32.12770000027376,0.0264000000242958,15.009400000053574,500,291,11.569000000235974,15.06619999963732,False,291,0.0301999998555402,0.0265999997282051,0.0185999997484032,3.140499999972235,0.1271000000997446,0.0300000001516309,11.569000000235974,0.124099999993632,0.0,15.009400000053574,15.06619999963732,15.016600000308244,500,500,333.0,1501.5015015015017,,False,17.77440000023489
4322,exp1-completion-paced,66,264,0.4781999996339436,2.5688999994599726,50.91909999919153,48.35019999973156,0.0341000004482339,29.914499999904365,500,292,22.984399999586454,29.99759999966045,False,292,0.0240999997913604,0.0589999999647261,0.0211999995372025,6.265300000450225,0.2414000000499072,0.1160000001618755,22.984399999586454,0.2858999996533384,0.0,29.914499999904365,29.99759999966045,29.922499999884167,500,500,333.0,1501.5015015015017,,False,20.92149999953108
4323,exp1-completion-paced,66,264,0.4893000004813075,0.0806999996711965,43.76039999988279,43.6797000002116,0.0334999995175167,29.8609999999826,500,293,22.90699999957724,29.931199999737142,False,293,0.0279999994745594,0.0422000002799904,0.0304999994114041,6.3292000004366855,0.2335999997740145,0.1097000003937864,22.90699999957724,0.2506999999241088,0.0,29.8609999999826,29.931199999737142,29.872699999941688,500,500,333.0,1501.5015015015017,,False,13.82920000014565
4324,exp1-completion-paced,66,264,0.484399999550078,2.5507999998808373,52.37899999974616,49.82819999986532,0.0445999994553858,30.587000000195985,500,294,23.51619999990362,30.663499999718624,False,294,0.0301999998555402,0.0462999996670987,0.0313999998979852,6.416600000193284,0.2529000003050896,0.1188999995065387,23.51619999990362,0.2507000008336035,0.0,30.587000000195985,30.663499999718624,30.599500000789703,500,500,333.0,1501.5015015015017,,False,21.71550000002754
4325,exp1-completion-paced,66,264,0.2813000000969623,1.3702000005650916,39.89129999990837,38.52109999934328,0.0290000007225899,20.055599999977854,500,295,16.408899999987625,20.099200000004203,False,295,0.0197999997908482,0.0238000002354965,0.0180999995791353,3.33520000003773,0.1298000006499933,0.0279999994745594,16.408899999987625,0.1354000005449052,0.0,20.055599999977854,20.099200000004203,20.062500000676664,500,500,333.0,1501.5015015015017,,False,19.792099999904167
4326,exp1-completion-paced,66,264,0.2563999996709754,2.7687000001606066,25.66500000011729,22.89629999995668,0.0173999997059581,16.23340000060125,500,296,11.820900000202528,16.35800000076415,False,296,0.0204000007215654,0.1041999994413345,0.0249000004259869,4.100600000128907,0.132099999973434,0.0293999992209137,11.820900000202528,0.1252000001841224,0.0,16.23340000060125,16.35800000076415,16.24329999958718,500,500,333.0,1501.5015015015017,,False,9.306999999353138
4327,exp1-completion-paced,66,264,0.2551000006860704,1.2323000000833415,38.77850000026229,37.54620000017894,0.0198000007003429,15.419199999996636,500,297,11.849000000438537,15.47000000027765,False,297,0.0267000004896544,0.0240999997913604,0.0172999998540035,3.2742000003054272,0.1251999992746277,0.0293000002784538,11.849000000438537,0.1240000001416774,0.0,15.419199999996636,15.47000000027765,15.425400000822265,500,500,333.0,1501.5015015015017,,False,23.30849999998464
4328,exp1-completion-paced,66,264,0.2773000005618087,2.701800000068033,31.151999999565305,28.450199999497272,0.0186999996003578,16.381599999476748,500,298,12.529999999969732,16.42489999994723,False,298,0.0191999997696257,0.0241000007008551,0.0170999992405995,3.3569000006536958,0.2330999996047467,0.1121000004786765,12.529999999969732,0.132099999973434,0.0,16.381599999476748,16.42489999994723,16.387800000302377,500,500,333.0,1501.5015015015017,,False,14.727099999618076
4329,exp1-completion-paced,66,264,0.2592999999251333,2.8291999997236417,40.55280000011408,37.723600000390434,0.0341000004482339,26.008600000750448,500,299,20.936400000209687,26.10810000078345,False,299,0.029700000595767,0.0697999994372366,0.0282000000879634,4.601800000273215,0.1327999998466111,0.0330000002577435,20.936400000209687,0.276099999609869,0.0,26.008600000750448,26.10810000078345,26.01940000022296,500,500,333.0,1501.5015015015017,,False,14.444699999330634
4330,exp1-completion-paced,66,264,0.4728000003524357,2.557899999374058,48.26989999946818,45.71200000009412,0.0288999999611405,29.962999999952444,500,300,23.132199999963632,30.072899999140645,False,300,0.0215999998545157,0.0882999993336852,0.0261000004684319,6.156800000098883,0.244899999415793,0.117800000225543,23.132199999963632,0.2849000002242974,0.0,29.962999999952444,30.072899999140645,29.972799999995917,500,500,333.0,1501.5015015015017,,False,18.197000000327535
4331,exp1-completion-paced,66,264,0.481999999465188,0.9921000000758796,44.58780000004481,43.59569999996893,0.0356000000465428,25.833200000306533,500,301,18.90789999924891,25.89799999987008,False,301,0.0218999994103796,0.0429000001531676,0.0271999997494276,6.292000000030384,0.268300000243471,0.2049000004262779,18.90789999924891,0.1326999999946565,0.0,25.833200000306533,25.89799999987008,25.843499999609776,500,500,333.0,1501.5015015015017,,False,18.689800000174728
4332,exp1-completion-paced,66,264,0.2853000005416106,0.0573000006625079,26.185200000327317,26.127899999664805,0.0208000001293839,15.047699999740871,500,302,11.563500000193017,15.10729999972682,False,302,0.0215000000025611,0.0380999999833875,0.0492999997732113,3.14170000001468,0.1364999998259009,0.0307999998767627,11.563500000193017,0.1257000003533903,0.0,15.047699999740871,15.10729999972682,15.055300000312856,500,500,333.0,1501.5015015015017,,False,11.077900000600497
4333,exp1-completion-paced,66,264,0.283800000033807,1.2974000001122477,38.84139999991021,37.54399999979796,0.0208999999813386,19.207899999855726,500,303,15.753699999550008,19.261899999946763,False,303,0.0257000001511187,0.028299999939918,0.0183000001925393,3.111799999715004,0.1277000001209671,0.028500000553322,15.753699999550008,0.1676000001680222,0.0,19.207899999855726,19.261899999946763,19.214800000554533,500,500,333.0,1501.5015015015017,,False,19.579499999963446
4334,exp1-completion-paced,66,264,0.2820999998220941,2.7577999999266467,45.93840000052296,43.18060000059632,0.0221000000237836,30.038300000342133,500,304,23.08790000006411,30.328499999995984,False,304,0.0258000000030733,0.2643999996507773,0.0260999995589372,6.319300000541261,0.2446999997118837,0.1185000000987201,23.08790000006411,0.2415999997538165,0.0,30.038300000342133,30.328499999995984,30.04849999979342,500,500,333.0,1501.5015015015017,,False,15.609900000526977
4335,exp1-completion-paced,66,264,0.4453999999896041,1.1032000002160205,47.87450000003446,46.77129999981844,0.0423000001319451,29.751899999610032,500,305,22.766000000046915,29.855699999643548,False,305,0.0319999999192077,0.0718000001143082,0.0248999995164922,6.331000000500353,0.2432999999655294,0.1186999998026294,22.766000000046915,0.2678000000742031,0.0,29.751899999610032,29.855699999643548,29.76109999963228,500,500,333.0,1501.5015015015017,,False,18.01880000039091
4336,exp1-completion-paced,66,264,0.4374999998617568,4.171499999756634,47.38299999917217,43.21149999941554,0.0243000004047644,30.31710000050225,500,306,23.052800000186835,30.376100000466977,False,306,0.0221999998757382,0.0368000000889878,0.0295999998343177,6.612200000745361,0.2518999999665539,0.1153999992311582,23.052800000186835,0.2549000000726664,0.0,30.31710000050225,30.376100000466977,30.328799999551848,500,500,333.0,1501.5015015015017,,False,17.006899998705194
4337,exp1-completion-paced,66,264,0.4820999993171426,2.953199999865319,53.77510000016628,50.82190000030096,0.021799999558425,30.000899999322428,500,307,22.977000000537373,30.074499999500404,False,307,0.0296999996862723,0.0439000004917033,0.0288000001091859,6.417199999305012,0.2443000003040651,0.1144999996540718,22.977000000537373,0.2187999998568557,0.0,30.000899999322428,30.074499999500404,30.01140000014857,500,500,333.0,1501.5015015015017,,False,23.70060000066588
4338,exp1-completion-paced,66,264,0.2763000002232729,2.853200000572542,41.33139999976265,38.47819999919011,0.0175999994098674,15.33700000072713,500,308,11.804100000517792,15.380600000753477,False,308,0.0186000006578979,0.0249999993684468,0.0172000000020489,3.218600000764127,0.1393999991705641,0.0307000000248081,11.804100000517792,0.1268999994863406,0.0,15.33700000072713,15.380600000753477,15.343499999289634,500,500,333.0,1501.5015015015017,,False,25.950799999009178
4339,exp1-completion-paced,66,264,0.2682000003915163,0.7924000001366949,31.72320000066975,30.93080000053305,0.0206000004254747,15.309200000046983,500,309,11.834999999337017,15.348900000390133,False,309,0.0176000003193621,0.0221000000237836,0.0279999994745594,3.1679000003350666,0.1246000001628999,0.0301000000035855,11.834999999337017,0.1234000001204549,0.0,15.309200000046983,15.348900000390133,15.31509999949776,500,500,333.0,1501.5015015015017,,False,16.374300000279618
4340,exp1-completion-paced,66,264,0.2590000003692694,1.215299999785202,38.37100000055216,37.15570000076696,0.0559000000066589,17.598399999769754,500,310,13.45339999988937,17.650400000093214,False,310,0.0204999996640253,0.0315000006594345,0.0179999997271806,3.824200000053679,0.1277999999729218,0.029499999982363,13.45339999988937,0.1452999995308346,0.0,17.598399999769754,17.650400000093214,17.605999999432242,500,500,333.0,1501.5015015015017,,False,20.720600000458944
4341,exp1-completion-paced,66,264,0.2773999995042686,0.0572999997530132,48.86369999985618,48.80640000010317,0.0364999996236292,27.737700000216137,500,311,22.52549999957409,27.78370000032737,False,311,0.0206000004254747,0.0253999996857601,0.0182000003405846,4.576199999974051,0.2631999996083323,0.1216000000567874,22.52549999957409,0.2327000001969281,0.0,27.737700000216137,27.78370000032737,27.744699999857403,500,500,333.0,1501.5015015015017,,False,21.07999999952881
4342,exp1-completion-paced,66,264,0.4901000002064393,1.0791000004246598,50.73970000012196,49.6605999996973,0.019300000531075,29.812699999638426,500,312,22.990200000094774,29.885799999647134,False,312,0.0301000000035855,0.0430000000051222,0.0307000000248081,6.184900000334892,0.2410999995845486,0.1173000000562751,22.990200000094774,0.2481999999872641,0.0,29.812699999638426,29.885799999647134,29.825499999788008,500,500,333.0,1501.5015015015017,,False,20.853900000474823
4343,exp1-completion-paced,66,264,0.3765000001294538,1.267099999495258,33.67379999963305,32.40670000013779,0.0288999999611405,15.120099999876402,500,313,11.663100000077977,15.171899999586458,False,313,0.0250999992204015,0.0267000004896544,0.0189000002137618,3.1536999995296355,0.1260999997612089,0.0301000000035855,11.663100000077977,0.1280000005863257,0.0,15.120099999876402,15.171899999586458,15.12780000030034,500,500,333.0,1501.5015015015017,,False,18.50190000004659
4344,exp1-completion-paced,66,264,0.5070999995950842,0.2394000002823304,44.72939999959635,44.48999999931402,0.0223999995796475,29.723399999966205,500,314,22.85699999993085,29.97609999965789,False,314,0.0289999998130952,0.2236999998785904,0.0254999995377147,6.246300000384508,0.2434999996694387,0.1165000003311433,22.85699999993085,0.2343000005566864,0.0,29.723399999966205,29.97609999965789,29.733800000030897,500,500,333.0,1501.5015015015017,,False,14.753299999938463
4345,exp1-completion-paced,66,264,0.2866000004360103,2.2323000002870685,38.296400000035646,36.06409999974858,0.0188000003618071,23.934000000735978,500,315,17.145499999969616,24.009900000237398,False,315,0.0312000001940759,0.0446999993073404,0.0292000004264991,6.236000000171771,0.2438999999867519,0.1164999994216486,17.145499999969616,0.1627000001462875,0.0,23.934000000735978,24.009900000237398,23.94709999953193,500,500,333.0,1501.5015015015017,,False,14.286499999798249
4346,exp1-completion-paced,66,264,0.2726000002439832,1.215299999785202,25.31240000007529,24.097100000290084,0.0227999998969608,15.28500000040367,500,316,11.807199999566365,15.331300000070769,False,316,0.0208000001293839,0.0254999995377147,0.0190000000657164,3.1754000001456006,0.1265000000785221,0.0275000002147862,11.807199999566365,0.1291999997192761,0.0,15.28500000040367,15.331300000070769,15.292699999918112,500,500,333.0,1501.5015015015017,,False,9.98110000000452
4347,exp1-completion-paced,66,264,0.4484999999476713,0.2560000002631568,52.72980000063399,52.47380000037083,0.0321000006806571,30.26110000064364,500,317,23.21340000071359,30.32660000008036,False,317,0.0277999997706501,0.0376999996660742,0.0299000002996763,6.422200000088196,0.2493000001777545,0.1165999992736033,23.21340000071359,0.2293999996254569,0.0,30.26110000064364,30.32660000008036,30.27229999952397,500,500,333.0,1501.5015015015017,,False,22.403200000553632
4348,exp1-completion-paced,66,264,0.4813999994439655,0.0778000003265333,50.804100000277685,50.72629999995115,0.0288999999611405,30.472599999484373,500,318,23.55100000022503,30.54049999991548,False,318,0.0317000003633438,0.0362000000677653,0.0303999995594494,6.259200000386045,0.2531000000089989,0.1174999997601844,23.55100000022503,0.2610999999888008,0.0,30.472599999484373,30.54049999991548,30.484699999760775,500,500,333.0,1501.5015015015017,,False,20.263600000362207
4349,exp1-completion-paced,66,264,0.4914999999527936,2.0847999994657584,46.65119999935996,44.5663999998942,0.0219000003198743,30.45040000051813,500,319,23.173200000201177,30.53360000012617,False,319,0.0277999997706501,0.055399999837391,0.0206000004254747,6.646499999988009,0.2478999995219055,0.1188000005640788,23.173200000201177,0.2430999993521254,0.0,30.45040000051813,30.53360000012617,30.457199999545992,500,500,333.0,1501.5015015015017,,False,16.11759999923379
4350,exp1-completion-paced,66,264,0.4900000003544846,0.0747000003684661,54.81610000060755,54.74140000023908,0.0206000004254747,30.056100000365404,500,320,23.0504999999539,30.122600000140665,False,320,0.0301000000035855,0.0363999997716746,0.0250000002779415,6.367500000123982,0.2549999999246211,0.119000000267988,23.0504999999539,0.2388000002611079,0.0,30.056100000365404,30.122600000140665,30.06640000057814,500,500,333.0,1501.5015015015017,,False,24.693500000466884
4351,exp1-completion-paced,66,264,0.2766000006886315,4.3179000003874535,29.702000000725093,25.38410000033764,0.0194000003830296,17.434899999898334,500,321,13.781900000140013,17.483900000115682,False,321,0.0213000002986518,0.0276999999186955,0.0185999997484032,3.3438999998907093,0.1298999995924532,0.0293000002784538,13.781900000140013,0.1310999996348982,0.0,17.434899999898334,17.483900000115682,17.442699999264732,500,500,333.0,1501.5015015015017,,False,12.218100000609411
4352,exp1-completion-paced,66,264,0.449799999842071,0.0758000005589565,36.4889000002222,36.413099999663245,0.0221000000237836,29.52209999966726,500,322,22.807100000136412,29.81950000048528,False,322,0.0314000008074799,0.2660000000105356,0.0274999993052915,6.103400000029069,0.2377000000706175,0.1167000000350526,22.807100000136412,0.2293999996254569,0.0,29.52209999966726,29.81950000048528,29.53259999958391,500,500,333.0,1501.5015015015017,,False,6.669399999736921
4353,exp1-completion-paced,66,264,0.4591000006257673,1.022200000079465,50.47420000028069,49.45200000020122,0.024199999643315,27.11540000018431,500,323,23.07459999974526,27.173299999958545,False,323,0.0320999997711624,0.0258000000030733,0.0197999997908482,3.440999999838823,0.2340000000913278,0.1148000001194304,23.07459999974526,0.2309999999852152,0.0,27.11540000018431,27.173299999958545,27.123199999550707,500,500,333.0,1501.5015015015017,,False,23.300900000322144
4354,exp1-completion-paced,66,264,0.29519999952754,2.223299999968731,38.86140000031446,36.63810000034573,0.0193999994735349,16.533800000615884,500,324,12.921800000185613,16.594400000030873,False,324,0.017899999875226,0.0426999995397636,0.0255000004472094,3.2688000001144246,0.1266999997824314,0.0301999998555402,12.921800000185613,0.1605999996172613,0.0,16.533800000615884,16.594400000030873,16.540300000087882,500,500,333.0,1501.5015015015017,,False,22.267000000283588
4355,exp1-completion-paced,66,264,0.4414999993969104,2.085600000100385,50.2091999996992,48.12359999959881,0.0227999998969608,29.708099999879774,500,325,22.913200000402867,29.782800000248244,False,325,0.0331000001096981,0.0416000002587679,0.0295999998343177,6.173499999931664,0.2420000000711297,0.1113999996960046,22.913200000402867,0.238099999478436,0.0,29.708099999879774,29.782800000248244,29.719199999817647,500,500,333.0,1501.5015015015017,,False,20.426399999450958
4356,exp1-completion-paced,66,264,0.4602999997587176,1.0278999998263316,26.455199999873003,25.42730000004667,0.0190000000657164,15.107899999748042,500,326,11.604000000261294,15.156600000409526,False,326,0.0206000004254747,0.0281000002360087,0.0274999993052915,3.185600000506384,0.1284999998460989,0.0278999996226048,11.604000000261294,0.1342000005024601,0.0,15.107899999748042,15.156600000409526,15.115300000616116,500,500,333.0,1501.5015015015017,,False,11.298599999463477
4357,exp1-completion-paced,66,264,0.2631999996083323,0.0527000001966371,38.03040000002511,37.97769999982848,0.019099999917671,16.253400000096008,500,327,12.58010000037757,16.298300000016752,False,327,0.0208000001293839,0.0240999997913604,0.0179999997271806,3.362100000231294,0.1364999998259009,0.030999999580672,12.58010000037757,0.125599999591941,0.0,16.253400000096008,16.298300000016752,16.26019999912387,500,500,333.0,1501.5015015015017,,False,21.73210000000836
4358,exp1-completion-paced,66,264,0.2744999992501107,4.7365000000354485,36.77499999957945,32.038499999544,0.0306000001728534,14.888300000166057,500,328,11.456999999609252,14.93670000036218,False,328,0.0221000000237836,0.0263000001723412,0.0180000006366753,3.130699999928765,0.1287999994019628,0.0287000002572312,11.456999999609252,0.1249000006282585,0.0,14.888300000166057,14.93670000036218,14.89540000056877,500,500,333.0,1501.5015015015017,,False,21.83829999921727
4359,exp1-completion-paced,66,264,0.4440999991857097,0.0732999997126171,38.63339999952586,38.56009999981325,0.0216999997064704,29.243500000120548,500,329,22.38460000080522,29.300800000783056,False,329,0.0214000001506065,0.0359000005119014,0.2070000000458094,6.090299999414128,0.2301000004081288,0.1096999994842917,22.38460000080522,0.2215999993495643,0.0,29.243500000120548,29.300800000783056,29.24910000001546,500,500,333.0,1501.5015015015017,,False,9.3325999987428
4360,exp1-completion-paced,66,264,0.279699999737204,0.7690000002185116,48.46160000033706,47.69260000011855,0.0227999998969608,25.83649999996851,500,330,20.50229999986186,25.884100000439503,False,330,0.0227000000450061,0.0249000004259869,0.0192999996215803,4.718199999842909,0.2432999999655294,0.1183000003948109,20.50229999986186,0.2347999998164596,0.0,25.83649999996851,25.884100000439503,25.844199999482957,500,500,333.0,1501.5015015015017,,False,22.577499999897555
4361,exp1-completion-paced,66,264,0.2759999997579143,1.1526999996931409,33.73879999981,32.58610000011686,0.0196000000869389,15.291700000489072,500,331,11.716599999999744,15.346099999987928,False,331,0.0227999998969608,0.0315999996018945,0.019300000531075,3.268399999797112,0.1296000000365893,0.029499999982363,11.716599999999744,0.128200000290235,0.0,15.291700000489072,15.346099999987928,15.29830000072252,500,500,333.0,1501.5015015015017,,False,18.39269999982207
4362,exp1-completion-paced,66,264,0.2797999995891587,1.710800000182644,31.098000000383763,29.38720000020112,0.0307000000248081,20.401499999934455,500,332,13.519299999643408,20.51149999988411,False,332,0.0202999999601161,0.0896999999895342,0.0250000002779415,6.396699999640987,0.1731000002109795,0.0331000001096981,13.519299999643408,0.2539000006436254,0.0,20.401499999934455,20.51149999988411,20.41110000027402,500,500,333.0,1501.5015015015017,,False,10.586500000499655
4363,exp1-completion-paced,66,264,0.2792000004774309,0.0516999998581013,51.26369999925373,51.21199999939563,0.0294000001304084,30.691400000250724,500,333,23.82949999991979,30.760900000132096,False,333,0.0305000003208988,0.0389999995604739,0.0268000003416091,6.16230000014184,0.252399999226327,0.1193000007333466,23.82949999991979,0.3006999995704973,0.0,30.691400000250724,30.760900000132096,30.702699999892506,500,500,333.0,1501.5015015015017,,False,20.502799999121635
4364,exp1-completion-paced,66,264,0.45360000058281,1.057599999512604,46.30379999980505,45.24620000029245,0.0346000006175017,29.33379999922181,500,334,22.61339999949996,29.440799999974843,False,334,0.036000000363856,0.0710000003891764,0.0259999997069826,6.132599999546073,0.2315000001544831,0.1102000005630543,22.61339999949996,0.2199000000473461,0.0,29.33379999922181,29.440799999974843,29.344200000196,500,500,333.0,1501.5015015015017,,False,16.86299999983021
4365,exp1-completion-paced,66,264,0.4687000000558328,1.0178000002269982,35.00010000061593,33.98230000038893,0.0196999999388935,22.987100000136707,500,335,16.157799999746203,23.13279999998485,False,335,0.0221000000237836,0.1235999998243642,0.0269000001935637,6.306199999926321,0.2551999996285303,0.1102000005630543,16.157799999746203,0.1306000003751251,0.0,22.987100000136707,23.13279999998485,22.997699999905308,500,500,333.0,1501.5015015015017,,False,11.86730000063108
4366,exp1-completion-paced,66,264,0.2872000004572328,6.885499999953026,42.92070000064996,36.03520000069693,0.0190000000657164,28.51699999973789,500,336,21.79089999935968,28.768399999535177,False,336,0.0284999996438273,0.2229000001534586,0.0267999994321144,6.220799999937299,0.2341000008527771,0.1149999998233397,21.79089999935968,0.1292000006287708,0.0,28.51699999973789,28.768399999535177,28.52870000060648,500,500,333.0,1501.5015015015017,,False,14.152300001114781
4367,exp1-completion-paced,66,264,0.257699999565375,0.0557000003027496,33.22140000000218,33.16569999969943,0.0208999999813386,16.20160000038595,500,337,12.507600000390084,16.24950000041281,False,337,0.0204999996640253,0.0274000003628316,0.0177000001713167,3.3864999995785183,0.1321999998253886,0.0280000003840541,12.507600000390084,0.1293999994231853,0.0,16.20160000038595,16.24950000041281,16.208899999583082,500,500,333.0,1501.5015015015017,,False,16.97189999958937
4368,exp1-completion-paced,66,264,0.2731000004132511,1.2188999999125372,35.76070000053733,34.54180000062479,0.0194000003830296,22.69479999995383,500,338,15.729599999758648,22.803099999691767,False,338,0.0202999999601161,0.0879999997778213,0.0177000001713167,6.463199999416247,0.2377000000706175,0.1176000005216337,15.729599999758648,0.1288000003114575,0.0,22.69479999995383,22.803099999691767,22.700299999996787,500,500,333.0,1501.5015015015017,,False,12.95760000084556
4369,exp1-completion-paced,66,264,0.446899999587913,2.572899999904621,35.66740000042046,33.09450000051584,0.0224000004891422,23.76379999986966,500,339,20.244000000275264,23.80859999993845,False,339,0.0212999993891571,0.0235000006796326,0.0187999994523124,3.0747999999221065,0.1296999998885439,0.0275000002147862,20.244000000275264,0.2685999997993349,0.0,23.76379999986966,23.80859999993845,23.770199999489705,500,500,333.0,1501.5015015015017,,False,11.858800000482006
4370,exp1-completion-paced,66,264,0.2740999998422921,0.0499999996463884,28.074800000467803,28.02480000082141,0.0213000002986518,15.6966000004104,500,340,12.272899999516085,15.741400000479189,False,340,0.0200000004042522,0.0247999996645376,0.0171000001500942,3.1282999998438754,0.1234999999724095,0.028500000553322,12.272899999516085,0.1260999997612089,0.0,15.6966000004104,15.741400000479189,15.70279999941704,500,500,333.0,1501.5015015015017,,False,12.333399999988615
4371,exp1-completion-paced,66,264,0.4630000003089662,0.0734000004740664,45.73309999977937,45.6596999993053,0.0210999996852478,26.904900000772614,500,341,20.140199999332253,26.957200000651937,False,341,0.0215000000025611,0.0307999998767627,0.0264000000242958,6.143300000076124,0.2288000005137291,0.1111000001401407,20.140199999332253,0.2548000002207118,0.0,26.904900000772614,26.957200000651937,26.915000000371947,500,500,333.0,1501.5015015015017,,False,18.775899999127432
4372,exp1-completion-paced,66,264,0.2615000003061141,1.2538999999378575,29.65420000055019,28.400300000612333,0.0204000007215654,15.310900000258698,500,342,11.947900000450318,15.360800000053132,False,342,0.0195000002349843,0.0303999995594494,0.0179999997271806,3.0510000005961047,0.1247999998668092,0.0314999997499398,11.947900000450318,0.1375000001644366,0.0,15.310900000258698,15.360800000053132,15.318200000365325,500,500,333.0,1501.5015015015017,,False,14.293400000497058
4373,exp1-completion-paced,66,264,0.2807000000757398,0.0549999995200778,41.97709999971266,41.922100000192586,0.0301000000035855,23.29219999955967,500,343,16.388699999879464,23.431900000105088,False,343,0.0442000000475673,0.0955000004978501,0.0251999999818508,6.387699999322649,0.2446000007694238,0.1198999998450744,16.388699999879464,0.1259999999092542,0.0,23.29219999955967,23.431900000105088,23.30299999994168,500,500,333.0,1501.5015015015017,,False,18.54519999960757
4374,exp1-completion-paced,66,264,0.2873999992516474,1.2703000002147746,34.31499999987864,33.04469999966386,0.028099999326514,17.02449999993405,500,344,12.518200000158686,17.07469999928435,False,344,0.0200999993467121,0.0301000000035855,0.0257000001511187,4.187300000012328,0.1327999998466111,0.0293000002784538,12.518200000158686,0.1310999996348982,0.0,17.02449999993405,17.07469999928435,17.034899999998743,500,500,333.0,1501.5015015015017,,False,17.24030000059429
4375,exp1-completion-paced,66,264,0.2438000001347973,0.064599999859638,51.22579999988375,51.16120000002411,0.0168000005942303,14.338500000121712,500,345,11.035699999411008,14.38270000016928,False,345,0.0197999997908482,0.024400000256719,0.0160999998115585,3.0276999996203813,0.1247000000148546,0.0292000004264991,11.035699999411008,0.1048000003720517,0.0,14.338500000121712,14.38270000016928,14.34530000005907,500,500,333.0,1501.5015015015017,,False,36.84309999971447
4376,exp1-completion-paced,66,264,0.2752000000327825,1.3122000000294065,44.8313999995662,43.5191999995368,0.0204999996640253,30.367500000465952,500,346,23.23549999982788,30.48510000007809,False,346,0.0276999999186955,0.0898999996934435,0.025899999855028,6.475700000009965,0.2468000002409098,0.119000000267988,23.23549999982788,0.2642999997988227,0.0,30.367500000465952,30.48510000007809,30.37820000008651,500,500,333.0,1501.5015015015017,,False,14.34629999948811
4377,exp1-completion-paced,66,264,0.4717000001619453,0.3217000003132853,47.73970000042027,47.418000000106986,0.0221999998757382,29.4992999997703,500,347,22.60500000011234,29.54779999981838,False,347,0.0226000001930515,0.025899999855028,0.0187999994523124,6.290900000749389,0.2396999998381943,0.1138999996328493,22.60500000011234,0.2308000002813059,0.0,29.4992999997703,29.54779999981838,29.507100000046197,500,500,333.0,1501.5015015015017,,False,18.19190000060189
4378,exp1-completion-paced,66,264,0.282599999991362,1.1950999996770406,49.525500000527245,48.33040000085021,0.0320999997711624,29.947899999569927,500,348,22.86169999933918,30.00359999987268,False,348,0.022000000171829,0.0337000001309206,0.0277999997706501,6.419800000003306,0.2530000001570442,0.1245000003109453,22.86169999933918,0.2607000005809823,0.0,29.947899999569927,30.00359999987268,29.958500000248023,500,500,333.0,1501.5015015015017,,False,19.521900000654565
4379,exp1-completion-paced,66,264,0.2738000002864282,2.719999999499123,34.186099999715225,31.4661000002161,0.0202000001081614,20.64300000074581,500,349,13.787800000500283,20.78350000010687,False,349,0.0192999996215803,0.1211999997394741,0.0546000001122592,6.327800000690331,0.2333999991606106,0.1148000001194304,13.787800000500283,0.1243999995494959,0.0,20.64300000074581,20.78350000010687,20.65279999987979,500,500,333.0,1501.5015015015017,,False,13.402599999608356
4380,exp1-completion-paced,66,264,0.2806000002237852,4.280699999981152,34.213800000543415,29.933100000562263,0.034599999708007,15.751599999930477,500,350,12.411200000315148,15.794900000400958,False,350,0.0186000006578979,0.0246999998125829,0.0172999998540035,3.028799999810872,0.1240000001416774,0.0282000000879634,12.411200000315148,0.1419000000169035,0.0,15.751599999930477,15.794900000400958,15.75830000001588,500,500,333.0,1501.5015015015017,,False,18.418900000142457
4381,exp1-completion-paced,66,264,0.2841000004991656,2.785600000606792,37.74359999988519,34.9579999992784,0.0233000000662286,14.989199999945413,500,351,11.626099999375583,15.043299999888404,False,351,0.0297999995382269,0.0243000004047644,0.0171000001500942,3.0614999996032566,0.1220000003741006,0.0276000000667409,11.626099999375583,0.1348000005236826,0.0,14.989199999945413,15.043299999888404,14.995600000474951,500,500,333.0,1501.5015015015017,,False,22.700299999996787
4382,exp1-completion-paced,66,264,0.316200000270328,3.810300000623101,32.132900000760856,28.322600000137754,0.0222999997276929,15.116499999749069,500,352,11.734099999557657,15.15800000015588,False,352,0.0176000003193621,0.0239000000874511,0.016499999219377,3.08610000047338,0.1242999996975413,0.0298000004477216,11.734099999557657,0.1254999997399863,0.0,15.116499999749069,15.15800000015588,15.1226999996652,500,500,333.0,1501.5015015015017,,False,16.974900000604976
4383,exp1-completion-paced,66,264,0.4416000001583597,0.0755000000935979,49.4234999996479,49.347999999554304,0.0304999994114041,26.39490000001388,500,353,19.51329999974405,26.49810000002617,False,353,0.0332999998136074,0.069900000198686,0.0246999998125829,6.251700000575511,0.2374999994572135,0.1159000003099208,19.51329999974405,0.25160000041069,0.0,26.39490000001388,26.49810000002617,26.40190000056464,500,500,333.0,1501.5015015015017,,False,22.92539999962173
4384,exp1-completion-paced,66,264,0.2609000002848916,1.273199999559438,41.248300000006566,39.97510000044713,0.0295999998343177,29.308299999684092,500,354,22.476400000414287,29.42999999959284,False,354,0.0267999994321144,0.0949000004766276,0.0509000001329695,6.2164999999367865,0.2360999997108592,0.1130000000557629,22.476400000414287,0.2151999997295206,0.0,29.308299999684092,29.42999999959284,29.318400000192923,500,500,333.0,1501.5015015015017,,False,11.818300000413725
4385,exp1-completion-paced,66,264,0.2738999992288882,0.064599999859638,31.223599999975704,31.159000000116063,0.0764999995226389,15.531299999565816,500,355,11.811500000476371,15.585399999508809,False,355,0.0185999997484032,0.0355000001945882,0.0167999996847356,3.411600000617909,0.1269999993382953,0.0270000000455183,11.811500000476371,0.137199999699078,0.0,15.531299999565816,15.585399999508809,15.537299999778044,500,500,333.0,1501.5015015015017,,False,15.638200000466895
4386,exp1-completion-paced,66,264,0.4608000008374802,0.0704000003679539,45.29910000019299,45.22869999982504,0.0306000001728534,30.03440000065893,500,356,23.13159999994241,30.08959999988292,False,356,0.0273999994533369,0.0277999997706501,0.0194000003830296,6.245499999749882,0.2494000000297092,0.1233000002685003,23.13159999994241,0.2648999998200452,0.0,30.03440000065893,30.08959999988292,30.041899999559973,500,500,333.0,1501.5015015015017,,False,15.209500000310072
4387,exp1-completion-paced,66,264,0.2747999997154693,1.2260000003152527,41.4373000003252,40.21130000000994,0.0210999996852478,18.887700000050245,500,357,14.441500000430096,18.95390000026964,False,357,0.0306000001728534,0.0356000000465428,0.0182000003405846,4.137599999921804,0.1335999995717429,0.0301000000035855,14.441500000430096,0.1265000000785221,0.0,18.887700000050245,18.95390000026964,18.904500000644475,500,500,333.0,1501.5015015015017,,False,22.48340000005556
4388,exp1-completion-paced,66,264,0.2806000002237852,2.795499999592721,34.7831999997652,31.98770000017248,0.0211000005947425,17.512800000076822,500,358,14.065999999729684,17.553800000314368,False,358,0.0201000002562068,0.0208999999813386,0.0165999999808263,3.1367000001409906,0.1244000004589906,0.0301000000035855,14.065999999729684,0.1387000002068816,0.0,17.512800000076822,17.553800000314368,17.51830000011978,500,500,333.0,1501.5015015015017,,False,17.229399999450834
4389,exp1-completion-paced,66,264,0.4527999999481835,0.1823000002332264,45.15460000038729,44.972300000154064,0.0234999997701379,28.8313000000926,500,359,22.58489999985613,28.89299999969808,False,359,0.0277999997706501,0.0338999998348299,0.0260000006164773,5.642299999635725,0.2449000003252877,0.1182999994853162,22.58489999985613,0.2147000004697474,0.0,28.8313000000926,28.89299999969808,28.842000000622647,500,500,333.0,1501.5015015015017,,False,16.26160000068921
4390,exp1-completion-paced,66,264,0.2786000004562083,2.3214000002553803,34.701700000368874,32.38030000011349,0.01810000048863,15.835000000151922,500,360,11.968499999966298,15.890599999693222,False,360,0.019099999917671,0.0364999996236292,0.0172000000020489,3.566200000022945,0.1285999996980535,0.0287000002572312,11.968499999966298,0.1256000005014357,0.0,15.835000000151922,15.890599999693222,15.841700000237324,500,500,333.0,1501.5015015015017,,False,18.81110000067565
4391,exp1-completion-paced,66,264,0.2740999998422921,0.0510999998368788,46.55060000004596,46.49950000020908,0.0313000000460306,22.010199999385804,500,361,18.334099999265163,22.054000000025557,False,361,0.0194000003830296,0.024400000256719,0.0370999996448517,3.35220000033587,0.1266999997824314,0.0311000003421213,18.334099999265163,0.1288000003114575,0.0,22.010199999385804,22.054000000025557,22.016400000211437,500,500,333.0,1501.5015015015017,,False,24.496600000020404
4392,exp1-completion-paced,66,264,0.2614999993966194,1.219199999468401,28.30689999973401,27.087700000265613,0.0189000002137618,18.71339999979682,500,362,12.5834999998915,18.78969999961555,False,362,0.0214000001506065,0.0548999996681232,0.0259999997069826,5.615600000055565,0.3312999997433508,0.0312000001940759,12.5834999998915,0.1256000005014357,0.0,18.71339999979682,18.78969999961555,18.723899999713467,500,500,333.0,1501.5015015015017,,False,9.51720000011846
4393,exp1-completion-paced,66,264,0.2730999995037564,1.224499999807449,45.35020000002987,44.12570000022242,0.0200000004042522,15.912400000161142,500,363,12.376200000289828,15.95739999993384,False,363,0.0198999996428028,0.0251000001298962,0.0160999998115585,3.221300000404881,0.134500000058324,0.030999999580672,12.376200000289828,0.1332000001639244,0.0,15.912400000161142,15.95739999993384,15.915900000436524,500,500,333.0,1501.5015015015017,,False,29.39280000009603
4394,exp1-completion-paced,66,264,0.2715000000534928,0.7328000001507462,32.14260000004288,31.40979999989213,0.0172000000020489,15.300299999580602,500,364,11.63300000007439,15.34189999983937,False,364,0.0179999997271806,0.0236000005315872,0.0168999995366903,3.361000000040804,0.1356000002488144,0.0304999994114041,11.63300000007439,0.123100000564591,0.0,15.300299999580602,15.34189999983937,15.306799999962095,500,500,333.0,1501.5015015015017,,False,16.800700000203513
4395,exp1-completion-paced,66,264,0.4871000001003267,1.0142999999516178,54.50169999949139,53.487399999539775,0.021799999558425,30.53369999997813,500,365,23.58379999986937,30.607200000304147,False,365,0.0313000000460306,0.0422000002799904,0.0277999997706501,6.283499999881315,0.2451000000291969,0.1252000001841224,23.58379999986937,0.2679999997781124,0.0,30.53369999997813,30.607200000304147,30.544999999619904,500,500,333.0,1501.5015015015017,,False,23.894499999187246
4396,exp1-completion-paced,66,264,0.48990000050253,0.0871000002007349,49.00939999970433,48.92229999950359,0.025600000299164,30.946900000344613,500,366,23.83800000006886,31.02550000039628,False,366,0.0352999995811842,0.0433000004704808,0.0281000002360087,6.352999999762687,0.3268999998908839,0.1215000002048327,23.83800000006886,0.2790999997159815,0.0,30.946900000344613,31.02550000039628,30.958800000007614,500,500,333.0,1501.5015015015017,,False,17.983899999308047
4397,exp1-completion-paced,66,264,0.5063999997219071,1.0390999996161554,42.70369999994728,41.66460000033112,0.0201000002562068,30.66309999940131,500,367,23.52599999994709,30.739799999537357,False,367,0.0349000001733657,0.0417999999626772,0.0299999992421362,6.438600000365113,0.3079999996771221,0.1173000000562751,23.52599999994709,0.2429000005577108,0.0,30.66309999940131,30.739799999537357,30.67199999986769,500,500,333.0,1501.5015015015017,,False,11.963900000409925
4398,exp1-completion-paced,66,264,0.2807999999276944,1.225699999849894,44.02589999972406,42.80019999987417,0.0322999994750716,28.032100000018545,500,368,23.343900000327267,28.090000000702275,False,368,0.0280000003840541,0.0299000002996763,0.0210999996852478,3.91589999981079,0.3612999998949817,0.1160000001618755,23.343900000327267,0.2735999996730243,0.0,28.032100000018545,28.090000000702275,28.03990000029444,500,500,333.0,1501.5015015015017,,False,15.935899999021785
4399,exp1-completion-paced,66,264,0.4790000002685701,2.060600000731938,39.09939999994094,37.038799999209004,0.0376999996660742,29.91840000049706,500,369,22.977099999479837,29.98190000016621,False,369,0.0251999999818508,0.0382999996872968,0.0290000007225899,6.285999999818159,0.2436999993733479,0.1107000007323222,22.977099999479837,0.2715000000534928,0.0,29.91840000049706,29.98190000016621,29.92970000013884,500,500,333.0,1501.5015015015017,,False,9.117499999774733
4400,exp1-completion-paced,66,264,0.3139999998893472,0.125800000205345,47.43309999958001,47.30729999937466,0.0224000004891422,30.523299999913437,500,370,23.43349999955535,30.593100000260165,False,370,0.0276000000667409,0.0422000002799904,0.0316999994538491,6.440900000598049,0.2593999997770879,0.1186999998026294,23.43349999955535,0.2389000001130625,0.0,30.523299999913437,30.593100000260165,30.535599999893748,500,500,333.0,1501.5015015015017,,False,16.839999999319843
4401,exp1-completion-paced,66,264,0.2817999993567355,1.309199999923294,29.770999999527703,28.46179999960441,0.0589999999647261,21.754100000180188,500,371,14.912599999661325,21.89429999998538,False,371,0.0223999995796475,0.117800000225543,0.0313999998979852,6.324900000436173,0.2384999997957493,0.1221000002260552,14.912599999661325,0.1245000003109453,0.0,21.754100000180188,21.89429999998538,21.782900000289374,500,500,333.0,1501.5015015015017,,False,7.876699999542325
4402,exp1-completion-paced,66,264,0.3881000002365908,0.0756999997975071,45.3298000002178,45.25410000042029,0.0319999999192077,29.87849999954051,500,372,22.77579999918089,29.967200000101,False,372,0.0313999998979852,0.0573000006625079,0.0311999992845812,6.494600000223727,0.246000000515778,0.1179000000774976,22.77579999918089,0.2127000007021706,0.0,29.87849999954051,29.967200000101,29.89410000009229,500,500,333.0,1501.5015015015017,,False,15.362600000116803
4403,exp1-completion-paced,66,264,0.2495999997336184,0.0484000001961248,32.30700000040088,32.25860000020475,0.0208999999813386,17.1531000005416,500,373,13.685699999768984,17.19500000035623,False,373,0.0180999995791353,0.0238000002354965,0.0172000000020489,3.160500000376487,0.1246000001628999,0.0267999994321144,13.685699999768984,0.1381000001856591,0.0,17.1531000005416,17.19500000035623,17.159699999865552,500,500,333.0,1501.5015015015017,,False,15.112000000044652
4404,exp1-completion-paced,66,264,0.2636999997776001,1.1617999998634332,34.07879999940633,32.916999999542895,0.0223999995796475,18.815299999914718,500,374,12.755599999763945,18.85640000000421,False,374,0.0187999994523124,0.0223000006371876,0.0172000000020489,5.583399999522953,0.2253000002383487,0.112499999886495,12.755599999763945,0.1212000006489688,0.0,18.815299999914718,18.85640000000421,18.82220000061352,500,500,333.0,1501.5015015015017,,False,15.222399999402118
4405,exp1-completion-paced,66,264,0.2788000001601176,2.7551000002858927,36.91979999985051,34.16469999956462,0.0204999996640253,15.13020000038523,500,375,11.741999999685504,15.17130000047473,False,375,0.0190000000657164,0.0221000000237836,0.0171000001500942,3.0854999995426624,0.1245000003109453,0.0391000003219232,11.741999999685504,0.1217999997606966,0.0,15.13020000038523,15.17130000047473,15.136999999413092,500,500,333.0,1501.5015015015017,,False,21.74849999937578
4406,exp1-completion-paced,66,264,0.2631999996083323,1.777800000127172,37.24109999984648,35.46329999971931,0.0178000000232714,18.06010000018432,500,376,14.726899999914169,18.129099999896425,False,376,0.017899999875226,0.0510999998368788,0.0288000001091859,3.033599999980652,0.1213000005009234,0.0272999996013822,14.726899999914169,0.1221000002260552,0.0,18.06010000018432,18.129099999896425,18.078899999636636,500,500,333.0,1501.5015015015017,,False,19.111999999950058
4407,exp1-completion-paced,66,264,0.4515999999057385,0.9387000000060652,42.54380000020319,41.605100000197126,0.0230999994528247,29.371799999353243,500,377,22.62739999969199,29.58909999961179,False,377,0.0383999995392514,0.1789000007192953,0.0259999997069826,6.114900000284251,0.2451000000291969,0.1154999999926076,22.62739999969199,0.2426000000923522,0.0,29.371799999353243,29.58909999961179,29.38220000032743,500,500,333.0,1501.5015015015017,,False,12.954700000591401
4408,exp1-completion-paced,66,264,0.4486999996515806,0.0835000000733998,26.38010000009672,26.29660000002332,0.0319999999192077,15.012200000455778,500,378,11.577600000236998,15.07690000016737,False,378,0.0398000001951004,0.0248999995164922,0.0187000005098525,3.1296999995902297,0.1271000000997446,0.0286000004052766,11.577600000236998,0.1302999999097664,0.0,15.012200000455778,15.07690000016737,15.018500000223868,500,500,333.0,1501.5015015015017,,False,11.303199999929351
4409,exp1-completion-paced,66,264,0.4619000001184759,1.5494999997827108,37.10330000012618,35.55380000034347,0.0219999992623343,29.92240000003221,500,379,23.077200000443558,29.981499999848893,False,379,0.02299999960087,0.0361000002158107,0.0284999996438273,6.202100000336941,0.2414000000499072,0.1143999998021172,23.077200000443558,0.2584999992905068,0.0,29.92240000003221,29.981499999848893,29.934099999991304,500,500,333.0,1501.5015015015017,,False,7.12180000027729
4410,exp1-completion-paced,66,264,0.288899999759451,5.223000000114553,33.67359999992914,28.450599999814585,0.0318000002152984,21.912199999860604,500,380,15.194900000096824,22.027300000445397,False,380,0.0279000005320995,0.0872000000526895,0.0270000000455183,6.185399999594665,0.2557999996497528,0.1206000006277463,15.194900000096824,0.1283000001421896,0.0,21.912199999860604,22.027300000445397,21.92260000083479,500,500,333.0,1501.5015015015017,,False,11.646299999483741
4411,exp1-completion-paced,66,264,0.2769000002444954,0.6892000001244014,29.723399999966205,29.034199999841803,0.0196000000869389,15.513399999690591,500,381,11.665099999845552,15.579399999296584,False,381,0.0197999997908482,0.0461999998151441,0.0183000001925393,3.541399999448913,0.1332000001639244,0.0286000004052766,11.665099999845552,0.1265999999304767,0.0,15.513399999690591,15.579399999296584,15.539500000159023,500,500,333.0,1501.5015015015017,,False,14.144000000669621
4412,exp1-completion-paced,66,264,0.2815999996528262,2.754600000116625,48.08339999999589,45.32879999987927,0.0195000002349843,27.519600000232455,500,382,20.23300000018935,27.565400000639784,False,382,0.0206000004254747,0.0251999999818508,0.0356999998984974,6.655799999862211,0.2377000000706175,0.1226000003953231,20.23300000018935,0.2345999992030556,0.0,27.519600000232455,27.565400000639784,27.528299999175943,500,500,333.0,1501.5015015015017,,False,20.517999999356107
4413,exp1-completion-paced,66,264,0.2791999995679362,2.152699999896868,23.04779999940365,20.895099999506783,0.0179999997271806,16.951699999481207,500,383,13.140800000655872,17.003099999783444,False,383,0.0212000004466972,0.0301999998555402,0.0187999994523124,3.457600000729144,0.1740999996400205,0.0332999998136074,13.140800000655872,0.1268999994863406,0.0,16.951699999481207,17.003099999783444,16.959900000074413,500,500,333.0,1501.5015015015017,,False,6.044699999620207
4414,exp1-completion-paced,66,264,0.2580999998826883,1.3400000007095514,41.72450000078243,40.38450000007288,0.0199000005522975,15.234399999826564,500,384,11.743699999897215,15.34170000013546,False,384,0.0677000007271999,0.0395999995816964,0.0171000001500942,3.146799999740324,0.1695000000836444,0.0310000004901667,11.743699999897215,0.1260999997612089,0.0,15.234399999826564,15.34170000013546,15.241299999615876,500,500,333.0,1501.5015015015017,,False,26.382800000646967
4415,exp1-completion-paced,66,264,0.2711999995881342,1.2541999994937214,31.177500000012515,29.923300000518797,0.0206000004254747,15.130699999645003,500,385,11.73670000025595,15.169999999670836,False,385,0.0190000000657164,0.0202999999601161,0.0169999993886449,3.098600000157603,0.1278999998248764,0.0287000002572312,11.73670000025595,0.1216000000567874,0.0,15.130699999645003,15.169999999670836,15.13729999987845,500,500,333.0,1501.5015015015017,,False,16.00750000034168
4416,exp1-completion-paced,66,264,0.4722000003312132,0.0989000000117812,36.10630000002857,36.00740000001679,0.0191999997696257,16.33910000055039,500,386,12.831699999878763,16.41840000047523,False,386,0.0323000003845663,0.0469999995402758,0.0184000000444939,3.1955000004018075,0.132099999973434,0.0282000000879634,12.831699999878763,0.1329999995505204,0.0,16.33910000055039,16.41840000047523,16.345299999557028,500,500,333.0,1501.5015015015017,,False,19.687899999553338
4417,exp1-completion-paced,66,264,0.2678999999261577,0.6037000002834247,37.67920000063896,37.07550000035553,0.0305000003208988,14.933199999177305,500,387,11.476399999992282,14.984099999310274,False,387,0.0211999995372025,0.029700000595767,0.0188999993042671,3.1508000001849723,0.1311000005443929,0.0296999996862723,11.476399999992282,0.1260999997612089,0.0,14.933199999177305,14.984099999310274,14.940999999453195,500,500,333.0,1501.5015015015017,,False,22.695100001328683
4418,exp1-completion-paced,66,264,0.4469000004974077,2.0537999998850864,38.06249999979627,36.00869999991119,0.0233999999181833,29.66899999955785,500,388,22.971399999732967,29.74519999952463,False,388,0.0285999994957819,0.0476000004709931,0.0228999997489154,6.089800000154355,0.227900000027148,0.1345999999102787,22.971399999732967,0.2220000005763722,0.0,29.66899999955785,29.74519999952463,29.67570000055275,500,500,333.0,1501.5015015015017,,False,8.317300000271644
4419,exp1-completion-paced,66,264,0.4636999992726487,1.0511000000406057,45.26129999976547,44.210199999724864,0.0192999996215803,26.757600000564707,500,389,19.9069000000236,26.80750000035914,False,389,0.024400000256719,0.0254999995377147,0.0186000006578979,6.240799999432056,0.2426999999443069,0.117800000225543,19.9069000000236,0.2303999999639927,0.0,26.757600000564707,26.80750000035914,26.764799999909883,500,500,333.0,1501.5015015015017,,False,18.45379999940633
4420,exp1-completion-paced,66,264,0.4546999998638057,1.038899999912246,39.680099999714,38.64119999980176,0.0315999996018945,30.640899999525573,500,390,23.542400000224006,30.714399999851597,False,390,0.028299999939918,0.045200000386103,0.026899999284069,6.425600000511622,0.2555999999458436,0.1188999995065387,23.542400000224006,0.2712000004976289,0.0,30.640899999525573,30.714399999851597,30.651600000055623,500,500,333.0,1501.5015015015017,,False,8.965699999862405
4421,exp1-completion-paced,66,264,0.2879000003304099,1.2354999998933636,29.091299999890907,27.855799999997544,0.0182999992830446,15.859199999795235,500,391,12.155899999925168,15.903599999546714,False,391,0.0208000001293839,0.0235999996220925,0.017899999875226,3.4050000003844616,0.1277000001209671,0.0296999996862723,12.155899999925168,0.1228000000992324,0.0,15.859199999795235,15.903599999546714,15.866499999901862,500,500,333.0,1501.5015015015017,,False,13.187700000344194
4422,exp1-completion-paced,66,264,0.2838999998857616,2.686099999664293,35.792399999991176,33.10630000032688,0.0252999998338054,19.15769999959593,500,392,15.607199999976729,19.201799999791547,False,392,0.0207000002774293,0.0233999999181833,0.0203999998120707,3.1361999999717227,0.1286999995500082,0.0299000002996763,15.607199999976729,0.2347999998164596,0.0,19.15769999959593,19.201799999791547,19.164899999850604,500,500,333.0,1501.5015015015017,,False,16.59060000019963
4423,exp1-completion-paced,66,264,0.2727999999478925,0.0503999999637017,34.47409999989759,34.42369999993389,0.0196000000869389,16.07700000022305,500,393,12.114800000745165,16.121900000143796,False,393,0.019099999917671,0.0258000000030733,0.0184999998964485,3.628800000115007,0.1346999997622333,0.0313999998979852,12.114800000745165,0.1486000001023057,0.0,16.07700000022305,16.121900000143796,16.084200000477722,500,500,333.0,1501.5015015015017,,False,18.352199999753793
4424,exp1-completion-paced,66,264,0.2635000000736909,1.2439000001904787,41.237899999941874,39.9939999997514,0.0388999997085193,15.652499999305292,500,394,12.13259999985894,15.698999999585794,False,394,0.0215000000025611,0.0250000002779415,0.0219999992623343,3.227000000151748,0.1225000005433685,0.0286999993477365,12.13259999985894,0.1195000004372559,0.0,15.652499999305292,15.698999999585794,15.658399999665562,500,500,333.0,1501.5015015015017,,False,25.53890000035608
4425,exp1-completion-paced,66,264,0.2942999999504536,1.2785999997504405,47.37349999959406,46.09489999984362,0.0227999998969608,30.072800000198185,500,395,23.17870000024413,30.142499999783468,False,395,0.0351999997292296,0.0344999998560524,0.0274000003628316,6.25679999939166,0.2559000004112022,0.1200999995489837,23.17870000024413,0.2338000003874185,0.0,30.072800000198185,30.142499999783468,30.083300000114832,500,500,333.0,1501.5015015015017,,False,17.230999999810592
4426,exp1-completion-paced,66,264,0.2788000001601176,2.741200000855315,25.55330000086542,22.812100000010105,0.0208000001293839,16.07369999965158,500,396,12.547799999993003,16.116599999804748,False,396,0.0188000003618071,0.0240999997913604,0.0182000003405846,3.227100000003702,0.1278999998248764,0.0281000002360087,12.547799999993003,0.1243999995494959,0.0,16.07369999965158,16.116599999804748,16.080800000054296,500,500,333.0,1501.5015015015017,,False,9.436700001060672
4427,exp1-completion-paced,66,264,0.4462999995666905,0.0740000004952889,50.780999999915366,50.70699999942008,0.0338999998348299,30.30880000005709,500,397,23.494700000810557,30.562200000531448,False,397,0.034800000321411,0.2186000001529464,0.0248999995164922,6.172500000502623,0.2447999995638383,0.1161999998657847,23.494700000810557,0.2553999993324396,0.0,30.30880000005709,30.562200000531448,30.31589999955031,500,500,333.0,1501.5015015015017,,False,20.21879999938392
4428,exp1-completion-paced,66,264,0.4634999995687394,1.0112999998455052,20.324000000073283,19.312700000227775,0.0184000000444939,15.042300000459363,500,398,11.645500000668108,15.087300000232062,False,398,0.0199999994947575,0.0250000002779415,0.0187000005098525,3.0974999999671127,0.1247999998668092,0.0298999993901816,11.645500000668108,0.1256999994438956,0.0,15.042300000459363,15.087300000232062,15.049399999952584,500,500,333.0,1501.5015015015017,,False,5.236699999841221
4429,exp1-completion-paced,66,264,0.2726000002439832,0.0833000003694905,47.02700000052573,46.94370000015624,0.0236000005315872,29.961500000354132,500,399,22.945700000491343,30.106100000011796,False,399,0.0204999996640253,0.124099999993632,0.0187000005098525,6.349399999635352,0.2519999998185085,0.1215000002048327,22.945700000491343,0.2736999995249789,0.0,29.961500000354132,30.106100000011796,30.053200000111246,500,500,333.0,1501.5015015015017,,False,16.920900000513935
4430,exp1-completion-paced,66,264,0.2810000005410984,2.773899999738205,38.24850000000879,35.474600000270584,0.0219999992623343,14.992000000347616,500,400,11.58339999983582,15.045199999804026,False,400,0.0295999998343177,0.0235999996220925,0.0173000007634982,3.113199999461358,0.1240000001416774,0.0264999998762505,11.58339999983582,0.1275000004170579,0.0,14.992000000347616,15.045199999804026,14.998300000115703,500,500,333.0,1501.5015015015017,,False,23.203300000204763
4431,exp1-completion-paced,66,264,0.2771999998003593,1.1881000000357744,50.0434999994468,48.85539999941102,0.0319999999192077,29.330600000321283,500,401,22.616999999627296,29.452800000399293,False,401,0.0245000001086737,0.0976999999693362,0.0271999997494276,6.061099999897124,0.23830000009184,0.1207000004797009,22.616999999627296,0.2660000000105356,0.0,29.330600000321283,29.452800000399293,29.34099999947648,500,500,333.0,1501.5015015015017,,False,20.59069999904751
4432,exp1-completion-paced,66,264,0.5035999993197038,4.041999999571999,48.71800000000803,44.676000000436034,0.0346999995599617,29.71290000004956,500,402,22.810099999333037,29.785400000037043,False,402,0.0315000006594345,0.0409999993280507,0.028500000553322,6.251199999496748,0.2430000004096655,0.1184000002467655,22.810099999333037,0.2614000004541594,0.0,29.71290000004956,29.785400000037043,29.72440000030474,500,500,333.0,1501.5015015015017,,False,18.93259999997099
4433,exp1-completion-paced,66,264,0.4498000007515657,1.0333999998692889,36.55350000008184,35.52010000021255,0.0207000002774293,19.515000000865257,500,403,14.367499999934807,19.56880000034289,False,403,0.0186999996003578,0.0350999998772749,0.025600000299164,4.694199999903503,0.141299999995681,0.0286000004052766,14.367499999934807,0.2574999998614657,0.0,19.515000000865257,19.56880000034289,19.525599999724363,500,500,333.0,1501.5015015015017,,False,16.98469999973895
4434,exp1-completion-paced,66,264,0.2827000007528113,1.208000000588072,32.7078000000256,31.499799999437528,0.0216999997064704,16.008000000510947,500,404,12.43019999947137,16.0518000002412,False,404,0.0198999996428028,0.0239000000874511,0.0196000000869389,3.263300000071468,0.1369999999951687,0.0318000002152984,12.43019999947137,0.1259999999092542,0.0,16.008000000510947,16.0518000002412,16.01570000002539,500,500,333.0,1501.5015015015017,,False,16.6559999997844
4435,exp1-completion-paced,66,264,0.2768000003925408,0.0560000007681082,42.348100000708655,42.29209999994055,0.0210999996852478,21.01020000009157,500,405,15.87870000003022,21.219599999312777,False,405,0.0303999995594494,0.1789999996617552,0.0248000005740323,4.667600000175298,0.1349999993180972,0.0307000000248081,15.87870000003022,0.2731000004132511,0.0,21.01020000009157,21.219599999312777,21.02070000000822,500,500,333.0,1501.5015015015017,,False,21.128500001395878
4436,exp1-completion-paced,66,264,0.285200000689656,1.1713000003510388,26.485200000024637,25.313899999673595,0.0301000000035855,17.709900000227208,500,406,13.688699999875098,17.75980000002164,False,406,0.0231000003623194,0.0267999994321144,0.0911000006453832,3.489400000034948,0.1354999994873651,0.0293000002784538,13.688699999875098,0.2754999995886464,0.0,17.709900000227208,17.75980000002164,17.718000000058964,500,500,333.0,1501.5015015015017,,False,8.725400000002995
4437,exp1-completion-paced,66,264,0.2887999999074964,1.209000000017113,34.2054000002463,32.99640000022919,0.0225000003410968,23.85589999994409,500,407,16.88300000023446,23.9424000001236,False,407,0.0215000000025611,0.0650000001769512,0.024400000256719,6.433300000026065,0.2423999994789483,0.1159000003099208,16.88300000023446,0.1566000000821077,0.0,23.85589999994409,23.9424000001236,23.86540000043169,500,500,333.0,1501.5015015015017,,False,10.263000000122698
4438,exp1-completion-paced,66,264,0.4582999999911408,0.0755999999455525,22.409999999581487,22.33439999963593,0.0291000005745445,15.238699999827077,500,408,11.805399999502695,15.308600000025764,False,408,0.0362000000677653,0.0337000001309206,0.0174999995579128,3.1292000003304565,0.1261999996131635,0.0298000004477216,11.805399999502695,0.1303999997617211,0.0,15.238699999827077,15.308600000025764,15.245499999764434,500,500,333.0,1501.5015015015017,,False,7.101399999555722
4439,exp1-completion-paced,66,264,0.2568999998402432,0.7462000003215508,33.120600000074774,32.37439999975322,0.0268000003416091,17.48889999998937,500,409,13.462400000207708,17.531700000290584,False,409,0.0183000001925393,0.0245000001086737,0.0178000000232714,3.727500000422879,0.1274999995075632,0.0301999998555402,13.462400000207708,0.1233000002685003,0.0,17.48889999998937,17.531700000290584,17.495400000370864,500,500,333.0,1501.5015015015017,,False,15.58889999978419
4440,exp1-completion-paced,66,264,0.5656000003000372,1.9385000005058828,48.03090000041266,46.092399999906775,0.0293000002784538,29.763700000330573,500,410,22.914299999683863,29.950999999527998,False,410,0.0305999992633587,0.1566999999340623,0.0258000000030733,6.193700000039826,0.2408000000286847,0.1176000005216337,22.914299999683863,0.2712000004976289,0.0,29.763700000330573,29.950999999527998,29.773300000670133,500,500,333.0,1501.5015015015017,,False,18.07990000088466
4441,exp1-completion-paced,66,264,0.2648999998200452,2.7859000001626555,43.79819999940082,41.01229999923817,0.0319000000672531,29.34689999983675,500,411,22.353800000018964,29.39639999931387,False,411,0.0216999997064704,0.0277999997706501,0.0197999997908482,6.400700000085635,0.2364000001762178,0.1145000005635665,22.353800000018964,0.221399999645655,0.0,29.34689999983675,29.39639999931387,29.35510000042996,500,500,333.0,1501.5015015015017,,False,14.40180000008695
4442,exp1-completion-paced,66,264,0.2571000004536472,0.0502000002597924,25.971600000048056,25.921399999788264,0.0190000000657164,15.345099999649392,500,412,11.800100000073144,15.40819999991072,False,412,0.0202999999601161,0.042800000301213,0.0341000004482339,3.2247999997707666,0.1342999994449201,0.0274000003628316,11.800100000073144,0.1241999998455867,0.0,15.345099999649392,15.40819999991072,15.352899999925285,500,500,333.0,1501.5015015015017,,False,10.563400000137337
4443,exp1-completion-paced,66,264,0.3037000005861046,1.1887999999089516,34.97719999995752,33.78840000004857,0.0186999996003578,15.410299999530253,500,413,11.886100000083388,15.457399999831978,False,413,0.0203999998120707,0.0267000004896544,0.0163999993674224,3.2269000002997927,0.1265000000785221,0.0295999998343177,11.886100000083388,0.1247000000148546,0.0,15.410299999530253,15.457399999831978,15.4168999997637,500,500,333.0,1501.5015015015017,,False,19.519800000125542
4444,exp1-completion-paced,66,264,0.4564000000755186,1.1224999998376006,44.58620000059455,43.463700000756944,0.0245000001086737,30.02730000025622,500,414,23.40490000005957,30.27500000007421,False,414,0.0275000002147862,0.22019999960321,0.0230000005103647,6.005499999446329,0.2273000000059255,0.1118000000133179,23.40490000005957,0.2544999997553532,0.0,30.02730000025622,30.27500000007421,30.03420000004553,500,500,333.0,1501.5015015015017,,False,14.31120000052034
4445,exp1-completion-paced,66,264,0.4604000005201669,0.0740000004952889,40.50850000021455,40.434499999719264,0.0304000004689442,29.51630000006844,500,415,22.538999999596854,29.58380000018224,False,415,0.02059999951598,0.0469000005978159,0.0265999997282051,6.364799999573734,0.2456000001984648,0.1160000001618755,22.538999999596854,0.2239000004919944,0.0,29.51630000006844,29.58380000018224,29.52639999966777,500,500,333.0,1501.5015015015017,,False,10.924700000032313
4446,exp1-completion-paced,66,264,0.2887999999074964,2.243399999315443,32.562799999141134,30.31939999982569,0.0200999993467121,15.302400000109628,500,416,11.908800000128394,15.371899999991,False,416,0.0447000002168351,0.0247999996645376,0.0184000000444939,3.06300000011106,0.1240000001416774,0.028099999326514,11.908800000128394,0.1599000006535789,0.0,15.302400000109628,15.371899999991,15.309800000068208,500,500,333.0,1501.5015015015017,,False,17.190899999150133
4447,exp1-completion-paced,66,264,0.2731000004132511,0.7075000003169407,38.22070000023814,37.5131999999212,0.0238000002354965,22.333500000058848,500,417,18.74390000011772,22.378399999979592,False,417,0.0199000005522975,0.0249999993684468,0.01810000048863,3.1313999998019426,0.1355000003968598,0.0302999997074948,18.74390000011772,0.2738000002864282,0.0,22.333500000058848,22.378399999979592,22.340900000017427,500,500,333.0,1501.5015015015017,,False,15.842300000258547
4448,exp1-completion-paced,66,264,0.2519999998185085,0.7025999993857113,32.077299999400566,31.37470000001485,0.0203999998120707,15.766999999868858,500,418,12.006999999357504,15.805499999260064,False,418,0.0185999997484032,0.0198999996428028,0.0171000001500942,3.44779999977618,0.1271999999516992,0.0302000007650349,12.006999999357504,0.1375000001644366,0.0,15.766999999868858,15.805499999260064,15.773099999933038,500,500,333.0,1501.5015015015017,,False,16.2718000001405
4449,exp1-completion-paced,66,264,0.2779999995254911,1.0802000006151502,33.38490000078309,32.30470000016794,0.0196999999388935,15.35539999986213,500,419,11.846500000501692,15.400399999634828,False,419,0.0195000002349843,0.0254999995377147,0.0165000001288717,3.177100000357313,0.158999999257503,0.0311000003421213,11.846500000501692,0.1250999994226731,0.0,15.35539999986213,15.400399999634828,15.361799999482171,500,500,333.0,1501.5015015015017,,False,17.984500001148263
4450,exp1-completion-paced,66,264,0.491199999487435,2.551000000494241,49.29820000052132,46.74720000002708,0.0318000002152984,29.15130000019417,500,420,23.54509999986476,29.239899999993213,False,420,0.0301999998555402,0.0583999999435036,0.0251999999818508,5.037000000811531,0.2311999996891245,0.0478000001749023,23.54509999986476,0.2646000002641813,0.0,29.15130000019417,29.239899999993213,29.1601000008086,500,500,333.0,1501.5015015015017,,False,20.058300000528106
4451,exp1-completion-paced,66,264,0.4709000004368135,4.018999999971129,45.647499999176944,41.628499999205815,0.0346999995599617,30.46840000024531,500,421,23.08690000063507,30.542700000296463,False,421,0.0306000001728534,0.0436999998782994,0.0215999998545157,6.685299999844574,0.2613000006022048,0.1207999994221609,23.08690000063507,0.2920999995694728,0.0,30.46840000024531,30.542700000296463,30.477499999506108,500,500,333.0,1501.5015015015017,,False,15.10479999888048
4452,exp1-completion-paced,66,264,0.4953999996359925,0.0835999999253545,46.356099999684375,46.27249999975902,0.0356999998984974,31.22179999991204,500,422,24.10920000056649,31.288099999983388,False,422,0.0258000000030733,0.0405000000682775,0.0301000000035855,6.44190000002709,0.2538999997341307,0.1185999999506748,24.10920000056649,0.2676999993127538,0.0,31.22179999991204,31.288099999983388,31.23439999944821,500,500,333.0,1501.5015015015017,,False,15.067999999700987
4453,exp1-completion-paced,66,264,0.4701999996541417,1.101099999686994,43.66079999999784,42.55970000031084,0.0214000001506065,19.06930000041029,500,423,15.427000000272528,19.15960000042105,False,423,0.0495000003866152,0.0407999996241414,0.0223999995796475,3.1975000001693843,0.1333999998678336,0.0291000005745445,15.427000000272528,0.2595999994809972,0.0,19.06930000041029,19.15960000042105,19.078199999967183,500,500,333.0,1501.5015015015017,,False,24.50119999957679
4454,exp1-completion-paced,66,264,0.2706999994188663,2.238900000520516,32.605100000182574,30.366199999662054,0.0202999999601161,15.665500000068278,500,424,12.211799999931827,15.708099999756088,False,424,0.0191999997696257,0.0233999999181833,0.0178000000232714,3.150600000481063,0.1309999997829436,0.0290999996650498,12.211799999931827,0.1251000003321678,0.0,15.665500000068278,15.708099999756088,15.672300000005636,500,500,333.0,1501.5015015015017,,False,16.897000000426488
4455,exp1-completion-paced,66,264,0.4578999996738275,2.074999999422289,40.01030000017636,37.93530000075407,0.0228999997489154,23.65190000000439,500,425,20.078900000044086,23.70580000024347,False,425,0.0286000004052766,0.0252999998338054,0.0185999997484032,3.159099999720638,0.1286000006075482,0.0337999999828753,20.078900000044086,0.2325999994354788,0.0,23.65190000000439,23.70580000024347,23.659999999836145,500,500,333.0,1501.5015015015017,,False,16.304499999932887
4456,exp1-completion-paced,66,264,0.2789999998640269,0.0534999999217689,31.09000000040396,31.036500000482192,0.022000000171829,19.604500000241387,500,426,14.327099999718484,19.644800000605755,False,426,0.0188000003618071,0.0215000000025611,0.0176000003193621,4.739599999993516,0.2732999992076657,0.1168000007965019,14.327099999718484,0.1298999995924532,0.0,19.604500000241387,19.644800000605755,19.611499999882653,500,500,333.0,1501.5015015015017,,False,11.445199999798206
4457,exp1-completion-paced,66,264,0.278499999694759,0.0559000000066589,31.989099999918835,31.933199999912176,0.0215999998545157,15.919899999971676,500,427,12.26330000008602,15.965999999934866,False,427,0.0188000003618071,0.0272999996013822,0.0183000001925393,3.354599999511265,0.1290000000153668,0.0293000002784538,12.26330000008602,0.1253000000360771,0.0,15.919899999971676,15.965999999934866,15.927700000247569,500,500,333.0,1501.5015015015017,,False,16.02309999998397
4458,exp1-completion-paced,66,264,0.2770000000964501,1.2504999995144317,59.76939999982278,58.51890000030835,0.0319000000672531,30.027200000404264,500,428,23.157200000241573,30.26210000007268,False,428,0.0338999998348299,0.2009999998335843,0.0265999997282051,6.18780000058905,0.2602999993541743,0.1245000003109453,23.157200000241573,0.2703999998630024,0.0,30.027200000404264,30.26210000007268,30.037499999707507,500,500,333.0,1501.5015015015017,,False,29.5072999997501
4459,exp1-completion-paced,66,264,0.4875000004176399,0.0780999998823972,45.133600000554,45.0555000006716,0.0313000000460306,30.80190000036964,500,429,23.710200000095934,30.870600000525883,False,429,0.0314000008074799,0.037299999348761,0.028299999939918,6.424000000151864,0.2549000000726664,0.1272999998036539,23.710200000095934,0.2568999998402432,0.0,30.80190000036964,30.870600000525883,30.81329999986337,500,500,333.0,1501.5015015015017,,False,14.263000000028114
4460,exp1-completion-paced,66,264,0.4580000004352769,2.565599999797996,45.77309999967838,43.20749999988038,0.0284000007013673,30.648699999801465,500,430,23.56240000062826,30.714099999386235,False,430,0.0292999993689591,0.0361000002158107,0.0288999999611405,6.451100000049337,0.2500000000509317,0.1137999997808947,23.56240000062826,0.242199999775039,0.0,30.648699999801465,30.714099999386235,30.660100000204693,500,500,333.0,1501.5015015015017,,False,15.059000000292144
4461,exp1-completion-paced,66,264,0.4589999998643179,1.0910999999396154,53.23809999936202,52.146999999422405,0.0319999999192077,30.949199999668053,500,431,23.99710000008781,31.021800000416988,False,431,0.0307000000248081,0.0419000007241265,0.0284999996438273,6.281599999965692,0.2505000002201996,0.1186999998026294,23.99710000008781,0.2725000003920286,0.0,30.949199999668053,31.021800000416988,30.96040000036737,500,500,333.0,1501.5015015015017,,False,22.216299998945033
4462,exp1-completion-paced,66,264,0.4515999999057385,2.605499999845051,25.847699999758333,23.24219999991328,0.0206999993679346,16.06320000064443,500,432,12.223099999573606,16.10919999984617,False,432,0.0212999993891571,0.0246999998125829,0.019099999917671,3.5275000000183354,0.1352000008409959,0.0302999997074948,12.223099999573606,0.1279000007343711,0.0,16.06320000064443,16.10919999984617,16.071100000772276,500,500,333.0,1501.5015015015017,,False,9.738499999912165
4463,exp1-completion-paced,66,264,0.356399999873247,0.5809000003864639,31.93310000006022,31.35219999967376,0.0196000000869389,17.349799999465176,500,433,12.548400000014226,17.395699999724457,False,433,0.0201000002562068,0.0258000000030733,0.0193999994735349,4.468800000722695,0.1507999995737918,0.0331999999616527,12.548400000014226,0.1290000000153668,0.0,17.349799999465176,17.395699999724457,17.356999999719847,500,500,333.0,1501.5015015015017,,False,14.537400000335765
4464,exp1-completion-paced,66,264,0.2808000008371891,0.0557000003027496,42.14630000024045,42.090599999937695,0.029499999982363,25.82410000013624,500,434,19.095100000413368,25.873099999444094,False,434,0.0230999994528247,0.025899999855028,0.0195000002349843,6.218800000169722,0.247500000114087,0.1145999995060265,19.095100000413368,0.1283999999941443,0.0,25.82410000013624,25.873099999444094,25.832299999819952,500,500,333.0,1501.5015015015017,,False,16.273200000796358
4465,exp1-completion-paced,66,264,0.2665000001798034,1.2502999998105224,31.069399999978486,29.819100000167964,0.0182000003405846,23.62230000017007,500,435,17.785700000786164,23.666699999921548,False,435,0.0182000003405846,0.0261999994108919,0.0174000006154528,5.3275999998732,0.2610000001368462,0.1091999993150238,17.785700000786164,0.1212999995914287,0.0,23.62230000017007,23.666699999921548,23.62989999983256,500,500,333.0,1501.5015015015017,,False,7.402700000056939
4466,exp1-completion-paced,66,264,0.4737999997814768,4.983000000720494,47.022100000504,42.0390999997835,0.0215999998545157,30.352900000252703,500,436,23.45100000002276,30.42910000021948,False,436,0.027099999897473,0.049100000069302,0.0255000004472094,6.2724999997954,0.2462000002196873,0.1290000000153668,23.45100000002276,0.2284000001964159,0.0,30.352900000252703,30.42910000021948,30.36180000071909,500,500,333.0,1501.5015015015017,,False,16.593000000284515
4467,exp1-completion-paced,66,264,0.2819999999701394,3.240600000026461,42.03799999959301,38.79739999956655,0.0302999997074948,25.15450000009878,500,437,20.57480000075884,25.20699999968201,False,437,0.0243999993472243,0.0281000002360087,0.017899999875226,3.9711999997962266,0.285000000076252,0.047900000026857,20.57480000075884,0.2574000000095111,0.0,25.15450000009878,25.20699999968201,25.16190000005736,500,500,333.0,1501.5015015015017,,False,16.830999999911
4468,exp1-completion-paced,66,264,0.2750000003288733,0.050099999498343,43.75489999983984,43.70480000034149,0.0224999994316021,30.129300000226067,500,438,22.87660000001779,30.17760000057024,False,438,0.0200000004042522,0.028299999939918,0.0185999997484032,6.599900000765047,0.2458999997543287,0.1230999996550963,22.87660000001779,0.2648999998200452,0.0,30.129300000226067,30.17760000057024,30.137400000057823,500,500,333.0,1501.5015015015017,,False,13.577299999269602
4469,exp1-completion-paced,66,264,0.4662000001189881,0.5516999999599648,200.32069999979285,199.7689999998329,0.0208999999813386,16.689900000528723,500,439,13.190099999519587,16.743899999710266,False,439,0.0218999994103796,0.0320999997711624,0.0190000000657164,3.183499999977357,0.1299000005019479,0.0330000002577435,13.190099999519587,0.1340999997410108,0.0,16.689900000528723,16.743899999710266,16.697499999281717,500,500,333.0,1501.5015015015017,,False,183.57680000008259
4470,exp1-completion-paced,66,264,0.4435000000739819,2.574600000116334,43.48289999961708,40.90829999950074,0.0251000001298962,28.543100000206323,500,440,21.76910000071075,28.603700000530807,False,440,0.0215000000025611,0.0391000003219232,0.0269000001935637,6.268199999794888,0.2388000002611079,0.1134999993155361,21.76910000071075,0.1262999994651181,0.0,28.543100000206323,28.603700000530807,28.552799999488343,500,500,333.0,1501.5015015015017,,False,14.879199999086275
4471,exp1-completion-paced,66,264,0.320300000566931,0.0495000003866152,27.965100000074017,27.9155999996874,0.0211999995372025,15.09769999938726,500,441,11.605400000007648,15.147000000069966,False,441,0.0218000004679197,0.0275000002147862,0.0184999998964485,3.191099999639846,0.1281000004382804,0.0314999997499398,11.605400000007648,0.122899999951187,0.0,15.09769999938726,15.147000000069966,15.105100000255334,500,500,333.0,1501.5015015015017,,False,12.818100000004051
4472,exp1-completion-paced,66,264,0.259100000221224,1.2302000004638105,24.12689999982831,22.8966999993645,0.0201000002562068,15.40480000039679,500,442,11.89070000054926,15.514300000177172,False,442,0.0196999999388935,0.0897999998414889,0.0176000003193621,3.186299999470066,0.1534000002720859,0.0320999997711624,11.89070000054926,0.1246000001628999,0.0,15.40480000039679,15.514300000177172,15.411300000778285,500,500,333.0,1501.5015015015017,,False,8.612599999651138
4473,exp1-completion-paced,66,264,0.4546999998638057,2.5573000002623303,43.10429999986809,40.54699999960576,0.0344000000040978,30.48980000039592,500,443,23.478099999920232,30.570800000532472,False,443,0.0365000005331239,0.0444999996034312,0.0301000000035855,6.3393999998879735,0.244800000473333,0.1167999998870072,23.478099999920232,0.2802999997584265,0.0,30.48980000039592,30.570800000532472,30.50199999961478,500,500,333.0,1501.5015015015017,,False,12.533499999335618
4474,exp1-completion-paced,66,264,0.2778999996735365,0.0502000002597924,45.3693999997995,45.319199999539705,0.0224999994316021,27.116400000522844,500,444,20.420300000296265,27.15960000023188,False,444,0.0192999996215803,0.0239000000874511,0.0183000001925393,6.0659999999188585,0.2547000003687572,0.1102999995055142,20.420300000296265,0.2465999996275059,0.0,27.116400000522844,27.15960000023188,27.12459999929706,500,500,333.0,1501.5015015015017,,False,18.20979999956762
4475,exp1-completion-paced,66,264,0.2529000003050896,0.0442999998995219,39.69469999992725,39.65040000002773,0.0187999994523124,15.525200000411132,500,445,11.996799999906216,15.571400000226276,False,445,0.0201000002562068,0.0260999995589372,0.0172000000020489,3.2277000000249245,0.1283000001421896,0.0288000001091859,11.996799999906216,0.1262000005226582,0.0,15.525200000411132,15.571400000226276,15.529500000411645,500,500,333.0,1501.5015015015017,,False,24.123299999700976
4476,exp1-completion-paced,66,264,0.2911999999923864,1.2122999996790895,24.920900000324764,23.708600000645674,0.0201000002562068,15.023500000097556,500,446,11.641299999610055,15.245900000081749,False,446,0.0189000002137618,0.2034999997704289,0.0185999997484032,3.0827999999019084,0.1230000007126363,0.0284999996438273,11.641299999610055,0.1290999998673214,0.0,15.023500000097556,15.245900000081749,15.030599999590777,500,500,333.0,1501.5015015015017,,False,9.675000000243015
4477,exp1-completion-paced,66,264,0.4632000000128755,0.0767999999879975,44.49909999948432,44.42229999949632,0.0179999997271806,26.221600000098988,500,447,19.67899999999645,26.320599999962724,False,447,0.0519999994139652,0.0470000004497705,0.0254999995377147,6.061600000066392,0.2217999999629683,0.1132000006691669,19.67899999999645,0.1204000000143423,0.0,26.221600000098988,26.320599999962724,26.23149999999441,500,500,333.0,1501.5015015015017,,False,18.1784999995216
4478,exp1-completion-paced,66,264,0.277299999652314,0.0503999999637017,128.77240000034362,128.72200000037992,0.02299999960087,15.078999999786902,500,448,11.668600000120932,15.12189999994007,False,448,0.019099999917671,0.0238000002354965,0.017899999875226,3.1101999993552454,0.12700000024779,0.0288999999611405,11.668600000120932,0.1263000003746128,0.0,15.078999999786902,15.12189999994007,15.086800000062794,500,500,333.0,1501.5015015015017,,False,113.65050000040355
4479,exp1-completion-paced,66,264,0.4453000001376495,0.0774999998611747,37.12889999951585,37.05139999965468,0.0317999993058037,29.39810000043508,500,449,22.628599999734437,29.526199999963865,False,449,0.033399999665562,0.0946999998632236,0.023200000214274,6.107299999712268,0.2349000005779089,0.1184000002467655,22.628599999734437,0.2853999994840706,0.0,29.39810000043508,29.526199999963865,29.404500000055123,500,500,333.0,1501.5015015015017,,False,7.602699999551987
4480,exp1-completion-paced,66,264,0.2843000002030749,0.0587999993513221,41.2464999999429,41.187700000591576,0.0185000008059432,24.290100000143863,500,450,20.34509999975853,24.337199999536097,False,450,0.0197999997908482,0.0272999996013822,0.0176000003193621,3.4268999997948413,0.2625000006446498,0.11369999992894,20.34509999975853,0.1241999998455867,0.0,24.290100000143863,24.337199999536097,24.29610000035609,500,500,333.0,1501.5015015015017,,False,16.9093000004068
4481,exp1-completion-paced,66,264,0.2782000001388951,0.0522999998793238,23.053900000377325,23.001600000498,0.0343000001521431,16.03609999983746,500,451,12.554400000226453,16.086499999801163,False,451,0.0204999996640253,0.0299000002996763,0.0194999993254896,3.174600000420469,0.1283000001421896,0.0310999994326266,12.554400000226453,0.127999999676831,0.0,16.03609999983746,16.086499999801163,16.044199999669218,500,500,333.0,1501.5015015015017,,False,6.967400000576163
4482,exp1-completion-paced,66,264,0.5029999992984813,1.061900000422611,51.84660000031727,50.784699999894656,0.033600000278966,30.821699999250995,500,452,23.70539999992616,30.898899999556303,False,452,0.0313000000460306,0.0459000002592802,0.0284999996438273,6.437500000174623,0.2561000001151114,0.116399999569694,23.70539999992616,0.2775000002657179,0.0,30.821699999250995,30.898899999556303,30.832499999633,500,500,333.0,1501.5015015015017,,False,20.947700000760964
4483,exp1-completion-paced,66,264,0.4881999993813224,0.9987000003093272,55.47690000003058,54.478199999721255,0.0336999992214259,29.999800000041432,500,453,22.977499999797143,30.131400000755093,False,453,0.0301000000035855,0.1015000007100752,0.0286999993477365,6.394600000021455,0.2475999999660416,0.1194000005853013,22.977499999797143,0.2316999998583924,0.0,29.999800000041432,30.131400000755093,30.01109999968321,500,500,333.0,1501.5015015015017,,False,25.34549999927549
4484,exp1-completion-paced,66,264,0.3018999996129423,1.2403000000631437,36.7417999996178,35.50149999955465,0.0235999996220925,16.203300000597665,500,454,12.445100000149978,16.248100000666454,False,454,0.0188000003618071,0.0259999997069826,0.01810000048863,3.366400000231806,0.2067999994324054,0.0313999998979852,12.445100000149978,0.1352999997834558,0.0,16.203300000597665,16.248100000666454,16.21089999935066,500,500,333.0,1501.5015015015017,,False,20.493699998951342
4485,exp1-completion-paced,66,264,0.4521000000750064,0.084199999946577,33.98079999988113,33.89659999993455,0.0764999995226389,16.35360000000219,500,455,11.750699999538485,16.409400000156893,False,455,0.0225000003410968,0.0332999998136074,0.017899999875226,4.296699999940756,0.1326999999946565,0.029700000595767,11.750699999538485,0.1257000003533903,0.0,16.35360000000219,16.409400000156893,16.361300000426127,500,500,333.0,1501.5015015015017,,False,17.571399999724235
4486,exp1-completion-paced,66,264,0.454899999567715,1.0891000001720386,45.06489999948826,43.97579999931622,0.0218999994103796,27.061000000685453,500,456,20.23389999976644,27.12229999997362,False,456,0.02059999951598,0.0406999997721868,0.0291000005745445,6.201999999575492,0.246000000515778,0.1126999995904043,20.23389999976644,0.2370000001974403,0.0,27.061000000685453,27.12229999997362,27.07190000000992,500,500,333.0,1501.5015015015017,,False,17.94259999951464
4487,exp1-completion-paced,66,264,0.4797999999937019,0.9703999994599144,39.48069999933068,38.51029999987077,0.0303999995594494,30.65670000069076,500,457,23.51269999962824,30.712300000232062,False,457,0.0221000000237836,0.0334999995175167,0.027300000510877,6.485299999440031,0.2539000006436254,0.1167000000350526,23.51269999962824,0.2604000001156237,0.0,30.65670000069076,30.712300000232062,30.66729999954987,500,500,333.0,1501.5015015015017,,False,8.76839999909862
4488,exp1-completion-paced,66,264,0.4912000003969297,1.01139999969746,46.27100000016071,45.25960000046325,0.0292000004264991,29.176000000006752,500,458,21.94839999992837,29.259399999318703,False,458,0.0363999997716746,0.0469999995402758,0.0311000003421213,6.571800000529038,0.2703000000110478,0.130699999317585,21.94839999992837,0.2235000001746812,0.0,29.176000000006752,29.259399999318703,29.189199999564156,500,500,333.0,1501.5015015015017,,False,17.01160000084201
4489,exp1-completion-paced,66,264,0.4558000000542961,1.1031000003640656,43.57860000072833,42.47550000036426,0.0344999998560524,31.01509999942209,500,459,23.83430000008957,31.09369999947376,False,459,0.0374000001102103,0.0411999999414547,0.0288999999611405,6.505299999844283,0.253799999882176,0.1134000003730761,23.83430000008957,0.2789999998640269,0.0,31.01509999942209,31.09369999947376,31.023999999888478,500,500,333.0,1501.5015015015017,,False,12.48490000125457
4490,exp1-completion-paced,66,264,0.4800999995495658,1.018399999338726,52.78829999951995,51.76990000018122,0.0307000000248081,30.15979999963747,500,460,23.24870000029477,30.262199999924636,False,460,0.0284999996438273,0.0739000006433343,0.0277999997706501,6.243099999664992,0.2450000001772423,0.1135000002250308,23.24870000029477,0.2813999999489169,0.0,30.15979999963747,30.262199999924636,30.170200000611658,500,500,333.0,1501.5015015015017,,False,22.526099999595314
4491,exp1-completion-paced,66,264,0.2902999995058053,0.0578999997742357,50.50969999956578,50.45179999979155,0.0314999997499398,27.894800000467512,500,461,22.552299999915704,27.971000000434287,False,461,0.0310000004901667,0.0451999994766083,0.0405000000682775,4.775899999913236,0.2135000004273024,0.0452999993285629,22.552299999915704,0.267100000201026,0.0,27.894800000467512,27.971000000434287,27.91499999966618,500,500,333.0,1501.5015015015017,,False,22.538699999131495
4492,exp1-completion-paced,66,264,0.473000000056345,2.039200000581332,40.32749999987573,38.2882999992944,0.0233000000662286,30.88899999966088,500,462,23.839599999519123,30.938400000195543,False,462,0.0218000004679197,0.0276000000667409,0.0181999994310899,6.341799999972864,0.2621000003273366,0.1424000001861713,23.839599999519123,0.2844999999069841,0.0,30.88899999966088,30.938400000195543,30.894599999555798,500,500,333.0,1501.5015015015017,,False,9.389099999680184
4493,exp1-completion-paced,66,264,0.479299999824434,1.0468000000400934,31.90549999999348,30.858699999953387,0.0213000002986518,15.00919999944017,500,463,11.554800000340038,15.055300000312856,False,463,0.0196000000869389,0.0265000007857452,0.0183999991349992,3.1553000007988885,0.1268999994863406,0.0301999998555402,11.554800000340038,0.1234999999724095,0.0,15.00919999944017,15.055300000312856,15.016899999864108,500,500,333.0,1501.5015015015017,,False,16.850199999680626
4494,exp1-completion-paced,66,264,0.2743000004556961,1.2391000000206986,26.553200000307697,25.314100000287,0.0181999994310899,16.012400000363414,500,464,11.82779999999184,16.086300000097253,False,464,0.0187999994523124,0.0551000002815271,0.0182000003405846,3.7783999996463535,0.2313000004505738,0.0307999998767627,11.82779999999184,0.1256999994438956,0.0,16.012400000363414,16.086300000097253,16.01959999970859,500,500,333.0,1501.5015015015017,,False,10.466900000210444
4495,exp1-completion-paced,66,264,0.2860000004147878,1.245099999323429,34.06859999995504,32.82350000063161,0.0183000001925393,15.309399999750894,500,465,11.898299999302251,15.359400000306778,False,465,0.0190000000657164,0.0310000004901667,0.0155999996422906,3.112499999588181,0.1261000006707036,0.0300000001516309,11.898299999302251,0.1265999999304767,0.0,15.309399999750894,15.359400000306778,15.31299999987823,500,500,333.0,1501.5015015015017,,False,18.709199999648263
4496,exp1-completion-paced,66,264,0.267100000201026,0.7239999995363178,25.50569999948493,24.78169999994861,0.0184999998964485,15.280900000107067,500,466,11.802900000475349,15.3240999998161,False,466,0.0192999996215803,0.0239000000874511,0.017899999875226,3.183499999977357,0.1251000003321678,0.0316999994538491,11.802900000475349,0.1195999993797158,0.0,15.280900000107067,15.3240999998161,15.28769999913493,500,500,333.0,1501.5015015015017,,False,10.181599999668828
4497,exp1-completion-paced,66,264,0.2960000001621665,1.1582000006455928,38.39160000006814,37.23339999942255,0.0319000000672531,29.463899999427667,500,467,23.663899999519344,29.52949999962584,False,467,0.0343000001521431,0.0313000000460306,0.037299999348761,5.195000000639993,0.2218999998149229,0.0409000003855908,23.663899999519344,0.3045000003112363,0.0,29.463899999427667,29.52949999962584,29.47230000063428,500,500,333.0,1501.5015015015017,,False,8.862100000442297
4498,exp1-completion-paced,66,264,0.2874000001611421,1.2639999995371909,45.98119999991468,44.71720000037749,0.029499999982363,29.82020000035845,500,468,22.686899999825982,29.877699999815377,False,468,0.0207999992198892,0.0367000002370332,0.0301999998555402,6.458599999859871,0.2485000004526227,0.1203000001623877,22.686899999825982,0.2754999995886464,0.0,29.82020000035845,29.877699999815377,29.83189999940805,500,500,333.0,1501.5015015015017,,False,16.103500000099302
4499,exp1-completion-paced,66,264,0.4689999996116967,1.0406999999759137,39.18640000028972,38.14570000031381,0.0379000002794782,30.40700000019569,500,469,23.44820000053005,30.488400000649563,False,469,0.0341000004482339,0.0473000000056345,0.0285999994957819,6.304399999862653,0.2407000001767301,0.1142999999501626,23.44820000053005,0.2704999997149571,0.0,30.40700000019569,30.488400000649563,30.419599999731872,500,500,333.0,1501.5015015015017,,False,8.69799999964016
4500,exp1-completion-paced,66,264,0.4808000003322377,1.1015000000043074,39.13849999935337,38.03699999934906,0.0216999997064704,29.95820000069216,500,470,23.032600000078677,30.046700000639248,False,470,0.0458000004073255,0.0426999995397636,0.028500000553322,6.296399999882851,0.2508999996280181,0.1149999998233397,23.032600000078677,0.2346000001125503,0.0,29.95820000069216,30.046700000639248,29.968400000143447,500,500,333.0,1501.5015015015017,,False,9.091799998714123
4501,exp1-completion-paced,66,264,0.2614000004541594,1.22910000027332,31.27680000034161,30.04770000006829,0.0183000001925393,20.725499999571184,500,471,17.268499999772757,20.76759999999922,False,471,0.02050000057352,0.0215999998545157,0.0184000000444939,3.145799999401788,0.1288000003114575,0.0292000004264991,17.268499999772757,0.1345999999102787,0.0,20.725499999571184,20.76759999999922,20.73240000026999,500,500,333.0,1501.5015015015017,,False,10.509200000342389
4502,exp1-completion-paced,66,264,0.2786000004562083,0.0522000000273692,42.64170000078593,42.58950000075856,0.0341000004482339,26.88269999998738,500,472,21.17499999985739,26.948699999593373,False,472,0.0338999998348299,0.0320999997711624,0.0196999999388935,5.025000000387081,0.2624999997351551,0.1296000000365893,21.17499999985739,0.2705000006244518,0.0,26.88269999998738,26.948699999593373,26.88930000022083,500,500,333.0,1501.5015015015017,,False,15.693000001192559
4503,exp1-completion-paced,66,264,0.2893999999287189,0.0531999994564102,45.89429999941785,45.84109999996144,0.021799999558425,27.023900000131107,500,473,23.191499999484225,27.080500000010943,False,473,0.0292999993689591,0.027300000510877,0.0214000001506065,3.3433999997214414,0.1708999998299987,0.0311000003421213,23.191499999484225,0.2653000001373584,0.0,27.023900000131107,27.080500000010943,27.03190000011091,500,500,333.0,1501.5015015015017,,False,18.81379999940691
4504,exp1-completion-paced,66,264,0.4942000005030422,2.028700000664685,36.539300000185904,34.51059999952122,0.0384000004487461,30.00609999980952,500,474,22.7588999996442,30.09670000028564,False,474,0.037499999962165,0.0531000005139503,0.0312000001940759,6.547399999362824,0.2647999999680905,0.1237000005858135,22.7588999996442,0.2798000004986534,0.0,30.00609999980952,30.09670000028564,30.01880000010715,500,500,333.0,1501.5015015015017,,False,6.442599999900263
4505,exp1-completion-paced,66,264,0.2767000005405862,0.0454000000900123,390.81549999991694,390.7700999998269,0.0292000004264991,22.316999999929976,500,475,18.584900000860216,22.360500000104366,False,475,0.0188000003618071,0.0246999998125829,0.0185999997484032,3.272599999945669,0.1483000005464418,0.0441999991380726,18.584900000860216,0.2480999992258148,0.0,22.316999999929976,22.360500000104366,22.3243000000366,500,500,333.0,1501.5015015015017,,False,368.45499999981257
4506,exp1-completion-paced,66,264,0.4480000006878981,0.9908000001814798,29.29229999972449,28.30149999954301,0.0212999993891571,15.405799999825833,500,476,11.907899999641812,15.470399999685467,False,476,0.0310999994326266,0.0335000004270114,0.0190000000657164,3.1943999993018224,0.1288000003114575,0.0282000000879634,11.907899999641812,0.1271000000997446,0.0,15.405799999825833,15.470399999685467,15.413799999805631,500,500,333.0,1501.5015015015017,,False,13.821900000039024
4507,exp1-completion-paced,66,264,0.2790000007735216,1.1663000004773494,31.13400000074762,29.96770000027027,0.0199000005522975,19.94860000013432,500,477,16.068299999460578,20.01509999990958,False,477,0.0223999995796475,0.0441000001956126,0.0199999994947575,3.433900000345602,0.1324000004387926,0.0302999997074948,16.068299999460578,0.2634000002217362,0.0,19.94860000013432,20.01509999990958,19.972199999756413,500,500,333.0,1501.5015015015017,,False,11.118900000838039
4508,exp1-completion-paced,66,264,0.4791000001205248,0.0876999993124627,50.30410000017582,50.21640000086336,0.0313999998979852,30.663900000035937,500,478,23.65389999977197,30.86499999972148,False,478,0.0281000002360087,0.1729999994495301,0.0260000006164773,6.351899999572197,0.2396999998381943,0.1132000006691669,23.65389999977197,0.2789000000120722,0.0,30.663900000035937,30.86499999972148,30.67540000029112,500,500,333.0,1501.5015015015017,,False,19.439100000454342
4509,exp1-completion-paced,66,264,0.2744000003076507,1.2766999998348183,34.12439999920025,32.84769999936543,0.0191999997696257,15.453600000000732,500,479,11.97039999988192,15.5016999997315,False,479,0.0223999995796475,0.0257000001511187,0.0178000000232714,3.1308999996326747,0.1265999999304767,0.0274000003628316,11.97039999988192,0.1803000004656496,0.0,15.453600000000732,15.5016999997315,15.461000000868808,500,500,333.0,1501.5015015015017,,False,18.62269999946875
4510,exp1-completion-paced,66,264,0.2747000007730094,2.711900000576861,50.458000000617176,47.74610000004032,0.029499999982363,30.54060000067693,500,480,24.33359999940876,30.60360000017681,False,480,0.024400000256719,0.0385999992431607,0.0202000001081614,5.544800000279793,0.2493000001777545,0.1167000000350526,24.33359999940876,0.2757000002020504,0.0,30.54060000067693,30.60360000017681,30.5489000002126,500,500,333.0,1501.5015015015017,,False,19.854400000440364
4511,exp1-completion-paced,66,264,0.4803000001629698,1.557699999466422,49.67899999974179,48.12130000027537,0.0291000005745445,30.64330000051996,500,481,23.70139999948151,30.716400000528665,False,481,0.0292000004264991,0.0438999995822086,0.0284000007013673,6.305899999460962,0.2378999997745268,0.1188000005640788,23.70139999948151,0.2506000000721542,0.0,30.64330000051996,30.716400000528665,30.65509999942151,500,500,333.0,1501.5015015015017,,False,18.962599999213126
4512,exp1-completion-paced,66,264,0.4835999998249463,1.0942999997496372,49.33309999978519,48.23880000003555,0.0337999999828753,31.58149999944726,500,482,24.493199999596985,31.66280000004917,False,482,0.0340000005962792,0.0473000000056345,0.0288000001091859,6.468199999289936,0.2387000004091533,0.1135000002250308,24.493199999596985,0.2388000002611079,0.0,31.58149999944726,31.66280000004917,31.58989999974437,500,500,333.0,1501.5015015015017,,False,17.67029999973602
4513,exp1-completion-paced,66,264,0.2953000002889894,1.2065000000802684,48.58469999999216,47.378199999911885,0.0215999998545157,27.12509999946633,500,483,20.07569999932457,27.195300000130374,False,483,0.0295000008918577,0.0406999997721868,0.0294000001304084,6.445399999392976,0.2419000002191751,0.1073000003088964,20.07569999932457,0.2249000008305302,0.0,27.12509999946633,27.195300000130374,27.13550000044052,500,500,333.0,1501.5015015015017,,False,21.389399999861787
4514,exp1-completion-paced,66,264,0.4791000001205248,2.5509999995847465,42.60739999972429,40.05640000013955,0.0343000001521431,32.28760000001785,500,484,25.1284999994823,32.48979999989388,False,484,0.0274999993052915,0.1747000005707377,0.0262000003203866,6.51209999978164,0.2520999996704631,0.1361000004180823,25.1284999994823,0.2322999998796149,0.0,32.28760000001785,32.48979999989388,32.29809999993449,500,500,333.0,1501.5015015015017,,False,10.117599999830404
4515,exp1-completion-paced,66,264,0.4835999998249463,0.0873999997565988,47.215700000379,47.1283000006224,0.0328999994962941,30.444800000623214,500,485,24.686100000508304,30.527100000654173,False,485,0.0379000002794782,0.0443999997514765,0.0269000001935637,5.218799999965995,0.2348999996684142,0.0447000002168351,24.686100000508304,0.2331999994567013,0.0,30.444800000623214,30.527100000654173,30.45560000009573,500,500,333.0,1501.5015015015017,,False,16.68859999972483
4516,exp1-completion-paced,66,264,0.4588000001604086,2.596299999822804,41.85299999971903,39.25669999989623,0.0221999998757382,21.11869999953342,500,486,14.58790000015142,21.248399999421963,False,486,0.0263000001723412,0.1033999997162027,0.0264999998762505,6.2138000002960325,0.1348999994661426,0.0301000000035855,14.58790000015142,0.1253000000360771,0.0,21.11869999953342,21.248399999421963,21.12909999959811,500,500,333.0,1501.5015015015017,,False,20.60460000029707
4517,exp1-completion-paced,66,264,0.2678999999261577,2.75099999998929,29.52649999951973,26.77549999953044,0.0198999996428028,17.934499999682885,500,487,13.72090000040771,17.985600000429258,False,487,0.0255000004472094,0.025600000299164,0.016699999832781,3.9187000002129935,0.1309999997829436,0.0290999996650498,13.72090000040771,0.1179000000774976,0.0,17.934499999682885,17.985600000429258,17.937500000698492,500,500,333.0,1501.5015015015017,,False,11.54089999909047
4518,exp1-completion-paced,66,264,0.2775999992081779,0.0683999996908824,54.49489999955404,54.426499999863154,0.0326999997923849,32.979499999783,500,488,26.4577999996618,33.03070000038133,False,488,0.0235000006796326,0.0276999999186955,0.0208000001293839,5.914099999245082,0.2450000001772423,0.1141000002462533,26.4577999996618,0.2273999998578801,0.0,32.979499999783,33.03070000038133,32.98769999946671,500,500,333.0,1501.5015015015017,,False,21.464199999172713
4519,exp1-completion-paced,66,264,0.4662999999709427,0.096799999482755,56.81900000035967,56.72220000087691,0.028299999939918,33.979299999373325,500,489,27.3191999995106,34.04759999921225,False,489,0.0276000000667409,0.0406999997721868,0.0408999994760961,6.031300000358897,0.2488000000084866,0.1160000001618755,27.3191999995106,0.2227000004495494,0.0,33.979299999373325,34.04759999921225,33.99040000022069,500,500,333.0,1501.5015015015017,,False,22.77140000114742
4520,exp1-completion-paced,66,264,0.4908000000796164,0.9775999997145846,46.16840000016964,45.190800000455056,0.0277999997706501,35.680900000443216,500,490,28.3331000000544,35.75699999964854,False,490,0.0330999992002034,0.0430000000051222,0.0302000007650349,6.725700000060897,0.2631999996083323,0.1180999997814069,28.3331000000544,0.2103000006172806,0.0,35.680900000443216,35.75699999964854,35.69160000006377,500,500,333.0,1501.5015015015017,,False,10.411400000521098
4521,exp1-completion-paced,66,264,0.4847000000154366,0.0742000001991982,44.06219999964378,43.98799999944458,0.0200000004042522,33.92059999987396,500,491,26.449099999808823,34.05930000008084,False,491,0.0298000004477216,0.1088999997591599,0.0272999996013822,6.922100000338105,0.2698999996937345,0.1230000007126363,26.449099999808823,0.1290000000153668,0.0,33.92059999987396,34.05930000008084,33.930900000086694,500,500,333.0,1501.5015015015017,,False,10.002899999562942
4522,exp1-completion-paced,66,264,0.4800999995495658,1.0874999998122803,53.02360000041517,51.93610000060289,0.0247000007220776,36.50109999944107,500,492,28.9957000004506,36.56589999991411,False,492,0.0219000003198743,0.0429000001531676,0.0274999993052915,6.846400000540598,0.2426000000923522,0.1147999992099357,28.9957000004506,0.2737000004344736,0.0,36.50109999944107,36.56589999991411,36.51150000041525,500,500,333.0,1501.5015015015017,,False,16.457700000501063
4523,exp1-completion-paced,66,264,0.2587000008134055,1.2425999993865844,32.08199999971839,30.839400000331807,0.0193999994735349,21.31019999978889,500,493,17.239499999959662,21.35449999968841,False,493,0.0172999998540035,0.0270000000455183,0.0164000002769171,3.768100000343111,0.1310999996348982,0.0288999999611405,17.239499999959662,0.1260999997612089,0.0,21.31019999978889,21.35449999968841,21.316399999705027,500,500,333.0,1501.5015015015017,,False,10.72750000002998
4524,exp1-completion-paced,66,264,0.2767999994830461,2.746399999523419,47.387800000251445,44.64140000072803,0.0310999994326266,37.92539999994915,500,494,31.174799999462262,37.97500000018772,False,494,0.023200000214274,0.0264000000242958,0.0195000002349843,6.102700000155892,0.2618999997139326,0.1110000002881861,31.174799999462262,0.255200000538025,0.0,37.92539999994915,37.97500000018772,37.93230000064796,500,500,333.0,1501.5015015015017,,False,9.412800000063726
4525,exp1-completion-paced,66,264,0.4636000003301888,0.07499999992433,46.22850000032486,46.15350000040053,0.0314000008074799,37.27379999963887,500,495,31.824800000322284,37.33079999983602,False,495,0.0289999998130952,0.0280000003840541,0.0323999993270263,4.789999999957217,0.255200000538025,0.1213999994433834,31.824800000322284,0.2496999995855731,0.0,37.27379999963887,37.33079999983602,37.28329999921698,500,500,333.0,1501.5015015015017,,False,8.89770000048884
4526,exp1-completion-paced,66,264,0.2610000001368462,2.740199999607285,52.984299999479845,50.24409999987256,0.0320999997711624,42.74779999923339,500,496,26.73109999977896,42.79389999919658,False,496,0.0196999999388935,0.0264000000242958,0.0184999998964485,15.35169999988284,0.2926999995906953,0.1307000002270797,26.73109999977896,0.222800000301504,0.0,42.74779999923339,42.79389999919658,42.7546999999322,500,500,333.0,1501.5015015015017,,False,10.190400000283262
4527,exp1-completion-paced,66,264,0.484600000163482,4.0430000008200295,47.19110000041837,43.14809999959834,0.0317999993058037,38.33979999944859,500,497,29.689900000448688,38.47880000012083,False,497,0.0364000006811693,0.1025999999910709,0.0284999996438273,8.015999999770429,0.260300000263669,0.1216000000567874,29.689900000448688,0.2231999997093225,0.0,38.33979999944859,38.47880000012083,38.350800000444,500,500,333.0,1501.5015015015017,,False,8.712300000297546
4528,exp1-completion-paced,66,264,0.4504000007727882,3.5754000000451924,32.91140000055748,29.33600000051229,0.0207000002774293,23.786800000380023,500,498,19.318700000440003,23.832500000025902,False,498,0.0199999994947575,0.0257000001511187,0.0183000001925393,4.050599999573024,0.1577000002725981,0.0288999999611405,19.318700000440003,0.2122999994753627,0.0,23.786800000380023,23.832500000025902,23.7939999997252,500,500,333.0,1501.5015015015017,,False,9.078900000531576
4529,exp1-completion-paced,66,264,0.3159000007144641,0.1210999998875195,49.78159999973286,49.66049999984534,0.0318000002152984,30.21530000023631,500,499,25.599700000384477,30.261699999755365,False,499,0.0203999998120707,0.0259999997069826,0.0195000002349843,4.1763999997783685,0.1549999997223494,0.0293000002784538,25.599700000384477,0.2349999995203688,0.0,30.21530000023631,30.261699999755365,30.222299999877578,500,500,333.0,1501.5015015015017,,False,19.519899999977497
4530,exp1-completion-paced,66,264,0.2872000004572328,0.0632999999652383,53.97999999968306,53.91669999971782,0.0320999997711624,38.35849999995844,500,500,29.92640000047686,38.43779999988328,False,500,0.0341999993906938,0.0451000005341484,0.0288999999611405,7.82219999928202,0.2599000008558505,0.1147999992099357,29.92640000047686,0.2059999997072736,0.0,38.35849999995844,38.43779999988328,38.36979999960022,500,500,333.0,1501.5015015015017,,False,15.542199999799777
4531,exp1-completion-paced,66,264,0.2752999998847372,0.0921000000744243,51.461200000630924,51.3691000005565,0.0208999999813386,37.63689999959752,500,501,29.418299999633746,37.79000000031374,False,501,0.0355000001945882,0.1176000005216337,0.0255999993896693,7.552900000519003,0.2469000000928645,0.1445999996576574,29.418299999633746,0.2483000007487135,0.0,37.63689999959752,37.79000000031374,37.64410000076168,500,500,333.0,1501.5015015015017,,False,13.671200000317185
4532,exp1-completion-paced,66,264,0.2696000001378706,1.2281999997867388,38.111599999865575,36.88340000007884,0.0196000000869389,29.063099999802944,500,502,21.046700000624696,29.33759999996255,False,502,0.0294000001304084,0.2451000000291969,0.025899999855028,7.470699999430508,0.269500000285916,0.1212999995914287,21.046700000624696,0.1287999994019628,0.0,29.063099999802944,29.33759999996255,29.073699999571545,500,500,333.0,1501.5015015015017,,False,8.773999999903026
4533,exp1-completion-paced,66,264,0.2598999999463558,1.2596999995366789,42.00399999990623,40.74430000036955,0.0263000001723412,20.213499999954365,500,503,15.774399999827438,20.29379999930825,False,503,0.02299999960087,0.0572999997530132,0.0317000003633438,4.117600000427046,0.1302999999097664,0.0308999997287173,15.774399999827438,0.1283999999941443,0.0,20.213499999954365,20.29379999930825,20.244299999831128,500,500,333.0,1501.5015015015017,,False,21.71020000059798
4534,exp1-completion-paced,66,264,0.2506999999241088,2.222000000074331,38.16339999957563,35.9413999995013,0.0186999996003578,21.525199999814504,500,504,15.863799999351611,21.60089999961201,False,504,0.0188999993042671,0.05680000049324,0.0162999995154677,5.352200000743324,0.1343999992968747,0.0296000007438124,15.863799999351611,0.1287000004595029,0.0,21.525199999814504,21.60089999961201,21.54289999998582,500,500,333.0,1501.5015015015017,,False,16.56249999996362
4535,exp1-completion-paced,66,264,0.2566000002843793,4.695800000263262,34.52270000070712,29.826900000443857,0.0219000003198743,17.09000000028027,500,505,12.990799999897716,17.133100000137347,False,505,0.0179999997271806,0.0251000001298962,0.0156999994942452,3.799699999945005,0.1324000004387926,0.0287000002572312,12.990799999897716,0.1225999994858284,0.0,17.09000000028027,17.133100000137347,17.09320000009029,500,500,333.0,1501.5015015015017,,False,17.38960000056977
4536,exp1-completion-paced,66,264,0.269299999672512,1.2228000005052309,41.37170000012702,40.14889999962179,0.0198999996428028,21.38939999986178,500,506,14.644400000179305,21.448700000291865,False,506,0.0282000000879634,0.0311000003421213,0.0188000003618071,6.236899999748857,0.248499999543128,0.1171000003523659,14.644400000179305,0.1234000001204549,0.0,21.38939999986178,21.448700000291865,21.397299999989627,500,500,333.0,1501.5015015015017,,False,19.922999999835156
4537,exp1-completion-paced,66,264,0.4490999999688938,3.051299999242474,37.4867999998969,34.43550000065443,0.0173999997059581,18.58899999933783,500,507,14.80379999975412,18.631799999639043,False,507,0.019099999917671,0.0237000003835419,0.0181999994310899,3.4856000002037035,0.1264000002265675,0.0297999995382269,14.80379999975412,0.1250000004802132,0.0,18.58899999933783,18.631799999639043,18.596599999909813,500,500,333.0,1501.5015015015017,,False,18.85500000025786
4538,exp1-completion-paced,66,264,0.2937999997811857,2.7022000003853464,32.524199999897974,29.821999999512627,0.0192999996215803,19.695799999681185,500,508,15.492399999857298,19.769499999711115,False,508,0.0181999994310899,0.0555000005988404,0.0239000000874511,3.8957999995545833,0.1289000001634122,0.0300000001516309,15.492399999857298,0.1246000001628999,0.0,19.695799999681185,19.769499999711115,19.72250000017084,500,500,333.0,1501.5015015015017,,False,12.754700000186858
4539,exp1-completion-paced,66,264,0.2789000000120722,0.0503999999637017,31.047599999510567,30.997199999546865,0.0190000000657164,19.615600000179256,500,509,15.116199999283708,19.65939999990951,False,509,0.0209999998332932,0.0227999998969608,0.0182000003405846,4.01140000030864,0.2322999998796149,0.1154000001406529,15.116199999283708,0.121900000522146,0.0,19.615600000179256,19.65939999990951,19.62259999982052,500,500,333.0,1501.5015015015017,,False,11.388199999601056
4540,exp1-completion-paced,66,264,0.2745000001596054,0.0483000003441702,44.75189999993745,44.70359999959328,0.0245000001086737,35.31170000042039,500,510,28.290000000197324,35.358199999791395,False,510,0.0194999993254896,0.0270000000455183,0.0423999999838997,6.48170000022219,0.2480000002833549,0.1206999995702062,28.290000000197324,0.1287000004595029,0.0,35.31170000042039,35.358199999791395,35.31920000023092,500,500,333.0,1501.5015015015017,,False,9.393700000146055
4541,exp1-completion-paced,66,264,0.4488000004130299,0.0893000005817157,42.52040000028501,42.43109999970329,0.0325000000884756,28.871299999991606,500,511,22.041600000193284,28.94790000027569,False,511,0.0222999997276929,0.0543000005563953,0.0259999997069826,6.305300000349234,0.2502999996067956,0.1148999999713851,22.041600000193284,0.133099999402475,0.0,28.871299999991606,28.94790000027569,28.880999999273627,500,500,333.0,1501.5015015015017,,False,13.572500000009317
4542,exp1-completion-paced,66,264,0.4711999999926775,0.0766000002840883,60.37650000052963,60.29990000024554,0.0312000001940759,36.49229999973613,500,512,29.003499999816995,36.71159999976226,False,512,0.0334000005750567,0.1858999994510668,0.0243000004047644,6.790699999328353,0.2558000005592475,0.1309999997829436,29.003499999816995,0.2867000002879649,0.0,36.49229999973613,36.71159999976226,36.49920000043494,500,500,333.0,1501.5015015015017,,False,23.664900000767375
4543,exp1-completion-paced,66,264,0.2678999999261577,2.818699999806995,41.10229999969306,38.283599999886064,0.02059999951598,27.628699999695527,500,513,23.842399999921327,27.68389999982901,False,513,0.0215999998545157,0.033600000278966,0.0193999994735349,3.37149999995745,0.1302999999097664,0.029499999982363,23.842399999921327,0.2354000007471768,0.0,27.628699999695527,27.68389999982901,27.636400000119465,500,500,333.0,1501.5015015015017,,False,13.41839999986405
4544,exp1-completion-paced,66,264,0.2598999999463558,1.201500000206579,46.81239999990794,45.61089999970136,0.0288999999611405,37.05519999948592,500,514,28.23320000061358,37.1075999992172,False,514,0.0219999992623343,0.0304000004689442,0.0197999997908482,8.163899999999558,0.2530000001570442,0.1303999997617211,28.23320000061358,0.2544999997553532,0.0,37.05519999948592,37.1075999992172,37.06270000020595,500,500,333.0,1501.5015015015017,,False,9.704800000690739
4545,exp1-completion-paced,66,264,0.2710999997361796,1.2797999997928855,27.288899999803107,26.00910000001022,0.01810000048863,19.782600000326056,500,515,15.103200000339712,19.82640000005631,False,515,0.0203999998120707,0.0233999999181833,0.0176000003193621,4.362399999990885,0.1500999997006147,0.0300000001516309,15.103200000339712,0.1191999999718973,0.0,19.782600000326056,19.82640000005631,19.789500000115368,500,500,333.0,1501.5015015015017,,False,7.462499999746797
4546,exp1-completion-paced,66,264,0.4672000004575238,2.0985000001019216,59.3300000000454,57.23149999994348,0.0271999997494276,37.84339999947406,500,516,29.251400000248395,37.96109999984765,False,516,0.0342000003001885,0.0835000000733998,0.0275000002147862,7.93959999919025,0.2492000003257999,0.108600000203296,29.251400000248395,0.2667999997356673,0.0,37.84339999947406,37.96109999984765,37.855499999750464,500,500,333.0,1501.5015015015017,,False,21.368900000197755
4547,exp1-completion-paced,66,264,0.4885000007561757,0.0884999999470892,49.29710000033083,49.20860000038374,0.0287000002572312,38.46799999973882,500,517,30.877700000019104,38.58769999987999,False,517,0.0282000000879634,0.0915000000532018,0.0249999993684468,6.943299999875308,0.2446000007694238,0.1178999991680029,30.877700000019104,0.2592000000731786,0.0,38.46799999973882,38.58769999987999,38.47839999980352,500,500,333.0,1501.5015015015017,,False,10.709400000450842
4548,exp1-completion-paced,66,264,0.481999999465188,1.0175999996135945,49.12439999952767,48.10679999991408,0.0249000004259869,36.48570000041218,500,518,28.077099999791244,36.61920000013197,False,518,0.0401999996029189,0.0933000001168693,0.027300000510877,7.871699999668635,0.2654999998412677,0.1173000000562751,28.077099999791244,0.1267000006919261,0.0,36.48570000041218,36.61920000013197,36.49580000001151,500,500,333.0,1501.5015015015017,,False,12.5051999993957
4549,exp1-completion-paced,66,264,0.2675999994607991,0.0611999994362122,49.90399999951478,49.84280000007857,0.0314999997499398,37.20140000041283,500,519,28.84030000041093,37.27840000010474,False,519,0.0239999999394058,0.052999999752501,0.040100000660459,7.680099999561207,0.2691999998205574,0.1173000000562751,28.84030000041093,0.2540999994380399,0.0,37.20140000041283,37.27840000010474,37.21029999996972,500,500,333.0,1501.5015015015017,,False,12.625599999410042
4550,exp1-completion-paced,66,264,0.2771999998003593,1.7428000001018518,31.7629000001034,30.02010000000155,0.0303000006169895,18.981500000336386,500,520,15.226200000142851,19.028499999876654,False,520,0.0201000002562068,0.026899999284069,0.0586000005569076,3.4096999997927924,0.1306000003751251,0.0295999998343177,15.226200000142851,0.1265999999304767,0.0,18.981500000336386,19.028499999876654,18.98849999997765,500,500,333.0,1501.5015015015017,,False,12.734400000226746
4551,exp1-completion-paced,66,264,0.2640000002429588,0.0445000005129259,38.09760000058304,38.05310000007012,0.0275000002147862,19.103700000414392,500,521,15.364099999715108,19.15400000052614,False,521,0.0243000004047644,0.0259999997069826,0.0189000002137618,3.423299999667506,0.1356000002488144,0.0313999998979852,15.364099999715108,0.1302000000578118,0.0,19.103700000414392,19.15400000052614,19.11119999931543,500,500,333.0,1501.5015015015017,,False,18.943600000056904
4552,exp1-completion-paced,66,264,0.4862000005232403,1.000700000076904,51.77430000003369,50.77359999995679,0.0356000000465428,38.40429999945627,500,522,30.287299999145034,38.5601999996652,False,522,0.0288999999611405,0.12700000024779,0.0264000000242958,7.422599999699742,0.2665000001798034,0.1257000003533903,30.287299999145034,0.2755000004981411,0.0,38.40429999945627,38.5601999996652,38.41430000011314,500,500,333.0,1501.5015015015017,,False,13.21410000036849
4553,exp1-completion-paced,66,264,0.4461999997147359,0.1158000004579662,49.4012000008297,49.28540000037174,0.02050000057352,35.031700000217825,500,523,26.79649999936373,35.10649999952875,False,523,0.0305999992633587,0.0442000000475673,0.05680000049324,7.675599999856786,0.2561000001151114,0.117800000225543,26.79649999936373,0.1287000004595029,0.0,35.031700000217825,35.10649999952875,35.04310000062105,500,500,333.0,1501.5015015015017,,False,14.294700001300946
4554,exp1-completion-paced,66,264,0.2741999996942468,1.2533999997685896,33.644699999968,32.39130000019941,0.0435000001743901,22.33040000010078,500,524,16.99040000039531,22.37400000012713,False,524,0.0200999993467121,0.0235000006796326,0.0182999992830446,5.012400000850903,0.1319999992119847,0.0312000001940759,16.99040000039531,0.1458999995520571,0.0,22.33040000010078,22.37400000012713,22.337899999911315,500,500,333.0,1501.5015015015017,,False,11.270699999840868
4555,exp1-completion-paced,66,264,0.4336000001785578,1.2688999995589256,58.8010999999824,57.53220000042347,0.0221000000237836,41.39169999962178,500,525,31.60100000059174,41.46209999998973,False,525,0.0351999997292296,0.0352000006387243,0.0274999993052915,9.115400000155203,0.2550999997765757,0.1167000000350526,31.60100000059174,0.2755999994406011,0.0,41.39169999962178,41.46209999998973,41.40269999970769,500,500,333.0,1501.5015015015017,,False,17.338999999992666
4556,exp1-completion-paced,66,264,0.5087999998067971,1.995900000110851,53.71569999988424,51.719799999773386,0.024199999643315,42.86599999977625,500,526,31.96839999964141,42.934600000080536,False,526,0.0288000001091859,0.0398000001951004,0.0304999994114041,10.224900000139314,0.2713000003495835,0.1141000002462533,31.96839999964141,0.25649999952293,0.0,42.86599999977625,42.934600000080536,42.87769999973534,500,500,333.0,1501.5015015015017,,False,10.7810999998037
4557,exp1-completion-paced,66,264,0.2788000001601176,1.2661999999181717,91.7010000002847,90.43480000036652,0.0282000000879634,73.9426000000094,500,527,28.544099999635364,74.00669999969978,False,527,0.0310999994326266,0.0330000002577435,0.0201000002562068,44.85819999990781,0.2606999996714876,0.0441000001956126,28.544099999635364,0.215099999877566,0.0,73.9426000000094,74.00669999969978,73.95069999984116,500,500,333.0,1501.5015015015017,,False,17.694300000584917
4558,exp1-completion-paced,66,264,0.2839999997377163,0.7162000001699198,51.694900000256894,50.978700000086974,0.0251999999818508,37.555300000349234,500,528,28.93139999923733,37.61970000050496,False,528,0.0237000003835419,0.0406999997721868,0.0289999998130952,7.988899999872956,0.2837000001818524,0.112700000499899,28.93139999923733,0.2093000002787448,0.0,37.555300000349234,37.61970000050496,37.56689999954688,500,500,333.0,1501.5015015015017,,False,14.07519999975193
4559,exp1-completion-paced,66,264,0.4784000002473476,1.5650000004825415,45.19909999999072,43.63409999950818,0.0338999998348299,37.54829999979847,500,529,28.621699999348493,37.61600000052567,False,529,0.0254000005952548,0.0423000001319451,0.0301000000035855,8.284399999865855,0.2661999997144448,0.1215000002048327,28.621699999348493,0.224000000343949,0.0,37.54829999979847,37.61600000052567,37.560199999461474,500,500,333.0,1501.5015015015017,,False,7.583099999465048
4560,exp1-completion-paced,66,264,0.2776999999696272,3.237700000681798,44.80720000083238,41.56950000015058,0.0298000004477216,23.817899999812653,500,530,15.468599999621802,23.9198999997825,False,530,0.0196000000869389,0.0823999998829094,0.0257000001511187,8.000499999980093,0.163099999554106,0.0314000008074799,15.468599999621802,0.1283000001421896,0.0,23.817899999812653,23.9198999997825,23.82779999970808,500,500,333.0,1501.5015015015017,,False,20.88730000104988
4561,exp1-completion-paced,66,264,0.2752999998847372,1.216099999510334,29.575999999906344,28.35990000039601,0.0214000001506065,19.956400000410213,500,531,15.69019999988086,20.011100000374427,False,531,0.0212000004466972,0.0334999995175167,0.0173000007634982,3.965399999287911,0.1312000003963476,0.0306000001728534,15.69019999988086,0.1215000002048327,0.0,19.956400000410213,20.011100000374427,19.962300000770483,500,500,333.0,1501.5015015015017,,False,9.564899999531917
4562,exp1-completion-paced,66,264,0.2689999992071534,5.8054000000993256,41.131099999802245,35.32569999970292,0.0214000001506065,20.886599999357717,500,532,15.616399999998976,20.943999999872176,False,532,0.0221000000237836,0.0353000004906789,0.0181999994310899,4.884900000433845,0.142500000038126,0.0713999997969949,15.616399999998976,0.1529999999547726,0.0,20.886599999357717,20.943999999872176,20.894199999929697,500,500,333.0,1501.5015015015017,,False,20.18709999993007
4563,exp1-completion-paced,66,264,0.4540999998425832,1.022700000248733,31.497200000558223,30.47450000030949,0.0202000001081614,18.859400000110327,500,533,14.8178999997981,18.912100000306964,False,533,0.0226000001930515,0.0301000000035855,0.0380999999833875,3.7142000001040287,0.1318000004175701,0.0276999999186955,14.8178999997981,0.1295000001846347,0.0,18.859400000110327,18.912100000306964,18.866800000068903,500,500,333.0,1501.5015015015017,,False,12.58510000025126
4564,exp1-completion-paced,66,264,0.4473999997571809,0.0809999992270604,53.25159999938478,53.17060000015772,0.0196999999388935,34.83429999960208,500,534,27.12549999978364,34.94979999959469,False,534,0.0346999995599617,0.0808000004326459,0.025899999855028,7.072899999911897,0.2339000002393731,0.1065999995262245,27.12549999978364,0.2691999998205574,0.0,34.83429999960208,34.94979999959469,34.84429999934946,500,500,333.0,1501.5015015015017,,False,18.30179999979009
4565,exp1-completion-paced,66,264,0.2865999995265156,0.0645000000076834,42.42030000023078,42.3558000002231,0.0229000006584101,32.14000000025408,500,535,24.43450000009761,32.19640000043,False,535,0.0229000006584101,0.0334999995175167,0.0201000002562068,7.266900000104215,0.1399000002493267,0.0301999998555402,24.43450000009761,0.2480999992258148,0.0,32.14000000025408,32.19640000043,32.14819999993779,500,500,333.0,1501.5015015015017,,False,10.223899999800778
4566,exp1-completion-paced,66,264,0.2684000000954256,1.198399999339017,50.58310000003985,49.38470000070083,0.0325000000884756,30.34250000018801,500,536,22.86809999986872,30.45470000051864,False,536,0.0279000005320995,0.0842999997985316,0.0264000000242958,6.8073000002186745,0.2488999998604413,0.1241999998455867,22.86809999986872,0.2672999999049352,0.0,30.34250000018801,30.45470000051864,30.35249999993539,500,500,333.0,1501.5015015015017,,False,20.12839999952121
4567,exp1-completion-paced,66,264,0.2776999999696272,1.1803999996118364,36.004299999149225,34.82389999953739,0.0208999999813386,15.43020000008255,500,537,11.76099999975122,15.474999999241843,False,537,0.0210999996852478,0.0236999994740472,0.0165000001288717,3.3641999998508254,0.1273000007131486,0.0289999998130952,11.76099999975122,0.1320000001214794,0.0,15.43020000008255,15.474999999241843,15.436699999554548,500,500,333.0,1501.5015015015017,,False,20.52929999990738
4568,exp1-completion-paced,66,264,0.2828000006047659,1.2084999998478452,43.8743999993676,42.66589999951975,0.024400000256719,29.72330000011425,500,538,22.71149999978661,29.840100000001257,False,538,0.0222999997276929,0.0945000001593143,0.0258000000030733,6.388900000274589,0.2402999998594168,0.1197000001411652,22.71149999978661,0.2369000003454857,0.0,29.72330000011425,29.840100000001257,29.733600000326987,500,500,333.0,1501.5015015015017,,False,14.03429999936634
4569,exp1-completion-paced,66,264,0.2809000006891438,0.0516000000061467,32.68229999957839,32.63069999957224,0.0189000002137618,15.300200000638142,500,539,11.679399999593445,15.35039999998844,False,539,0.0242999994952697,0.025899999855028,0.0176000003193621,3.323200000522774,0.1301999991483171,0.0284000007013673,11.679399999593445,0.1210999998875195,0.0,15.300200000638142,15.35039999998844,15.307300000131365,500,500,333.0,1501.5015015015017,,False,17.33189999958995
4570,exp1-completion-paced,66,264,0.2766999996310915,1.2241000003996303,24.588500000390923,23.36439999999129,0.0207000002774293,15.31929999964632,500,540,11.700800000653544,15.412300000207324,False,540,0.0586000005569076,0.0344000000040978,0.0197999997908482,3.3192000000781263,0.1264000002265675,0.0279999994745594,11.700800000653544,0.1248999997187638,0.0,15.31929999964632,15.412300000207324,15.327799999795388,500,500,333.0,1501.5015015015017,,False,9.176200000183599
4571,exp1-completion-paced,66,264,0.2721000000747153,1.2177999997220468,41.539900000316266,40.32210000059422,0.0229000006584101,16.127599999890663,500,541,11.800699999184872,16.17329999953654,False,541,0.0200999993467121,0.025600000299164,0.0173999997059581,4.017000000203552,0.1338000001851469,0.0280000003840541,11.800699999184872,0.1305000005231704,0.0,16.127599999890663,16.17329999953654,16.134600000441424,500,500,333.0,1501.5015015015017,,False,25.366600000779727
4572,exp1-completion-paced,66,264,0.2756999992925557,0.7257000006575254,30.00800000063464,29.282299999977116,0.0217000006159651,18.47040000029665,500,542,14.74309999957768,18.512900000132504,False,542,0.0185999997484032,0.0239000000874511,0.019099999917671,3.420699999878707,0.1314000001002568,0.0299000002996763,14.74309999957768,0.1260000008187489,0.0,18.47040000029665,18.512900000132504,18.47780000025523,500,500,333.0,1501.5015015015017,,False,11.495100000502138
4573,exp1-completion-paced,66,264,0.2734999998210696,0.0685999993947916,33.20949999942968,33.14090000003489,0.0214000001506065,16.768499999670894,500,543,13.055100000201492,16.821100000015576,False,543,0.0219000003198743,0.0307000000248081,0.0178000000232714,3.2843999997567157,0.1277999999729218,0.0293000002784538,13.055100000201492,0.253799999882176,0.0,16.768499999670894,16.821100000015576,16.775500000221655,500,500,333.0,1501.5015015015017,,False,16.388399999414105
4574,exp1-completion-paced,66,264,0.2721000000747153,1.2093000004824717,26.08479999980773,24.875499999325257,0.0177000001713167,15.590899999551766,500,544,12.16270000077202,15.636899999663,False,544,0.0196999999388935,0.0263000001723412,0.0179999997271806,3.1270999998014304,0.1234999999724095,0.0290999996650498,12.16270000077202,0.1302999999097664,0.0,15.590899999551766,15.636899999663,15.59830000041984,500,500,333.0,1501.5015015015017,,False,10.44790000014473
4575,exp1-completion-paced,66,264,0.3311000000394415,0.677699999869219,30.055000000174918,29.37730000030569,0.0203999998120707,15.165100000558596,500,545,11.548800000127812,15.215299999908892,False,545,0.0233999999181833,0.0267999994321144,0.0183000001925393,3.306999999949767,0.1325000002907472,0.0289999998130952,11.548800000127812,0.1292999995712307,0.0,15.165100000558596,15.215299999908892,15.172399999755726,500,500,333.0,1501.5015015015017,,False,14.839700000266026
4576,exp1-completion-paced,66,264,0.2803999996103812,2.6974000002155663,38.799800000560936,36.10240000034537,0.0319000000672531,15.107799999896088,500,546,11.674800000037068,15.158799999881012,False,546,0.019099999917671,0.0319000000672531,0.019099999917671,3.131800000119256,0.1280000005863257,0.0292999993689591,11.674800000037068,0.1246000001628999,0.0,15.107799999896088,15.158799999881012,15.123700000003735,500,500,333.0,1501.5015015015017,,False,23.641000000679924
4577,exp1-completion-paced,66,264,0.2584000003480469,0.0494999994771205,40.430799999739975,40.38130000026285,0.0823000000309548,16.372000000046683,500,547,11.978500000623171,16.42179999998916,False,547,0.0191999997696257,0.0306000001728534,0.0181999994310899,4.096700000445708,0.1260999997612089,0.0289999998130952,11.978500000623171,0.1234000001204549,0.0,16.372000000046683,16.42179999998916,16.379400000005262,500,500,333.0,1501.5015015015017,,False,24.008999999750813
4578,exp1-completion-paced,66,264,0.2778999996735365,0.0534999999217689,35.78459999971528,35.731099999793514,0.0208000001293839,18.110599999999977,500,548,14.55309999983001,18.17510000000766,False,548,0.0350000000253203,0.029499999982363,0.0197999997908482,3.123800000139454,0.1283999999941443,0.0288999999611405,14.55309999983001,0.2561999999670661,0.0,18.110599999999977,18.17510000000766,18.11849999921833,500,500,333.0,1501.5015015015017,,False,17.609499999707623
4579,exp1-completion-paced,66,264,0.283800000033807,0.0547999998161685,55.49729999984265,55.44250000002648,0.0242999994952697,29.82929999961925,500,549,22.91349999995873,29.949199999464327,False,549,0.0784000003477558,0.0414999994973186,0.0264999998762505,6.261600000470935,0.244899999415793,0.1201000004584784,22.91349999995873,0.2622000001792912,0.0,29.82929999961925,29.949199999464327,29.839800000445397,500,500,333.0,1501.5015015015017,,False,25.548100000378327
4580,exp1-completion-paced,66,264,0.4562000003716093,1.0766000004878151,29.962399999931225,28.885799999443407,0.0175000004674075,16.726899999412126,500,550,12.138200000663346,16.78910000009637,False,550,0.0223000006371876,0.039900000047055,0.0303999995594494,4.263800000444462,0.1382000000376138,0.0287999991996912,12.138200000663346,0.1273999996556085,0.0,16.726899999412126,16.78910000009637,16.739200000301935,500,500,333.0,1501.5015015015017,,False,13.173299999834857
4581,exp1-completion-paced,66,264,0.267100000201026,1.334800000222458,38.70160000042233,37.36680000019987,0.0210999996852478,15.767099999720813,500,551,12.167500000032303,15.814399999726447,False,551,0.0219999992623343,0.0253000007433001,0.0181999994310899,3.3005000004777685,0.1251999992746277,0.0298000004477216,12.167500000032303,0.1256999994438956,0.0,15.767099999720813,15.814399999726447,15.774599999531349,500,500,333.0,1501.5015015015017,,False,22.887200000695884
4582,exp1-completion-paced,66,264,0.273600000582519,2.202399999987392,33.554499999809195,31.352099999821803,0.0209999998332932,23.91529999931663,500,552,19.96299999973417,23.96150000004127,False,552,0.0209999998332932,0.0252000008913455,0.0285999994957819,3.507800000079442,0.1319000002695247,0.0288999999611405,19.96299999973417,0.2548000002207118,0.0,23.91529999931663,23.96150000004127,23.923000000650063,500,500,333.0,1501.5015015015017,,False,9.592999999767926
4583,exp1-completion-paced,66,264,0.2803000006679212,1.1994000005870475,42.84540000026027,41.64599999967322,0.0287000002572312,28.27419999994163,500,553,22.789900000134367,28.337499999906868,False,553,0.0278000006801448,0.0354999992850935,0.0275000002147862,4.908599999907892,0.239500000134285,0.0448000000687898,22.789900000134367,0.2634000002217362,0.0,28.27419999994163,28.337499999906868,28.284100000746548,500,500,333.0,1501.5015015015017,,False,14.507900000353402
4584,exp1-completion-paced,66,264,0.2771999998003593,2.7861000007760595,34.575800000311574,31.789699999535515,0.0189000002137618,15.160900000410038,500,554,11.772300000302494,15.205600000626871,False,554,0.0199000005522975,0.0247999996645376,0.0176000003193621,3.0925000000934237,0.1233999992109602,0.0292000004264991,11.772300000302494,0.1257999992958502,0.0,15.160900000410038,15.205600000626871,15.168499999163032,500,500,333.0,1501.5015015015017,,False,19.3701999996847
4585,exp1-completion-paced,66,264,0.4565999997794279,2.573500000835338,53.46480000025622,50.89129999942088,0.0487000006614835,29.10390000033658,500,555,22.348099999362603,29.239899999993213,False,555,0.0389999995604739,0.097000000096159,0.0257000001511187,6.136699999842676,0.2353999998376821,0.1195000004372559,22.348099999362603,0.23830000009184,0.0,29.10390000033658,29.239899999993213,29.114299999491777,500,500,333.0,1501.5015015015017,,False,24.224900000263005
4586,exp1-completion-paced,66,264,0.4633999997167848,1.07300000036048,35.064300000158255,33.991299999797775,0.0201000002562068,15.477199999622826,500,556,11.974900000495836,15.521799999987708,False,556,0.0196999999388935,0.0249000004259869,0.0190000000657164,3.203100000064296,0.1250999994226731,0.0288999999611405,11.974900000495836,0.1259999999092542,0.0,15.477199999622826,15.521799999987708,15.484399999877496,500,500,333.0,1501.5015015015017,,False,19.54250000017055
4587,exp1-completion-paced,66,264,0.2818000002662302,2.656399999978021,38.70299999925919,36.04659999928117,0.0210999996852478,16.67659999930038,500,557,12.960199999724864,16.73709999977291,False,557,0.023200000214274,0.0373000002582557,0.0180999995791353,3.396199999770033,0.1305000005231704,0.0284999996438273,12.960199999724864,0.1428000005034846,0.0,16.67659999930038,16.73709999977291,16.695899999831454,500,500,333.0,1501.5015015015017,,False,21.965899999486282
4588,exp1-completion-paced,66,264,0.4516999997576931,1.0888999995586346,29.48879999985365,28.39990000029502,0.0177000001713167,17.067699999643082,500,558,11.806399999841233,17.148599999927683,False,558,0.0202999999601161,0.0606000003244844,0.0266999995801597,4.946000000018103,0.1330000004600151,0.0291999995170044,11.806399999841233,0.1262000005226582,0.0,17.067699999643082,17.148599999927683,17.111600000134786,500,500,333.0,1501.5015015015017,,False,12.340199999925968
4589,exp1-completion-paced,66,264,0.4447999999683816,2.0492000003287103,24.421799999799987,22.37259999947128,0.0255000004472094,15.163899999606656,500,559,11.66469999952824,15.212399999654735,False,559,0.0212000004466972,0.0272999996013822,0.0192999996215803,3.2016000004659877,0.1261999996131635,0.0274000003628316,11.66469999952824,0.1246000001628999,0.0,15.163899999606656,15.212399999654735,15.171600000030594,500,500,333.0,1501.5015015015017,,False,9.209400000145251
4590,exp1-completion-paced,66,264,0.4743999998026993,0.9253000007447554,34.38640000058513,33.46109999984037,0.019099999917671,15.640300000086429,500,560,11.961400000473075,15.689300000303774,False,560,0.0215000000025611,0.0275000002147862,0.0202000001081614,3.350399999362708,0.1304000006712158,0.0512999995407881,11.961400000473075,0.1263999993170728,0.0,15.640300000086429,15.689300000303774,15.648300000066229,500,500,333.0,1501.5015015015017,,False,18.697100000281353
4591,exp1-completion-paced,66,264,0.4368999998405343,0.0783000004958012,40.99320000022999,40.91489999973419,0.0208000001293839,23.059099999954924,500,561,17.463299999690207,23.13060000051337,False,561,0.0254000005952548,0.0460999999631894,0.0186999996003578,5.028800000218325,0.2962999997180304,0.1221000002260552,17.463299999690207,0.1298000006499933,0.0,23.059099999954924,23.13060000051337,23.063900000124704,500,500,333.0,1501.5015015015017,,False,17.862599999716622
4592,exp1-completion-paced,66,264,0.2870000007533235,0.059500000133994,35.08220000003348,35.02269999989949,0.0290000007225899,15.080500000294704,500,562,11.582000000089463,15.13489999979356,False,562,0.0193999994735349,0.0350000000253203,0.0239999999394058,3.193999999894004,0.1290000000153668,0.0277999997706501,11.582000000089463,0.1236000007338589,0.0,15.080500000294704,15.13489999979356,15.089000000443775,500,500,333.0,1501.5015015015017,,False,19.94730000023992
4593,exp1-completion-paced,66,264,0.4513000003498746,2.6515999998082407,51.20910000005097,48.557500000242726,0.0222999997276929,29.69409999968775,500,563,22.95679999951972,29.79689999938273,False,563,0.0307999998767627,0.0719999998182174,0.0267999994321144,6.092900000112422,0.2356000004510861,0.1141000002462533,22.95679999951972,0.2677000002222485,0.0,29.69409999968775,29.79689999938273,29.70460000051389,500,500,333.0,1501.5015015015017,,False,21.412200000668236
4594,exp1-completion-paced,66,264,0.2752000000327825,0.0539000002390821,49.7296000003189,49.67570000007981,0.0322000005326117,28.698500000245986,500,564,22.574100000383623,28.746899999532616,False,564,0.0222999997276929,0.0260999995589372,0.0195000002349843,5.517200000213052,0.2536000001782668,0.1219999994646059,22.574100000383623,0.2118000002155895,0.0,28.698500000245986,28.746899999532616,28.70600000005652,500,500,333.0,1501.5015015015017,,False,20.98270000078628
4595,exp1-completion-paced,66,264,0.4595000000335858,2.504600000065693,45.57850000037433,43.07390000030864,0.028299999939918,24.591000000327767,500,565,17.76030000019091,24.64010000039707,False,565,0.022000000171829,0.027099999897473,0.0195000002349843,6.17690000035509,0.2435999995213933,0.12940000033268,17.76030000019091,0.2610000001368462,0.0,24.591000000327767,24.64010000039707,24.5985000001383,500,500,333.0,1501.5015015015017,,False,20.938399999977264
4596,exp1-completion-paced,66,264,0.4527000000962289,1.0915000002569286,33.59829999953945,32.50679999928252,0.0383999995392514,25.143300000308955,500,566,21.480899999914985,25.18860000054701,False,566,0.0201000002562068,0.0251999999818508,0.0182000003405846,3.199799999492825,0.1290999998673214,0.0313000000460306,21.480899999914985,0.283800000033807,0.0,25.143300000308955,25.18860000054701,25.149600000077044,500,500,333.0,1501.5015015015017,,False,8.40969999899244
4597,exp1-completion-paced,66,264,0.5187999995541759,1.014999999824795,43.6199999994642,42.6049999996394,0.0195000002349843,29.86069999951724,500,567,22.80590000009397,29.931899999610323,False,567,0.0289999998130952,0.0422000002799904,0.026899999284069,6.430299999919953,0.2455000003465102,0.1161000000138301,22.80590000009397,0.2357000003030407,0.0,29.86069999951724,29.931899999610323,29.87100000063947,500,500,333.0,1501.5015015015017,,False,13.688099999853875
4598,exp1-completion-paced,66,264,0.4687000000558328,1.0262999994665734,52.30759999994916,51.28130000048259,0.0214000001506065,30.300500000521424,500,568,23.148000000219326,30.374200000551355,False,568,0.0344999998560524,0.0392000001738779,0.0299000002996763,6.502000000182306,0.2617000000100233,0.1170999994428712,23.148000000219326,0.2414999999018618,0.0,30.300500000521424,30.374200000551355,30.312400000184425,500,500,333.0,1501.5015015015017,,False,21.933399999397807
4599,exp1-completion-paced,66,264,0.4456000006030081,0.0691000004735542,36.50440000001254,36.43529999953898,0.0192000006791204,21.026200000051176,500,569,14.054000000214728,21.080299999994168,False,569,0.0215000000025611,0.0325999999404302,0.027099999897473,6.34639999952924,0.2490000006218906,0.1109999993786914,14.054000000214728,0.2383999999437946,0.0,21.026200000051176,21.080299999994168,21.03770000030636,500,500,333.0,1501.5015015015017,,False,15.42410000001837
4600,exp1-completion-paced,66,264,0.4556000003503868,0.9741000003486988,32.81070000048203,31.83660000013333,0.0314999997499398,17.920199999934994,500,570,14.27869999952236,17.97400000032212,False,570,0.0194000003830296,0.0344000000040978,0.0182000003405846,3.1924999993862,0.1306000003751251,0.0330000002577435,14.27869999952236,0.2670000003490713,0.0,17.920199999934994,17.97400000032212,17.9271000006338,500,500,333.0,1501.5015015015017,,False,14.836700000159908
4601,exp1-completion-paced,66,264,0.2789999998640269,4.325999999309715,37.49400000015157,33.16800000084186,0.0206000004254747,20.85110000007262,500,571,15.13029999932769,20.899399999507292,False,571,0.0210999996852478,0.0271999997494276,0.0304000004689442,5.351599999812606,0.1350000002275919,0.0754000002416432,15.13029999932769,0.128200000290235,0.0,20.85110000007262,20.899399999507292,20.859100000052425,500,500,333.0,1501.5015015015017,,False,16.59460000064428
4602,exp1-completion-paced,66,264,0.5087999998067971,0.965600000199629,29.24540000003617,28.27979999983654,0.0323000003845663,15.168400000220572,500,572,11.658499999612104,15.225899999677496,False,572,0.0301999998555402,0.0272999996013822,0.0188000003618071,3.203600000233564,0.1323999995292979,0.0310000004901667,11.658499999612104,0.1239000002897228,0.0,15.168400000220572,15.225899999677496,15.175800000179152,500,500,333.0,1501.5015015015017,,False,14.019500000358674
4603,exp1-completion-paced,66,264,0.27219999992667,4.2542999999568565,35.57799999998679,31.32370000002993,0.0195000002349843,14.80489999994461,500,573,11.360399999830406,14.851099999759754,False,573,0.0210999996852478,0.0251000001298962,0.0172000000020489,3.1532000002698624,0.125599999591941,0.0278000006801448,11.360399999830406,0.120499999866297,0.0,14.80489999994461,14.851099999759754,14.81210000019928,500,500,333.0,1501.5015015015017,,False,20.726900000227033
4604,exp1-completion-paced,66,264,0.4625000001396984,1.9766000004892703,31.440499999916938,29.463899999427667,0.0213000002986518,21.151500000087253,500,574,14.158099999804108,21.207400000093912,False,574,0.0200000004042522,0.0358999996024067,0.0261000004684319,6.432899999708752,0.3692999998747837,0.0374000001102103,14.158099999804108,0.1275000004170579,0.0,21.151500000087253,21.207400000093912,21.16180000029999,500,500,333.0,1501.5015015015017,,False,10.233099999823025
4605,exp1-completion-paced,66,264,0.4603999996106722,4.485899999963294,27.191499999389634,22.70559999942634,0.0234999997701379,15.380299999378622,500,575,11.91370000015013,15.432399999554036,False,575,0.0255999993896693,0.0265000007857452,0.0197999997908482,3.1633999997211504,0.1257000003533903,0.0286999993477365,11.91370000015013,0.1288000003114575,0.0,15.380299999378622,15.432399999554036,15.388499999971827,500,500,333.0,1501.5015015015017,,False,11.759099999835598
4606,exp1-completion-paced,66,264,0.2543000000514439,1.266100000066217,35.580599999775586,34.31449999970937,0.0292000004264991,14.8165999999037,500,576,11.442300000453542,14.860100000078091,False,576,0.0186000006578979,0.0248999995164922,0.0173999997059581,3.0743000006623333,0.1259000000572996,0.0315999996018945,11.442300000453542,0.1248999997187638,0.0,14.8165999999037,14.860100000078091,14.823500000602507,500,500,333.0,1501.5015015015017,,False,20.720499999697495
4607,exp1-completion-paced,66,264,0.3260000003137975,1.1982000005446023,36.09330000017508,34.895099999630474,0.0184999998964485,15.402199999698496,500,577,11.781600000176695,15.455800000381714,False,577,0.0320000008287024,0.0215999998545157,0.0169999993886449,3.3245000004171743,0.1289000001634122,0.0285999994957819,11.781600000176695,0.1214000003528781,0.0,15.402199999698496,15.455800000381714,15.40830000067217,500,500,333.0,1501.5015015015017,,False,20.637499999793363
4608,exp1-completion-paced,66,264,0.276099999609869,1.2450000003809691,26.029399999970337,24.78439999958937,0.0436000000263447,15.472199999749137,500,578,12.08630000019184,15.51519999975426,False,578,0.0191999997696257,0.0238000002354965,0.01810000048863,3.0699999997523264,0.1256999994438956,0.0325000000884756,12.08630000019184,0.1394000000800588,0.0,15.472199999749137,15.51519999975426,15.47980000032112,500,500,333.0,1501.5015015015017,,False,10.514200000216077
4609,exp1-completion-paced,66,264,0.2652000002854038,0.0528999999005463,31.339899999693444,31.286999999792897,0.0184000000444939,25.280900000325342,500,579,18.45410000078118,25.339400000120804,False,579,0.0266000006376998,0.0318999991577584,0.0283000008494127,6.2266999993880745,0.2401000001555076,0.1144999996540718,18.45410000078118,0.2169999997931881,0.0,25.280900000325342,25.339400000120804,25.29200000026321,500,500,333.0,1501.5015015015017,,False,6.000499999572639
4610,exp1-completion-paced,66,264,0.4733999994641635,4.089900000508351,27.55310000065947,23.46320000015112,0.0189000002137618,20.355100000415405,500,580,16.758899999331334,20.40630000010424,False,580,0.0216999997064704,0.029499999982363,0.0188000003618071,3.16839999959484,0.1274000005651032,0.0282000000879634,16.758899999331334,0.2532000007704482,0.0,20.355100000415405,20.40630000010424,20.36240000052203,500,500,333.0,1501.5015015015017,,False,7.146800000555231
4611,exp1-completion-paced,66,264,0.2779000005830312,1.2311000000408967,35.61309999986406,34.381999999823165,0.0187999994523124,22.703599999658763,500,581,16.787399999884656,22.75379999991856,False,581,0.0246999998125829,0.0255000004472094,0.0192999996215803,5.3966000004948,0.2569999996921979,0.1184000002467655,16.787399999884656,0.1247000000148546,0.0,22.703599999658763,22.75379999991856,22.71160000054806,500,500,333.0,1501.5015015015017,,False,12.859299999945502
4612,exp1-completion-paced,66,264,0.3256999998484389,5.241199999545643,23.519800000030955,18.278600000485312,0.0211999995372025,14.78450000013254,500,582,11.395200000151815,14.824299999418145,False,582,0.017899999875226,0.0218999994103796,0.0170000002981396,3.099700000348093,0.1244999994014506,0.0306000001728534,11.395200000151815,0.1173000000562751,0.0,14.78450000013254,14.824299999418145,14.79120000021794,500,500,333.0,1501.5015015015017,,False,8.69550000061281
4613,exp1-completion-paced,66,264,0.4500000004554749,0.0743000000511528,44.06299999936891,43.98869999931776,0.0218000004679197,30.01019999919663,500,583,23.265199999514152,30.164899999363115,False,583,0.064599999859638,0.0901000003068475,0.0260999995589372,6.166400000438443,0.2324999995835242,0.1092000002245185,23.265199999514152,0.2105000003211898,0.0,30.01019999919663,30.164899999363115,30.020299999705458,500,500,333.0,1501.5015015015017,,False,13.898100000005797
4614,exp1-completion-paced,66,264,0.276099999609869,1.7365000003337627,26.542800000243005,24.806299999909243,0.0326999997923849,15.954800000145042,500,584,12.331299999459588,16.02309999998397,False,584,0.0211999995372025,0.0471000003017252,0.016699999832781,3.273100000114937,0.1274999995075632,0.028500000553322,12.331299999459588,0.1774000002114917,0.0,15.954800000145042,16.02309999998397,15.96109999991313,500,500,333.0,1501.5015015015017,,False,10.519700000259036
4615,exp1-completion-paced,66,264,0.2759999997579143,2.7319999999235733,31.99800000038522,29.266000000461645,0.0190000000657164,18.26470000014524,500,585,14.002300000356628,18.31740000034188,False,585,0.0255000004472094,0.0271999997494276,0.0188000003618071,3.769799999645329,0.2291999999215477,0.1154999999926076,14.002300000356628,0.1289000001634122,0.0,18.26470000014524,18.31740000034188,18.27290000073845,500,500,333.0,1501.5015015015017,,False,13.680600000043338
4616,exp1-completion-paced,66,264,0.4516999997576931,5.182399999284826,38.54039999987435,33.35800000058953,0.0283999997918726,17.83049999994546,500,586,11.570300000130374,17.973899999560672,False,586,0.02059999951598,0.1228000000992324,0.0251999999818508,5.955000000540167,0.1308000000790343,0.0272999996013822,11.570300000130374,0.121699999908742,0.0,17.83049999994546,17.973899999560672,17.840399999840884,500,500,333.0,1501.5015015015017,,False,20.56650000031368
4617,exp1-completion-paced,66,264,0.5280000004859176,5.010300000321877,28.78479999981209,23.774499999490217,0.0236000005315872,15.114200000425626,500,587,11.675100000502423,15.169900000728376,False,587,0.0262000003203866,0.029499999982363,0.0269000001935637,3.133000000161701,0.1271999999516992,0.0291999995170044,11.675100000502423,0.122699999337783,0.0,15.114200000425626,15.169900000728376,15.12159999947471,500,500,333.0,1501.5015015015017,,False,13.614899999083715
4618,exp1-completion-paced,66,264,0.2813000000969623,4.278899999917485,32.72969999943598,28.45079999951849,0.0192999996215803,15.549299999292998,500,588,11.995500000011816,15.602599999510858,False,588,0.0271999997494276,0.0261000004684319,0.0185999997484032,3.235600000152772,0.1467000001866836,0.0283999997918726,11.995500000011816,0.1242999996975413,0.0,15.549299999292998,15.602599999510858,15.555500000118627,500,500,333.0,1501.5015015015017,,False,17.12709999992512
4619,exp1-completion-paced,66,264,0.4532000002654968,0.9986000004573724,33.935500000552565,32.93690000009519,0.0235999996220925,15.305200000511832,500,589,11.77060000009078,15.375500000118336,False,589,0.0235999996220925,0.0466999999844119,0.0218000004679197,3.2197000000451226,0.1302999999097664,0.0318000002152984,11.77060000009078,0.1308000000790343,0.0,15.305200000511832,15.375500000118336,15.314700000089942,500,500,333.0,1501.5015015015017,,False,18.56000000043423
4620,exp1-completion-paced,66,264,0.4544000003079418,1.031400000101712,54.313900000124704,53.28250000002299,0.0665000006847549,30.13920000012149,500,590,23.102799999833223,30.21470000021509,False,590,0.0230000005103647,0.0524999995832331,0.0200000004042522,6.43339999987802,0.2378999997745268,0.1204000000143423,23.102799999833223,0.2244000006612623,0.0,30.13920000012149,30.21470000021509,30.14760000041861,500,500,333.0,1501.5015015015017,,False,24.099199999909615
4621,exp1-completion-paced,66,264,0.27460000001156,0.0676999998177052,32.15459999955783,32.086899999740126,0.0188999993042671,16.11860000048182,500,591,12.592600000061791,16.182800000024145,False,591,0.0266999995801597,0.037499999962165,0.0162000005730078,3.217399999812187,0.125800000205345,0.028299999939918,12.592600000061791,0.1380999992761644,0.0,16.11860000048182,16.182800000024145,16.124499999932596,500,500,333.0,1501.5015015015017,,False,15.971799999533687
4622,exp1-completion-paced,66,264,0.252599999839731,2.754399999503221,41.14589999971941,38.39150000021618,0.0208000001293839,17.039700000168523,500,592,12.88219999969442,17.087000000174157,False,592,0.0199000005522975,0.0273999994533369,0.016900000446185,3.669900000204507,0.2399999993940582,0.1109000004362315,12.88219999969442,0.1197000001411652,0.0,17.039700000168523,17.087000000174157,17.04760000029637,500,500,333.0,1501.5015015015017,,False,24.058899999545254
4623,exp1-completion-paced,66,264,0.2830000003086752,0.7523000003857305,25.59420000034152,24.841899999955785,0.0203999998120707,15.719699999863224,500,593,11.69560000016645,15.766199999234232,False,593,0.0213999992411118,0.0251000001298962,0.0172999998540035,3.5161000005246024,0.2605999998195329,0.110099999801605,11.69560000016645,0.1197999999931198,0.0,15.719699999863224,15.766199999234232,15.72649999980058,500,500,333.0,1501.5015015015017,,False,9.828000001107288
4624,exp1-completion-paced,66,264,0.2529000003050896,0.0507999993715202,36.23619999962102,36.1854000002495,0.0215999998545157,17.438400000173715,500,594,13.53190000008908,17.50099999935628,False,594,0.0371999994968064,0.0253999996857601,0.0186000006578979,3.429800000048999,0.1402999996571452,0.0676999998177052,13.53190000008908,0.2498000003470224,0.0,17.438400000173715,17.50099999935628,17.445800000132294,500,500,333.0,1501.5015015015017,,False,18.73520000026474
4625,exp1-completion-paced,66,264,0.2764999999271822,0.0533000002178596,35.609800000202085,35.556499999984226,0.0255000004472094,23.547400000097696,500,595,16.509299999597715,23.60109999972337,False,595,0.0227000000450061,0.030999999580672,0.0202999999601161,6.478800000877527,0.2975999996124301,0.1147000002674758,16.509299999597715,0.1264000002265675,0.0,23.547400000097696,23.60109999972337,23.555300000225543,500,500,333.0,1501.5015015015017,,False,12.008700000478715
4626,exp1-completion-paced,66,264,0.4484999999476713,1.106400000026042,32.48019999955432,31.373799999528277,0.0198999996428028,18.442700000377958,500,596,13.991299999361216,18.492600000172388,False,596,0.0207000002774293,0.0291999995170044,0.0366000003850786,3.835299999991548,0.2336999996259692,0.1084000004993868,13.991299999361216,0.237100000049395,0.0,18.442700000377958,18.492600000172388,18.450799999300216,500,500,333.0,1501.5015015015017,,False,13.987599999381935
4627,exp1-completion-paced,66,264,0.2689000002646935,1.2357999994492277,34.67480000017531,33.43900000072608,0.0193999994735349,16.45959999950719,500,597,12.899899999865738,16.510399999788206,False,597,0.0233999999181833,0.0274000003628316,0.0260999995589372,3.1519000003754627,0.1289000001634122,0.0276999999186955,12.899899999865738,0.2247000002171262,0.0,16.45959999950719,16.510399999788206,16.467500000544533,500,500,333.0,1501.5015015015017,,False,18.164400000387104
4628,exp1-completion-paced,66,264,0.483400000121037,1.006099999358412,39.340599999377446,38.33450000001904,0.023200000214274,15.401600000586768,500,598,11.82280000011815,15.4474000000846,False,598,0.0185999997484032,0.0271999997494276,0.0183000001925393,3.2369000000471715,0.1340999997410108,0.0274000003628316,11.82280000011815,0.161899999511661,0.0,15.401600000586768,15.4474000000846,15.409199999339762,500,500,333.0,1501.5015015015017,,False,23.893199999292847
4629,exp1-completion-paced,66,264,0.2750999992713332,1.2301999995543156,36.16839999995136,34.938200000397046,0.0237999993260018,23.637700000108453,500,599,19.840599999952246,23.68309999928897,False,599,0.0224999994316021,0.0228999997489154,0.0173000007634982,3.362399999787158,0.1283999999941443,0.0301999998555402,19.840599999952246,0.2586000000519561,0.0,23.637700000108453,23.68309999928897,23.644799999601677,500,500,333.0,1501.5015015015017,,False,12.485300000662392
4630,exp1-completion-paced,66,264,0.2988999995068297,0.0737000000299303,44.1489000004367,44.07520000040677,0.0206000004254747,29.665799999747836,500,600,22.87139999953069,29.924699999355653,False,600,0.0248999995164922,0.2340000000913278,0.0258000000030733,6.1789999999746215,0.2402999998594168,0.1153000002886983,22.87139999953069,0.2337000005354639,0.0,29.665799999747836,29.924699999355653,29.67530000023544,500,500,333.0,1501.5015015015017,,False,14.224200001081044
4631,exp1-completion-paced,66,264,0.4428000002008048,0.993900000139547,34.93069999967702,33.93679999953747,0.0204999996640253,15.985000000000582,500,601,12.164600000687642,16.032099999392813,False,601,0.0210999996852478,0.0259999997069826,0.0190000000657164,3.4089000000676606,0.1411000002917717,0.0286999993477365,12.164600000687642,0.2223999999841908,0.0,15.985000000000582,16.032099999392813,15.992200000255252,500,500,333.0,1501.5015015015017,,False,18.898600000284205
4632,exp1-completion-paced,66,264,0.4354000002422253,0.0718000001143082,34.37539999958972,34.30359999947541,0.0196000000869389,15.06950000020879,500,602,11.621799999375073,15.141099999709695,False,602,0.0357999997504521,0.0357999997504521,0.0200000004042522,3.146400000332505,0.1296999998885439,0.028299999939918,11.621799999375073,0.1232000004165456,0.0,15.06950000020879,15.141099999709695,15.07800000035786,500,500,333.0,1501.5015015015017,,False,19.234299999880022
4633,exp1-completion-paced,66,264,0.2838999998857616,2.214600000115752,36.14699999980076,33.932399999685,0.0206999993679346,15.549100000498584,500,603,11.771500000577362,15.594399999827148,False,603,0.0219999992623343,0.0233000000662286,0.01810000048863,3.445800000008603,0.1302999999097664,0.0315999996018945,11.771500000577362,0.1515999992989236,0.0,15.549100000498584,15.594399999827148,15.556499999547668,500,500,333.0,1501.5015015015017,,False,20.552599999973616
4634,exp1-completion-paced,66,264,0.4596999997374951,0.09070000032807,41.16150000027119,41.07079999994312,0.0210999996852478,29.83560000029684,500,604,23.130799999307783,30.13340000052267,False,604,0.0328000005538342,0.2649999996719998,0.0265999997282051,6.10320000032516,0.234400000408641,0.1136000000769854,23.130799999307783,0.226699999984703,0.0,29.83560000029684,30.13340000052267,29.84629999991739,500,500,333.0,1501.5015015015017,,False,11.02809999974852
4635,exp1-completion-paced,66,264,0.4750000007334165,2.5555000001986627,46.06030000013561,43.50479999993695,0.0213000002986518,28.72439999919152,500,605,22.545400000126392,28.79979999943316,False,605,0.0388999997085193,0.0365000005331239,0.0180999995791353,5.571599999711907,0.233200000366196,0.1102999995055142,22.545400000126392,0.2456000001984648,0.0,28.72439999919152,28.79979999943316,28.73170000020764,500,500,333.0,1501.5015015015017,,False,17.260500000702454
4636,exp1-completion-paced,66,264,0.281100000393053,1.6475000002174056,41.57260000010865,39.925099999891245,0.0174999995579128,20.930800000314772,500,606,17.29780000005121,20.98900000055437,False,606,0.0218000004679197,0.0363999997716746,0.0185999997484032,3.1793000007382943,0.1751999998305109,0.1281999993807403,17.29780000005121,0.1316000007136608,0.0,20.930800000314772,20.98900000055437,20.937500000400178,500,500,333.0,1501.5015015015017,,False,20.58359999955428
4637,exp1-completion-paced,66,264,0.2678999999261577,4.305899999963003,34.21070000058535,29.904800000622345,0.0199000005522975,15.703099999882395,500,607,12.106799999855866,15.745200000310431,False,607,0.0189000002137618,0.023200000214274,0.0165000001288717,3.248699999858218,0.1243999995494959,0.0391000003219232,12.106799999855866,0.1674000004641129,0.0,15.703099999882395,15.745200000310431,15.709700000115845,500,500,333.0,1501.5015015015017,,False,18.465500000274915
4638,exp1-completion-paced,66,264,0.2940999993370496,0.0499999996463884,32.41660000003321,32.366600000386825,0.0187999994523124,15.319400000407768,500,608,11.955200000556944,15.363800000159245,False,608,0.0196999999388935,0.0246999998125829,0.0176000003193621,3.06300000011106,0.1239000002897228,0.0391999992643832,11.955200000556944,0.1203000001623877,0.0,15.319400000407768,15.363800000159245,15.32630000019708,500,500,333.0,1501.5015015015017,,False,17.05279999987397
4639,exp1-completion-paced,66,264,0.2875000000130967,1.6349000006812275,22.363900000527792,20.728999999846565,0.0218999994103796,14.968800000133342,500,609,11.505499999657332,15.054399999826272,False,609,0.0215000000025611,0.0640999996903701,0.017899999875226,3.1509999998888816,0.1257000003533903,0.0436999998782994,11.505499999657332,0.1249000006282585,0.0,14.968800000133342,15.054399999826272,14.984100000219769,500,500,333.0,1501.5015015015017,,False,7.3095000007015205
4640,exp1-completion-paced,66,264,0.2703000000110478,1.1862000001201525,28.036100000463197,26.84990000034304,0.0206000004254747,14.973500000451168,500,610,11.532000000443077,15.026400000351714,False,610,0.0280000003840541,0.0248999995164922,0.017899999875226,3.142700000353216,0.1253000000360771,0.0285999994957819,11.532000000443077,0.1268999994863406,0.0,14.973500000451168,15.026400000351714,14.98029999947903,500,500,333.0,1501.5015015015017,,False,13.009700000111483
4641,exp1-completion-paced,66,264,0.2735999996730243,1.2284000004001427,41.7342999999164,40.50589999951626,0.0212000004466972,15.954800000145042,500,611,12.262100000043574,15.996500000255764,False,611,0.0196000000869389,0.0221000000237836,0.0172999998540035,3.386600000339968,0.1284999998460989,0.0307000000248081,12.262100000043574,0.12940000033268,0.0,15.954800000145042,15.996500000255764,15.961300000526537,500,500,333.0,1501.5015015015017,,False,25.737799999660638
4642,exp1-completion-paced,66,264,0.2638999994815094,1.258100000086415,27.050200000303448,25.792100000217037,0.0196999999388935,15.63239999995858,500,612,12.186199999632665,15.68760000009206,False,612,0.0214000001506065,0.0337999999828753,0.0188000003618071,3.141099999993457,0.1238999993802281,0.0284000007013673,12.186199999632665,0.1338000001851469,0.0,15.63239999995858,15.68760000009206,15.639300000657386,500,500,333.0,1501.5015015015017,,False,11.362600000211389
4643,exp1-completion-paced,66,264,0.3294999996796832,0.050300000111747,38.13900000022841,38.08870000011666,0.0208999999813386,15.79660000061267,500,613,12.216999999509426,15.841299999920013,False,613,0.0194999993254896,0.0251999999818508,0.01810000048863,3.2623999995848862,0.1321999998253886,0.0284000007013673,12.216999999509426,0.1382999998895684,0.0,15.79660000061267,15.841299999920013,15.80409999951371,500,500,333.0,1501.5015015015017,,False,22.297700000308396
4644,exp1-completion-paced,66,264,0.2697999998417799,0.6605999997191248,31.51230000003125,30.85170000031212,0.0209999998332932,21.022300000367977,500,614,17.614899999898626,21.08669999961421,False,614,0.0204999996640253,0.0438999995822086,0.0198000007003429,3.1062999996720464,0.1271999999516992,0.0302999997074948,17.614899999898626,0.1236000007338589,0.0,21.022300000367977,21.08669999961421,21.04220000001078,500,500,333.0,1501.5015015015017,,False,10.425600000417038
4645,exp1-completion-paced,66,264,0.2607000005809823,1.2139000000388478,35.10869999990973,33.894799999870884,0.0199999994947575,17.54739999978483,500,615,12.328099999649568,17.596900000171445,False,615,0.0239999999394058,0.0255000004472094,0.0184000000444939,4.916299999422336,0.1318000004175701,0.0306000001728534,12.328099999649568,0.1220000003741006,0.0,17.54739999978483,17.596900000171445,17.555100000208768,500,500,333.0,1501.5015015015017,,False,17.511799999738287
4646,exp1-completion-paced,66,264,0.4616999995050719,0.0610999995842576,50.6654000000708,50.60430000048655,0.0326999997923849,30.2839000005406,500,616,23.56710000003659,30.431400000452413,False,616,0.0296000007438124,0.1178999991680029,0.0272000006589223,6.095199999435863,0.2376000002186629,0.1107999996747821,23.56710000003659,0.2457000000504194,0.0,30.2839000005406,30.431400000452413,30.294299999695795,500,500,333.0,1501.5015015015017,,False,20.233999999618383
4647,exp1-completion-paced,66,264,0.4193999993731268,0.0763999996706843,47.86960000001272,47.79320000034204,0.0266999995801597,30.449900000348865,500,617,23.27690000038274,30.510399999911897,False,617,0.0315999996018945,0.0288999999611405,0.0233000000662286,6.557900000188965,0.2469999999448191,0.1156999996965169,23.27690000038274,0.2286999997522798,0.0,30.449900000348865,30.510399999911897,30.45490000022255,500,500,333.0,1501.5015015015017,,False,17.35920000010082
4648,exp1-completion-paced,66,264,0.4743999998026993,1.0107999996762371,44.05159999987518,43.04080000019894,0.0182999992830446,24.25039999980072,500,618,17.524500000035914,24.320099999386,False,618,0.0270000000455183,0.0426999995397636,0.0266000006376998,6.215599999450205,0.2444000001560198,0.1123000001825857,17.524500000035914,0.126799999634386,0.0,24.25039999980072,24.320099999386,24.26099999956932,500,500,333.0,1501.5015015015017,,False,19.73150000048918
4649,exp1-completion-paced,66,264,0.2700000004551839,2.2325999998429324,37.73419999924954,35.50159999940661,0.019099999917671,15.94329999988986,500,619,12.199599999803468,15.987400000085472,False,619,0.0196000000869389,0.0245000001086737,0.024400000256719,3.402299999834213,0.1325000002907472,0.0303999995594494,12.199599999803468,0.1540000002933084,0.0,15.94329999988986,15.987400000085472,15.950099999827216,500,500,333.0,1501.5015015015017,,False,21.746799999164068
4650,exp1-completion-paced,66,264,0.4742999999507447,1.800600000024133,32.587700000476616,30.787100000452483,0.0190000000657164,22.034599999642523,500,620,18.21699999982229,22.086599999965983,False,620,0.0219000003198743,0.0301000000035855,0.0195000002349843,3.353199999764911,0.1304999996136757,0.0318000002152984,18.21699999982229,0.2823000004354981,0.0,22.034599999642523,22.086599999965983,22.042399999918416,500,500,333.0,1501.5015015015017,,False,10.501100000510633
4651,exp1-completion-paced,66,264,0.447100000201317,1.5734000007796567,33.386699999937264,31.813299999157607,0.029499999982363,25.04609999959939,500,621,18.2476999998471,25.137900000117952,False,621,0.0287000002572312,0.0631000002613291,0.0247999996645376,6.282199999986915,0.2415999997538165,0.1191000001199427,18.2476999998471,0.1305000005231704,0.0,25.04609999959939,25.137900000117952,25.05629999996017,500,500,333.0,1501.5015015015017,,False,8.248799999819312
4652,exp1-completion-paced,66,264,0.259100000221224,4.279900000256021,42.60270000031596,38.32280000005994,0.0237000003835419,29.148099999474653,500,622,22.40819999951782,29.222399999525805,False,622,0.0273999994533369,0.0469000005978159,0.0272999996013822,6.139400000392925,0.2383999999437946,0.1081999998859828,22.40819999951782,0.2263000005768844,0.0,29.148099999474653,29.222399999525805,29.158600000300797,500,500,333.0,1501.5015015015017,,False,13.380300000790157
4653,exp1-completion-paced,66,264,0.2832000000125845,0.059500000133994,43.86640000029729,43.806900000163296,0.0315999996018945,29.96630000052392,500,623,23.064099999828613,30.0491999996666,False,623,0.0407999996241414,0.0420999995185411,0.0283000008494127,6.250899999940884,0.2535999992687721,0.1158000004579662,23.064099999828613,0.2532999997129082,0.0,29.96630000052392,30.0491999996666,29.97719999984838,500,500,333.0,1501.5015015015017,,False,13.817200000630688
4654,exp1-completion-paced,66,264,0.4448999998203362,2.558399999543326,39.54739999971935,36.98900000017602,0.02059999951598,28.17629999935889,500,624,22.8330999998434,28.22909999940748,False,624,0.024199999643315,0.0286000004052766,0.0543999994988553,4.644000000553206,0.2512000000933767,0.1187999996545841,22.8330999998434,0.2744000003076507,0.0,28.17629999935889,28.22909999940748,28.183399999761605,500,500,333.0,1501.5015015015017,,False,11.318300000311872
4655,exp1-completion-paced,66,264,0.2697999998417799,3.759600000194041,28.05030000035913,24.29070000016509,0.0186999996003578,15.170699999544013,500,625,11.799599999903876,15.232099999593627,False,625,0.0378999993699835,0.0235000006796326,0.0174999995579128,3.0796000000918866,0.1233000002685003,0.0282000000879634,11.799599999903876,0.1223999997819191,0.0,15.170699999544013,15.232099999593627,15.176699999756238,500,500,333.0,1501.5015015015017,,False,12.818200000765502
4656,exp1-completion-paced,66,264,0.458700000308454,0.07499999992433,33.93860000051063,33.8636000005863,0.0214000001506065,18.860399999539368,500,626,15.296800000214716,18.90709999952378,False,626,0.02059999951598,0.0261000004684319,0.0196999999388935,3.1040999992910656,0.1303000008192611,0.0305999992633587,15.296800000214716,0.2783999998428044,0.0,18.860399999539368,18.90709999952378,18.867499999942083,500,500,333.0,1501.5015015015017,,False,15.031500000986853
4657,exp1-completion-paced,66,264,0.4741000002468354,0.0724000001355307,41.90240000025369,41.83000000011816,0.0246999998125829,29.533700000683893,500,627,22.747200000594603,29.602999999951862,False,627,0.0327999996443395,0.0364999996236292,0.0300000001516309,6.150600000182749,0.2399000004515983,0.1183999993372708,22.747200000594603,0.247299999500683,0.0,29.533700000683893,29.602999999951862,29.545499999585445,500,500,333.0,1501.5015015015017,,False,12.29940000030183
4658,exp1-completion-paced,66,264,0.4549999994196696,1.0333000000173342,46.57459999998537,45.54129999996803,0.0222999997276929,25.01100000063161,500,628,21.069400000669702,25.073300000258318,False,628,0.0215000000025611,0.0407999996241414,0.0435000001743901,3.419200000280398,0.1335999995717429,0.0307999998767627,21.069400000669702,0.3140999997413018,0.0,25.01100000063161,25.073300000258318,25.018199999976787,500,500,333.0,1501.5015015015017,,False,21.50129999972705
4659,exp1-completion-paced,66,264,0.2863999998226063,0.0516999998581013,48.09359999944718,48.04189999958908,0.0325000000884756,30.416999999943076,500,629,23.420000000442087,30.49430000010034,False,629,0.0356000000465428,0.0417000001107226,0.0289999998130952,6.359800000609539,0.2506000000721542,0.1206999995702062,23.420000000442087,0.2366999997320817,0.0,30.416999999943076,30.49430000010034,30.42980000009265,500,500,333.0,1501.5015015015017,,False,17.59929999934684
4660,exp1-completion-paced,66,264,0.2955999998448533,1.9837999998344455,46.53210000014951,44.548300000315066,0.022000000171829,29.796799999530776,500,630,23.158500000135973,29.845799999748124,False,630,0.0230999994528247,0.0259000007645227,0.0397999992856057,6.095000000641448,0.2414000000499072,0.1127999994423589,23.158500000135973,0.1492000001235283,0.0,29.796799999530776,29.845799999748124,29.805099999975937,500,500,333.0,1501.5015015015017,,False,16.68630000040139
4661,exp1-completion-paced,66,264,0.2662999995663995,1.206899999488087,29.88909999930911,28.682199999821023,0.0191999997696257,19.93080000011105,500,631,16.02329999968788,19.97380000011617,False,631,0.01810000048863,0.0248999995164922,0.0172000000020489,3.6036999999851114,0.1312000003963476,0.0289999998130952,16.02329999968788,0.1262000005226582,0.0,19.93080000011105,19.97380000011617,19.93800000036572,500,500,333.0,1501.5015015015017,,False,9.91529999919294
4662,exp1-completion-paced,66,264,0.4546000000118511,0.0918000005185604,41.02729999976873,40.93549999925017,0.0308999997287173,30.20990000004531,500,632,23.120000000744767,30.281600000307662,False,632,0.0297999995382269,0.0419000007241265,0.026899999284069,6.444000000556116,0.2383999999437946,0.1132999996116268,23.120000000744767,0.266899999587622,0.0,30.20990000004531,30.281600000307662,30.218300000342424,500,500,333.0,1501.5015015015017,,False,10.745699999461067
4663,exp1-completion-paced,66,264,0.4458000003069173,1.0733999997682986,41.13570000026812,40.06230000049982,0.024499999199179,29.823299999407027,500,633,22.98530000007304,29.884899999160552,False,633,0.024499999199179,0.0371000005543464,0.0269000001935637,6.222600000000966,0.2410999995845486,0.1144999996540718,22.98530000007304,0.2326000003449735,0.0,29.823299999407027,29.884899999160552,29.83399999993708,500,500,333.0,1501.5015015015017,,False,11.25080000110757
4664,exp1-completion-paced,66,264,0.2722000008361647,0.0628999996479251,38.10359999988577,38.04070000023785,0.0201000002562068,29.3589000002612,500,634,22.566800000277,29.457300000103714,False,634,0.0249000004259869,0.0734999994165264,0.0262000003203866,6.170499999825552,0.2427999997962615,0.1141000002462533,22.566800000277,0.23830000009184,0.0,29.3589000002612,29.457300000103714,29.36920000047394,500,500,333.0,1501.5015015015017,,False,8.646299999782059
4665,exp1-completion-paced,66,264,0.2765000008366769,1.2108999999327352,33.06010000051174,31.849200000579003,0.0370999996448517,15.575899999930698,500,635,12.108900000384892,15.623499999492196,False,635,0.0225000003410968,0.0250999992204015,0.0164000002769171,3.165400000398222,0.1327999998466111,0.0296999996862723,12.108900000384892,0.1225999994858284,0.0,15.575899999930698,15.623499999492196,15.57879999927536,500,500,333.0,1501.5015015015017,,False,17.436600001019542
4666,exp1-completion-paced,66,264,0.2698999996937345,1.230099999702361,27.12150000024849,25.891400000546128,0.0172999998540035,15.588400000524416,500,636,12.217800000144052,15.63110000006418,False,636,0.0181999994310899,0.0245000001086737,0.019099999917671,3.074900000683556,0.1262999994651181,0.0282000000879634,12.217800000144052,0.1218999996126513,0.0,15.588400000524416,15.63110000006418,15.595899999425455,500,500,333.0,1501.5015015015017,,False,11.490400000184309
4667,exp1-completion-paced,66,264,0.276099999609869,0.0489000003653927,23.52340000015829,23.474499999792897,0.0186000006578979,16.32530000006227,500,637,12.798200000361248,16.36620000044786,False,637,0.0185000008059432,0.0223999995796475,0.0165999999808263,3.0605000001742155,0.1212999995914287,0.0276999999186955,12.798200000361248,0.2998999998453655,0.0,16.32530000006227,16.36620000044786,16.33049999963987,500,500,333.0,1501.5015015015017,,False,7.1571999997104285
4668,exp1-completion-paced,66,264,0.2757000002020504,1.2570999997478791,31.550599999718543,30.293499999970663,0.0802999993538833,15.547300000434916,500,638,12.095799999769952,15.591399999721034,False,638,0.0186999996003578,0.0253999996857601,0.0172999998540035,3.1611000003977097,0.1253000000360771,0.0292000004264991,12.095799999769952,0.1183999993372708,0.0,15.547300000434916,15.591399999721034,15.553499999441556,500,500,333.0,1501.5015015015017,,False,15.959199999997509
4669,exp1-completion-paced,66,264,0.4650999999284977,0.0720999996701721,42.48749999987922,42.41540000020905,0.0254999995377147,25.56769999955577,500,639,18.70390000021871,25.697199999740405,False,639,0.0332999998136074,0.0962000003710272,0.0276000000667409,6.223899999895366,0.2412000003459979,0.1119999997172271,18.70390000021871,0.2587999997558654,0.0,25.56769999955577,25.697199999740405,25.57880000040313,500,500,333.0,1501.5015015015017,,False,16.790300000138814
4670,exp1-completion-paced,66,264,0.2875000000130967,1.2078999998266229,38.13960000024963,36.93170000042301,0.0313000000460306,24.651300000186893,500,640,20.97799999955896,24.703300000510357,False,640,0.0217000006159651,0.0302999997074948,0.0195000002349843,3.368699999555247,0.132099999973434,0.0299000002996763,20.97799999955896,0.1229000008606817,0.0,24.651300000186893,24.703300000510357,24.66150000054768,500,500,333.0,1501.5015015015017,,False,13.436299999739273
4671,exp1-completion-paced,66,264,0.281100000393053,1.210700000228826,50.76129999997647,49.55059999974765,0.0329000004057888,30.19540000059351,500,641,23.45530000002327,30.2652999998827,False,641,0.0335999993694713,0.0362999999197199,0.0226000001930515,6.210100000316743,0.2095999998346087,0.0284999996438273,23.45530000002327,0.2688000004127389,0.0,30.19540000059351,30.2652999998827,30.20490000017162,500,500,333.0,1501.5015015015017,,False,20.496000000093773
4672,exp1-completion-paced,66,264,0.2685999997993349,1.2057000003551366,49.81039999984205,48.60469999948691,0.0300000001516309,29.11130000029516,500,642,23.74989999952959,29.15740000025835,False,642,0.0214000001506065,0.0246999998125829,0.0387999998565646,4.556600000796607,0.3839999999399879,0.1186999998026294,23.74989999952959,0.2629000000524684,0.0,29.11130000029516,29.15740000025835,29.118999999809603,500,500,333.0,1501.5015015015017,,False,20.6529999995837
4673,exp1-completion-paced,66,264,0.2774000004137633,0.0921000000744243,39.272799999707786,39.18069999963336,0.0246999998125829,26.77620000031311,500,643,19.518799999787007,26.847600000110106,False,643,0.0234999997701379,0.047900000026857,0.2313000004505738,6.421000000045751,0.2394000002823304,0.1102999995055142,19.518799999787007,0.255200000538025,0.0,26.77620000031311,26.847600000110106,26.78600000035658,500,500,333.0,1501.5015015015017,,False,12.42519999959768
4674,exp1-completion-paced,66,264,0.2782000001388951,0.0550000004295725,32.078500000352506,32.02349999992293,0.0275000002147862,23.03800000026968,500,644,18.275200000061886,23.08790000006411,False,644,0.024400000256719,0.0254999995377147,0.0184000000444939,4.102800000509888,0.2561999999670661,0.1222999999299645,18.275200000061886,0.2629000000524684,0.0,23.03800000026968,23.08790000006411,23.0453000003763,500,500,333.0,1501.5015015015017,,False,8.990600000288396
4675,exp1-completion-paced,66,264,0.2862999999706517,0.0895999992280849,48.24319999988802,48.153600000659935,0.024199999643315,27.630999999928463,500,645,20.666399999754503,27.695499999936143,False,645,0.0238000002354965,0.0406999997721868,0.1892999998744926,6.1635000001842855,0.2359999998589046,0.1167000000350526,20.666399999754503,0.2587999997558654,0.0,27.630999999928463,27.695499999936143,27.651599999444443,500,500,333.0,1501.5015015015017,,False,20.547699999951877
4676,exp1-completion-paced,66,264,0.281100000393053,1.8023000002358456,46.268699999927776,44.46639999969193,0.0301999998555402,29.307799999514828,500,646,22.211399999832796,29.370100000051025,False,646,0.0226000001930515,0.0397000003431458,0.0746999994589714,6.408700000065437,0.2415999997538165,0.1103000004150089,22.211399999832796,0.2606999996714876,0.0,29.307799999514828,29.370100000051025,29.31549999993877,500,500,333.0,1501.5015015015017,,False,16.89859999987675
4677,exp1-completion-paced,66,264,0.2817999993567355,1.7227999996975996,26.589099999910104,24.866300000212505,0.0213999992411118,17.982800000027055,500,647,14.15180000003602,18.050200000288896,False,647,0.0343000001521431,0.0331000001096981,0.0196000000869389,3.515299999889976,0.1297999997404986,0.0319000000672531,14.15180000003602,0.1342000005024601,0.0,17.982800000027055,18.050200000288896,17.991100000472215,500,500,333.0,1501.5015015015017,,False,8.538899999621208
4678,exp1-completion-paced,66,264,0.4767000000356347,0.934400000005553,26.265200000125333,25.33080000011978,0.0203999998120707,14.948399999411777,500,648,11.511699999573466,15.012400000159689,False,648,0.0359000005119014,0.0281000002360087,0.0186999996003578,3.13209999967512,0.1260000008187489,0.0315999996018945,11.511699999573466,0.1279000007343711,0.0,14.948399999411777,15.012400000159689,14.955900000131804,500,500,333.0,1501.5015015015017,,False,11.252799999965644
4679,exp1-completion-paced,66,264,0.2594999996290426,2.7328000005582,26.567400000203637,23.834599999645437,0.0305999992633587,16.943099999480182,500,649,13.02860000032524,16.987899999548972,False,649,0.0181999994310899,0.0266000006376998,0.0181999994310899,3.4665000002860324,0.1370999998471234,0.0313999998979852,13.02860000032524,0.2610000001368462,0.0,16.943099999480182,16.987899999548972,16.951300000073388,500,500,333.0,1501.5015015015017,,False,9.579500000654665
4680,exp1-completion-paced,66,264,0.4748999999719672,1.006999999844993,49.6592999998029,48.652299999957904,0.0210000007427879,30.0427000001946,500,650,22.75480000025709,30.135100000734383,False,650,0.0287000002572312,0.0637000002825516,0.0300000001516309,6.667199999355944,0.2493000001777545,0.117800000225543,22.75480000025709,0.2232999995612772,0.0,30.0427000001946,30.135100000734383,30.075099999521623,500,500,333.0,1501.5015015015017,,False,19.524199999068514
4681,exp1-completion-paced,66,264,0.2711999995881342,1.3146999999662512,37.03589999986434,35.72119999989809,0.0196000000869389,15.31859999977314,500,651,11.831400000119174,15.3744999997798,False,651,0.0227999998969608,0.0331000001096981,0.0155999996422906,3.1933999998727813,0.1275000004170579,0.0275000002147862,11.831400000119174,0.1229999998031416,0.0,15.31859999977314,15.3744999997798,15.321700000640703,500,500,333.0,1501.5015015015017,,False,21.66140000008454
4682,exp1-completion-paced,66,264,0.2801999999064719,0.0545000002603046,37.14550000040617,37.09100000014587,0.0198000007003429,17.41559999936726,500,652,11.64150000022346,17.52390000001469,False,652,0.0202000001081614,0.0881000005392707,0.0475999995614984,5.444500000521657,0.1276999992114724,0.0276000000667409,11.64150000022346,0.1265000000785221,0.0,17.41559999936726,17.52390000001469,17.425600000024133,500,500,333.0,1501.5015015015017,,False,19.62160000039148
4683,exp1-completion-paced,66,264,0.4543000004559872,2.555699999902572,39.53589999946416,36.98019999956159,0.0307000000248081,22.793299999648298,500,653,19.17430000048625,22.86279999952967,False,653,0.0344999998560524,0.0350000000253203,0.0221000000237836,3.175300000293646,0.1342999994449201,0.0277999997706501,19.17430000048625,0.2592000000731786,0.0,22.793299999648298,22.86279999952967,22.80239999981859,500,500,333.0,1501.5015015015017,,False,16.673099999934486
4684,exp1-completion-paced,66,264,0.2631999996083323,0.0510999998368788,35.54470000017318,35.4936000003363,0.023200000214274,15.322000000196567,500,654,11.82630000039353,15.385000000605942,False,654,0.0251000001298962,0.0379000002794782,0.019099999917671,3.1872999998086016,0.1334999997197883,0.0325000000884756,11.82630000039353,0.1230999996550963,0.0,15.322000000196567,15.385000000605942,15.330100000028324,500,500,333.0,1501.5015015015017,,False,20.159699999567238
4685,exp1-completion-paced,66,264,0.2852999996321159,2.707899999222718,42.71169999992708,40.00380000070436,0.0330000002577435,30.213899999580462,500,655,23.12629999960336,30.286599999271857,False,655,0.0293999992209137,0.0433000004704808,0.0285999994957819,6.409200000234705,0.2472000005582231,0.1179999999294523,23.12629999960336,0.2843000002030749,0.0,30.213899999580462,30.286599999271857,30.226099999708826,500,500,333.0,1501.5015015015017,,False,12.42510000065522
4686,exp1-completion-paced,66,264,0.4690000005211914,1.0145000005650218,35.993299999972805,34.978799999407784,0.0203999998120707,29.81980000004114,500,656,22.960000000239237,29.906699999628472,False,656,0.0406999997721868,0.0461999998151441,0.0275000002147862,6.23249999989639,0.2358000001549953,0.1186999998026294,22.960000000239237,0.2449999992677476,0.0,29.81980000004114,29.906699999628472,29.82999999949243,500,500,333.0,1501.5015015015017,,False,6.086600000344333
4687,exp1-completion-paced,66,264,0.2850999999282066,1.201200000650715,42.69230000045354,41.49109999980283,0.0224999994316021,24.93959999992512,500,657,17.714999999952852,25.00380000037694,False,657,0.0254000005952548,0.0387999998565646,0.0210999996852478,6.697699999676843,0.2539000006436254,0.1182999994853162,17.714999999952852,0.1333999998678336,0.0,24.93959999992512,25.00380000037694,24.948199999926143,500,500,333.0,1501.5015015015017,,False,17.6885000000766
4688,exp1-completion-paced,66,264,0.2701999992495985,2.8271000001041102,38.22250000030181,35.3954000001977,0.0182000003405846,22.01879999938683,500,658,18.383600000561277,22.06729999943491,False,658,0.0214000001506065,0.027099999897473,0.0167999996847356,3.34019999991142,0.1283000001421896,0.0283999997918726,18.383600000561277,0.1212999995914287,0.0,22.01879999938683,22.06729999943491,22.026200000254903,500,500,333.0,1501.5015015015017,,False,16.1552000008669
4689,exp1-completion-paced,66,264,0.2812000002450077,2.7281000002403744,39.7437000001446,37.01559999990423,0.0209999998332932,29.1957999997976,500,659,22.916500000064843,29.257199999847217,False,659,0.0318000002152984,0.0295999998343177,0.0215999998545157,5.640299999868148,0.2492000003257999,0.1140999993367586,22.916500000064843,0.2539000006436254,0.0,29.1957999997976,29.257199999847217,29.20440000070812,500,500,333.0,1501.5015015015017,,False,10.486500000297383
4690,exp1-completion-paced,66,264,0.3095000001849257,1.1849000002257526,33.59240000008867,32.40749999986292,0.0294000001304084,23.020699999506174,500,660,19.43230000051699,23.070000000188884,False,660,0.0212000004466972,0.0281000002360087,0.0180999995791353,3.1423000000359025,0.1303999997617211,0.0295999998343177,19.43230000051699,0.2678000000742031,0.0,23.020699999506174,23.070000000188884,23.02839999993012,500,500,333.0,1501.5015015015017,,False,10.52239999989979
4691,exp1-completion-paced,66,264,0.457500000266009,1.0221000002275105,45.69090000040888,44.66880000018136,0.0201000002562068,29.24040000016248,500,661,22.364899999956837,29.31179999995948,False,661,0.0295999998343177,0.0417999999626772,0.0275000002147862,6.289900000410853,0.2408000000286847,0.1134999993155361,22.364899999956837,0.2035000006799237,0.0,29.24040000016248,29.31179999995948,29.25050000067131,500,500,333.0,1501.5015015015017,,False,16.3791000004494
4692,exp1-completion-paced,66,264,0.2792000004774309,1.2004000000160886,51.25339999995049,50.0529999999344,0.02299999960087,29.484599999705097,500,662,22.75019999979122,29.539000000113447,False,662,0.022000000171829,0.032400000236521,0.0185999997484032,6.088799999815819,0.25160000041069,0.1217999997606966,22.75019999979122,0.2532000007704482,0.0,29.484599999705097,29.539000000113447,29.49250000074244,500,500,333.0,1501.5015015015017,,False,21.714399999837042
4693,exp1-completion-paced,66,264,0.2786000004562083,0.0530999996044556,25.02589999949123,24.97279999988677,0.0177000001713167,15.191200000117531,500,663,11.510999999700289,15.24610000069515,False,663,0.0236000005315872,0.0313000000460306,0.0192999996215803,3.372500000295986,0.1354999994873651,0.0305000003208988,11.510999999700289,0.1222999999299645,0.0,15.191200000117531,15.24610000069515,15.199599999505152,500,500,333.0,1501.5015015015017,,False,9.77979999879608
4694,exp1-completion-paced,66,264,0.2885000003516325,0.066000000515487,33.55530000044382,33.489299999928335,0.029499999982363,23.974799999450624,500,664,17.401300000528863,24.02799999981653,False,664,0.0211999995372025,0.0320000008287024,0.0267999994321144,6.065900000066904,0.2380000005359761,0.1172999991467804,17.401300000528863,0.1253999998880317,0.0,23.974799999450624,24.02799999981653,23.98650000031921,500,500,333.0,1501.5015015015017,,False,9.527300000627292
4695,exp1-completion-paced,66,264,0.3728000001501641,1.2449999994714744,22.99959999982093,21.754600000349456,0.0196999999388935,15.171799999734503,500,665,11.698700000124518,15.221699999528935,False,665,0.0238999991779564,0.0260000006164773,0.0184000000444939,3.1713999997009523,0.1266999997824314,0.028299999939918,11.698700000124518,0.1281000004382804,0.0,15.171799999734503,15.221699999528935,15.179400000306488,500,500,333.0,1501.5015015015017,,False,7.777900000291995
4696,exp1-completion-paced,66,264,0.2817999993567355,0.7857999999032472,39.07650000019203,38.29070000028878,0.0236999994740472,21.249700000225857,500,666,14.465199999904144,21.33670000057464,False,666,0.0213000002986518,0.0657000000501284,0.0262000003203866,6.285599999500846,0.2345000002605957,0.1066000004357192,14.465199999904144,0.1314000001002568,0.0,21.249700000225857,21.33670000057464,21.26010000029055,500,500,333.0,1501.5015015015017,,False,17.739799999617386
4697,exp1-completion-paced,66,264,0.4451999993762001,1.086100000065926,30.35720000025321,29.27110000018729,0.02299999960087,16.86359999985143,500,667,13.29509999959555,16.91080000000511,False,667,0.0202999999601161,0.0269000001935637,0.0172999998540035,3.251099999943108,0.1422000004822621,0.0270000000455183,13.29509999959555,0.1307000002270797,0.0,16.86359999985143,16.91080000000511,16.87000000038097,500,500,333.0,1501.5015015015017,,False,13.4464000002481
4698,exp1-completion-paced,66,264,0.4558000000542961,1.056099999914295,27.7897000005396,26.7336000006253,0.0231000003623194,15.960700000505312,500,668,12.487099999816564,16.062600000623206,False,668,0.0188000003618071,0.0830999997560866,0.0367000002370332,3.134099999442697,0.1277999999729218,0.0303000006169895,12.487099999816564,0.1444999998057028,0.0,15.960700000505312,16.062600000623206,15.970999999808557,500,500,333.0,1501.5015015015017,,False,11.727099999916394
4699,exp1-completion-paced,66,264,0.4346000005170936,0.0727999995433492,34.91959999973915,34.8468000001958,0.0204999996640253,20.25810000031925,500,669,14.674400000330934,20.317700000305194,False,669,0.0239000000874511,0.0356999998984974,0.0259000007645227,5.14389999989362,0.1293999994231853,0.0300000001516309,14.674400000330934,0.2542000001994893,0.0,20.25810000031925,20.317700000305194,20.268200000828077,500,500,333.0,1501.5015015015017,,False,14.601899999433954
4700,exp1-completion-paced,66,264,0.2713000003495835,0.7768000004944042,26.140400000258524,25.36359999976412,0.0314999997499398,14.942100000553182,500,670,11.453099999926051,14.989000000241504,False,670,0.0223999995796475,0.0245000001086737,0.0179999997271806,3.191499999957159,0.1260000008187489,0.0284999996438273,11.453099999926051,0.1247999998668092,0.0,14.942100000553182,14.989000000241504,14.94879999972909,500,500,333.0,1501.5015015015017,,False,11.15140000001702
4701,exp1-completion-paced,66,264,0.2647999999680905,0.7150999999794294,35.684800000126415,34.969700000146986,0.0211999995372025,15.350600000601844,500,671,11.682800000016869,15.40590000058728,False,671,0.0223000006371876,0.0329999993482488,0.0183000001925393,3.1212000003506546,0.1253000000360771,0.0261999994108919,11.682800000016869,0.3765000001294538,0.0,15.350600000601844,15.40590000058728,15.35749999948166,500,500,333.0,1501.5015015015017,,False,20.278899999539135
4702,exp1-completion-paced,66,264,0.4939999998896383,0.933499999518972,40.93219999958819,39.99870000006922,0.0202999999601161,26.24680000008084,500,672,20.09240000006685,26.29640000031941,False,672,0.0215000000025611,0.0281000002360087,0.0199999994947575,5.540900000596594,0.2369999992879456,0.1110000002881861,20.09240000006685,0.2451000000291969,0.0,26.24680000008084,26.29640000031941,26.254399999743327,500,500,333.0,1501.5015015015017,,False,14.635799999268784
4703,exp1-completion-paced,66,264,0.4539000001386739,0.0707000008333125,28.018100000736013,27.9473999999027,0.024400000256719,17.60740000008809,500,673,13.986199999635572,17.690399999992223,False,673,0.0306000001728534,0.0523999997312785,0.019300000531075,3.1780999997863546,0.1302000000578118,0.0287000002572312,13.986199999635572,0.2646000002641813,0.0,17.60740000008809,17.690399999992223,17.615200000363984,500,500,333.0,1501.5015015015017,,False,10.32770000074379
4704,exp1-completion-paced,66,264,0.4619999999704305,1.0270000002492452,41.00120000020979,39.97419999996055,0.0969000002442044,18.913400000201364,500,674,13.620699999592034,18.960299999889685,False,674,0.0202999999601161,0.0265999997282051,0.0184000000444939,4.802300000847026,0.2350999993723235,0.1103000004150089,13.620699999592034,0.1264000002265675,0.0,18.913400000201364,18.960299999889685,18.92099999986385,500,500,333.0,1501.5015015015017,,False,22.040900000320107
4705,exp1-completion-paced,66,264,0.2754999995886464,0.0890999999683117,33.708300000398594,33.61920000043028,0.0209999998332932,16.02169999932812,500,675,12.47590000002674,16.063699999904202,False,675,0.0201000002562068,0.0219000003198743,0.016699999832781,3.122399999483605,0.1260000008187489,0.0267999994321144,12.47590000002674,0.2536000001782668,0.0,16.02169999932812,16.063699999904202,16.028199999709614,500,500,333.0,1501.5015015015017,,False,17.644600000494393
4706,exp1-completion-paced,66,264,0.2887000000555417,1.7088000004150672,31.59109999978682,29.882299999371757,0.0202999999601161,14.908000000104948,500,676,11.498699999719976,14.955499999814492,False,676,0.0189000002137618,0.0285999994957819,0.0191000008271657,3.114599999207712,0.1236000007338589,0.0285999994957819,11.498699999719976,0.1233000002685003,0.0,14.908000000104948,14.955499999814492,14.915400000063528,500,500,333.0,1501.5015015015017,,False,16.635599999972328
4707,exp1-completion-paced,66,264,0.2555000000938889,2.773700000034296,41.71859999951266,38.944899999478366,0.0307000000248081,17.347500000141736,500,677,13.844799999787938,17.403800000465708,False,677,0.0261000004684319,0.0301999998555402,0.0192999996215803,3.181099999892467,0.1300000003539025,0.0311000003421213,13.844799999787938,0.1408999996783677,0.0,17.347500000141736,17.403800000465708,17.355099999804224,500,500,333.0,1501.5015015015017,,False,24.314799999046954
4708,exp1-completion-paced,66,264,0.3021000002263463,0.0522000000273692,32.59780000007595,32.54560000004858,0.0240999997913604,14.980500000092434,500,678,11.540399999830695,15.032700000119805,False,678,0.0208000001293839,0.0313999998979852,0.0170000002981396,3.1392000000778357,0.1304999996136757,0.0301000000035855,11.540399999830695,0.1232000004165456,0.0,14.980500000092434,15.032700000119805,14.98730000002979,500,500,333.0,1501.5015015015017,,False,17.565099999956146
4709,exp1-completion-paced,66,264,0.2792999994198908,3.70790000033594,32.576000000517524,28.868100000181585,0.0196999999388935,20.57440000044153,500,679,14.69100000031176,20.621399999981804,False,679,0.0218999994103796,0.0251000001298962,0.0199000005522975,5.361799999263894,0.1339000000371015,0.1214000003528781,14.69100000031176,0.246099999458238,0.0,20.57440000044153,20.621399999981804,20.58169999963866,500,500,333.0,1501.5015015015017,,False,11.95460000053572
4710,exp1-completion-paced,66,264,0.2637999996295548,0.0509999999849242,31.10459999970772,31.053599999722792,0.0299000002996763,20.02849999917089,500,680,16.629099999590835,20.094099999369064,False,680,0.02059999951598,0.0450000006821937,0.0198999996428028,3.094499999861,0.1278999998248764,0.0311000003421213,16.629099999590835,0.1259000000572996,0.0,20.02849999917089,20.094099999369064,20.035900000038964,500,500,333.0,1501.5015015015017,,False,11.010500000338656
4711,exp1-completion-paced,66,264,0.4675000000133877,1.5314000002035757,36.40260000065609,34.87120000045252,0.0186000006578979,17.971199999919918,500,681,11.638300000413436,18.058300000120653,False,681,0.0231000003623194,0.0639999998384155,0.1917999998113373,5.838300000505114,0.1458999995520571,0.0325000000884756,11.638300000413436,0.1242999996975413,0.0,17.971199999919918,18.058300000120653,17.982000000301923,500,500,333.0,1501.5015015015017,,False,18.34430000053544
4712,exp1-completion-paced,66,264,0.2693000005820067,0.0522999998793238,55.895099999361264,55.84279999948194,0.0318000002152984,29.70880000066245,500,682,22.39119999921968,29.757400000562484,False,682,0.0218000004679197,0.0267999994321144,0.019300000531075,6.684199999654084,0.253799999882176,0.1125000007959897,22.39119999921968,0.2475999999660416,0.0,29.70880000066245,29.757400000562484,29.716399999415444,500,500,333.0,1501.5015015015017,,False,26.13769999879878
4713,exp1-completion-paced,66,264,0.2770999999484047,2.7094999995824764,36.26989999975194,33.560400000169466,0.023200000214274,16.536099999939324,500,683,12.644899999941115,16.588899999987916,False,683,0.0259999997069826,0.0268000003416091,0.0196999999388935,3.439300000536605,0.1322999996773433,0.0288999999611405,12.644899999941115,0.270700000328361,0.0,16.536099999939324,16.588899999987916,16.543800000363262,500,500,333.0,1501.5015015015017,,False,19.680999999764026
4714,exp1-completion-paced,66,264,0.2687999995032442,2.7079999999841675,29.532900000049267,26.8249000000651,0.0180999995791353,16.46619999974064,500,684,12.620999999853666,16.511199999513337,False,684,0.0190000000657164,0.0259999997069826,0.0172999998540035,3.443700000389072,0.1297999997404986,0.0282000000879634,12.620999999853666,0.2259000002595712,0.0,16.46619999974064,16.511199999513337,16.4732000002914,500,500,333.0,1501.5015015015017,,False,13.02170000053593
4715,exp1-completion-paced,66,264,0.2737999993769335,1.2369000005492126,24.970000000394062,23.733099999844853,0.0199000005522975,18.200099999376107,500,685,12.861199999861128,18.242999999529275,False,685,0.0184999998964485,0.024400000256719,0.0156999994942452,5.032900000514928,0.1286999995500082,0.0306000001728534,12.861199999861128,0.1308000000790343,0.0,18.200099999376107,18.242999999529275,18.203100000391714,500,500,333.0,1501.5015015015017,,False,6.727000000864788
4716,exp1-completion-paced,66,264,0.3113000002485933,2.695099999982631,27.606800000285148,24.91170000030252,0.0214000001506065,15.228499999466294,500,686,11.546000000635104,15.272199999344592,False,686,0.0193999994735349,0.0243000004047644,0.0181999994310899,3.3672000008664327,0.1344999991488293,0.0393000000258325,11.546000000635104,0.1230999996550963,0.0,15.228499999466294,15.272199999344592,15.234999999847789,500,500,333.0,1501.5015015015017,,False,12.334600000940556
4717,exp1-completion-paced,66,264,0.2694999993764213,2.733600000283332,27.53579999989597,24.80219999961264,0.0288999999611405,17.250500000045577,500,687,13.487000000168337,17.32240000001184,False,687,0.0221999998757382,0.0497000000905245,0.0167999996847356,3.2893999996304046,0.1501000006101094,0.0339999996867845,13.487000000168337,0.2728999997998471,0.0,17.250500000045577,17.32240000001184,17.258400000173424,500,500,333.0,1501.5015015015017,,False,10.213399999884132
4718,exp1-completion-paced,66,264,0.4824999996344559,1.0204999998677522,46.60760000024311,45.58710000037536,0.0302999997074948,30.99440000005416,500,688,23.87929999986227,31.077499999810243,False,688,0.0448000000687898,0.0382999996872968,0.0288000001091859,6.450700000641518,0.2542999991419492,0.1143000008596573,23.87929999986227,0.2666999998837127,0.0,30.99440000005416,31.077499999810243,31.00520000043616,500,500,333.0,1501.5015015015017,,False,15.530100000432867
4719,exp1-completion-paced,66,264,0.4661000002670334,0.0774000000092201,28.85929999956716,28.781899999557936,0.0300000001516309,22.10670000022219,500,689,15.54720000058296,22.18379999976605,False,689,0.03870000000461,0.0383999995392514,0.0243000004047644,6.063699999685923,0.2290000002176384,0.1155999998445622,15.54720000058296,0.1266999997824314,0.0,22.10670000022219,22.18379999976605,22.114399999736637,500,500,333.0,1501.5015015015017,,False,6.675499999801108
4720,exp1-completion-paced,66,264,0.2720000002227607,0.0513000004502828,48.61280000022816,48.56149999977788,0.0246999998125829,30.61230000002979,500,690,23.52680000058172,30.66450000005716,False,690,0.0218000004679197,0.0303999995594494,0.0278000006801448,6.413000000065949,0.2399999993940582,0.1179999999294523,23.52680000058172,0.2862999999706517,0.0,30.61230000002979,30.66450000005716,30.62240000053862,500,500,333.0,1501.5015015015017,,False,17.948300000171002
4721,exp1-completion-paced,66,264,0.299299999824143,1.2269999997442935,54.4449999997596,53.21800000001531,0.0312000001940759,30.675500000143074,500,691,23.57440000014321,30.74110000034125,False,691,0.0260000006164773,0.0395999995816964,0.0313999998979852,6.438000000343891,0.2477999996699509,0.1153000002886983,23.57440000014321,0.268300000243471,0.0,30.675500000143074,30.74110000034125,30.68850000090606,500,500,333.0,1501.5015015015017,,False,23.703899999418354
4722,exp1-completion-paced,66,264,0.4971999996996601,1.085599999896658,38.04320000017469,36.95760000027804,0.0245999999606283,18.273700000463577,500,692,13.1282000002102,18.501100000321458,False,692,0.0283999997918726,0.1990000000660075,0.0267000004896544,4.611499999555235,0.1786000002539367,0.0419999996665865,13.1282000002102,0.286200000118697,0.0,18.273700000463577,18.501100000321458,18.28380000006291,500,500,333.0,1501.5015015015017,,False,19.542099999853235
4723,exp1-completion-paced,66,264,0.4732999996122089,4.043599999931757,34.48079999998299,30.437200000051234,0.0207000002774293,21.64459999949031,500,693,14.874800000143296,21.94139999937761,False,693,0.0417999999626772,0.2549999999246211,0.0235999996220925,6.267400000069756,0.2407000001767301,0.1130999999077175,14.874800000143296,0.1247999998668092,0.0,21.64459999949031,21.94139999937761,21.65179999974498,500,500,333.0,1501.5015015015017,,False,12.539400000605383
4724,exp1-completion-paced,66,264,0.4500000004554749,0.0642000004518195,46.56670000076701,46.5025000003152,0.0264999998762505,29.690200000004552,500,694,22.697899999911897,29.7947999997632,False,694,0.0454000000900123,0.0591999996686354,0.0254000005952548,6.377299999257957,0.2441000006001559,0.1138999996328493,22.697899999911897,0.2313000004505738,0.0,29.690200000004552,29.7947999997632,29.69780000057653,500,500,333.0,1501.5015015015017,,False,16.771900001003807
4725,exp1-completion-paced,66,264,0.2801000000545173,0.052999999752501,38.094399999863526,38.04140000011103,0.0224999994316021,29.11820000008447,500,695,22.84529999997176,29.18080000017653,False,695,0.0315999996018945,0.0310000004901667,0.0208999999813386,5.645199999889883,0.2532999997129082,0.1191000001199427,22.84529999997176,0.2340999999432824,0.0,29.11820000008447,29.18080000017653,29.124599999704515,500,500,333.0,1501.5015015015017,,False,8.913599999686998
4726,exp1-completion-paced,66,264,0.2780000004349858,1.1968999997407082,40.8064999992348,39.609599999494094,0.0291999995170044,22.62960000007297,500,696,17.343599999549042,22.68289999938133,False,696,0.0227999998969608,0.0304999994114041,0.0251000001298962,4.763400000229012,0.2493000001777545,0.1153000002886983,17.343599999549042,0.1326999999946565,0.0,22.62960000007297,22.68289999938133,22.638000000370084,500,500,333.0,1501.5015015015017,,False,18.12359999985347
4727,exp1-completion-paced,66,264,0.2764999999271822,0.0492999997732113,39.1418999997768,39.09260000000359,0.0283999997918726,15.587200000481973,500,697,11.97760000013659,15.632700000423938,False,697,0.019300000531075,0.0261999994108919,0.0176000003193621,3.298999999969965,0.137199999699078,0.0289999998130952,11.97760000013659,0.1266999997824314,0.0,15.587200000481973,15.632700000423938,15.59469999938301,500,500,333.0,1501.5015015015017,,False,23.50919999935286
4728,exp1-completion-paced,66,264,0.4755999998451443,0.9291000005759996,41.070500000387256,40.141399999811256,0.0258000000030733,30.02089999972668,500,698,22.97029999954248,30.086699999628763,False,698,0.0276999999186955,0.0380999999833875,0.0296999996862723,6.420900000193797,0.2438000001347973,0.1173000000562751,22.97029999954248,0.2387000004091533,0.0,30.02089999972668,30.086699999628763,30.032200000277957,500,500,333.0,1501.5015015015017,,False,10.983800000758492
4729,exp1-completion-paced,66,264,0.4821000002266373,1.0081000000354834,41.73890000038227,40.73080000034679,0.0224000004891422,30.07770000021992,500,699,23.114099999475,30.147800000122515,False,699,0.0337999999828753,0.0362999999197199,0.0264000000242958,6.323600000541774,0.2459999996062833,0.1202000003104331,23.114099999475,0.2471000007062684,0.0,30.07770000021992,30.147800000122515,30.08649999992485,500,500,333.0,1501.5015015015017,,False,11.591100000259758
4730,exp1-completion-paced,66,264,0.2642999997988227,1.345700000456418,37.65449999991688,36.30879999946046,0.0208999999813386,15.271199999915552,500,700,11.88449999972363,15.312699999412873,False,700,0.0181999994310899,0.0233000000662286,0.0184000000444939,3.0811000005996902,0.1258999991478049,0.027300000510877,11.88449999972363,0.1338000001851469,0.0,15.271199999915552,15.312699999412873,15.278300000318268,500,500,333.0,1501.5015015015017,,False,22.34180000050401
4731,exp1-completion-paced,66,264,0.2813000000969623,2.2171000000525964,32.54640000068321,30.32930000063061,0.0168999995366903,15.893300000243473,500,701,12.401899999531452,15.942199999699367,False,701,0.0222999997276929,0.0265999997282051,0.0182000003405846,3.1957000001057168,0.1286999995500082,0.028500000553322,12.401899999531452,0.1202000003104331,0.0,15.893300000243473,15.942199999699367,15.90070000020205,500,500,333.0,1501.5015015015017,,False,16.604200000983838
4732,exp1-completion-paced,66,264,0.2529000003050896,2.20900000022084,25.43210000021645,23.22309999999561,0.0198000007003429,15.42680000056862,500,702,11.985600000116392,15.465600000425184,False,702,0.01810000048863,0.0206999993679346,0.0168000005942303,3.150199999254255,0.1251000003321678,0.0289999998130952,11.985600000116392,0.1198999998450744,0.0,15.42680000056862,15.465600000425184,15.433199999279168,500,500,333.0,1501.5015015015017,,False,9.966499999791267
4733,exp1-completion-paced,66,264,0.2636999997776001,1.3521000000764616,35.169699999642035,33.81759999956557,0.0187000005098525,15.802300000359535,500,703,12.2787000000244,15.851800000746152,False,703,0.0200000004042522,0.029499999982363,0.0184000000444939,3.226599999834434,0.1257000003533903,0.0266999995801597,12.2787000000244,0.1261000006707036,0.0,15.802300000359535,15.851800000746152,15.810400000191294,500,500,333.0,1501.5015015015017,,False,19.317899998895882
4734,exp1-completion-paced,66,264,0.2502000006643357,2.730100000007951,30.00640000027488,27.27630000026693,0.0196000000869389,15.952200000356244,500,704,12.10700000046927,15.997800000150164,False,704,0.0183000001925393,0.0272999996013822,0.0179999997271806,3.5013000006074435,0.1628999998501967,0.0407999996241414,12.10700000046927,0.1221000002260552,0.0,15.952200000356244,15.997800000150164,15.964500000336557,500,500,333.0,1501.5015015015017,,False,14.008600000124716
4735,exp1-completion-paced,66,264,0.2653999999893131,2.8282000002946006,24.911299999985204,22.083099999690603,0.0178000000232714,15.485500000067988,500,705,12.025799999719313,15.531099999861908,False,705,0.0206000004254747,0.0249999993684468,0.0178000000232714,3.156599999783793,0.1262000005226582,0.0306000001728534,12.025799999719313,0.1283000001421896,0.0,15.485500000067988,15.531099999861908,15.492600000470702,500,500,333.0,1501.5015015015017,,False,9.380200000123295
4736,exp1-completion-paced,66,264,0.2725000003920286,0.0507999993715202,28.096699999878183,28.045900000506663,0.0226000001930515,15.325100000154634,500,706,11.74799999989773,15.37350000035076,False,706,0.0190000000657164,0.0294000001304084,0.0174999995579128,3.228999999919324,0.1292000006287708,0.0302999997074948,11.74799999989773,0.170799999978044,0.0,15.325100000154634,15.37350000035076,15.332500000113214,500,500,333.0,1501.5015015015017,,False,12.723199999527424
4737,exp1-completion-paced,66,264,0.2669000004971167,1.2466999996831871,34.64739999981248,33.40070000012929,0.030999999580672,15.359100000750914,500,707,12.024499999824911,15.406400000756548,False,707,0.0219000003198743,0.0253999996857601,0.0180000006366753,3.042199999981676,0.1218999996126513,0.0294000001304084,12.024499999824911,0.1229999998031416,0.0,15.359100000750914,15.406400000756548,15.366799999355862,500,500,333.0,1501.5015015015017,,False,19.24099999905593
4738,exp1-completion-paced,66,264,0.4330000001573353,0.0675000001137959,37.57080000013957,37.503300000025774,0.0203999998120707,29.525400000238733,500,708,22.60169999954087,29.59439999995084,False,708,0.0277999997706501,0.0411999999414547,0.0288000001091859,6.3045999995665625,0.2721000000747153,0.1164000004791887,22.60169999954087,0.2015999998548068,0.0,29.525400000238733,29.59439999995084,29.537800000071,500,500,333.0,1501.5015015015017,,False,7.976400000188729
4739,exp1-completion-paced,66,264,0.2648999998200452,0.7314999993468518,38.75319999951898,38.02170000017213,0.0335000004270114,20.250900000064576,500,709,16.401099999711732,20.30789999935223,False,709,0.0212999993891571,0.0356999998984974,0.0196000000869389,3.4057000002576387,0.130899999930989,0.0350000000253203,16.401099999711732,0.2583000004960922,0.0,20.250900000064576,20.30789999935223,20.26709999972809,500,500,333.0,1501.5015015015017,,False,18.445300000166753
4740,exp1-completion-paced,66,264,0.4525000003923196,0.4862000005232403,48.52560000017547,48.03939999965223,0.0233999999181833,29.91310000015801,500,710,23.13739999954123,29.967499999656862,False,710,0.0235999996220925,0.0307999998767627,0.0292000004264991,6.142399999589543,0.2318000006198417,0.1118000000133179,23.13739999954123,0.2602000004117144,0.0,29.91310000015801,29.967499999656862,29.924100000243925,500,500,333.0,1501.5015015015017,,False,18.55810000051861
4741,exp1-completion-paced,66,264,0.4607000000760308,0.0784999992902157,38.92240000004677,38.84390000075655,0.0296999996862723,24.820700000418583,500,711,17.922099999850616,24.88890000040556,False,711,0.0296000007438124,0.0385999992431607,0.0272000006589223,6.392599999344384,0.2348000007259543,0.1138999996328493,17.922099999850616,0.1300000003539025,0.0,24.820700000418583,24.88890000040556,24.831900000208407,500,500,333.0,1501.5015015015017,,False,14.033499999641212
4742,exp1-completion-paced,66,264,0.4295999997339095,2.059899999949266,42.662599999857775,40.60269999990851,0.0234999997701379,30.482000000120024,500,712,23.59849999993457,30.598299999837764,False,712,0.0289999998130952,0.0872999999046442,0.0278999996226048,6.24710000010964,0.2349000005779089,0.1148999999713851,23.59849999993457,0.2583999994385522,0.0,30.482000000120024,30.598299999837764,30.49269999974058,500,500,333.0,1501.5015015015017,,False,12.064300000020012
4743,exp1-completion-paced,66,264,0.2665000001798034,9.885499999654712,28.0427999996391,18.15729999998439,0.0208999999813386,15.421199999764212,500,713,11.982199999692966,15.468199999304488,False,713,0.0215999998545157,0.0253999996857601,0.0165000001288717,3.1183000000964967,0.153899999531859,0.0299000002996763,11.982199999692966,0.1203000001623877,0.0,15.421199999764212,15.468199999304488,15.427399999680349,500,500,333.0,1501.5015015015017,,False,12.574600000334613
4744,exp1-completion-paced,66,264,0.2764999999271822,0.0534000000698142,33.080100000006496,33.02669999993668,0.0224000004891422,15.399200000501878,500,714,11.883899999702408,15.46520000010787,False,714,0.0318000002152984,0.0341999993906938,0.0194000003830296,3.1957999999576714,0.1355000003968598,0.0326999997923849,11.883899999702408,0.1318000004175701,0.0,15.399200000501878,15.46520000010787,15.4075999998895,500,500,333.0,1501.5015015015017,,False,17.614899999898626
4745,exp1-completion-paced,66,264,0.4593999992721365,1.0219999994660611,39.94340000008378,38.92140000061772,0.029499999982363,23.417800000061103,500,715,19.707299999936367,23.47869999994145,False,715,0.0250000002779415,0.0358999996024067,0.0381999998353421,3.184600000167848,0.2422000006845337,0.1153999992311582,19.707299999936367,0.1299000005019479,0.0,23.417800000061103,23.47869999994145,23.428700000295063,500,500,333.0,1501.5015015015017,,False,16.464700000142326
4746,exp1-completion-paced,66,264,0.4656000000977656,0.0710999993316363,39.47669999979553,39.40560000046389,0.0282000000879634,27.693200000612705,500,716,20.823599999857837,27.74480000061885,False,716,0.0239000000874511,0.0276999999186955,0.0192000006791204,6.232099999579077,0.2481999999872641,0.1128000003518536,20.823599999857837,0.2569999996921979,0.0,27.693200000612705,27.74480000061885,27.70090000012715,500,500,333.0,1501.5015015015017,,False,11.73189999917668
4747,exp1-completion-paced,66,264,0.4624000002877437,1.1812000002464629,40.68290000031993,39.50170000007347,0.0334000005750567,30.317599999762024,500,717,23.03070000016305,30.38010000000213,False,717,0.0332999998136074,0.0292000004264991,0.0219000003198743,6.653800000094634,0.2410999995845486,0.1138999996328493,23.03070000016305,0.2559000004112022,0.0,30.317599999762024,30.38010000000213,30.323699999826204,500,500,333.0,1501.5015015015017,,False,10.302800000317802
4748,exp1-completion-paced,66,264,0.4558000000542961,0.9952000000339468,40.95179999967513,39.95659999964119,0.0315999996018945,29.10890000021027,500,718,22.43209999960527,29.36729999964882,False,718,0.0801999995019286,0.1781999999366235,0.0245999999606283,6.068700000469107,0.2285999999003252,0.110099999801605,22.43209999960527,0.2444000001560198,0.0,29.10890000021027,29.36729999964882,29.118699999344244,500,500,333.0,1501.5015015015017,,False,11.58450000002631
4749,exp1-completion-paced,66,264,0.4653000005419017,0.0912000004973379,47.97289999987697,47.881699999379634,0.0238000002354965,30.75710000030085,500,719,23.78249999947002,30.8999999997468,False,719,0.0306000001728534,0.112299999273091,0.0263000001723412,6.294599999819184,0.2545000006648479,0.1210000000355648,23.78249999947002,0.2778000007310766,0.0,30.75710000030085,30.8999999997468,30.76690000034432,500,500,333.0,1501.5015015015017,,False,17.072900000130172
4750,exp1-completion-paced,66,264,0.4540999998425832,5.1253000001452165,38.03860000061832,32.9133000004731,0.0274000003628316,29.806100000314476,500,720,23.03350000056525,29.915199999777546,False,720,0.0307000000248081,0.0783999994382611,0.027300000510877,6.128099999841652,0.2451000000291969,0.1173999999082298,23.03350000056525,0.2544999997553532,0.0,29.806100000314476,29.915199999777546,29.817200000252345,500,500,333.0,1501.5015015015017,,False,8.123400000840771
4751,exp1-completion-paced,66,264,0.2555000000938889,2.7561999995668884,29.60389999952895,26.84769999996206,0.0197999997908482,15.521700000135752,500,721,11.95819999975356,15.564000000267695,False,721,0.0190000000657164,0.0233000000662286,0.0151000003825174,3.275299999586423,0.1253999998880317,0.0282000000879634,11.95819999975356,0.1193000007333466,0.0,15.521700000135752,15.564000000267695,15.525300000263089,500,500,333.0,1501.5015015015017,,False,14.039899999261253
4752,exp1-completion-paced,66,264,0.2716999997574021,1.185099999929662,37.69370000009076,36.508600000161096,0.0184999998964485,15.63369999985298,500,722,11.94980000036594,15.694499999881373,False,722,0.0279999994745594,0.0328000005538342,0.0175999994098674,3.3801999998104293,0.1269000003958353,0.0301000000035855,11.94980000036594,0.1288999992539174,0.0,15.63369999985298,15.694499999881373,15.648699999474047,500,500,333.0,1501.5015015015017,,False,21.999200000209385
4753,exp1-completion-paced,66,264,0.4668999999921652,4.027899999528017,48.17749999983789,44.149600000309874,0.0314999997499398,30.758199999581848,500,723,23.62410000023374,30.826999999590043,False,723,0.0374000001102103,0.0313999998979852,0.0212000004466972,6.459099999119644,0.2507000008336035,0.1200999995489837,23.62410000023374,0.2827999996952712,0.0,30.758199999581848,30.826999999590043,30.764999999519205,500,500,333.0,1501.5015015015017,,False,17.350500000247848
4754,exp1-completion-paced,66,264,0.4726999995909864,0.0710000003891764,43.24840000026597,43.1773999998768,0.0279999994745594,25.013099999341648,500,724,21.1501000003409,25.067099999432685,False,724,0.0259999997069826,0.0280000003840541,0.0191999997696257,3.3991999998761457,0.1453000004403293,0.0290999996650498,21.1501000003409,0.2698999996937345,0.0,25.013099999341648,25.067099999432685,25.01930000016728,500,500,333.0,1501.5015015015017,,False,18.181300000833282
4755,exp1-completion-paced,66,264,0.4416000001583597,0.0697000004947767,39.15930000039225,39.08959999989747,0.0292000004264991,30.21089999947435,500,725,24.18839999972988,30.27490000022226,False,725,0.0329000004057888,0.0311000003421213,0.02059999951598,5.341500000213273,0.2679999997781124,0.1253000000360771,24.18839999972988,0.2669000004971167,0.0,30.21089999947435,30.27490000022226,30.21840000019438,500,500,333.0,1501.5015015015017,,False,8.88440000016999
4756,exp1-completion-paced,66,264,0.4482999993342673,1.0395999997854233,35.42139999990468,34.381800000119256,0.0217000006159651,15.369100000498293,500,726,11.759199999687551,15.415500000017346,False,726,0.0210999996852478,0.0252999998338054,0.0182000003405846,3.1735000002299785,0.1316999996561207,0.0305000003208988,11.759199999687551,0.2555999999458436,0.0,15.369100000498293,15.415500000017346,15.376800000012736,500,500,333.0,1501.5015015015017,,False,20.005899999887333
4757,exp1-completion-paced,66,264,0.2791999995679362,2.8806999998778338,24.479199999404955,21.59849999952712,0.0180999995791353,15.35909999984142,500,727,11.965799999416047,15.417399999932968,False,727,0.0276999999186955,0.0306000001728534,0.0175999994098674,3.105000000687141,0.1198999998450744,0.0282000000879634,11.965799999416047,0.1223999997819191,0.0,15.35909999984142,15.417399999932968,15.36579999992682,500,500,333.0,1501.5015015015017,,False,9.061799999471987
4758,exp1-completion-paced,66,264,0.3526999998939573,1.1498000003484776,34.1273000003639,32.977500000015425,0.0217000006159651,15.108800000234623,500,728,11.62819999990461,15.215500000522296,False,728,0.0187000005098525,0.0879999997778213,0.0182000003405846,3.151899999465968,0.1363000001219916,0.0304000004689442,11.62819999990461,0.1433999996152124,0.0,15.108800000234623,15.215500000522296,15.115899999727844,500,500,333.0,1501.5015015015017,,False,18.911799999841605
4759,exp1-completion-paced,66,264,0.251399999797286,1.2299999998504063,36.66479999992589,35.434800000075484,0.0176000003193621,15.322700000069744,500,729,11.855199999445176,15.368999999736843,False,729,0.0204999996640253,0.0258000000030733,0.0183000001925393,3.15989999944577,0.12700000024779,0.0391000003219232,11.855199999445176,0.1229999998031416,0.0,15.322700000069744,15.368999999736843,15.329599999859056,500,500,333.0,1501.5015015015017,,False,21.295800000189047
4760,exp1-completion-paced,66,264,0.2645999993546866,0.1552000003357534,29.603900000438443,29.44870000010269,0.0182000003405846,15.272399999957996,500,730,11.83599999967555,15.315600000576524,False,730,0.0177000001713167,0.0255000004472094,0.0175999994098674,3.032900000107474,0.1247999998668092,0.0283000008494127,11.83599999967555,0.2324999995835242,0.0,15.272399999957996,15.315600000576524,15.27879999957804,500,500,333.0,1501.5015015015017,,False,14.28829999986192
4761,exp1-completion-paced,66,264,0.2910000002884771,0.0635999995211022,35.08849999980157,35.02490000028047,0.0204000007215654,27.299399999719757,500,731,21.542200000112643,27.36319999985426,False,731,0.0277999997706501,0.036000000363856,0.0431999997090315,5.092299999887473,0.248700000156532,0.1192999998238519,21.542200000112643,0.2533999995648628,0.0,27.299399999719757,27.36319999985426,27.30749999955151,500,500,333.0,1501.5015015015017,,False,7.72529999994731
4762,exp1-completion-paced,66,264,0.2759999997579143,0.6849999999758438,31.627299999854586,30.942299999878745,0.0304000004689442,16.044500000134576,500,732,12.562800000523566,16.109899999719346,False,732,0.0208999999813386,0.0444999996034312,0.0194000003830296,3.174600000420469,0.1282999992326949,0.0300000001516309,12.562800000523566,0.1291999997192761,0.0,16.044500000134576,16.109899999719346,16.051499999775842,500,500,333.0,1501.5015015015017,,False,15.51740000013524
4763,exp1-completion-paced,66,264,0.2821999996740487,0.7089999999152496,30.520000000251457,29.811000000336207,0.0215000000025611,15.483299999687006,500,733,11.80980000026466,15.529700000115554,False,733,0.0194000003830296,0.0270000000455183,0.017899999875226,3.355199999532488,0.1278999998248764,0.0392000001738779,11.80980000026466,0.1331000003119697,0.0,15.483299999687006,15.529700000115554,15.490499999941676,500,500,333.0,1501.5015015015017,,False,14.990300000135903
4764,exp1-completion-paced,66,264,0.2765000008366769,1.219699999637669,29.48949999972683,28.26980000008916,0.0193999994735349,17.226599999958125,500,734,13.709400000152527,17.26779999989958,False,734,0.0196000000869389,0.0215999998545157,0.0178000000232714,3.204800000276009,0.1345999999102787,0.0294000001304084,13.709400000152527,0.1303999997617211,0.0,17.226599999958125,17.26779999989958,17.23299999957817,500,500,333.0,1501.5015015015017,,False,12.221699999827251
4765,exp1-completion-paced,66,264,0.2696999999898253,1.7215999996551543,39.13550000015675,37.4139000005016,0.0298000004477216,21.55379999931029,500,735,18.186500000410888,21.60490000005666,False,735,0.0236000005315872,0.0275000002147862,0.0179999997271806,3.074999999626016,0.1232000004165456,0.0290999996650498,18.186500000410888,0.1217999997606966,0.0,21.55379999931029,21.60490000005666,21.561100000326405,500,500,333.0,1501.5015015015017,,False,17.530600000100094
4766,exp1-completion-paced,66,264,0.4624999992302037,2.541299999393232,22.81919999950333,20.27790000011009,0.0213999992411118,16.274000000521482,500,736,11.802300000454125,16.321699999934935,False,736,0.0216999997064704,0.0259999997069826,0.0182000003405846,3.9854999995441176,0.2355000005991314,0.1082999997379374,11.802300000454125,0.124099999993632,0.0,16.274000000521482,16.321699999934935,16.281800000797375,500,500,333.0,1501.5015015015017,,False,6.497499999568394
4767,exp1-completion-paced,66,264,0.4672000004575238,1.0532000005696318,25.376200000209792,24.32299999964016,0.0172000000020489,17.498600000180886,500,737,13.927899999544024,17.55920000050537,False,737,0.0215999998545157,0.0390000004699686,0.0178000000232714,3.2685999995010206,0.12940000033268,0.0301000000035855,13.927899999544024,0.1246000001628999,0.0,17.498600000180886,17.55920000050537,17.521299999316398,500,500,333.0,1501.5015015015017,,False,7.8169999997044215
4768,exp1-completion-paced,66,264,0.2918000000136089,4.297200000110024,36.097300000619725,31.8001000005097,0.0167999996847356,15.061500000228987,500,738,11.603299999478622,15.121000000362985,False,738,0.0319000000672531,0.0276000000667409,0.0193999994735349,3.154500000164262,0.1299000005019479,0.0289999998130952,11.603299999478622,0.1252000001841224,0.0,15.061500000228987,15.121000000362985,15.069199999743432,500,500,333.0,1501.5015015015017,,False,20.976300000256742
4769,exp1-completion-paced,66,264,0.450999999884516,2.6136999995287624,34.98389999913343,32.370199999604665,0.0196999999388935,15.441800000189687,500,739,11.87000000027183,15.48960000036459,False,739,0.0207000002774293,0.027099999897473,0.0175000004674075,3.27119999928982,0.1283000001421896,0.0294000001304084,11.87000000027183,0.1252000001841224,0.0,15.441800000189687,15.48960000036459,15.448200000719224,500,500,333.0,1501.5015015015017,,False,19.494299998768838
4770,exp1-completion-paced,66,264,0.2928000003521447,3.233100000215927,37.582900000415975,34.34980000020005,0.0222999997276929,16.371300000173505,500,740,12.597899999491348,16.42470000024332,False,740,0.0217000006159651,0.0316999994538491,0.0194000003830296,3.419399999984307,0.1296999998885439,0.0301000000035855,12.597899999491348,0.1744999999573337,0.0,16.371300000173505,16.42470000024332,16.379699999561126,500,500,333.0,1501.5015015015017,,False,21.158200000172656
4771,exp1-completion-paced,66,264,0.2739999999903375,1.1997000001429114,30.031399999643327,28.83169999950041,0.029499999982363,15.22599999952945,500,741,11.749000000236263,15.275899999323885,False,741,0.0240999997913604,0.0258000000030733,0.0183000001925393,3.1776999994690414,0.1290999998673214,0.0291000005745445,11.749000000236263,0.122699999337783,0.0,15.22599999952945,15.275899999323885,15.233899999657297,500,500,333.0,1501.5015015015017,,False,14.755500000319442
4772,exp1-completion-paced,66,264,0.4490000001169392,2.038200000242796,49.21890000059648,47.18070000035368,0.0245000001086737,29.59229999942181,500,742,22.67089999986638,29.656900000190944,False,742,0.0217000006159651,0.0429000001531676,0.019099999917671,6.33789999938017,0.2438000001347973,0.1154999999926076,22.67089999986638,0.2048000005743233,0.0,29.59229999942181,29.656900000190944,29.59970000028989,500,500,333.0,1501.5015015015017,,False,19.562000000405533
4773,exp1-completion-paced,66,264,0.2715000000534928,5.831800000123621,37.183500000537606,31.351700000413985,0.0178000000232714,16.067300000031537,500,743,12.567800000397256,16.115700000227662,False,743,0.0230999994528247,0.0253000007433001,0.0185999997484032,3.1976999998732936,0.1313000002483022,0.0284999996438273,12.567800000397256,0.1231999995070509,0.0,16.067300000031537,16.115700000227662,16.074899999694026,500,500,333.0,1501.5015015015017,,False,21.067800000309944
4774,exp1-completion-paced,66,264,0.2821000007315888,0.0533000002178596,30.51690000029339,30.46360000007553,0.0196999999388935,15.185199999905308,500,744,11.685299999953711,15.24539999991248,False,744,0.0270000000455183,0.0331999999616527,0.0204999996640253,3.1976999998732936,0.1297999997404986,0.0274000003628316,11.685299999953711,0.1244000004589906,0.0,15.185199999905308,15.24539999991248,15.194900000096824,500,500,333.0,1501.5015015015017,,False,15.27150000038091
4775,exp1-completion-paced,66,264,0.4455999996935134,2.549800000451796,39.52590000062628,36.97610000017448,0.0307000000248081,15.996999999515538,500,745,12.591900000188616,16.041799999584327,False,745,0.0199999994947575,0.0248000005740323,0.0181999994310899,3.104899999925692,0.125500000649481,0.0310999994326266,12.591900000188616,0.1252000001841224,0.0,15.996999999515538,16.041799999584327,16.004099999918253,500,500,333.0,1501.5015015015017,,False,23.484100001041952
4776,exp1-completion-paced,66,264,0.2657000004546717,0.0458999993497855,32.68619999926159,32.640299999911804,0.0176000003193621,22.834899999907066,500,746,16.082899999673828,23.100000000340515,False,746,0.0290999996650498,0.2360000007683993,0.0223999995796475,6.2567000004492,0.2343999994991463,0.1109000004362315,16.082899999673828,0.1272999998036539,0.0,22.834899999907066,23.100000000340515,22.841599999992468,500,500,333.0,1501.5015015015017,,False,9.586199998921074
4777,exp1-completion-paced,66,264,0.4435000000739819,1.0552000003372086,35.94789999988279,34.892699999545584,0.019300000531075,22.34229999976378,500,747,18.766000000141503,22.39000000008673,False,747,0.0238000002354965,0.0239000000874511,0.0174999995579128,3.1551000001854845,0.12700000024779,0.0299999992421362,18.766000000141503,0.2464999997755512,0.0,22.34229999976378,22.39000000008673,22.349999999278225,500,500,333.0,1501.5015015015017,,False,13.557899999796064
4778,exp1-completion-paced,66,264,0.4621999996743398,1.5639000002920511,48.58020000028773,47.01629999999568,0.025600000299164,29.38209999956598,500,748,22.516300000461342,29.434799999762618,False,748,0.0201000002562068,0.0325999999404302,0.0283999997918726,6.291300000157207,0.2365999998801271,0.1145999995060265,22.516300000461342,0.1946000002135406,0.0,29.38209999956598,29.434799999762618,29.39240000068821,500,500,333.0,1501.5015015015017,,False,19.145400000525115
4779,exp1-completion-paced,66,264,0.2807999999276944,0.0519999994139652,53.18529999931343,53.13329999989946,0.0192999996215803,31.080100000508537,500,749,24.18390000002546,31.130700000176148,False,749,0.0235999996220925,0.0270000000455183,0.0195000002349843,6.289699999797449,0.2451999998811516,0.117800000225543,24.18390000002546,0.2236999998785904,0.0,31.080100000508537,31.130700000176148,31.08789999987493,500,500,333.0,1501.5015015015017,,False,22.05459999913728
4780,exp1-completion-paced,66,264,0.4604000005201669,1.0697999996409635,32.90709999964747,31.837300000006508,0.0209999998332932,16.4491999994425,500,750,12.416900000062014,16.49589999942691,False,750,0.0246999998125829,0.022000000171829,0.0190000000657164,3.7100999998074258,0.1367000004393048,0.0292999993689591,12.416900000062014,0.1370999998471234,0.0,16.4491999994425,16.49589999942691,16.456100000141305,500,500,333.0,1501.5015015015017,,False,16.41120000022056
4781,exp1-completion-paced,66,264,0.309699999888835,1.2335999999777414,41.04230000029929,39.80870000032155,0.02059999951598,20.04390000001877,500,751,14.132600000266391,20.089200000256824,False,751,0.0199000005522975,0.0253999996857601,0.0186999996003578,5.412800000158313,0.2306000005773967,0.1131999997596722,14.132600000266391,0.1357999999527237,0.0,20.04390000001877,20.089200000256824,20.05080000071757,500,500,333.0,1501.5015015015017,,False,20.95310000004247
4782,exp1-completion-paced,66,264,0.2631000006658723,2.201299999796902,36.11839999939548,33.91709999959858,0.0288000001091859,15.205799999421288,500,752,11.699900000166965,15.260699999998906,False,752,0.0258000000030733,0.0291000005745445,0.0209999998332932,3.1902000000627595,0.1314000001002568,0.0340999995387392,11.699900000166965,0.1290000000153668,0.0,15.205799999421288,15.260699999998906,15.214199999718405,500,500,333.0,1501.5015015015017,,False,20.857699999396573
4783,exp1-completion-paced,66,264,0.4551000001811189,1.0353999996368657,36.437699999623874,35.40229999998701,0.0208000001293839,21.835200000168697,500,753,16.997499999888532,21.901400000388094,False,753,0.0286000004052766,0.0375999998141196,0.0183000001925393,4.207199999655131,0.2408999998806393,0.1145000005635665,16.997499999888532,0.2565999993748846,0.0,21.835200000168697,21.901400000388094,21.842799999831183,500,500,333.0,1501.5015015015017,,False,14.53629999923578
4784,exp1-completion-paced,66,264,0.2648999998200452,2.2420000004785834,28.05160000025353,25.809599999774942,0.0196000000869389,15.196100000139268,500,754,11.7911000006643,15.243499999996857,False,754,0.0211999995372025,0.0262000003203866,0.0182000003405846,3.104899999925692,0.1259999999092542,0.0297999995382269,11.7911000006643,0.1259999999092542,0.0,15.196100000139268,15.243499999996857,15.20429999982298,500,500,333.0,1501.5015015015017,,False,12.808100000256673
4785,exp1-completion-paced,66,264,0.3449999994700192,0.6606999995710794,37.073899999995774,36.413200000424695,0.0192000006791204,15.951399999721616,500,755,12.201599999571044,16.00880000023608,False,755,0.0224000004891422,0.0350000000253203,0.0191999997696257,3.4290000003238674,0.1446999995096121,0.0318000002152984,12.201599999571044,0.1249000006282585,0.0,15.951399999721616,16.00880000023608,15.956700000060664,500,500,333.0,1501.5015015015017,,False,21.065099999759695
4786,exp1-completion-paced,66,264,0.2663000004758942,2.695500000299944,33.18039999976463,30.484899999464687,0.0275000002147862,16.780699999799253,500,756,12.994200000321143,16.82729999993171,False,756,0.0215999998545157,0.0250000002779415,0.0189000002137618,3.3364000000801752,0.130699999317585,0.0301999998555402,12.994200000321143,0.2700000004551839,0.0,16.780699999799253,16.82729999993171,16.788200000519282,500,500,333.0,1501.5015015015017,,False,16.35309999983292
4787,exp1-completion-paced,66,264,0.2699999995456892,0.0536999996256781,21.433300000353483,21.379600000727805,0.0315999996018945,15.44110000031651,500,757,11.836300000140907,15.48689999981434,False,757,0.0213999992411118,0.024400000256719,0.0269000001935637,3.1650000000809086,0.1329999995505204,0.028500000553322,11.836300000140907,0.2510999993319274,0.0,15.44110000031651,15.48689999981434,15.448499999365596,500,500,333.0,1501.5015015015017,,False,5.946400000539143
4788,exp1-completion-paced,66,264,0.2647999999680905,1.249199999620032,38.23910000028263,36.9899000006626,0.0179999997271806,17.510399999991932,500,758,13.815899999826796,17.59299999957875,False,758,0.0497999999424791,0.0327999996443395,0.0196999999388935,3.374900000380876,0.1452999995308346,0.0300000001516309,13.815899999826796,0.1244000004589906,0.0,17.510399999991932,17.59299999957875,17.518900000141002,500,500,333.0,1501.5015015015017,,False,20.646100000703882
4789,exp1-completion-paced,66,264,0.2673999997568899,2.6944000001094537,32.482500000696746,29.78810000058729,0.0291999995170044,16.023500000301283,500,759,12.334199999713746,16.084200000477722,False,759,0.0338999998348299,0.0268000003416091,0.0191999997696257,3.3804000004238333,0.1312999993388075,0.0298000004477216,12.334199999713746,0.1283000001421896,0.0,16.023500000301283,16.084200000477722,16.03109999996377,500,500,333.0,1501.5015015015017,,False,16.398300000219024
4790,exp1-completion-paced,66,264,0.2775000002657179,2.75210000017978,28.076799999325885,25.324699999146105,0.0188999993042671,21.686200000658573,500,760,17.957400000341295,21.73060000041005,False,760,0.0204999996640253,0.0239000000874511,0.01810000048863,3.315199999633478,0.1283999999941443,0.029499999982363,17.957400000341295,0.2373999996052589,0.0,21.686200000658573,21.73060000041005,21.693599999707654,500,500,333.0,1501.5015015015017,,False,6.346199998915836
4791,exp1-completion-paced,66,264,0.2809999996316037,0.0912000004973379,31.55390000029001,31.46269999979268,0.0224000004891422,15.132200000152809,500,761,11.631200000010722,15.18919999944046,False,761,0.0284999996438273,0.0284999996438273,0.0202999999601161,3.1977000007827883,0.1293999994231853,0.0276000000667409,11.631200000010722,0.125800000205345,0.0,15.132200000152809,15.18919999944046,15.140299999984563,500,500,333.0,1501.5015015015017,,False,16.364700000849552
4792,exp1-completion-paced,66,264,0.4570999999486957,1.0240999999950873,43.92860000007204,42.90450000007695,0.0281000002360087,16.172299999198003,500,762,12.60829999955604,16.221699999732664,False,762,0.0227000000450061,0.0267000004896544,0.0196999999388935,3.2431999998152605,0.1357000001007691,0.0307999998767627,12.60829999955604,0.134500000058324,0.0,16.172299999198003,16.221699999732664,16.179799999918032,500,500,333.0,1501.5015015015017,,False,27.706900000339374
4793,exp1-completion-paced,66,264,0.2604999999675783,0.0516999998581013,27.09179999965272,27.04009999979462,0.0214000001506065,16.197699999793258,500,763,12.376799999401555,16.250399999989895,False,763,0.0216999997064704,0.0310000004901667,0.0191999997696257,3.510200000164332,0.133099999402475,0.0302000007650349,12.376799999401555,0.1280000005863257,0.0,16.197699999793258,16.250399999989895,16.205100000661332,500,500,333.0,1501.5015015015017,,False,10.841399999662826
4794,exp1-completion-paced,66,264,0.4576000001179636,0.0858999992487952,49.06389999996463,48.97800000071584,0.0284999996438273,28.788300000087474,500,764,22.553099999640835,28.85250000053929,False,764,0.0306000001728534,0.033600000278966,0.0285999994957819,5.585500000051979,0.2426000000923522,0.1110000002881861,22.553099999640835,0.2672999999049352,0.0,28.788300000087474,28.85250000053929,28.79679999932705,500,500,333.0,1501.5015015015017,,False,20.211399999425343
4795,exp1-completion-paced,66,264,0.2764000000752276,0.0531000005139503,24.038000000473403,23.984899999959453,0.0239000000874511,15.02509999954782,500,765,11.55190000008588,15.071499999976368,False,765,0.0225000003410968,0.0239000000874511,0.0186999996003578,3.163999999742373,0.1301000002058572,0.0289999998130952,11.55190000008588,0.1312000003963476,0.0,15.02509999954782,15.071499999976368,15.032199999950535,500,500,333.0,1501.5015015015017,,False,8.966500000497035
4796,exp1-completion-paced,66,264,0.2657999993971316,2.7553999998417567,35.67139999995561,32.916000000113854,0.0201000002562068,15.86090000000695,500,766,12.067500000739528,15.904899999441112,False,766,0.0191999997696257,0.0247999996645376,0.0175000004674075,3.4955999999510823,0.1288000003114575,0.028099999326514,12.067500000739528,0.1231999995070509,0.0,15.86090000000695,15.904899999441112,15.86810000026162,500,500,333.0,1501.5015015015017,,False,19.766500000514498
4797,exp1-completion-paced,66,264,0.275800000054005,1.2570999997478791,32.615599999189726,31.358499999441847,0.0217000006159651,14.836600000307952,500,767,11.45859999996901,14.942199999495642,False,767,0.0232999991567339,0.0823000000309548,0.0178000000232714,3.0823000006421357,0.1259000000572996,0.0272999996013822,11.45859999996901,0.1244000004589906,0.0,14.836600000307952,14.942199999495642,14.843300000393356,500,500,333.0,1501.5015015015017,,False,17.673399999694084
4798,exp1-completion-paced,66,264,0.2809999996316037,4.3941000003542285,34.14760000032402,29.75349999996979,0.0196000000869389,16.256900000371388,500,768,12.445999999727064,16.30450000084238,False,768,0.0219000003198743,0.0257000001511187,0.0196000000869389,3.494699999464501,0.132300000586838,0.0308999997287173,12.445999999727064,0.1332000001639244,0.0,16.256900000371388,16.30450000084238,16.264899999441695,500,500,333.0,1501.5015015015017,,False,17.843099999481637
4799,exp1-completion-paced,66,264,0.27460000001156,1.2170999998488696,39.6377000006396,38.42060000079073,0.0201000002562068,17.3464999998032,500,769,13.651799999934155,17.392499999914435,False,769,0.0208000001293839,0.0251999999818508,0.0181999994310899,3.3751000000847853,0.1468999998905928,0.029499999982363,13.651799999934155,0.1249000006282585,0.0,17.3464999998032,17.392499999914435,17.353799999909825,500,500,333.0,1501.5015015015017,,False,22.245200000725163
4800,exp1-completion-paced,66,264,0.2681000005395617,0.0615999997535254,46.45590000018274,46.39430000042921,0.033399999665562,30.280400000265217,500,770,23.391499999888765,30.362800000148127,False,770,0.0347000004694564,0.047699999413453,0.0289999998130952,6.210100000316743,0.2512999999453313,0.1128000003518536,23.391499999888765,0.2853999994840706,0.0,30.280400000265217,30.362800000148127,30.28989999984333,500,500,333.0,1501.5015015015017,,False,16.09310000003461
4801,exp1-completion-paced,66,264,0.2813000000969623,0.0539000002390821,51.57679999956599,51.52289999932691,0.0237000003835419,29.180600000472623,500,771,22.448200000326324,29.2475000005652,False,771,0.0325000000884756,0.0344000000040978,0.0249000004259869,6.130400000074587,0.2242000000478583,0.1138999996328493,22.448200000326324,0.2387999993516132,0.0,29.180600000472623,29.2475000005652,29.188299999987063,500,500,333.0,1501.5015015015017,,False,22.329299999000792
4802,exp1-completion-paced,66,264,0.4632000000128755,0.0755000000935979,48.93799999990733,48.862499999813735,0.0240999997913604,27.66780000001745,500,772,20.297799999752897,27.90709999953833,False,772,0.0290999996650498,0.2101999998558312,0.025600000299164,6.8688999999722,0.2370000001974403,0.1125999997384497,20.297799999752897,0.1257000003533903,0.0,27.66780000001745,27.90709999953833,27.679499999976542,500,500,333.0,1501.5015015015017,,False,21.030900000369
4803,exp1-completion-paced,66,264,0.2727000000959378,1.1607000005824375,34.98380000019097,33.82309999960853,0.0778000003265333,16.208799999731127,500,773,12.701900000138266,16.255999999884807,False,773,0.0221000000237836,0.0251000001298962,0.0261999994108919,3.1500000004598405,0.126799999634386,0.0313000000460306,12.701900000138266,0.1723999994283076,0.0,16.208799999731127,16.255999999884807,16.21649999924557,500,500,333.0,1501.5015015015017,,False,18.72780000030616
4804,exp1-completion-paced,66,264,0.276099999609869,4.250699999829521,31.115300000237767,26.864600000408245,0.02059999951598,16.67910000014672,500,774,13.231500000074448,16.717700000299374,False,774,0.0191999997696257,0.0194000003830296,0.0177000001713167,3.150100000311795,0.1275999993595178,0.0283999997918726,13.231500000074448,0.1237000005858135,0.0,16.67910000014672,16.717700000299374,16.685300000062853,500,500,333.0,1501.5015015015017,,False,14.397599999938393
4805,exp1-completion-paced,66,264,0.4518999994616024,0.527700000020559,37.34649999933026,36.8187999993097,0.0243000004047644,18.861000000470085,500,775,13.333699999748204,18.917500000497967,False,775,0.0219000003198743,0.034599999708007,0.0263000001723412,4.984500000318803,0.2359999998589046,0.1143999998021172,13.333699999748204,0.1658999999563093,0.0,18.861000000470085,18.917500000497967,18.87089999945601,500,500,333.0,1501.5015015015017,,False,18.428999998832296
4806,exp1-completion-paced,66,264,0.2749000004769186,0.0567999995837453,30.080700000326036,30.023900000742287,0.0306000001728534,15.52099999935308,500,776,11.880099999871163,15.570999999908963,False,776,0.0227999998969608,0.0272000006589223,0.0196999999388935,3.3268999995925697,0.1358999998046783,0.028500000553322,11.880099999871163,0.1297999997404986,0.0,15.52099999935308,15.570999999908963,15.528699999777018,500,500,333.0,1501.5015015015017,,False,14.509700000417073
4807,exp1-completion-paced,66,264,0.4782999994858983,1.043299999764713,46.580700000049546,45.53740000028483,0.02050000057352,26.04849999988801,500,777,19.258600000284787,26.119500000277185,False,777,0.0311000003421213,0.039900000047055,0.0266999995801597,6.284900000537164,0.2340000000913278,0.1168999997389619,19.258600000284787,0.1271999999516992,0.0,26.04849999988801,26.119500000277185,26.059100000566104,500,500,333.0,1501.5015015015017,,False,20.46119999977236
4808,exp1-completion-paced,66,264,0.2748999995674239,0.7851999998820247,27.51679999983025,26.73159999994823,0.0295999998343177,16.395200000260957,500,778,12.7784000005704,16.441300000224146,False,778,0.0202999999601161,0.0258000000030733,0.0178000000232714,3.197600000021339,0.1320000001214794,0.0289999998130952,12.7784000005704,0.2402000000074622,0.0,16.395200000260957,16.441300000224146,16.401100000621227,500,500,333.0,1501.5015015015017,,False,11.075499999606105
4809,exp1-completion-paced,66,264,0.2542000001994893,1.815599999645201,45.28019999997923,43.46460000033403,0.021799999558425,24.158799999895564,500,779,17.353600000205915,24.2035000001124,False,779,0.0215000000025611,0.023200000214274,0.0514999992446973,6.269100000281469,0.2365000000281725,0.1186999998026294,17.353600000205915,0.1291999997192761,0.0,24.158799999895564,24.2035000001124,24.165899999388785,500,500,333.0,1501.5015015015017,,False,21.076699999866833
4810,exp1-completion-paced,66,264,0.2729999996518018,0.7052000000840053,41.209499999240506,40.5042999991565,0.0300000001516309,26.400400000056838,500,780,19.782100000156788,26.446800000485386,False,780,0.0209999998332932,0.0254000005952548,0.0861999997141538,6.083700000090175,0.1531999996586819,0.0301999998555402,19.782100000156788,0.2647000001161359,0.0,26.400400000056838,26.446800000485386,26.40830000018468,500,500,333.0,1501.5015015015017,,False,14.76269999875512
4811,exp1-completion-paced,66,264,0.4680000001826556,0.972199999523582,40.020499999627646,39.048300000104064,0.0204999996640253,29.81249999993452,500,781,22.79590000034659,29.88779999941471,False,781,0.0323999993270263,0.0429000001531676,0.028500000553322,6.399599999895145,0.2283999992869212,0.1092000002245185,22.79590000034659,0.2506999999241088,0.0,29.81249999993452,29.88779999941471,29.82440000050701,500,500,333.0,1501.5015015015017,,False,10.132700000212935
4812,exp1-completion-paced,66,264,0.3054000007978175,0.0612000003457069,38.25920000053884,38.19800000019313,0.0203999998120707,30.503500000122585,500,782,23.66100000017468,30.645100000583625,False,782,0.0276000000667409,0.1140000003942987,0.0254999995377147,6.218200000148499,0.2432999999655294,0.1183000003948109,23.66100000017468,0.236899999435991,0.0,30.503500000122585,30.645100000583625,30.51330000016605,500,500,333.0,1501.5015015015017,,False,7.614099999955215
4813,exp1-completion-paced,66,264,0.2752999998847372,4.284999999981665,31.646399999772257,27.361399999790592,0.0233000000662286,14.91619999978866,500,783,11.488099999951372,14.959999999518914,False,783,0.0208999999813386,0.0228999997489154,0.0183000001925393,3.137599999718077,0.1234000001204549,0.0286000004052766,11.488099999951372,0.1199999996970291,0.0,14.91619999978866,14.959999999518914,14.922899999874062,500,500,333.0,1501.5015015015017,,False,16.686400000253343
4814,exp1-completion-paced,66,264,0.27460000001156,1.1810999994850135,32.60689999933675,31.425799999851733,0.0196999999388935,17.78680000006716,500,784,12.69999999931315,17.84959999986313,False,784,0.0199999994947575,0.042800000301213,0.0186999996003578,4.757600000630191,0.1551999994262587,0.028500000553322,12.69999999931315,0.1265999999304767,0.0,17.78680000006716,17.84959999986313,17.794899999898917,500,500,333.0,1501.5015015015017,,False,14.757299999473616
4815,exp1-completion-paced,66,264,0.2730000005612965,1.109400000132155,26.391500000499946,25.28210000036779,0.0198000007003429,17.091500000788074,500,785,13.368099999752303,17.1331999999893,False,785,0.0198999996428028,0.021799999558425,0.0176000003193621,3.334300000460644,0.2113000000463216,0.0326999997923849,13.368099999752303,0.1273999996556085,0.0,17.091500000788074,17.1331999999893,17.099299999244977,500,500,333.0,1501.5015015015017,,False,9.258300000510644
4816,exp1-completion-paced,66,264,0.3010999998878105,1.230300000315765,31.63219999987632,30.401899999560555,0.0184999998964485,15.300699999897915,500,786,11.905999999726191,15.34469999933208,False,786,0.0196999999388935,0.0242999994952697,0.0170000002981396,3.099499999734689,0.1237000005858135,0.0291999995170044,11.905999999726191,0.1252000001841224,0.0,15.300699999897915,15.34469999933208,15.307599999687229,500,500,333.0,1501.5015015015017,,False,16.28750000054424
4817,exp1-completion-paced,66,264,0.2708000001803157,2.7529999997568666,34.17720000015834,31.42420000040147,0.0204999996640253,15.820599999642582,500,787,12.24510000065493,15.865100000155508,False,787,0.019300000531075,0.0251999999818508,0.017699999261822,3.27830000060203,0.1244999994014506,0.0275000002147862,12.24510000065493,0.1272999998036539,0.0,15.820599999642582,15.865100000155508,15.827799999897252,500,500,333.0,1501.5015015015017,,False,18.31210000000283
4818,exp1-completion-paced,66,264,0.2821999996740487,0.0569000003451947,41.11009999996895,41.05319999962376,0.0202999999601161,15.236900000672904,500,788,11.727699999937611,15.30800000000454,False,788,0.0328999994962941,0.0381999998353421,0.0196999999388935,3.2042000002547866,0.1259999999092542,0.0298000004477216,11.727699999937611,0.1292999995712307,0.0,15.236900000672904,15.30800000000454,15.245699999468345,500,500,333.0,1501.5015015015017,,False,25.802099999964412
4819,exp1-completion-paced,66,264,0.2703999998630024,2.727699999923061,28.019299999868963,25.291599999945905,0.0208000001293839,15.110600000298293,500,789,11.6293000000951,15.171699999882549,False,789,0.0307999998767627,0.0302999997074948,0.0197999997908482,3.1696000005467795,0.1293999994231853,0.0313999998979852,11.6293000000951,0.1308000000790343,0.0,15.110600000298293,15.171699999882549,15.11800000025687,500,500,333.0,1501.5015015015017,,False,12.847599999986414
4820,exp1-completion-paced,66,264,0.275800000054005,1.205900000059046,36.68240000024525,35.476500000186206,0.0218999994103796,15.045899999677204,500,790,11.586800000259244,15.09170000008453,False,790,0.0206000004254747,0.0251999999818508,0.0184000000444939,3.1543999994028127,0.1280000005863257,0.0297999995382269,11.586800000259244,0.1283999999941443,0.0,15.045899999677204,15.09170000008453,15.052400000058697,500,500,333.0,1501.5015015015017,,False,21.590700000160723
4821,exp1-completion-paced,66,264,0.2555999999458436,0.0565000000278814,32.63449999940349,32.577999999375606,0.0191999997696257,14.606099999582511,500,791,11.256200000389072,14.651999999841792,False,791,0.0215999998545157,0.0243000004047644,0.0179999997271806,3.058400000554684,0.1235999998243642,0.0284999996438273,11.256200000389072,0.1211999997394741,0.0,14.606099999582511,14.651999999841792,14.61360000030254,500,500,333.0,1501.5015015015017,,False,17.982499999561696
4822,exp1-completion-paced,66,264,0.261599999248574,0.0460000001112348,22.87129999967874,22.825299999567505,0.0183000001925393,15.347600000495731,500,792,11.899199999788834,15.391200000522076,False,792,0.0202000001081614,0.0233999999181833,0.0183000001925393,3.149400000438618,0.1290000000153668,0.0283999997918726,11.899199999788834,0.1230999996550963,0.0,15.347600000495731,15.391200000522076,15.354499999375548,500,500,333.0,1501.5015015015017,,False,7.480099999156664
4823,exp1-completion-paced,66,264,0.3034999999727006,0.6758999998055515,31.083700000635872,30.40780000083032,0.0190000000657164,14.967900000556256,500,793,11.472399999547632,15.012200000455778,False,793,0.0196000000869389,0.0246999998125829,0.0187000005098525,3.1976999998732936,0.1296000000365893,0.0299000002996763,11.472399999547632,0.1193999996758066,0.0,14.967900000556256,15.012200000455778,14.974999999139982,500,500,333.0,1501.5015015015017,,False,16.071500000180095
4824,exp1-completion-paced,66,264,0.4502000001593842,0.0650000001769512,23.310900000069523,23.24589999989257,0.0196999999388935,15.132199999243312,500,794,11.654100000669132,15.18919999944046,False,794,0.0218999994103796,0.0351000007867696,0.0202999999601161,3.176299999722687,0.1266999997824314,0.0314999997499398,11.654100000669132,0.1231999995070509,0.0,15.132199999243312,15.18919999944046,15.140499999688473,500,500,333.0,1501.5015015015017,,False,8.121700000629064
4825,exp1-completion-paced,66,264,0.2715000000534928,1.2638999996852365,28.04459999970277,26.78070000001753,0.0211999995372025,15.587899999445654,500,795,11.812400000053458,15.631599999323951,False,795,0.0203999998120707,0.0233000000662286,0.016699999832781,3.472700000202167,0.1310999996348982,0.0319000000672531,11.812400000053458,0.1229999998031416,0.0,15.587899999445654,15.631599999323951,15.594100000271284,500,500,333.0,1501.5015015015017,,False,12.413000000378817
4826,exp1-completion-paced,66,264,0.288899999759451,0.0617999994574347,29.54719999979716,29.485400000339723,0.0278999996226048,15.311799999835785,500,796,11.662400000204798,15.358200000264333,False,796,0.0203999998120707,0.0260000006164773,0.019099999917671,3.1940999997459585,0.1346999997622333,0.0301999998555402,11.662400000204798,0.2709000000322703,0.0,15.311799999835785,15.358200000264333,15.319600000111675,500,500,333.0,1501.5015015015017,,False,14.188999999532829
4827,exp1-completion-paced,66,264,0.4607000000760308,2.477299999554816,32.361800000217045,29.88450000066223,0.0303999995594494,15.301700000236451,500,797,11.746499999389926,15.368600000329025,False,797,0.0316000005113892,0.0352999995811842,0.0189000002137618,3.2506999996257946,0.1289000001634122,0.0286000004052766,11.746499999389926,0.1280000005863257,0.0,15.301700000236451,15.368600000329025,15.309700000216251,500,500,333.0,1501.5015015015017,,False,16.99319999988802
4828,exp1-completion-paced,66,264,0.4595000000335858,1.0297999997419538,34.84599999956117,33.81619999981922,0.02059999951598,15.124700000342273,500,798,11.63540000015928,15.180399999735528,False,798,0.0219999992623343,0.0337000001309206,0.0182000003405846,3.1681999998909305,0.12940000033268,0.0291999995170044,11.63540000015928,0.1441000003978843,0.0,15.124700000342273,15.180399999735528,15.13169999998354,500,500,333.0,1501.5015015015017,,False,19.665599999825645
4829,exp1-completion-paced,66,264,0.2650000005814945,2.80060000022786,28.54449999995268,25.743899999724817,0.019099999917671,15.002999999524036,500,799,11.650399999780348,15.042699999867182,False,799,0.0190000000657164,0.0207000002774293,0.0178000000232714,3.057699999772012,0.1198999998450744,0.0281000002360087,11.650399999780348,0.1289000001634122,0.0,15.002999999524036,15.042699999867182,15.00910000049771,500,500,333.0,1501.5015015015017,,False,13.501800000085499
4830,exp1-completion-paced,66,264,0.4429000000527594,2.5642999999035965,29.52710000045045,26.96280000054685,0.0319999999192077,15.649799999664538,500,800,12.103199999728533,15.711899999587333,False,800,0.0278999996226048,0.0342000003001885,0.0199999994947575,3.2386000002588844,0.1285999996980535,0.0312000001940759,12.103199999728533,0.1280000005863257,0.0,15.649799999664538,15.711899999587333,15.658199999961653,500,500,333.0,1501.5015015015017,,False,13.815200000863117
4831,exp1-completion-paced,66,264,0.2621000003273366,0.049300000682706,28.180199999951583,28.13089999926888,0.0174999995579128,15.088199999809149,500,801,11.630199999672186,15.132700000322076,False,801,0.0208000001293839,0.0237000003835419,0.0178000000232714,3.1563000002279296,0.1260999997612089,0.0293000002784538,11.630199999672186,0.1283000001421896,0.0,15.088199999809149,15.132700000322076,15.095700000529176,500,500,333.0,1501.5015015015017,,False,13.047499999629506
