config,statistic,loss,step,lambda_low,lambda_high
Barcelona + AE86,mean,pos3d_rmse_m,123,2184.9340896176363,inf
Barcelona + AE86,mean,pos3d_rmse_m,124,441.43892177016863,2184.9340896176363
Barcelona + AE86,mean,pos3d_rmse_m,125,205.76162581531588,441.43892177016863
Barcelona + AE86,mean,pos3d_rmse_m,126,86.16988542614055,205.76162581531588
Barcelona + AE86,mean,pos3d_rmse_m,127,48.06972953092117,86.16988542614055
Barcelona + AE86,mean,pos3d_rmse_m,128,35.97672793902402,48.06972953092117
Barcelona + AE86,mean,pos3d_rmse_m,129,30.420145678642317,35.97672793902402
Barcelona + AE86,mean,pos3d_rmse_m,130,28.30104417320324,30.420145678642317
Barcelona + AE86,mean,pos3d_rmse_m,131,26.61078763513591,28.30104417320324
Barcelona + AE86,mean,pos3d_rmse_m,132,22.12953772976662,26.61078763513591
Barcelona + AE86,mean,pos3d_rmse_m,133,19.115509504173026,22.12953772976662
Barcelona + AE86,mean,pos3d_rmse_m,134,15.474968518732368,19.115509504173026
Barcelona + AE86,mean,pos3d_rmse_m,135,14.028835772689916,15.474968518732368
Barcelona + AE86,mean,pos3d_rmse_m,136,12.914698541736303,14.028835772689916
Barcelona + AE86,mean,pos3d_rmse_m,137,12.452997333528346,12.914698541736303
Barcelona + AE86,mean,pos3d_rmse_m,138,11.768919869972049,12.452997333528346
Barcelona + AE86,mean,pos3d_rmse_m,139,10.454978052050562,11.768919869972049
Barcelona + AE86,mean,pos3d_rmse_m,140,10.31314089807364,10.454978052050562
Barcelona + AE86,mean,pos3d_rmse_m,141,9.251510913985298,10.31314089807364
Barcelona + AE86,mean,pos3d_rmse_m,142,9.177597592546373,9.251510913985298
Barcelona + AE86,mean,pos3d_rmse_m,143,8.218825935585839,9.177597592546373
Barcelona + AE86,mean,pos3d_rmse_m,144,7.624413995252754,8.218825935585839
Barcelona + AE86,mean,pos3d_rmse_m,145,7.454726668049411,7.624413995252754
Barcelona + AE86,mean,pos3d_rmse_m,146,7.155897343152386,7.454726668049411
Barcelona + AE86,mean,pos3d_rmse_m,147,6.537986283649061,7.155897343152386
Barcelona + AE86,mean,pos3d_rmse_m,149,6.013366592226181,6.537986283649061
Barcelona + AE86,mean,pos3d_rmse_m,150,5.6183201340144135,6.013366592226181
Barcelona + AE86,mean,pos3d_rmse_m,151,5.519494361986663,5.6183201340144135
Barcelona + AE86,mean,pos3d_rmse_m,152,5.264822515453247,5.519494361986663
Barcelona + AE86,mean,pos3d_rmse_m,153,5.129011310635114,5.264822515453247
Barcelona + AE86,mean,pos3d_rmse_m,154,4.952248035497779,5.129011310635114
Barcelona + AE86,mean,pos3d_rmse_m,155,4.761724073614691,4.952248035497779
Barcelona + AE86,mean,pos3d_rmse_m,156,4.581838839181335,4.761724073614691
Barcelona + AE86,mean,pos3d_rmse_m,157,4.4010989552650495,4.581838839181335
Barcelona + AE86,mean,pos3d_rmse_m,158,4.2266799027240705,4.4010989552650495
Barcelona + AE86,mean,pos3d_rmse_m,159,4.144511780473282,4.2266799027240705
Barcelona + AE86,mean,pos3d_rmse_m,160,4.040511735750105,4.144511780473282
Barcelona + AE86,mean,pos3d_rmse_m,161,3.8698503391590795,4.040511735750105
Barcelona + AE86,mean,pos3d_rmse_m,162,3.7343652313993445,3.8698503391590795
Barcelona + AE86,mean,pos3d_rmse_m,163,3.6619418215634165,3.7343652313993445
Barcelona + AE86,mean,pos3d_rmse_m,164,3.561119172602192,3.6619418215634165
Barcelona + AE86,mean,pos3d_rmse_m,165,3.413800613794842,3.561119172602192
Barcelona + AE86,mean,pos3d_rmse_m,166,3.292994830822159,3.413800613794842
Barcelona + AE86,mean,pos3d_rmse_m,167,3.2198760140444818,3.292994830822159
Barcelona + AE86,mean,pos3d_rmse_m,168,3.167694590201337,3.2198760140444818
Barcelona + AE86,mean,pos3d_rmse_m,169,3.1176414637902194,3.167694590201337
Barcelona + AE86,mean,pos3d_rmse_m,170,3.0583573892152236,3.1176414637902194
Barcelona + AE86,mean,pos3d_rmse_m,171,2.9817985793852064,3.0583573892152236
Barcelona + AE86,mean,pos3d_rmse_m,172,2.8653220955663814,2.9817985793852064
Barcelona + AE86,mean,pos3d_rmse_m,173,2.8190257155456253,2.8653220955663814
Barcelona + AE86,mean,pos3d_rmse_m,174,2.7828336203577835,2.8190257155456253
Barcelona + AE86,mean,pos3d_rmse_m,175,2.677583948961136,2.7828336203577835
Barcelona + AE86,mean,pos3d_rmse_m,177,2.6086665275819088,2.677583948961136
Barcelona + AE86,mean,pos3d_rmse_m,178,2.4738468887466065,2.6086665275819088
Barcelona + AE86,mean,pos3d_rmse_m,179,2.4558416895622432,2.4738468887466065
Barcelona + AE86,mean,pos3d_rmse_m,180,2.4266492949556566,2.4558416895622432
Barcelona + AE86,mean,pos3d_rmse_m,181,2.402532477042183,2.4266492949556566
Barcelona + AE86,mean,pos3d_rmse_m,182,2.322968746735253,2.402532477042183
Barcelona + AE86,mean,pos3d_rmse_m,183,2.2711379935495883,2.322968746735253
Barcelona + AE86,mean,pos3d_rmse_m,184,2.1979911807514396,2.2711379935495883
Barcelona + AE86,mean,pos3d_rmse_m,186,2.141541445232283,2.1979911807514396
Barcelona + AE86,mean,pos3d_rmse_m,187,2.0948417397841013,2.141541445232283
Barcelona + AE86,mean,pos3d_rmse_m,188,2.048377105547499,2.0948417397841013
Barcelona + AE86,mean,pos3d_rmse_m,189,2.015552248602114,2.048377105547499
Barcelona + AE86,mean,pos3d_rmse_m,191,1.9674039915823784,2.015552248602114
Barcelona + AE86,mean,pos3d_rmse_m,192,1.9366331301101765,1.9674039915823784
Barcelona + AE86,mean,pos3d_rmse_m,193,1.9093807524691446,1.9366331301101765
Barcelona + AE86,mean,pos3d_rmse_m,194,1.881377638764378,1.9093807524691446
Barcelona + AE86,mean,pos3d_rmse_m,195,1.8646677295816245,1.881377638764378
Barcelona + AE86,mean,pos3d_rmse_m,196,1.8063144855905628,1.8646677295816245
Barcelona + AE86,mean,pos3d_rmse_m,197,1.7642501684205343,1.8063144855905628
Barcelona + AE86,mean,pos3d_rmse_m,199,1.721301550133541,1.7642501684205343
Barcelona + AE86,mean,pos3d_rmse_m,200,1.717683916297041,1.721301550133541
Barcelona + AE86,mean,pos3d_rmse_m,201,1.6840226481431289,1.717683916297041
Barcelona + AE86,mean,pos3d_rmse_m,203,1.6353085162740586,1.6840226481431289
Barcelona + AE86,mean,pos3d_rmse_m,204,1.62917805864378,1.6353085162740586
Barcelona + AE86,mean,pos3d_rmse_m,205,1.6122426017287679,1.62917805864378
Barcelona + AE86,mean,pos3d_rmse_m,206,1.556211053171449,1.6122426017287679
Barcelona + AE86,mean,pos3d_rmse_m,208,1.5284090229315301,1.556211053171449
Barcelona + AE86,mean,pos3d_rmse_m,209,1.5239845518326929,1.5284090229315301
Barcelona + AE86,mean,pos3d_rmse_m,210,1.507939718901499,1.5239845518326929
Barcelona + AE86,mean,pos3d_rmse_m,211,1.49616123866015,1.507939718901499
Barcelona + AE86,mean,pos3d_rmse_m,212,1.4793576459365583,1.49616123866015
Barcelona + AE86,mean,pos3d_rmse_m,213,1.4348819186622812,1.4793576459365583
Barcelona + AE86,mean,pos3d_rmse_m,214,1.4322931093220115,1.4348819186622812
Barcelona + AE86,mean,pos3d_rmse_m,215,1.418727866367723,1.4322931093220115
Barcelona + AE86,mean,pos3d_rmse_m,216,1.4010105885639923,1.418727866367723
Barcelona + AE86,mean,pos3d_rmse_m,217,1.3611053990411899,1.4010105885639923
Barcelona + AE86,mean,pos3d_rmse_m,218,1.350178792581135,1.3611053990411899
Barcelona + AE86,mean,pos3d_rmse_m,221,1.3294115631754315,1.350178792581135
Barcelona + AE86,mean,pos3d_rmse_m,222,1.2950958903380907,1.3294115631754315
Barcelona + AE86,mean,pos3d_rmse_m,223,1.2906016316850177,1.2950958903380907
Barcelona + AE86,mean,pos3d_rmse_m,224,1.2859363205217789,1.2906016316850177
Barcelona + AE86,mean,pos3d_rmse_m,225,1.2744428688591598,1.2859363205217789
Barcelona + AE86,mean,pos3d_rmse_m,226,1.2620325950721063,1.2744428688591598
Barcelona + AE86,mean,pos3d_rmse_m,227,1.2505648890283112,1.2620325950721063
Barcelona + AE86,mean,pos3d_rmse_m,228,1.2396473077865382,1.2505648890283112
Barcelona + AE86,mean,pos3d_rmse_m,229,1.2167551488607737,1.2396473077865382
Barcelona + AE86,mean,pos3d_rmse_m,230,1.2088921034272762,1.2167551488607737
Barcelona + AE86,mean,pos3d_rmse_m,232,1.1821997510572444,1.2088921034272762
Barcelona + AE86,mean,pos3d_rmse_m,233,1.1663537569741307,1.1821997510572444
Barcelona + AE86,mean,pos3d_rmse_m,236,1.1455426397259374,1.1663537569741307
Barcelona + AE86,mean,pos3d_rmse_m,237,1.1285182480929443,1.1455426397259374
Barcelona + AE86,mean,pos3d_rmse_m,238,1.1168736488088833,1.1285182480929443
Barcelona + AE86,mean,pos3d_rmse_m,239,1.1080640016953418,1.1168736488088833
Barcelona + AE86,mean,pos3d_rmse_m,241,1.093769772154778,1.1080640016953418
Barcelona + AE86,mean,pos3d_rmse_m,242,1.089334721030438,1.093769772154778
Barcelona + AE86,mean,pos3d_rmse_m,243,1.0843487828414673,1.089334721030438
Barcelona + AE86,mean,pos3d_rmse_m,244,1.0720539412692838,1.0843487828414673
Barcelona + AE86,mean,pos3d_rmse_m,245,1.0608822542734833,1.0720539412692838
Barcelona + AE86,mean,pos3d_rmse_m,246,1.0526697533873768,1.0608822542734833
Barcelona + AE86,mean,pos3d_rmse_m,247,1.0488044142504727,1.0526697533873768
Barcelona + AE86,mean,pos3d_rmse_m,248,1.042084313569843,1.0488044142504727
Barcelona + AE86,mean,pos3d_rmse_m,249,1.0220821559366247,1.042084313569843
Barcelona + AE86,mean,pos3d_rmse_m,251,1.0161095472391302,1.0220821559366247
Barcelona + AE86,mean,pos3d_rmse_m,252,1.0062524121457153,1.0161095472391302
Barcelona + AE86,mean,pos3d_rmse_m,253,0.9975013675934208,1.0062524121457153
Barcelona + AE86,mean,pos3d_rmse_m,254,0.9945431214775324,0.9975013675934208
Barcelona + AE86,mean,pos3d_rmse_m,255,0.987180953548181,0.9945431214775324
Barcelona + AE86,mean,pos3d_rmse_m,256,0.9797395932585793,0.987180953548181
Barcelona + AE86,mean,pos3d_rmse_m,257,0.970813422377349,0.9797395932585793
Barcelona + AE86,mean,pos3d_rmse_m,258,0.9648534456872727,0.970813422377349
Barcelona + AE86,mean,pos3d_rmse_m,259,0.9506541868251712,0.9648534456872727
Barcelona + AE86,mean,pos3d_rmse_m,260,0.9418029421464585,0.9506541868251712
Barcelona + AE86,mean,pos3d_rmse_m,261,0.9391875915279158,0.9418029421464585
Barcelona + AE86,mean,pos3d_rmse_m,262,0.9366094571486306,0.9391875915279158
Barcelona + AE86,mean,pos3d_rmse_m,263,0.9299714184959581,0.9366094571486306
Barcelona + AE86,mean,pos3d_rmse_m,265,0.9190540632918958,0.9299714184959581
Barcelona + AE86,mean,pos3d_rmse_m,266,0.9134011787960926,0.9190540632918958
Barcelona + AE86,mean,pos3d_rmse_m,268,0.902874281780942,0.9134011787960926
Barcelona + AE86,mean,pos3d_rmse_m,270,0.884820744394274,0.902874281780942
Barcelona + AE86,mean,pos3d_rmse_m,273,0.8746828652653856,0.884820744394274
Barcelona + AE86,mean,pos3d_rmse_m,274,0.8660446189094805,0.8746828652653856
Barcelona + AE86,mean,pos3d_rmse_m,275,0.8654861007814592,0.8660446189094805
Barcelona + AE86,mean,pos3d_rmse_m,276,0.8598630118368465,0.8654861007814592
Barcelona + AE86,mean,pos3d_rmse_m,278,0.8475247997489022,0.8598630118368465
Barcelona + AE86,mean,pos3d_rmse_m,280,0.8401049467563394,0.8475247997489022
Barcelona + AE86,mean,pos3d_rmse_m,281,0.8397801255096544,0.8401049467563394
Barcelona + AE86,mean,pos3d_rmse_m,282,0.8388687200380515,0.8397801255096544
Barcelona + AE86,mean,pos3d_rmse_m,283,0.833160146573017,0.8388687200380515
Barcelona + AE86,mean,pos3d_rmse_m,284,0.8272208056135582,0.833160146573017
Barcelona + AE86,mean,pos3d_rmse_m,285,0.8162956179780032,0.8272208056135582
Barcelona + AE86,mean,pos3d_rmse_m,286,0.8162912809042633,0.8162956179780032
Barcelona + AE86,mean,pos3d_rmse_m,287,0.8118593425434731,0.8162912809042633
Barcelona + AE86,mean,pos3d_rmse_m,289,0.8001839308595045,0.8118593425434731
Barcelona + AE86,mean,pos3d_rmse_m,291,0.7983445888918898,0.8001839308595045
Barcelona + AE86,mean,pos3d_rmse_m,292,0.7861186080612362,0.7983445888918898
Barcelona + AE86,mean,pos3d_rmse_m,293,0.7851062855639306,0.7861186080612362
Barcelona + AE86,mean,pos3d_rmse_m,294,0.7748583696690282,0.7851062855639306
Barcelona + AE86,mean,pos3d_rmse_m,297,0.7692513666401275,0.7748583696690282
Barcelona + AE86,mean,pos3d_rmse_m,300,0.7545258064745892,0.7692513666401275
Barcelona + AE86,mean,pos3d_rmse_m,301,0.7528008679911283,0.7545258064745892
Barcelona + AE86,mean,pos3d_rmse_m,303,0.7493583211452373,0.7528008679911283
Barcelona + AE86,mean,pos3d_rmse_m,306,0.7326920568263114,0.7493583211452373
Barcelona + AE86,mean,pos3d_rmse_m,310,0.7263478168648324,0.7326920568263114
Barcelona + AE86,mean,pos3d_rmse_m,311,0.7161592579248421,0.7263478168648324
Barcelona + AE86,mean,pos3d_rmse_m,312,0.7136083013573107,0.7161592579248421
Barcelona + AE86,mean,pos3d_rmse_m,316,0.7028650131903915,0.7136083013573107
Barcelona + AE86,mean,pos3d_rmse_m,318,0.6989044185889554,0.7028650131903915
Barcelona + AE86,mean,pos3d_rmse_m,319,0.6948942485977275,0.6989044185889554
Barcelona + AE86,mean,pos3d_rmse_m,320,0.6929312498891356,0.6948942485977275
Barcelona + AE86,mean,pos3d_rmse_m,321,0.6906083273789135,0.6929312498891356
Barcelona + AE86,mean,pos3d_rmse_m,322,0.687852559777976,0.6906083273789135
Barcelona + AE86,mean,pos3d_rmse_m,324,0.6818224274993245,0.687852559777976
Barcelona + AE86,mean,pos3d_rmse_m,326,0.6781811684302648,0.6818224274993245
Barcelona + AE86,mean,pos3d_rmse_m,327,0.6713584433090836,0.6781811684302648
Barcelona + AE86,mean,pos3d_rmse_m,330,0.6670759638581509,0.6713584433090836
Barcelona + AE86,mean,pos3d_rmse_m,332,0.6583851063372146,0.6670759638581509
Barcelona + AE86,mean,pos3d_rmse_m,335,0.65123203148801,0.6583851063372146
Barcelona + AE86,mean,pos3d_rmse_m,338,0.6418743078373751,0.65123203148801
Barcelona + AE86,mean,pos3d_rmse_m,339,0.6400340880120894,0.6418743078373751
Barcelona + AE86,mean,pos3d_rmse_m,342,0.636493940705951,0.6400340880120894
Barcelona + AE86,mean,pos3d_rmse_m,344,0.6277132764724669,0.636493940705951
Barcelona + AE86,mean,pos3d_rmse_m,349,0.6141346237244723,0.6277132764724669
Barcelona + AE86,mean,pos3d_rmse_m,350,0.6120564514272313,0.6141346237244723
Barcelona + AE86,mean,pos3d_rmse_m,352,0.6112124281687549,0.6120564514272313
Barcelona + AE86,mean,pos3d_rmse_m,354,0.6066821714034049,0.6112124281687549
Barcelona + AE86,mean,pos3d_rmse_m,355,0.6027017020604344,0.6066821714034049
Barcelona + AE86,mean,pos3d_rmse_m,357,0.599747513384685,0.6027017020604344
Barcelona + AE86,mean,pos3d_rmse_m,358,0.5968285986932664,0.599747513384685
Barcelona + AE86,mean,pos3d_rmse_m,360,0.5946351367027476,0.5968285986932664
Barcelona + AE86,mean,pos3d_rmse_m,362,0.5876264280536524,0.5946351367027476
Barcelona + AE86,mean,pos3d_rmse_m,363,0.5860130378801214,0.5876264280536524
Barcelona + AE86,mean,pos3d_rmse_m,365,0.5818356080463719,0.5860130378801214
Barcelona + AE86,mean,pos3d_rmse_m,367,0.5803851667302647,0.5818356080463719
Barcelona + AE86,mean,pos3d_rmse_m,369,0.5728644924037699,0.5803851667302647
Barcelona + AE86,mean,pos3d_rmse_m,370,0.5728099684167745,0.5728644924037699
Barcelona + AE86,mean,pos3d_rmse_m,372,0.572153179914284,0.5728099684167745
Barcelona + AE86,mean,pos3d_rmse_m,374,0.5618910793006574,0.572153179914284
Barcelona + AE86,mean,pos3d_rmse_m,376,0.5613884553119437,0.5618910793006574
Barcelona + AE86,mean,pos3d_rmse_m,378,0.5549214459154637,0.5613884553119437
Barcelona + AE86,mean,pos3d_rmse_m,382,0.5503737687414343,0.5549214459154637
Barcelona + AE86,mean,pos3d_rmse_m,383,0.5472699234990877,0.5503737687414343
Barcelona + AE86,mean,pos3d_rmse_m,384,0.5424547442633846,0.5472699234990877
Barcelona + AE86,mean,pos3d_rmse_m,386,0.5408453857540663,0.5424547442633846
Barcelona + AE86,mean,pos3d_rmse_m,388,0.5370407216562365,0.5408453857540663
Barcelona + AE86,mean,pos3d_rmse_m,389,0.534664053962663,0.5370407216562365
Barcelona + AE86,mean,pos3d_rmse_m,392,0.5286948409065632,0.534664053962663
Barcelona + AE86,mean,pos3d_rmse_m,396,0.5202526192747491,0.5286948409065632
Barcelona + AE86,mean,pos3d_rmse_m,401,0.5115519647243238,0.5202526192747491
Barcelona + AE86,mean,pos3d_rmse_m,403,0.5097717974328014,0.5115519647243238
Barcelona + AE86,mean,pos3d_rmse_m,406,0.5035368665994463,0.5097717974328014
Barcelona + AE86,mean,pos3d_rmse_m,407,0.5021711543095824,0.5035368665994463
Barcelona + AE86,mean,pos3d_rmse_m,408,0.4985385467741347,0.5021711543095824
Barcelona + AE86,mean,pos3d_rmse_m,413,0.49618180258750405,0.4985385467741347
Barcelona + AE86,mean,pos3d_rmse_m,414,0.4922901536751847,0.49618180258750405
Barcelona + AE86,mean,pos3d_rmse_m,415,0.4872463660333053,0.4922901536751847
Barcelona + AE86,mean,pos3d_rmse_m,418,0.4861986022195323,0.4872463660333053
Barcelona + AE86,mean,pos3d_rmse_m,419,0.48600847446407336,0.4861986022195323
Barcelona + AE86,mean,pos3d_rmse_m,420,0.4835646385584992,0.48600847446407336
Barcelona + AE86,mean,pos3d_rmse_m,421,0.48002696205675466,0.4835646385584992
Barcelona + AE86,mean,pos3d_rmse_m,423,0.47679823559462825,0.48002696205675466
Barcelona + AE86,mean,pos3d_rmse_m,424,0.4757952611696026,0.47679823559462825
Barcelona + AE86,mean,pos3d_rmse_m,426,0.4747746913199466,0.4757952611696026
Barcelona + AE86,mean,pos3d_rmse_m,427,0.467656845735457,0.4747746913199466
Barcelona + AE86,mean,pos3d_rmse_m,428,0.4662474759189313,0.467656845735457
Barcelona + AE86,mean,pos3d_rmse_m,430,0.4638182875624699,0.4662474759189313
Barcelona + AE86,mean,pos3d_rmse_m,432,0.4615118940795328,0.4638182875624699
Barcelona + AE86,mean,pos3d_rmse_m,436,0.4595398743961315,0.4615118940795328
Barcelona + AE86,mean,pos3d_rmse_m,437,0.4531704662578071,0.4595398743961315
Barcelona + AE86,mean,pos3d_rmse_m,441,0.4472702996551928,0.4531704662578071
Barcelona + AE86,mean,pos3d_rmse_m,444,0.44588397397614477,0.4472702996551928
Barcelona + AE86,mean,pos3d_rmse_m,445,0.4446111075352648,0.44588397397614477
Barcelona + AE86,mean,pos3d_rmse_m,446,0.4416977133732701,0.4446111075352648
Barcelona + AE86,mean,pos3d_rmse_m,448,0.4374972442726012,0.4416977133732701
Barcelona + AE86,mean,pos3d_rmse_m,452,0.4363360128282608,0.4374972442726012
Barcelona + AE86,mean,pos3d_rmse_m,453,0.4349122144643113,0.4363360128282608
Barcelona + AE86,mean,pos3d_rmse_m,454,0.43178193277266613,0.4349122144643113
Barcelona + AE86,mean,pos3d_rmse_m,456,0.42754048447058984,0.43178193277266613
Barcelona + AE86,mean,pos3d_rmse_m,457,0.42627417655939925,0.42754048447058984
Barcelona + AE86,mean,pos3d_rmse_m,460,0.42292953635146824,0.42627417655939925
Barcelona + AE86,mean,pos3d_rmse_m,461,0.42012053502638513,0.42292953635146824
Barcelona + AE86,mean,pos3d_rmse_m,462,0.41760125916054647,0.42012053502638513
Barcelona + AE86,mean,pos3d_rmse_m,466,0.41550567953163214,0.41760125916054647
Barcelona + AE86,mean,pos3d_rmse_m,467,0.41502696413835743,0.41550567953163214
Barcelona + AE86,mean,pos3d_rmse_m,468,0.4118172489915819,0.41502696413835743
Barcelona + AE86,mean,pos3d_rmse_m,470,0.4092475689021567,0.4118172489915819
Barcelona + AE86,mean,pos3d_rmse_m,473,0.40645675116409785,0.4092475689021567
Barcelona + AE86,mean,pos3d_rmse_m,474,0.40481529546090605,0.40645675116409785
Barcelona + AE86,mean,pos3d_rmse_m,476,0.40075475348281075,0.40481529546090605
Barcelona + AE86,mean,pos3d_rmse_m,478,0.40075474801801103,0.40075475348281075
Barcelona + AE86,mean,pos3d_rmse_m,480,0.39473328729610485,0.40075474801801103
Barcelona + AE86,mean,pos3d_rmse_m,482,0.39466993719873933,0.39473328729610485
Barcelona + AE86,mean,pos3d_rmse_m,484,0.39062661379833025,0.39466993719873933
Barcelona + AE86,mean,pos3d_rmse_m,488,0.386602816776796,0.39062661379833025
Barcelona + AE86,mean,pos3d_rmse_m,489,0.38595905983802997,0.386602816776796
Barcelona + AE86,mean,pos3d_rmse_m,490,0.3843320824409183,0.38595905983802997
Barcelona + AE86,mean,pos3d_rmse_m,491,0.38329669645338516,0.3843320824409183
Barcelona + AE86,mean,pos3d_rmse_m,493,0.38196511733560373,0.38329669645338516
Barcelona + AE86,mean,pos3d_rmse_m,494,0.38020749069697374,0.38196511733560373
Barcelona + AE86,mean,pos3d_rmse_m,497,0.37609164984454113,0.38020749069697374
Barcelona + AE86,mean,pos3d_rmse_m,498,0.3753132019516763,0.37609164984454113
Barcelona + AE86,mean,pos3d_rmse_m,500,0.0,0.3753132019516763
Barcelona + AE86,mean,pos3d_finalae_m,103,22.853733078915305,inf
Barcelona + AE86,mean,pos3d_finalae_m,118,4.770446754326732,22.853733078915305
Barcelona + AE86,mean,pos3d_finalae_m,126,4.626347381970706,4.770446754326732
Barcelona + AE86,mean,pos3d_finalae_m,132,3.736854086238562,4.626347381970706
Barcelona + AE86,mean,pos3d_finalae_m,134,3.3235907410643017,3.736854086238562
Barcelona + AE86,mean,pos3d_finalae_m,143,2.5614821396754914,3.3235907410643017
Barcelona + AE86,mean,pos3d_finalae_m,149,2.167911901240986,2.5614821396754914
Barcelona + AE86,mean,pos3d_finalae_m,156,2.0886308384430317,2.167911901240986
Barcelona + AE86,mean,pos3d_finalae_m,157,2.065084405172845,2.0886308384430317
Barcelona + AE86,mean,pos3d_finalae_m,161,1.92432344472008,2.065084405172845
Barcelona + AE86,mean,pos3d_finalae_m,165,1.8807363339005654,1.92432344472008
Barcelona + AE86,mean,pos3d_finalae_m,171,1.6780342981214675,1.8807363339005654
Barcelona + AE86,mean,pos3d_finalae_m,177,1.500636798208025,1.6780342981214675
Barcelona + AE86,mean,pos3d_finalae_m,182,1.4076659039585457,1.500636798208025
Barcelona + AE86,mean,pos3d_finalae_m,187,1.4059514356728406,1.4076659039585457
Barcelona + AE86,mean,pos3d_finalae_m,195,1.3960379283846023,1.4059514356728406
Barcelona + AE86,mean,pos3d_finalae_m,196,1.2809541841698657,1.3960379283846023
Barcelona + AE86,mean,pos3d_finalae_m,206,1.2136633583257794,1.2809541841698657
Barcelona + AE86,mean,pos3d_finalae_m,214,1.1195570218889446,1.2136633583257794
Barcelona + AE86,mean,pos3d_finalae_m,226,1.0625559937016877,1.1195570218889446
Barcelona + AE86,mean,pos3d_finalae_m,229,1.0286235065885105,1.0625559937016877
Barcelona + AE86,mean,pos3d_finalae_m,233,1.0126176908722488,1.0286235065885105
Barcelona + AE86,mean,pos3d_finalae_m,243,0.9701368748091825,1.0126176908722488
Barcelona + AE86,mean,pos3d_finalae_m,249,0.9371348878769159,0.9701368748091825
Barcelona + AE86,mean,pos3d_finalae_m,258,0.914761663755096,0.9371348878769159
Barcelona + AE86,mean,pos3d_finalae_m,262,0.8875489137235401,0.914761663755096
Barcelona + AE86,mean,pos3d_finalae_m,269,0.87559644869271,0.8875489137235401
Barcelona + AE86,mean,pos3d_finalae_m,280,0.8371310277142281,0.87559644869271
Barcelona + AE86,mean,pos3d_finalae_m,283,0.8277176378547398,0.8371310277142281
Barcelona + AE86,mean,pos3d_finalae_m,290,0.7974961521402104,0.8277176378547398
Barcelona + AE86,mean,pos3d_finalae_m,299,0.7696144756759243,0.7974961521402104
Barcelona + AE86,mean,pos3d_finalae_m,311,0.7533976248740355,0.7696144756759243
Barcelona + AE86,mean,pos3d_finalae_m,318,0.7403702474975595,0.7533976248740355
Barcelona + AE86,mean,pos3d_finalae_m,324,0.7356763730553835,0.7403702474975595
Barcelona + AE86,mean,pos3d_finalae_m,328,0.702236211965545,0.7356763730553835
Barcelona + AE86,mean,pos3d_finalae_m,332,0.7000183156763621,0.702236211965545
Barcelona + AE86,mean,pos3d_finalae_m,341,0.6914300769985046,0.7000183156763621
Barcelona + AE86,mean,pos3d_finalae_m,343,0.6894127435292302,0.6914300769985046
Barcelona + AE86,mean,pos3d_finalae_m,347,0.6640185745411095,0.6894127435292302
Barcelona + AE86,mean,pos3d_finalae_m,353,0.6529906139468254,0.6640185745411095
Barcelona + AE86,mean,pos3d_finalae_m,362,0.6336277118668491,0.6529906139468254
Barcelona + AE86,mean,pos3d_finalae_m,372,0.6100766906256262,0.6336277118668491
Barcelona + AE86,mean,pos3d_finalae_m,381,0.5897121266847325,0.6100766906256262
Barcelona + AE86,mean,pos3d_finalae_m,391,0.57167020526793,0.5897121266847325
Barcelona + AE86,mean,pos3d_finalae_m,399,0.5459728799817399,0.57167020526793
Barcelona + AE86,mean,pos3d_finalae_m,410,0.5415958220437994,0.5459728799817399
Barcelona + AE86,mean,pos3d_finalae_m,414,0.5210550224362949,0.5415958220437994
Barcelona + AE86,mean,pos3d_finalae_m,418,0.5198181886744722,0.5210550224362949
Barcelona + AE86,mean,pos3d_finalae_m,424,0.5075773046605135,0.5198181886744722
Barcelona + AE86,mean,pos3d_finalae_m,425,0.5045957599987518,0.5075773046605135
Barcelona + AE86,mean,pos3d_finalae_m,435,0.4862004842207264,0.5045957599987518
Barcelona + AE86,mean,pos3d_finalae_m,441,0.4774046350717292,0.4862004842207264
Barcelona + AE86,mean,pos3d_finalae_m,449,0.4732384628533876,0.4774046350717292
Barcelona + AE86,mean,pos3d_finalae_m,452,0.47220086157348645,0.4732384628533876
Barcelona + AE86,mean,pos3d_finalae_m,453,0.45983354482338523,0.47220086157348645
Barcelona + AE86,mean,pos3d_finalae_m,457,0.45552951115537815,0.45983354482338523
Barcelona + AE86,mean,pos3d_finalae_m,467,0.43859242947056193,0.45552951115537815
Barcelona + AE86,mean,pos3d_finalae_m,472,0.42852003362607616,0.43859242947056193
Barcelona + AE86,mean,pos3d_finalae_m,481,0.4209603177164403,0.42852003362607616
Barcelona + AE86,mean,pos3d_finalae_m,487,0.4136344127506294,0.4209603177164403
Barcelona + AE86,mean,pos3d_finalae_m,493,0.40333505119836666,0.4136344127506294
Barcelona + AE86,mean,pos3d_finalae_m,496,0.40283762431609016,0.40333505119836666
Barcelona + AE86,mean,pos3d_finalae_m,499,0.38742077130501446,0.40283762431609016
Barcelona + AE86,mean,pos3d_finalae_m,500,0.0,0.38742077130501446
Barcelona + AE86,mean,speedKmh_rmse,1,4.059181812351245,inf
Barcelona + AE86,mean,speedKmh_rmse,5,3.705387259255762,4.059181812351245
Barcelona + AE86,mean,speedKmh_rmse,6,2.1802324356688083,3.705387259255762
Barcelona + AE86,mean,speedKmh_rmse,7,1.5151681905758967,2.1802324356688083
Barcelona + AE86,mean,speedKmh_rmse,8,1.2810049378278532,1.5151681905758967
Barcelona + AE86,mean,speedKmh_rmse,9,1.097616978939163,1.2810049378278532
Barcelona + AE86,mean,speedKmh_rmse,10,1.0789827904595897,1.097616978939163
Barcelona + AE86,mean,speedKmh_rmse,339,1.075697486676142,1.0789827904595897
Barcelona + AE86,mean,speedKmh_rmse,342,1.069947729193518,1.075697486676142
Barcelona + AE86,mean,speedKmh_rmse,344,1.0561466066127274,1.069947729193518
Barcelona + AE86,mean,speedKmh_rmse,349,1.0337774811323337,1.0561466066127274
Barcelona + AE86,mean,speedKmh_rmse,350,1.0294636537826432,1.0337774811323337
Barcelona + AE86,mean,speedKmh_rmse,352,1.0280878080185392,1.0294636537826432
Barcelona + AE86,mean,speedKmh_rmse,354,1.021432148401357,1.0280878080185392
Barcelona + AE86,mean,speedKmh_rmse,355,1.0130630711033815,1.021432148401357
Barcelona + AE86,mean,speedKmh_rmse,357,1.0080888038094784,1.0130630711033815
Barcelona + AE86,mean,speedKmh_rmse,358,1.0018814709968533,1.0080888038094784
Barcelona + AE86,mean,speedKmh_rmse,360,0.9978816798836051,1.0018814709968533
Barcelona + AE86,mean,speedKmh_rmse,362,0.9865879881619266,0.9978816798836051
Barcelona + AE86,mean,speedKmh_rmse,363,0.9832777686652395,0.9865879881619266
Barcelona + AE86,mean,speedKmh_rmse,365,0.9764961552388706,0.9832777686652395
Barcelona + AE86,mean,speedKmh_rmse,366,0.9764138266230513,0.9764961552388706
Barcelona + AE86,mean,speedKmh_rmse,367,0.9734859835605413,0.9764138266230513
Barcelona + AE86,mean,speedKmh_rmse,369,0.9595785110295737,0.9734859835605413
Barcelona + AE86,mean,speedKmh_rmse,370,0.958949309954146,0.9595785110295737
Barcelona + AE86,mean,speedKmh_rmse,372,0.9578009372737704,0.958949309954146
Barcelona + AE86,mean,speedKmh_rmse,374,0.9412418594963998,0.9578009372737704
Barcelona + AE86,mean,speedKmh_rmse,376,0.9402663151860629,0.9412418594963998
Barcelona + AE86,mean,speedKmh_rmse,378,0.9284791615310676,0.9402663151860629
Barcelona + AE86,mean,speedKmh_rmse,382,0.9230224290268122,0.9284791615310676
Barcelona + AE86,mean,speedKmh_rmse,383,0.9181926217164654,0.9230224290268122
Barcelona + AE86,mean,speedKmh_rmse,384,0.9083541517361242,0.9181926217164654
Barcelona + AE86,mean,speedKmh_rmse,386,0.906155382373697,0.9083541517361242
Barcelona + AE86,mean,speedKmh_rmse,388,0.8995227687391674,0.906155382373697
Barcelona + AE86,mean,speedKmh_rmse,389,0.8944411224187546,0.8995227687391674
Barcelona + AE86,mean,speedKmh_rmse,392,0.8855045809686726,0.8944411224187546
Barcelona + AE86,mean,speedKmh_rmse,396,0.8713363284655594,0.8855045809686726
Barcelona + AE86,mean,speedKmh_rmse,401,0.8576292159730192,0.8713363284655594
Barcelona + AE86,mean,speedKmh_rmse,403,0.8550325943007651,0.8576292159730192
Barcelona + AE86,mean,speedKmh_rmse,406,0.8453350195739855,0.8550325943007651
Barcelona + AE86,mean,speedKmh_rmse,407,0.8434010378983916,0.8453350195739855
Barcelona + AE86,mean,speedKmh_rmse,408,0.8375974638808189,0.8434010378983916
Barcelona + AE86,mean,speedKmh_rmse,413,0.8338679330999303,0.8375974638808189
Barcelona + AE86,mean,speedKmh_rmse,414,0.8289624990914713,0.8338679330999303
Barcelona + AE86,mean,speedKmh_rmse,415,0.8223887891171225,0.8289624990914713
Barcelona + AE86,mean,speedKmh_rmse,421,0.8193226260240697,0.8223887891171225
Barcelona + AE86,mean,speedKmh_rmse,423,0.8175689324800001,0.8193226260240697
Barcelona + AE86,mean,speedKmh_rmse,427,0.8072187014537681,0.8175689324800001
Barcelona + AE86,mean,speedKmh_rmse,428,0.8066820214115697,0.8072187014537681
Barcelona + AE86,mean,speedKmh_rmse,430,0.8059243421962519,0.8066820214115697
Barcelona + AE86,mean,speedKmh_rmse,432,0.8052977024443674,0.8059243421962519
Barcelona + AE86,mean,speedKmh_rmse,437,0.7984758257441785,0.8052977024443674
Barcelona + AE86,mean,speedKmh_rmse,441,0.7940447808010882,0.7984758257441785
Barcelona + AE86,mean,speedKmh_rmse,446,0.7910753267861682,0.7940447808010882
Barcelona + AE86,mean,speedKmh_rmse,448,0.7879629798914991,0.7910753267861682
Barcelona + AE86,mean,speedKmh_rmse,454,0.7845985461819991,0.7879629798914991
Barcelona + AE86,mean,speedKmh_rmse,456,0.7780412061145294,0.7845985461819991
Barcelona + AE86,mean,speedKmh_rmse,460,0.7746755674135146,0.7780412061145294
Barcelona + AE86,mean,speedKmh_rmse,461,0.7715042418781518,0.7746755674135146
Barcelona + AE86,mean,speedKmh_rmse,462,0.7696432263734858,0.7715042418781518
Barcelona + AE86,mean,speedKmh_rmse,468,0.7667216394765263,0.7696432263734858
Barcelona + AE86,mean,speedKmh_rmse,470,0.765845743778506,0.7667216394765263
Barcelona + AE86,mean,speedKmh_rmse,473,0.7641128299437229,0.765845743778506
Barcelona + AE86,mean,speedKmh_rmse,474,0.7634416677045415,0.7641128299437229
Barcelona + AE86,mean,speedKmh_rmse,476,0.7604105917748888,0.7634416677045415
Barcelona + AE86,mean,speedKmh_rmse,480,0.7545523211512625,0.7604105917748888
Barcelona + AE86,mean,speedKmh_rmse,484,0.7523041145498728,0.7545523211512625
Barcelona + AE86,mean,speedKmh_rmse,488,0.7485470927430645,0.7523041145498728
Barcelona + AE86,mean,speedKmh_rmse,490,0.7461700871875023,0.7485470927430645
Barcelona + AE86,mean,speedKmh_rmse,491,0.7460762901988333,0.7461700871875023
Barcelona + AE86,mean,speedKmh_rmse,493,0.745472784039907,0.7460762901988333
Barcelona + AE86,mean,speedKmh_rmse,494,0.7445386793932417,0.745472784039907
Barcelona + AE86,mean,speedKmh_rmse,497,0.7391738477178508,0.7445386793932417
Barcelona + AE86,mean,speedKmh_rmse,500,0.0,0.7391738477178508
Barcelona + AE86,mean,attitude_mean_mae_deg,1,5.243172093510639,inf
Barcelona + AE86,mean,attitude_mean_mae_deg,21,4.388551847636655,5.243172093510639
Barcelona + AE86,mean,attitude_mean_mae_deg,22,3.2746537007406724,4.388551847636655
Barcelona + AE86,mean,attitude_mean_mae_deg,23,2.6353242396302314,3.2746537007406724
Barcelona + AE86,mean,attitude_mean_mae_deg,24,2.1534279675050594,2.6353242396302314
Barcelona + AE86,mean,attitude_mean_mae_deg,25,1.8046852674762415,2.1534279675050594
Barcelona + AE86,mean,attitude_mean_mae_deg,26,1.5717920669797625,1.8046852674762415
Barcelona + AE86,mean,attitude_mean_mae_deg,27,1.3961549566709526,1.5717920669797625
Barcelona + AE86,mean,attitude_mean_mae_deg,28,1.2631852505719356,1.3961549566709526
Barcelona + AE86,mean,attitude_mean_mae_deg,29,1.1832950756854521,1.2631852505719356
Barcelona + AE86,mean,attitude_mean_mae_deg,30,1.138436672332486,1.1832950756854521
Barcelona + AE86,mean,attitude_mean_mae_deg,332,1.1292042208865551,1.138436672332486
Barcelona + AE86,mean,attitude_mean_mae_deg,333,1.129104978721355,1.1292042208865551
Barcelona + AE86,mean,attitude_mean_mae_deg,335,1.112828270613277,1.129104978721355
Barcelona + AE86,mean,attitude_mean_mae_deg,338,1.094211589613932,1.112828270613277
Barcelona + AE86,mean,attitude_mean_mae_deg,339,1.0853303868432507,1.094211589613932
Barcelona + AE86,mean,attitude_mean_mae_deg,342,1.0748262121055348,1.0853303868432507
Barcelona + AE86,mean,attitude_mean_mae_deg,344,1.0553765841908682,1.0748262121055348
Barcelona + AE86,mean,attitude_mean_mae_deg,347,1.0545579886467933,1.0553765841908682
Barcelona + AE86,mean,attitude_mean_mae_deg,349,1.0274171138085257,1.0545579886467933
Barcelona + AE86,mean,attitude_mean_mae_deg,350,1.0207576510506975,1.0274171138085257
Barcelona + AE86,mean,attitude_mean_mae_deg,352,1.016155472664142,1.0207576510506975
Barcelona + AE86,mean,attitude_mean_mae_deg,354,1.0072665043503808,1.016155472664142
Barcelona + AE86,mean,attitude_mean_mae_deg,355,0.996944183773298,1.0072665043503808
Barcelona + AE86,mean,attitude_mean_mae_deg,356,0.9966071352546871,0.996944183773298
Barcelona + AE86,mean,attitude_mean_mae_deg,357,0.989564950162981,0.9966071352546871
Barcelona + AE86,mean,attitude_mean_mae_deg,358,0.9810844247741999,0.989564950162981
Barcelona + AE86,mean,attitude_mean_mae_deg,360,0.9737858185020621,0.9810844247741999
Barcelona + AE86,mean,attitude_mean_mae_deg,362,0.960151634320697,0.9737858185020621
Barcelona + AE86,mean,attitude_mean_mae_deg,363,0.954336769404769,0.960151634320697
Barcelona + AE86,mean,attitude_mean_mae_deg,365,0.9453453691229912,0.954336769404769
Barcelona + AE86,mean,attitude_mean_mae_deg,366,0.9433679209816795,0.9453453691229912
Barcelona + AE86,mean,attitude_mean_mae_deg,367,0.9382757680301425,0.9433679209816795
Barcelona + AE86,mean,attitude_mean_mae_deg,369,0.922248589403616,0.9382757680301425
Barcelona + AE86,mean,attitude_mean_mae_deg,370,0.9194036276849334,0.922248589403616
Barcelona + AE86,mean,attitude_mean_mae_deg,372,0.9152974309417007,0.9194036276849334
Barcelona + AE86,mean,attitude_mean_mae_deg,374,0.896522769239452,0.9152974309417007
Barcelona + AE86,mean,attitude_mean_mae_deg,376,0.8929991320314403,0.896522769239452
Barcelona + AE86,mean,attitude_mean_mae_deg,378,0.8780621380618663,0.8929991320314403
Barcelona + AE86,mean,attitude_mean_mae_deg,382,0.8699109984930664,0.8780621380618663
Barcelona + AE86,mean,attitude_mean_mae_deg,383,0.8641081098264023,0.8699109984930664
Barcelona + AE86,mean,attitude_mean_mae_deg,384,0.8529841601586529,0.8641081098264023
Barcelona + AE86,mean,attitude_mean_mae_deg,386,0.8486246674163243,0.8529841601586529
Barcelona + AE86,mean,attitude_mean_mae_deg,388,0.8405966554211164,0.8486246674163243
Barcelona + AE86,mean,attitude_mean_mae_deg,389,0.833862145801784,0.8405966554211164
Barcelona + AE86,mean,attitude_mean_mae_deg,390,0.8332292200472486,0.833862145801784
Barcelona + AE86,mean,attitude_mean_mae_deg,392,0.8210918099145756,0.8332292200472486
Barcelona + AE86,mean,attitude_mean_mae_deg,396,0.8043427728296599,0.8210918099145756
Barcelona + AE86,mean,attitude_mean_mae_deg,398,0.8023529425141676,0.8043427728296599
Barcelona + AE86,mean,attitude_mean_mae_deg,401,0.7872040806092531,0.8023529425141676
Barcelona + AE86,mean,attitude_mean_mae_deg,402,0.786786941229551,0.7872040806092531
Barcelona + AE86,mean,attitude_mean_mae_deg,403,0.7819589747545101,0.786786941229551
Barcelona + AE86,mean,attitude_mean_mae_deg,406,0.771221637539357,0.7819589747545101
Barcelona + AE86,mean,attitude_mean_mae_deg,407,0.7683665875923421,0.771221637539357
Barcelona + AE86,mean,attitude_mean_mae_deg,408,0.7609329220632396,0.7683665875923421
Barcelona + AE86,mean,attitude_mean_mae_deg,411,0.7598650450006718,0.7609329220632396
Barcelona + AE86,mean,attitude_mean_mae_deg,413,0.754308075055739,0.7598650450006718
Barcelona + AE86,mean,attitude_mean_mae_deg,414,0.7492252716603357,0.754308075055739
Barcelona + AE86,mean,attitude_mean_mae_deg,415,0.7398168200869251,0.7492252716603357
Barcelona + AE86,mean,attitude_mean_mae_deg,418,0.7373291095839388,0.7398168200869251
Barcelona + AE86,mean,attitude_mean_mae_deg,419,0.7370661633923901,0.7373291095839388
Barcelona + AE86,mean,attitude_mean_mae_deg,420,0.732220960525198,0.7370661633923901
Barcelona + AE86,mean,attitude_mean_mae_deg,421,0.7259598836446969,0.732220960525198
Barcelona + AE86,mean,attitude_mean_mae_deg,423,0.720037249653496,0.7259598836446969
Barcelona + AE86,mean,attitude_mean_mae_deg,424,0.718686454489539,0.720037249653496
Barcelona + AE86,mean,attitude_mean_mae_deg,426,0.7166659992014895,0.718686454489539
Barcelona + AE86,mean,attitude_mean_mae_deg,427,0.7051432197043362,0.7166659992014895
Barcelona + AE86,mean,attitude_mean_mae_deg,428,0.702508309241178,0.7051432197043362
Barcelona + AE86,mean,attitude_mean_mae_deg,430,0.6989112562638947,0.702508309241178
Barcelona + AE86,mean,attitude_mean_mae_deg,432,0.6935280266360891,0.6989112562638947
Barcelona + AE86,mean,attitude_mean_mae_deg,434,0.6934681664711149,0.6935280266360891
Barcelona + AE86,mean,attitude_mean_mae_deg,436,0.6901926707797378,0.6934681664711149
Barcelona + AE86,mean,attitude_mean_mae_deg,437,0.6797059797278195,0.6901926707797378
Barcelona + AE86,mean,attitude_mean_mae_deg,438,0.6792759055581203,0.6797059797278195
Barcelona + AE86,mean,attitude_mean_mae_deg,441,0.6695984513537204,0.6792759055581203
Barcelona + AE86,mean,attitude_mean_mae_deg,444,0.6672830152017037,0.6695984513537204
Barcelona + AE86,mean,attitude_mean_mae_deg,445,0.6649478470651055,0.6672830152017037
Barcelona + AE86,mean,attitude_mean_mae_deg,446,0.6599462627566012,0.6649478470651055
Barcelona + AE86,mean,attitude_mean_mae_deg,448,0.6523165586879616,0.6599462627566012
Barcelona + AE86,mean,attitude_mean_mae_deg,452,0.6500842657576597,0.6523165586879616
Barcelona + AE86,mean,attitude_mean_mae_deg,453,0.6481609619840486,0.6500842657576597
Barcelona + AE86,mean,attitude_mean_mae_deg,454,0.6434091669959031,0.6481609619840486
Barcelona + AE86,mean,attitude_mean_mae_deg,456,0.6364444676447889,0.6434091669959031
Barcelona + AE86,mean,attitude_mean_mae_deg,457,0.6345915651557846,0.6364444676447889
Barcelona + AE86,mean,attitude_mean_mae_deg,458,0.6345077699105699,0.6345915651557846
Barcelona + AE86,mean,attitude_mean_mae_deg,460,0.6295687270151048,0.6345077699105699
Barcelona + AE86,mean,attitude_mean_mae_deg,461,0.6258309698794262,0.6295687270151048
Barcelona + AE86,mean,attitude_mean_mae_deg,462,0.6210450366293189,0.6258309698794262
Barcelona + AE86,mean,attitude_mean_mae_deg,466,0.6176965556311586,0.6210450366293189
Barcelona + AE86,mean,attitude_mean_mae_deg,468,0.6123917368901737,0.6176965556311586
Barcelona + AE86,mean,attitude_mean_mae_deg,470,0.6083382870750752,0.6123917368901737
Barcelona + AE86,mean,attitude_mean_mae_deg,473,0.6045293544487802,0.6083382870750752
Barcelona + AE86,mean,attitude_mean_mae_deg,474,0.6021120683110049,0.6045293544487802
Barcelona + AE86,mean,attitude_mean_mae_deg,476,0.5964752469759659,0.6021120683110049
Barcelona + AE86,mean,attitude_mean_mae_deg,478,0.5960257615735856,0.5964752469759659
Barcelona + AE86,mean,attitude_mean_mae_deg,480,0.5873800128872106,0.5960257615735856
Barcelona + AE86,mean,attitude_mean_mae_deg,484,0.5814135238261063,0.5873800128872106
Barcelona + AE86,mean,attitude_mean_mae_deg,488,0.5758965405894818,0.5814135238261063
Barcelona + AE86,mean,attitude_mean_mae_deg,489,0.5749735373388893,0.5758965405894818
Barcelona + AE86,mean,attitude_mean_mae_deg,490,0.5723637676213994,0.5749735373388893
Barcelona + AE86,mean,attitude_mean_mae_deg,491,0.5708724885001667,0.5723637676213994
Barcelona + AE86,mean,attitude_mean_mae_deg,493,0.5689481259737008,0.5708724885001667
Barcelona + AE86,mean,attitude_mean_mae_deg,494,0.5664443796985307,0.5689481259737008
Barcelona + AE86,mean,attitude_mean_mae_deg,497,0.5605914703638872,0.5664443796985307
Barcelona + AE86,mean,attitude_mean_mae_deg,498,0.5595940704178968,0.5605914703638872
Barcelona + AE86,mean,attitude_mean_mae_deg,500,0.0,0.5595940704178968
Barcelona + AE86,mean,SlipAngle_mean_rmse,8,2.975345889863277,inf
Barcelona + AE86,mean,SlipAngle_mean_rmse,9,1.6116372276711581,2.975345889863277
Barcelona + AE86,mean,SlipAngle_mean_rmse,254,1.6110609847361639,1.6116372276711581
Barcelona + AE86,mean,SlipAngle_mean_rmse,255,1.6010456373500659,1.6110609847361639
Barcelona + AE86,mean,SlipAngle_mean_rmse,256,1.5857995847196287,1.6010456373500659
Barcelona + AE86,mean,SlipAngle_mean_rmse,257,1.5628416777771956,1.5857995847196287
Barcelona + AE86,mean,SlipAngle_mean_rmse,258,1.542656536585859,1.5628416777771956
Barcelona + AE86,mean,SlipAngle_mean_rmse,259,1.5113866242857585,1.542656536585859
Barcelona + AE86,mean,SlipAngle_mean_rmse,260,1.4846028966620726,1.5113866242857585
Barcelona + AE86,mean,SlipAngle_mean_rmse,261,1.461023583849156,1.4846028966620726
Barcelona + AE86,mean,SlipAngle_mean_rmse,262,1.4456745210610695,1.461023583849156
Barcelona + AE86,mean,SlipAngle_mean_rmse,263,1.4251422052665799,1.4456745210610695
Barcelona + AE86,mean,SlipAngle_mean_rmse,264,1.4197214214699543,1.4251422052665799
Barcelona + AE86,mean,SlipAngle_mean_rmse,265,1.4034238920629665,1.4197214214699543
Barcelona + AE86,mean,SlipAngle_mean_rmse,266,1.3800084733646116,1.4034238920629665
Barcelona + AE86,mean,SlipAngle_mean_rmse,268,1.3580640446749963,1.3800084733646116
Barcelona + AE86,mean,SlipAngle_mean_rmse,269,1.3514690983127635,1.3580640446749963
Barcelona + AE86,mean,SlipAngle_mean_rmse,270,1.2990070503770497,1.3514690983127635
Barcelona + AE86,mean,SlipAngle_mean_rmse,273,1.2791931017426448,1.2990070503770497
Barcelona + AE86,mean,SlipAngle_mean_rmse,274,1.2628292228319569,1.2791931017426448
Barcelona + AE86,mean,SlipAngle_mean_rmse,276,1.2448023618967061,1.2628292228319569
Barcelona + AE86,mean,SlipAngle_mean_rmse,278,1.2140338547720821,1.2448023618967061
Barcelona + AE86,mean,SlipAngle_mean_rmse,279,1.2046087485453725,1.2140338547720821
Barcelona + AE86,mean,SlipAngle_mean_rmse,280,1.1875186514320055,1.2046087485453725
Barcelona + AE86,mean,SlipAngle_mean_rmse,281,1.1814337493466245,1.1875186514320055
Barcelona + AE86,mean,SlipAngle_mean_rmse,282,1.1693888293255659,1.1814337493466245
Barcelona + AE86,mean,SlipAngle_mean_rmse,283,1.1581720479344388,1.1693888293255659
Barcelona + AE86,mean,SlipAngle_mean_rmse,284,1.15354184468681,1.1581720479344388
Barcelona + AE86,mean,SlipAngle_mean_rmse,285,1.1345609083580566,1.15354184468681
Barcelona + AE86,mean,SlipAngle_mean_rmse,286,1.1304697322924087,1.1345609083580566
Barcelona + AE86,mean,SlipAngle_mean_rmse,287,1.1208325957635341,1.1304697322924087
Barcelona + AE86,mean,SlipAngle_mean_rmse,289,1.0932294387423873,1.1208325957635341
Barcelona + AE86,mean,SlipAngle_mean_rmse,291,1.0810349926734735,1.0932294387423873
Barcelona + AE86,mean,SlipAngle_mean_rmse,292,1.0573773259640264,1.0810349926734735
Barcelona + AE86,mean,SlipAngle_mean_rmse,293,1.0504003232445154,1.0573773259640264
Barcelona + AE86,mean,SlipAngle_mean_rmse,294,1.0372528941653782,1.0504003232445154
Barcelona + AE86,mean,SlipAngle_mean_rmse,297,1.0203312026799347,1.0372528941653782
Barcelona + AE86,mean,SlipAngle_mean_rmse,298,1.0106783032207256,1.0203312026799347
Barcelona + AE86,mean,SlipAngle_mean_rmse,300,0.9861703979981035,1.0106783032207256
Barcelona + AE86,mean,SlipAngle_mean_rmse,301,0.9797128502163844,0.9861703979981035
Barcelona + AE86,mean,SlipAngle_mean_rmse,303,0.9689998944697681,0.9797128502163844
Barcelona + AE86,mean,SlipAngle_mean_rmse,306,0.9469191868441816,0.9689998944697681
Barcelona + AE86,mean,SlipAngle_mean_rmse,307,0.9456722545050911,0.9469191868441816
Barcelona + AE86,mean,SlipAngle_mean_rmse,308,0.9449766777360066,0.9456722545050911
Barcelona + AE86,mean,SlipAngle_mean_rmse,310,0.9292981103140636,0.9449766777360066
Barcelona + AE86,mean,SlipAngle_mean_rmse,311,0.9107392409572668,0.9292981103140636
Barcelona + AE86,mean,SlipAngle_mean_rmse,312,0.902087271015034,0.9107392409572668
Barcelona + AE86,mean,SlipAngle_mean_rmse,316,0.8840863085492944,0.902087271015034
Barcelona + AE86,mean,SlipAngle_mean_rmse,318,0.8773262654508055,0.8840863085492944
Barcelona + AE86,mean,SlipAngle_mean_rmse,319,0.8690122090130324,0.8773262654508055
Barcelona + AE86,mean,SlipAngle_mean_rmse,320,0.8637463514436644,0.8690122090130324
Barcelona + AE86,mean,SlipAngle_mean_rmse,321,0.8591419494806971,0.8637463514436644
Barcelona + AE86,mean,SlipAngle_mean_rmse,322,0.8498791422689554,0.8591419494806971
Barcelona + AE86,mean,SlipAngle_mean_rmse,324,0.8362796580531188,0.8498791422689554
Barcelona + AE86,mean,SlipAngle_mean_rmse,326,0.8266992010494136,0.8362796580531188
Barcelona + AE86,mean,SlipAngle_mean_rmse,327,0.8146216090888804,0.8266992010494136
Barcelona + AE86,mean,SlipAngle_mean_rmse,329,0.8138978650649541,0.8146216090888804
Barcelona + AE86,mean,SlipAngle_mean_rmse,330,0.8093383574908426,0.8138978650649541
Barcelona + AE86,mean,SlipAngle_mean_rmse,332,0.8032687638414783,0.8093383574908426
Barcelona + AE86,mean,SlipAngle_mean_rmse,333,0.80026854123095,0.8032687638414783
Barcelona + AE86,mean,SlipAngle_mean_rmse,335,0.7850991462767921,0.80026854123095
Barcelona + AE86,mean,SlipAngle_mean_rmse,338,0.7751068168921592,0.7850991462767921
Barcelona + AE86,mean,SlipAngle_mean_rmse,339,0.7718457353746506,0.7751068168921592
Barcelona + AE86,mean,SlipAngle_mean_rmse,342,0.7665033984879113,0.7718457353746506
Barcelona + AE86,mean,SlipAngle_mean_rmse,344,0.754351984395882,0.7665033984879113
Barcelona + AE86,mean,SlipAngle_mean_rmse,349,0.7347108325632362,0.754351984395882
Barcelona + AE86,mean,SlipAngle_mean_rmse,350,0.7329045320617552,0.7347108325632362
Barcelona + AE86,mean,SlipAngle_mean_rmse,354,0.7259643721045572,0.7329045320617552
Barcelona + AE86,mean,SlipAngle_mean_rmse,355,0.7219534307718531,0.7259643721045572
Barcelona + AE86,mean,SlipAngle_mean_rmse,357,0.7186517546496927,0.7219534307718531
Barcelona + AE86,mean,SlipAngle_mean_rmse,358,0.7120739429855449,0.7186517546496927
Barcelona + AE86,mean,SlipAngle_mean_rmse,360,0.7117036777470963,0.7120739429855449
Barcelona + AE86,mean,SlipAngle_mean_rmse,362,0.7037843039023052,0.7117036777470963
Barcelona + AE86,mean,SlipAngle_mean_rmse,363,0.7022317579322943,0.7037843039023052
Barcelona + AE86,mean,SlipAngle_mean_rmse,365,0.6969232637726188,0.7022317579322943
Barcelona + AE86,mean,SlipAngle_mean_rmse,366,0.6955311847149394,0.6969232637726188
Barcelona + AE86,mean,SlipAngle_mean_rmse,367,0.6922847186430932,0.6955311847149394
Barcelona + AE86,mean,SlipAngle_mean_rmse,369,0.6831062965351474,0.6922847186430932
Barcelona + AE86,mean,SlipAngle_mean_rmse,370,0.6825461271804215,0.6831062965351474
Barcelona + AE86,mean,SlipAngle_mean_rmse,372,0.6764145873394288,0.6825461271804215
Barcelona + AE86,mean,SlipAngle_mean_rmse,374,0.6654808014062259,0.6764145873394288
Barcelona + AE86,mean,SlipAngle_mean_rmse,378,0.6549616161017077,0.6654808014062259
Barcelona + AE86,mean,SlipAngle_mean_rmse,382,0.646239107533201,0.6549616161017077
Barcelona + AE86,mean,SlipAngle_mean_rmse,383,0.6403889993915549,0.646239107533201
Barcelona + AE86,mean,SlipAngle_mean_rmse,384,0.6368073373765868,0.6403889993915549
Barcelona + AE86,mean,SlipAngle_mean_rmse,386,0.6356416673887809,0.6368073373765868
Barcelona + AE86,mean,SlipAngle_mean_rmse,388,0.6283968490226177,0.6356416673887809
Barcelona + AE86,mean,SlipAngle_mean_rmse,389,0.6228803511965467,0.6283968490226177
Barcelona + AE86,mean,SlipAngle_mean_rmse,390,0.6216138557281385,0.6228803511965467
Barcelona + AE86,mean,SlipAngle_mean_rmse,392,0.6165935936106222,0.6216138557281385
Barcelona + AE86,mean,SlipAngle_mean_rmse,396,0.6076761043491211,0.6165935936106222
Barcelona + AE86,mean,SlipAngle_mean_rmse,401,0.5989244034328719,0.6076761043491211
Barcelona + AE86,mean,SlipAngle_mean_rmse,403,0.5960570315824814,0.5989244034328719
Barcelona + AE86,mean,SlipAngle_mean_rmse,404,0.5957799806537663,0.5960570315824814
Barcelona + AE86,mean,SlipAngle_mean_rmse,406,0.5889711032963065,0.5957799806537663
Barcelona + AE86,mean,SlipAngle_mean_rmse,408,0.5864154795501069,0.5889711032963065
Barcelona + AE86,mean,SlipAngle_mean_rmse,411,0.5863405751472937,0.5864154795501069
Barcelona + AE86,mean,SlipAngle_mean_rmse,413,0.5822797075891333,0.5863405751472937
Barcelona + AE86,mean,SlipAngle_mean_rmse,414,0.578544108420281,0.5822797075891333
Barcelona + AE86,mean,SlipAngle_mean_rmse,415,0.5738794338564858,0.578544108420281
Barcelona + AE86,mean,SlipAngle_mean_rmse,420,0.5696130395892456,0.5738794338564858
Barcelona + AE86,mean,SlipAngle_mean_rmse,421,0.5653355659200866,0.5696130395892456
Barcelona + AE86,mean,SlipAngle_mean_rmse,423,0.5621822510739628,0.5653355659200866
Barcelona + AE86,mean,SlipAngle_mean_rmse,427,0.5532435423194942,0.5621822510739628
Barcelona + AE86,mean,SlipAngle_mean_rmse,428,0.5524104081811292,0.5532435423194942
Barcelona + AE86,mean,SlipAngle_mean_rmse,430,0.5502101383109813,0.5524104081811292
Barcelona + AE86,mean,SlipAngle_mean_rmse,432,0.5464592614767809,0.5502101383109813
Barcelona + AE86,mean,SlipAngle_mean_rmse,437,0.5364265110750126,0.5464592614767809
Barcelona + AE86,mean,SlipAngle_mean_rmse,438,0.5361803052657597,0.5364265110750126
Barcelona + AE86,mean,SlipAngle_mean_rmse,441,0.5307606255728875,0.5361803052657597
Barcelona + AE86,mean,SlipAngle_mean_rmse,444,0.5295881333350502,0.5307606255728875
Barcelona + AE86,mean,SlipAngle_mean_rmse,445,0.5291095060869323,0.5295881333350502
Barcelona + AE86,mean,SlipAngle_mean_rmse,446,0.5268645080148248,0.5291095060869323
Barcelona + AE86,mean,SlipAngle_mean_rmse,448,0.5222887465377799,0.5268645080148248
Barcelona + AE86,mean,SlipAngle_mean_rmse,452,0.5217145772471943,0.5222887465377799
Barcelona + AE86,mean,SlipAngle_mean_rmse,454,0.5177029489561249,0.5217145772471943
Barcelona + AE86,mean,SlipAngle_mean_rmse,456,0.511312840342799,0.5177029489561249
Barcelona + AE86,mean,SlipAngle_mean_rmse,457,0.5108303994112517,0.511312840342799
Barcelona + AE86,mean,SlipAngle_mean_rmse,460,0.5080413193201894,0.5108303994112517
Barcelona + AE86,mean,SlipAngle_mean_rmse,461,0.5060249392868813,0.5080413193201894
Barcelona + AE86,mean,SlipAngle_mean_rmse,462,0.5018157067898434,0.5060249392868813
Barcelona + AE86,mean,SlipAngle_mean_rmse,463,0.5013405384305321,0.5018157067898434
Barcelona + AE86,mean,SlipAngle_mean_rmse,464,0.5000042987522049,0.5013405384305321
Barcelona + AE86,mean,SlipAngle_mean_rmse,465,0.4975660003240953,0.5000042987522049
Barcelona + AE86,mean,SlipAngle_mean_rmse,466,0.49346834633733544,0.4975660003240953
Barcelona + AE86,mean,SlipAngle_mean_rmse,467,0.4923483525206432,0.49346834633733544
Barcelona + AE86,mean,SlipAngle_mean_rmse,468,0.4863059721116635,0.4923483525206432
Barcelona + AE86,mean,SlipAngle_mean_rmse,470,0.48357832815113316,0.4863059721116635
Barcelona + AE86,mean,SlipAngle_mean_rmse,473,0.47981918963338405,0.48357832815113316
Barcelona + AE86,mean,SlipAngle_mean_rmse,474,0.47552315681944524,0.47981918963338405
Barcelona + AE86,mean,SlipAngle_mean_rmse,476,0.471986060010968,0.47552315681944524
Barcelona + AE86,mean,SlipAngle_mean_rmse,478,0.47184098362864946,0.471986060010968
Barcelona + AE86,mean,SlipAngle_mean_rmse,480,0.46645332549488866,0.47184098362864946
Barcelona + AE86,mean,SlipAngle_mean_rmse,484,0.4655208838341621,0.46645332549488866
Barcelona + AE86,mean,SlipAngle_mean_rmse,494,0.46548741721625836,0.4655208838341621
Barcelona + AE86,mean,SlipAngle_mean_rmse,497,0.46023416392829786,0.46548741721625836
Barcelona + AE86,mean,SlipAngle_mean_rmse,498,0.45939782880897656,0.46023416392829786
Barcelona + AE86,mean,SlipAngle_mean_rmse,500,0.0,0.45939782880897656
Barcelona + AE86,mean,grouped,6,67.30748850422336,inf
Barcelona + AE86,mean,grouped,7,3.673983347050248,67.30748850422336
Barcelona + AE86,mean,grouped,9,2.1836979550926614,3.673983347050248
Barcelona + AE86,mean,grouped,11,1.7472919808055343,2.1836979550926614
Barcelona + AE86,mean,grouped,12,1.7280586488361989,1.7472919808055343
Barcelona + AE86,mean,grouped,13,1.5566966137847615,1.7280586488361989
Barcelona + AE86,mean,grouped,14,1.466913918375359,1.5566966137847615
Barcelona + AE86,mean,grouped,233,1.4333986066268665,1.466913918375359
Barcelona + AE86,mean,grouped,237,1.432534822947825,1.4333986066268665
Barcelona + AE86,mean,grouped,238,1.4277871232378998,1.432534822947825
Barcelona + AE86,mean,grouped,239,1.4004413057773226,1.4277871232378998
Barcelona + AE86,mean,grouped,243,1.3766528699962797,1.4004413057773226
Barcelona + AE86,mean,grouped,244,1.365195117998089,1.3766528699962797
Barcelona + AE86,mean,grouped,246,1.3576880306225523,1.365195117998089
Barcelona + AE86,mean,grouped,249,1.321193229481284,1.3576880306225523
Barcelona + AE86,mean,grouped,252,1.3130247476663157,1.321193229481284
Barcelona + AE86,mean,grouped,254,1.2992420388166122,1.3130247476663157
Barcelona + AE86,mean,grouped,258,1.2620978804454754,1.2992420388166122
Barcelona + AE86,mean,grouped,259,1.261197192225088,1.2620978804454754
Barcelona + AE86,mean,grouped,262,1.2330243626100297,1.261197192225088
Barcelona + AE86,mean,grouped,265,1.2243894729631135,1.2330243626100297
Barcelona + AE86,mean,grouped,269,1.209035629350829,1.2243894729631135
Barcelona + AE86,mean,grouped,270,1.185456363071818,1.209035629350829
Barcelona + AE86,mean,grouped,272,1.178832071876921,1.185456363071818
Barcelona + AE86,mean,grouped,274,1.1722675666654994,1.178832071876921
Barcelona + AE86,mean,grouped,275,1.1672049233761799,1.1722675666654994
Barcelona + AE86,mean,grouped,280,1.1342257548206505,1.1672049233761799
Barcelona + AE86,mean,grouped,283,1.116390096076947,1.1342257548206505
Barcelona + AE86,mean,grouped,285,1.1114636021031248,1.116390096076947
Barcelona + AE86,mean,grouped,286,1.1080320924022407,1.1114636021031248
Barcelona + AE86,mean,grouped,287,1.10542358597916,1.1080320924022407
Barcelona + AE86,mean,grouped,289,1.1011544466338614,1.10542358597916
Barcelona + AE86,mean,grouped,290,1.0817106582683573,1.1011544466338614
Barcelona + AE86,mean,grouped,291,1.0647129381115021,1.0817106582683573
Barcelona + AE86,mean,grouped,294,1.059033594978147,1.0647129381115021
Barcelona + AE86,mean,grouped,295,1.0567836478673902,1.059033594978147
Barcelona + AE86,mean,grouped,299,1.038994817648416,1.0567836478673902
Barcelona + AE86,mean,grouped,300,1.0207990311039283,1.038994817648416
Barcelona + AE86,mean,grouped,302,1.0187904972880444,1.0207990311039283
Barcelona + AE86,mean,grouped,304,1.0165146868228154,1.0187904972880444
Barcelona + AE86,mean,grouped,306,0.9992708808059995,1.0165146868228154
Barcelona + AE86,mean,grouped,310,0.9949825111932403,0.9992708808059995
Barcelona + AE86,mean,grouped,311,0.96862005083569,0.9949825111932403
Barcelona + AE86,mean,grouped,316,0.9608070967174576,0.96862005083569
Barcelona + AE86,mean,grouped,318,0.9395062795343911,0.9608070967174576
Barcelona + AE86,mean,grouped,324,0.916833822767874,0.9395062795343911
Barcelona + AE86,mean,grouped,327,0.9130539878625406,0.916833822767874
Barcelona + AE86,mean,grouped,328,0.9013469434043093,0.9130539878625406
Barcelona + AE86,mean,grouped,330,0.8989255224193192,0.9013469434043093
Barcelona + AE86,mean,grouped,332,0.8810076527069671,0.8989255224193192
Barcelona + AE86,mean,grouped,335,0.8751305812866411,0.8810076527069671
Barcelona + AE86,mean,grouped,338,0.8682372670255265,0.8751305812866411
Barcelona + AE86,mean,grouped,341,0.8580195549593476,0.8682372670255265
Barcelona + AE86,mean,grouped,343,0.8461937204448573,0.8580195549593476
Barcelona + AE86,mean,grouped,347,0.8316210146913107,0.8461937204448573
Barcelona + AE86,mean,grouped,348,0.8262878423432846,0.8316210146913107
Barcelona + AE86,mean,grouped,351,0.822379816520402,0.8262878423432846
Barcelona + AE86,mean,grouped,352,0.8197705906579721,0.822379816520402
Barcelona + AE86,mean,grouped,353,0.8087144578081485,0.8197705906579721
Barcelona + AE86,mean,grouped,356,0.8028426571288306,0.8087144578081485
Barcelona + AE86,mean,grouped,357,0.7998361758372122,0.8028426571288306
Barcelona + AE86,mean,grouped,360,0.7941717477013182,0.7998361758372122
Barcelona + AE86,mean,grouped,362,0.7780848272198334,0.7941717477013182
Barcelona + AE86,mean,grouped,364,0.7764589793013403,0.7780848272198334
Barcelona + AE86,mean,grouped,365,0.7736551190167101,0.7764589793013403
Barcelona + AE86,mean,grouped,369,0.7648688742847944,0.7736551190167101
Barcelona + AE86,mean,grouped,370,0.7609065107319367,0.7648688742847944
Barcelona + AE86,mean,grouped,372,0.7513156438187719,0.7609065107319367
Barcelona + AE86,mean,grouped,374,0.7419941227171436,0.7513156438187719
Barcelona + AE86,mean,grouped,378,0.732786348058302,0.7419941227171436
Barcelona + AE86,mean,grouped,381,0.7256066185942578,0.732786348058302
Barcelona + AE86,mean,grouped,382,0.7153503221847927,0.7256066185942578
Barcelona + AE86,mean,grouped,386,0.7123329999110631,0.7153503221847927
Barcelona + AE86,mean,grouped,387,0.7063781405451444,0.7123329999110631
Barcelona + AE86,mean,grouped,389,0.7049932471127832,0.7063781405451444
Barcelona + AE86,mean,grouped,390,0.7039302266112051,0.7049932471127832
Barcelona + AE86,mean,grouped,391,0.6895060194472911,0.7039302266112051
Barcelona + AE86,mean,grouped,392,0.6890819665920681,0.6895060194472911
Barcelona + AE86,mean,grouped,393,0.6885858220571168,0.6890819665920681
Barcelona + AE86,mean,grouped,396,0.6855071314327305,0.6885858220571168
Barcelona + AE86,mean,grouped,399,0.6756109507087809,0.6855071314327305
Barcelona + AE86,mean,grouped,401,0.6677043018826375,0.6756109507087809
Barcelona + AE86,mean,grouped,402,0.6657569907906256,0.6677043018826375
Barcelona + AE86,mean,grouped,406,0.6559192645326943,0.6657569907906256
Barcelona + AE86,mean,grouped,408,0.6529352892164576,0.6559192645326943
Barcelona + AE86,mean,grouped,410,0.6513390077123145,0.6529352892164576
Barcelona + AE86,mean,grouped,413,0.6491454379326433,0.6513390077123145
Barcelona + AE86,mean,grouped,414,0.6364755438011771,0.6491454379326433
Barcelona + AE86,mean,grouped,418,0.6326452157519006,0.6364755438011771
Barcelona + AE86,mean,grouped,421,0.6277235516738905,0.6326452157519006
Barcelona + AE86,mean,grouped,424,0.6199525029017674,0.6277235516738905
Barcelona + AE86,mean,grouped,427,0.6132724757022896,0.6199525029017674
Barcelona + AE86,mean,grouped,428,0.6116107581299541,0.6132724757022896
Barcelona + AE86,mean,grouped,430,0.6088765292644615,0.6116107581299541
Barcelona + AE86,mean,grouped,435,0.5989831070624764,0.6088765292644615
Barcelona + AE86,mean,grouped,437,0.5978745896673571,0.5989831070624764
Barcelona + AE86,mean,grouped,441,0.5856326954454008,0.5978745896673571
Barcelona + AE86,mean,grouped,448,0.5805005667268478,0.5856326954454008
Barcelona + AE86,mean,grouped,449,0.5792616765143394,0.5805005667268478
Barcelona + AE86,mean,grouped,452,0.5774148279517544,0.5792616765143394
Barcelona + AE86,mean,grouped,453,0.5727908195394108,0.5774148279517544
Barcelona + AE86,mean,grouped,454,0.5697609032815145,0.5727908195394108
Barcelona + AE86,mean,grouped,457,0.5630160912262762,0.5697609032815145
Barcelona + AE86,mean,grouped,460,0.5587257140637583,0.5630160912262762
Barcelona + AE86,mean,grouped,461,0.557054891943555,0.5587257140637583
Barcelona + AE86,mean,grouped,466,0.5523777742630104,0.557054891943555
Barcelona + AE86,mean,grouped,467,0.5444142669510793,0.5523777742630104
Barcelona + AE86,mean,grouped,470,0.5422697829803764,0.5444142669510793
Barcelona + AE86,mean,grouped,472,0.537044989208881,0.5422697829803764
Barcelona + AE86,mean,grouped,474,0.5369228245141313,0.537044989208881
Barcelona + AE86,mean,grouped,476,0.532190160205512,0.5369228245141313
Barcelona + AE86,mean,grouped,480,0.5255983405047201,0.532190160205512
Barcelona + AE86,mean,grouped,481,0.5240352423205044,0.5255983405047201
Barcelona + AE86,mean,grouped,482,0.5233523661735001,0.5240352423205044
Barcelona + AE86,mean,grouped,483,0.5227536373545371,0.5233523661735001
Barcelona + AE86,mean,grouped,487,0.5176167176733989,0.5227536373545371
Barcelona + AE86,mean,grouped,493,0.5122729304920148,0.5176167176733989
Barcelona + AE86,mean,grouped,497,0.507329455094705,0.5122729304920148
Barcelona + AE86,mean,grouped,498,0.5055812820679606,0.507329455094705
Barcelona + AE86,mean,grouped,500,0.0,0.5055812820679606
Barcelona + AE86,mean,worst,1,2.7785207279036648,inf
Barcelona + AE86,mean,worst,8,1.582855575211997,2.7785207279036648
Barcelona + AE86,mean,worst,9,1.097616978939163,1.582855575211997
Barcelona + AE86,mean,worst,10,1.0789827904595897,1.097616978939163
Barcelona + AE86,mean,worst,339,1.075697486676142,1.0789827904595897
Barcelona + AE86,mean,worst,342,1.069947729193518,1.075697486676142
Barcelona + AE86,mean,worst,344,1.0561466066127274,1.069947729193518
Barcelona + AE86,mean,worst,349,1.0337774811323337,1.0561466066127274
Barcelona + AE86,mean,worst,350,1.0294636537826432,1.0337774811323337
Barcelona + AE86,mean,worst,352,1.0280878080185392,1.0294636537826432
Barcelona + AE86,mean,worst,354,1.021432148401357,1.0280878080185392
Barcelona + AE86,mean,worst,355,1.0130630711033815,1.021432148401357
Barcelona + AE86,mean,worst,357,1.0080888038094784,1.0130630711033815
Barcelona + AE86,mean,worst,358,1.0018814709968533,1.0080888038094784
Barcelona + AE86,mean,worst,360,0.9978816798836051,1.0018814709968533
Barcelona + AE86,mean,worst,362,0.9865879881619266,0.9978816798836051
Barcelona + AE86,mean,worst,363,0.9832777686652395,0.9865879881619266
Barcelona + AE86,mean,worst,365,0.9764961552388706,0.9832777686652395
Barcelona + AE86,mean,worst,366,0.9764138266230513,0.9764961552388706
Barcelona + AE86,mean,worst,367,0.9734859835605413,0.9764138266230513
Barcelona + AE86,mean,worst,369,0.9595785110295737,0.9734859835605413
Barcelona + AE86,mean,worst,370,0.958949309954146,0.9595785110295737
Barcelona + AE86,mean,worst,372,0.9578009372737704,0.958949309954146
Barcelona + AE86,mean,worst,374,0.9412418594963998,0.9578009372737704
Barcelona + AE86,mean,worst,376,0.9402663151860629,0.9412418594963998
Barcelona + AE86,mean,worst,378,0.9284791615310676,0.9402663151860629
Barcelona + AE86,mean,worst,382,0.9230224290268122,0.9284791615310676
Barcelona + AE86,mean,worst,383,0.9181926217164654,0.9230224290268122
Barcelona + AE86,mean,worst,384,0.9083541517361242,0.9181926217164654
Barcelona + AE86,mean,worst,386,0.906155382373697,0.9083541517361242
Barcelona + AE86,mean,worst,388,0.8995227687391674,0.906155382373697
Barcelona + AE86,mean,worst,389,0.8944411224187546,0.8995227687391674
Barcelona + AE86,mean,worst,392,0.8855045809686726,0.8944411224187546
Barcelona + AE86,mean,worst,396,0.8713363284655594,0.8855045809686726
Barcelona + AE86,mean,worst,401,0.8576292159730192,0.8713363284655594
Barcelona + AE86,mean,worst,403,0.8550325943007651,0.8576292159730192
Barcelona + AE86,mean,worst,406,0.8453350195739855,0.8550325943007651
Barcelona + AE86,mean,worst,407,0.8434010378983916,0.8453350195739855
Barcelona + AE86,mean,worst,408,0.8375974638808189,0.8434010378983916
Barcelona + AE86,mean,worst,413,0.8338679330999303,0.8375974638808189
Barcelona + AE86,mean,worst,414,0.8289624990914713,0.8338679330999303
Barcelona + AE86,mean,worst,415,0.8223887891171225,0.8289624990914713
Barcelona + AE86,mean,worst,421,0.8193226260240697,0.8223887891171225
Barcelona + AE86,mean,worst,423,0.8175689324800001,0.8193226260240697
Barcelona + AE86,mean,worst,427,0.8072187014537681,0.8175689324800001
Barcelona + AE86,mean,worst,428,0.8066820214115697,0.8072187014537681
Barcelona + AE86,mean,worst,430,0.8059243421962519,0.8066820214115697
Barcelona + AE86,mean,worst,432,0.8052977024443674,0.8059243421962519
Barcelona + AE86,mean,worst,437,0.7984758257441785,0.8052977024443674
Barcelona + AE86,mean,worst,441,0.7940447808010882,0.7984758257441785
Barcelona + AE86,mean,worst,446,0.7910753267861682,0.7940447808010882
Barcelona + AE86,mean,worst,448,0.7879629798914991,0.7910753267861682
Barcelona + AE86,mean,worst,454,0.7845985461819991,0.7879629798914991
Barcelona + AE86,mean,worst,456,0.7780412061145294,0.7845985461819991
Barcelona + AE86,mean,worst,460,0.7746755674135146,0.7780412061145294
Barcelona + AE86,mean,worst,461,0.7715042418781518,0.7746755674135146
Barcelona + AE86,mean,worst,462,0.7696432263734858,0.7715042418781518
Barcelona + AE86,mean,worst,468,0.7667216394765263,0.7696432263734858
Barcelona + AE86,mean,worst,470,0.765845743778506,0.7667216394765263
Barcelona + AE86,mean,worst,473,0.7641128299437229,0.765845743778506
Barcelona + AE86,mean,worst,474,0.7634416677045415,0.7641128299437229
Barcelona + AE86,mean,worst,476,0.7604105917748888,0.7634416677045415
Barcelona + AE86,mean,worst,480,0.7545523211512625,0.7604105917748888
Barcelona + AE86,mean,worst,484,0.7523041145498728,0.7545523211512625
Barcelona + AE86,mean,worst,488,0.7485470927430645,0.7523041145498728
Barcelona + AE86,mean,worst,490,0.7461700871875023,0.7485470927430645
Barcelona + AE86,mean,worst,491,0.7460762901988333,0.7461700871875023
Barcelona + AE86,mean,worst,493,0.745472784039907,0.7460762901988333
Barcelona + AE86,mean,worst,494,0.7445386793932417,0.745472784039907
Barcelona + AE86,mean,worst,497,0.7391738477178508,0.7445386793932417
Barcelona + AE86,mean,worst,500,0.0,0.7391738477178508
Barcelona + AE86,mean,equal5,6,42.71229459407493,inf
Barcelona + AE86,mean,equal5,7,4.4672662256663305,42.71229459407493
Barcelona + AE86,mean,equal5,9,2.7861489954132623,4.4672662256663305
Barcelona + AE86,mean,equal5,11,2.230726195022589,2.7861489954132623
Barcelona + AE86,mean,equal5,13,1.9743222180064959,2.230726195022589
Barcelona + AE86,mean,equal5,14,1.8065616193546028,1.9743222180064959
Barcelona + AE86,mean,equal5,18,1.776830801762539,1.8065616193546028
Barcelona + AE86,mean,equal5,19,1.7349135338695685,1.776830801762539
Barcelona + AE86,mean,equal5,196,1.6811601745200226,1.7349135338695685
Barcelona + AE86,mean,equal5,203,1.6574124605546683,1.6811601745200226
Barcelona + AE86,mean,equal5,206,1.593241637292995,1.6574124605546683
Barcelona + AE86,mean,equal5,213,1.5586397192889387,1.593241637292995
Barcelona + AE86,mean,equal5,214,1.5085083109128885,1.5586397192889387
Barcelona + AE86,mean,equal5,217,1.493117982530698,1.5085083109128885
Barcelona + AE86,mean,equal5,221,1.4653485083545041,1.493117982530698
Barcelona + AE86,mean,equal5,226,1.4204138315783845,1.4653485083545041
Barcelona + AE86,mean,equal5,229,1.3804133293531688,1.4204138315783845
Barcelona + AE86,mean,equal5,233,1.343059994793332,1.3804133293531688
Barcelona + AE86,mean,equal5,239,1.3146336304658333,1.343059994793332
Barcelona + AE86,mean,equal5,243,1.2867675354267758,1.3146336304658333
Barcelona + AE86,mean,equal5,244,1.2766685631375116,1.2867675354267758
Barcelona + AE86,mean,equal5,246,1.2702999514802955,1.2766685631375116
Barcelona + AE86,mean,equal5,249,1.2313973665452524,1.2702999514802955
Barcelona + AE86,mean,equal5,252,1.228208750039826,1.2313973665452524
Barcelona + AE86,mean,equal5,254,1.214161738358153,1.228208750039826
Barcelona + AE86,mean,equal5,258,1.1780080484973092,1.214161738358153
Barcelona + AE86,mean,equal5,262,1.1478036968832876,1.1780080484973092
Barcelona + AE86,mean,equal5,265,1.1443547306896722,1.1478036968832876
Barcelona + AE86,mean,equal5,269,1.1269096424761753,1.1443547306896722
Barcelona + AE86,mean,equal5,270,1.1083502428731942,1.1269096424761753
Barcelona + AE86,mean,equal5,272,1.0966579353303263,1.1083502428731942
Barcelona + AE86,mean,equal5,274,1.096098370050875,1.0966579353303263
Barcelona + AE86,mean,equal5,275,1.0940852217097756,1.096098370050875
Barcelona + AE86,mean,equal5,280,1.0594461059617504,1.0940852217097756
Barcelona + AE86,mean,equal5,283,1.039279905654008,1.0594461059617504
Barcelona + AE86,mean,equal5,286,1.034866767338956,1.039279905654008
Barcelona + AE86,mean,equal5,287,1.0347249885392171,1.034866767338956
Barcelona + AE86,mean,equal5,290,1.0062424234308853,1.0347249885392171
Barcelona + AE86,mean,equal5,291,0.9930488905522783,1.0062424234308853
Barcelona + AE86,mean,equal5,295,0.9911606531898955,0.9930488905522783
Barcelona + AE86,mean,equal5,299,0.9689965023361088,0.9911606531898955
Barcelona + AE86,mean,equal5,300,0.9559435706432459,0.9689965023361088
Barcelona + AE86,mean,equal5,302,0.9542702334008895,0.9559435706432459
Barcelona + AE86,mean,equal5,304,0.9502326737424641,0.9542702334008895
Barcelona + AE86,mean,equal5,306,0.937341665178407,0.9502326737424641
Barcelona + AE86,mean,equal5,310,0.9372256282543061,0.937341665178407
Barcelona + AE86,mean,equal5,311,0.9089709390555836,0.9372256282543061
Barcelona + AE86,mean,equal5,316,0.905810993251073,0.9089709390555836
Barcelona + AE86,mean,equal5,318,0.8841290528675715,0.905810993251073
Barcelona + AE86,mean,equal5,324,0.864199944087992,0.8841290528675715
Barcelona + AE86,mean,equal5,328,0.8472666885712054,0.864199944087992
Barcelona + AE86,mean,equal5,332,0.8274734451100089,0.8472666885712054
Barcelona + AE86,mean,equal5,335,0.8256165335565089,0.8274734451100089
Barcelona + AE86,mean,equal5,338,0.8236424121282765,0.8256165335565089
Barcelona + AE86,mean,equal5,341,0.8106977599166455,0.8236424121282765
Barcelona + AE86,mean,equal5,343,0.8004235662516233,0.8106977599166455
Barcelona + AE86,mean,equal5,347,0.7835698414834543,0.8004235662516233
Barcelona + AE86,mean,equal5,348,0.7804828788993687,0.7835698414834543
Barcelona + AE86,mean,equal5,351,0.7784419660433043,0.7804828788993687
Barcelona + AE86,mean,equal5,352,0.7778148899725857,0.7784419660433043
Barcelona + AE86,mean,equal5,353,0.7637551384317925,0.7778148899725857
Barcelona + AE86,mean,equal5,356,0.7587091755586554,0.7637551384317925
Barcelona + AE86,mean,equal5,360,0.7530952998787764,0.7587091755586554
Barcelona + AE86,mean,equal5,362,0.7363036876501666,0.7530952998787764
Barcelona + AE86,mean,equal5,364,0.7335776100431879,0.7363036876501666
Barcelona + AE86,mean,equal5,369,0.7279103708570908,0.7335776100431879
Barcelona + AE86,mean,equal5,370,0.7227310133613007,0.7279103708570908
Barcelona + AE86,mean,equal5,372,0.7112868667114061,0.7227310133613007
Barcelona + AE86,mean,equal5,373,0.7105843700528361,0.7112868667114061
Barcelona + AE86,mean,equal5,374,0.7043765255644993,0.7105843700528361
Barcelona + AE86,mean,equal5,378,0.6971056122512781,0.7043765255644993
Barcelona + AE86,mean,equal5,381,0.686010727970501,0.6971056122512781
Barcelona + AE86,mean,equal5,382,0.6789611933685509,0.686010727970501
Barcelona + AE86,mean,equal5,387,0.6719660636352998,0.6789611933685509
Barcelona + AE86,mean,equal5,391,0.6542260465767021,0.6719660636352998
Barcelona + AE86,mean,equal5,399,0.6394339378011799,0.6542260465767021
Barcelona + AE86,mean,equal5,401,0.6353666733022827,0.6394339378011799
Barcelona + AE86,mean,equal5,402,0.6332129701177627,0.6353666733022827
Barcelona + AE86,mean,equal5,406,0.6238012716083102,0.6332129701177627
Barcelona + AE86,mean,equal5,408,0.6223065152482252,0.6238012716083102
Barcelona + AE86,mean,equal5,410,0.6195350491750151,0.6223065152482252
Barcelona + AE86,mean,equal5,413,0.6186925811336788,0.6195350491750151
Barcelona + AE86,mean,equal5,414,0.6047602767969383,0.6186925811336788
Barcelona + AE86,mean,equal5,418,0.6006080330331701,0.6047602767969383
Barcelona + AE86,mean,equal5,421,0.5975109021177322,0.6006080330331701
Barcelona + AE86,mean,equal5,424,0.5874644643414205,0.5975109021177322
Barcelona + AE86,mean,equal5,427,0.5827317610157434,0.5874644643414205
Barcelona + AE86,mean,equal5,428,0.5809326411293555,0.5827317610157434
Barcelona + AE86,mean,equal5,430,0.5793501238689199,0.5809326411293555
Barcelona + AE86,mean,equal5,435,0.567450195857301,0.5793501238689199
Barcelona + AE86,mean,equal5,441,0.555044175407585,0.567450195857301
Barcelona + AE86,mean,equal5,448,0.5534790315460855,0.555044175407585
Barcelona + AE86,mean,equal5,449,0.5492635348455167,0.5534790315460855
Barcelona + AE86,mean,equal5,452,0.5475128406093378,0.5492635348455167
Barcelona + AE86,mean,equal5,453,0.5411598712579421,0.5475128406093378
Barcelona + AE86,mean,equal5,454,0.5397662896857789,0.5411598712579421
Barcelona + AE86,mean,equal5,457,0.5324550447539264,0.5397662896857789
Barcelona + AE86,mean,equal5,460,0.5284483020132021,0.5324550447539264
Barcelona + AE86,mean,equal5,466,0.5243302896126693,0.5284483020132021
Barcelona + AE86,mean,equal5,467,0.5146153015548188,0.5243302896126693
Barcelona + AE86,mean,equal5,472,0.5073243264517355,0.5146153015548188
Barcelona + AE86,mean,equal5,476,0.5039835243806925,0.5073243264517355
Barcelona + AE86,mean,equal5,480,0.49814804852721273,0.5039835243806925
Barcelona + AE86,mean,equal5,481,0.4952727698580044,0.49814804852721273
Barcelona + AE86,mean,equal5,483,0.4943293539012304,0.4952727698580044
Barcelona + AE86,mean,equal5,487,0.4886229296571919,0.4943293539012304
Barcelona + AE86,mean,equal5,493,0.48250870372872434,0.4886229296571919
Barcelona + AE86,mean,equal5,497,0.4780579937170413,0.48250870372872434
Barcelona + AE86,mean,equal5,498,0.4758964102283311,0.4780579937170413
Barcelona + AE86,mean,equal5,499,0.47585771119113485,0.4758964102283311
Barcelona + AE86,mean,equal5,500,0.0,0.47585771119113485
Barcelona + AE86,p95,pos3d_rmse_m,175,11.780843387786417,inf
Barcelona + AE86,p95,pos3d_rmse_m,176,7.789127126476221,11.780843387786417
Barcelona + AE86,p95,pos3d_rmse_m,177,5.423595937089651,7.789127126476221
Barcelona + AE86,p95,pos3d_rmse_m,200,3.6025686974751454,5.423595937089651
Barcelona + AE86,p95,pos3d_rmse_m,214,2.7889978201958194,3.6025686974751454
Barcelona + AE86,p95,pos3d_rmse_m,224,2.7493809825763167,2.7889978201958194
Barcelona + AE86,p95,pos3d_rmse_m,234,2.1462981218952644,2.7493809825763167
Barcelona + AE86,p95,pos3d_rmse_m,246,1.9810986948794502,2.1462981218952644
Barcelona + AE86,p95,pos3d_rmse_m,252,1.825394454669966,1.9810986948794502
Barcelona + AE86,p95,pos3d_rmse_m,255,1.5387385495122647,1.825394454669966
Barcelona + AE86,p95,pos3d_rmse_m,256,1.4611834034517837,1.5387385495122647
Barcelona + AE86,p95,pos3d_rmse_m,275,1.0140059519396305,1.4611834034517837
Barcelona + AE86,p95,pos3d_rmse_m,283,0.959521844212337,1.0140059519396305
Barcelona + AE86,p95,pos3d_rmse_m,284,0.6968705171082948,0.959521844212337
Barcelona + AE86,p95,pos3d_rmse_m,289,0.696097238623604,0.6968705171082948
Barcelona + AE86,p95,pos3d_rmse_m,322,0.6600346512280091,0.696097238623604
Barcelona + AE86,p95,pos3d_rmse_m,355,0.5294509779053954,0.6600346512280091
Barcelona + AE86,p95,pos3d_rmse_m,367,0.5022040672679937,0.5294509779053954
Barcelona + AE86,p95,pos3d_rmse_m,383,0.44503686736166287,0.5022040672679937
Barcelona + AE86,p95,pos3d_rmse_m,402,0.4298819130199559,0.44503686736166287
Barcelona + AE86,p95,pos3d_rmse_m,403,0.4273983655170751,0.4298819130199559
Barcelona + AE86,p95,pos3d_rmse_m,411,0.4182775413855814,0.4273983655170751
Barcelona + AE86,p95,pos3d_rmse_m,436,0.416236448116164,0.4182775413855814
Barcelona + AE86,p95,pos3d_rmse_m,437,0.40752237851482986,0.416236448116164
Barcelona + AE86,p95,pos3d_rmse_m,439,0.40724152114342466,0.40752237851482986
Barcelona + AE86,p95,pos3d_rmse_m,441,0.39643622960033864,0.40724152114342466
Barcelona + AE86,p95,pos3d_rmse_m,443,0.3905590070810019,0.39643622960033864
Barcelona + AE86,p95,pos3d_rmse_m,469,0.3814241824347312,0.3905590070810019
Barcelona + AE86,p95,pos3d_rmse_m,470,0.37610116043122427,0.3814241824347312
Barcelona + AE86,p95,pos3d_rmse_m,471,0.37566002842688273,0.37610116043122427
Barcelona + AE86,p95,pos3d_rmse_m,476,0.3744448667745067,0.37566002842688273
Barcelona + AE86,p95,pos3d_rmse_m,478,0.37442030915468577,0.3744448667745067
Barcelona + AE86,p95,pos3d_rmse_m,480,0.36733513350295616,0.37442030915468577
Barcelona + AE86,p95,pos3d_rmse_m,481,0.3564144753933394,0.36733513350295616
Barcelona + AE86,p95,pos3d_rmse_m,482,0.3453027135168337,0.3564144753933394
Barcelona + AE86,p95,pos3d_rmse_m,494,0.2939024992357967,0.3453027135168337
Barcelona + AE86,p95,pos3d_rmse_m,495,0.29291361992555925,0.2939024992357967
Barcelona + AE86,p95,pos3d_rmse_m,497,0.2912861885709429,0.29291361992555925
Barcelona + AE86,p95,pos3d_rmse_m,498,0.29046992855317066,0.2912861885709429
Barcelona + AE86,p95,pos3d_rmse_m,500,0.0,0.29046992855317066
Barcelona + AE86,p95,pos3d_finalae_m,117,348.75581237232217,inf
Barcelona + AE86,p95,pos3d_finalae_m,121,20.622029104957136,348.75581237232217
Barcelona + AE86,p95,pos3d_finalae_m,130,8.726451571440101,20.622029104957136
Barcelona + AE86,p95,pos3d_finalae_m,141,7.017487169273898,8.726451571440101
Barcelona + AE86,p95,pos3d_finalae_m,149,6.172606814025488,7.017487169273898
Barcelona + AE86,p95,pos3d_finalae_m,154,4.562871010755171,6.172606814025488
Barcelona + AE86,p95,pos3d_finalae_m,160,3.6588482103166844,4.562871010755171
Barcelona + AE86,p95,pos3d_finalae_m,179,2.525428500760267,3.6588482103166844
Barcelona + AE86,p95,pos3d_finalae_m,191,1.966154191493845,2.525428500760267
Barcelona + AE86,p95,pos3d_finalae_m,205,1.4212026738563726,1.966154191493845
Barcelona + AE86,p95,pos3d_finalae_m,210,1.3872665980889214,1.4212026738563726
Barcelona + AE86,p95,pos3d_finalae_m,213,1.1944628278306728,1.3872665980889214
Barcelona + AE86,p95,pos3d_finalae_m,224,1.0728811299169057,1.1944628278306728
Barcelona + AE86,p95,pos3d_finalae_m,225,1.0214378929182615,1.0728811299169057
Barcelona + AE86,p95,pos3d_finalae_m,261,0.9490229424191211,1.0214378929182615
Barcelona + AE86,p95,pos3d_finalae_m,289,0.74701843327949,0.9490229424191211
Barcelona + AE86,p95,pos3d_finalae_m,300,0.7157500982188301,0.74701843327949
Barcelona + AE86,p95,pos3d_finalae_m,312,0.6442048203313914,0.7157500982188301
Barcelona + AE86,p95,pos3d_finalae_m,331,0.6321523584761737,0.6442048203313914
Barcelona + AE86,p95,pos3d_finalae_m,343,0.6200459641688348,0.6321523584761737
Barcelona + AE86,p95,pos3d_finalae_m,349,0.5700949443164578,0.6200459641688348
Barcelona + AE86,p95,pos3d_finalae_m,361,0.55529643478013,0.5700949443164578
Barcelona + AE86,p95,pos3d_finalae_m,372,0.543729235245602,0.55529643478013
Barcelona + AE86,p95,pos3d_finalae_m,394,0.498172258080931,0.543729235245602
Barcelona + AE86,p95,pos3d_finalae_m,425,0.47289659061956213,0.498172258080931
Barcelona + AE86,p95,pos3d_finalae_m,439,0.4646926049938786,0.47289659061956213
Barcelona + AE86,p95,pos3d_finalae_m,462,0.43081799345497457,0.4646926049938786
Barcelona + AE86,p95,pos3d_finalae_m,500,0.0,0.43081799345497457
Barcelona + AE86,p95,speedKmh_rmse,3,7.868311935610007,inf
Barcelona + AE86,p95,speedKmh_rmse,7,3.3104120450177055,7.868311935610007
Barcelona + AE86,p95,speedKmh_rmse,8,3.1395832030836117,3.3104120450177055
Barcelona + AE86,p95,speedKmh_rmse,9,2.453161207853016,3.1395832030836117
Barcelona + AE86,p95,speedKmh_rmse,10,2.343254433501185,2.453161207853016
Barcelona + AE86,p95,speedKmh_rmse,11,2.0096821208760622,2.343254433501185
Barcelona + AE86,p95,speedKmh_rmse,12,1.9803330053515296,2.0096821208760622
Barcelona + AE86,p95,speedKmh_rmse,177,1.7917717582031027,1.9803330053515296
Barcelona + AE86,p95,speedKmh_rmse,178,1.6115862657756177,1.7917717582031027
Barcelona + AE86,p95,speedKmh_rmse,185,1.2327817046579046,1.6115862657756177
Barcelona + AE86,p95,speedKmh_rmse,196,1.0118944376397527,1.2327817046579046
Barcelona + AE86,p95,speedKmh_rmse,202,0.9261312560138791,1.0118944376397527
Barcelona + AE86,p95,speedKmh_rmse,256,0.8519087569486745,0.9261312560138791
Barcelona + AE86,p95,speedKmh_rmse,260,0.8050221831353092,0.8519087569486745
Barcelona + AE86,p95,speedKmh_rmse,306,0.763316504099362,0.8050221831353092
Barcelona + AE86,p95,speedKmh_rmse,341,0.7335691174213171,0.763316504099362
Barcelona + AE86,p95,speedKmh_rmse,342,0.7099084356827525,0.7335691174213171
Barcelona + AE86,p95,speedKmh_rmse,472,0.6948371576640215,0.7099084356827525
Barcelona + AE86,p95,speedKmh_rmse,488,0.6052668717566302,0.6948371576640215
Barcelona + AE86,p95,speedKmh_rmse,489,0.5992638012435939,0.6052668717566302
Barcelona + AE86,p95,speedKmh_rmse,500,0.0,0.5992638012435939
Barcelona + AE86,p95,attitude_mean_mae_deg,7,65.27362789952114,inf
Barcelona + AE86,p95,attitude_mean_mae_deg,8,8.048963524309853,65.27362789952114
Barcelona + AE86,p95,attitude_mean_mae_deg,21,4.65187372978539,8.048963524309853
Barcelona + AE86,p95,attitude_mean_mae_deg,22,2.1202904559788753,4.65187372978539
Barcelona + AE86,p95,attitude_mean_mae_deg,30,1.5220373338986306,2.1202904559788753
Barcelona + AE86,p95,attitude_mean_mae_deg,36,1.4069543853609245,1.5220373338986306
Barcelona + AE86,p95,attitude_mean_mae_deg,37,1.3860089785225491,1.4069543853609245
Barcelona + AE86,p95,attitude_mean_mae_deg,176,1.3640151796142022,1.3860089785225491
Barcelona + AE86,p95,attitude_mean_mae_deg,201,1.2535842808958686,1.3640151796142022
Barcelona + AE86,p95,attitude_mean_mae_deg,204,1.1511867658438986,1.2535842808958686
Barcelona + AE86,p95,attitude_mean_mae_deg,272,1.0294596286171847,1.1511867658438986
Barcelona + AE86,p95,attitude_mean_mae_deg,281,0.965213929391104,1.0294596286171847
Barcelona + AE86,p95,attitude_mean_mae_deg,315,0.8249287260009174,0.965213929391104
Barcelona + AE86,p95,attitude_mean_mae_deg,355,0.7466603620273727,0.8249287260009174
Barcelona + AE86,p95,attitude_mean_mae_deg,356,0.6881804207139772,0.7466603620273727
Barcelona + AE86,p95,attitude_mean_mae_deg,415,0.6824433369726259,0.6881804207139772
Barcelona + AE86,p95,attitude_mean_mae_deg,416,0.6757756236644891,0.6824433369726259
Barcelona + AE86,p95,attitude_mean_mae_deg,491,0.5002743085061603,0.6757756236644891
Barcelona + AE86,p95,attitude_mean_mae_deg,500,0.0,0.5002743085061603
Barcelona + AE86,p95,SlipAngle_mean_rmse,11,15.380482670510625,inf
Barcelona + AE86,p95,SlipAngle_mean_rmse,13,3.9254659240899907,15.380482670510625
Barcelona + AE86,p95,SlipAngle_mean_rmse,14,3.2836915745707502,3.9254659240899907
Barcelona + AE86,p95,SlipAngle_mean_rmse,20,1.717791557632947,3.2836915745707502
Barcelona + AE86,p95,SlipAngle_mean_rmse,35,1.3746020092581095,1.717791557632947
Barcelona + AE86,p95,SlipAngle_mean_rmse,198,1.217519288473584,1.3746020092581095
Barcelona + AE86,p95,SlipAngle_mean_rmse,240,1.072342146571488,1.217519288473584
Barcelona + AE86,p95,SlipAngle_mean_rmse,292,0.7568912027908953,1.072342146571488
Barcelona + AE86,p95,SlipAngle_mean_rmse,360,0.6882462949334976,0.7568912027908953
Barcelona + AE86,p95,SlipAngle_mean_rmse,418,0.6359232705644051,0.6882462949334976
Barcelona + AE86,p95,SlipAngle_mean_rmse,443,0.5097928906039672,0.6359232705644051
Barcelona + AE86,p95,SlipAngle_mean_rmse,471,0.4361397900128746,0.5097928906039672
Barcelona + AE86,p95,SlipAngle_mean_rmse,486,0.4270460940061962,0.4361397900128746
Barcelona + AE86,p95,SlipAngle_mean_rmse,500,0.0,0.4270460940061962
Barcelona + AE86,p95,grouped,11,5.843589482183121,inf
Barcelona + AE86,p95,grouped,13,4.834218120616131,5.843589482183121
Barcelona + AE86,p95,grouped,15,4.4167166935927265,4.834218120616131
Barcelona + AE86,p95,grouped,20,2.6446681431263976,4.4167166935927265
Barcelona + AE86,p95,grouped,22,2.422098141686638,2.6446681431263976
Barcelona + AE86,p95,grouped,35,2.360648917311031,2.422098141686638
Barcelona + AE86,p95,grouped,36,2.0158859915237053,2.360648917311031
Barcelona + AE86,p95,grouped,175,1.9483676702236796,2.0158859915237053
Barcelona + AE86,p95,grouped,176,1.7567427056621443,1.9483676702236796
Barcelona + AE86,p95,grouped,198,1.447714327242898,1.7567427056621443
Barcelona + AE86,p95,grouped,200,1.2325479576250096,1.447714327242898
Barcelona + AE86,p95,grouped,205,1.1539622456563632,1.2325479576250096
Barcelona + AE86,p95,grouped,229,1.1414595560633911,1.1539622456563632
Barcelona + AE86,p95,grouped,241,1.128983408127806,1.1414595560633911
Barcelona + AE86,p95,grouped,255,1.0672781722836924,1.128983408127806
Barcelona + AE86,p95,grouped,256,1.0550160359395497,1.0672781722836924
Barcelona + AE86,p95,grouped,257,1.054028612366328,1.0550160359395497
Barcelona + AE86,p95,grouped,261,0.9941122675621921,1.054028612366328
Barcelona + AE86,p95,grouped,274,0.9576753117486582,0.9941122675621921
Barcelona + AE86,p95,grouped,292,0.7508433607194558,0.9576753117486582
Barcelona + AE86,p95,grouped,341,0.7305065787328686,0.7508433607194558
Barcelona + AE86,p95,grouped,360,0.6318202151261462,0.7305065787328686
Barcelona + AE86,p95,grouped,361,0.615352519062312,0.6318202151261462
Barcelona + AE86,p95,grouped,414,0.5983540864952588,0.615352519062312
Barcelona + AE86,p95,grouped,418,0.5900864862166595,0.5983540864952588
Barcelona + AE86,p95,grouped,443,0.5779353725260732,0.5900864862166595
Barcelona + AE86,p95,grouped,471,0.5528659779658855,0.5779353725260732
Barcelona + AE86,p95,grouped,472,0.5307536493714572,0.5528659779658855
Barcelona + AE86,p95,grouped,485,0.5138453427354488,0.5307536493714572
Barcelona + AE86,p95,grouped,486,0.48633963903841737,0.5138453427354488
Barcelona + AE86,p95,grouped,500,0.0,0.48633963903841737
Barcelona + AE86,p95,worst,1,9.260048304947698,inf
Barcelona + AE86,p95,worst,8,2.6879302003753938,9.260048304947698
Barcelona + AE86,p95,worst,10,2.4530480164406465,2.6879302003753938
Barcelona + AE86,p95,worst,11,2.0096821208760622,2.4530480164406465
Barcelona + AE86,p95,worst,12,1.8674008365149328,2.0096821208760622
Barcelona + AE86,p95,worst,13,1.7462269210664831,1.8674008365149328
Barcelona + AE86,p95,worst,18,1.7418216013333667,1.7462269210664831
Barcelona + AE86,p95,worst,57,1.6589916179631878,1.7418216013333667
Barcelona + AE86,p95,worst,59,1.4700891128670506,1.6589916179631878
Barcelona + AE86,p95,worst,158,1.4410724415190197,1.4700891128670506
Barcelona + AE86,p95,worst,176,1.3640151796142022,1.4410724415190197
Barcelona + AE86,p95,worst,201,1.2535842808958686,1.3640151796142022
Barcelona + AE86,p95,worst,204,1.1511867658438986,1.2535842808958686
Barcelona + AE86,p95,worst,272,1.0294596286171847,1.1511867658438986
Barcelona + AE86,p95,worst,281,0.9309480947972153,1.0294596286171847
Barcelona + AE86,p95,worst,292,0.8727934750199474,0.9309480947972153
Barcelona + AE86,p95,worst,306,0.763316504099362,0.8727934750199474
Barcelona + AE86,p95,worst,341,0.7335691174213171,0.763316504099362
Barcelona + AE86,p95,worst,342,0.7082236032194626,0.7335691174213171
Barcelona + AE86,p95,worst,488,0.6052668717566302,0.7082236032194626
Barcelona + AE86,p95,worst,489,0.5992638012435939,0.6052668717566302
Barcelona + AE86,p95,worst,500,0.0,0.5992638012435939
Barcelona + AE86,p95,equal5,11,8.32153771864441,inf
Barcelona + AE86,p95,equal5,15,5.683760079641342,8.32153771864441
Barcelona + AE86,p95,equal5,19,4.329493581545869,5.683760079641342
Barcelona + AE86,p95,equal5,20,4.044100675012386,4.329493581545869
Barcelona + AE86,p95,equal5,22,3.353013895272239,4.044100675012386
Barcelona + AE86,p95,equal5,25,3.0002537683274615,3.353013895272239
Barcelona + AE86,p95,equal5,36,2.5167982506641824,3.0002537683274615
Barcelona + AE86,p95,equal5,175,2.1324792088513114,2.5167982506641824
Barcelona + AE86,p95,equal5,176,1.9496839421956949,2.1324792088513114
Barcelona + AE86,p95,equal5,198,1.672969813591667,1.9496839421956949
Barcelona + AE86,p95,equal5,200,1.3239159170439085,1.672969813591667
Barcelona + AE86,p95,equal5,205,1.2490282168264042,1.3239159170439085
Barcelona + AE86,p95,equal5,224,1.2079840009963123,1.2490282168264042
Barcelona + AE86,p95,equal5,234,1.1675508978815126,1.2079840009963123
Barcelona + AE86,p95,equal5,243,1.1674582391836652,1.1675508978815126
Barcelona + AE86,p95,equal5,255,1.0869196569197168,1.1674582391836652
Barcelona + AE86,p95,equal5,257,1.0820213629736901,1.0869196569197168
Barcelona + AE86,p95,equal5,258,1.062843609396701,1.0820213629736901
Barcelona + AE86,p95,equal5,261,1.021212322261406,1.062843609396701
Barcelona + AE86,p95,equal5,274,0.9504863920521345,1.021212322261406
Barcelona + AE86,p95,equal5,289,0.8854152329421036,0.9504863920521345
Barcelona + AE86,p95,equal5,292,0.7536558184898748,0.8854152329421036
Barcelona + AE86,p95,equal5,293,0.7322601157444714,0.7536558184898748
Barcelona + AE86,p95,equal5,341,0.7140272853087495,0.7322601157444714
Barcelona + AE86,p95,equal5,356,0.69362426870974,0.7140272853087495
Barcelona + AE86,p95,equal5,360,0.6367351330457331,0.69362426870974
Barcelona + AE86,p95,equal5,361,0.5861656673385615,0.6367351330457331
Barcelona + AE86,p95,equal5,413,0.5581008565732049,0.5861656673385615
Barcelona + AE86,p95,equal5,418,0.5543543082140167,0.5581008565732049
Barcelona + AE86,p95,equal5,443,0.5377785490130013,0.5543543082140167
Barcelona + AE86,p95,equal5,471,0.5007205389281789,0.5377785490130013
Barcelona + AE86,p95,equal5,472,0.4953747034566387,0.5007205389281789
Barcelona + AE86,p95,equal5,476,0.4950599225403977,0.4953747034566387
Barcelona + AE86,p95,equal5,485,0.4626284201317652,0.4950599225403977
Barcelona + AE86,p95,equal5,500,0.0,0.4626284201317652
Barcelona + Supra,mean,pos3d_rmse_m,79,166.29944657302082,inf
Barcelona + Supra,mean,pos3d_rmse_m,80,68.75473521418736,166.29944657302082
Barcelona + Supra,mean,pos3d_rmse_m,82,53.97069198458979,68.75473521418736
Barcelona + Supra,mean,pos3d_rmse_m,83,39.69057833641223,53.97069198458979
Barcelona + Supra,mean,pos3d_rmse_m,84,31.29016349965283,39.69057833641223
Barcelona + Supra,mean,pos3d_rmse_m,85,26.201638271017455,31.29016349965283
Barcelona + Supra,mean,pos3d_rmse_m,86,23.058851369094192,26.201638271017455
Barcelona + Supra,mean,pos3d_rmse_m,87,19.179372792489758,23.058851369094192
Barcelona + Supra,mean,pos3d_rmse_m,88,18.504120053478548,19.179372792489758
Barcelona + Supra,mean,pos3d_rmse_m,89,17.75949239191873,18.504120053478548
Barcelona + Supra,mean,pos3d_rmse_m,90,16.11204954368083,17.75949239191873
Barcelona + Supra,mean,pos3d_rmse_m,91,14.611076145462972,16.11204954368083
Barcelona + Supra,mean,pos3d_rmse_m,92,12.438392914936514,14.611076145462972
Barcelona + Supra,mean,pos3d_rmse_m,93,11.840367367031565,12.438392914936514
Barcelona + Supra,mean,pos3d_rmse_m,95,10.92379107859321,11.840367367031565
Barcelona + Supra,mean,pos3d_rmse_m,96,9.75317357597468,10.92379107859321
Barcelona + Supra,mean,pos3d_rmse_m,97,9.04641914700892,9.75317357597468
Barcelona + Supra,mean,pos3d_rmse_m,98,8.645640065331184,9.04641914700892
Barcelona + Supra,mean,pos3d_rmse_m,99,8.36736048698876,8.645640065331184
Barcelona + Supra,mean,pos3d_rmse_m,100,7.781274087215548,8.36736048698876
Barcelona + Supra,mean,pos3d_rmse_m,101,7.551920259906118,7.781274087215548
Barcelona + Supra,mean,pos3d_rmse_m,102,7.143771661279041,7.551920259906118
Barcelona + Supra,mean,pos3d_rmse_m,103,6.703299169371685,7.143771661279041
Barcelona + Supra,mean,pos3d_rmse_m,104,6.491276303113042,6.703299169371685
Barcelona + Supra,mean,pos3d_rmse_m,105,6.2329741236103,6.491276303113042
Barcelona + Supra,mean,pos3d_rmse_m,106,5.94091533374446,6.2329741236103
Barcelona + Supra,mean,pos3d_rmse_m,107,5.728813989911857,5.94091533374446
Barcelona + Supra,mean,pos3d_rmse_m,108,5.507769864384211,5.728813989911857
Barcelona + Supra,mean,pos3d_rmse_m,109,5.468126632559416,5.507769864384211
Barcelona + Supra,mean,pos3d_rmse_m,110,5.154483774997649,5.468126632559416
Barcelona + Supra,mean,pos3d_rmse_m,111,4.858606146228969,5.154483774997649
Barcelona + Supra,mean,pos3d_rmse_m,112,4.799032949823494,4.858606146228969
Barcelona + Supra,mean,pos3d_rmse_m,113,4.616878474768457,4.799032949823494
Barcelona + Supra,mean,pos3d_rmse_m,114,4.469227007149784,4.616878474768457
Barcelona + Supra,mean,pos3d_rmse_m,115,4.374900263065277,4.469227007149784
Barcelona + Supra,mean,pos3d_rmse_m,116,4.2705535892141,4.374900263065277
Barcelona + Supra,mean,pos3d_rmse_m,117,4.185243305326189,4.2705535892141
Barcelona + Supra,mean,pos3d_rmse_m,118,4.006407700606472,4.185243305326189
Barcelona + Supra,mean,pos3d_rmse_m,119,3.8247176560721994,4.006407700606472
Barcelona + Supra,mean,pos3d_rmse_m,120,3.756779583969655,3.8247176560721994
Barcelona + Supra,mean,pos3d_rmse_m,121,3.6657666787435,3.756779583969655
Barcelona + Supra,mean,pos3d_rmse_m,122,3.641815324604964,3.6657666787435
Barcelona + Supra,mean,pos3d_rmse_m,123,3.4282426483509494,3.641815324604964
Barcelona + Supra,mean,pos3d_rmse_m,124,3.3638098319700993,3.4282426483509494
Barcelona + Supra,mean,pos3d_rmse_m,125,3.329120511466847,3.3638098319700993
Barcelona + Supra,mean,pos3d_rmse_m,126,3.309767141320491,3.329120511466847
Barcelona + Supra,mean,pos3d_rmse_m,127,3.161167919022113,3.309767141320491
Barcelona + Supra,mean,pos3d_rmse_m,128,3.085419715885509,3.161167919022113
Barcelona + Supra,mean,pos3d_rmse_m,129,2.993597690291312,3.085419715885509
Barcelona + Supra,mean,pos3d_rmse_m,130,2.964201541245706,2.993597690291312
Barcelona + Supra,mean,pos3d_rmse_m,131,2.869130356331947,2.964201541245706
Barcelona + Supra,mean,pos3d_rmse_m,132,2.8185679375626007,2.869130356331947
Barcelona + Supra,mean,pos3d_rmse_m,133,2.737645524808369,2.8185679375626007
Barcelona + Supra,mean,pos3d_rmse_m,134,2.7257954687552304,2.737645524808369
Barcelona + Supra,mean,pos3d_rmse_m,135,2.6616796240506955,2.7257954687552304
Barcelona + Supra,mean,pos3d_rmse_m,136,2.6034797581335147,2.6616796240506955
Barcelona + Supra,mean,pos3d_rmse_m,137,2.594152311747404,2.6034797581335147
Barcelona + Supra,mean,pos3d_rmse_m,138,2.501294004758944,2.594152311747404
Barcelona + Supra,mean,pos3d_rmse_m,139,2.4659167454699245,2.501294004758944
Barcelona + Supra,mean,pos3d_rmse_m,140,2.412298324248828,2.4659167454699245
Barcelona + Supra,mean,pos3d_rmse_m,141,2.408454877981141,2.412298324248828
Barcelona + Supra,mean,pos3d_rmse_m,142,2.3529314215006822,2.408454877981141
Barcelona + Supra,mean,pos3d_rmse_m,143,2.348666402803704,2.3529314215006822
Barcelona + Supra,mean,pos3d_rmse_m,144,2.291186466778274,2.348666402803704
Barcelona + Supra,mean,pos3d_rmse_m,145,2.213466393703291,2.291186466778274
Barcelona + Supra,mean,pos3d_rmse_m,146,2.206130557328346,2.213466393703291
Barcelona + Supra,mean,pos3d_rmse_m,147,2.183017808352132,2.206130557328346
Barcelona + Supra,mean,pos3d_rmse_m,148,2.1180088150619976,2.183017808352132
Barcelona + Supra,mean,pos3d_rmse_m,149,2.1118948094198515,2.1180088150619976
Barcelona + Supra,mean,pos3d_rmse_m,150,2.0832900130138214,2.1118948094198515
Barcelona + Supra,mean,pos3d_rmse_m,151,2.064462695124943,2.0832900130138214
Barcelona + Supra,mean,pos3d_rmse_m,152,1.996945813403482,2.064462695124943
Barcelona + Supra,mean,pos3d_rmse_m,154,1.970366232594512,1.996945813403482
Barcelona + Supra,mean,pos3d_rmse_m,155,1.9492238416643857,1.970366232594512
Barcelona + Supra,mean,pos3d_rmse_m,156,1.9055608630185774,1.9492238416643857
Barcelona + Supra,mean,pos3d_rmse_m,157,1.8838922520900896,1.9055608630185774
Barcelona + Supra,mean,pos3d_rmse_m,158,1.872491210122086,1.8838922520900896
Barcelona + Supra,mean,pos3d_rmse_m,159,1.840396962901728,1.872491210122086
Barcelona + Supra,mean,pos3d_rmse_m,160,1.8178981644630958,1.840396962901728
Barcelona + Supra,mean,pos3d_rmse_m,161,1.7818493470771397,1.8178981644630958
Barcelona + Supra,mean,pos3d_rmse_m,163,1.7681104671210826,1.7818493470771397
Barcelona + Supra,mean,pos3d_rmse_m,164,1.7179703220511588,1.7681104671210826
Barcelona + Supra,mean,pos3d_rmse_m,166,1.7043098301008988,1.7179703220511588
Barcelona + Supra,mean,pos3d_rmse_m,167,1.6743418531379626,1.7043098301008988
Barcelona + Supra,mean,pos3d_rmse_m,168,1.6583687529015796,1.6743418531379626
Barcelona + Supra,mean,pos3d_rmse_m,170,1.6080356548705643,1.6583687529015796
Barcelona + Supra,mean,pos3d_rmse_m,171,1.6078517534929564,1.6080356548705643
Barcelona + Supra,mean,pos3d_rmse_m,172,1.5948452958082382,1.6078517534929564
Barcelona + Supra,mean,pos3d_rmse_m,174,1.5571066228956507,1.5948452958082382
Barcelona + Supra,mean,pos3d_rmse_m,176,1.5313447454253737,1.5571066228956507
Barcelona + Supra,mean,pos3d_rmse_m,177,1.5118508514442823,1.5313447454253737
Barcelona + Supra,mean,pos3d_rmse_m,179,1.5019641793558172,1.5118508514442823
Barcelona + Supra,mean,pos3d_rmse_m,180,1.4673185221823353,1.5019641793558172
Barcelona + Supra,mean,pos3d_rmse_m,181,1.4635476738062663,1.4673185221823353
Barcelona + Supra,mean,pos3d_rmse_m,182,1.4363147745780847,1.4635476738062663
Barcelona + Supra,mean,pos3d_rmse_m,185,1.4159104842308377,1.4363147745780847
Barcelona + Supra,mean,pos3d_rmse_m,186,1.4046429012482562,1.4159104842308377
Barcelona + Supra,mean,pos3d_rmse_m,187,1.3790001855861982,1.4046429012482562
Barcelona + Supra,mean,pos3d_rmse_m,188,1.373068890650344,1.3790001855861982
Barcelona + Supra,mean,pos3d_rmse_m,189,1.3678089335683656,1.373068890650344
Barcelona + Supra,mean,pos3d_rmse_m,191,1.3438624148742457,1.3678089335683656
Barcelona + Supra,mean,pos3d_rmse_m,192,1.3374719561668078,1.3438624148742457
Barcelona + Supra,mean,pos3d_rmse_m,193,1.3205539182530102,1.3374719561668078
Barcelona + Supra,mean,pos3d_rmse_m,195,1.3075640574807,1.3205539182530102
Barcelona + Supra,mean,pos3d_rmse_m,197,1.3060268178428667,1.3075640574807
Barcelona + Supra,mean,pos3d_rmse_m,198,1.2750763972901484,1.3060268178428667
Barcelona + Supra,mean,pos3d_rmse_m,200,1.2723012878241426,1.2750763972901484
Barcelona + Supra,mean,pos3d_rmse_m,201,1.2425670361531436,1.2723012878241426
Barcelona + Supra,mean,pos3d_rmse_m,205,1.2138064058931746,1.2425670361531436
Barcelona + Supra,mean,pos3d_rmse_m,207,1.194663646600421,1.2138064058931746
Barcelona + Supra,mean,pos3d_rmse_m,210,1.1862291438727002,1.194663646600421
Barcelona + Supra,mean,pos3d_rmse_m,211,1.1711685913918775,1.1862291438727002
Barcelona + Supra,mean,pos3d_rmse_m,213,1.1434586325288651,1.1711685913918775
Barcelona + Supra,mean,pos3d_rmse_m,217,1.1367831488714548,1.1434586325288651
Barcelona + Supra,mean,pos3d_rmse_m,218,1.1203665900576814,1.1367831488714548
Barcelona + Supra,mean,pos3d_rmse_m,219,1.1160786239344251,1.1203665900576814
Barcelona + Supra,mean,pos3d_rmse_m,220,1.1113910013856927,1.1160786239344251
Barcelona + Supra,mean,pos3d_rmse_m,222,1.1055414816880582,1.1113910013856927
Barcelona + Supra,mean,pos3d_rmse_m,223,1.0924524715408979,1.1055414816880582
Barcelona + Supra,mean,pos3d_rmse_m,225,1.0727193460308775,1.0924524715408979
Barcelona + Supra,mean,pos3d_rmse_m,229,1.058617878500709,1.0727193460308775
Barcelona + Supra,mean,pos3d_rmse_m,230,1.053312158889214,1.058617878500709
Barcelona + Supra,mean,pos3d_rmse_m,231,1.0389781176030894,1.053312158889214
Barcelona + Supra,mean,pos3d_rmse_m,234,1.0276680144127353,1.0389781176030894
Barcelona + Supra,mean,pos3d_rmse_m,236,1.0264633617148908,1.0276680144127353
Barcelona + Supra,mean,pos3d_rmse_m,237,1.0179923321461672,1.0264633617148908
Barcelona + Supra,mean,pos3d_rmse_m,238,1.0070065480469428,1.0179923321461672
Barcelona + Supra,mean,pos3d_rmse_m,242,0.9897068372155602,1.0070065480469428
Barcelona + Supra,mean,pos3d_rmse_m,243,0.9811735867478378,0.9897068372155602
Barcelona + Supra,mean,pos3d_rmse_m,245,0.9728080795197802,0.9811735867478378
Barcelona + Supra,mean,pos3d_rmse_m,246,0.9710088995940176,0.9728080795197802
Barcelona + Supra,mean,pos3d_rmse_m,248,0.970668475262416,0.9710088995940176
Barcelona + Supra,mean,pos3d_rmse_m,249,0.9684874973751041,0.970668475262416
Barcelona + Supra,mean,pos3d_rmse_m,250,0.9549282145421543,0.9684874973751041
Barcelona + Supra,mean,pos3d_rmse_m,253,0.941023487022529,0.9549282145421543
Barcelona + Supra,mean,pos3d_rmse_m,255,0.929923124819768,0.941023487022529
Barcelona + Supra,mean,pos3d_rmse_m,257,0.9269524446504369,0.929923124819768
Barcelona + Supra,mean,pos3d_rmse_m,258,0.9249235580709458,0.9269524446504369
Barcelona + Supra,mean,pos3d_rmse_m,259,0.9227243745121557,0.9249235580709458
Barcelona + Supra,mean,pos3d_rmse_m,261,0.9121486621465958,0.9227243745121557
Barcelona + Supra,mean,pos3d_rmse_m,263,0.8988559706458796,0.9121486621465958
Barcelona + Supra,mean,pos3d_rmse_m,267,0.8929125409276732,0.8988559706458796
Barcelona + Supra,mean,pos3d_rmse_m,268,0.8800320577265613,0.8929125409276732
Barcelona + Supra,mean,pos3d_rmse_m,272,0.8753219506719071,0.8800320577265613
Barcelona + Supra,mean,pos3d_rmse_m,273,0.862352985181502,0.8753219506719071
Barcelona + Supra,mean,pos3d_rmse_m,277,0.8591050019772024,0.862352985181502
Barcelona + Supra,mean,pos3d_rmse_m,278,0.8488336032860866,0.8591050019772024
Barcelona + Supra,mean,pos3d_rmse_m,282,0.8319337017173545,0.8488336032860866
Barcelona + Supra,mean,pos3d_rmse_m,284,0.8317209576217767,0.8319337017173545
Barcelona + Supra,mean,pos3d_rmse_m,286,0.8303085476619698,0.8317209576217767
Barcelona + Supra,mean,pos3d_rmse_m,287,0.8230354025500025,0.8303085476619698
Barcelona + Supra,mean,pos3d_rmse_m,290,0.8106195029084768,0.8230354025500025
Barcelona + Supra,mean,pos3d_rmse_m,291,0.8038765286892314,0.8106195029084768
Barcelona + Supra,mean,pos3d_rmse_m,296,0.7957423345328042,0.8038765286892314
Barcelona + Supra,mean,pos3d_rmse_m,297,0.7934221477641693,0.7957423345328042
Barcelona + Supra,mean,pos3d_rmse_m,299,0.7813672447746063,0.7934221477641693
Barcelona + Supra,mean,pos3d_rmse_m,300,0.7810203838254295,0.7813672447746063
Barcelona + Supra,mean,pos3d_rmse_m,303,0.7785671024155416,0.7810203838254295
Barcelona + Supra,mean,pos3d_rmse_m,304,0.7744763516618861,0.7785671024155416
Barcelona + Supra,mean,pos3d_rmse_m,306,0.7696527234927482,0.7744763516618861
Barcelona + Supra,mean,pos3d_rmse_m,307,0.7644303165619037,0.7696527234927482
Barcelona + Supra,mean,pos3d_rmse_m,308,0.7586198050047609,0.7644303165619037
Barcelona + Supra,mean,pos3d_rmse_m,312,0.7469738448263041,0.7586198050047609
Barcelona + Supra,mean,pos3d_rmse_m,315,0.7421625379573147,0.7469738448263041
Barcelona + Supra,mean,pos3d_rmse_m,316,0.7401583667601371,0.7421625379573147
Barcelona + Supra,mean,pos3d_rmse_m,318,0.7336358964119665,0.7401583667601371
Barcelona + Supra,mean,pos3d_rmse_m,320,0.7322207448710479,0.7336358964119665
Barcelona + Supra,mean,pos3d_rmse_m,322,0.724241175766647,0.7322207448710479
Barcelona + Supra,mean,pos3d_rmse_m,325,0.7216069036563771,0.724241175766647
Barcelona + Supra,mean,pos3d_rmse_m,326,0.7178632814635637,0.7216069036563771
Barcelona + Supra,mean,pos3d_rmse_m,327,0.7151965709328766,0.7178632814635637
Barcelona + Supra,mean,pos3d_rmse_m,328,0.712315708382202,0.7151965709328766
Barcelona + Supra,mean,pos3d_rmse_m,329,0.7076858046405022,0.712315708382202
Barcelona + Supra,mean,pos3d_rmse_m,332,0.700976456871665,0.7076858046405022
Barcelona + Supra,mean,pos3d_rmse_m,333,0.6985738967269157,0.700976456871665
Barcelona + Supra,mean,pos3d_rmse_m,337,0.6945441027807828,0.6985738967269157
Barcelona + Supra,mean,pos3d_rmse_m,338,0.6873313237568955,0.6945441027807828
Barcelona + Supra,mean,pos3d_rmse_m,341,0.6809935757565858,0.6873313237568955
Barcelona + Supra,mean,pos3d_rmse_m,344,0.6772647260237328,0.6809935757565858
Barcelona + Supra,mean,pos3d_rmse_m,346,0.6707336370596231,0.6772647260237328
Barcelona + Supra,mean,pos3d_rmse_m,349,0.6639362344093541,0.6707336370596231
Barcelona + Supra,mean,pos3d_rmse_m,350,0.6630848222392277,0.6639362344093541
Barcelona + Supra,mean,pos3d_rmse_m,353,0.6564473145309802,0.6630848222392277
Barcelona + Supra,mean,pos3d_rmse_m,356,0.6502768521427176,0.6564473145309802
Barcelona + Supra,mean,pos3d_rmse_m,359,0.6462773528340171,0.6502768521427176
Barcelona + Supra,mean,pos3d_rmse_m,360,0.6392536443023757,0.6462773528340171
Barcelona + Supra,mean,pos3d_rmse_m,363,0.6372989090037859,0.6392536443023757
Barcelona + Supra,mean,pos3d_rmse_m,367,0.6337444731365643,0.6372989090037859
Barcelona + Supra,mean,pos3d_rmse_m,368,0.6332309357982407,0.6337444731365643
Barcelona + Supra,mean,pos3d_rmse_m,369,0.6240006859644806,0.6332309357982407
Barcelona + Supra,mean,pos3d_rmse_m,374,0.6157234499760185,0.6240006859644806
Barcelona + Supra,mean,pos3d_rmse_m,378,0.6066974550354803,0.6157234499760185
Barcelona + Supra,mean,pos3d_rmse_m,383,0.6005024864960583,0.6066974550354803
Barcelona + Supra,mean,pos3d_rmse_m,386,0.5958804086315536,0.6005024864960583
Barcelona + Supra,mean,pos3d_rmse_m,387,0.5919791032649547,0.5958804086315536
Barcelona + Supra,mean,pos3d_rmse_m,390,0.5907813864959871,0.5919791032649547
Barcelona + Supra,mean,pos3d_rmse_m,392,0.5840618693823747,0.5907813864959871
Barcelona + Supra,mean,pos3d_rmse_m,395,0.5835782985871989,0.5840618693823747
Barcelona + Supra,mean,pos3d_rmse_m,396,0.5835522829318155,0.5835782985871989
Barcelona + Supra,mean,pos3d_rmse_m,398,0.5733452592700022,0.5835522829318155
Barcelona + Supra,mean,pos3d_rmse_m,399,0.5716636254578104,0.5733452592700022
Barcelona + Supra,mean,pos3d_rmse_m,400,0.5714024183585182,0.5716636254578104
Barcelona + Supra,mean,pos3d_rmse_m,401,0.5707556560094122,0.5714024183585182
Barcelona + Supra,mean,pos3d_rmse_m,403,0.5689531298902258,0.5707556560094122
Barcelona + Supra,mean,pos3d_rmse_m,406,0.5643283951291118,0.5689531298902258
Barcelona + Supra,mean,pos3d_rmse_m,407,0.5625524583071995,0.5643283951291118
Barcelona + Supra,mean,pos3d_rmse_m,410,0.5555489028766996,0.5625524583071995
Barcelona + Supra,mean,pos3d_rmse_m,412,0.5545053598209123,0.5555489028766996
Barcelona + Supra,mean,pos3d_rmse_m,413,0.5503135620939273,0.5545053598209123
Barcelona + Supra,mean,pos3d_rmse_m,415,0.5490854036453605,0.5503135620939273
Barcelona + Supra,mean,pos3d_rmse_m,417,0.5483520791740891,0.5490854036453605
Barcelona + Supra,mean,pos3d_rmse_m,419,0.5453404226270365,0.5483520791740891
Barcelona + Supra,mean,pos3d_rmse_m,421,0.538488270024774,0.5453404226270365
Barcelona + Supra,mean,pos3d_rmse_m,426,0.533470877700079,0.538488270024774
Barcelona + Supra,mean,pos3d_rmse_m,428,0.533364278469544,0.533470877700079
Barcelona + Supra,mean,pos3d_rmse_m,429,0.5292210396720776,0.533364278469544
Barcelona + Supra,mean,pos3d_rmse_m,430,0.5267756907599384,0.5292210396720776
Barcelona + Supra,mean,pos3d_rmse_m,433,0.5226490688073709,0.5267756907599384
Barcelona + Supra,mean,pos3d_rmse_m,438,0.5152373783232448,0.5226490688073709
Barcelona + Supra,mean,pos3d_rmse_m,443,0.5086912556247797,0.5152373783232448
Barcelona + Supra,mean,pos3d_rmse_m,448,0.503927172512469,0.5086912556247797
Barcelona + Supra,mean,pos3d_rmse_m,449,0.5024054937159316,0.503927172512469
Barcelona + Supra,mean,pos3d_rmse_m,451,0.5004053585321057,0.5024054937159316
Barcelona + Supra,mean,pos3d_rmse_m,452,0.49881983997282886,0.5004053585321057
Barcelona + Supra,mean,pos3d_rmse_m,453,0.49863686083530545,0.49881983997282886
Barcelona + Supra,mean,pos3d_rmse_m,456,0.4946445601010434,0.49863686083530545
Barcelona + Supra,mean,pos3d_rmse_m,458,0.49146139020686425,0.4946445601010434
Barcelona + Supra,mean,pos3d_rmse_m,461,0.48523689309446744,0.49146139020686425
Barcelona + Supra,mean,pos3d_rmse_m,468,0.4773353707736467,0.48523689309446744
Barcelona + Supra,mean,pos3d_rmse_m,473,0.4769795600717296,0.4773353707736467
Barcelona + Supra,mean,pos3d_rmse_m,474,0.46992881072166,0.4769795600717296
Barcelona + Supra,mean,pos3d_rmse_m,478,0.4689921326981864,0.46992881072166
Barcelona + Supra,mean,pos3d_rmse_m,481,0.46153480935809915,0.4689921326981864
Barcelona + Supra,mean,pos3d_rmse_m,486,0.4582662421643544,0.46153480935809915
Barcelona + Supra,mean,pos3d_rmse_m,487,0.4573221273269724,0.4582662421643544
Barcelona + Supra,mean,pos3d_rmse_m,490,0.45468863675302035,0.4573221273269724
Barcelona + Supra,mean,pos3d_rmse_m,494,0.4519871781106295,0.45468863675302035
Barcelona + Supra,mean,pos3d_rmse_m,495,0.4469186663391384,0.4519871781106295
Barcelona + Supra,mean,pos3d_rmse_m,497,0.4457757875759451,0.4469186663391384
Barcelona + Supra,mean,pos3d_rmse_m,499,0.4457636991042751,0.4457757875759451
Barcelona + Supra,mean,pos3d_rmse_m,500,0.0,0.4457636991042751
Barcelona + Supra,mean,pos3d_finalae_m,64,20.4298830197619,inf
Barcelona + Supra,mean,pos3d_finalae_m,76,10.407760456537899,20.4298830197619
Barcelona + Supra,mean,pos3d_finalae_m,79,8.530965129282116,10.407760456537899
Barcelona + Supra,mean,pos3d_finalae_m,83,5.426493559788952,8.530965129282116
Barcelona + Supra,mean,pos3d_finalae_m,91,5.006846042956363,5.426493559788952
Barcelona + Supra,mean,pos3d_finalae_m,95,3.504612102758576,5.006846042956363
Barcelona + Supra,mean,pos3d_finalae_m,106,2.8164825079583333,3.504612102758576
Barcelona + Supra,mean,pos3d_finalae_m,114,2.54488890990803,2.8164825079583333
Barcelona + Supra,mean,pos3d_finalae_m,118,2.4619591611169356,2.54488890990803
Barcelona + Supra,mean,pos3d_finalae_m,123,2.0689631691656913,2.4619591611169356
Barcelona + Supra,mean,pos3d_finalae_m,129,1.9690486671745202,2.0689631691656913
Barcelona + Supra,mean,pos3d_finalae_m,139,1.8404491619772416,1.9690486671745202
Barcelona + Supra,mean,pos3d_finalae_m,141,1.7315452068351596,1.8404491619772416
Barcelona + Supra,mean,pos3d_finalae_m,147,1.6753080832017635,1.7315452068351596
Barcelona + Supra,mean,pos3d_finalae_m,151,1.5497748348529146,1.6753080832017635
Barcelona + Supra,mean,pos3d_finalae_m,155,1.518030178947109,1.5497748348529146
Barcelona + Supra,mean,pos3d_finalae_m,160,1.5069332842257863,1.518030178947109
Barcelona + Supra,mean,pos3d_finalae_m,165,1.435984542449272,1.5069332842257863
Barcelona + Supra,mean,pos3d_finalae_m,172,1.4052090412301226,1.435984542449272
Barcelona + Supra,mean,pos3d_finalae_m,173,1.3876021573601978,1.4052090412301226
Barcelona + Supra,mean,pos3d_finalae_m,177,1.329333944155953,1.3876021573601978
Barcelona + Supra,mean,pos3d_finalae_m,179,1.3045241747969787,1.329333944155953
Barcelona + Supra,mean,pos3d_finalae_m,185,1.2880792032368795,1.3045241747969787
Barcelona + Supra,mean,pos3d_finalae_m,193,1.259846753276773,1.2880792032368795
Barcelona + Supra,mean,pos3d_finalae_m,196,1.2149109576247303,1.259846753276773
Barcelona + Supra,mean,pos3d_finalae_m,197,1.1986004935118881,1.2149109576247303
Barcelona + Supra,mean,pos3d_finalae_m,204,1.1721911284517619,1.1986004935118881
Barcelona + Supra,mean,pos3d_finalae_m,209,1.1268717333484513,1.1721911284517619
Barcelona + Supra,mean,pos3d_finalae_m,219,1.117614592486973,1.1268717333484513
Barcelona + Supra,mean,pos3d_finalae_m,224,1.077233960742112,1.117614592486973
Barcelona + Supra,mean,pos3d_finalae_m,232,1.03399119423357,1.077233960742112
Barcelona + Supra,mean,pos3d_finalae_m,235,1.0240187127370464,1.03399119423357
Barcelona + Supra,mean,pos3d_finalae_m,244,1.0168220370395487,1.0240187127370464
Barcelona + Supra,mean,pos3d_finalae_m,250,0.9651844448990107,1.0168220370395487
Barcelona + Supra,mean,pos3d_finalae_m,254,0.9594768762213269,0.9651844448990107
Barcelona + Supra,mean,pos3d_finalae_m,260,0.9251962085462464,0.9594768762213269
Barcelona + Supra,mean,pos3d_finalae_m,265,0.924417980704173,0.9251962085462464
Barcelona + Supra,mean,pos3d_finalae_m,266,0.9181839593834734,0.924417980704173
Barcelona + Supra,mean,pos3d_finalae_m,275,0.8778728932969891,0.9181839593834734
Barcelona + Supra,mean,pos3d_finalae_m,287,0.8584073158318279,0.8778728932969891
Barcelona + Supra,mean,pos3d_finalae_m,295,0.8162032616564912,0.8584073158318279
Barcelona + Supra,mean,pos3d_finalae_m,301,0.792942306264832,0.8162032616564912
Barcelona + Supra,mean,pos3d_finalae_m,310,0.7865299938288726,0.792942306264832
Barcelona + Supra,mean,pos3d_finalae_m,319,0.7484439580954615,0.7865299938288726
Barcelona + Supra,mean,pos3d_finalae_m,331,0.7395472829943066,0.7484439580954615
Barcelona + Supra,mean,pos3d_finalae_m,334,0.7234172138783475,0.7395472829943066
Barcelona + Supra,mean,pos3d_finalae_m,339,0.7193922409352463,0.7234172138783475
Barcelona + Supra,mean,pos3d_finalae_m,342,0.7017067232999128,0.7193922409352463
Barcelona + Supra,mean,pos3d_finalae_m,344,0.6994071613932776,0.7017067232999128
Barcelona + Supra,mean,pos3d_finalae_m,354,0.6751207172879462,0.6994071613932776
Barcelona + Supra,mean,pos3d_finalae_m,364,0.6711227977052604,0.6751207172879462
Barcelona + Supra,mean,pos3d_finalae_m,365,0.654373667774539,0.6711227977052604
Barcelona + Supra,mean,pos3d_finalae_m,372,0.637651960157448,0.654373667774539
Barcelona + Supra,mean,pos3d_finalae_m,377,0.6267364909186008,0.637651960157448
Barcelona + Supra,mean,pos3d_finalae_m,380,0.6260110521453748,0.6267364909186008
Barcelona + Supra,mean,pos3d_finalae_m,388,0.6185726206960931,0.6260110521453748
Barcelona + Supra,mean,pos3d_finalae_m,393,0.603004038321363,0.6185726206960931
Barcelona + Supra,mean,pos3d_finalae_m,401,0.6008069739237341,0.603004038321363
Barcelona + Supra,mean,pos3d_finalae_m,404,0.5804893050837179,0.6008069739237341
Barcelona + Supra,mean,pos3d_finalae_m,417,0.562546300663495,0.5804893050837179
Barcelona + Supra,mean,pos3d_finalae_m,418,0.5592822837570454,0.562546300663495
Barcelona + Supra,mean,pos3d_finalae_m,423,0.5544353261066042,0.5592822837570454
Barcelona + Supra,mean,pos3d_finalae_m,431,0.5517518775823386,0.5544353261066042
Barcelona + Supra,mean,pos3d_finalae_m,432,0.5400839657801874,0.5517518775823386
Barcelona + Supra,mean,pos3d_finalae_m,441,0.5303655492053041,0.5400839657801874
Barcelona + Supra,mean,pos3d_finalae_m,444,0.5294130128931603,0.5303655492053041
Barcelona + Supra,mean,pos3d_finalae_m,445,0.5281123669571389,0.5294130128931603
Barcelona + Supra,mean,pos3d_finalae_m,447,0.5219930817190291,0.5281123669571389
Barcelona + Supra,mean,pos3d_finalae_m,455,0.5081486433599958,0.5219930817190291
Barcelona + Supra,mean,pos3d_finalae_m,463,0.5064093555060558,0.5081486433599958
Barcelona + Supra,mean,pos3d_finalae_m,464,0.49193127360274075,0.5064093555060558
Barcelona + Supra,mean,pos3d_finalae_m,469,0.4891012896187385,0.49193127360274075
Barcelona + Supra,mean,pos3d_finalae_m,471,0.4870893219652818,0.4891012896187385
Barcelona + Supra,mean,pos3d_finalae_m,477,0.48512962595146575,0.4870893219652818
Barcelona + Supra,mean,pos3d_finalae_m,484,0.46936050356208064,0.48512962595146575
Barcelona + Supra,mean,pos3d_finalae_m,490,0.46622311565187347,0.46936050356208064
Barcelona + Supra,mean,pos3d_finalae_m,498,0.44561942539386684,0.46622311565187347
Barcelona + Supra,mean,pos3d_finalae_m,500,0.0,0.44561942539386684
Barcelona + Supra,mean,speedKmh_rmse,1,6.604134164830542,inf
Barcelona + Supra,mean,speedKmh_rmse,2,3.422505133492859,6.604134164830542
Barcelona + Supra,mean,speedKmh_rmse,3,1.9251307737369625,3.422505133492859
Barcelona + Supra,mean,speedKmh_rmse,4,1.3507225804540786,1.9251307737369625
Barcelona + Supra,mean,speedKmh_rmse,5,1.0820728771748256,1.3507225804540786
Barcelona + Supra,mean,speedKmh_rmse,290,1.0719596526394775,1.0820728771748256
Barcelona + Supra,mean,speedKmh_rmse,291,1.0658058500383025,1.0719596526394775
Barcelona + Supra,mean,speedKmh_rmse,296,1.062868288354596,1.0658058500383025
Barcelona + Supra,mean,speedKmh_rmse,297,1.062274216436818,1.062868288354596
Barcelona + Supra,mean,speedKmh_rmse,299,1.0486997019025572,1.062274216436818
Barcelona + Supra,mean,speedKmh_rmse,304,1.0477907392797787,1.0486997019025572
Barcelona + Supra,mean,speedKmh_rmse,306,1.0455124195109613,1.0477907392797787
Barcelona + Supra,mean,speedKmh_rmse,307,1.0407854246796708,1.0455124195109613
Barcelona + Supra,mean,speedKmh_rmse,308,1.034223427138306,1.0407854246796708
Barcelona + Supra,mean,speedKmh_rmse,312,1.0237451126722865,1.034223427138306
Barcelona + Supra,mean,speedKmh_rmse,315,1.0200202643390643,1.0237451126722865
Barcelona + Supra,mean,speedKmh_rmse,316,1.0196413668224136,1.0200202643390643
Barcelona + Supra,mean,speedKmh_rmse,318,1.0143664312557639,1.0196413668224136
Barcelona + Supra,mean,speedKmh_rmse,322,1.0083292899696141,1.0143664312557639
Barcelona + Supra,mean,speedKmh_rmse,325,1.0081706489775202,1.0083292899696141
Barcelona + Supra,mean,speedKmh_rmse,326,1.0038107332748682,1.0081706489775202
Barcelona + Supra,mean,speedKmh_rmse,327,1.0022800583229183,1.0038107332748682
Barcelona + Supra,mean,speedKmh_rmse,328,1.001151955380925,1.0022800583229183
Barcelona + Supra,mean,speedKmh_rmse,329,0.9958763357538404,1.001151955380925
Barcelona + Supra,mean,speedKmh_rmse,332,0.9889941352056705,0.9958763357538404
Barcelona + Supra,mean,speedKmh_rmse,333,0.9882487826645583,0.9889941352056705
Barcelona + Supra,mean,speedKmh_rmse,337,0.9861108963333496,0.9882487826645583
Barcelona + Supra,mean,speedKmh_rmse,338,0.9757759814021013,0.9861108963333496
Barcelona + Supra,mean,speedKmh_rmse,341,0.9697037478334246,0.9757759814021013
Barcelona + Supra,mean,speedKmh_rmse,344,0.9683075906369053,0.9697037478334246
Barcelona + Supra,mean,speedKmh_rmse,346,0.9615885532067757,0.9683075906369053
Barcelona + Supra,mean,speedKmh_rmse,349,0.955173994082886,0.9615885532067757
Barcelona + Supra,mean,speedKmh_rmse,353,0.9487959582190632,0.955173994082886
Barcelona + Supra,mean,speedKmh_rmse,356,0.9437448162265889,0.9487959582190632
Barcelona + Supra,mean,speedKmh_rmse,359,0.9421600282885886,0.9437448162265889
Barcelona + Supra,mean,speedKmh_rmse,360,0.932156467243122,0.9421600282885886
Barcelona + Supra,mean,speedKmh_rmse,367,0.9312190578464971,0.932156467243122
Barcelona + Supra,mean,speedKmh_rmse,368,0.9309441432657907,0.9312190578464971
Barcelona + Supra,mean,speedKmh_rmse,369,0.9207789967079367,0.9309441432657907
Barcelona + Supra,mean,speedKmh_rmse,374,0.9138823367196363,0.9207789967079367
Barcelona + Supra,mean,speedKmh_rmse,378,0.905920333557336,0.9138823367196363
Barcelona + Supra,mean,speedKmh_rmse,383,0.9011054434058805,0.905920333557336
Barcelona + Supra,mean,speedKmh_rmse,386,0.8975539725501395,0.9011054434058805
Barcelona + Supra,mean,speedKmh_rmse,387,0.8927871502865894,0.8975539725501395
Barcelona + Supra,mean,speedKmh_rmse,392,0.8875064177873789,0.8927871502865894
Barcelona + Supra,mean,speedKmh_rmse,398,0.8773170083404287,0.8875064177873789
Barcelona + Supra,mean,speedKmh_rmse,399,0.8746469562467638,0.8773170083404287
Barcelona + Supra,mean,speedKmh_rmse,406,0.8713783280876487,0.8746469562467638
Barcelona + Supra,mean,speedKmh_rmse,407,0.8708167274253115,0.8713783280876487
Barcelona + Supra,mean,speedKmh_rmse,410,0.8625483504866664,0.8708167274253115
Barcelona + Supra,mean,speedKmh_rmse,412,0.8624024647010138,0.8625483504866664
Barcelona + Supra,mean,speedKmh_rmse,413,0.8581165640686315,0.8624024647010138
Barcelona + Supra,mean,speedKmh_rmse,415,0.8578448676806446,0.8581165640686315
Barcelona + Supra,mean,speedKmh_rmse,419,0.8575253511023319,0.8578448676806446
Barcelona + Supra,mean,speedKmh_rmse,421,0.851076255365674,0.8575253511023319
Barcelona + Supra,mean,speedKmh_rmse,426,0.848863439271052,0.851076255365674
Barcelona + Supra,mean,speedKmh_rmse,429,0.8449619572805226,0.848863439271052
Barcelona + Supra,mean,speedKmh_rmse,430,0.8420555255005169,0.8449619572805226
Barcelona + Supra,mean,speedKmh_rmse,433,0.8408844910392621,0.8420555255005169
Barcelona + Supra,mean,speedKmh_rmse,438,0.835618491294013,0.8408844910392621
Barcelona + Supra,mean,speedKmh_rmse,443,0.8316570982644608,0.835618491294013
Barcelona + Supra,mean,speedKmh_rmse,448,0.8292552652702307,0.8316570982644608
Barcelona + Supra,mean,speedKmh_rmse,449,0.828594319900593,0.8292552652702307
Barcelona + Supra,mean,speedKmh_rmse,451,0.8274662186561837,0.828594319900593
Barcelona + Supra,mean,speedKmh_rmse,456,0.8251642498935331,0.8274662186561837
Barcelona + Supra,mean,speedKmh_rmse,458,0.8236810615751419,0.8251642498935331
Barcelona + Supra,mean,speedKmh_rmse,461,0.8199008558897358,0.8236810615751419
Barcelona + Supra,mean,speedKmh_rmse,468,0.8169005807882698,0.8199008558897358
Barcelona + Supra,mean,speedKmh_rmse,474,0.8139009590327119,0.8169005807882698
Barcelona + Supra,mean,speedKmh_rmse,481,0.8082577928737738,0.8139009590327119
Barcelona + Supra,mean,speedKmh_rmse,486,0.8081117812515247,0.8082577928737738
Barcelona + Supra,mean,speedKmh_rmse,494,0.8079579340879727,0.8081117812515247
Barcelona + Supra,mean,speedKmh_rmse,495,0.8010668440990449,0.8079579340879727
Barcelona + Supra,mean,speedKmh_rmse,500,0.0,0.8010668440990449
Barcelona + Supra,mean,attitude_mean_mae_deg,40,77.79474700710554,inf
Barcelona + Supra,mean,attitude_mean_mae_deg,41,9.88728763962544,77.79474700710554
Barcelona + Supra,mean,attitude_mean_mae_deg,42,5.357800462807098,9.88728763962544
Barcelona + Supra,mean,attitude_mean_mae_deg,43,3.894835226703862,5.357800462807098
Barcelona + Supra,mean,attitude_mean_mae_deg,44,3.0363003234660226,3.894835226703862
Barcelona + Supra,mean,attitude_mean_mae_deg,45,2.5519413057529965,3.0363003234660226
Barcelona + Supra,mean,attitude_mean_mae_deg,46,2.2285662519211877,2.5519413057529965
Barcelona + Supra,mean,attitude_mean_mae_deg,47,1.9902389003408805,2.2285662519211877
Barcelona + Supra,mean,attitude_mean_mae_deg,48,1.8478950964056815,1.9902389003408805
Barcelona + Supra,mean,attitude_mean_mae_deg,49,1.6980456235190897,1.8478950964056815
Barcelona + Supra,mean,attitude_mean_mae_deg,50,1.5708662338930568,1.6980456235190897
Barcelona + Supra,mean,attitude_mean_mae_deg,51,1.5027548426542061,1.5708662338930568
Barcelona + Supra,mean,attitude_mean_mae_deg,52,1.413719030014425,1.5027548426542061
Barcelona + Supra,mean,attitude_mean_mae_deg,53,1.3389829607414654,1.413719030014425
Barcelona + Supra,mean,attitude_mean_mae_deg,54,1.283614086998243,1.3389829607414654
Barcelona + Supra,mean,attitude_mean_mae_deg,55,1.2192489816529415,1.283614086998243
Barcelona + Supra,mean,attitude_mean_mae_deg,56,1.1527905990029732,1.2192489816529415
Barcelona + Supra,mean,attitude_mean_mae_deg,57,1.1097568642699163,1.1527905990029732
Barcelona + Supra,mean,attitude_mean_mae_deg,58,1.0616688025086924,1.1097568642699163
Barcelona + Supra,mean,attitude_mean_mae_deg,59,1.0108616629422236,1.0616688025086924
Barcelona + Supra,mean,attitude_mean_mae_deg,60,0.9678040317227529,1.0108616629422236
Barcelona + Supra,mean,attitude_mean_mae_deg,61,0.9371062849366513,0.9678040317227529
Barcelona + Supra,mean,attitude_mean_mae_deg,332,0.9328057486456623,0.9371062849366513
Barcelona + Supra,mean,attitude_mean_mae_deg,333,0.9298274305587846,0.9328057486456623
Barcelona + Supra,mean,attitude_mean_mae_deg,337,0.9258991779017067,0.9298274305587846
Barcelona + Supra,mean,attitude_mean_mae_deg,338,0.9145176006881895,0.9258991779017067
Barcelona + Supra,mean,attitude_mean_mae_deg,341,0.9056052033415372,0.9145176006881895
Barcelona + Supra,mean,attitude_mean_mae_deg,344,0.901523599050834,0.9056052033415372
Barcelona + Supra,mean,attitude_mean_mae_deg,346,0.8920405223401958,0.901523599050834
Barcelona + Supra,mean,attitude_mean_mae_deg,349,0.8825341899869857,0.8920405223401958
Barcelona + Supra,mean,attitude_mean_mae_deg,350,0.8814833557986287,0.8825341899869857
Barcelona + Supra,mean,attitude_mean_mae_deg,353,0.8716035378739404,0.8814833557986287
Barcelona + Supra,mean,attitude_mean_mae_deg,356,0.8636215079870418,0.8716035378739404
Barcelona + Supra,mean,attitude_mean_mae_deg,359,0.8594626902622842,0.8636215079870418
Barcelona + Supra,mean,attitude_mean_mae_deg,360,0.8477393463734564,0.8594626902622842
Barcelona + Supra,mean,attitude_mean_mae_deg,363,0.8445005582456334,0.8477393463734564
Barcelona + Supra,mean,attitude_mean_mae_deg,367,0.840397483662021,0.8445005582456334
Barcelona + Supra,mean,attitude_mean_mae_deg,368,0.8389962383315149,0.840397483662021
Barcelona + Supra,mean,attitude_mean_mae_deg,369,0.8260892364123718,0.8389962383315149
Barcelona + Supra,mean,attitude_mean_mae_deg,374,0.814322713326866,0.8260892364123718
Barcelona + Supra,mean,attitude_mean_mae_deg,378,0.8014129255910786,0.814322713326866
Barcelona + Supra,mean,attitude_mean_mae_deg,383,0.7921683993284447,0.8014129255910786
Barcelona + Supra,mean,attitude_mean_mae_deg,386,0.7864071149648234,0.7921683993284447
Barcelona + Supra,mean,attitude_mean_mae_deg,387,0.7792943433929999,0.7864071149648234
Barcelona + Supra,mean,attitude_mean_mae_deg,390,0.7771833120351981,0.7792943433929999
Barcelona + Supra,mean,attitude_mean_mae_deg,392,0.7670880334725548,0.7771833120351981
Barcelona + Supra,mean,attitude_mean_mae_deg,395,0.7664615616416394,0.7670880334725548
Barcelona + Supra,mean,attitude_mean_mae_deg,398,0.753742544045548,0.7664615616416394
Barcelona + Supra,mean,attitude_mean_mae_deg,399,0.7497300966507291,0.753742544045548
Barcelona + Supra,mean,attitude_mean_mae_deg,400,0.7485857578151839,0.7497300966507291
Barcelona + Supra,mean,attitude_mean_mae_deg,401,0.7473685188538369,0.7485857578151839
Barcelona + Supra,mean,attitude_mean_mae_deg,403,0.7447668108222933,0.7473685188538369
Barcelona + Supra,mean,attitude_mean_mae_deg,406,0.7394454616826243,0.7447668108222933
Barcelona + Supra,mean,attitude_mean_mae_deg,407,0.7367277884480528,0.7394454616826243
Barcelona + Supra,mean,attitude_mean_mae_deg,410,0.7270639779382345,0.7367277884480528
Barcelona + Supra,mean,attitude_mean_mae_deg,412,0.7254800970624381,0.7270639779382345
Barcelona + Supra,mean,attitude_mean_mae_deg,413,0.7204488125118307,0.7254800970624381
Barcelona + Supra,mean,attitude_mean_mae_deg,415,0.7176211017589958,0.7204488125118307
Barcelona + Supra,mean,attitude_mean_mae_deg,417,0.7169443648481181,0.7176211017589958
Barcelona + Supra,mean,attitude_mean_mae_deg,419,0.7137684898450614,0.7169443648481181
Barcelona + Supra,mean,attitude_mean_mae_deg,421,0.7046467811839165,0.7137684898450614
Barcelona + Supra,mean,attitude_mean_mae_deg,426,0.6986947177970739,0.7046467811839165
Barcelona + Supra,mean,attitude_mean_mae_deg,428,0.6986688150630069,0.6986947177970739
Barcelona + Supra,mean,attitude_mean_mae_deg,429,0.693499139642551,0.6986688150630069
Barcelona + Supra,mean,attitude_mean_mae_deg,430,0.6892674212846817,0.693499139642551
Barcelona + Supra,mean,attitude_mean_mae_deg,433,0.6841309353543857,0.6892674212846817
Barcelona + Supra,mean,attitude_mean_mae_deg,438,0.67449231861041,0.6841309353543857
Barcelona + Supra,mean,attitude_mean_mae_deg,443,0.6659789401542413,0.67449231861041
Barcelona + Supra,mean,attitude_mean_mae_deg,448,0.6607940654127777,0.6659789401542413
Barcelona + Supra,mean,attitude_mean_mae_deg,449,0.658594040775403,0.6607940654127777
Barcelona + Supra,mean,attitude_mean_mae_deg,451,0.6557863172402133,0.658594040775403
Barcelona + Supra,mean,attitude_mean_mae_deg,452,0.653960395133984,0.6557863172402133
Barcelona + Supra,mean,attitude_mean_mae_deg,453,0.6531612274523544,0.653960395133984
Barcelona + Supra,mean,attitude_mean_mae_deg,456,0.6483173697939643,0.6531612274523544
Barcelona + Supra,mean,attitude_mean_mae_deg,458,0.6446950226965343,0.6483173697939643
Barcelona + Supra,mean,attitude_mean_mae_deg,461,0.6360168515156577,0.6446950226965343
Barcelona + Supra,mean,attitude_mean_mae_deg,468,0.6260637917087413,0.6360168515156577
Barcelona + Supra,mean,attitude_mean_mae_deg,474,0.6169427017351231,0.6260637917087413
Barcelona + Supra,mean,attitude_mean_mae_deg,478,0.6162373243234075,0.6169427017351231
Barcelona + Supra,mean,attitude_mean_mae_deg,481,0.6063951852676871,0.6162373243234075
Barcelona + Supra,mean,attitude_mean_mae_deg,482,0.6062050237639786,0.6063951852676871
Barcelona + Supra,mean,attitude_mean_mae_deg,486,0.6022644677359932,0.6062050237639786
Barcelona + Supra,mean,attitude_mean_mae_deg,487,0.6008349880901632,0.6022644677359932
Barcelona + Supra,mean,attitude_mean_mae_deg,490,0.5977214821134186,0.6008349880901632
Barcelona + Supra,mean,attitude_mean_mae_deg,494,0.5947009989872921,0.5977214821134186
Barcelona + Supra,mean,attitude_mean_mae_deg,495,0.5875956273387151,0.5947009989872921
Barcelona + Supra,mean,attitude_mean_mae_deg,497,0.5859600265840235,0.5875956273387151
Barcelona + Supra,mean,attitude_mean_mae_deg,500,0.0,0.5859600265840235
Barcelona + Supra,mean,SlipAngle_mean_rmse,5,3.2146783130745553,inf
Barcelona + Supra,mean,SlipAngle_mean_rmse,6,1.3861442348702206,3.2146783130745553
Barcelona + Supra,mean,SlipAngle_mean_rmse,250,1.3729987153417857,1.3861442348702206
Barcelona + Supra,mean,SlipAngle_mean_rmse,252,1.3727130879145935,1.3729987153417857
Barcelona + Supra,mean,SlipAngle_mean_rmse,253,1.3375030028132282,1.3727130879145935
Barcelona + Supra,mean,SlipAngle_mean_rmse,255,1.32223504523242,1.3375030028132282
Barcelona + Supra,mean,SlipAngle_mean_rmse,256,1.3132402752324306,1.32223504523242
Barcelona + Supra,mean,SlipAngle_mean_rmse,257,1.2956144986880929,1.3132402752324306
Barcelona + Supra,mean,SlipAngle_mean_rmse,258,1.2828880622971712,1.2956144986880929
Barcelona + Supra,mean,SlipAngle_mean_rmse,259,1.273725111729848,1.2828880622971712
Barcelona + Supra,mean,SlipAngle_mean_rmse,261,1.2557516868656198,1.273725111729848
Barcelona + Supra,mean,SlipAngle_mean_rmse,262,1.2528366010867444,1.2557516868656198
Barcelona + Supra,mean,SlipAngle_mean_rmse,263,1.2269012171711944,1.2528366010867444
Barcelona + Supra,mean,SlipAngle_mean_rmse,264,1.2252033828734756,1.2269012171711944
Barcelona + Supra,mean,SlipAngle_mean_rmse,265,1.2235037667295345,1.2252033828734756
Barcelona + Supra,mean,SlipAngle_mean_rmse,267,1.2132963797897423,1.2235037667295345
Barcelona + Supra,mean,SlipAngle_mean_rmse,268,1.1892848647483871,1.2132963797897423
Barcelona + Supra,mean,SlipAngle_mean_rmse,269,1.1885657482742118,1.1892848647483871
Barcelona + Supra,mean,SlipAngle_mean_rmse,270,1.174604713340134,1.1885657482742118
Barcelona + Supra,mean,SlipAngle_mean_rmse,272,1.1715331677513336,1.174604713340134
Barcelona + Supra,mean,SlipAngle_mean_rmse,273,1.1484436951492762,1.1715331677513336
Barcelona + Supra,mean,SlipAngle_mean_rmse,274,1.1461333472507895,1.1484436951492762
Barcelona + Supra,mean,SlipAngle_mean_rmse,277,1.1295003341489858,1.1461333472507895
Barcelona + Supra,mean,SlipAngle_mean_rmse,278,1.1177626574238246,1.1295003341489858
Barcelona + Supra,mean,SlipAngle_mean_rmse,282,1.095046426278306,1.1177626574238246
Barcelona + Supra,mean,SlipAngle_mean_rmse,284,1.0944009454415038,1.095046426278306
Barcelona + Supra,mean,SlipAngle_mean_rmse,285,1.092498993169652,1.0944009454415038
Barcelona + Supra,mean,SlipAngle_mean_rmse,286,1.0817813311886457,1.092498993169652
Barcelona + Supra,mean,SlipAngle_mean_rmse,287,1.072443013315523,1.0817813311886457
Barcelona + Supra,mean,SlipAngle_mean_rmse,290,1.0556759758548273,1.072443013315523
Barcelona + Supra,mean,SlipAngle_mean_rmse,291,1.0447502787429999,1.0556759758548273
Barcelona + Supra,mean,SlipAngle_mean_rmse,296,1.032044934893375,1.0447502787429999
Barcelona + Supra,mean,SlipAngle_mean_rmse,297,1.0281513912958515,1.032044934893375
Barcelona + Supra,mean,SlipAngle_mean_rmse,299,1.0110512388787958,1.0281513912958515
Barcelona + Supra,mean,SlipAngle_mean_rmse,300,1.0089059272076732,1.0110512388787958
Barcelona + Supra,mean,SlipAngle_mean_rmse,303,1.0062506987839475,1.0089059272076732
Barcelona + Supra,mean,SlipAngle_mean_rmse,304,1.000073390718111,1.0062506987839475
Barcelona + Supra,mean,SlipAngle_mean_rmse,306,0.9928369774599186,1.000073390718111
Barcelona + Supra,mean,SlipAngle_mean_rmse,307,0.9862178103318576,0.9928369774599186
Barcelona + Supra,mean,SlipAngle_mean_rmse,308,0.9771024250018715,0.9862178103318576
Barcelona + Supra,mean,SlipAngle_mean_rmse,312,0.9573226384505384,0.9771024250018715
Barcelona + Supra,mean,SlipAngle_mean_rmse,314,0.9552578413013387,0.9573226384505384
Barcelona + Supra,mean,SlipAngle_mean_rmse,315,0.9492703298068066,0.9552578413013387
Barcelona + Supra,mean,SlipAngle_mean_rmse,316,0.9478787437016072,0.9492703298068066
Barcelona + Supra,mean,SlipAngle_mean_rmse,318,0.9389816857779142,0.9478787437016072
Barcelona + Supra,mean,SlipAngle_mean_rmse,320,0.9363845851497018,0.9389816857779142
Barcelona + Supra,mean,SlipAngle_mean_rmse,322,0.9192968987276257,0.9363845851497018
Barcelona + Supra,mean,SlipAngle_mean_rmse,325,0.9187542712424596,0.9192968987276257
Barcelona + Supra,mean,SlipAngle_mean_rmse,326,0.9148817141210346,0.9187542712424596
Barcelona + Supra,mean,SlipAngle_mean_rmse,327,0.911820950065559,0.9148817141210346
Barcelona + Supra,mean,SlipAngle_mean_rmse,328,0.9059846076105479,0.911820950065559
Barcelona + Supra,mean,SlipAngle_mean_rmse,329,0.8955970367151475,0.9059846076105479
Barcelona + Supra,mean,SlipAngle_mean_rmse,332,0.887136313323827,0.8955970367151475
Barcelona + Supra,mean,SlipAngle_mean_rmse,333,0.8815890798703803,0.887136313323827
Barcelona + Supra,mean,SlipAngle_mean_rmse,336,0.8806098727041681,0.8815890798703803
Barcelona + Supra,mean,SlipAngle_mean_rmse,337,0.8780477703461267,0.8806098727041681
Barcelona + Supra,mean,SlipAngle_mean_rmse,338,0.8643106588944847,0.8780477703461267
Barcelona + Supra,mean,SlipAngle_mean_rmse,341,0.8527956023030553,0.8643106588944847
Barcelona + Supra,mean,SlipAngle_mean_rmse,344,0.8472274944501423,0.8527956023030553
Barcelona + Supra,mean,SlipAngle_mean_rmse,346,0.836354142128684,0.8472274944501423
Barcelona + Supra,mean,SlipAngle_mean_rmse,349,0.8267320882314229,0.836354142128684
Barcelona + Supra,mean,SlipAngle_mean_rmse,353,0.8153228756151689,0.8267320882314229
Barcelona + Supra,mean,SlipAngle_mean_rmse,356,0.807137162007617,0.8153228756151689
Barcelona + Supra,mean,SlipAngle_mean_rmse,359,0.8054896553229852,0.807137162007617
Barcelona + Supra,mean,SlipAngle_mean_rmse,360,0.7936362781791737,0.8054896553229852
Barcelona + Supra,mean,SlipAngle_mean_rmse,362,0.7923354145312501,0.7936362781791737
Barcelona + Supra,mean,SlipAngle_mean_rmse,363,0.7883441081935719,0.7923354145312501
Barcelona + Supra,mean,SlipAngle_mean_rmse,367,0.784811593641736,0.7883441081935719
Barcelona + Supra,mean,SlipAngle_mean_rmse,368,0.7835013517171405,0.784811593641736
Barcelona + Supra,mean,SlipAngle_mean_rmse,369,0.7725265218039852,0.7835013517171405
Barcelona + Supra,mean,SlipAngle_mean_rmse,374,0.7598877763612474,0.7725265218039852
Barcelona + Supra,mean,SlipAngle_mean_rmse,378,0.7460065480522946,0.7598877763612474
Barcelona + Supra,mean,SlipAngle_mean_rmse,383,0.7386025093047581,0.7460065480522946
Barcelona + Supra,mean,SlipAngle_mean_rmse,386,0.7358757457077796,0.7386025093047581
Barcelona + Supra,mean,SlipAngle_mean_rmse,387,0.7300426549225206,0.7358757457077796
Barcelona + Supra,mean,SlipAngle_mean_rmse,390,0.729139057156122,0.7300426549225206
Barcelona + Supra,mean,SlipAngle_mean_rmse,392,0.7194991733331189,0.729139057156122
Barcelona + Supra,mean,SlipAngle_mean_rmse,398,0.7087545982559101,0.7194991733331189
Barcelona + Supra,mean,SlipAngle_mean_rmse,399,0.7031028685883921,0.7087545982559101
Barcelona + Supra,mean,SlipAngle_mean_rmse,400,0.7005552477601439,0.7031028685883921
Barcelona + Supra,mean,SlipAngle_mean_rmse,401,0.6995985318663428,0.7005552477601439
Barcelona + Supra,mean,SlipAngle_mean_rmse,406,0.6938241891927412,0.6995985318663428
Barcelona + Supra,mean,SlipAngle_mean_rmse,407,0.6902620534759347,0.6938241891927412
Barcelona + Supra,mean,SlipAngle_mean_rmse,410,0.682829945754764,0.6902620534759347
Barcelona + Supra,mean,SlipAngle_mean_rmse,412,0.6811703000227916,0.682829945754764
Barcelona + Supra,mean,SlipAngle_mean_rmse,413,0.6753966950943044,0.6811703000227916
Barcelona + Supra,mean,SlipAngle_mean_rmse,415,0.671427303002408,0.6753966950943044
Barcelona + Supra,mean,SlipAngle_mean_rmse,417,0.6706183399552608,0.671427303002408
Barcelona + Supra,mean,SlipAngle_mean_rmse,419,0.6670636950172097,0.6706183399552608
Barcelona + Supra,mean,SlipAngle_mean_rmse,421,0.6563584200886762,0.6670636950172097
Barcelona + Supra,mean,SlipAngle_mean_rmse,426,0.6487593687961701,0.6563584200886762
Barcelona + Supra,mean,SlipAngle_mean_rmse,428,0.6473088406833438,0.6487593687961701
Barcelona + Supra,mean,SlipAngle_mean_rmse,429,0.6432258254302713,0.6473088406833438
Barcelona + Supra,mean,SlipAngle_mean_rmse,430,0.6391003961787157,0.6432258254302713
Barcelona + Supra,mean,SlipAngle_mean_rmse,433,0.631487856043551,0.6391003961787157
Barcelona + Supra,mean,SlipAngle_mean_rmse,438,0.6229402806368552,0.631487856043551
Barcelona + Supra,mean,SlipAngle_mean_rmse,441,0.618734947189443,0.6229402806368552
Barcelona + Supra,mean,SlipAngle_mean_rmse,443,0.614751620628859,0.618734947189443
Barcelona + Supra,mean,SlipAngle_mean_rmse,448,0.6118066770047325,0.614751620628859
Barcelona + Supra,mean,SlipAngle_mean_rmse,449,0.6106560664378406,0.6118066770047325
Barcelona + Supra,mean,SlipAngle_mean_rmse,451,0.605749637525096,0.6106560664378406
Barcelona + Supra,mean,SlipAngle_mean_rmse,453,0.6043502706996376,0.605749637525096
Barcelona + Supra,mean,SlipAngle_mean_rmse,456,0.5976748303314353,0.6043502706996376
Barcelona + Supra,mean,SlipAngle_mean_rmse,458,0.5937375964545237,0.5976748303314353
Barcelona + Supra,mean,SlipAngle_mean_rmse,461,0.5857720153872106,0.5937375964545237
Barcelona + Supra,mean,SlipAngle_mean_rmse,468,0.5777336901184732,0.5857720153872106
Barcelona + Supra,mean,SlipAngle_mean_rmse,473,0.5766458241351908,0.5777336901184732
Barcelona + Supra,mean,SlipAngle_mean_rmse,474,0.5681987740046426,0.5766458241351908
Barcelona + Supra,mean,SlipAngle_mean_rmse,478,0.5668524726719554,0.5681987740046426
Barcelona + Supra,mean,SlipAngle_mean_rmse,480,0.5668246894415159,0.5668524726719554
Barcelona + Supra,mean,SlipAngle_mean_rmse,481,0.5559839061906793,0.5668246894415159
Barcelona + Supra,mean,SlipAngle_mean_rmse,482,0.5541401913789821,0.5559839061906793
Barcelona + Supra,mean,SlipAngle_mean_rmse,486,0.548863046650376,0.5541401913789821
Barcelona + Supra,mean,SlipAngle_mean_rmse,487,0.5481375406454794,0.548863046650376
Barcelona + Supra,mean,SlipAngle_mean_rmse,490,0.5432825302704809,0.5481375406454794
Barcelona + Supra,mean,SlipAngle_mean_rmse,493,0.540668190094984,0.5432825302704809
Barcelona + Supra,mean,SlipAngle_mean_rmse,494,0.5360962088913539,0.540668190094984
Barcelona + Supra,mean,SlipAngle_mean_rmse,495,0.5303507778357124,0.5360962088913539
Barcelona + Supra,mean,SlipAngle_mean_rmse,497,0.5291470018300521,0.5303507778357124
Barcelona + Supra,mean,SlipAngle_mean_rmse,499,0.5287113354775151,0.5291470018300521
Barcelona + Supra,mean,SlipAngle_mean_rmse,500,0.0,0.5287113354775151
Barcelona + Supra,mean,grouped,5,7.087655710240979,inf
Barcelona + Supra,mean,grouped,6,2.9160817543332795,7.087655710240979
Barcelona + Supra,mean,grouped,7,2.4639338681101743,2.9160817543332795
Barcelona + Supra,mean,grouped,36,2.417174593436475,2.4639338681101743
Barcelona + Supra,mean,grouped,37,2.070626086052879,2.417174593436475
Barcelona + Supra,mean,grouped,39,1.986208056849974,2.070626086052879
Barcelona + Supra,mean,grouped,42,1.8921718915589352,1.986208056849974
Barcelona + Supra,mean,grouped,44,1.794703264039648,1.8921718915589352
Barcelona + Supra,mean,grouped,45,1.738486315522667,1.794703264039648
Barcelona + Supra,mean,grouped,46,1.7163066684441453,1.738486315522667
Barcelona + Supra,mean,grouped,47,1.6954568124801377,1.7163066684441453
Barcelona + Supra,mean,grouped,49,1.675253195384451,1.6954568124801377
Barcelona + Supra,mean,grouped,50,1.5899359564433517,1.675253195384451
Barcelona + Supra,mean,grouped,52,1.5717161933812993,1.5899359564433517
Barcelona + Supra,mean,grouped,53,1.5272848295731036,1.5717161933812993
Barcelona + Supra,mean,grouped,56,1.4411629105625292,1.5272848295731036
Barcelona + Supra,mean,grouped,58,1.3995471303888423,1.4411629105625292
Barcelona + Supra,mean,grouped,59,1.3949678463755295,1.3995471303888423
Barcelona + Supra,mean,grouped,60,1.377932090895633,1.3949678463755295
Barcelona + Supra,mean,grouped,62,1.3261580725203175,1.377932090895633
Barcelona + Supra,mean,grouped,63,1.3070617700852625,1.3261580725203175
Barcelona + Supra,mean,grouped,64,1.292153301734256,1.3070617700852625
Barcelona + Supra,mean,grouped,222,1.288725236720561,1.292153301734256
Barcelona + Supra,mean,grouped,224,1.2684892523981746,1.288725236720561
Barcelona + Supra,mean,grouped,227,1.2586483589522917,1.2684892523981746
Barcelona + Supra,mean,grouped,232,1.2333722153115516,1.2586483589522917
Barcelona + Supra,mean,grouped,235,1.2211766750371933,1.2333722153115516
Barcelona + Supra,mean,grouped,238,1.2083771205753282,1.2211766750371933
Barcelona + Supra,mean,grouped,242,1.200904999054284,1.2083771205753282
Barcelona + Supra,mean,grouped,243,1.1964500046039819,1.200904999054284
Barcelona + Supra,mean,grouped,244,1.1876709891750759,1.1964500046039819
Barcelona + Supra,mean,grouped,245,1.1788951425214658,1.1876709891750759
Barcelona + Supra,mean,grouped,249,1.1784626059070848,1.1788951425214658
Barcelona + Supra,mean,grouped,250,1.1486556612431271,1.1784626059070848
Barcelona + Supra,mean,grouped,252,1.1476652505685823,1.1486556612431271
Barcelona + Supra,mean,grouped,254,1.1308761913374608,1.1476652505685823
Barcelona + Supra,mean,grouped,259,1.1273139842970474,1.1308761913374608
Barcelona + Supra,mean,grouped,260,1.1103551161275587,1.1273139842970474
Barcelona + Supra,mean,grouped,263,1.0968510963921538,1.1103551161275587
Barcelona + Supra,mean,grouped,264,1.0950731857813862,1.0968510963921538
Barcelona + Supra,mean,grouped,265,1.0907516467016332,1.0950731857813862
Barcelona + Supra,mean,grouped,267,1.081847877699331,1.0907516467016332
Barcelona + Supra,mean,grouped,270,1.0703157654055129,1.081847877699331
Barcelona + Supra,mean,grouped,272,1.0632121418554297,1.0703157654055129
Barcelona + Supra,mean,grouped,274,1.060869509604641,1.0632121418554297
Barcelona + Supra,mean,grouped,275,1.052194783454844,1.060869509604641
Barcelona + Supra,mean,grouped,278,1.0352283649946836,1.052194783454844
Barcelona + Supra,mean,grouped,282,1.0253373669771646,1.0352283649946836
Barcelona + Supra,mean,grouped,287,1.0020561758427742,1.0253373669771646
Barcelona + Supra,mean,grouped,291,0.9933961471692521,1.0020561758427742
Barcelona + Supra,mean,grouped,295,0.9741269216291384,0.9933961471692521
Barcelona + Supra,mean,grouped,300,0.9687488225628399,0.9741269216291384
Barcelona + Supra,mean,grouped,301,0.954198002783015,0.9687488225628399
Barcelona + Supra,mean,grouped,304,0.9473042443961105,0.954198002783015
Barcelona + Supra,mean,grouped,306,0.9460652081610895,0.9473042443961105
Barcelona + Supra,mean,grouped,307,0.9426226806922124,0.9460652081610895
Barcelona + Supra,mean,grouped,310,0.9392545851935701,0.9426226806922124
Barcelona + Supra,mean,grouped,311,0.933424753502077,0.9392545851935701
Barcelona + Supra,mean,grouped,312,0.9299450156790954,0.933424753502077
Barcelona + Supra,mean,grouped,313,0.9212690372242097,0.9299450156790954
Barcelona + Supra,mean,grouped,316,0.9161915292047853,0.9212690372242097
Barcelona + Supra,mean,grouped,319,0.9098215596379287,0.9161915292047853
Barcelona + Supra,mean,grouped,320,0.8976882621212945,0.9098215596379287
Barcelona + Supra,mean,grouped,324,0.8939394068913793,0.8976882621212945
Barcelona + Supra,mean,grouped,325,0.8903100547234528,0.8939394068913793
Barcelona + Supra,mean,grouped,326,0.8899762248906007,0.8903100547234528
Barcelona + Supra,mean,grouped,327,0.8819235777177888,0.8899762248906007
Barcelona + Supra,mean,grouped,328,0.8812286387891738,0.8819235777177888
Barcelona + Supra,mean,grouped,330,0.8792603059323233,0.8812286387891738
Barcelona + Supra,mean,grouped,331,0.8744139033130366,0.8792603059323233
Barcelona + Supra,mean,grouped,333,0.8651622235247437,0.8744139033130366
Barcelona + Supra,mean,grouped,337,0.8535707729098286,0.8651622235247437
Barcelona + Supra,mean,grouped,339,0.853074807641883,0.8535707729098286
Barcelona + Supra,mean,grouped,341,0.850001477709987,0.853074807641883
Barcelona + Supra,mean,grouped,342,0.8422099661792409,0.850001477709987
Barcelona + Supra,mean,grouped,344,0.8320286511461761,0.8422099661792409
Barcelona + Supra,mean,grouped,347,0.8302534586453274,0.8320286511461761
Barcelona + Supra,mean,grouped,349,0.8259071136839848,0.8302534586453274
Barcelona + Supra,mean,grouped,350,0.8226568742619841,0.8259071136839848
Barcelona + Supra,mean,grouped,354,0.8066515210783844,0.8226568742619841
Barcelona + Supra,mean,grouped,358,0.8049093029921219,0.8066515210783844
Barcelona + Supra,mean,grouped,359,0.7980560566155828,0.8049093029921219
Barcelona + Supra,mean,grouped,362,0.7951229703821411,0.7980560566155828
Barcelona + Supra,mean,grouped,363,0.7919921133944585,0.7951229703821411
Barcelona + Supra,mean,grouped,365,0.7858525411823117,0.7919921133944585
Barcelona + Supra,mean,grouped,369,0.7772010298730612,0.7858525411823117
Barcelona + Supra,mean,grouped,372,0.7668133109068044,0.7772010298730612
Barcelona + Supra,mean,grouped,377,0.759551891945297,0.7668133109068044
Barcelona + Supra,mean,grouped,378,0.7593005094622061,0.759551891945297
Barcelona + Supra,mean,grouped,379,0.7514965189799434,0.7593005094622061
Barcelona + Supra,mean,grouped,383,0.7494162240162136,0.7514965189799434
Barcelona + Supra,mean,grouped,384,0.7441017233065792,0.7494162240162136
Barcelona + Supra,mean,grouped,388,0.73715704959803,0.7441017233065792
Barcelona + Supra,mean,grouped,389,0.7352514876745542,0.73715704959803
Barcelona + Supra,mean,grouped,392,0.7350798396717209,0.7352514876745542
Barcelona + Supra,mean,grouped,393,0.725516069164319,0.7350798396717209
Barcelona + Supra,mean,grouped,397,0.7188112529353724,0.725516069164319
Barcelona + Supra,mean,grouped,401,0.710424929649251,0.7188112529353724
Barcelona + Supra,mean,grouped,404,0.706458788497179,0.710424929649251
Barcelona + Supra,mean,grouped,405,0.7022634903737182,0.706458788497179
Barcelona + Supra,mean,grouped,406,0.702249869340061,0.7022634903737182
Barcelona + Supra,mean,grouped,410,0.6952951118603403,0.702249869340061
Barcelona + Supra,mean,grouped,413,0.6888997320536002,0.6952951118603403
Barcelona + Supra,mean,grouped,417,0.6803596025333567,0.6888997320536002
Barcelona + Supra,mean,grouped,418,0.6784026986024643,0.6803596025333567
Barcelona + Supra,mean,grouped,421,0.6771104671854761,0.6784026986024643
Barcelona + Supra,mean,grouped,423,0.671720554625999,0.6771104671854761
Barcelona + Supra,mean,grouped,425,0.6698980295630478,0.671720554625999
Barcelona + Supra,mean,grouped,428,0.6630486911854521,0.6698980295630478
Barcelona + Supra,mean,grouped,431,0.662746163921541,0.6630486911854521
Barcelona + Supra,mean,grouped,432,0.6563490619516604,0.662746163921541
Barcelona + Supra,mean,grouped,433,0.6551960362355114,0.6563490619516604
Barcelona + Supra,mean,grouped,436,0.6525988359684671,0.6551960362355114
Barcelona + Supra,mean,grouped,438,0.6485896671055734,0.6525988359684671
Barcelona + Supra,mean,grouped,441,0.643113700449481,0.6485896671055734
Barcelona + Supra,mean,grouped,442,0.6417993508993209,0.643113700449481
Barcelona + Supra,mean,grouped,443,0.6395223091862526,0.6417993508993209
Barcelona + Supra,mean,grouped,447,0.6377482538194914,0.6395223091862526
Barcelona + Supra,mean,grouped,448,0.6327519306026909,0.6377482538194914
Barcelona + Supra,mean,grouped,451,0.6326292832606749,0.6327519306026909
Barcelona + Supra,mean,grouped,452,0.6292810200733061,0.6326292832606749
Barcelona + Supra,mean,grouped,455,0.6254128939462673,0.6292810200733061
Barcelona + Supra,mean,grouped,456,0.6226038982526275,0.6254128939462673
Barcelona + Supra,mean,grouped,458,0.6181456788936286,0.6226038982526275
Barcelona + Supra,mean,grouped,463,0.6123309280499816,0.6181456788936286
Barcelona + Supra,mean,grouped,468,0.6027190387001975,0.6123309280499816
Barcelona + Supra,mean,grouped,474,0.5983312889908181,0.6027190387001975
Barcelona + Supra,mean,grouped,477,0.5950472603217716,0.5983312889908181
Barcelona + Supra,mean,grouped,480,0.5934759554401208,0.5950472603217716
Barcelona + Supra,mean,grouped,481,0.5899590843672095,0.5934759554401208
Barcelona + Supra,mean,grouped,482,0.5874491196489015,0.5899590843672095
Barcelona + Supra,mean,grouped,486,0.581734850911393,0.5874491196489015
Barcelona + Supra,mean,grouped,490,0.5761766108867507,0.581734850911393
Barcelona + Supra,mean,grouped,493,0.5748241371316323,0.5761766108867507
Barcelona + Supra,mean,grouped,494,0.573228245705636,0.5748241371316323
Barcelona + Supra,mean,grouped,495,0.5723991787524619,0.573228245705636
Barcelona + Supra,mean,grouped,496,0.5707835885211565,0.5723991787524619
Barcelona + Supra,mean,grouped,498,0.5647931620244747,0.5707835885211565
Barcelona + Supra,mean,grouped,500,0.0,0.5647931620244747
Barcelona + Supra,mean,worst,1,6.604134164830542,inf
Barcelona + Supra,mean,worst,2,3.422505133492859,6.604134164830542
Barcelona + Supra,mean,worst,3,1.9251307737369625,3.422505133492859
Barcelona + Supra,mean,worst,4,1.3507225804540786,1.9251307737369625
Barcelona + Supra,mean,worst,5,1.0820728771748256,1.3507225804540786
Barcelona + Supra,mean,worst,290,1.0719596526394775,1.0820728771748256
Barcelona + Supra,mean,worst,291,1.0658058500383025,1.0719596526394775
Barcelona + Supra,mean,worst,296,1.062868288354596,1.0658058500383025
Barcelona + Supra,mean,worst,297,1.062274216436818,1.062868288354596
Barcelona + Supra,mean,worst,299,1.0486997019025572,1.062274216436818
Barcelona + Supra,mean,worst,304,1.0477907392797787,1.0486997019025572
Barcelona + Supra,mean,worst,306,1.0455124195109613,1.0477907392797787
Barcelona + Supra,mean,worst,307,1.0407854246796708,1.0455124195109613
Barcelona + Supra,mean,worst,308,1.034223427138306,1.0407854246796708
Barcelona + Supra,mean,worst,312,1.0237451126722865,1.034223427138306
Barcelona + Supra,mean,worst,315,1.0200202643390643,1.0237451126722865
Barcelona + Supra,mean,worst,316,1.0196413668224136,1.0200202643390643
Barcelona + Supra,mean,worst,318,1.0143664312557639,1.0196413668224136
Barcelona + Supra,mean,worst,322,1.0083292899696141,1.0143664312557639
Barcelona + Supra,mean,worst,325,1.0081706489775202,1.0083292899696141
Barcelona + Supra,mean,worst,326,1.0038107332748682,1.0081706489775202
Barcelona + Supra,mean,worst,327,1.0022800583229183,1.0038107332748682
Barcelona + Supra,mean,worst,328,1.001151955380925,1.0022800583229183
Barcelona + Supra,mean,worst,329,0.9958763357538404,1.001151955380925
Barcelona + Supra,mean,worst,332,0.9889941352056705,0.9958763357538404
Barcelona + Supra,mean,worst,333,0.9882487826645583,0.9889941352056705
Barcelona + Supra,mean,worst,337,0.9861108963333496,0.9882487826645583
Barcelona + Supra,mean,worst,338,0.9757759814021013,0.9861108963333496
Barcelona + Supra,mean,worst,341,0.9697037478334246,0.9757759814021013
Barcelona + Supra,mean,worst,344,0.9683075906369053,0.9697037478334246
Barcelona + Supra,mean,worst,346,0.9615885532067757,0.9683075906369053
Barcelona + Supra,mean,worst,349,0.955173994082886,0.9615885532067757
Barcelona + Supra,mean,worst,353,0.9487959582190632,0.955173994082886
Barcelona + Supra,mean,worst,356,0.9437448162265889,0.9487959582190632
Barcelona + Supra,mean,worst,359,0.9421600282885886,0.9437448162265889
Barcelona + Supra,mean,worst,360,0.932156467243122,0.9421600282885886
Barcelona + Supra,mean,worst,367,0.9312190578464971,0.932156467243122
Barcelona + Supra,mean,worst,368,0.9309441432657907,0.9312190578464971
Barcelona + Supra,mean,worst,369,0.9207789967079367,0.9309441432657907
Barcelona + Supra,mean,worst,374,0.9138823367196363,0.9207789967079367
Barcelona + Supra,mean,worst,378,0.905920333557336,0.9138823367196363
Barcelona + Supra,mean,worst,383,0.9011054434058805,0.905920333557336
Barcelona + Supra,mean,worst,386,0.8975539725501395,0.9011054434058805
Barcelona + Supra,mean,worst,387,0.8927871502865894,0.8975539725501395
Barcelona + Supra,mean,worst,392,0.8875064177873789,0.8927871502865894
Barcelona + Supra,mean,worst,398,0.8773170083404287,0.8875064177873789
Barcelona + Supra,mean,worst,399,0.8746469562467638,0.8773170083404287
Barcelona + Supra,mean,worst,406,0.8713783280876487,0.8746469562467638
Barcelona + Supra,mean,worst,407,0.8708167274253115,0.8713783280876487
Barcelona + Supra,mean,worst,410,0.8625483504866664,0.8708167274253115
Barcelona + Supra,mean,worst,412,0.8624024647010138,0.8625483504866664
Barcelona + Supra,mean,worst,413,0.8581165640686315,0.8624024647010138
Barcelona + Supra,mean,worst,415,0.8578448676806446,0.8581165640686315
Barcelona + Supra,mean,worst,419,0.8575253511023319,0.8578448676806446
Barcelona + Supra,mean,worst,421,0.851076255365674,0.8575253511023319
Barcelona + Supra,mean,worst,426,0.848863439271052,0.851076255365674
Barcelona + Supra,mean,worst,429,0.8449619572805226,0.848863439271052
Barcelona + Supra,mean,worst,430,0.8420555255005169,0.8449619572805226
Barcelona + Supra,mean,worst,433,0.8408844910392621,0.8420555255005169
Barcelona + Supra,mean,worst,438,0.835618491294013,0.8408844910392621
Barcelona + Supra,mean,worst,443,0.8316570982644608,0.835618491294013
Barcelona + Supra,mean,worst,448,0.8292552652702307,0.8316570982644608
Barcelona + Supra,mean,worst,449,0.828594319900593,0.8292552652702307
Barcelona + Supra,mean,worst,451,0.8274662186561837,0.828594319900593
Barcelona + Supra,mean,worst,456,0.8251642498935331,0.8274662186561837
Barcelona + Supra,mean,worst,458,0.8236810615751419,0.8251642498935331
Barcelona + Supra,mean,worst,461,0.8199008558897358,0.8236810615751419
Barcelona + Supra,mean,worst,468,0.8169005807882698,0.8199008558897358
Barcelona + Supra,mean,worst,474,0.8139009590327119,0.8169005807882698
Barcelona + Supra,mean,worst,481,0.8082577928737738,0.8139009590327119
Barcelona + Supra,mean,worst,486,0.8081117812515247,0.8082577928737738
Barcelona + Supra,mean,worst,494,0.8079579340879727,0.8081117812515247
Barcelona + Supra,mean,worst,495,0.8010668440990449,0.8079579340879727
Barcelona + Supra,mean,worst,500,0.0,0.8010668440990449
Barcelona + Supra,mean,equal5,5,9.193818358853402,inf
Barcelona + Supra,mean,equal5,6,3.5910323231807304,9.193818358853402
Barcelona + Supra,mean,equal5,7,3.1687568397941175,3.5910323231807304
Barcelona + Supra,mean,equal5,37,2.603574021804011,3.1687568397941175
Barcelona + Supra,mean,equal5,39,2.5907032355730273,2.603574021804011
Barcelona + Supra,mean,equal5,42,2.4964692457088975,2.5907032355730273
Barcelona + Supra,mean,equal5,44,2.3316114137797572,2.4964692457088975
Barcelona + Supra,mean,equal5,45,2.2220853839682646,2.3316114137797572
Barcelona + Supra,mean,equal5,46,2.2067335233068524,2.2220853839682646
Barcelona + Supra,mean,equal5,47,2.189037353754454,2.2067335233068524
Barcelona + Supra,mean,equal5,49,2.185581953492221,2.189037353754454
Barcelona + Supra,mean,equal5,50,2.0157047381850535,2.185581953492221
Barcelona + Supra,mean,equal5,52,2.0126389555230055,2.0157047381850535
Barcelona + Supra,mean,equal5,53,1.9528612063782773,2.0126389555230055
Barcelona + Supra,mean,equal5,56,1.8241332675763289,1.9528612063782773
Barcelona + Supra,mean,equal5,58,1.7708135202620563,1.8241332675763289
Barcelona + Supra,mean,equal5,60,1.7639165158291323,1.7708135202620563
Barcelona + Supra,mean,equal5,62,1.6854945082807817,1.7639165158291323
Barcelona + Supra,mean,equal5,63,1.6569584173399656,1.6854945082807817
Barcelona + Supra,mean,equal5,64,1.5330122828230552,1.6569584173399656
Barcelona + Supra,mean,equal5,67,1.4818339121568054,1.5330122828230552
Barcelona + Supra,mean,equal5,70,1.448123404526435,1.4818339121568054
Barcelona + Supra,mean,equal5,73,1.422545690849025,1.448123404526435
Barcelona + Supra,mean,equal5,177,1.4161238202003348,1.422545690849025
Barcelona + Supra,mean,equal5,179,1.4059995956341158,1.4161238202003348
Barcelona + Supra,mean,equal5,185,1.3860880389070809,1.4059995956341158
Barcelona + Supra,mean,equal5,193,1.3642916378848955,1.3860880389070809
Barcelona + Supra,mean,equal5,196,1.3602000200934545,1.3642916378848955
Barcelona + Supra,mean,equal5,197,1.3485500255039444,1.3602000200934545
Barcelona + Supra,mean,equal5,201,1.3303312668823624,1.3485500255039444
Barcelona + Supra,mean,equal5,204,1.3270019071983228,1.3303312668823624
Barcelona + Supra,mean,equal5,205,1.3112458166642271,1.3270019071983228
Barcelona + Supra,mean,equal5,209,1.2936890856897774,1.3112458166642271
Barcelona + Supra,mean,equal5,210,1.2843998822601213,1.2936890856897774
Barcelona + Supra,mean,equal5,214,1.2745700550307293,1.2843998822601213
Barcelona + Supra,mean,equal5,216,1.2742665653106109,1.2745700550307293
Barcelona + Supra,mean,equal5,219,1.2538394239513277,1.2742665653106109
Barcelona + Supra,mean,equal5,222,1.249085397173347,1.2538394239513277
Barcelona + Supra,mean,equal5,224,1.2244154379113426,1.249085397173347
Barcelona + Supra,mean,equal5,227,1.2156754856238576,1.2244154379113426
Barcelona + Supra,mean,equal5,232,1.1878143258184954,1.2156754856238576
Barcelona + Supra,mean,equal5,235,1.1730557549616747,1.1878143258184954
Barcelona + Supra,mean,equal5,238,1.168430573854914,1.1730557549616747
Barcelona + Supra,mean,equal5,239,1.1607666842730333,1.168430573854914
Barcelona + Supra,mean,equal5,244,1.13881285741366,1.1607666842730333
Barcelona + Supra,mean,equal5,245,1.137728594044943,1.13881285741366
Barcelona + Supra,mean,equal5,250,1.1040893143875117,1.137728594044943
Barcelona + Supra,mean,equal5,254,1.0875011507363215,1.1040893143875117
Barcelona + Supra,mean,equal5,260,1.0651898201083227,1.0875011507363215
Barcelona + Supra,mean,equal5,263,1.0570922731382022,1.0651898201083227
Barcelona + Supra,mean,equal5,264,1.0536175468189026,1.0570922731382022
Barcelona + Supra,mean,equal5,265,1.0476160370995935,1.0536175468189026
Barcelona + Supra,mean,equal5,266,1.0453256548947272,1.0476160370995935
Barcelona + Supra,mean,equal5,267,1.0414194578585212,1.0453256548947272
Barcelona + Supra,mean,equal5,270,1.0276822397675744,1.0414194578585212
Barcelona + Supra,mean,equal5,272,1.0253427287139536,1.0276822397675744
Barcelona + Supra,mean,equal5,275,1.01004461287886,1.0253427287139536
Barcelona + Supra,mean,equal5,278,0.9931115507851938,1.01004461287886
Barcelona + Supra,mean,equal5,282,0.987801109045732,0.9931115507851938
Barcelona + Supra,mean,equal5,287,0.9603247290886707,0.987801109045732
Barcelona + Supra,mean,equal5,291,0.9595789860419028,0.9603247290886707
Barcelona + Supra,mean,equal5,295,0.9339912394716275,0.9595789860419028
Barcelona + Supra,mean,equal5,301,0.9115014845184819,0.9339912394716275
Barcelona + Supra,mean,equal5,304,0.9079027198115249,0.9115014845184819
Barcelona + Supra,mean,equal5,310,0.8963716714645429,0.9079027198115249
Barcelona + Supra,mean,equal5,311,0.8957710226295411,0.8963716714645429
Barcelona + Supra,mean,equal5,313,0.8832968917692791,0.8957710226295411
Barcelona + Supra,mean,equal5,316,0.8828816501945367,0.8832968917692791
Barcelona + Supra,mean,equal5,319,0.8705226303316309,0.8828816501945367
Barcelona + Supra,mean,equal5,320,0.8599715230884181,0.8705226303316309
Barcelona + Supra,mean,equal5,324,0.8559140321819042,0.8599715230884181
Barcelona + Supra,mean,equal5,325,0.853319881059018,0.8559140321819042
Barcelona + Supra,mean,equal5,327,0.8465948735826744,0.853319881059018
Barcelona + Supra,mean,equal5,331,0.8371307890410955,0.8465948735826744
Barcelona + Supra,mean,equal5,333,0.8335269661458563,0.8371307890410955
Barcelona + Supra,mean,equal5,334,0.8287243258620991,0.8335269661458563
Barcelona + Supra,mean,equal5,337,0.8205400838024829,0.8287243258620991
Barcelona + Supra,mean,equal5,339,0.8174837982213211,0.8205400838024829
Barcelona + Supra,mean,equal5,342,0.8070614904101509,0.8174837982213211
Barcelona + Supra,mean,equal5,344,0.797343535699597,0.8070614904101509
Barcelona + Supra,mean,equal5,347,0.7943184541731015,0.797343535699597
Barcelona + Supra,mean,equal5,350,0.7907231737796646,0.7943184541731015
Barcelona + Supra,mean,equal5,354,0.7723904590370338,0.7907231737796646
Barcelona + Supra,mean,equal5,358,0.7695536840465793,0.7723904590370338
Barcelona + Supra,mean,equal5,359,0.7661770514289291,0.7695536840465793
Barcelona + Supra,mean,equal5,362,0.7633674699430789,0.7661770514289291
Barcelona + Supra,mean,equal5,363,0.7623325568725515,0.7633674699430789
Barcelona + Supra,mean,equal5,364,0.7611973035558606,0.7623325568725515
Barcelona + Supra,mean,equal5,365,0.7514845969968069,0.7611973035558606
Barcelona + Supra,mean,equal5,369,0.7468394773470337,0.7514845969968069
Barcelona + Supra,mean,equal5,372,0.7342772147903283,0.7468394773470337
Barcelona + Supra,mean,equal5,377,0.7267025392229574,0.7342772147903283
Barcelona + Supra,mean,equal5,379,0.7191944169456593,0.7267025392229574
Barcelona + Supra,mean,equal5,384,0.7133862560785156,0.7191944169456593
Barcelona + Supra,mean,equal5,388,0.705641481582604,0.7133862560785156
Barcelona + Supra,mean,equal5,389,0.7047274118340571,0.705641481582604
Barcelona + Supra,mean,equal5,393,0.6942161094977466,0.7047274118340571
Barcelona + Supra,mean,equal5,397,0.6887334826836937,0.6942161094977466
Barcelona + Supra,mean,equal5,401,0.6811208935502595,0.6887334826836937
Barcelona + Supra,mean,equal5,404,0.6745075158316962,0.6811208935502595
Barcelona + Supra,mean,equal5,405,0.6709598454365446,0.6745075158316962
Barcelona + Supra,mean,equal5,410,0.6662754673891883,0.6709598454365446
Barcelona + Supra,mean,equal5,413,0.66042503340239,0.6662754673891883
Barcelona + Supra,mean,equal5,417,0.6506648997131367,0.66042503340239
Barcelona + Supra,mean,equal5,418,0.6480431560648678,0.6506648997131367
Barcelona + Supra,mean,equal5,423,0.6416302472333634,0.6480431560648678
Barcelona + Supra,mean,equal5,425,0.6399500224047799,0.6416302472333634
Barcelona + Supra,mean,equal5,428,0.6354099048717632,0.6399500224047799
Barcelona + Supra,mean,equal5,431,0.6339602374719658,0.6354099048717632
Barcelona + Supra,mean,equal5,432,0.6262877123712596,0.6339602374719658
Barcelona + Supra,mean,equal5,436,0.622602834998175,0.6262877123712596
Barcelona + Supra,mean,equal5,438,0.6213155099613923,0.622602834998175
Barcelona + Supra,mean,equal5,441,0.6144475745231567,0.6213155099613923
Barcelona + Supra,mean,equal5,442,0.6116285023112716,0.6144475745231567
Barcelona + Supra,mean,equal5,447,0.6070346438404598,0.6116285023112716
Barcelona + Supra,mean,equal5,448,0.6040268449461267,0.6070346438404598
Barcelona + Supra,mean,equal5,452,0.6020537584850716,0.6040268449461267
Barcelona + Supra,mean,equal5,454,0.6015075766225607,0.6020537584850716
Barcelona + Supra,mean,equal5,455,0.5933449197358805,0.6015075766225607
Barcelona + Supra,mean,equal5,458,0.5906768175726912,0.5933449197358805
Barcelona + Supra,mean,equal5,463,0.5843712771435761,0.5906768175726912
Barcelona + Supra,mean,equal5,464,0.5828946672798299,0.5843712771435761
Barcelona + Supra,mean,equal5,468,0.5737035075154834,0.5828946672798299
Barcelona + Supra,mean,equal5,471,0.5730500244199325,0.5737035075154834
Barcelona + Supra,mean,equal5,474,0.5720082821180444,0.5730500244199325
Barcelona + Supra,mean,equal5,475,0.5711527224641645,0.5720082821180444
Barcelona + Supra,mean,equal5,477,0.5657199497092462,0.5711527224641645
Barcelona + Supra,mean,equal5,480,0.5635352526098382,0.5657199497092462
Barcelona + Supra,mean,equal5,483,0.5609709104173166,0.5635352526098382
Barcelona + Supra,mean,equal5,484,0.5578878878737977,0.5609709104173166
Barcelona + Supra,mean,equal5,486,0.5539203871081335,0.5578878878737977
Barcelona + Supra,mean,equal5,490,0.5476751712924377,0.5539203871081335
Barcelona + Supra,mean,equal5,491,0.5474184775618464,0.5476751712924377
Barcelona + Supra,mean,equal5,493,0.5464940705889605,0.5474184775618464
Barcelona + Supra,mean,equal5,496,0.5444438709724786,0.5464940705889605
Barcelona + Supra,mean,equal5,498,0.5361855336583233,0.5444438709724786
Barcelona + Supra,mean,equal5,500,0.0,0.5361855336583233
Barcelona + Supra,p95,pos3d_rmse_m,105,42.068460470112754,inf
Barcelona + Supra,p95,pos3d_rmse_m,114,19.1251171920109,42.068460470112754
Barcelona + Supra,p95,pos3d_rmse_m,116,14.65764353329866,19.1251171920109
Barcelona + Supra,p95,pos3d_rmse_m,124,10.389716139798722,14.65764353329866
Barcelona + Supra,p95,pos3d_rmse_m,125,8.112509725815135,10.389716139798722
Barcelona + Supra,p95,pos3d_rmse_m,128,5.301390948593499,8.112509725815135
Barcelona + Supra,p95,pos3d_rmse_m,129,3.6905682304919813,5.301390948593499
Barcelona + Supra,p95,pos3d_rmse_m,151,3.1965254540248687,3.6905682304919813
Barcelona + Supra,p95,pos3d_rmse_m,155,3.107214381629753,3.1965254540248687
Barcelona + Supra,p95,pos3d_rmse_m,163,2.963075495684627,3.107214381629753
Barcelona + Supra,p95,pos3d_rmse_m,166,2.9251498231753206,2.963075495684627
Barcelona + Supra,p95,pos3d_rmse_m,170,2.3476427567278413,2.9251498231753206
Barcelona + Supra,p95,pos3d_rmse_m,172,2.1252242804629975,2.3476427567278413
Barcelona + Supra,p95,pos3d_rmse_m,173,1.7329778847185133,2.1252242804629975
Barcelona + Supra,p95,pos3d_rmse_m,190,1.6747415938066514,1.7329778847185133
Barcelona + Supra,p95,pos3d_rmse_m,191,1.5962384888012071,1.6747415938066514
Barcelona + Supra,p95,pos3d_rmse_m,194,1.53558838452352,1.5962384888012071
Barcelona + Supra,p95,pos3d_rmse_m,212,1.2354747542470605,1.53558838452352
Barcelona + Supra,p95,pos3d_rmse_m,229,1.222142770398234,1.2354747542470605
Barcelona + Supra,p95,pos3d_rmse_m,230,1.0736554939538685,1.222142770398234
Barcelona + Supra,p95,pos3d_rmse_m,231,1.0318761437895696,1.0736554939538685
Barcelona + Supra,p95,pos3d_rmse_m,232,1.0102564966270051,1.0318761437895696
Barcelona + Supra,p95,pos3d_rmse_m,245,0.9520630560342492,1.0102564966270051
Barcelona + Supra,p95,pos3d_rmse_m,246,0.9456889126488446,0.9520630560342492
Barcelona + Supra,p95,pos3d_rmse_m,252,0.9430113186601067,0.9456889126488446
Barcelona + Supra,p95,pos3d_rmse_m,253,0.9234096283467582,0.9430113186601067
Barcelona + Supra,p95,pos3d_rmse_m,254,0.9192785288260182,0.9234096283467582
Barcelona + Supra,p95,pos3d_rmse_m,255,0.9168001373615391,0.9192785288260182
Barcelona + Supra,p95,pos3d_rmse_m,256,0.9084022824894393,0.9168001373615391
Barcelona + Supra,p95,pos3d_rmse_m,257,0.892725747977832,0.9084022824894393
Barcelona + Supra,p95,pos3d_rmse_m,258,0.8741804049839897,0.892725747977832
Barcelona + Supra,p95,pos3d_rmse_m,269,0.8397283713838892,0.8741804049839897
Barcelona + Supra,p95,pos3d_rmse_m,271,0.818403898984182,0.8397283713838892
Barcelona + Supra,p95,pos3d_rmse_m,297,0.7740199093509559,0.818403898984182
Barcelona + Supra,p95,pos3d_rmse_m,321,0.7482191491788203,0.7740199093509559
Barcelona + Supra,p95,pos3d_rmse_m,322,0.7325874260854235,0.7482191491788203
Barcelona + Supra,p95,pos3d_rmse_m,325,0.7144880191150779,0.7325874260854235
Barcelona + Supra,p95,pos3d_rmse_m,333,0.6997466851366491,0.7144880191150779
Barcelona + Supra,p95,pos3d_rmse_m,337,0.6967700887901773,0.6997466851366491
Barcelona + Supra,p95,pos3d_rmse_m,338,0.6772640282601607,0.6967700887901773
Barcelona + Supra,p95,pos3d_rmse_m,339,0.641185591679704,0.6772640282601607
Barcelona + Supra,p95,pos3d_rmse_m,340,0.6298077949787814,0.641185591679704
Barcelona + Supra,p95,pos3d_rmse_m,373,0.5773278395705917,0.6298077949787814
Barcelona + Supra,p95,pos3d_rmse_m,374,0.5642998340267493,0.5773278395705917
Barcelona + Supra,p95,pos3d_rmse_m,378,0.5508522542617651,0.5642998340267493
Barcelona + Supra,p95,pos3d_rmse_m,380,0.5434310265015778,0.5508522542617651
Barcelona + Supra,p95,pos3d_rmse_m,381,0.5382019739228331,0.5434310265015778
Barcelona + Supra,p95,pos3d_rmse_m,411,0.5083722864620871,0.5382019739228331
Barcelona + Supra,p95,pos3d_rmse_m,447,0.48989172165571887,0.5083722864620871
Barcelona + Supra,p95,pos3d_rmse_m,466,0.4322458213096751,0.48989172165571887
Barcelona + Supra,p95,pos3d_rmse_m,468,0.42290999804567814,0.4322458213096751
Barcelona + Supra,p95,pos3d_rmse_m,473,0.4208071568633191,0.42290999804567814
Barcelona + Supra,p95,pos3d_rmse_m,474,0.41654258827573076,0.4208071568633191
Barcelona + Supra,p95,pos3d_rmse_m,481,0.409856553755102,0.41654258827573076
Barcelona + Supra,p95,pos3d_rmse_m,486,0.4059528754568138,0.409856553755102
Barcelona + Supra,p95,pos3d_rmse_m,487,0.4045232530572869,0.4059528754568138
Barcelona + Supra,p95,pos3d_rmse_m,494,0.39915250679190706,0.4045232530572869
Barcelona + Supra,p95,pos3d_rmse_m,495,0.39904273087362835,0.39915250679190706
Barcelona + Supra,p95,pos3d_rmse_m,497,0.3979327024508152,0.39904273087362835
Barcelona + Supra,p95,pos3d_rmse_m,500,0.0,0.3979327024508152
Barcelona + Supra,p95,pos3d_finalae_m,64,150.23981996224143,inf
Barcelona + Supra,p95,pos3d_finalae_m,77,44.39822477251989,150.23981996224143
Barcelona + Supra,p95,pos3d_finalae_m,83,10.863878981603982,44.39822477251989
Barcelona + Supra,p95,pos3d_finalae_m,91,5.688780435589911,10.863878981603982
Barcelona + Supra,p95,pos3d_finalae_m,95,5.243504610872936,5.688780435589911
Barcelona + Supra,p95,pos3d_finalae_m,114,3.9647488111704727,5.243504610872936
Barcelona + Supra,p95,pos3d_finalae_m,127,3.116778020699919,3.9647488111704727
Barcelona + Supra,p95,pos3d_finalae_m,128,2.5969552953472275,3.116778020699919
Barcelona + Supra,p95,pos3d_finalae_m,136,2.526013388291616,2.5969552953472275
Barcelona + Supra,p95,pos3d_finalae_m,145,2.4098253480712435,2.526013388291616
Barcelona + Supra,p95,pos3d_finalae_m,146,2.2940691806941143,2.4098253480712435
Barcelona + Supra,p95,pos3d_finalae_m,151,2.1604231133321923,2.2940691806941143
Barcelona + Supra,p95,pos3d_finalae_m,170,1.806051354295907,2.1604231133321923
Barcelona + Supra,p95,pos3d_finalae_m,179,1.5328541623064782,1.806051354295907
Barcelona + Supra,p95,pos3d_finalae_m,183,1.4718662679629793,1.5328541623064782
Barcelona + Supra,p95,pos3d_finalae_m,194,1.3268433247346805,1.4718662679629793
Barcelona + Supra,p95,pos3d_finalae_m,205,1.19887192673201,1.3268433247346805
Barcelona + Supra,p95,pos3d_finalae_m,225,1.1236485019346838,1.19887192673201
Barcelona + Supra,p95,pos3d_finalae_m,230,1.0488520907833856,1.1236485019346838
Barcelona + Supra,p95,pos3d_finalae_m,250,1.0451270053126227,1.0488520907833856
Barcelona + Supra,p95,pos3d_finalae_m,259,1.0358103151464269,1.0451270053126227
Barcelona + Supra,p95,pos3d_finalae_m,263,1.026469260380464,1.0358103151464269
Barcelona + Supra,p95,pos3d_finalae_m,273,0.8854899739373211,1.026469260380464
Barcelona + Supra,p95,pos3d_finalae_m,278,0.8636615843118307,0.8854899739373211
Barcelona + Supra,p95,pos3d_finalae_m,279,0.8288445825020881,0.8636615843118307
Barcelona + Supra,p95,pos3d_finalae_m,310,0.763858092335863,0.8288445825020881
Barcelona + Supra,p95,pos3d_finalae_m,317,0.7244724341089461,0.763858092335863
Barcelona + Supra,p95,pos3d_finalae_m,342,0.681539780371318,0.7244724341089461
Barcelona + Supra,p95,pos3d_finalae_m,348,0.6798733705224288,0.681539780371318
Barcelona + Supra,p95,pos3d_finalae_m,367,0.6455844788985055,0.6798733705224288
Barcelona + Supra,p95,pos3d_finalae_m,368,0.6399414526342788,0.6455844788985055
Barcelona + Supra,p95,pos3d_finalae_m,385,0.6207450463308379,0.6399414526342788
Barcelona + Supra,p95,pos3d_finalae_m,391,0.5699479770167579,0.6207450463308379
Barcelona + Supra,p95,pos3d_finalae_m,395,0.5458975272090699,0.5699479770167579
Barcelona + Supra,p95,pos3d_finalae_m,408,0.5218721841069507,0.5458975272090699
Barcelona + Supra,p95,pos3d_finalae_m,423,0.5118199430595645,0.5218721841069507
Barcelona + Supra,p95,pos3d_finalae_m,432,0.49522396847473016,0.5118199430595645
Barcelona + Supra,p95,pos3d_finalae_m,452,0.46523689173162575,0.49522396847473016
Barcelona + Supra,p95,pos3d_finalae_m,476,0.46202803540875753,0.46523689173162575
Barcelona + Supra,p95,pos3d_finalae_m,486,0.41278084044802926,0.46202803540875753
Barcelona + Supra,p95,pos3d_finalae_m,497,0.40352376115291894,0.41278084044802926
Barcelona + Supra,p95,pos3d_finalae_m,498,0.3828471066113101,0.40352376115291894
Barcelona + Supra,p95,pos3d_finalae_m,500,0.0,0.3828471066113101
Barcelona + Supra,p95,speedKmh_rmse,2,9.411052974145134,inf
Barcelona + Supra,p95,speedKmh_rmse,4,2.753539980628088,9.411052974145134
Barcelona + Supra,p95,speedKmh_rmse,5,1.9045933541768973,2.753539980628088
Barcelona + Supra,p95,speedKmh_rmse,6,1.5285921100278954,1.9045933541768973
Barcelona + Supra,p95,speedKmh_rmse,9,1.511884193678146,1.5285921100278954
Barcelona + Supra,p95,speedKmh_rmse,148,1.3875362547489658,1.511884193678146
Barcelona + Supra,p95,speedKmh_rmse,154,1.2582511008954933,1.3875362547489658
Barcelona + Supra,p95,speedKmh_rmse,156,1.2098823020990377,1.2582511008954933
Barcelona + Supra,p95,speedKmh_rmse,157,1.174100979311199,1.2098823020990377
Barcelona + Supra,p95,speedKmh_rmse,165,1.109707903646773,1.174100979311199
Barcelona + Supra,p95,speedKmh_rmse,166,1.0992150248617156,1.109707903646773
Barcelona + Supra,p95,speedKmh_rmse,172,1.0040277318579505,1.0992150248617156
Barcelona + Supra,p95,speedKmh_rmse,205,0.8929727046521363,1.0040277318579505
Barcelona + Supra,p95,speedKmh_rmse,212,0.8898111435979236,0.8929727046521363
Barcelona + Supra,p95,speedKmh_rmse,310,0.8145370889816995,0.8898111435979236
Barcelona + Supra,p95,speedKmh_rmse,500,0.0,0.8145370889816995
Barcelona + Supra,p95,attitude_mean_mae_deg,31,14.129105825720737,inf
Barcelona + Supra,p95,attitude_mean_mae_deg,32,7.034945409041601,14.129105825720737
Barcelona + Supra,p95,attitude_mean_mae_deg,36,4.780428094561471,7.034945409041601
Barcelona + Supra,p95,attitude_mean_mae_deg,41,1.9429136213369906,4.780428094561471
Barcelona + Supra,p95,attitude_mean_mae_deg,46,1.6795637358255118,1.9429136213369906
Barcelona + Supra,p95,attitude_mean_mae_deg,52,1.2123379256412035,1.6795637358255118
Barcelona + Supra,p95,attitude_mean_mae_deg,57,1.12129850003177,1.2123379256412035
Barcelona + Supra,p95,attitude_mean_mae_deg,163,1.020863096783639,1.12129850003177
Barcelona + Supra,p95,attitude_mean_mae_deg,191,0.9389050225386946,1.020863096783639
Barcelona + Supra,p95,attitude_mean_mae_deg,241,0.8877426523959262,0.9389050225386946
Barcelona + Supra,p95,attitude_mean_mae_deg,242,0.8830814465448754,0.8877426523959262
Barcelona + Supra,p95,attitude_mean_mae_deg,247,0.8579853502025819,0.8830814465448754
Barcelona + Supra,p95,attitude_mean_mae_deg,340,0.8281500096455041,0.8579853502025819
Barcelona + Supra,p95,attitude_mean_mae_deg,453,0.769392014993552,0.8281500096455041
Barcelona + Supra,p95,attitude_mean_mae_deg,493,0.5627305032297111,0.769392014993552
Barcelona + Supra,p95,attitude_mean_mae_deg,500,0.0,0.5627305032297111
Barcelona + Supra,p95,SlipAngle_mean_rmse,15,3.072854490201754,inf
Barcelona + Supra,p95,SlipAngle_mean_rmse,24,1.4060568604424921,3.072854490201754
Barcelona + Supra,p95,SlipAngle_mean_rmse,41,1.2815072095219857,1.4060568604424921
Barcelona + Supra,p95,SlipAngle_mean_rmse,51,1.2691288868074135,1.2815072095219857
Barcelona + Supra,p95,SlipAngle_mean_rmse,56,1.2442106886203543,1.2691288868074135
Barcelona + Supra,p95,SlipAngle_mean_rmse,325,1.1517736383461064,1.2442106886203543
Barcelona + Supra,p95,SlipAngle_mean_rmse,339,0.9471282966543452,1.1517736383461064
Barcelona + Supra,p95,SlipAngle_mean_rmse,444,0.5093491596501362,0.9471282966543452
Barcelona + Supra,p95,SlipAngle_mean_rmse,461,0.3360327054834122,0.5093491596501362
Barcelona + Supra,p95,SlipAngle_mean_rmse,469,0.2741849869878461,0.3360327054834122
Barcelona + Supra,p95,SlipAngle_mean_rmse,487,0.24006116819309056,0.2741849869878461
Barcelona + Supra,p95,SlipAngle_mean_rmse,497,0.17333850638571277,0.24006116819309056
Barcelona + Supra,p95,SlipAngle_mean_rmse,498,0.1693176025579306,0.17333850638571277
Barcelona + Supra,p95,SlipAngle_mean_rmse,499,0.1687645138752115,0.1693176025579306
Barcelona + Supra,p95,SlipAngle_mean_rmse,500,0.0,0.1687645138752115
Barcelona + Supra,p95,grouped,8,26.38822255129962,inf
Barcelona + Supra,p95,grouped,12,22.928234647188148,26.38822255129962
Barcelona + Supra,p95,grouped,13,5.936220075744806,22.928234647188148
Barcelona + Supra,p95,grouped,15,4.259977048468938,5.936220075744806
Barcelona + Supra,p95,grouped,24,2.6962838360448083,4.259977048468938
Barcelona + Supra,p95,grouped,31,2.689477111507935,2.6962838360448083
Barcelona + Supra,p95,grouped,33,2.5800482187341345,2.689477111507935
Barcelona + Supra,p95,grouped,41,2.14922143094138,2.5800482187341345
Barcelona + Supra,p95,grouped,42,1.9204231579838738,2.14922143094138
Barcelona + Supra,p95,grouped,51,1.7374348659345513,1.9204231579838738
Barcelona + Supra,p95,grouped,56,1.6920647698820648,1.7374348659345513
Barcelona + Supra,p95,grouped,58,1.4953847928058082,1.6920647698820648
Barcelona + Supra,p95,grouped,76,1.4669525156632093,1.4953847928058082
Barcelona + Supra,p95,grouped,159,1.4068804530123518,1.4669525156632093
Barcelona + Supra,p95,grouped,164,1.2616655753796762,1.4068804530123518
Barcelona + Supra,p95,grouped,191,1.1554686966037502,1.2616655753796762
Barcelona + Supra,p95,grouped,205,1.150143569427018,1.1554686966037502
Barcelona + Supra,p95,grouped,247,1.0167259291492934,1.150143569427018
Barcelona + Supra,p95,grouped,248,0.930535309601667,1.0167259291492934
Barcelona + Supra,p95,grouped,312,0.9019342267609729,0.930535309601667
Barcelona + Supra,p95,grouped,339,0.767083866944797,0.9019342267609729
Barcelona + Supra,p95,grouped,379,0.7434392833484952,0.767083866944797
Barcelona + Supra,p95,grouped,415,0.7384975092818897,0.7434392833484952
Barcelona + Supra,p95,grouped,444,0.664861557106809,0.7384975092818897
Barcelona + Supra,p95,grouped,445,0.6390045832215947,0.664861557106809
Barcelona + Supra,p95,grouped,448,0.5815134897912755,0.6390045832215947
Barcelona + Supra,p95,grouped,461,0.5428240599418122,0.5815134897912755
Barcelona + Supra,p95,grouped,466,0.5416722914893364,0.5428240599418122
Barcelona + Supra,p95,grouped,469,0.49431198245706576,0.5416722914893364
Barcelona + Supra,p95,grouped,487,0.4549470923599525,0.49431198245706576
Barcelona + Supra,p95,grouped,493,0.4248337579180138,0.4549470923599525
Barcelona + Supra,p95,grouped,497,0.3772264034292195,0.4248337579180138
Barcelona + Supra,p95,grouped,500,0.0,0.3772264034292195
Barcelona + Supra,p95,worst,2,6.40535430288235,inf
Barcelona + Supra,p95,worst,3,4.741220824999719,6.40535430288235
Barcelona + Supra,p95,worst,5,1.9045933541768973,4.741220824999719
Barcelona + Supra,p95,worst,6,1.5285921100278954,1.9045933541768973
Barcelona + Supra,p95,worst,9,1.511884193678146,1.5285921100278954
Barcelona + Supra,p95,worst,148,1.3875362547489658,1.511884193678146
Barcelona + Supra,p95,worst,154,1.2582511008954933,1.3875362547489658
Barcelona + Supra,p95,worst,156,1.2098823020990377,1.2582511008954933
Barcelona + Supra,p95,worst,157,1.174100979311199,1.2098823020990377
Barcelona + Supra,p95,worst,165,1.109707903646773,1.174100979311199
Barcelona + Supra,p95,worst,166,1.0992150248617156,1.109707903646773
Barcelona + Supra,p95,worst,172,1.0040277318579505,1.0992150248617156
Barcelona + Supra,p95,worst,205,0.8929727046521363,1.0040277318579505
Barcelona + Supra,p95,worst,212,0.8898111435979236,0.8929727046521363
Barcelona + Supra,p95,worst,310,0.8145370889816995,0.8898111435979236
Barcelona + Supra,p95,worst,500,0.0,0.8145370889816995
Barcelona + Supra,p95,equal5,8,27.476594030364634,inf
Barcelona + Supra,p95,equal5,13,6.368446247048834,27.476594030364634
Barcelona + Supra,p95,equal5,15,5.853121847369994,6.368446247048834
Barcelona + Supra,p95,equal5,24,3.467245856157749,5.853121847369994
Barcelona + Supra,p95,equal5,33,3.2300107043242527,3.467245856157749
Barcelona + Supra,p95,equal5,42,2.3663280049134063,3.2300107043242527
Barcelona + Supra,p95,equal5,51,2.202271783036696,2.3663280049134063
Barcelona + Supra,p95,equal5,58,1.8884721817481611,2.202271783036696
Barcelona + Supra,p95,equal5,76,1.7952579327654916,1.8884721817481611
Barcelona + Supra,p95,equal5,77,1.7599313190500547,1.7952579327654916
Barcelona + Supra,p95,equal5,123,1.656189787919807,1.7599313190500547
Barcelona + Supra,p95,equal5,159,1.5594435903233077,1.656189787919807
Barcelona + Supra,p95,equal5,164,1.3940351851687336,1.5594435903233077
Barcelona + Supra,p95,equal5,170,1.3305787338652804,1.3940351851687336
Barcelona + Supra,p95,equal5,191,1.2038077274086736,1.3305787338652804
Barcelona + Supra,p95,equal5,205,1.1496031947757315,1.2038077274086736
Barcelona + Supra,p95,equal5,247,0.9921814426146475,1.1496031947757315
Barcelona + Supra,p95,equal5,248,0.9157081049445593,0.9921814426146475
Barcelona + Supra,p95,equal5,311,0.9056301318467099,0.9157081049445593
Barcelona + Supra,p95,equal5,312,0.8650053375259097,0.9056301318467099
Barcelona + Supra,p95,equal5,339,0.7386681574199946,0.8650053375259097
Barcelona + Supra,p95,equal5,379,0.6951135534205992,0.7386681574199946
Barcelona + Supra,p95,equal5,415,0.675566662842908,0.6951135534205992
Barcelona + Supra,p95,equal5,444,0.6443766746937916,0.675566662842908
Barcelona + Supra,p95,equal5,445,0.6023465243306827,0.6443766746937916
Barcelona + Supra,p95,equal5,448,0.557270417371221,0.6023465243306827
Barcelona + Supra,p95,equal5,461,0.5304129257465883,0.557270417371221
Barcelona + Supra,p95,equal5,466,0.513957122621775,0.5304129257465883
Barcelona + Supra,p95,equal5,469,0.5075128175906537,0.513957122621775
Barcelona + Supra,p95,equal5,470,0.4812617012757175,0.5075128175906537
Barcelona + Supra,p95,equal5,486,0.45316331867354603,0.4812617012757175
Barcelona + Supra,p95,equal5,487,0.4495612955417675,0.45316331867354603
Barcelona + Supra,p95,equal5,493,0.424949311456459,0.4495612955417675
Barcelona + Supra,p95,equal5,497,0.3804018686332545,0.424949311456459
Barcelona + Supra,p95,equal5,500,0.0,0.3804018686332545
Silverstone + AE86,mean,pos3d_rmse_m,147,226.4597130795124,inf
Silverstone + AE86,mean,pos3d_rmse_m,148,61.85191262356823,226.4597130795124
Silverstone + AE86,mean,pos3d_rmse_m,149,49.338497806654665,61.85191262356823
Silverstone + AE86,mean,pos3d_rmse_m,152,33.64074353838418,49.338497806654665
Silverstone + AE86,mean,pos3d_rmse_m,153,24.378522225197724,33.64074353838418
Silverstone + AE86,mean,pos3d_rmse_m,154,20.929537807560877,24.378522225197724
Silverstone + AE86,mean,pos3d_rmse_m,155,18.58266002548588,20.929537807560877
Silverstone + AE86,mean,pos3d_rmse_m,157,16.599720072193488,18.58266002548588
Silverstone + AE86,mean,pos3d_rmse_m,158,14.786556949035557,16.599720072193488
Silverstone + AE86,mean,pos3d_rmse_m,159,12.33803075031448,14.786556949035557
Silverstone + AE86,mean,pos3d_rmse_m,160,11.469653573752502,12.33803075031448
Silverstone + AE86,mean,pos3d_rmse_m,161,10.658954857149595,11.469653573752502
Silverstone + AE86,mean,pos3d_rmse_m,162,9.711619918286573,10.658954857149595
Silverstone + AE86,mean,pos3d_rmse_m,163,9.478331927859502,9.711619918286573
Silverstone + AE86,mean,pos3d_rmse_m,164,8.820862724758449,9.478331927859502
Silverstone + AE86,mean,pos3d_rmse_m,165,8.189044449580425,8.820862724758449
Silverstone + AE86,mean,pos3d_rmse_m,166,7.574903557501479,8.189044449580425
Silverstone + AE86,mean,pos3d_rmse_m,167,7.546741361666474,7.574903557501479
Silverstone + AE86,mean,pos3d_rmse_m,168,6.898421057094965,7.546741361666474
Silverstone + AE86,mean,pos3d_rmse_m,169,6.144114715268159,6.898421057094965
Silverstone + AE86,mean,pos3d_rmse_m,171,5.934882869084707,6.144114715268159
Silverstone + AE86,mean,pos3d_rmse_m,173,5.637628573965785,5.934882869084707
Silverstone + AE86,mean,pos3d_rmse_m,174,5.1211490688084815,5.637628573965785
Silverstone + AE86,mean,pos3d_rmse_m,175,5.076298694361162,5.1211490688084815
Silverstone + AE86,mean,pos3d_rmse_m,176,4.790029697099344,5.076298694361162
Silverstone + AE86,mean,pos3d_rmse_m,177,4.66522476722994,4.790029697099344
Silverstone + AE86,mean,pos3d_rmse_m,179,4.390285738281763,4.66522476722994
Silverstone + AE86,mean,pos3d_rmse_m,180,4.354908844290171,4.390285738281763
Silverstone + AE86,mean,pos3d_rmse_m,181,4.220656013483652,4.354908844290171
Silverstone + AE86,mean,pos3d_rmse_m,182,4.031400944033999,4.220656013483652
Silverstone + AE86,mean,pos3d_rmse_m,183,3.821437724884495,4.031400944033999
Silverstone + AE86,mean,pos3d_rmse_m,184,3.7320304858753026,3.821437724884495
Silverstone + AE86,mean,pos3d_rmse_m,185,3.577081840334858,3.7320304858753026
Silverstone + AE86,mean,pos3d_rmse_m,186,3.5296645000078266,3.577081840334858
Silverstone + AE86,mean,pos3d_rmse_m,187,3.447378719664778,3.5296645000078266
Silverstone + AE86,mean,pos3d_rmse_m,188,3.38624210866272,3.447378719664778
Silverstone + AE86,mean,pos3d_rmse_m,189,3.234237209682454,3.38624210866272
Silverstone + AE86,mean,pos3d_rmse_m,190,3.219262558927758,3.234237209682454
Silverstone + AE86,mean,pos3d_rmse_m,191,3.0851087447682652,3.219262558927758
Silverstone + AE86,mean,pos3d_rmse_m,192,2.960456186424374,3.0851087447682652
Silverstone + AE86,mean,pos3d_rmse_m,193,2.8896001662901285,2.960456186424374
Silverstone + AE86,mean,pos3d_rmse_m,194,2.8893173185832723,2.8896001662901285
Silverstone + AE86,mean,pos3d_rmse_m,195,2.745072559837901,2.8893173185832723
Silverstone + AE86,mean,pos3d_rmse_m,196,2.6920176805714933,2.745072559837901
Silverstone + AE86,mean,pos3d_rmse_m,197,2.657054408405843,2.6920176805714933
Silverstone + AE86,mean,pos3d_rmse_m,198,2.619028431824568,2.657054408405843
Silverstone + AE86,mean,pos3d_rmse_m,199,2.5215534657532985,2.619028431824568
Silverstone + AE86,mean,pos3d_rmse_m,200,2.4936123126859324,2.5215534657532985
Silverstone + AE86,mean,pos3d_rmse_m,201,2.408919349780295,2.4936123126859324
Silverstone + AE86,mean,pos3d_rmse_m,202,2.3597717103795315,2.408919349780295
Silverstone + AE86,mean,pos3d_rmse_m,203,2.2760856884063543,2.3597717103795315
Silverstone + AE86,mean,pos3d_rmse_m,204,2.2443334322879687,2.2760856884063543
Silverstone + AE86,mean,pos3d_rmse_m,205,2.1977343495108466,2.2443334322879687
Silverstone + AE86,mean,pos3d_rmse_m,206,2.132614496059214,2.1977343495108466
Silverstone + AE86,mean,pos3d_rmse_m,208,2.069588431451665,2.132614496059214
Silverstone + AE86,mean,pos3d_rmse_m,211,1.9836557448132428,2.069588431451665
Silverstone + AE86,mean,pos3d_rmse_m,212,1.9248440816921495,1.9836557448132428
Silverstone + AE86,mean,pos3d_rmse_m,214,1.9164013157419022,1.9248440816921495
Silverstone + AE86,mean,pos3d_rmse_m,215,1.8615864344219697,1.9164013157419022
Silverstone + AE86,mean,pos3d_rmse_m,216,1.8439494578847044,1.8615864344219697
Silverstone + AE86,mean,pos3d_rmse_m,217,1.7820147499044612,1.8439494578847044
Silverstone + AE86,mean,pos3d_rmse_m,218,1.755027879300225,1.7820147499044612
Silverstone + AE86,mean,pos3d_rmse_m,220,1.7402217433073104,1.755027879300225
Silverstone + AE86,mean,pos3d_rmse_m,221,1.715444100830792,1.7402217433073104
Silverstone + AE86,mean,pos3d_rmse_m,222,1.64276581708403,1.715444100830792
Silverstone + AE86,mean,pos3d_rmse_m,223,1.626933704277118,1.64276581708403
Silverstone + AE86,mean,pos3d_rmse_m,226,1.5767474279030183,1.626933704277118
Silverstone + AE86,mean,pos3d_rmse_m,227,1.5553678119113246,1.5767474279030183
Silverstone + AE86,mean,pos3d_rmse_m,228,1.5015882624540073,1.5553678119113246
Silverstone + AE86,mean,pos3d_rmse_m,229,1.4924330256946958,1.5015882624540073
Silverstone + AE86,mean,pos3d_rmse_m,230,1.4718905220985,1.4924330256946958
Silverstone + AE86,mean,pos3d_rmse_m,232,1.4575500409067552,1.4718905220985
Silverstone + AE86,mean,pos3d_rmse_m,233,1.453308255070856,1.4575500409067552
Silverstone + AE86,mean,pos3d_rmse_m,234,1.3991941247019366,1.453308255070856
Silverstone + AE86,mean,pos3d_rmse_m,236,1.3733939661690158,1.3991941247019366
Silverstone + AE86,mean,pos3d_rmse_m,238,1.3464935568737222,1.3733939661690158
Silverstone + AE86,mean,pos3d_rmse_m,239,1.3331468748420139,1.3464935568737222
Silverstone + AE86,mean,pos3d_rmse_m,240,1.3274604364266516,1.3331468748420139
Silverstone + AE86,mean,pos3d_rmse_m,241,1.2977906483303658,1.3274604364266516
Silverstone + AE86,mean,pos3d_rmse_m,242,1.292187574500619,1.2977906483303658
Silverstone + AE86,mean,pos3d_rmse_m,243,1.2652010840069075,1.292187574500619
Silverstone + AE86,mean,pos3d_rmse_m,244,1.2454066503220373,1.2652010840069075
Silverstone + AE86,mean,pos3d_rmse_m,246,1.2300674240331109,1.2454066503220373
Silverstone + AE86,mean,pos3d_rmse_m,248,1.1949653601378403,1.2300674240331109
Silverstone + AE86,mean,pos3d_rmse_m,249,1.1883624719688672,1.1949653601378403
Silverstone + AE86,mean,pos3d_rmse_m,250,1.1605032341840822,1.1883624719688672
Silverstone + AE86,mean,pos3d_rmse_m,251,1.1526784015091391,1.1605032341840822
Silverstone + AE86,mean,pos3d_rmse_m,253,1.143819160854233,1.1526784015091391
Silverstone + AE86,mean,pos3d_rmse_m,255,1.1093544150109302,1.143819160854233
Silverstone + AE86,mean,pos3d_rmse_m,257,1.099974262636339,1.1093544150109302
Silverstone + AE86,mean,pos3d_rmse_m,258,1.0740819107942834,1.099974262636339
Silverstone + AE86,mean,pos3d_rmse_m,259,1.063101542908497,1.0740819107942834
Silverstone + AE86,mean,pos3d_rmse_m,261,1.0479926356266782,1.063101542908497
Silverstone + AE86,mean,pos3d_rmse_m,262,1.0386895648892973,1.0479926356266782
Silverstone + AE86,mean,pos3d_rmse_m,264,1.0150125376967665,1.0386895648892973
Silverstone + AE86,mean,pos3d_rmse_m,266,1.003964226947461,1.0150125376967665
Silverstone + AE86,mean,pos3d_rmse_m,267,0.9906748581826578,1.003964226947461
Silverstone + AE86,mean,pos3d_rmse_m,268,0.9887543456212511,0.9906748581826578
Silverstone + AE86,mean,pos3d_rmse_m,271,0.9491637975943147,0.9887543456212511
Silverstone + AE86,mean,pos3d_rmse_m,273,0.9435222325712261,0.9491637975943147
Silverstone + AE86,mean,pos3d_rmse_m,275,0.9352431212748621,0.9435222325712261
Silverstone + AE86,mean,pos3d_rmse_m,277,0.914153744289525,0.9352431212748621
Silverstone + AE86,mean,pos3d_rmse_m,279,0.9081063343044468,0.914153744289525
Silverstone + AE86,mean,pos3d_rmse_m,280,0.9041022743680024,0.9081063343044468
Silverstone + AE86,mean,pos3d_rmse_m,281,0.8911543603748936,0.9041022743680024
Silverstone + AE86,mean,pos3d_rmse_m,283,0.8781210172948398,0.8911543603748936
Silverstone + AE86,mean,pos3d_rmse_m,285,0.8665047557480186,0.8781210172948398
Silverstone + AE86,mean,pos3d_rmse_m,287,0.8609107545390754,0.8665047557480186
Silverstone + AE86,mean,pos3d_rmse_m,288,0.8410253548046229,0.8609107545390754
Silverstone + AE86,mean,pos3d_rmse_m,291,0.8364675689868432,0.8410253548046229
Silverstone + AE86,mean,pos3d_rmse_m,292,0.8307674865900623,0.8364675689868432
Silverstone + AE86,mean,pos3d_rmse_m,294,0.8094057867486344,0.8307674865900623
Silverstone + AE86,mean,pos3d_rmse_m,295,0.7994384122269296,0.8094057867486344
Silverstone + AE86,mean,pos3d_rmse_m,299,0.790768005365707,0.7994384122269296
Silverstone + AE86,mean,pos3d_rmse_m,300,0.7852420506406077,0.790768005365707
Silverstone + AE86,mean,pos3d_rmse_m,302,0.7682207142866477,0.7852420506406077
Silverstone + AE86,mean,pos3d_rmse_m,305,0.7633648904418052,0.7682207142866477
Silverstone + AE86,mean,pos3d_rmse_m,306,0.7553423364103014,0.7633648904418052
Silverstone + AE86,mean,pos3d_rmse_m,307,0.7538767034534932,0.7553423364103014
Silverstone + AE86,mean,pos3d_rmse_m,308,0.7406246746707197,0.7538767034534932
Silverstone + AE86,mean,pos3d_rmse_m,310,0.734819551017958,0.7406246746707197
Silverstone + AE86,mean,pos3d_rmse_m,312,0.7295343560200384,0.734819551017958
Silverstone + AE86,mean,pos3d_rmse_m,313,0.7288258410222492,0.7295343560200384
Silverstone + AE86,mean,pos3d_rmse_m,314,0.7279546263300049,0.7288258410222492
Silverstone + AE86,mean,pos3d_rmse_m,315,0.7110175161156246,0.7279546263300049
Silverstone + AE86,mean,pos3d_rmse_m,316,0.7032017950331519,0.7110175161156246
Silverstone + AE86,mean,pos3d_rmse_m,321,0.6902175361977506,0.7032017950331519
Silverstone + AE86,mean,pos3d_rmse_m,323,0.6805533894644497,0.6902175361977506
Silverstone + AE86,mean,pos3d_rmse_m,324,0.6774791063994425,0.6805533894644497
Silverstone + AE86,mean,pos3d_rmse_m,327,0.6704984311189781,0.6774791063994425
Silverstone + AE86,mean,pos3d_rmse_m,330,0.6525879275571509,0.6704984311189781
Silverstone + AE86,mean,pos3d_rmse_m,334,0.64701455484494,0.6525879275571509
Silverstone + AE86,mean,pos3d_rmse_m,335,0.6440919736602836,0.64701455484494
Silverstone + AE86,mean,pos3d_rmse_m,336,0.6371202405124128,0.6440919736602836
Silverstone + AE86,mean,pos3d_rmse_m,338,0.6314337534064257,0.6371202405124128
Silverstone + AE86,mean,pos3d_rmse_m,339,0.6293102959049404,0.6314337534064257
Silverstone + AE86,mean,pos3d_rmse_m,340,0.6257405962050708,0.6293102959049404
Silverstone + AE86,mean,pos3d_rmse_m,341,0.624854879516032,0.6257405962050708
Silverstone + AE86,mean,pos3d_rmse_m,342,0.6219623860387733,0.624854879516032
Silverstone + AE86,mean,pos3d_rmse_m,345,0.611121780764617,0.6219623860387733
Silverstone + AE86,mean,pos3d_rmse_m,346,0.6064665264782413,0.611121780764617
Silverstone + AE86,mean,pos3d_rmse_m,349,0.5972453374701038,0.6064665264782413
Silverstone + AE86,mean,pos3d_rmse_m,352,0.594269436661488,0.5972453374701038
Silverstone + AE86,mean,pos3d_rmse_m,353,0.588097809153925,0.594269436661488
Silverstone + AE86,mean,pos3d_rmse_m,356,0.5810259281771911,0.588097809153925
Silverstone + AE86,mean,pos3d_rmse_m,359,0.5696452045043098,0.5810259281771911
Silverstone + AE86,mean,pos3d_rmse_m,361,0.5636573994182322,0.5696452045043098
Silverstone + AE86,mean,pos3d_rmse_m,364,0.5571589567593629,0.5636573994182322
Silverstone + AE86,mean,pos3d_rmse_m,367,0.5550501764632572,0.5571589567593629
Silverstone + AE86,mean,pos3d_rmse_m,368,0.5499884563657679,0.5550501764632572
Silverstone + AE86,mean,pos3d_rmse_m,369,0.5474804425645319,0.5499884563657679
Silverstone + AE86,mean,pos3d_rmse_m,370,0.5400362285919728,0.5474804425645319
Silverstone + AE86,mean,pos3d_rmse_m,374,0.5361367969524958,0.5400362285919728
Silverstone + AE86,mean,pos3d_rmse_m,375,0.534008198374227,0.5361367969524958
Silverstone + AE86,mean,pos3d_rmse_m,377,0.5275403472907204,0.534008198374227
Silverstone + AE86,mean,pos3d_rmse_m,380,0.5217825978961652,0.5275403472907204
Silverstone + AE86,mean,pos3d_rmse_m,381,0.51996238099864,0.5217825978961652
Silverstone + AE86,mean,pos3d_rmse_m,382,0.5172560980563042,0.51996238099864
Silverstone + AE86,mean,pos3d_rmse_m,385,0.5141361078534715,0.5172560980563042
Silverstone + AE86,mean,pos3d_rmse_m,386,0.5074085016509933,0.5141361078534715
Silverstone + AE86,mean,pos3d_rmse_m,388,0.5060359998742748,0.5074085016509933
Silverstone + AE86,mean,pos3d_rmse_m,389,0.5026734563738289,0.5060359998742748
Silverstone + AE86,mean,pos3d_rmse_m,391,0.4967673679641633,0.5026734563738289
Silverstone + AE86,mean,pos3d_rmse_m,394,0.49219017378566027,0.4967673679641633
Silverstone + AE86,mean,pos3d_rmse_m,395,0.49072016470434426,0.49219017378566027
Silverstone + AE86,mean,pos3d_rmse_m,397,0.48621612275086823,0.49072016470434426
Silverstone + AE86,mean,pos3d_rmse_m,398,0.48320785119092785,0.48621612275086823
Silverstone + AE86,mean,pos3d_rmse_m,399,0.4788108261127171,0.48320785119092785
Silverstone + AE86,mean,pos3d_rmse_m,402,0.4770474621282,0.4788108261127171
Silverstone + AE86,mean,pos3d_rmse_m,406,0.46623486420598426,0.4770474621282
Silverstone + AE86,mean,pos3d_rmse_m,408,0.4651190491640988,0.46623486420598426
Silverstone + AE86,mean,pos3d_rmse_m,410,0.4646158558794015,0.4651190491640988
Silverstone + AE86,mean,pos3d_rmse_m,411,0.4577610890066515,0.4646158558794015
Silverstone + AE86,mean,pos3d_rmse_m,414,0.4534299909270852,0.4577610890066515
Silverstone + AE86,mean,pos3d_rmse_m,417,0.44615710828404503,0.4534299909270852
Silverstone + AE86,mean,pos3d_rmse_m,418,0.44429049940080634,0.44615710828404503
Silverstone + AE86,mean,pos3d_rmse_m,421,0.44016389462167166,0.44429049940080634
Silverstone + AE86,mean,pos3d_rmse_m,425,0.43838347533587124,0.44016389462167166
Silverstone + AE86,mean,pos3d_rmse_m,426,0.43375552636866743,0.43838347533587124
Silverstone + AE86,mean,pos3d_rmse_m,427,0.42867107497051543,0.43375552636866743
Silverstone + AE86,mean,pos3d_rmse_m,428,0.42750418761423836,0.42867107497051543
Silverstone + AE86,mean,pos3d_rmse_m,430,0.4272004346205974,0.42750418761423836
Silverstone + AE86,mean,pos3d_rmse_m,431,0.4237332920759411,0.4272004346205974
Silverstone + AE86,mean,pos3d_rmse_m,433,0.4228030589924058,0.4237332920759411
Silverstone + AE86,mean,pos3d_rmse_m,435,0.41795722237460403,0.4228030589924058
Silverstone + AE86,mean,pos3d_rmse_m,436,0.4161992903771171,0.41795722237460403
Silverstone + AE86,mean,pos3d_rmse_m,437,0.41493647478909534,0.4161992903771171
Silverstone + AE86,mean,pos3d_rmse_m,440,0.41025187137569363,0.41493647478909534
Silverstone + AE86,mean,pos3d_rmse_m,441,0.4083852514000443,0.41025187137569363
Silverstone + AE86,mean,pos3d_rmse_m,443,0.40423059086511004,0.4083852514000443
Silverstone + AE86,mean,pos3d_rmse_m,447,0.4019277182543945,0.40423059086511004
Silverstone + AE86,mean,pos3d_rmse_m,448,0.3984872510566008,0.4019277182543945
Silverstone + AE86,mean,pos3d_rmse_m,449,0.39808545609748697,0.3984872510566008
Silverstone + AE86,mean,pos3d_rmse_m,450,0.3972619993810061,0.39808545609748697
Silverstone + AE86,mean,pos3d_rmse_m,452,0.39494265242554033,0.3972619993810061
Silverstone + AE86,mean,pos3d_rmse_m,453,0.38991572189828233,0.39494265242554033
Silverstone + AE86,mean,pos3d_rmse_m,455,0.3896102521551179,0.38991572189828233
Silverstone + AE86,mean,pos3d_rmse_m,458,0.38474057382419896,0.3896102521551179
Silverstone + AE86,mean,pos3d_rmse_m,459,0.3845879675417362,0.38474057382419896
Silverstone + AE86,mean,pos3d_rmse_m,461,0.38020775918153543,0.3845879675417362
Silverstone + AE86,mean,pos3d_rmse_m,462,0.37881823474195125,0.38020775918153543
Silverstone + AE86,mean,pos3d_rmse_m,463,0.37593329221554583,0.37881823474195125
Silverstone + AE86,mean,pos3d_rmse_m,466,0.3752214991924091,0.37593329221554583
Silverstone + AE86,mean,pos3d_rmse_m,467,0.3730919131770597,0.3752214991924091
Silverstone + AE86,mean,pos3d_rmse_m,469,0.36855111175810085,0.3730919131770597
Silverstone + AE86,mean,pos3d_rmse_m,474,0.36021940438785827,0.36855111175810085
Silverstone + AE86,mean,pos3d_rmse_m,477,0.3584438698650465,0.36021940438785827
Silverstone + AE86,mean,pos3d_rmse_m,479,0.35842348930765705,0.3584438698650465
Silverstone + AE86,mean,pos3d_rmse_m,481,0.3539919127435928,0.35842348930765705
Silverstone + AE86,mean,pos3d_rmse_m,484,0.3480542565551044,0.3539919127435928
Silverstone + AE86,mean,pos3d_rmse_m,488,0.34743990989524526,0.3480542565551044
Silverstone + AE86,mean,pos3d_rmse_m,490,0.34068761929914226,0.34743990989524526
Silverstone + AE86,mean,pos3d_rmse_m,493,0.34027936977832074,0.34068761929914226
Silverstone + AE86,mean,pos3d_rmse_m,497,0.332444541085593,0.34027936977832074
Silverstone + AE86,mean,pos3d_rmse_m,499,0.33151476508326033,0.332444541085593
Silverstone + AE86,mean,pos3d_rmse_m,500,0.0,0.33151476508326033
Silverstone + AE86,mean,pos3d_finalae_m,123,70.30200061546752,inf
Silverstone + AE86,mean,pos3d_finalae_m,124,35.890149416641606,70.30200061546752
Silverstone + AE86,mean,pos3d_finalae_m,125,25.024034796895677,35.890149416641606
Silverstone + AE86,mean,pos3d_finalae_m,137,5.308019842802787,25.024034796895677
Silverstone + AE86,mean,pos3d_finalae_m,138,4.600294263688059,5.308019842802787
Silverstone + AE86,mean,pos3d_finalae_m,152,3.4121480624666027,4.600294263688059
Silverstone + AE86,mean,pos3d_finalae_m,159,2.7858789249697304,3.4121480624666027
Silverstone + AE86,mean,pos3d_finalae_m,168,2.621665544579446,2.7858789249697304
Silverstone + AE86,mean,pos3d_finalae_m,173,2.289915097301729,2.621665544579446
Silverstone + AE86,mean,pos3d_finalae_m,181,1.845655614125555,2.289915097301729
Silverstone + AE86,mean,pos3d_finalae_m,191,1.6166282660433915,1.845655614125555
Silverstone + AE86,mean,pos3d_finalae_m,201,1.3569876786125763,1.6166282660433915
Silverstone + AE86,mean,pos3d_finalae_m,215,1.2341277757784883,1.3569876786125763
Silverstone + AE86,mean,pos3d_finalae_m,222,1.1763450612842352,1.2341277757784883
Silverstone + AE86,mean,pos3d_finalae_m,226,1.1384124274885599,1.1763450612842352
Silverstone + AE86,mean,pos3d_finalae_m,232,1.1171351636371845,1.1384124274885599
Silverstone + AE86,mean,pos3d_finalae_m,240,0.9888071065062941,1.1171351636371845
Silverstone + AE86,mean,pos3d_finalae_m,249,0.9409029331359783,0.9888071065062941
Silverstone + AE86,mean,pos3d_finalae_m,257,0.8885565091003671,0.9409029331359783
Silverstone + AE86,mean,pos3d_finalae_m,271,0.8673255140855717,0.8885565091003671
Silverstone + AE86,mean,pos3d_finalae_m,278,0.8639856139768548,0.8673255140855717
Silverstone + AE86,mean,pos3d_finalae_m,287,0.7966207568861751,0.8639856139768548
Silverstone + AE86,mean,pos3d_finalae_m,294,0.7878813333862411,0.7966207568861751
Silverstone + AE86,mean,pos3d_finalae_m,299,0.7480290139987401,0.7878813333862411
Silverstone + AE86,mean,pos3d_finalae_m,308,0.7440799303421887,0.7480290139987401
Silverstone + AE86,mean,pos3d_finalae_m,311,0.7372558401705124,0.7440799303421887
Silverstone + AE86,mean,pos3d_finalae_m,315,0.7044894786304395,0.7372558401705124
Silverstone + AE86,mean,pos3d_finalae_m,329,0.6731736289300981,0.7044894786304395
Silverstone + AE86,mean,pos3d_finalae_m,330,0.668202793554449,0.6731736289300981
Silverstone + AE86,mean,pos3d_finalae_m,341,0.6624628017143863,0.668202793554449
Silverstone + AE86,mean,pos3d_finalae_m,346,0.6331335610893021,0.6624628017143863
Silverstone + AE86,mean,pos3d_finalae_m,353,0.6119682741836993,0.6331335610893021
Silverstone + AE86,mean,pos3d_finalae_m,356,0.6103200672142368,0.6119682741836993
Silverstone + AE86,mean,pos3d_finalae_m,366,0.6047661566260778,0.6103200672142368
Silverstone + AE86,mean,pos3d_finalae_m,370,0.5783077319272203,0.6047661566260778
Silverstone + AE86,mean,pos3d_finalae_m,385,0.5518678720366417,0.5783077319272203
Silverstone + AE86,mean,pos3d_finalae_m,394,0.5277864398435035,0.5518678720366417
Silverstone + AE86,mean,pos3d_finalae_m,409,0.5020694475175338,0.5277864398435035
Silverstone + AE86,mean,pos3d_finalae_m,412,0.4938628803443428,0.5020694475175338
Silverstone + AE86,mean,pos3d_finalae_m,424,0.46537224053430226,0.4938628803443428
Silverstone + AE86,mean,pos3d_finalae_m,425,0.4649225877351142,0.46537224053430226
Silverstone + AE86,mean,pos3d_finalae_m,430,0.46297662580312404,0.4649225877351142
Silverstone + AE86,mean,pos3d_finalae_m,441,0.4572653375512002,0.46297662580312404
Silverstone + AE86,mean,pos3d_finalae_m,442,0.45561377052330027,0.4572653375512002
Silverstone + AE86,mean,pos3d_finalae_m,449,0.4541943627518172,0.45561377052330027
Silverstone + AE86,mean,pos3d_finalae_m,457,0.40849133481634586,0.4541943627518172
Silverstone + AE86,mean,pos3d_finalae_m,468,0.4079035380443757,0.40849133481634586
Silverstone + AE86,mean,pos3d_finalae_m,477,0.3876300644618442,0.4079035380443757
Silverstone + AE86,mean,pos3d_finalae_m,481,0.38542504238560155,0.3876300644618442
Silverstone + AE86,mean,pos3d_finalae_m,495,0.35808498455321863,0.38542504238560155
Silverstone + AE86,mean,pos3d_finalae_m,500,0.0,0.35808498455321863
Silverstone + AE86,mean,speedKmh_rmse,1,3.3168976845730533,inf
Silverstone + AE86,mean,speedKmh_rmse,6,2.639007035074546,3.3168976845730533
Silverstone + AE86,mean,speedKmh_rmse,7,1.9706591108188456,2.639007035074546
Silverstone + AE86,mean,speedKmh_rmse,8,1.5481035439626134,1.9706591108188456
Silverstone + AE86,mean,speedKmh_rmse,9,1.3295334317211276,1.5481035439626134
Silverstone + AE86,mean,speedKmh_rmse,10,1.1871751279706038,1.3295334317211276
Silverstone + AE86,mean,speedKmh_rmse,11,1.1084996732444798,1.1871751279706038
Silverstone + AE86,mean,speedKmh_rmse,12,1.0659404437387399,1.1084996732444798
Silverstone + AE86,mean,speedKmh_rmse,359,1.0503234081082178,1.0659404437387399
Silverstone + AE86,mean,speedKmh_rmse,361,1.04009168170106,1.0503234081082178
Silverstone + AE86,mean,speedKmh_rmse,364,1.0284233451554237,1.04009168170106
Silverstone + AE86,mean,speedKmh_rmse,367,1.0268464302016531,1.0284233451554237
Silverstone + AE86,mean,speedKmh_rmse,368,1.0189887765440342,1.0268464302016531
Silverstone + AE86,mean,speedKmh_rmse,369,1.0121383827356023,1.0189887765440342
Silverstone + AE86,mean,speedKmh_rmse,370,1.0041299329215043,1.0121383827356023
Silverstone + AE86,mean,speedKmh_rmse,374,0.9968600585435897,1.0041299329215043
Silverstone + AE86,mean,speedKmh_rmse,375,0.9928012672198291,0.9968600585435897
Silverstone + AE86,mean,speedKmh_rmse,377,0.9820194199895337,0.9928012672198291
Silverstone + AE86,mean,speedKmh_rmse,380,0.9715247935680973,0.9820194199895337
Silverstone + AE86,mean,speedKmh_rmse,381,0.9675358807356341,0.9715247935680973
Silverstone + AE86,mean,speedKmh_rmse,382,0.9636920938800568,0.9675358807356341
Silverstone + AE86,mean,speedKmh_rmse,384,0.9568010470821497,0.9636920938800568
Silverstone + AE86,mean,speedKmh_rmse,385,0.9466576014961368,0.9568010470821497
Silverstone + AE86,mean,speedKmh_rmse,386,0.9375613150172176,0.9466576014961368
Silverstone + AE86,mean,speedKmh_rmse,388,0.9366741412898567,0.9375613150172176
Silverstone + AE86,mean,speedKmh_rmse,389,0.933026224019042,0.9366741412898567
Silverstone + AE86,mean,speedKmh_rmse,391,0.9223422496219525,0.933026224019042
Silverstone + AE86,mean,speedKmh_rmse,394,0.9145035098050266,0.9223422496219525
Silverstone + AE86,mean,speedKmh_rmse,395,0.9142210513162834,0.9145035098050266
Silverstone + AE86,mean,speedKmh_rmse,397,0.9066170134147129,0.9142210513162834
Silverstone + AE86,mean,speedKmh_rmse,398,0.901325004128661,0.9066170134147129
Silverstone + AE86,mean,speedKmh_rmse,399,0.8948935348228041,0.901325004128661
Silverstone + AE86,mean,speedKmh_rmse,406,0.8783588531516136,0.8948935348228041
Silverstone + AE86,mean,speedKmh_rmse,408,0.8776383581192861,0.8783588531516136
Silverstone + AE86,mean,speedKmh_rmse,411,0.8668785773491332,0.8776383581192861
Silverstone + AE86,mean,speedKmh_rmse,414,0.862352572705654,0.8668785773491332
Silverstone + AE86,mean,speedKmh_rmse,417,0.8508037701561512,0.862352572705654
Silverstone + AE86,mean,speedKmh_rmse,418,0.8496516565241895,0.8508037701561512
Silverstone + AE86,mean,speedKmh_rmse,421,0.8440770611135103,0.8496516565241895
Silverstone + AE86,mean,speedKmh_rmse,425,0.8421944773574579,0.8440770611135103
Silverstone + AE86,mean,speedKmh_rmse,426,0.8359277968536426,0.8421944773574579
Silverstone + AE86,mean,speedKmh_rmse,427,0.8255870369635367,0.8359277968536426
Silverstone + AE86,mean,speedKmh_rmse,428,0.8225424222075004,0.8255870369635367
Silverstone + AE86,mean,speedKmh_rmse,431,0.8161648208606717,0.8225424222075004
Silverstone + AE86,mean,speedKmh_rmse,433,0.8155097234756656,0.8161648208606717
Silverstone + AE86,mean,speedKmh_rmse,435,0.8078882329528377,0.8155097234756656
Silverstone + AE86,mean,speedKmh_rmse,436,0.804851718223169,0.8078882329528377
Silverstone + AE86,mean,speedKmh_rmse,437,0.8040037415139912,0.804851718223169
Silverstone + AE86,mean,speedKmh_rmse,438,0.7980362529407949,0.8040037415139912
Silverstone + AE86,mean,speedKmh_rmse,440,0.7849703317433155,0.7980362529407949
Silverstone + AE86,mean,speedKmh_rmse,441,0.7820353841457521,0.7849703317433155
Silverstone + AE86,mean,speedKmh_rmse,443,0.7818824248317104,0.7820353841457521
Silverstone + AE86,mean,speedKmh_rmse,448,0.7816167843876114,0.7818824248317104
Silverstone + AE86,mean,speedKmh_rmse,453,0.7786102945245573,0.7816167843876114
Silverstone + AE86,mean,speedKmh_rmse,458,0.7758867190148545,0.7786102945245573
Silverstone + AE86,mean,speedKmh_rmse,461,0.7708467080232532,0.7758867190148545
Silverstone + AE86,mean,speedKmh_rmse,462,0.7704275926642258,0.7708467080232532
Silverstone + AE86,mean,speedKmh_rmse,463,0.7688631185122338,0.7704275926642258
Silverstone + AE86,mean,speedKmh_rmse,467,0.7664681710843737,0.7688631185122338
Silverstone + AE86,mean,speedKmh_rmse,474,0.7607426006864735,0.7664681710843737
Silverstone + AE86,mean,speedKmh_rmse,484,0.7552948802076778,0.7607426006864735
Silverstone + AE86,mean,speedKmh_rmse,488,0.7513148314486985,0.7552948802076778
Silverstone + AE86,mean,speedKmh_rmse,489,0.7474882604519004,0.7513148314486985
Silverstone + AE86,mean,speedKmh_rmse,490,0.7312316942946098,0.7474882604519004
Silverstone + AE86,mean,speedKmh_rmse,497,0.7252301027824887,0.7312316942946098
Silverstone + AE86,mean,speedKmh_rmse,500,0.0,0.7252301027824887
Silverstone + AE86,mean,attitude_mean_mae_deg,26,10.11016893872473,inf
Silverstone + AE86,mean,attitude_mean_mae_deg,27,4.738186893806059,10.11016893872473
Silverstone + AE86,mean,attitude_mean_mae_deg,28,3.1759151635410925,4.738186893806059
Silverstone + AE86,mean,attitude_mean_mae_deg,29,2.400109349540836,3.1759151635410925
Silverstone + AE86,mean,attitude_mean_mae_deg,30,2.004495445924136,2.400109349540836
Silverstone + AE86,mean,attitude_mean_mae_deg,31,1.7906810229717007,2.004495445924136
Silverstone + AE86,mean,attitude_mean_mae_deg,32,1.5580630524146692,1.7906810229717007
Silverstone + AE86,mean,attitude_mean_mae_deg,33,1.3899679458601044,1.5580630524146692
Silverstone + AE86,mean,attitude_mean_mae_deg,34,1.338092481993945,1.3899679458601044
Silverstone + AE86,mean,attitude_mean_mae_deg,285,1.315658017640218,1.338092481993945
Silverstone + AE86,mean,attitude_mean_mae_deg,287,1.3039577239430051,1.315658017640218
Silverstone + AE86,mean,attitude_mean_mae_deg,288,1.2781123880666954,1.3039577239430051
Silverstone + AE86,mean,attitude_mean_mae_deg,290,1.2718646923448966,1.2781123880666954
Silverstone + AE86,mean,attitude_mean_mae_deg,291,1.2610945287554427,1.2718646923448966
Silverstone + AE86,mean,attitude_mean_mae_deg,292,1.2515841026164871,1.2610945287554427
Silverstone + AE86,mean,attitude_mean_mae_deg,294,1.2178738243975487,1.2515841026164871
Silverstone + AE86,mean,attitude_mean_mae_deg,295,1.2021118980023193,1.2178738243975487
Silverstone + AE86,mean,attitude_mean_mae_deg,299,1.1823097226402006,1.2021118980023193
Silverstone + AE86,mean,attitude_mean_mae_deg,300,1.175025745464662,1.1823097226402006
Silverstone + AE86,mean,attitude_mean_mae_deg,302,1.1501838674805591,1.175025745464662
Silverstone + AE86,mean,attitude_mean_mae_deg,305,1.1400234047602804,1.1501838674805591
Silverstone + AE86,mean,attitude_mean_mae_deg,306,1.1224876329711764,1.1400234047602804
Silverstone + AE86,mean,attitude_mean_mae_deg,307,1.1176464027448216,1.1224876329711764
Silverstone + AE86,mean,attitude_mean_mae_deg,308,1.0988530337279794,1.1176464027448216
Silverstone + AE86,mean,attitude_mean_mae_deg,310,1.087177010205994,1.0988530337279794
Silverstone + AE86,mean,attitude_mean_mae_deg,312,1.0823695006631682,1.087177010205994
Silverstone + AE86,mean,attitude_mean_mae_deg,313,1.0812090295825425,1.0823695006631682
Silverstone + AE86,mean,attitude_mean_mae_deg,314,1.0741511840261067,1.0812090295825425
Silverstone + AE86,mean,attitude_mean_mae_deg,315,1.0488893699925703,1.0741511840261067
Silverstone + AE86,mean,attitude_mean_mae_deg,316,1.0364904965974349,1.0488893699925703
Silverstone + AE86,mean,attitude_mean_mae_deg,317,1.0358022232758892,1.0364904965974349
Silverstone + AE86,mean,attitude_mean_mae_deg,321,1.0108962546134481,1.0358022232758892
Silverstone + AE86,mean,attitude_mean_mae_deg,323,0.9944269751097463,1.0108962546134481
Silverstone + AE86,mean,attitude_mean_mae_deg,324,0.987188597158364,0.9944269751097463
Silverstone + AE86,mean,attitude_mean_mae_deg,326,0.9868324845276559,0.987188597158364
Silverstone + AE86,mean,attitude_mean_mae_deg,327,0.9702220239077408,0.9868324845276559
Silverstone + AE86,mean,attitude_mean_mae_deg,329,0.9694712023719758,0.9702220239077408
Silverstone + AE86,mean,attitude_mean_mae_deg,330,0.942296743776238,0.9694712023719758
Silverstone + AE86,mean,attitude_mean_mae_deg,334,0.9313033461253815,0.942296743776238
Silverstone + AE86,mean,attitude_mean_mae_deg,335,0.9251398007946967,0.9313033461253815
Silverstone + AE86,mean,attitude_mean_mae_deg,336,0.9147555045703456,0.9251398007946967
Silverstone + AE86,mean,attitude_mean_mae_deg,338,0.9063433688645202,0.9147555045703456
Silverstone + AE86,mean,attitude_mean_mae_deg,339,0.9023623031853618,0.9063433688645202
Silverstone + AE86,mean,attitude_mean_mae_deg,340,0.8923589749130426,0.9023623031853618
Silverstone + AE86,mean,attitude_mean_mae_deg,341,0.8892192474827585,0.8923589749130426
Silverstone + AE86,mean,attitude_mean_mae_deg,342,0.8844506752288194,0.8892192474827585
Silverstone + AE86,mean,attitude_mean_mae_deg,345,0.8640206685231409,0.8844506752288194
Silverstone + AE86,mean,attitude_mean_mae_deg,346,0.8583031074564796,0.8640206685231409
Silverstone + AE86,mean,attitude_mean_mae_deg,349,0.8400658685169835,0.8583031074564796
Silverstone + AE86,mean,attitude_mean_mae_deg,352,0.8318724119578388,0.8400658685169835
Silverstone + AE86,mean,attitude_mean_mae_deg,353,0.8226576723497937,0.8318724119578388
Silverstone + AE86,mean,attitude_mean_mae_deg,356,0.8090097806668654,0.8226576723497937
Silverstone + AE86,mean,attitude_mean_mae_deg,359,0.7909355110065446,0.8090097806668654
Silverstone + AE86,mean,attitude_mean_mae_deg,360,0.789120651348034,0.7909355110065446
Silverstone + AE86,mean,attitude_mean_mae_deg,361,0.7780642509296942,0.789120651348034
Silverstone + AE86,mean,attitude_mean_mae_deg,363,0.776245000781406,0.7780642509296942
Silverstone + AE86,mean,attitude_mean_mae_deg,364,0.7632860314968688,0.776245000781406
Silverstone + AE86,mean,attitude_mean_mae_deg,367,0.7584422038289348,0.7632860314968688
Silverstone + AE86,mean,attitude_mean_mae_deg,368,0.7510531536740618,0.7584422038289348
Silverstone + AE86,mean,attitude_mean_mae_deg,369,0.7441954520671807,0.7510531536740618
Silverstone + AE86,mean,attitude_mean_mae_deg,370,0.7343421635545739,0.7441954520671807
Silverstone + AE86,mean,attitude_mean_mae_deg,372,0.7340754127214201,0.7343421635545739
Silverstone + AE86,mean,attitude_mean_mae_deg,374,0.7250698591913503,0.7340754127214201
Silverstone + AE86,mean,attitude_mean_mae_deg,375,0.7203707723839656,0.7250698591913503
Silverstone + AE86,mean,attitude_mean_mae_deg,377,0.7097488014962435,0.7203707723839656
Silverstone + AE86,mean,attitude_mean_mae_deg,380,0.7000856640359959,0.7097488014962435
Silverstone + AE86,mean,attitude_mean_mae_deg,381,0.6965239278653229,0.7000856640359959
Silverstone + AE86,mean,attitude_mean_mae_deg,382,0.692160920950207,0.6965239278653229
Silverstone + AE86,mean,attitude_mean_mae_deg,383,0.6919887403857592,0.692160920950207
Silverstone + AE86,mean,attitude_mean_mae_deg,384,0.6895793929975129,0.6919887403857592
Silverstone + AE86,mean,attitude_mean_mae_deg,385,0.6855039780190323,0.6895793929975129
Silverstone + AE86,mean,attitude_mean_mae_deg,386,0.6769273202224723,0.6855039780190323
Silverstone + AE86,mean,attitude_mean_mae_deg,388,0.6742140880494388,0.6769273202224723
Silverstone + AE86,mean,attitude_mean_mae_deg,389,0.6693268099130104,0.6742140880494388
Silverstone + AE86,mean,attitude_mean_mae_deg,391,0.6582678904583221,0.6693268099130104
Silverstone + AE86,mean,attitude_mean_mae_deg,394,0.6517167258338576,0.6582678904583221
Silverstone + AE86,mean,attitude_mean_mae_deg,395,0.65138108653668,0.6517167258338576
Silverstone + AE86,mean,attitude_mean_mae_deg,397,0.644743049068666,0.65138108653668
Silverstone + AE86,mean,attitude_mean_mae_deg,398,0.6399603372322047,0.644743049068666
Silverstone + AE86,mean,attitude_mean_mae_deg,399,0.6330856619206487,0.6399603372322047
Silverstone + AE86,mean,attitude_mean_mae_deg,402,0.6304259941317408,0.6330856619206487
Silverstone + AE86,mean,attitude_mean_mae_deg,405,0.6298584213008117,0.6304259941317408
Silverstone + AE86,mean,attitude_mean_mae_deg,406,0.6157552464311037,0.6298584213008117
Silverstone + AE86,mean,attitude_mean_mae_deg,408,0.613505291866271,0.6157552464311037
Silverstone + AE86,mean,attitude_mean_mae_deg,410,0.6130084557141333,0.613505291866271
Silverstone + AE86,mean,attitude_mean_mae_deg,411,0.6039489776096932,0.6130084557141333
Silverstone + AE86,mean,attitude_mean_mae_deg,414,0.5990883528680552,0.6039489776096932
Silverstone + AE86,mean,attitude_mean_mae_deg,417,0.5899398629942052,0.5990883528680552
Silverstone + AE86,mean,attitude_mean_mae_deg,418,0.5878615195502183,0.5899398629942052
Silverstone + AE86,mean,attitude_mean_mae_deg,421,0.5822978034039438,0.5878615195502183
Silverstone + AE86,mean,attitude_mean_mae_deg,425,0.580336641166537,0.5822978034039438
Silverstone + AE86,mean,attitude_mean_mae_deg,426,0.5759190220218271,0.580336641166537
Silverstone + AE86,mean,attitude_mean_mae_deg,427,0.5689334486871203,0.5759190220218271
Silverstone + AE86,mean,attitude_mean_mae_deg,428,0.567819896577873,0.5689334486871203
Silverstone + AE86,mean,attitude_mean_mae_deg,431,0.5640080221498277,0.567819896577873
Silverstone + AE86,mean,attitude_mean_mae_deg,433,0.5634604745965301,0.5640080221498277
Silverstone + AE86,mean,attitude_mean_mae_deg,435,0.5576457872604332,0.5634604745965301
Silverstone + AE86,mean,attitude_mean_mae_deg,436,0.554826337927259,0.5576457872604332
Silverstone + AE86,mean,attitude_mean_mae_deg,437,0.5542824293777674,0.554826337927259
Silverstone + AE86,mean,attitude_mean_mae_deg,440,0.548302039112385,0.5542824293777674
Silverstone + AE86,mean,attitude_mean_mae_deg,441,0.5462398763269669,0.548302039112385
Silverstone + AE86,mean,attitude_mean_mae_deg,443,0.5416904660275257,0.5462398763269669
Silverstone + AE86,mean,attitude_mean_mae_deg,447,0.5392641317824831,0.5416904660275257
Silverstone + AE86,mean,attitude_mean_mae_deg,448,0.5346282612361178,0.5392641317824831
Silverstone + AE86,mean,attitude_mean_mae_deg,450,0.5335789723723667,0.5346282612361178
Silverstone + AE86,mean,attitude_mean_mae_deg,452,0.5312664629189047,0.5335789723723667
Silverstone + AE86,mean,attitude_mean_mae_deg,453,0.5252981399949328,0.5312664629189047
Silverstone + AE86,mean,attitude_mean_mae_deg,455,0.5240568637112719,0.5252981399949328
Silverstone + AE86,mean,attitude_mean_mae_deg,458,0.5204258240063556,0.5240568637112719
Silverstone + AE86,mean,attitude_mean_mae_deg,461,0.5151538478348537,0.5204258240063556
Silverstone + AE86,mean,attitude_mean_mae_deg,462,0.5138081684362258,0.5151538478348537
Silverstone + AE86,mean,attitude_mean_mae_deg,463,0.5106174253417209,0.5138081684362258
Silverstone + AE86,mean,attitude_mean_mae_deg,467,0.5082745635627322,0.5106174253417209
Silverstone + AE86,mean,attitude_mean_mae_deg,469,0.5048169392203261,0.5082745635627322
Silverstone + AE86,mean,attitude_mean_mae_deg,474,0.4944243323605263,0.5048169392203261
Silverstone + AE86,mean,attitude_mean_mae_deg,477,0.49351848634203693,0.4944243323605263
Silverstone + AE86,mean,attitude_mean_mae_deg,481,0.48922343152810244,0.49351848634203693
Silverstone + AE86,mean,attitude_mean_mae_deg,484,0.481918303987077,0.48922343152810244
Silverstone + AE86,mean,attitude_mean_mae_deg,488,0.4815996019941738,0.481918303987077
Silverstone + AE86,mean,attitude_mean_mae_deg,490,0.4727659929801821,0.4815996019941738
Silverstone + AE86,mean,attitude_mean_mae_deg,493,0.47240030915069725,0.4727659929801821
Silverstone + AE86,mean,attitude_mean_mae_deg,497,0.4628755547284978,0.47240030915069725
Silverstone + AE86,mean,attitude_mean_mae_deg,499,0.46169997981026134,0.4628755547284978
Silverstone + AE86,mean,attitude_mean_mae_deg,500,0.0,0.46169997981026134
Silverstone + AE86,mean,SlipAngle_mean_rmse,11,22.757246984511518,inf
Silverstone + AE86,mean,SlipAngle_mean_rmse,12,3.7500672685148864,22.757246984511518
Silverstone + AE86,mean,SlipAngle_mean_rmse,13,2.4391377778616747,3.7500672685148864
Silverstone + AE86,mean,SlipAngle_mean_rmse,214,2.4221362910167383,2.4391377778616747
Silverstone + AE86,mean,SlipAngle_mean_rmse,215,2.3587800047049243,2.4221362910167383
Silverstone + AE86,mean,SlipAngle_mean_rmse,216,2.3112726082889457,2.3587800047049243
Silverstone + AE86,mean,SlipAngle_mean_rmse,217,2.242117735426873,2.3112726082889457
Silverstone + AE86,mean,SlipAngle_mean_rmse,218,2.1847468790543525,2.242117735426873
Silverstone + AE86,mean,SlipAngle_mean_rmse,219,2.1746645550314585,2.1847468790543525
Silverstone + AE86,mean,SlipAngle_mean_rmse,220,2.1132318041300837,2.1746645550314585
Silverstone + AE86,mean,SlipAngle_mean_rmse,221,2.067833941790701,2.1132318041300837
Silverstone + AE86,mean,SlipAngle_mean_rmse,222,1.9931493898129706,2.067833941790701
Silverstone + AE86,mean,SlipAngle_mean_rmse,223,1.9698900543021878,1.9931493898129706
Silverstone + AE86,mean,SlipAngle_mean_rmse,224,1.964202420649899,1.9698900543021878
Silverstone + AE86,mean,SlipAngle_mean_rmse,225,1.9504439228337445,1.964202420649899
Silverstone + AE86,mean,SlipAngle_mean_rmse,226,1.8857132025063847,1.9504439228337445
Silverstone + AE86,mean,SlipAngle_mean_rmse,227,1.855549072717816,1.8857132025063847
Silverstone + AE86,mean,SlipAngle_mean_rmse,228,1.7842005061733885,1.855549072717816
Silverstone + AE86,mean,SlipAngle_mean_rmse,229,1.7739048590446491,1.7842005061733885
Silverstone + AE86,mean,SlipAngle_mean_rmse,230,1.7346970444232788,1.7739048590446491
Silverstone + AE86,mean,SlipAngle_mean_rmse,231,1.7235391559500493,1.7346970444232788
Silverstone + AE86,mean,SlipAngle_mean_rmse,232,1.69232981046385,1.7235391559500493
Silverstone + AE86,mean,SlipAngle_mean_rmse,233,1.6764671844582901,1.69232981046385
Silverstone + AE86,mean,SlipAngle_mean_rmse,234,1.6061500651472564,1.6764671844582901
Silverstone + AE86,mean,SlipAngle_mean_rmse,235,1.6044944936564154,1.6061500651472564
Silverstone + AE86,mean,SlipAngle_mean_rmse,236,1.5875403141769011,1.6044944936564154
Silverstone + AE86,mean,SlipAngle_mean_rmse,237,1.5687340944309713,1.5875403141769011
Silverstone + AE86,mean,SlipAngle_mean_rmse,238,1.5141794234268542,1.5687340944309713
Silverstone + AE86,mean,SlipAngle_mean_rmse,239,1.4769954377321008,1.5141794234268542
Silverstone + AE86,mean,SlipAngle_mean_rmse,240,1.4669180139271432,1.4769954377321008
Silverstone + AE86,mean,SlipAngle_mean_rmse,241,1.4321966601417508,1.4669180139271432
Silverstone + AE86,mean,SlipAngle_mean_rmse,242,1.4182994699680194,1.4321966601417508
Silverstone + AE86,mean,SlipAngle_mean_rmse,243,1.4017213887460729,1.4182994699680194
Silverstone + AE86,mean,SlipAngle_mean_rmse,244,1.3695314818628368,1.4017213887460729
Silverstone + AE86,mean,SlipAngle_mean_rmse,246,1.3439440111989227,1.3695314818628368
Silverstone + AE86,mean,SlipAngle_mean_rmse,248,1.2983707734185121,1.3439440111989227
Silverstone + AE86,mean,SlipAngle_mean_rmse,249,1.2976588049759565,1.2983707734185121
Silverstone + AE86,mean,SlipAngle_mean_rmse,250,1.2681305497190818,1.2976588049759565
Silverstone + AE86,mean,SlipAngle_mean_rmse,251,1.2581764354549008,1.2681305497190818
Silverstone + AE86,mean,SlipAngle_mean_rmse,253,1.240613011665045,1.2581764354549008
Silverstone + AE86,mean,SlipAngle_mean_rmse,255,1.193978011987003,1.240613011665045
Silverstone + AE86,mean,SlipAngle_mean_rmse,257,1.178200163567412,1.193978011987003
Silverstone + AE86,mean,SlipAngle_mean_rmse,258,1.1586514198132094,1.178200163567412
Silverstone + AE86,mean,SlipAngle_mean_rmse,259,1.1381863612123115,1.1586514198132094
Silverstone + AE86,mean,SlipAngle_mean_rmse,261,1.1156472946710214,1.1381863612123115
Silverstone + AE86,mean,SlipAngle_mean_rmse,262,1.107628503856942,1.1156472946710214
Silverstone + AE86,mean,SlipAngle_mean_rmse,264,1.0804626916210136,1.107628503856942
Silverstone + AE86,mean,SlipAngle_mean_rmse,265,1.0795991182169884,1.0804626916210136
Silverstone + AE86,mean,SlipAngle_mean_rmse,266,1.0644207292111916,1.0795991182169884
Silverstone + AE86,mean,SlipAngle_mean_rmse,267,1.04596064744208,1.0644207292111916
Silverstone + AE86,mean,SlipAngle_mean_rmse,268,1.039290081753117,1.04596064744208
Silverstone + AE86,mean,SlipAngle_mean_rmse,269,1.0383335535133913,1.039290081753117
Silverstone + AE86,mean,SlipAngle_mean_rmse,271,0.9963615918424732,1.0383335535133913
Silverstone + AE86,mean,SlipAngle_mean_rmse,273,0.984942754838693,0.9963615918424732
Silverstone + AE86,mean,SlipAngle_mean_rmse,274,0.9837281989735476,0.984942754838693
Silverstone + AE86,mean,SlipAngle_mean_rmse,275,0.9702059118176174,0.9837281989735476
Silverstone + AE86,mean,SlipAngle_mean_rmse,277,0.9441012326419138,0.9702059118176174
Silverstone + AE86,mean,SlipAngle_mean_rmse,279,0.9378250348720788,0.9441012326419138
Silverstone + AE86,mean,SlipAngle_mean_rmse,280,0.9310867956496813,0.9378250348720788
Silverstone + AE86,mean,SlipAngle_mean_rmse,281,0.9168245615943186,0.9310867956496813
Silverstone + AE86,mean,SlipAngle_mean_rmse,283,0.8991003175035662,0.9168245615943186
Silverstone + AE86,mean,SlipAngle_mean_rmse,285,0.8805610244505511,0.8991003175035662
Silverstone + AE86,mean,SlipAngle_mean_rmse,287,0.8724661419844536,0.8805610244505511
Silverstone + AE86,mean,SlipAngle_mean_rmse,288,0.8560987965816057,0.8724661419844536
Silverstone + AE86,mean,SlipAngle_mean_rmse,290,0.8499557665143443,0.8560987965816057
Silverstone + AE86,mean,SlipAngle_mean_rmse,291,0.8398301976004257,0.8499557665143443
Silverstone + AE86,mean,SlipAngle_mean_rmse,292,0.8341685018225855,0.8398301976004257
Silverstone + AE86,mean,SlipAngle_mean_rmse,294,0.8102921689758572,0.8341685018225855
Silverstone + AE86,mean,SlipAngle_mean_rmse,295,0.7988108947794575,0.8102921689758572
Silverstone + AE86,mean,SlipAngle_mean_rmse,299,0.788098194856348,0.7988108947794575
Silverstone + AE86,mean,SlipAngle_mean_rmse,300,0.782827239276702,0.788098194856348
Silverstone + AE86,mean,SlipAngle_mean_rmse,302,0.768369834185176,0.782827239276702
Silverstone + AE86,mean,SlipAngle_mean_rmse,305,0.7625853744246177,0.768369834185176
Silverstone + AE86,mean,SlipAngle_mean_rmse,306,0.7523430781838073,0.7625853744246177
Silverstone + AE86,mean,SlipAngle_mean_rmse,307,0.7493806645330832,0.7523430781838073
Silverstone + AE86,mean,SlipAngle_mean_rmse,308,0.7408416693518427,0.7493806645330832
Silverstone + AE86,mean,SlipAngle_mean_rmse,310,0.7350144631992367,0.7408416693518427
Silverstone + AE86,mean,SlipAngle_mean_rmse,312,0.7340440289124033,0.7350144631992367
Silverstone + AE86,mean,SlipAngle_mean_rmse,314,0.7322443846965163,0.7340440289124033
Silverstone + AE86,mean,SlipAngle_mean_rmse,315,0.7153472734953616,0.7322443846965163
Silverstone + AE86,mean,SlipAngle_mean_rmse,316,0.7080094142726208,0.7153472734953616
Silverstone + AE86,mean,SlipAngle_mean_rmse,321,0.693967218728398,0.7080094142726208
Silverstone + AE86,mean,SlipAngle_mean_rmse,323,0.6843479629186625,0.693967218728398
Silverstone + AE86,mean,SlipAngle_mean_rmse,324,0.6819082649879983,0.6843479629186625
Silverstone + AE86,mean,SlipAngle_mean_rmse,327,0.6737041141237611,0.6819082649879983
Silverstone + AE86,mean,SlipAngle_mean_rmse,330,0.6585822060743993,0.6737041141237611
Silverstone + AE86,mean,SlipAngle_mean_rmse,334,0.6538628376436733,0.6585822060743993
Silverstone + AE86,mean,SlipAngle_mean_rmse,335,0.6505949654261656,0.6538628376436733
Silverstone + AE86,mean,SlipAngle_mean_rmse,336,0.6456308959120942,0.6505949654261656
Silverstone + AE86,mean,SlipAngle_mean_rmse,338,0.6420360845632698,0.6456308959120942
Silverstone + AE86,mean,SlipAngle_mean_rmse,339,0.6405102528031249,0.6420360845632698
Silverstone + AE86,mean,SlipAngle_mean_rmse,340,0.6333636732089478,0.6405102528031249
Silverstone + AE86,mean,SlipAngle_mean_rmse,341,0.6329729414959496,0.6333636732089478
Silverstone + AE86,mean,SlipAngle_mean_rmse,342,0.631900703506033,0.6329729414959496
Silverstone + AE86,mean,SlipAngle_mean_rmse,345,0.6201283696667957,0.631900703506033
Silverstone + AE86,mean,SlipAngle_mean_rmse,346,0.6196532712374772,0.6201283696667957
Silverstone + AE86,mean,SlipAngle_mean_rmse,349,0.6106434795125308,0.6196532712374772
Silverstone + AE86,mean,SlipAngle_mean_rmse,352,0.6080708680258565,0.6106434795125308
Silverstone + AE86,mean,SlipAngle_mean_rmse,353,0.6038808513121445,0.6080708680258565
Silverstone + AE86,mean,SlipAngle_mean_rmse,356,0.5985341758051622,0.6038808513121445
Silverstone + AE86,mean,SlipAngle_mean_rmse,359,0.587994370311709,0.5985341758051622
Silverstone + AE86,mean,SlipAngle_mean_rmse,360,0.587928778740753,0.587994370311709
Silverstone + AE86,mean,SlipAngle_mean_rmse,361,0.5817165733571255,0.587928778740753
Silverstone + AE86,mean,SlipAngle_mean_rmse,364,0.5767187930436058,0.5817165733571255
Silverstone + AE86,mean,SlipAngle_mean_rmse,368,0.5725355770830337,0.5767187930436058
Silverstone + AE86,mean,SlipAngle_mean_rmse,369,0.5686187281561701,0.5725355770830337
Silverstone + AE86,mean,SlipAngle_mean_rmse,370,0.5649493053263183,0.5686187281561701
Silverstone + AE86,mean,SlipAngle_mean_rmse,374,0.5613641455004855,0.5649493053263183
Silverstone + AE86,mean,SlipAngle_mean_rmse,375,0.5593396861683313,0.5613641455004855
Silverstone + AE86,mean,SlipAngle_mean_rmse,377,0.5531272636707941,0.5593396861683313
Silverstone + AE86,mean,SlipAngle_mean_rmse,380,0.5469278927428122,0.5531272636707941
Silverstone + AE86,mean,SlipAngle_mean_rmse,381,0.5449663211593762,0.5469278927428122
Silverstone + AE86,mean,SlipAngle_mean_rmse,382,0.541662257385192,0.5449663211593762
Silverstone + AE86,mean,SlipAngle_mean_rmse,384,0.5394500575374761,0.541662257385192
Silverstone + AE86,mean,SlipAngle_mean_rmse,385,0.5355299041669985,0.5394500575374761
Silverstone + AE86,mean,SlipAngle_mean_rmse,386,0.5295279691548817,0.5355299041669985
Silverstone + AE86,mean,SlipAngle_mean_rmse,388,0.5283816311179922,0.5295279691548817
Silverstone + AE86,mean,SlipAngle_mean_rmse,389,0.5275698417493542,0.5283816311179922
Silverstone + AE86,mean,SlipAngle_mean_rmse,391,0.5218744053331806,0.5275698417493542
Silverstone + AE86,mean,SlipAngle_mean_rmse,394,0.5198058261867428,0.5218744053331806
Silverstone + AE86,mean,SlipAngle_mean_rmse,397,0.5161008735778492,0.5198058261867428
Silverstone + AE86,mean,SlipAngle_mean_rmse,398,0.5129289742705698,0.5161008735778492
Silverstone + AE86,mean,SlipAngle_mean_rmse,399,0.5099356219679562,0.5129289742705698
Silverstone + AE86,mean,SlipAngle_mean_rmse,406,0.5019741777293447,0.5099356219679562
Silverstone + AE86,mean,SlipAngle_mean_rmse,411,0.49749939812972066,0.5019741777293447
Silverstone + AE86,mean,SlipAngle_mean_rmse,414,0.4962561043736824,0.49749939812972066
Silverstone + AE86,mean,SlipAngle_mean_rmse,417,0.48898367595532183,0.4962561043736824
Silverstone + AE86,mean,SlipAngle_mean_rmse,418,0.48686438015278427,0.48898367595532183
Silverstone + AE86,mean,SlipAngle_mean_rmse,421,0.4840077880189918,0.48686438015278427
Silverstone + AE86,mean,SlipAngle_mean_rmse,425,0.482656248443594,0.4840077880189918
Silverstone + AE86,mean,SlipAngle_mean_rmse,426,0.4787486984602093,0.482656248443594
Silverstone + AE86,mean,SlipAngle_mean_rmse,427,0.47314121477092,0.4787486984602093
Silverstone + AE86,mean,SlipAngle_mean_rmse,428,0.4719262957328076,0.47314121477092
Silverstone + AE86,mean,SlipAngle_mean_rmse,431,0.4693541916927968,0.4719262957328076
Silverstone + AE86,mean,SlipAngle_mean_rmse,433,0.4689217460857467,0.4693541916927968
Silverstone + AE86,mean,SlipAngle_mean_rmse,434,0.46856374686997343,0.4689217460857467
Silverstone + AE86,mean,SlipAngle_mean_rmse,435,0.46384189626253275,0.46856374686997343
Silverstone + AE86,mean,SlipAngle_mean_rmse,436,0.4618436278656133,0.46384189626253275
Silverstone + AE86,mean,SlipAngle_mean_rmse,437,0.46122675698948523,0.4618436278656133
Silverstone + AE86,mean,SlipAngle_mean_rmse,440,0.4559163061017807,0.46122675698948523
Silverstone + AE86,mean,SlipAngle_mean_rmse,441,0.4540785134602335,0.4559163061017807
Silverstone + AE86,mean,SlipAngle_mean_rmse,443,0.4528636640938365,0.4540785134602335
Silverstone + AE86,mean,SlipAngle_mean_rmse,448,0.45206701145345346,0.4528636640938365
Silverstone + AE86,mean,SlipAngle_mean_rmse,452,0.45139367591630064,0.45206701145345346
Silverstone + AE86,mean,SlipAngle_mean_rmse,453,0.4478799906119178,0.45139367591630064
Silverstone + AE86,mean,SlipAngle_mean_rmse,458,0.44560891273465986,0.4478799906119178
Silverstone + AE86,mean,SlipAngle_mean_rmse,461,0.4410998168373833,0.44560891273465986
Silverstone + AE86,mean,SlipAngle_mean_rmse,462,0.4403364342396147,0.4410998168373833
Silverstone + AE86,mean,SlipAngle_mean_rmse,463,0.43951121603582677,0.4403364342396147
Silverstone + AE86,mean,SlipAngle_mean_rmse,467,0.43838540177940344,0.43951121603582677
Silverstone + AE86,mean,SlipAngle_mean_rmse,469,0.4366611825635449,0.43838540177940344
Silverstone + AE86,mean,SlipAngle_mean_rmse,474,0.43214710356321767,0.4366611825635449
Silverstone + AE86,mean,SlipAngle_mean_rmse,481,0.43209139641947997,0.43214710356321767
Silverstone + AE86,mean,SlipAngle_mean_rmse,484,0.42782367148364403,0.43209139641947997
Silverstone + AE86,mean,SlipAngle_mean_rmse,488,0.4259243367258217,0.42782367148364403
Silverstone + AE86,mean,SlipAngle_mean_rmse,489,0.4249559528238939,0.4259243367258217
Silverstone + AE86,mean,SlipAngle_mean_rmse,490,0.41414792033948417,0.4249559528238939
Silverstone + AE86,mean,SlipAngle_mean_rmse,492,0.41058255708726116,0.41414792033948417
Silverstone + AE86,mean,SlipAngle_mean_rmse,493,0.4052903465715121,0.41058255708726116
Silverstone + AE86,mean,SlipAngle_mean_rmse,497,0.3978419978995774,0.4052903465715121
Silverstone + AE86,mean,SlipAngle_mean_rmse,500,0.0,0.3978419978995774
Silverstone + AE86,mean,grouped,10,23.824543329887412,inf
Silverstone + AE86,mean,grouped,11,12.97909176513879,23.824543329887412
Silverstone + AE86,mean,grouped,12,5.820662972682132,12.97909176513879
Silverstone + AE86,mean,grouped,14,3.8440819821911334,5.820662972682132
Silverstone + AE86,mean,grouped,15,3.756330218617822,3.8440819821911334
Silverstone + AE86,mean,grouped,16,3.4308897820289648,3.756330218617822
Silverstone + AE86,mean,grouped,17,3.0165548438913126,3.4308897820289648
Silverstone + AE86,mean,grouped,19,2.7444480711146757,3.0165548438913126
Silverstone + AE86,mean,grouped,20,2.2328607251161223,2.7444480711146757
Silverstone + AE86,mean,grouped,24,1.7626998406904126,2.2328607251161223
Silverstone + AE86,mean,grouped,211,1.7609942473020899,1.7626998406904126
Silverstone + AE86,mean,grouped,215,1.6727827529426316,1.7609942473020899
Silverstone + AE86,mean,grouped,217,1.6634868423977482,1.6727827529426316
Silverstone + AE86,mean,grouped,221,1.6627356629046441,1.6634868423977482
Silverstone + AE86,mean,grouped,222,1.6001147173329848,1.6627356629046441
Silverstone + AE86,mean,grouped,226,1.5482750997246535,1.6001147173329848
Silverstone + AE86,mean,grouped,227,1.5377413618808256,1.5482750997246535
Silverstone + AE86,mean,grouped,232,1.48735778154089,1.5377413618808256
Silverstone + AE86,mean,grouped,234,1.4719853087116033,1.48735778154089
Silverstone + AE86,mean,grouped,240,1.3856305460534954,1.4719853087116033
Silverstone + AE86,mean,grouped,243,1.3608947885425349,1.3856305460534954
Silverstone + AE86,mean,grouped,248,1.3577040899895572,1.3608947885425349
Silverstone + AE86,mean,grouped,249,1.2948140505763062,1.3577040899895572
Silverstone + AE86,mean,grouped,255,1.2756979632290806,1.2948140505763062
Silverstone + AE86,mean,grouped,257,1.2450313402667543,1.2756979632290806
Silverstone + AE86,mean,grouped,258,1.217233319029583,1.2450313402667543
Silverstone + AE86,mean,grouped,262,1.196588802777801,1.217233319029583
Silverstone + AE86,mean,grouped,264,1.1944359775280444,1.196588802777801
Silverstone + AE86,mean,grouped,267,1.1690937358440547,1.1944359775280444
Silverstone + AE86,mean,grouped,271,1.1215492866075423,1.1690937358440547
Silverstone + AE86,mean,grouped,276,1.1077838197251546,1.1215492866075423
Silverstone + AE86,mean,grouped,278,1.0883529918833061,1.1077838197251546
Silverstone + AE86,mean,grouped,280,1.0868182457927502,1.0883529918833061
Silverstone + AE86,mean,grouped,281,1.0635742340152612,1.0868182457927502
Silverstone + AE86,mean,grouped,286,1.061782493229323,1.0635742340152612
Silverstone + AE86,mean,grouped,287,1.0199379888083777,1.061782493229323
Silverstone + AE86,mean,grouped,288,1.0096033787018373,1.0199379888083777
Silverstone + AE86,mean,grouped,294,0.9713846520702859,1.0096033787018373
Silverstone + AE86,mean,grouped,299,0.9391239073559915,0.9713846520702859
Silverstone + AE86,mean,grouped,300,0.9358538192999503,0.9391239073559915
Silverstone + AE86,mean,grouped,302,0.9357334628766748,0.9358538192999503
Silverstone + AE86,mean,grouped,307,0.9247205146639428,0.9357334628766748
Silverstone + AE86,mean,grouped,308,0.9026282996777552,0.9247205146639428
Silverstone + AE86,mean,grouped,311,0.8985719866592287,0.9026282996777552
Silverstone + AE86,mean,grouped,315,0.8664036270601535,0.8985719866592287
Silverstone + AE86,mean,grouped,321,0.8442196618049748,0.8664036270601535
Silverstone + AE86,mean,grouped,327,0.8325693401550217,0.8442196618049748
Silverstone + AE86,mean,grouped,329,0.8259772540124657,0.8325693401550217
Silverstone + AE86,mean,grouped,330,0.8067928035413917,0.8259772540124657
Silverstone + AE86,mean,grouped,334,0.7940112482867456,0.8067928035413917
Silverstone + AE86,mean,grouped,336,0.7913510367079984,0.7940112482867456
Silverstone + AE86,mean,grouped,341,0.7733779338183846,0.7913510367079984
Silverstone + AE86,mean,grouped,346,0.7512658061884429,0.7733779338183846
Silverstone + AE86,mean,grouped,350,0.7450457352361902,0.7512658061884429
Silverstone + AE86,mean,grouped,353,0.7318761625440794,0.7450457352361902
Silverstone + AE86,mean,grouped,356,0.7187281317623564,0.7318761625440794
Silverstone + AE86,mean,grouped,358,0.7167717718155641,0.7187281317623564
Silverstone + AE86,mean,grouped,361,0.7062292903374364,0.7167717718155641
Silverstone + AE86,mean,grouped,364,0.6979778083205377,0.7062292903374364
Silverstone + AE86,mean,grouped,367,0.6917948092747984,0.6979778083205377
Silverstone + AE86,mean,grouped,370,0.6708479363708141,0.6917948092747984
Silverstone + AE86,mean,grouped,375,0.6705603159253817,0.6708479363708141
Silverstone + AE86,mean,grouped,376,0.6635483119132559,0.6705603159253817
Silverstone + AE86,mean,grouped,379,0.6628928758730587,0.6635483119132559
Silverstone + AE86,mean,grouped,380,0.653844545589766,0.6628928758730587
Silverstone + AE86,mean,grouped,385,0.6286518455420679,0.653844545589766
Silverstone + AE86,mean,grouped,394,0.6080699648596127,0.6286518455420679
Silverstone + AE86,mean,grouped,400,0.600518208930643,0.6080699648596127
Silverstone + AE86,mean,grouped,406,0.5922335149822875,0.600518208930643
Silverstone + AE86,mean,grouped,409,0.583621871714318,0.5922335149822875
Silverstone + AE86,mean,grouped,411,0.5834749903424096,0.583621871714318
Silverstone + AE86,mean,grouped,412,0.5748974437967178,0.5834749903424096
Silverstone + AE86,mean,grouped,417,0.5651714429045334,0.5748974437967178
Silverstone + AE86,mean,grouped,424,0.560202904254226,0.5651714429045334
Silverstone + AE86,mean,grouped,425,0.5520690366187656,0.560202904254226
Silverstone + AE86,mean,grouped,426,0.54757773137443,0.5520690366187656
Silverstone + AE86,mean,grouped,430,0.5413041785654945,0.54757773137443
Silverstone + AE86,mean,grouped,435,0.535429461815751,0.5413041785654945
Silverstone + AE86,mean,grouped,437,0.532899602875887,0.535429461815751
Silverstone + AE86,mean,grouped,438,0.5319578691040588,0.532899602875887
Silverstone + AE86,mean,grouped,440,0.5306813511339182,0.5319578691040588
Silverstone + AE86,mean,grouped,441,0.5218933324625458,0.5306813511339182
Silverstone + AE86,mean,grouped,446,0.5212608499857145,0.5218933324625458
Silverstone + AE86,mean,grouped,448,0.5210623757102806,0.5212608499857145
Silverstone + AE86,mean,grouped,449,0.514718096559184,0.5210623757102806
Silverstone + AE86,mean,grouped,457,0.49913152479037326,0.514718096559184
Silverstone + AE86,mean,grouped,462,0.4969635071055376,0.49913152479037326
Silverstone + AE86,mean,grouped,465,0.49542437052043625,0.4969635071055376
Silverstone + AE86,mean,grouped,468,0.4931346680972416,0.49542437052043625
Silverstone + AE86,mean,grouped,469,0.48791463654300177,0.4931346680972416
Silverstone + AE86,mean,grouped,477,0.48009010367403654,0.48791463654300177
Silverstone + AE86,mean,grouped,481,0.47507502481697755,0.48009010367403654
Silverstone + AE86,mean,grouped,485,0.47200478409847174,0.47507502481697755
Silverstone + AE86,mean,grouped,490,0.4597675835292254,0.47200478409847174
Silverstone + AE86,mean,grouped,495,0.4551713994847105,0.4597675835292254
Silverstone + AE86,mean,grouped,497,0.4470751267423336,0.4551713994847105
Silverstone + AE86,mean,grouped,500,0.0,0.4470751267423336
Silverstone + AE86,mean,worst,1,3.3168976845730533,inf
Silverstone + AE86,mean,worst,6,2.639007035074546,3.3168976845730533
Silverstone + AE86,mean,worst,7,1.9706591108188456,2.639007035074546
Silverstone + AE86,mean,worst,8,1.5481035439626134,1.9706591108188456
Silverstone + AE86,mean,worst,9,1.3295334317211276,1.5481035439626134
Silverstone + AE86,mean,worst,10,1.1871751279706038,1.3295334317211276
Silverstone + AE86,mean,worst,11,1.1084996732444798,1.1871751279706038
Silverstone + AE86,mean,worst,12,1.0659404437387399,1.1084996732444798
Silverstone + AE86,mean,worst,359,1.0503234081082178,1.0659404437387399
Silverstone + AE86,mean,worst,361,1.04009168170106,1.0503234081082178
Silverstone + AE86,mean,worst,364,1.0284233451554237,1.04009168170106
Silverstone + AE86,mean,worst,367,1.0268464302016531,1.0284233451554237
Silverstone + AE86,mean,worst,368,1.0189887765440342,1.0268464302016531
Silverstone + AE86,mean,worst,369,1.0121383827356023,1.0189887765440342
Silverstone + AE86,mean,worst,370,1.0041299329215043,1.0121383827356023
Silverstone + AE86,mean,worst,374,0.9968600585435897,1.0041299329215043
Silverstone + AE86,mean,worst,375,0.9928012672198291,0.9968600585435897
Silverstone + AE86,mean,worst,377,0.9820194199895337,0.9928012672198291
Silverstone + AE86,mean,worst,380,0.9715247935680973,0.9820194199895337
Silverstone + AE86,mean,worst,381,0.9675358807356341,0.9715247935680973
Silverstone + AE86,mean,worst,382,0.9636920938800568,0.9675358807356341
Silverstone + AE86,mean,worst,384,0.9568010470821497,0.9636920938800568
Silverstone + AE86,mean,worst,385,0.9466576014961368,0.9568010470821497
Silverstone + AE86,mean,worst,386,0.9375613150172176,0.9466576014961368
Silverstone + AE86,mean,worst,388,0.9366741412898567,0.9375613150172176
Silverstone + AE86,mean,worst,389,0.933026224019042,0.9366741412898567
Silverstone + AE86,mean,worst,391,0.9223422496219525,0.933026224019042
Silverstone + AE86,mean,worst,394,0.9145035098050266,0.9223422496219525
Silverstone + AE86,mean,worst,395,0.9142210513162834,0.9145035098050266
Silverstone + AE86,mean,worst,397,0.9066170134147129,0.9142210513162834
Silverstone + AE86,mean,worst,398,0.901325004128661,0.9066170134147129
Silverstone + AE86,mean,worst,399,0.8948935348228041,0.901325004128661
Silverstone + AE86,mean,worst,406,0.8783588531516136,0.8948935348228041
Silverstone + AE86,mean,worst,408,0.8776383581192861,0.8783588531516136
Silverstone + AE86,mean,worst,411,0.8668785773491332,0.8776383581192861
Silverstone + AE86,mean,worst,414,0.862352572705654,0.8668785773491332
Silverstone + AE86,mean,worst,417,0.8508037701561512,0.862352572705654
Silverstone + AE86,mean,worst,418,0.8496516565241895,0.8508037701561512
Silverstone + AE86,mean,worst,421,0.8440770611135103,0.8496516565241895
Silverstone + AE86,mean,worst,425,0.8421944773574579,0.8440770611135103
Silverstone + AE86,mean,worst,426,0.8359277968536426,0.8421944773574579
Silverstone + AE86,mean,worst,427,0.8255870369635367,0.8359277968536426
Silverstone + AE86,mean,worst,428,0.8225424222075004,0.8255870369635367
Silverstone + AE86,mean,worst,431,0.8161648208606717,0.8225424222075004
Silverstone + AE86,mean,worst,433,0.8155097234756656,0.8161648208606717
Silverstone + AE86,mean,worst,435,0.8078882329528377,0.8155097234756656
Silverstone + AE86,mean,worst,436,0.804851718223169,0.8078882329528377
Silverstone + AE86,mean,worst,437,0.8040037415139912,0.804851718223169
Silverstone + AE86,mean,worst,438,0.7980362529407949,0.8040037415139912
Silverstone + AE86,mean,worst,440,0.7849703317433155,0.7980362529407949
Silverstone + AE86,mean,worst,441,0.7820353841457521,0.7849703317433155
Silverstone + AE86,mean,worst,443,0.7818824248317104,0.7820353841457521
Silverstone + AE86,mean,worst,448,0.7816167843876114,0.7818824248317104
Silverstone + AE86,mean,worst,453,0.7786102945245573,0.7816167843876114
Silverstone + AE86,mean,worst,458,0.7758867190148545,0.7786102945245573
Silverstone + AE86,mean,worst,461,0.7708467080232532,0.7758867190148545
Silverstone + AE86,mean,worst,462,0.7704275926642258,0.7708467080232532
Silverstone + AE86,mean,worst,463,0.7688631185122338,0.7704275926642258
Silverstone + AE86,mean,worst,467,0.7664681710843737,0.7688631185122338
Silverstone + AE86,mean,worst,474,0.7607426006864735,0.7664681710843737
Silverstone + AE86,mean,worst,484,0.7552948802076778,0.7607426006864735
Silverstone + AE86,mean,worst,488,0.7513148314486985,0.7552948802076778
Silverstone + AE86,mean,worst,489,0.7474882604519004,0.7513148314486985
Silverstone + AE86,mean,worst,490,0.7312316942946098,0.7474882604519004
Silverstone + AE86,mean,worst,497,0.7252301027824887,0.7312316942946098
Silverstone + AE86,mean,worst,500,0.0,0.7252301027824887
Silverstone + AE86,mean,equal5,10,21.640954202479936,inf
Silverstone + AE86,mean,equal5,11,19.300310237262824,21.640954202479936
Silverstone + AE86,mean,equal5,12,7.621937199334005,19.300310237262824
Silverstone + AE86,mean,equal5,14,4.793215796151991,7.621937199334005
Silverstone + AE86,mean,equal5,16,4.520150622303566,4.793215796151991
Silverstone + AE86,mean,equal5,17,4.0707704494779975,4.520150622303566
Silverstone + AE86,mean,equal5,20,3.056672105961404,4.0707704494779975
Silverstone + AE86,mean,equal5,24,2.186026660903498,3.056672105961404
Silverstone + AE86,mean,equal5,191,2.004598257719162,2.186026660903498
Silverstone + AE86,mean,equal5,195,1.9833872441097782,2.004598257719162
Silverstone + AE86,mean,equal5,201,1.7741128779550523,1.9833872441097782
Silverstone + AE86,mean,equal5,211,1.7365926113583197,1.7741128779550523
Silverstone + AE86,mean,equal5,215,1.6195098269125143,1.7365926113583197
Silverstone + AE86,mean,equal5,222,1.5472876551527839,1.6195098269125143
Silverstone + AE86,mean,equal5,226,1.4843621320818137,1.5472876551527839
Silverstone + AE86,mean,equal5,232,1.421478873941259,1.4843621320818137
Silverstone + AE86,mean,equal5,240,1.3182028558435377,1.421478873941259
Silverstone + AE86,mean,equal5,243,1.3013711518380136,1.3182028558435377
Silverstone + AE86,mean,equal5,249,1.2308755304885115,1.3013711518380136
Silverstone + AE86,mean,equal5,255,1.2225428017614939,1.2308755304885115
Silverstone + AE86,mean,equal5,257,1.18172068789145,1.2225428017614939
Silverstone + AE86,mean,equal5,258,1.154383186264982,1.18172068789145
Silverstone + AE86,mean,equal5,262,1.1379443591426943,1.154383186264982
Silverstone + AE86,mean,equal5,267,1.115243315416219,1.1379443591426943
Silverstone + AE86,mean,equal5,271,1.0692249239884577,1.115243315416219
Silverstone + AE86,mean,equal5,276,1.059491170503148,1.0692249239884577
Silverstone + AE86,mean,equal5,278,1.038365868431718,1.059491170503148
Silverstone + AE86,mean,equal5,281,1.0193622434358363,1.038365868431718
Silverstone + AE86,mean,equal5,287,0.9676611868643107,1.0193622434358363
Silverstone + AE86,mean,equal5,288,0.9650711080909643,0.9676611868643107
Silverstone + AE86,mean,equal5,294,0.9299985942602561,0.9650711080909643
Silverstone + AE86,mean,equal5,299,0.8940388769978688,0.9299985942602561
Silverstone + AE86,mean,equal5,307,0.8896187278312673,0.8940388769978688
Silverstone + AE86,mean,equal5,308,0.864816660987959,0.8896187278312673
Silverstone + AE86,mean,equal5,311,0.8600711379199965,0.864816660987959
Silverstone + AE86,mean,equal5,315,0.8278953276150564,0.8600711379199965
Silverstone + AE86,mean,equal5,321,0.8089431161347959,0.8278953276150564
Silverstone + AE86,mean,equal5,327,0.7999896400356227,0.8089431161347959
Silverstone + AE86,mean,equal5,329,0.7897592288046995,0.7999896400356227
Silverstone + AE86,mean,equal5,330,0.7716662703975192,0.7897592288046995
Silverstone + AE86,mean,equal5,334,0.7598437613854115,0.7716662703975192
Silverstone + AE86,mean,equal5,341,0.7426252252038184,0.7598437613854115
Silverstone + AE86,mean,equal5,346,0.7195844812574032,0.7426252252038184
Silverstone + AE86,mean,equal5,350,0.7155033241563107,0.7195844812574032
Silverstone + AE86,mean,equal5,353,0.7010027117793979,0.7155033241563107
Silverstone + AE86,mean,equal5,356,0.6877885637810864,0.7010027117793979
Silverstone + AE86,mean,equal5,358,0.6867757592029071,0.6877885637810864
Silverstone + AE86,mean,equal5,361,0.6792544136529917,0.6867757592029071
Silverstone + AE86,mean,equal5,364,0.6722297677839663,0.6792544136529917
Silverstone + AE86,mean,equal5,366,0.6702992604790775,0.6722297677839663
Silverstone + AE86,mean,equal5,367,0.666174264621377,0.6702992604790775
Silverstone + AE86,mean,equal5,370,0.6427528581387448,0.666174264621377
Silverstone + AE86,mean,equal5,376,0.6380082170568959,0.6427528581387448
Silverstone + AE86,mean,equal5,379,0.6360053540557854,0.6380082170568959
Silverstone + AE86,mean,equal5,380,0.631640273256119,0.6360053540557854
Silverstone + AE86,mean,equal5,385,0.6051666922139539,0.631640273256119
Silverstone + AE86,mean,equal5,394,0.5838712476859222,0.6051666922139539
Silverstone + AE86,mean,equal5,400,0.5771002780269888,0.5838712476859222
Silverstone + AE86,mean,equal5,406,0.5723142086079916,0.5771002780269888
Silverstone + AE86,mean,equal5,409,0.5598571254806965,0.5723142086079916
Silverstone + AE86,mean,equal5,412,0.5501575228835794,0.5598571254806965
Silverstone + AE86,mean,equal5,417,0.5431602320968042,0.5501575228835794
Silverstone + AE86,mean,equal5,424,0.5351466795651754,0.5431602320968042
Silverstone + AE86,mean,equal5,425,0.5258419025705254,0.5351466795651754
Silverstone + AE86,mean,equal5,426,0.5244934666455064,0.5258419025705254
Silverstone + AE86,mean,equal5,430,0.5177557706119839,0.5244934666455064
Silverstone + AE86,mean,equal5,435,0.5132006731775969,0.5177557706119839
Silverstone + AE86,mean,equal5,437,0.5105852586252079,0.5132006731775969
Silverstone + AE86,mean,equal5,438,0.5099557281121023,0.5105852586252079
Silverstone + AE86,mean,equal5,441,0.5004508888276156,0.5099557281121023
Silverstone + AE86,mean,equal5,442,0.5002036586134999,0.5004508888276156
Silverstone + AE86,mean,equal5,446,0.4993058490055013,0.5002036586134999
Silverstone + AE86,mean,equal5,449,0.49290135868815166,0.4993058490055013
Silverstone + AE86,mean,equal5,457,0.4731060896098883,0.49290135868815166
Silverstone + AE86,mean,equal5,465,0.4711612617510258,0.4731060896098883
Silverstone + AE86,mean,equal5,468,0.4671620920000443,0.4711612617510258
Silverstone + AE86,mean,equal5,469,0.4634717947478707,0.4671620920000443
Silverstone + AE86,mean,equal5,477,0.45385982495735105,0.4634717947478707
Silverstone + AE86,mean,equal5,481,0.44886221822633077,0.45385982495735105
Silverstone + AE86,mean,equal5,485,0.44592136177935315,0.44886221822633077
Silverstone + AE86,mean,equal5,490,0.4362179865287222,0.44592136177935315
Silverstone + AE86,mean,equal5,495,0.4288215471246446,0.4362179865287222
Silverstone + AE86,mean,equal5,497,0.42231844073822306,0.4288215471246446
Silverstone + AE86,mean,equal5,500,0.0,0.42231844073822306
Silverstone + AE86,p95,pos3d_rmse_m,193,44.56148917430568,inf
Silverstone + AE86,p95,pos3d_rmse_m,197,8.814558057215773,44.56148917430568
Silverstone + AE86,p95,pos3d_rmse_m,203,3.9404688018650287,8.814558057215773
Silverstone + AE86,p95,pos3d_rmse_m,220,2.3315789576035826,3.9404688018650287
Silverstone + AE86,p95,pos3d_rmse_m,227,1.37661299719582,2.3315789576035826
Silverstone + AE86,p95,pos3d_rmse_m,233,1.3526281915298675,1.37661299719582
Silverstone + AE86,p95,pos3d_rmse_m,272,1.061023426473304,1.3526281915298675
Silverstone + AE86,p95,pos3d_rmse_m,273,1.0559583710668499,1.061023426473304
Silverstone + AE86,p95,pos3d_rmse_m,304,0.913806198477394,1.0559583710668499
Silverstone + AE86,p95,pos3d_rmse_m,338,0.860798437215801,0.913806198477394
Silverstone + AE86,p95,pos3d_rmse_m,345,0.5897997726966717,0.860798437215801
Silverstone + AE86,p95,pos3d_rmse_m,373,0.5289061630625098,0.5897997726966717
Silverstone + AE86,p95,pos3d_rmse_m,374,0.46208560631611634,0.5289061630625098
Silverstone + AE86,p95,pos3d_rmse_m,383,0.4498578372743264,0.46208560631611634
Silverstone + AE86,p95,pos3d_rmse_m,385,0.44166227679681497,0.4498578372743264
Silverstone + AE86,p95,pos3d_rmse_m,386,0.4289590019202342,0.44166227679681497
Silverstone + AE86,p95,pos3d_rmse_m,389,0.4270097196647564,0.4289590019202342
Silverstone + AE86,p95,pos3d_rmse_m,394,0.42622436588767,0.4270097196647564
Silverstone + AE86,p95,pos3d_rmse_m,395,0.4241940973716904,0.42622436588767
Silverstone + AE86,p95,pos3d_rmse_m,399,0.4191254814776023,0.4241940973716904
Silverstone + AE86,p95,pos3d_rmse_m,401,0.4160149676910769,0.4191254814776023
Silverstone + AE86,p95,pos3d_rmse_m,416,0.38254998568265663,0.4160149676910769
Silverstone + AE86,p95,pos3d_rmse_m,431,0.3745902470450558,0.38254998568265663
Silverstone + AE86,p95,pos3d_rmse_m,450,0.3661508511880128,0.3745902470450558
Silverstone + AE86,p95,pos3d_rmse_m,452,0.3481340928194338,0.3661508511880128
Silverstone + AE86,p95,pos3d_rmse_m,480,0.3398774327725411,0.3481340928194338
Silverstone + AE86,p95,pos3d_rmse_m,481,0.33560050767780075,0.3398774327725411
Silverstone + AE86,p95,pos3d_rmse_m,484,0.3312560280938337,0.33560050767780075
Silverstone + AE86,p95,pos3d_rmse_m,485,0.30853853968083067,0.3312560280938337
Silverstone + AE86,p95,pos3d_rmse_m,500,0.0,0.30853853968083067
Silverstone + AE86,p95,pos3d_finalae_m,96,135.25081150331843,inf
Silverstone + AE86,p95,pos3d_finalae_m,110,44.85905055755586,135.25081150331843
Silverstone + AE86,p95,pos3d_finalae_m,116,32.5831446932301,44.85905055755586
Silverstone + AE86,p95,pos3d_finalae_m,133,15.768514417911277,32.5831446932301
Silverstone + AE86,p95,pos3d_finalae_m,151,3.184815617684968,15.768514417911277
Silverstone + AE86,p95,pos3d_finalae_m,157,3.1266504024368307,3.184815617684968
Silverstone + AE86,p95,pos3d_finalae_m,174,2.363214744822003,3.1266504024368307
Silverstone + AE86,p95,pos3d_finalae_m,191,2.21860712849629,2.363214744822003
Silverstone + AE86,p95,pos3d_finalae_m,204,1.67107484540634,2.21860712849629
Silverstone + AE86,p95,pos3d_finalae_m,222,1.3433226607877422,1.67107484540634
Silverstone + AE86,p95,pos3d_finalae_m,263,1.0680013441937168,1.3433226607877422
Silverstone + AE86,p95,pos3d_finalae_m,271,0.9951096231787917,1.0680013441937168
Silverstone + AE86,p95,pos3d_finalae_m,288,0.984326537978748,0.9951096231787917
Silverstone + AE86,p95,pos3d_finalae_m,294,0.917708648299341,0.984326537978748
Silverstone + AE86,p95,pos3d_finalae_m,307,0.6564048126039708,0.917708648299341
Silverstone + AE86,p95,pos3d_finalae_m,324,0.6259784117894083,0.6564048126039708
Silverstone + AE86,p95,pos3d_finalae_m,340,0.5833027986025103,0.6259784117894083
Silverstone + AE86,p95,pos3d_finalae_m,379,0.49284723655949453,0.5833027986025103
Silverstone + AE86,p95,pos3d_finalae_m,431,0.49032386552775437,0.49284723655949453
Silverstone + AE86,p95,pos3d_finalae_m,437,0.42807124584618694,0.49032386552775437
Silverstone + AE86,p95,pos3d_finalae_m,455,0.42351559976950204,0.42807124584618694
Silverstone + AE86,p95,pos3d_finalae_m,465,0.39626807875067677,0.42351559976950204
Silverstone + AE86,p95,pos3d_finalae_m,473,0.3944860101380963,0.39626807875067677
Silverstone + AE86,p95,pos3d_finalae_m,497,0.38125007694978214,0.3944860101380963
Silverstone + AE86,p95,pos3d_finalae_m,498,0.22985128553722947,0.38125007694978214
Silverstone + AE86,p95,pos3d_finalae_m,499,0.22216278647127594,0.22985128553722947
Silverstone + AE86,p95,pos3d_finalae_m,500,0.0,0.22216278647127594
Silverstone + AE86,p95,speedKmh_rmse,2,27.4236814302988,inf
Silverstone + AE86,p95,speedKmh_rmse,3,8.180328234952722,27.4236814302988
Silverstone + AE86,p95,speedKmh_rmse,4,5.076336386747607,8.180328234952722
Silverstone + AE86,p95,speedKmh_rmse,9,3.021175858238547,5.076336386747607
Silverstone + AE86,p95,speedKmh_rmse,10,2.572117205128554,3.021175858238547
Silverstone + AE86,p95,speedKmh_rmse,12,2.174291911333346,2.572117205128554
Silverstone + AE86,p95,speedKmh_rmse,14,2.1129376199671874,2.174291911333346
Silverstone + AE86,p95,speedKmh_rmse,16,1.998183045319995,2.1129376199671874
Silverstone + AE86,p95,speedKmh_rmse,17,1.8258083608651585,1.998183045319995
Silverstone + AE86,p95,speedKmh_rmse,19,1.779186613592388,1.8258083608651585
Silverstone + AE86,p95,speedKmh_rmse,163,1.6979270488047957,1.779186613592388
Silverstone + AE86,p95,speedKmh_rmse,166,1.5937164440110314,1.6979270488047957
Silverstone + AE86,p95,speedKmh_rmse,168,1.4465872638382062,1.5937164440110314
Silverstone + AE86,p95,speedKmh_rmse,177,1.2184547487156845,1.4465872638382062
Silverstone + AE86,p95,speedKmh_rmse,182,1.0645806802092255,1.2184547487156845
Silverstone + AE86,p95,speedKmh_rmse,192,1.043635287701019,1.0645806802092255
Silverstone + AE86,p95,speedKmh_rmse,255,0.8848691314666325,1.043635287701019
Silverstone + AE86,p95,speedKmh_rmse,265,0.844714493976415,0.8848691314666325
Silverstone + AE86,p95,speedKmh_rmse,337,0.739191258455847,0.844714493976415
Silverstone + AE86,p95,speedKmh_rmse,441,0.665394686196359,0.739191258455847
Silverstone + AE86,p95,speedKmh_rmse,495,0.5237179464747874,0.665394686196359
Silverstone + AE86,p95,speedKmh_rmse,496,0.44790503917987673,0.5237179464747874
Silverstone + AE86,p95,speedKmh_rmse,497,0.4364896492027435,0.44790503917987673
Silverstone + AE86,p95,speedKmh_rmse,499,0.43560071883640683,0.4364896492027435
Silverstone + AE86,p95,speedKmh_rmse,500,0.0,0.43560071883640683
Silverstone + AE86,p95,attitude_mean_mae_deg,24,16.352646212377895,inf
Silverstone + AE86,p95,attitude_mean_mae_deg,29,3.033297047192262,16.352646212377895
Silverstone + AE86,p95,attitude_mean_mae_deg,36,1.4599579014267792,3.033297047192262
Silverstone + AE86,p95,attitude_mean_mae_deg,274,1.298161894578105,1.4599579014267792
Silverstone + AE86,p95,attitude_mean_mae_deg,288,1.0528116119812165,1.298161894578105
Silverstone + AE86,p95,attitude_mean_mae_deg,308,0.9578545297733788,1.0528116119812165
Silverstone + AE86,p95,attitude_mean_mae_deg,342,0.8391212066109484,0.9578545297733788
Silverstone + AE86,p95,attitude_mean_mae_deg,350,0.7284614411008387,0.8391212066109484
Silverstone + AE86,p95,attitude_mean_mae_deg,357,0.7066298791263321,0.7284614411008387
Silverstone + AE86,p95,attitude_mean_mae_deg,358,0.669614040002414,0.7066298791263321
Silverstone + AE86,p95,attitude_mean_mae_deg,359,0.6417025397388573,0.669614040002414
Silverstone + AE86,p95,attitude_mean_mae_deg,384,0.6063231504025668,0.6417025397388573
Silverstone + AE86,p95,attitude_mean_mae_deg,435,0.5065021211005051,0.6063231504025668
Silverstone + AE86,p95,attitude_mean_mae_deg,462,0.4583112428393159,0.5065021211005051
Silverstone + AE86,p95,attitude_mean_mae_deg,500,0.0,0.4583112428393159
Silverstone + AE86,p95,SlipAngle_mean_rmse,12,13.463321534931891,inf
Silverstone + AE86,p95,SlipAngle_mean_rmse,14,3.5374208401705767,13.463321534931891
Silverstone + AE86,p95,SlipAngle_mean_rmse,18,1.908852694494917,3.5374208401705767
Silverstone + AE86,p95,SlipAngle_mean_rmse,179,1.8026162937140253,1.908852694494917
Silverstone + AE86,p95,SlipAngle_mean_rmse,184,1.467048323287678,1.8026162937140253
Silverstone + AE86,p95,SlipAngle_mean_rmse,204,1.4504699007366129,1.467048323287678
Silverstone + AE86,p95,SlipAngle_mean_rmse,221,1.0674345976201587,1.4504699007366129
Silverstone + AE86,p95,SlipAngle_mean_rmse,247,0.8722521621816098,1.0674345976201587
Silverstone + AE86,p95,SlipAngle_mean_rmse,255,0.8703575941717756,0.8722521621816098
Silverstone + AE86,p95,SlipAngle_mean_rmse,256,0.6324648234478193,0.8703575941717756
Silverstone + AE86,p95,SlipAngle_mean_rmse,440,0.6092732961890603,0.6324648234478193
Silverstone + AE86,p95,SlipAngle_mean_rmse,442,0.4872512625431344,0.6092732961890603
Silverstone + AE86,p95,SlipAngle_mean_rmse,472,0.4051268117522622,0.4872512625431344
Silverstone + AE86,p95,SlipAngle_mean_rmse,495,0.3098830431241959,0.4051268117522622
Silverstone + AE86,p95,SlipAngle_mean_rmse,500,0.0,0.3098830431241959
Silverstone + AE86,p95,grouped,11,26.70846844871629,inf
Silverstone + AE86,p95,grouped,14,7.45391531702514,26.70846844871629
Silverstone + AE86,p95,grouped,18,3.631559856898905,7.45391531702514
Silverstone + AE86,p95,grouped,20,2.772654387837606,3.631559856898905
Silverstone + AE86,p95,grouped,29,2.4959682536222303,2.772654387837606
Silverstone + AE86,p95,grouped,36,2.1457107811557017,2.4959682536222303
Silverstone + AE86,p95,grouped,168,2.1320783574747835,2.1457107811557017
Silverstone + AE86,p95,grouped,177,1.6145431304415543,2.1320783574747835
Silverstone + AE86,p95,grouped,222,1.2377469834133241,1.6145431304415543
Silverstone + AE86,p95,grouped,255,1.0690861848904252,1.2377469834133241
Silverstone + AE86,p95,grouped,256,0.92053999749932,1.0690861848904252
Silverstone + AE86,p95,grouped,263,0.8879756270960956,0.92053999749932
Silverstone + AE86,p95,grouped,267,0.8022740817089243,0.8879756270960956
Silverstone + AE86,p95,grouped,337,0.6808522736434105,0.8022740817089243
Silverstone + AE86,p95,grouped,352,0.6375509004781833,0.6808522736434105
Silverstone + AE86,p95,grouped,353,0.633441372717369,0.6375509004781833
Silverstone + AE86,p95,grouped,392,0.6293437678022784,0.633441372717369
Silverstone + AE86,p95,grouped,431,0.550070676420498,0.6293437678022784
Silverstone + AE86,p95,grouped,434,0.5406475279569719,0.550070676420498
Silverstone + AE86,p95,grouped,435,0.5284151427010468,0.5406475279569719
Silverstone + AE86,p95,grouped,440,0.49800503369470733,0.5284151427010468
Silverstone + AE86,p95,grouped,458,0.48697388649417667,0.49800503369470733
Silverstone + AE86,p95,grouped,461,0.459945135277074,0.48697388649417667
Silverstone + AE86,p95,grouped,489,0.4451401665718358,0.459945135277074
Silverstone + AE86,p95,grouped,495,0.4124983847638643,0.4451401665718358
Silverstone + AE86,p95,grouped,500,0.0,0.4124983847638643
Silverstone + AE86,p95,worst,1,7.714012610034482,inf
Silverstone + AE86,p95,worst,3,7.122879598451719,7.714012610034482
Silverstone + AE86,p95,worst,9,2.751268936830228,7.122879598451719
Silverstone + AE86,p95,worst,11,2.621430450427768,2.751268936830228
Silverstone + AE86,p95,worst,12,2.174291911333346,2.621430450427768
Silverstone + AE86,p95,worst,14,2.1129376199671874,2.174291911333346
Silverstone + AE86,p95,worst,16,1.998183045319995,2.1129376199671874
Silverstone + AE86,p95,worst,17,1.8258083608651585,1.998183045319995
Silverstone + AE86,p95,worst,19,1.7400226791122977,1.8258083608651585
Silverstone + AE86,p95,worst,107,1.734813281223529,1.7400226791122977
Silverstone + AE86,p95,worst,131,1.6003951734978803,1.734813281223529
Silverstone + AE86,p95,worst,141,1.5080580827860246,1.6003951734978803
Silverstone + AE86,p95,worst,177,1.4132822000398673,1.5080580827860246
Silverstone + AE86,p95,worst,194,1.1031262841461913,1.4132822000398673
Silverstone + AE86,p95,worst,198,1.0715968657746968,1.1031262841461913
Silverstone + AE86,p95,worst,223,1.0482333184559516,1.0715968657746968
Silverstone + AE86,p95,worst,255,0.8848691314666325,1.0482333184559516
Silverstone + AE86,p95,worst,265,0.844714493976415,0.8848691314666325
Silverstone + AE86,p95,worst,337,0.739191258455847,0.844714493976415
Silverstone + AE86,p95,worst,441,0.6648165528000016,0.739191258455847
Silverstone + AE86,p95,worst,490,0.6372769208691479,0.6648165528000016
Silverstone + AE86,p95,worst,491,0.5324033595541516,0.6372769208691479
Silverstone + AE86,p95,worst,500,0.0,0.5324033595541516
Silverstone + AE86,p95,equal5,11,16.63972695210955,inf
Silverstone + AE86,p95,equal5,14,9.27681203379729,16.63972695210955
Silverstone + AE86,p95,equal5,15,7.968929885848998,9.27681203379729
Silverstone + AE86,p95,equal5,16,7.534194080998615,7.968929885848998
Silverstone + AE86,p95,equal5,18,6.953872806038044,7.534194080998615
Silverstone + AE86,p95,equal5,20,3.5058045767103976,6.953872806038044
Silverstone + AE86,p95,equal5,29,3.042768935585437,3.5058045767103976
Silverstone + AE86,p95,equal5,36,2.6829852489840254,3.042768935585437
Silverstone + AE86,p95,equal5,168,2.3481140769569784,2.6829852489840254
Silverstone + AE86,p95,equal5,177,1.891093259368399,2.3481140769569784
Silverstone + AE86,p95,equal5,183,1.8298992024232652,1.891093259368399
Silverstone + AE86,p95,equal5,204,1.7285057924525133,1.8298992024232652
Silverstone + AE86,p95,equal5,222,1.256092506747761,1.7285057924525133
Silverstone + AE86,p95,equal5,255,1.0779577389307826,1.256092506747761
Silverstone + AE86,p95,equal5,256,1.0111147516674923,1.0779577389307826
Silverstone + AE86,p95,equal5,263,0.8764421911763522,1.0111147516674923
Silverstone + AE86,p95,equal5,267,0.8291414413176084,0.8764421911763522
Silverstone + AE86,p95,equal5,275,0.8215703695518667,0.8291414413176084
Silverstone + AE86,p95,equal5,323,0.8053452628417598,0.8215703695518667
Silverstone + AE86,p95,equal5,337,0.6701053544136744,0.8053452628417598
Silverstone + AE86,p95,equal5,352,0.6225071375810802,0.6701053544136744
Silverstone + AE86,p95,equal5,374,0.6000616986764615,0.6225071375810802
Silverstone + AE86,p95,equal5,392,0.582842765308535,0.6000616986764615
Silverstone + AE86,p95,equal5,431,0.4997533500134669,0.582842765308535
Silverstone + AE86,p95,equal5,435,0.4826281862730749,0.4997533500134669
Silverstone + AE86,p95,equal5,440,0.4751143182606673,0.4826281862730749
Silverstone + AE86,p95,equal5,456,0.47302833676703393,0.4751143182606673
Silverstone + AE86,p95,equal5,458,0.46006837483882224,0.47302833676703393
Silverstone + AE86,p95,equal5,461,0.44186216538975287,0.46006837483882224
Silverstone + AE86,p95,equal5,482,0.4330963703465606,0.44186216538975287
Silverstone + AE86,p95,equal5,489,0.4198315419205512,0.4330963703465606
Silverstone + AE86,p95,equal5,495,0.396164339414115,0.4198315419205512
Silverstone + AE86,p95,equal5,499,0.38110852808174417,0.396164339414115
Silverstone + AE86,p95,equal5,500,0.0,0.38110852808174417
Silverstone + Supra,mean,pos3d_rmse_m,96,117.47703429651968,inf
Silverstone + Supra,mean,pos3d_rmse_m,98,70.05904282063098,117.47703429651968
Silverstone + Supra,mean,pos3d_rmse_m,99,63.48891929348173,70.05904282063098
Silverstone + Supra,mean,pos3d_rmse_m,100,51.089232463128994,63.48891929348173
Silverstone + Supra,mean,pos3d_rmse_m,101,36.855398113704965,51.089232463128994
Silverstone + Supra,mean,pos3d_rmse_m,102,25.49717592028736,36.855398113704965
Silverstone + Supra,mean,pos3d_rmse_m,103,21.16553026372771,25.49717592028736
Silverstone + Supra,mean,pos3d_rmse_m,104,20.572225666653694,21.16553026372771
Silverstone + Supra,mean,pos3d_rmse_m,105,18.954319656003506,20.572225666653694
Silverstone + Supra,mean,pos3d_rmse_m,107,17.51401748032263,18.954319656003506
Silverstone + Supra,mean,pos3d_rmse_m,108,15.33826489615843,17.51401748032263
Silverstone + Supra,mean,pos3d_rmse_m,109,14.079514363377639,15.33826489615843
Silverstone + Supra,mean,pos3d_rmse_m,111,12.646806004086608,14.079514363377639
Silverstone + Supra,mean,pos3d_rmse_m,112,11.361654345940238,12.646806004086608
Silverstone + Supra,mean,pos3d_rmse_m,113,10.390275985789538,11.361654345940238
Silverstone + Supra,mean,pos3d_rmse_m,114,10.312448021452392,10.390275985789538
Silverstone + Supra,mean,pos3d_rmse_m,115,10.300440931938464,10.312448021452392
Silverstone + Supra,mean,pos3d_rmse_m,116,9.488570443350973,10.300440931938464
Silverstone + Supra,mean,pos3d_rmse_m,117,8.334045255360875,9.488570443350973
Silverstone + Supra,mean,pos3d_rmse_m,118,7.683613838491286,8.334045255360875
Silverstone + Supra,mean,pos3d_rmse_m,119,7.590067760139572,7.683613838491286
Silverstone + Supra,mean,pos3d_rmse_m,120,7.212780774010732,7.590067760139572
Silverstone + Supra,mean,pos3d_rmse_m,122,6.9762774030013635,7.212780774010732
Silverstone + Supra,mean,pos3d_rmse_m,123,6.347246730091634,6.9762774030013635
Silverstone + Supra,mean,pos3d_rmse_m,124,5.905736409990247,6.347246730091634
Silverstone + Supra,mean,pos3d_rmse_m,125,5.836067478453113,5.905736409990247
Silverstone + Supra,mean,pos3d_rmse_m,126,5.734588198773618,5.836067478453113
Silverstone + Supra,mean,pos3d_rmse_m,127,5.403175595345257,5.734588198773618
Silverstone + Supra,mean,pos3d_rmse_m,128,5.267054258934515,5.403175595345257
Silverstone + Supra,mean,pos3d_rmse_m,129,5.025440153411551,5.267054258934515
Silverstone + Supra,mean,pos3d_rmse_m,130,4.972509423011941,5.025440153411551
Silverstone + Supra,mean,pos3d_rmse_m,131,4.653460785896205,4.972509423011941
Silverstone + Supra,mean,pos3d_rmse_m,133,4.510961992367239,4.653460785896205
Silverstone + Supra,mean,pos3d_rmse_m,134,4.274772557718091,4.510961992367239
Silverstone + Supra,mean,pos3d_rmse_m,135,4.16136257572166,4.274772557718091
Silverstone + Supra,mean,pos3d_rmse_m,136,4.074678581746476,4.16136257572166
Silverstone + Supra,mean,pos3d_rmse_m,137,4.039696912879773,4.074678581746476
Silverstone + Supra,mean,pos3d_rmse_m,138,3.9593332594074213,4.039696912879773
Silverstone + Supra,mean,pos3d_rmse_m,139,3.664150722801928,3.9593332594074213
Silverstone + Supra,mean,pos3d_rmse_m,140,3.5019802984970676,3.664150722801928
Silverstone + Supra,mean,pos3d_rmse_m,141,3.4588900060476186,3.5019802984970676
Silverstone + Supra,mean,pos3d_rmse_m,142,3.418578371932088,3.4588900060476186
Silverstone + Supra,mean,pos3d_rmse_m,143,3.3227529509988987,3.418578371932088
Silverstone + Supra,mean,pos3d_rmse_m,144,3.322688405732146,3.3227529509988987
Silverstone + Supra,mean,pos3d_rmse_m,145,3.163934334830319,3.322688405732146
Silverstone + Supra,mean,pos3d_rmse_m,146,3.1256669519211657,3.163934334830319
Silverstone + Supra,mean,pos3d_rmse_m,147,2.9726489129618425,3.1256669519211657
Silverstone + Supra,mean,pos3d_rmse_m,148,2.8728800627919875,2.9726489129618425
Silverstone + Supra,mean,pos3d_rmse_m,149,2.850803875874657,2.8728800627919875
Silverstone + Supra,mean,pos3d_rmse_m,150,2.7679492835137265,2.850803875874657
Silverstone + Supra,mean,pos3d_rmse_m,151,2.712946979693031,2.7679492835137265
Silverstone + Supra,mean,pos3d_rmse_m,152,2.6841561410809733,2.712946979693031
Silverstone + Supra,mean,pos3d_rmse_m,153,2.6205836054549456,2.6841561410809733
Silverstone + Supra,mean,pos3d_rmse_m,154,2.5591704819979824,2.6205836054549456
Silverstone + Supra,mean,pos3d_rmse_m,155,2.5114197511199907,2.5591704819979824
Silverstone + Supra,mean,pos3d_rmse_m,156,2.452534450406705,2.5114197511199907
Silverstone + Supra,mean,pos3d_rmse_m,157,2.4040087447211227,2.452534450406705
Silverstone + Supra,mean,pos3d_rmse_m,158,2.363599135816098,2.4040087447211227
Silverstone + Supra,mean,pos3d_rmse_m,159,2.361090845832055,2.363599135816098
Silverstone + Supra,mean,pos3d_rmse_m,160,2.292618848691974,2.361090845832055
Silverstone + Supra,mean,pos3d_rmse_m,161,2.2500266221181238,2.292618848691974
Silverstone + Supra,mean,pos3d_rmse_m,162,2.205454634947807,2.2500266221181238
Silverstone + Supra,mean,pos3d_rmse_m,163,2.1797744987185634,2.205454634947807
Silverstone + Supra,mean,pos3d_rmse_m,164,2.1280051077627524,2.1797744987185634
Silverstone + Supra,mean,pos3d_rmse_m,165,2.098439465085939,2.1280051077627524
Silverstone + Supra,mean,pos3d_rmse_m,166,2.08545516267029,2.098439465085939
Silverstone + Supra,mean,pos3d_rmse_m,167,2.0561636419365343,2.08545516267029
Silverstone + Supra,mean,pos3d_rmse_m,168,1.9894376276135852,2.0561636419365343
Silverstone + Supra,mean,pos3d_rmse_m,169,1.9699378063032977,1.9894376276135852
Silverstone + Supra,mean,pos3d_rmse_m,170,1.9313264921217266,1.9699378063032977
Silverstone + Supra,mean,pos3d_rmse_m,171,1.9292362502747147,1.9313264921217266
Silverstone + Supra,mean,pos3d_rmse_m,172,1.9096957798193104,1.9292362502747147
Silverstone + Supra,mean,pos3d_rmse_m,173,1.8664091953024473,1.9096957798193104
Silverstone + Supra,mean,pos3d_rmse_m,174,1.8249435884158616,1.8664091953024473
Silverstone + Supra,mean,pos3d_rmse_m,175,1.7924968790345326,1.8249435884158616
Silverstone + Supra,mean,pos3d_rmse_m,178,1.7142485253968265,1.7924968790345326
Silverstone + Supra,mean,pos3d_rmse_m,179,1.697394084592719,1.7142485253968265
Silverstone + Supra,mean,pos3d_rmse_m,180,1.6649596274105989,1.697394084592719
Silverstone + Supra,mean,pos3d_rmse_m,183,1.6198395676204413,1.6649596274105989
Silverstone + Supra,mean,pos3d_rmse_m,184,1.5981761075803063,1.6198395676204413
Silverstone + Supra,mean,pos3d_rmse_m,185,1.5738449835713324,1.5981761075803063
Silverstone + Supra,mean,pos3d_rmse_m,186,1.5613482624121822,1.5738449835713324
Silverstone + Supra,mean,pos3d_rmse_m,187,1.558843932259731,1.5613482624121822
Silverstone + Supra,mean,pos3d_rmse_m,188,1.5524595418496643,1.558843932259731
Silverstone + Supra,mean,pos3d_rmse_m,189,1.5347375971551154,1.5524595418496643
Silverstone + Supra,mean,pos3d_rmse_m,190,1.486806080595502,1.5347375971551154
Silverstone + Supra,mean,pos3d_rmse_m,191,1.4755631647510261,1.486806080595502
Silverstone + Supra,mean,pos3d_rmse_m,193,1.4387863525791198,1.4755631647510261
Silverstone + Supra,mean,pos3d_rmse_m,194,1.419762604416796,1.4387863525791198
Silverstone + Supra,mean,pos3d_rmse_m,196,1.4128861127151706,1.419762604416796
Silverstone + Supra,mean,pos3d_rmse_m,197,1.3638510951250078,1.4128861127151706
Silverstone + Supra,mean,pos3d_rmse_m,200,1.3564576679658304,1.3638510951250078
Silverstone + Supra,mean,pos3d_rmse_m,201,1.3277022542137786,1.3564576679658304
Silverstone + Supra,mean,pos3d_rmse_m,204,1.3119377148993743,1.3277022542137786
Silverstone + Supra,mean,pos3d_rmse_m,205,1.2790032697014009,1.3119377148993743
Silverstone + Supra,mean,pos3d_rmse_m,206,1.277593904662128,1.2790032697014009
Silverstone + Supra,mean,pos3d_rmse_m,209,1.2575647420318847,1.277593904662128
Silverstone + Supra,mean,pos3d_rmse_m,210,1.2456119051481842,1.2575647420318847
Silverstone + Supra,mean,pos3d_rmse_m,211,1.234789945463111,1.2456119051481842
Silverstone + Supra,mean,pos3d_rmse_m,212,1.2195962793292243,1.234789945463111
Silverstone + Supra,mean,pos3d_rmse_m,213,1.1870954592838605,1.2195962793292243
Silverstone + Supra,mean,pos3d_rmse_m,214,1.1860403908616204,1.1870954592838605
Silverstone + Supra,mean,pos3d_rmse_m,216,1.1824920011856304,1.1860403908616204
Silverstone + Supra,mean,pos3d_rmse_m,217,1.1770760911661529,1.1824920011856304
Silverstone + Supra,mean,pos3d_rmse_m,219,1.1611661789790015,1.1770760911661529
Silverstone + Supra,mean,pos3d_rmse_m,220,1.1321273873578486,1.1611661789790015
Silverstone + Supra,mean,pos3d_rmse_m,223,1.1249731717482843,1.1321273873578486
Silverstone + Supra,mean,pos3d_rmse_m,224,1.1209892734558309,1.1249731717482843
Silverstone + Supra,mean,pos3d_rmse_m,225,1.1078642027963108,1.1209892734558309
Silverstone + Supra,mean,pos3d_rmse_m,226,1.10291611443035,1.1078642027963108
Silverstone + Supra,mean,pos3d_rmse_m,228,1.0773487097725842,1.10291611443035
Silverstone + Supra,mean,pos3d_rmse_m,229,1.0664691941343631,1.0773487097725842
Silverstone + Supra,mean,pos3d_rmse_m,230,1.065948417425943,1.0664691941343631
Silverstone + Supra,mean,pos3d_rmse_m,231,1.0576372070976172,1.065948417425943
Silverstone + Supra,mean,pos3d_rmse_m,233,1.0475646915926833,1.0576372070976172
Silverstone + Supra,mean,pos3d_rmse_m,236,1.0348665564616455,1.0475646915926833
Silverstone + Supra,mean,pos3d_rmse_m,237,1.0111373755351498,1.0348665564616455
Silverstone + Supra,mean,pos3d_rmse_m,241,1.0054314328111318,1.0111373755351498
Silverstone + Supra,mean,pos3d_rmse_m,242,0.9963824467841226,1.0054314328111318
Silverstone + Supra,mean,pos3d_rmse_m,244,0.9790781761568054,0.9963824467841226
Silverstone + Supra,mean,pos3d_rmse_m,245,0.9781164311982101,0.9790781761568054
Silverstone + Supra,mean,pos3d_rmse_m,247,0.9667842884789009,0.9781164311982101
Silverstone + Supra,mean,pos3d_rmse_m,248,0.9608426362590731,0.9667842884789009
Silverstone + Supra,mean,pos3d_rmse_m,250,0.9529565044164224,0.9608426362590731
Silverstone + Supra,mean,pos3d_rmse_m,251,0.9432857465753247,0.9529565044164224
Silverstone + Supra,mean,pos3d_rmse_m,255,0.9359267419950988,0.9432857465753247
Silverstone + Supra,mean,pos3d_rmse_m,256,0.9235058345985246,0.9359267419950988
Silverstone + Supra,mean,pos3d_rmse_m,257,0.9182245200700772,0.9235058345985246
Silverstone + Supra,mean,pos3d_rmse_m,260,0.9065366193722865,0.9182245200700772
Silverstone + Supra,mean,pos3d_rmse_m,262,0.8936905957760892,0.9065366193722865
Silverstone + Supra,mean,pos3d_rmse_m,264,0.8915864604587194,0.8936905957760892
Silverstone + Supra,mean,pos3d_rmse_m,267,0.8806972792724217,0.8915864604587194
Silverstone + Supra,mean,pos3d_rmse_m,268,0.8638437703071339,0.8806972792724217
Silverstone + Supra,mean,pos3d_rmse_m,271,0.8635893766979168,0.8638437703071339
Silverstone + Supra,mean,pos3d_rmse_m,274,0.8458268182629297,0.8635893766979168
Silverstone + Supra,mean,pos3d_rmse_m,275,0.8415974842559211,0.8458268182629297
Silverstone + Supra,mean,pos3d_rmse_m,277,0.8396326621164443,0.8415974842559211
Silverstone + Supra,mean,pos3d_rmse_m,278,0.8363328376250135,0.8396326621164443
Silverstone + Supra,mean,pos3d_rmse_m,279,0.8270154802373441,0.8363328376250135
Silverstone + Supra,mean,pos3d_rmse_m,282,0.8206879071278961,0.8270154802373441
Silverstone + Supra,mean,pos3d_rmse_m,283,0.815157453015234,0.8206879071278961
Silverstone + Supra,mean,pos3d_rmse_m,285,0.8096571613354546,0.815157453015234
Silverstone + Supra,mean,pos3d_rmse_m,286,0.809249613419064,0.8096571613354546
Silverstone + Supra,mean,pos3d_rmse_m,289,0.8021990465304536,0.809249613419064
Silverstone + Supra,mean,pos3d_rmse_m,290,0.8011366261666756,0.8021990465304536
Silverstone + Supra,mean,pos3d_rmse_m,291,0.7873048246826149,0.8011366261666756
Silverstone + Supra,mean,pos3d_rmse_m,294,0.7783276509780621,0.7873048246826149
Silverstone + Supra,mean,pos3d_rmse_m,295,0.7773089077267797,0.7783276509780621
Silverstone + Supra,mean,pos3d_rmse_m,296,0.7756451878468104,0.7773089077267797
Silverstone + Supra,mean,pos3d_rmse_m,298,0.7737579566050488,0.7756451878468104
Silverstone + Supra,mean,pos3d_rmse_m,301,0.763993556978265,0.7737579566050488
Silverstone + Supra,mean,pos3d_rmse_m,302,0.7525766674082872,0.763993556978265
Silverstone + Supra,mean,pos3d_rmse_m,304,0.7521993927890233,0.7525766674082872
Silverstone + Supra,mean,pos3d_rmse_m,307,0.7507872063092246,0.7521993927890233
Silverstone + Supra,mean,pos3d_rmse_m,308,0.7424880819805338,0.7507872063092246
Silverstone + Supra,mean,pos3d_rmse_m,309,0.739722853636187,0.7424880819805338
Silverstone + Supra,mean,pos3d_rmse_m,310,0.7333330857921261,0.739722853636187
Silverstone + Supra,mean,pos3d_rmse_m,311,0.7332867760519067,0.7333330857921261
Silverstone + Supra,mean,pos3d_rmse_m,312,0.7321461065003846,0.7332867760519067
Silverstone + Supra,mean,pos3d_rmse_m,313,0.7317605400005315,0.7321461065003846
Silverstone + Supra,mean,pos3d_rmse_m,314,0.727898506401089,0.7317605400005315
Silverstone + Supra,mean,pos3d_rmse_m,315,0.7274464048252633,0.727898506401089
Silverstone + Supra,mean,pos3d_rmse_m,317,0.7115864333809607,0.7274464048252633
Silverstone + Supra,mean,pos3d_rmse_m,321,0.708994008741842,0.7115864333809607
Silverstone + Supra,mean,pos3d_rmse_m,323,0.7023021175434264,0.708994008741842
Silverstone + Supra,mean,pos3d_rmse_m,325,0.7003855326540952,0.7023021175434264
Silverstone + Supra,mean,pos3d_rmse_m,327,0.6978689058122406,0.7003855326540952
Silverstone + Supra,mean,pos3d_rmse_m,328,0.6881687748509964,0.6978689058122406
Silverstone + Supra,mean,pos3d_rmse_m,331,0.6838629849967878,0.6881687748509964
Silverstone + Supra,mean,pos3d_rmse_m,332,0.6800597155756981,0.6838629849967878
Silverstone + Supra,mean,pos3d_rmse_m,336,0.6738020418639437,0.6800597155756981
Silverstone + Supra,mean,pos3d_rmse_m,337,0.6695082564812206,0.6738020418639437
Silverstone + Supra,mean,pos3d_rmse_m,341,0.6625728255131618,0.6695082564812206
Silverstone + Supra,mean,pos3d_rmse_m,344,0.6539426537387495,0.6625728255131618
Silverstone + Supra,mean,pos3d_rmse_m,345,0.652912952354863,0.6539426537387495
Silverstone + Supra,mean,pos3d_rmse_m,348,0.6445141787411779,0.652912952354863
Silverstone + Supra,mean,pos3d_rmse_m,351,0.6423646471338108,0.6445141787411779
Silverstone + Supra,mean,pos3d_rmse_m,352,0.639597659772093,0.6423646471338108
Silverstone + Supra,mean,pos3d_rmse_m,354,0.637079849701531,0.639597659772093
Silverstone + Supra,mean,pos3d_rmse_m,355,0.6345352991995341,0.637079849701531
Silverstone + Supra,mean,pos3d_rmse_m,356,0.6294132574553026,0.6345352991995341
Silverstone + Supra,mean,pos3d_rmse_m,359,0.6251480190175336,0.6294132574553026
Silverstone + Supra,mean,pos3d_rmse_m,360,0.6223448144029183,0.6251480190175336
Silverstone + Supra,mean,pos3d_rmse_m,361,0.6218612302312964,0.6223448144029183
Silverstone + Supra,mean,pos3d_rmse_m,362,0.617930126294548,0.6218612302312964
Silverstone + Supra,mean,pos3d_rmse_m,365,0.6135823520273243,0.617930126294548
Silverstone + Supra,mean,pos3d_rmse_m,366,0.6081338088915219,0.6135823520273243
Silverstone + Supra,mean,pos3d_rmse_m,368,0.6064033567748043,0.6081338088915219
Silverstone + Supra,mean,pos3d_rmse_m,369,0.6034419994568139,0.6064033567748043
Silverstone + Supra,mean,pos3d_rmse_m,370,0.6023428314944422,0.6034419994568139
Silverstone + Supra,mean,pos3d_rmse_m,371,0.5995136656264336,0.6023428314944422
Silverstone + Supra,mean,pos3d_rmse_m,373,0.5991860137328832,0.5995136656264336
Silverstone + Supra,mean,pos3d_rmse_m,375,0.5982353986822473,0.5991860137328832
Silverstone + Supra,mean,pos3d_rmse_m,376,0.5922182816929786,0.5982353986822473
Silverstone + Supra,mean,pos3d_rmse_m,378,0.5881847941695387,0.5922182816929786
Silverstone + Supra,mean,pos3d_rmse_m,381,0.5806506843208457,0.5881847941695387
Silverstone + Supra,mean,pos3d_rmse_m,383,0.5802143682589194,0.5806506843208457
Silverstone + Supra,mean,pos3d_rmse_m,385,0.5777507472089402,0.5802143682589194
Silverstone + Supra,mean,pos3d_rmse_m,387,0.5712226062934334,0.5777507472089402
Silverstone + Supra,mean,pos3d_rmse_m,388,0.5710837370874002,0.5712226062934334
Silverstone + Supra,mean,pos3d_rmse_m,389,0.5689811752185432,0.5710837370874002
Silverstone + Supra,mean,pos3d_rmse_m,391,0.5663166103287208,0.5689811752185432
Silverstone + Supra,mean,pos3d_rmse_m,395,0.5575630488526334,0.5663166103287208
Silverstone + Supra,mean,pos3d_rmse_m,396,0.5574307564004689,0.5575630488526334
Silverstone + Supra,mean,pos3d_rmse_m,398,0.5518697392460407,0.5574307564004689
Silverstone + Supra,mean,pos3d_rmse_m,402,0.5497602538343647,0.5518697392460407
Silverstone + Supra,mean,pos3d_rmse_m,404,0.5444500659485694,0.5497602538343647
Silverstone + Supra,mean,pos3d_rmse_m,406,0.5399285504641153,0.5444500659485694
Silverstone + Supra,mean,pos3d_rmse_m,407,0.5387879376391203,0.5399285504641153
Silverstone + Supra,mean,pos3d_rmse_m,408,0.5363613205380222,0.5387879376391203
Silverstone + Supra,mean,pos3d_rmse_m,412,0.5340571851470909,0.5363613205380222
Silverstone + Supra,mean,pos3d_rmse_m,413,0.5302653722920077,0.5340571851470909
Silverstone + Supra,mean,pos3d_rmse_m,415,0.5274233147348253,0.5302653722920077
Silverstone + Supra,mean,pos3d_rmse_m,418,0.5238012975799811,0.5274233147348253
Silverstone + Supra,mean,pos3d_rmse_m,419,0.5198642054449797,0.5238012975799811
Silverstone + Supra,mean,pos3d_rmse_m,422,0.5182409561418763,0.5198642054449797
Silverstone + Supra,mean,pos3d_rmse_m,425,0.5117492920464105,0.5182409561418763
Silverstone + Supra,mean,pos3d_rmse_m,427,0.5114704401714573,0.5117492920464105
Silverstone + Supra,mean,pos3d_rmse_m,428,0.509519770583018,0.5114704401714573
Silverstone + Supra,mean,pos3d_rmse_m,429,0.5085561013813253,0.509519770583018
Silverstone + Supra,mean,pos3d_rmse_m,430,0.5055610539328856,0.5085561013813253
Silverstone + Supra,mean,pos3d_rmse_m,432,0.504898209762247,0.5055610539328856
Silverstone + Supra,mean,pos3d_rmse_m,434,0.5020397954299852,0.504898209762247
Silverstone + Supra,mean,pos3d_rmse_m,436,0.5010016310328329,0.5020397954299852
Silverstone + Supra,mean,pos3d_rmse_m,437,0.49565768352862216,0.5010016310328329
Silverstone + Supra,mean,pos3d_rmse_m,438,0.4947298300557772,0.49565768352862216
Silverstone + Supra,mean,pos3d_rmse_m,439,0.4945988593674014,0.4947298300557772
Silverstone + Supra,mean,pos3d_rmse_m,441,0.49040981278762624,0.4945988593674014
Silverstone + Supra,mean,pos3d_rmse_m,443,0.48955986011249014,0.49040981278762624
Silverstone + Supra,mean,pos3d_rmse_m,446,0.4882970235486339,0.48955986011249014
Silverstone + Supra,mean,pos3d_rmse_m,447,0.482528836904607,0.4882970235486339
Silverstone + Supra,mean,pos3d_rmse_m,450,0.4803399763068601,0.482528836904607
Silverstone + Supra,mean,pos3d_rmse_m,452,0.4750034847270041,0.4803399763068601
Silverstone + Supra,mean,pos3d_rmse_m,455,0.47401455287999356,0.4750034847270041
Silverstone + Supra,mean,pos3d_rmse_m,460,0.4652162915639218,0.47401455287999356
Silverstone + Supra,mean,pos3d_rmse_m,462,0.4649188193481231,0.4652162915639218
Silverstone + Supra,mean,pos3d_rmse_m,463,0.4641857999910765,0.4649188193481231
Silverstone + Supra,mean,pos3d_rmse_m,465,0.46291764295024757,0.4641857999910765
Silverstone + Supra,mean,pos3d_rmse_m,467,0.46181351829782136,0.46291764295024757
Silverstone + Supra,mean,pos3d_rmse_m,468,0.45714774159743843,0.46181351829782136
Silverstone + Supra,mean,pos3d_rmse_m,471,0.45646381227749555,0.45714774159743843
Silverstone + Supra,mean,pos3d_rmse_m,473,0.4545486685149656,0.45646381227749555
Silverstone + Supra,mean,pos3d_rmse_m,474,0.4502257004637856,0.4545486685149656
Silverstone + Supra,mean,pos3d_rmse_m,477,0.44864435811509057,0.4502257004637856
Silverstone + Supra,mean,pos3d_rmse_m,478,0.44729934160061335,0.44864435811509057
Silverstone + Supra,mean,pos3d_rmse_m,479,0.4461895801292283,0.44729934160061335
Silverstone + Supra,mean,pos3d_rmse_m,484,0.43889238946312403,0.4461895801292283
Silverstone + Supra,mean,pos3d_rmse_m,488,0.4356760816145639,0.43889238946312403
Silverstone + Supra,mean,pos3d_rmse_m,489,0.43370099420097685,0.4356760816145639
Silverstone + Supra,mean,pos3d_rmse_m,493,0.431563983819124,0.43370099420097685
Silverstone + Supra,mean,pos3d_rmse_m,498,0.4241916901203452,0.431563983819124
Silverstone + Supra,mean,pos3d_rmse_m,499,0.423351672843596,0.4241916901203452
Silverstone + Supra,mean,pos3d_rmse_m,500,0.0,0.423351672843596
Silverstone + Supra,mean,pos3d_finalae_m,77,45.546783342430864,inf
Silverstone + Supra,mean,pos3d_finalae_m,81,37.505321778254846,45.546783342430864
Silverstone + Supra,mean,pos3d_finalae_m,87,12.930101133262465,37.505321778254846
Silverstone + Supra,mean,pos3d_finalae_m,89,12.834874733245574,12.930101133262465
Silverstone + Supra,mean,pos3d_finalae_m,95,12.063490274626501,12.834874733245574
Silverstone + Supra,mean,pos3d_finalae_m,98,8.588579027065263,12.063490274626501
Silverstone + Supra,mean,pos3d_finalae_m,101,5.374653446055814,8.588579027065263
Silverstone + Supra,mean,pos3d_finalae_m,102,5.311698921056012,5.374653446055814
Silverstone + Supra,mean,pos3d_finalae_m,111,3.870652385167798,5.311698921056012
Silverstone + Supra,mean,pos3d_finalae_m,116,3.564162791394882,3.870652385167798
Silverstone + Supra,mean,pos3d_finalae_m,123,2.584635157354476,3.564162791394882
Silverstone + Supra,mean,pos3d_finalae_m,133,2.2808737644308463,2.584635157354476
Silverstone + Supra,mean,pos3d_finalae_m,138,1.8421508778549611,2.2808737644308463
Silverstone + Supra,mean,pos3d_finalae_m,146,1.7279230860926407,1.8421508778549611
Silverstone + Supra,mean,pos3d_finalae_m,151,1.6323327340048943,1.7279230860926407
Silverstone + Supra,mean,pos3d_finalae_m,160,1.5390886279931753,1.6323327340048943
Silverstone + Supra,mean,pos3d_finalae_m,165,1.53005077307092,1.5390886279931753
Silverstone + Supra,mean,pos3d_finalae_m,168,1.4275367348317445,1.53005077307092
Silverstone + Supra,mean,pos3d_finalae_m,177,1.3119839488501948,1.4275367348317445
Silverstone + Supra,mean,pos3d_finalae_m,188,1.231368336962189,1.3119839488501948
Silverstone + Supra,mean,pos3d_finalae_m,192,1.2037926811311397,1.231368336962189
Silverstone + Supra,mean,pos3d_finalae_m,204,1.1865098947615025,1.2037926811311397
Silverstone + Supra,mean,pos3d_finalae_m,208,1.0967942527742405,1.1865098947615025
Silverstone + Supra,mean,pos3d_finalae_m,224,1.0370637435236543,1.0967942527742405
Silverstone + Supra,mean,pos3d_finalae_m,239,1.0057462581556624,1.0370637435236543
Silverstone + Supra,mean,pos3d_finalae_m,241,0.975492370156948,1.0057462581556624
Silverstone + Supra,mean,pos3d_finalae_m,254,0.924236959623318,0.975492370156948
Silverstone + Supra,mean,pos3d_finalae_m,265,0.9070042416953248,0.924236959623318
Silverstone + Supra,mean,pos3d_finalae_m,272,0.8576299253691455,0.9070042416953248
Silverstone + Supra,mean,pos3d_finalae_m,286,0.8214508965007464,0.8576299253691455
Silverstone + Supra,mean,pos3d_finalae_m,296,0.820253579309317,0.8214508965007464
Silverstone + Supra,mean,pos3d_finalae_m,300,0.7931459236937182,0.820253579309317
Silverstone + Supra,mean,pos3d_finalae_m,307,0.7658944189617805,0.7931459236937182
Silverstone + Supra,mean,pos3d_finalae_m,319,0.76284456773452,0.7658944189617805
Silverstone + Supra,mean,pos3d_finalae_m,326,0.7172731394576116,0.76284456773452
Silverstone + Supra,mean,pos3d_finalae_m,334,0.7141514744632278,0.7172731394576116
Silverstone + Supra,mean,pos3d_finalae_m,341,0.6974137824513825,0.7141514744632278
Silverstone + Supra,mean,pos3d_finalae_m,346,0.6848026648760757,0.6974137824513825
Silverstone + Supra,mean,pos3d_finalae_m,350,0.6610099922680738,0.6848026648760757
Silverstone + Supra,mean,pos3d_finalae_m,356,0.66095559829819,0.6610099922680738
Silverstone + Supra,mean,pos3d_finalae_m,358,0.6606112492918788,0.66095559829819
Silverstone + Supra,mean,pos3d_finalae_m,360,0.6518455532634221,0.6606112492918788
Silverstone + Supra,mean,pos3d_finalae_m,362,0.6495776318406102,0.6518455532634221
Silverstone + Supra,mean,pos3d_finalae_m,364,0.6443259372264822,0.6495776318406102
Silverstone + Supra,mean,pos3d_finalae_m,373,0.6178185525322852,0.6443259372264822
Silverstone + Supra,mean,pos3d_finalae_m,386,0.6067798903940086,0.6178185525322852
Silverstone + Supra,mean,pos3d_finalae_m,392,0.584621768451396,0.6067798903940086
Silverstone + Supra,mean,pos3d_finalae_m,401,0.57334680193902,0.584621768451396
Silverstone + Supra,mean,pos3d_finalae_m,409,0.5649546027151481,0.57334680193902
Silverstone + Supra,mean,pos3d_finalae_m,411,0.5603855540395143,0.5649546027151481
Silverstone + Supra,mean,pos3d_finalae_m,416,0.5544227210424838,0.5603855540395143
Silverstone + Supra,mean,pos3d_finalae_m,420,0.5405429405149369,0.5544227210424838
Silverstone + Supra,mean,pos3d_finalae_m,431,0.5371617365965365,0.5405429405149369
Silverstone + Supra,mean,pos3d_finalae_m,435,0.5222966926851356,0.5371617365965365
Silverstone + Supra,mean,pos3d_finalae_m,440,0.5203506786185859,0.5222966926851356
Silverstone + Supra,mean,pos3d_finalae_m,448,0.4948510586144062,0.5203506786185859
Silverstone + Supra,mean,pos3d_finalae_m,457,0.4945018506368597,0.4948510586144062
Silverstone + Supra,mean,pos3d_finalae_m,462,0.48979008310165284,0.4945018506368597
Silverstone + Supra,mean,pos3d_finalae_m,467,0.48409009610601456,0.48979008310165284
Silverstone + Supra,mean,pos3d_finalae_m,472,0.4753297739288734,0.48409009610601456
Silverstone + Supra,mean,pos3d_finalae_m,480,0.47030890916613305,0.4753297739288734
Silverstone + Supra,mean,pos3d_finalae_m,481,0.46720055062818483,0.47030890916613305
Silverstone + Supra,mean,pos3d_finalae_m,486,0.4607156471389266,0.46720055062818483
Silverstone + Supra,mean,pos3d_finalae_m,497,0.41626973513455934,0.4607156471389266
Silverstone + Supra,mean,pos3d_finalae_m,500,0.0,0.41626973513455934
Silverstone + Supra,mean,speedKmh_rmse,1,5.670426375746406,inf
Silverstone + Supra,mean,speedKmh_rmse,2,2.981090363626398,5.670426375746406
Silverstone + Supra,mean,speedKmh_rmse,3,1.902593017012223,2.981090363626398
Silverstone + Supra,mean,speedKmh_rmse,4,1.4206819219597824,1.902593017012223
Silverstone + Supra,mean,speedKmh_rmse,5,1.2232301324838184,1.4206819219597824
Silverstone + Supra,mean,speedKmh_rmse,6,1.120525207784015,1.2232301324838184
Silverstone + Supra,mean,speedKmh_rmse,7,1.0525794488798463,1.120525207784015
Silverstone + Supra,mean,speedKmh_rmse,8,1.0329356261540688,1.0525794488798463
Silverstone + Supra,mean,speedKmh_rmse,310,1.0303878514145943,1.0329356261540688
Silverstone + Supra,mean,speedKmh_rmse,317,1.016052182644879,1.0303878514145943
Silverstone + Supra,mean,speedKmh_rmse,323,1.0135639234895808,1.016052182644879
Silverstone + Supra,mean,speedKmh_rmse,328,1.007001997590279,1.0135639234895808
Silverstone + Supra,mean,speedKmh_rmse,331,1.0038834270219632,1.007001997590279
Silverstone + Supra,mean,speedKmh_rmse,332,1.0023156094044186,1.0038834270219632
Silverstone + Supra,mean,speedKmh_rmse,336,0.9973157722247256,1.0023156094044186
Silverstone + Supra,mean,speedKmh_rmse,337,0.9943165528696447,0.9973157722247256
Silverstone + Supra,mean,speedKmh_rmse,341,0.9903312616072951,0.9943165528696447
Silverstone + Supra,mean,speedKmh_rmse,344,0.9831713070573423,0.9903312616072951
Silverstone + Supra,mean,speedKmh_rmse,348,0.9782947810494563,0.9831713070573423
Silverstone + Supra,mean,speedKmh_rmse,354,0.9761183095373275,0.9782947810494563
Silverstone + Supra,mean,speedKmh_rmse,355,0.9741991203404645,0.9761183095373275
Silverstone + Supra,mean,speedKmh_rmse,356,0.9713425662607713,0.9741991203404645
Silverstone + Supra,mean,speedKmh_rmse,359,0.968426860944019,0.9713425662607713
Silverstone + Supra,mean,speedKmh_rmse,360,0.9668235738857661,0.968426860944019
Silverstone + Supra,mean,speedKmh_rmse,362,0.9664081452175886,0.9668235738857661
Silverstone + Supra,mean,speedKmh_rmse,365,0.966175259724295,0.9664081452175886
Silverstone + Supra,mean,speedKmh_rmse,366,0.9577709294954952,0.966175259724295
Silverstone + Supra,mean,speedKmh_rmse,369,0.9560293596648561,0.9577709294954952
Silverstone + Supra,mean,speedKmh_rmse,371,0.9557197326467305,0.9560293596648561
Silverstone + Supra,mean,speedKmh_rmse,376,0.952048523128485,0.9557197326467305
Silverstone + Supra,mean,speedKmh_rmse,378,0.9499409347125575,0.952048523128485
Silverstone + Supra,mean,speedKmh_rmse,381,0.9446150100098193,0.9499409347125575
Silverstone + Supra,mean,speedKmh_rmse,387,0.9395040029012315,0.9446150100098193
Silverstone + Supra,mean,speedKmh_rmse,395,0.9342780863329667,0.9395040029012315
Silverstone + Supra,mean,speedKmh_rmse,398,0.9313892264348627,0.9342780863329667
Silverstone + Supra,mean,speedKmh_rmse,404,0.9299192026507265,0.9313892264348627
Silverstone + Supra,mean,speedKmh_rmse,406,0.9242920278392673,0.9299192026507265
Silverstone + Supra,mean,speedKmh_rmse,413,0.9194221686839091,0.9242920278392673
Silverstone + Supra,mean,speedKmh_rmse,415,0.9168558732101397,0.9194221686839091
Silverstone + Supra,mean,speedKmh_rmse,418,0.9133694382678742,0.9168558732101397
Silverstone + Supra,mean,speedKmh_rmse,419,0.9113945732645244,0.9133694382678742
Silverstone + Supra,mean,speedKmh_rmse,425,0.9072309535810669,0.9113945732645244
Silverstone + Supra,mean,speedKmh_rmse,437,0.9056892713902082,0.9072309535810669
Silverstone + Supra,mean,speedKmh_rmse,447,0.9048889128584148,0.9056892713902082
Silverstone + Supra,mean,speedKmh_rmse,460,0.9034998881633012,0.9048889128584148
Silverstone + Supra,mean,speedKmh_rmse,474,0.9034571973752702,0.9034998881633012
Silverstone + Supra,mean,speedKmh_rmse,484,0.9014386753057354,0.9034571973752702
Silverstone + Supra,mean,speedKmh_rmse,498,0.896203834339263,0.9014386753057354
Silverstone + Supra,mean,speedKmh_rmse,500,0.0,0.896203834339263
Silverstone + Supra,mean,attitude_mean_mae_deg,47,68.71974649776674,inf
Silverstone + Supra,mean,attitude_mean_mae_deg,48,15.958301212735652,68.71974649776674
Silverstone + Supra,mean,attitude_mean_mae_deg,49,9.259072515036216,15.958301212735652
Silverstone + Supra,mean,attitude_mean_mae_deg,50,6.5948336736442545,9.259072515036216
Silverstone + Supra,mean,attitude_mean_mae_deg,51,5.2157169729899735,6.5948336736442545
Silverstone + Supra,mean,attitude_mean_mae_deg,52,4.259923778248334,5.2157169729899735
Silverstone + Supra,mean,attitude_mean_mae_deg,53,3.5909114104022506,4.259923778248334
Silverstone + Supra,mean,attitude_mean_mae_deg,54,3.1037132761556756,3.5909114104022506
Silverstone + Supra,mean,attitude_mean_mae_deg,55,2.7856424163854596,3.1037132761556756
Silverstone + Supra,mean,attitude_mean_mae_deg,56,2.4808789479971427,2.7856424163854596
Silverstone + Supra,mean,attitude_mean_mae_deg,57,2.2476060910607387,2.4808789479971427
Silverstone + Supra,mean,attitude_mean_mae_deg,58,1.990692020412291,2.2476060910607387
Silverstone + Supra,mean,attitude_mean_mae_deg,59,1.809431513317857,1.990692020412291
Silverstone + Supra,mean,attitude_mean_mae_deg,60,1.6847668542712095,1.809431513317857
Silverstone + Supra,mean,attitude_mean_mae_deg,61,1.526699494420611,1.6847668542712095
Silverstone + Supra,mean,attitude_mean_mae_deg,62,1.4286407770204876,1.526699494420611
Silverstone + Supra,mean,attitude_mean_mae_deg,63,1.3275440232326885,1.4286407770204876
Silverstone + Supra,mean,attitude_mean_mae_deg,64,1.2580197850305717,1.3275440232326885
Silverstone + Supra,mean,attitude_mean_mae_deg,65,1.1885937396594495,1.2580197850305717
Silverstone + Supra,mean,attitude_mean_mae_deg,66,1.123489094749487,1.1885937396594495
Silverstone + Supra,mean,attitude_mean_mae_deg,67,1.1166363019113557,1.123489094749487
Silverstone + Supra,mean,attitude_mean_mae_deg,267,1.1091204284658718,1.1166363019113557
Silverstone + Supra,mean,attitude_mean_mae_deg,268,1.0841171517177661,1.1091204284658718
Silverstone + Supra,mean,attitude_mean_mae_deg,271,1.0778852490198074,1.0841171517177661
Silverstone + Supra,mean,attitude_mean_mae_deg,274,1.058885400781981,1.0778852490198074
Silverstone + Supra,mean,attitude_mean_mae_deg,275,1.0485826294189269,1.058885400781981
Silverstone + Supra,mean,attitude_mean_mae_deg,277,1.044546960946504,1.0485826294189269
Silverstone + Supra,mean,attitude_mean_mae_deg,278,1.037452682637227,1.044546960946504
Silverstone + Supra,mean,attitude_mean_mae_deg,279,1.0241377220876944,1.037452682637227
Silverstone + Supra,mean,attitude_mean_mae_deg,282,1.0121255596044871,1.0241377220876944
Silverstone + Supra,mean,attitude_mean_mae_deg,283,1.0000705278607407,1.0121255596044871
Silverstone + Supra,mean,attitude_mean_mae_deg,285,0.9892985586114068,1.0000705278607407
Silverstone + Supra,mean,attitude_mean_mae_deg,286,0.9865375882015041,0.9892985586114068
Silverstone + Supra,mean,attitude_mean_mae_deg,289,0.9784815947768879,0.9865375882015041
Silverstone + Supra,mean,attitude_mean_mae_deg,291,0.956011376669048,0.9784815947768879
Silverstone + Supra,mean,attitude_mean_mae_deg,294,0.9409036436504303,0.956011376669048
Silverstone + Supra,mean,attitude_mean_mae_deg,295,0.9356991549283756,0.9409036436504303
Silverstone + Supra,mean,attitude_mean_mae_deg,296,0.9324281011067139,0.9356991549283756
Silverstone + Supra,mean,attitude_mean_mae_deg,297,0.930438155871308,0.9324281011067139
Silverstone + Supra,mean,attitude_mean_mae_deg,298,0.9250942760937211,0.930438155871308
Silverstone + Supra,mean,attitude_mean_mae_deg,301,0.9111966934522576,0.9250942760937211
Silverstone + Supra,mean,attitude_mean_mae_deg,302,0.8954127983812249,0.9111966934522576
Silverstone + Supra,mean,attitude_mean_mae_deg,304,0.8919470635944632,0.8954127983812249
Silverstone + Supra,mean,attitude_mean_mae_deg,305,0.8887302545262864,0.8919470635944632
Silverstone + Supra,mean,attitude_mean_mae_deg,307,0.8856657413328843,0.8887302545262864
Silverstone + Supra,mean,attitude_mean_mae_deg,308,0.8745897330832942,0.8856657413328843
Silverstone + Supra,mean,attitude_mean_mae_deg,309,0.8712122858305077,0.8745897330832942
Silverstone + Supra,mean,attitude_mean_mae_deg,310,0.8631528808307758,0.8712122858305077
Silverstone + Supra,mean,attitude_mean_mae_deg,311,0.8602522919851773,0.8631528808307758
Silverstone + Supra,mean,attitude_mean_mae_deg,312,0.857581048576363,0.8602522919851773
Silverstone + Supra,mean,attitude_mean_mae_deg,313,0.8544315341032878,0.857581048576363
Silverstone + Supra,mean,attitude_mean_mae_deg,314,0.8494951332172338,0.8544315341032878
Silverstone + Supra,mean,attitude_mean_mae_deg,315,0.8476568523367822,0.8494951332172338
Silverstone + Supra,mean,attitude_mean_mae_deg,317,0.8234075060896159,0.8476568523367822
Silverstone + Supra,mean,attitude_mean_mae_deg,318,0.8232580836365142,0.8234075060896159
Silverstone + Supra,mean,attitude_mean_mae_deg,321,0.8177145790195312,0.8232580836365142
Silverstone + Supra,mean,attitude_mean_mae_deg,323,0.8061020886276733,0.8177145790195312
Silverstone + Supra,mean,attitude_mean_mae_deg,325,0.8005102685484533,0.8061020886276733
Silverstone + Supra,mean,attitude_mean_mae_deg,327,0.7995260533164177,0.8005102685484533
Silverstone + Supra,mean,attitude_mean_mae_deg,328,0.7855770660642164,0.7995260533164177
Silverstone + Supra,mean,attitude_mean_mae_deg,331,0.7776874544035943,0.7855770660642164
Silverstone + Supra,mean,attitude_mean_mae_deg,332,0.7714937117957038,0.7776874544035943
Silverstone + Supra,mean,attitude_mean_mae_deg,333,0.7695704978566967,0.7714937117957038
Silverstone + Supra,mean,attitude_mean_mae_deg,336,0.760292353406464,0.7695704978566967
Silverstone + Supra,mean,attitude_mean_mae_deg,337,0.7517003194141689,0.760292353406464
Silverstone + Supra,mean,attitude_mean_mae_deg,341,0.7400702752573388,0.7517003194141689
Silverstone + Supra,mean,attitude_mean_mae_deg,344,0.7281105758657226,0.7400702752573388
Silverstone + Supra,mean,attitude_mean_mae_deg,345,0.7254272880909958,0.7281105758657226
Silverstone + Supra,mean,attitude_mean_mae_deg,348,0.7130622779823542,0.7254272880909958
Silverstone + Supra,mean,attitude_mean_mae_deg,351,0.7112176891933252,0.7130622779823542
Silverstone + Supra,mean,attitude_mean_mae_deg,352,0.7057533353680736,0.7112176891933252
Silverstone + Supra,mean,attitude_mean_mae_deg,354,0.7005700745262939,0.7057533353680736
Silverstone + Supra,mean,attitude_mean_mae_deg,355,0.6968071008978024,0.7005700745262939
Silverstone + Supra,mean,attitude_mean_mae_deg,356,0.6899719050119012,0.6968071008978024
Silverstone + Supra,mean,attitude_mean_mae_deg,359,0.6833343470081052,0.6899719050119012
Silverstone + Supra,mean,attitude_mean_mae_deg,360,0.6796437357664002,0.6833343470081052
Silverstone + Supra,mean,attitude_mean_mae_deg,361,0.677972980662625,0.6796437357664002
Silverstone + Supra,mean,attitude_mean_mae_deg,362,0.6731000270317783,0.677972980662625
Silverstone + Supra,mean,attitude_mean_mae_deg,365,0.6683430682782353,0.6731000270317783
Silverstone + Supra,mean,attitude_mean_mae_deg,366,0.6592378219875321,0.6683430682782353
Silverstone + Supra,mean,attitude_mean_mae_deg,368,0.6566462223279697,0.6592378219875321
Silverstone + Supra,mean,attitude_mean_mae_deg,369,0.652650425825735,0.6566462223279697
Silverstone + Supra,mean,attitude_mean_mae_deg,370,0.6512583064131598,0.652650425825735
Silverstone + Supra,mean,attitude_mean_mae_deg,371,0.6452950747581284,0.6512583064131598
Silverstone + Supra,mean,attitude_mean_mae_deg,373,0.6439422416730267,0.6452950747581284
Silverstone + Supra,mean,attitude_mean_mae_deg,375,0.643597078002811,0.6439422416730267
Silverstone + Supra,mean,attitude_mean_mae_deg,376,0.6358168341585801,0.643597078002811
Silverstone + Supra,mean,attitude_mean_mae_deg,377,0.6346464420221223,0.6358168341585801
Silverstone + Supra,mean,attitude_mean_mae_deg,378,0.6289941817712948,0.6346464420221223
Silverstone + Supra,mean,attitude_mean_mae_deg,381,0.6195246103246845,0.6289941817712948
Silverstone + Supra,mean,attitude_mean_mae_deg,383,0.6181102423759791,0.6195246103246845
Silverstone + Supra,mean,attitude_mean_mae_deg,385,0.6138773096479785,0.6181102423759791
Silverstone + Supra,mean,attitude_mean_mae_deg,387,0.606335664964386,0.6138773096479785
Silverstone + Supra,mean,attitude_mean_mae_deg,388,0.6062358270054259,0.606335664964386
Silverstone + Supra,mean,attitude_mean_mae_deg,389,0.6024773575355722,0.6062358270054259
Silverstone + Supra,mean,attitude_mean_mae_deg,391,0.5980502707758609,0.6024773575355722
Silverstone + Supra,mean,attitude_mean_mae_deg,395,0.588756965011606,0.5980502707758609
Silverstone + Supra,mean,attitude_mean_mae_deg,396,0.5879225741990465,0.588756965011606
Silverstone + Supra,mean,attitude_mean_mae_deg,398,0.5797006126195366,0.5879225741990465
Silverstone + Supra,mean,attitude_mean_mae_deg,402,0.5768210156272225,0.5797006126195366
Silverstone + Supra,mean,attitude_mean_mae_deg,404,0.5710411401513439,0.5768210156272225
Silverstone + Supra,mean,attitude_mean_mae_deg,406,0.5648700779664179,0.5710411401513439
Silverstone + Supra,mean,attitude_mean_mae_deg,407,0.5637255781870134,0.5648700779664179
Silverstone + Supra,mean,attitude_mean_mae_deg,408,0.559697554446182,0.5637255781870134
Silverstone + Supra,mean,attitude_mean_mae_deg,412,0.5578669907216772,0.559697554446182
Silverstone + Supra,mean,attitude_mean_mae_deg,413,0.5525509481988182,0.5578669907216772
Silverstone + Supra,mean,attitude_mean_mae_deg,415,0.5485179704348383,0.5525509481988182
Silverstone + Supra,mean,attitude_mean_mae_deg,418,0.5439728921227406,0.5485179704348383
Silverstone + Supra,mean,attitude_mean_mae_deg,419,0.5391605657523709,0.5439728921227406
Silverstone + Supra,mean,attitude_mean_mae_deg,422,0.5368607324547889,0.5391605657523709
Silverstone + Supra,mean,attitude_mean_mae_deg,425,0.5289838131942776,0.5368607324547889
Silverstone + Supra,mean,attitude_mean_mae_deg,427,0.5283815221378894,0.5289838131942776
Silverstone + Supra,mean,attitude_mean_mae_deg,428,0.52612763685017,0.5283815221378894
Silverstone + Supra,mean,attitude_mean_mae_deg,429,0.5250268708625202,0.52612763685017
Silverstone + Supra,mean,attitude_mean_mae_deg,430,0.521051190958708,0.5250268708625202
Silverstone + Supra,mean,attitude_mean_mae_deg,432,0.5194742912857043,0.521051190958708
Silverstone + Supra,mean,attitude_mean_mae_deg,434,0.5157894162288883,0.5194742912857043
Silverstone + Supra,mean,attitude_mean_mae_deg,436,0.5151170698559817,0.5157894162288883
Silverstone + Supra,mean,attitude_mean_mae_deg,437,0.5092014488115385,0.5151170698559817
Silverstone + Supra,mean,attitude_mean_mae_deg,438,0.5076889870723471,0.5092014488115385
Silverstone + Supra,mean,attitude_mean_mae_deg,439,0.5065086405067533,0.5076889870723471
Silverstone + Supra,mean,attitude_mean_mae_deg,441,0.5016968858390808,0.5065086405067533
Silverstone + Supra,mean,attitude_mean_mae_deg,443,0.5005694678444678,0.5016968858390808
Silverstone + Supra,mean,attitude_mean_mae_deg,446,0.4986488027906011,0.5005694678444678
Silverstone + Supra,mean,attitude_mean_mae_deg,447,0.4919395090240765,0.4986488027906011
Silverstone + Supra,mean,attitude_mean_mae_deg,450,0.48883082993265436,0.4919395090240765
Silverstone + Supra,mean,attitude_mean_mae_deg,452,0.4831669080137015,0.48883082993265436
Silverstone + Supra,mean,attitude_mean_mae_deg,455,0.4814059471942377,0.4831669080137015
Silverstone + Supra,mean,attitude_mean_mae_deg,460,0.4721075030000356,0.4814059471942377
Silverstone + Supra,mean,attitude_mean_mae_deg,462,0.471725794726961,0.4721075030000356
Silverstone + Supra,mean,attitude_mean_mae_deg,463,0.4704688988818431,0.471725794726961
Silverstone + Supra,mean,attitude_mean_mae_deg,465,0.46882531121847415,0.4704688988818431
Silverstone + Supra,mean,attitude_mean_mae_deg,466,0.4685354125544155,0.46882531121847415
Silverstone + Supra,mean,attitude_mean_mae_deg,467,0.4673510687568051,0.4685354125544155
Silverstone + Supra,mean,attitude_mean_mae_deg,468,0.46220947721467687,0.4673510687568051
Silverstone + Supra,mean,attitude_mean_mae_deg,471,0.4609461891509116,0.46220947721467687
Silverstone + Supra,mean,attitude_mean_mae_deg,473,0.45900245730986594,0.4609461891509116
Silverstone + Supra,mean,attitude_mean_mae_deg,474,0.45409469932663454,0.45900245730986594
Silverstone + Supra,mean,attitude_mean_mae_deg,477,0.4518907581569611,0.45409469932663454
Silverstone + Supra,mean,attitude_mean_mae_deg,478,0.4503106282252467,0.4518907581569611
Silverstone + Supra,mean,attitude_mean_mae_deg,479,0.44890338346396486,0.4503106282252467
Silverstone + Supra,mean,attitude_mean_mae_deg,484,0.44095299886078787,0.44890338346396486
Silverstone + Supra,mean,attitude_mean_mae_deg,488,0.4377090940585321,0.44095299886078787
Silverstone + Supra,mean,attitude_mean_mae_deg,489,0.4351320795884661,0.4377090940585321
Silverstone + Supra,mean,attitude_mean_mae_deg,493,0.43251437454915553,0.4351320795884661
Silverstone + Supra,mean,attitude_mean_mae_deg,498,0.42545338554350415,0.43251437454915553
Silverstone + Supra,mean,attitude_mean_mae_deg,499,0.42464187199712583,0.42545338554350415
Silverstone + Supra,mean,attitude_mean_mae_deg,500,0.0,0.42464187199712583
Silverstone + Supra,mean,SlipAngle_mean_rmse,8,77.98175107228549,inf
Silverstone + Supra,mean,SlipAngle_mean_rmse,9,7.856743991010562,77.98175107228549
Silverstone + Supra,mean,SlipAngle_mean_rmse,10,4.352224099885361,7.856743991010562
Silverstone + Supra,mean,SlipAngle_mean_rmse,11,3.0939461180553556,4.352224099885361
Silverstone + Supra,mean,SlipAngle_mean_rmse,12,2.469242699550803,3.0939461180553556
Silverstone + Supra,mean,SlipAngle_mean_rmse,13,2.118162881567152,2.469242699550803
Silverstone + Supra,mean,SlipAngle_mean_rmse,14,2.1028802002484595,2.118162881567152
Silverstone + Supra,mean,SlipAngle_mean_rmse,198,2.099150109326424,2.1028802002484595
Silverstone + Supra,mean,SlipAngle_mean_rmse,200,2.0907962996452416,2.099150109326424
Silverstone + Supra,mean,SlipAngle_mean_rmse,201,2.040199706146143,2.0907962996452416
Silverstone + Supra,mean,SlipAngle_mean_rmse,202,2.0182660055611663,2.040199706146143
Silverstone + Supra,mean,SlipAngle_mean_rmse,204,1.9942324815542576,2.0182660055611663
Silverstone + Supra,mean,SlipAngle_mean_rmse,205,1.944887896156804,1.9942324815542576
Silverstone + Supra,mean,SlipAngle_mean_rmse,206,1.9122336205903303,1.944887896156804
Silverstone + Supra,mean,SlipAngle_mean_rmse,207,1.904969799694014,1.9122336205903303
Silverstone + Supra,mean,SlipAngle_mean_rmse,209,1.870853551305873,1.904969799694014
Silverstone + Supra,mean,SlipAngle_mean_rmse,210,1.8604489094648702,1.870853551305873
Silverstone + Supra,mean,SlipAngle_mean_rmse,211,1.833117124574587,1.8604489094648702
Silverstone + Supra,mean,SlipAngle_mean_rmse,212,1.814547919433288,1.833117124574587
Silverstone + Supra,mean,SlipAngle_mean_rmse,213,1.761637176172051,1.814547919433288
Silverstone + Supra,mean,SlipAngle_mean_rmse,214,1.7456876336180662,1.761637176172051
Silverstone + Supra,mean,SlipAngle_mean_rmse,216,1.7401261052212178,1.7456876336180662
Silverstone + Supra,mean,SlipAngle_mean_rmse,217,1.715984126530132,1.7401261052212178
Silverstone + Supra,mean,SlipAngle_mean_rmse,219,1.6834603903666028,1.715984126530132
Silverstone + Supra,mean,SlipAngle_mean_rmse,220,1.6295444740799512,1.6834603903666028
Silverstone + Supra,mean,SlipAngle_mean_rmse,221,1.6237060632109257,1.6295444740799512
Silverstone + Supra,mean,SlipAngle_mean_rmse,222,1.6206013719556547,1.6237060632109257
Silverstone + Supra,mean,SlipAngle_mean_rmse,223,1.6008433270503044,1.6206013719556547
Silverstone + Supra,mean,SlipAngle_mean_rmse,224,1.6005955816860438,1.6008433270503044
Silverstone + Supra,mean,SlipAngle_mean_rmse,225,1.574824340195513,1.6005955816860438
Silverstone + Supra,mean,SlipAngle_mean_rmse,226,1.5590369301725098,1.574824340195513
Silverstone + Supra,mean,SlipAngle_mean_rmse,228,1.5112846632281323,1.5590369301725098
Silverstone + Supra,mean,SlipAngle_mean_rmse,229,1.4906925753644695,1.5112846632281323
Silverstone + Supra,mean,SlipAngle_mean_rmse,230,1.4891748741530568,1.4906925753644695
Silverstone + Supra,mean,SlipAngle_mean_rmse,231,1.4638087966076065,1.4891748741530568
Silverstone + Supra,mean,SlipAngle_mean_rmse,232,1.4632643692599134,1.4638087966076065
Silverstone + Supra,mean,SlipAngle_mean_rmse,233,1.4398845655854853,1.4632643692599134
Silverstone + Supra,mean,SlipAngle_mean_rmse,236,1.4228663031687638,1.4398845655854853
Silverstone + Supra,mean,SlipAngle_mean_rmse,237,1.3680851603561037,1.4228663031687638
Silverstone + Supra,mean,SlipAngle_mean_rmse,238,1.3576755307969512,1.3680851603561037
Silverstone + Supra,mean,SlipAngle_mean_rmse,240,1.3534363186288978,1.3576755307969512
Silverstone + Supra,mean,SlipAngle_mean_rmse,241,1.350553309704183,1.3534363186288978
Silverstone + Supra,mean,SlipAngle_mean_rmse,242,1.3327921307472097,1.350553309704183
Silverstone + Supra,mean,SlipAngle_mean_rmse,244,1.299871431509329,1.3327921307472097
Silverstone + Supra,mean,SlipAngle_mean_rmse,245,1.2927243968863185,1.299871431509329
Silverstone + Supra,mean,SlipAngle_mean_rmse,247,1.2780168269734586,1.2927243968863185
Silverstone + Supra,mean,SlipAngle_mean_rmse,248,1.2587571379282771,1.2780168269734586
Silverstone + Supra,mean,SlipAngle_mean_rmse,250,1.2426393577708497,1.2587571379282771
Silverstone + Supra,mean,SlipAngle_mean_rmse,251,1.2204802420073895,1.2426393577708497
Silverstone + Supra,mean,SlipAngle_mean_rmse,252,1.219418687542672,1.2204802420073895
Silverstone + Supra,mean,SlipAngle_mean_rmse,255,1.2044200709310875,1.219418687542672
Silverstone + Supra,mean,SlipAngle_mean_rmse,256,1.1932145680976847,1.2044200709310875
Silverstone + Supra,mean,SlipAngle_mean_rmse,257,1.1746185393891035,1.1932145680976847
Silverstone + Supra,mean,SlipAngle_mean_rmse,260,1.1519481146758144,1.1746185393891035
Silverstone + Supra,mean,SlipAngle_mean_rmse,262,1.1292237963156906,1.1519481146758144
Silverstone + Supra,mean,SlipAngle_mean_rmse,264,1.1194896034066626,1.1292237963156906
Silverstone + Supra,mean,SlipAngle_mean_rmse,267,1.1059744424349367,1.1194896034066626
Silverstone + Supra,mean,SlipAngle_mean_rmse,268,1.0776641993140024,1.1059744424349367
Silverstone + Supra,mean,SlipAngle_mean_rmse,269,1.0746100408344537,1.0776641993140024
Silverstone + Supra,mean,SlipAngle_mean_rmse,271,1.0661344807727144,1.0746100408344537
Silverstone + Supra,mean,SlipAngle_mean_rmse,274,1.0466885357132898,1.0661344807727144
Silverstone + Supra,mean,SlipAngle_mean_rmse,275,1.0382420605395979,1.0466885357132898
Silverstone + Supra,mean,SlipAngle_mean_rmse,277,1.0344814752400084,1.0382420605395979
Silverstone + Supra,mean,SlipAngle_mean_rmse,278,1.0258594213275107,1.0344814752400084
Silverstone + Supra,mean,SlipAngle_mean_rmse,279,1.0113099274578874,1.0258594213275107
Silverstone + Supra,mean,SlipAngle_mean_rmse,282,0.9994220276219059,1.0113099274578874
Silverstone + Supra,mean,SlipAngle_mean_rmse,283,0.9880425662967727,0.9994220276219059
Silverstone + Supra,mean,SlipAngle_mean_rmse,285,0.9789744921773692,0.9880425662967727
Silverstone + Supra,mean,SlipAngle_mean_rmse,286,0.9758584612662247,0.9789744921773692
Silverstone + Supra,mean,SlipAngle_mean_rmse,289,0.9673474302973926,0.9758584612662247
Silverstone + Supra,mean,SlipAngle_mean_rmse,290,0.9672921068670436,0.9673474302973926
Silverstone + Supra,mean,SlipAngle_mean_rmse,291,0.9444838700965021,0.9672921068670436
Silverstone + Supra,mean,SlipAngle_mean_rmse,294,0.9277086009845996,0.9444838700965021
Silverstone + Supra,mean,SlipAngle_mean_rmse,295,0.9215709612812627,0.9277086009845996
Silverstone + Supra,mean,SlipAngle_mean_rmse,296,0.9180278935981661,0.9215709612812627
Silverstone + Supra,mean,SlipAngle_mean_rmse,297,0.9159922175099531,0.9180278935981661
Silverstone + Supra,mean,SlipAngle_mean_rmse,298,0.9101071440540096,0.9159922175099531
Silverstone + Supra,mean,SlipAngle_mean_rmse,301,0.8972443007504755,0.9101071440540096
Silverstone + Supra,mean,SlipAngle_mean_rmse,302,0.8839974752274486,0.8972443007504755
Silverstone + Supra,mean,SlipAngle_mean_rmse,304,0.8809714992569474,0.8839974752274486
Silverstone + Supra,mean,SlipAngle_mean_rmse,305,0.8792539195541661,0.8809714992569474
Silverstone + Supra,mean,SlipAngle_mean_rmse,307,0.8765004501542092,0.8792539195541661
Silverstone + Supra,mean,SlipAngle_mean_rmse,308,0.8659191208046242,0.8765004501542092
Silverstone + Supra,mean,SlipAngle_mean_rmse,309,0.8626351326857572,0.8659191208046242
Silverstone + Supra,mean,SlipAngle_mean_rmse,310,0.8548291735152403,0.8626351326857572
Silverstone + Supra,mean,SlipAngle_mean_rmse,311,0.8518875594233426,0.8548291735152403
Silverstone + Supra,mean,SlipAngle_mean_rmse,312,0.8492788007541948,0.8518875594233426
Silverstone + Supra,mean,SlipAngle_mean_rmse,313,0.8459330987400095,0.8492788007541948
Silverstone + Supra,mean,SlipAngle_mean_rmse,314,0.8409825411341694,0.8459330987400095
Silverstone + Supra,mean,SlipAngle_mean_rmse,315,0.8396719912002942,0.8409825411341694
Silverstone + Supra,mean,SlipAngle_mean_rmse,317,0.8159727580970817,0.8396719912002942
Silverstone + Supra,mean,SlipAngle_mean_rmse,318,0.8154255356907307,0.8159727580970817
Silverstone + Supra,mean,SlipAngle_mean_rmse,321,0.8100360643050267,0.8154255356907307
Silverstone + Supra,mean,SlipAngle_mean_rmse,323,0.7981108149805259,0.8100360643050267
Silverstone + Supra,mean,SlipAngle_mean_rmse,325,0.7929815946257841,0.7981108149805259
Silverstone + Supra,mean,SlipAngle_mean_rmse,327,0.7922364743755015,0.7929815946257841
Silverstone + Supra,mean,SlipAngle_mean_rmse,328,0.7780973206440797,0.7922364743755015
Silverstone + Supra,mean,SlipAngle_mean_rmse,331,0.7707702844965441,0.7780973206440797
Silverstone + Supra,mean,SlipAngle_mean_rmse,332,0.7651300271390576,0.7707702844965441
Silverstone + Supra,mean,SlipAngle_mean_rmse,333,0.7633031961508553,0.7651300271390576
Silverstone + Supra,mean,SlipAngle_mean_rmse,336,0.7535908911339579,0.7633031961508553
Silverstone + Supra,mean,SlipAngle_mean_rmse,337,0.7446756393816784,0.7535908911339579
Silverstone + Supra,mean,SlipAngle_mean_rmse,341,0.7344839363490672,0.7446756393816784
Silverstone + Supra,mean,SlipAngle_mean_rmse,344,0.7228976972038761,0.7344839363490672
Silverstone + Supra,mean,SlipAngle_mean_rmse,345,0.7207057646760848,0.7228976972038761
Silverstone + Supra,mean,SlipAngle_mean_rmse,348,0.709375453079857,0.7207057646760848
Silverstone + Supra,mean,SlipAngle_mean_rmse,351,0.7080974016105215,0.709375453079857
Silverstone + Supra,mean,SlipAngle_mean_rmse,352,0.7025518086988264,0.7080974016105215
Silverstone + Supra,mean,SlipAngle_mean_rmse,354,0.6982521921935625,0.7025518086988264
Silverstone + Supra,mean,SlipAngle_mean_rmse,355,0.6951560307909379,0.6982521921935625
Silverstone + Supra,mean,SlipAngle_mean_rmse,356,0.6891340612442026,0.6951560307909379
Silverstone + Supra,mean,SlipAngle_mean_rmse,359,0.6831864390811362,0.6891340612442026
Silverstone + Supra,mean,SlipAngle_mean_rmse,360,0.6797871469478458,0.6831864390811362
Silverstone + Supra,mean,SlipAngle_mean_rmse,361,0.6780811097121496,0.6797871469478458
Silverstone + Supra,mean,SlipAngle_mean_rmse,362,0.6733594649638456,0.6780811097121496
Silverstone + Supra,mean,SlipAngle_mean_rmse,365,0.66908523205744,0.6733594649638456
Silverstone + Supra,mean,SlipAngle_mean_rmse,366,0.6599311656802921,0.66908523205744
Silverstone + Supra,mean,SlipAngle_mean_rmse,368,0.6579396969471779,0.6599311656802921
Silverstone + Supra,mean,SlipAngle_mean_rmse,369,0.6540886631476838,0.6579396969471779
Silverstone + Supra,mean,SlipAngle_mean_rmse,370,0.6530392144765164,0.6540886631476838
Silverstone + Supra,mean,SlipAngle_mean_rmse,371,0.6480210657838725,0.6530392144765164
Silverstone + Supra,mean,SlipAngle_mean_rmse,373,0.6477739051237233,0.6480210657838725
Silverstone + Supra,mean,SlipAngle_mean_rmse,375,0.6471193543256056,0.6477739051237233
Silverstone + Supra,mean,SlipAngle_mean_rmse,376,0.6393051854195458,0.6471193543256056
Silverstone + Supra,mean,SlipAngle_mean_rmse,377,0.6391442062151451,0.6393051854195458
Silverstone + Supra,mean,SlipAngle_mean_rmse,378,0.633678512142813,0.6391442062151451
Silverstone + Supra,mean,SlipAngle_mean_rmse,381,0.6239455191125095,0.633678512142813
Silverstone + Supra,mean,SlipAngle_mean_rmse,382,0.6226211421623591,0.6239455191125095
Silverstone + Supra,mean,SlipAngle_mean_rmse,383,0.6214754167832226,0.6226211421623591
Silverstone + Supra,mean,SlipAngle_mean_rmse,385,0.6177011398933052,0.6214754167832226
Silverstone + Supra,mean,SlipAngle_mean_rmse,387,0.6085053307384469,0.6177011398933052
Silverstone + Supra,mean,SlipAngle_mean_rmse,388,0.6083166695192032,0.6085053307384469
Silverstone + Supra,mean,SlipAngle_mean_rmse,389,0.6044126353731346,0.6083166695192032
Silverstone + Supra,mean,SlipAngle_mean_rmse,391,0.6002804033435373,0.6044126353731346
Silverstone + Supra,mean,SlipAngle_mean_rmse,395,0.5905111452286402,0.6002804033435373
Silverstone + Supra,mean,SlipAngle_mean_rmse,396,0.589478589388375,0.5905111452286402
Silverstone + Supra,mean,SlipAngle_mean_rmse,398,0.5811546201518891,0.589478589388375
Silverstone + Supra,mean,SlipAngle_mean_rmse,402,0.5797725693451289,0.5811546201518891
Silverstone + Supra,mean,SlipAngle_mean_rmse,403,0.5797154524140056,0.5797725693451289
Silverstone + Supra,mean,SlipAngle_mean_rmse,404,0.5738474666622764,0.5797154524140056
Silverstone + Supra,mean,SlipAngle_mean_rmse,406,0.567575943035688,0.5738474666622764
Silverstone + Supra,mean,SlipAngle_mean_rmse,407,0.5657291767515877,0.567575943035688
Silverstone + Supra,mean,SlipAngle_mean_rmse,408,0.5615893943624124,0.5657291767515877
Silverstone + Supra,mean,SlipAngle_mean_rmse,411,0.5597969667673486,0.5615893943624124
Silverstone + Supra,mean,SlipAngle_mean_rmse,412,0.5569179222391062,0.5597969667673486
Silverstone + Supra,mean,SlipAngle_mean_rmse,413,0.5512236731171485,0.5569179222391062
Silverstone + Supra,mean,SlipAngle_mean_rmse,415,0.5457119749531085,0.5512236731171485
Silverstone + Supra,mean,SlipAngle_mean_rmse,418,0.5392814373568727,0.5457119749531085
Silverstone + Supra,mean,SlipAngle_mean_rmse,419,0.5345340179552859,0.5392814373568727
Silverstone + Supra,mean,SlipAngle_mean_rmse,425,0.526674570793163,0.5345340179552859
Silverstone + Supra,mean,SlipAngle_mean_rmse,427,0.5256292488293677,0.526674570793163
Silverstone + Supra,mean,SlipAngle_mean_rmse,428,0.523820650216641,0.5256292488293677
Silverstone + Supra,mean,SlipAngle_mean_rmse,429,0.5235492575060354,0.523820650216641
Silverstone + Supra,mean,SlipAngle_mean_rmse,430,0.5197041847799251,0.5235492575060354
Silverstone + Supra,mean,SlipAngle_mean_rmse,432,0.5172784860599564,0.5197041847799251
Silverstone + Supra,mean,SlipAngle_mean_rmse,434,0.5138224533618099,0.5172784860599564
Silverstone + Supra,mean,SlipAngle_mean_rmse,436,0.5138217470307446,0.5138224533618099
Silverstone + Supra,mean,SlipAngle_mean_rmse,437,0.5086085390404476,0.5138217470307446
Silverstone + Supra,mean,SlipAngle_mean_rmse,438,0.5078550196275948,0.5086085390404476
Silverstone + Supra,mean,SlipAngle_mean_rmse,441,0.5041338441912994,0.5078550196275948
Silverstone + Supra,mean,SlipAngle_mean_rmse,443,0.5039411069984906,0.5041338441912994
Silverstone + Supra,mean,SlipAngle_mean_rmse,446,0.5015418192886688,0.5039411069984906
Silverstone + Supra,mean,SlipAngle_mean_rmse,447,0.49582472321455184,0.5015418192886688
Silverstone + Supra,mean,SlipAngle_mean_rmse,450,0.49368660959857885,0.49582472321455184
Silverstone + Supra,mean,SlipAngle_mean_rmse,452,0.4883154221006898,0.49368660959857885
Silverstone + Supra,mean,SlipAngle_mean_rmse,455,0.4865890818441127,0.4883154221006898
Silverstone + Supra,mean,SlipAngle_mean_rmse,460,0.4808777256373529,0.4865890818441127
Silverstone + Supra,mean,SlipAngle_mean_rmse,462,0.4804869573124373,0.4808777256373529
Silverstone + Supra,mean,SlipAngle_mean_rmse,463,0.47872034942853325,0.4804869573124373
Silverstone + Supra,mean,SlipAngle_mean_rmse,465,0.4767087835707978,0.47872034942853325
Silverstone + Supra,mean,SlipAngle_mean_rmse,466,0.4765749945471902,0.4767087835707978
Silverstone + Supra,mean,SlipAngle_mean_rmse,467,0.4744721247510299,0.4765749945471902
Silverstone + Supra,mean,SlipAngle_mean_rmse,468,0.46853182681596833,0.4744721247510299
Silverstone + Supra,mean,SlipAngle_mean_rmse,471,0.4677827265180956,0.46853182681596833
Silverstone + Supra,mean,SlipAngle_mean_rmse,473,0.4671537933120277,0.4677827265180956
Silverstone + Supra,mean,SlipAngle_mean_rmse,474,0.46398431812419866,0.4671537933120277
Silverstone + Supra,mean,SlipAngle_mean_rmse,477,0.46130430020208735,0.46398431812419866
Silverstone + Supra,mean,SlipAngle_mean_rmse,478,0.4598478694864297,0.46130430020208735
Silverstone + Supra,mean,SlipAngle_mean_rmse,479,0.4587070739436712,0.4598478694864297
Silverstone + Supra,mean,SlipAngle_mean_rmse,484,0.45169529777612744,0.4587070739436712
Silverstone + Supra,mean,SlipAngle_mean_rmse,488,0.44943693069264845,0.45169529777612744
Silverstone + Supra,mean,SlipAngle_mean_rmse,489,0.4461401491418465,0.44943693069264845
Silverstone + Supra,mean,SlipAngle_mean_rmse,493,0.44485457526634115,0.4461401491418465
Silverstone + Supra,mean,SlipAngle_mean_rmse,498,0.43748858062046275,0.44485457526634115
Silverstone + Supra,mean,SlipAngle_mean_rmse,499,0.43710963402053454,0.43748858062046275
Silverstone + Supra,mean,SlipAngle_mean_rmse,500,0.0,0.43710963402053454
Silverstone + Supra,mean,grouped,30,500.3011163541984,inf
Silverstone + Supra,mean,grouped,31,30.844719720109186,500.3011163541984
Silverstone + Supra,mean,grouped,32,13.911489422100843,30.844719720109186
Silverstone + Supra,mean,grouped,34,10.612439667136428,13.911489422100843
Silverstone + Supra,mean,grouped,35,8.935060604973527,10.612439667136428
Silverstone + Supra,mean,grouped,36,5.728010249350601,8.935060604973527
Silverstone + Supra,mean,grouped,39,4.214902369040195,5.728010249350601
Silverstone + Supra,mean,grouped,40,3.512322854088294,4.214902369040195
Silverstone + Supra,mean,grouped,42,3.219395234859477,3.512322854088294
Silverstone + Supra,mean,grouped,45,2.7868140379372623,3.219395234859477
Silverstone + Supra,mean,grouped,48,2.739272691902809,2.7868140379372623
Silverstone + Supra,mean,grouped,49,2.661467944213549,2.739272691902809
Silverstone + Supra,mean,grouped,50,2.5761228665967093,2.661467944213549
Silverstone + Supra,mean,grouped,52,2.331762876225624,2.5761228665967093
Silverstone + Supra,mean,grouped,53,2.2903189954252356,2.331762876225624
Silverstone + Supra,mean,grouped,58,2.048608600036354,2.2903189954252356
Silverstone + Supra,mean,grouped,61,1.8463601465634158,2.048608600036354
Silverstone + Supra,mean,grouped,63,1.7944227471322718,1.8463601465634158
Silverstone + Supra,mean,grouped,65,1.72415362010262,1.7944227471322718
Silverstone + Supra,mean,grouped,66,1.7206343370775117,1.72415362010262
Silverstone + Supra,mean,grouped,69,1.5301939839761531,1.7206343370775117
Silverstone + Supra,mean,grouped,73,1.4875042802236176,1.5301939839761531
Silverstone + Supra,mean,grouped,76,1.4812230272872644,1.4875042802236176
Silverstone + Supra,mean,grouped,178,1.460937211921745,1.4812230272872644
Silverstone + Supra,mean,grouped,188,1.433210308027184,1.460937211921745
Silverstone + Supra,mean,grouped,190,1.4266165712953072,1.433210308027184
Silverstone + Supra,mean,grouped,192,1.404754036282186,1.4266165712953072
Silverstone + Supra,mean,grouped,196,1.400619943403712,1.404754036282186
Silverstone + Supra,mean,grouped,199,1.3931163082682023,1.400619943403712
Silverstone + Supra,mean,grouped,200,1.3797887479687054,1.3931163082682023
Silverstone + Supra,mean,grouped,204,1.3571935510384534,1.3797887479687054
Silverstone + Supra,mean,grouped,207,1.3498127405938078,1.3571935510384534
Silverstone + Supra,mean,grouped,208,1.3313478658168623,1.3498127405938078
Silverstone + Supra,mean,grouped,210,1.3282520666247166,1.3313478658168623
Silverstone + Supra,mean,grouped,212,1.2958944304200741,1.3282520666247166
Silverstone + Supra,mean,grouped,220,1.2613826365170333,1.2958944304200741
Silverstone + Supra,mean,grouped,224,1.2421495114147354,1.2613826365170333
Silverstone + Supra,mean,grouped,227,1.215860649329107,1.2421495114147354
Silverstone + Supra,mean,grouped,230,1.2144828702884074,1.215860649329107
Silverstone + Supra,mean,grouped,232,1.2044328384941292,1.2144828702884074
Silverstone + Supra,mean,grouped,233,1.1946684448550215,1.2044328384941292
Silverstone + Supra,mean,grouped,239,1.167161418361624,1.1946684448550215
Silverstone + Supra,mean,grouped,241,1.14378400360429,1.167161418361624
Silverstone + Supra,mean,grouped,245,1.1411484106559646,1.14378400360429
Silverstone + Supra,mean,grouped,247,1.1219432133470282,1.1411484106559646
Silverstone + Supra,mean,grouped,250,1.1149753549306292,1.1219432133470282
Silverstone + Supra,mean,grouped,254,1.0911501223407214,1.1149753549306292
Silverstone + Supra,mean,grouped,256,1.0814721748037255,1.0911501223407214
Silverstone + Supra,mean,grouped,260,1.060869789118413,1.0814721748037255
Silverstone + Supra,mean,grouped,262,1.0587852978139856,1.060869789118413
Silverstone + Supra,mean,grouped,265,1.0380119604105993,1.0587852978139856
Silverstone + Supra,mean,grouped,266,1.0324856444701824,1.0380119604105993
Silverstone + Supra,mean,grouped,272,0.996463100720275,1.0324856444701824
Silverstone + Supra,mean,grouped,279,0.9780965167481689,0.996463100720275
Silverstone + Supra,mean,grouped,281,0.9776065292702212,0.9780965167481689
Silverstone + Supra,mean,grouped,284,0.965746835233661,0.9776065292702212
Silverstone + Supra,mean,grouped,286,0.9503750752160862,0.965746835233661
Silverstone + Supra,mean,grouped,289,0.9342509135252264,0.9503750752160862
Silverstone + Supra,mean,grouped,292,0.9314594111271046,0.9342509135252264
Silverstone + Supra,mean,grouped,296,0.9110310125972744,0.9314594111271046
Silverstone + Supra,mean,grouped,300,0.9050019438983852,0.9110310125972744
Silverstone + Supra,mean,grouped,301,0.9006038853887147,0.9050019438983852
Silverstone + Supra,mean,grouped,302,0.8882317097334568,0.9006038853887147
Silverstone + Supra,mean,grouped,307,0.8701872965493141,0.8882317097334568
Silverstone + Supra,mean,grouped,309,0.8637546351515502,0.8701872965493141
Silverstone + Supra,mean,grouped,312,0.8631878769628153,0.8637546351515502
Silverstone + Supra,mean,grouped,314,0.8512284032029241,0.8631878769628153
Silverstone + Supra,mean,grouped,317,0.8449855493119377,0.8512284032029241
Silverstone + Supra,mean,grouped,318,0.8373854781923239,0.8449855493119377
Silverstone + Supra,mean,grouped,319,0.8363856253595388,0.8373854781923239
Silverstone + Supra,mean,grouped,320,0.829197691946344,0.8363856253595388
Silverstone + Supra,mean,grouped,324,0.8282835690071007,0.829197691946344
Silverstone + Supra,mean,grouped,326,0.8051614441224169,0.8282835690071007
Silverstone + Supra,mean,grouped,331,0.8030472734865252,0.8051614441224169
Silverstone + Supra,mean,grouped,332,0.800691983728803,0.8030472734865252
Silverstone + Supra,mean,grouped,333,0.7957511516980708,0.800691983728803
Silverstone + Supra,mean,grouped,334,0.7911246565799068,0.7957511516980708
Silverstone + Supra,mean,grouped,337,0.7825752504819278,0.7911246565799068
Silverstone + Supra,mean,grouped,341,0.7682312058601581,0.7825752504819278
Silverstone + Supra,mean,grouped,342,0.7663487526909628,0.7682312058601581
Silverstone + Supra,mean,grouped,345,0.7610148190144411,0.7663487526909628
Silverstone + Supra,mean,grouped,346,0.7532810194891751,0.7610148190144411
Silverstone + Supra,mean,grouped,350,0.7416629430679792,0.7532810194891751
Silverstone + Supra,mean,grouped,355,0.7372966804603418,0.7416629430679792
Silverstone + Supra,mean,grouped,356,0.7286232790410102,0.7372966804603418
Silverstone + Supra,mean,grouped,360,0.7205690396488459,0.7286232790410102
Silverstone + Supra,mean,grouped,362,0.7120690594129817,0.7205690396488459
Silverstone + Supra,mean,grouped,364,0.7107499246300929,0.7120690594129817
Silverstone + Supra,mean,grouped,368,0.6992789751110539,0.7107499246300929
Silverstone + Supra,mean,grouped,373,0.6882976487704429,0.6992789751110539
Silverstone + Supra,mean,grouped,378,0.6803926009337077,0.6882976487704429
Silverstone + Supra,mean,grouped,381,0.6705214659109804,0.6803926009337077
Silverstone + Supra,mean,grouped,386,0.6622199604781545,0.6705214659109804
Silverstone + Supra,mean,grouped,388,0.6599825014774343,0.6622199604781545
Silverstone + Supra,mean,grouped,391,0.6561835255092344,0.6599825014774343
Silverstone + Supra,mean,grouped,392,0.6493283571845256,0.6561835255092344
Silverstone + Supra,mean,grouped,394,0.6440626545728785,0.6493283571845256
Silverstone + Supra,mean,grouped,399,0.6364624249681617,0.6440626545728785
Silverstone + Supra,mean,grouped,401,0.6340696251566976,0.6364624249681617
Silverstone + Supra,mean,grouped,404,0.6284052872718668,0.6340696251566976
Silverstone + Supra,mean,grouped,407,0.6206964843293428,0.6284052872718668
Silverstone + Supra,mean,grouped,409,0.6197065307149675,0.6206964843293428
Silverstone + Supra,mean,grouped,411,0.612293803019481,0.6197065307149675
Silverstone + Supra,mean,grouped,416,0.6036287711958482,0.612293803019481
Silverstone + Supra,mean,grouped,419,0.5990726768258227,0.6036287711958482
Silverstone + Supra,mean,grouped,420,0.595547344838328,0.5990726768258227
Silverstone + Supra,mean,grouped,422,0.5952093760269347,0.595547344838328
Silverstone + Supra,mean,grouped,425,0.5925996562306663,0.5952093760269347
Silverstone + Supra,mean,grouped,426,0.5883187259827525,0.5925996562306663
Silverstone + Supra,mean,grouped,427,0.5876029650959247,0.5883187259827525
Silverstone + Supra,mean,grouped,428,0.5856849742513441,0.5876029650959247
Silverstone + Supra,mean,grouped,431,0.5808828620208262,0.5856849742513441
Silverstone + Supra,mean,grouped,435,0.572736717856621,0.5808828620208262
Silverstone + Supra,mean,grouped,440,0.5662764884728558,0.572736717856621
Silverstone + Supra,mean,grouped,443,0.5637085194549949,0.5662764884728558
Silverstone + Supra,mean,grouped,448,0.5555129837780104,0.5637085194549949
Silverstone + Supra,mean,grouped,451,0.555265252322205,0.5555129837780104
Silverstone + Supra,mean,grouped,452,0.5498244549306369,0.555265252322205
Silverstone + Supra,mean,grouped,455,0.5474174503042774,0.5498244549306369
Silverstone + Supra,mean,grouped,457,0.5469103138185158,0.5474174503042774
Silverstone + Supra,mean,grouped,459,0.5445762656891232,0.5469103138185158
Silverstone + Supra,mean,grouped,462,0.5388251773735266,0.5445762656891232
Silverstone + Supra,mean,grouped,467,0.5334315024220833,0.5388251773735266
Silverstone + Supra,mean,grouped,468,0.5312357248826468,0.5334315024220833
Silverstone + Supra,mean,grouped,472,0.525510769306316,0.5312357248826468
Silverstone + Supra,mean,grouped,474,0.5249554804502327,0.525510769306316
Silverstone + Supra,mean,grouped,478,0.5224672638767193,0.5249554804502327
Silverstone + Supra,mean,grouped,479,0.5202979095916817,0.5224672638767193
Silverstone + Supra,mean,grouped,481,0.5163619505521033,0.5202979095916817
Silverstone + Supra,mean,grouped,485,0.5148509574247002,0.5163619505521033
Silverstone + Supra,mean,grouped,486,0.5090687916873805,0.5148509574247002
Silverstone + Supra,mean,grouped,489,0.5087566284685702,0.5090687916873805
Silverstone + Supra,mean,grouped,492,0.5052814860109527,0.5087566284685702
Silverstone + Supra,mean,grouped,497,0.49864894082684597,0.5052814860109527
Silverstone + Supra,mean,grouped,498,0.4950656797857122,0.49864894082684597
Silverstone + Supra,mean,grouped,500,0.0,0.4950656797857122
Silverstone + Supra,mean,worst,1,3.910078235481312,inf
Silverstone + Supra,mean,worst,3,1.902593017012223,3.910078235481312
Silverstone + Supra,mean,worst,4,1.4206819219597824,1.902593017012223
Silverstone + Supra,mean,worst,5,1.2232301324838184,1.4206819219597824
Silverstone + Supra,mean,worst,6,1.120525207784015,1.2232301324838184
Silverstone + Supra,mean,worst,7,1.0525794488798463,1.120525207784015
Silverstone + Supra,mean,worst,8,1.0329356261540688,1.0525794488798463
Silverstone + Supra,mean,worst,310,1.0303878514145943,1.0329356261540688
Silverstone + Supra,mean,worst,317,1.016052182644879,1.0303878514145943
Silverstone + Supra,mean,worst,323,1.0135639234895808,1.016052182644879
Silverstone + Supra,mean,worst,328,1.007001997590279,1.0135639234895808
Silverstone + Supra,mean,worst,331,1.0038834270219632,1.007001997590279
Silverstone + Supra,mean,worst,332,1.0023156094044186,1.0038834270219632
Silverstone + Supra,mean,worst,336,0.9973157722247256,1.0023156094044186
Silverstone + Supra,mean,worst,337,0.9943165528696447,0.9973157722247256
Silverstone + Supra,mean,worst,341,0.9903312616072951,0.9943165528696447
Silverstone + Supra,mean,worst,344,0.9831713070573423,0.9903312616072951
Silverstone + Supra,mean,worst,348,0.9782947810494563,0.9831713070573423
Silverstone + Supra,mean,worst,354,0.9761183095373275,0.9782947810494563
Silverstone + Supra,mean,worst,355,0.9741991203404645,0.9761183095373275
Silverstone + Supra,mean,worst,356,0.9713425662607713,0.9741991203404645
Silverstone + Supra,mean,worst,359,0.968426860944019,0.9713425662607713
Silverstone + Supra,mean,worst,360,0.9668235738857661,0.968426860944019
Silverstone + Supra,mean,worst,362,0.9664081452175886,0.9668235738857661
Silverstone + Supra,mean,worst,365,0.966175259724295,0.9664081452175886
Silverstone + Supra,mean,worst,366,0.9577709294954952,0.966175259724295
Silverstone + Supra,mean,worst,369,0.9560293596648561,0.9577709294954952
Silverstone + Supra,mean,worst,371,0.9557197326467305,0.9560293596648561
Silverstone + Supra,mean,worst,376,0.952048523128485,0.9557197326467305
Silverstone + Supra,mean,worst,378,0.9499409347125575,0.952048523128485
Silverstone + Supra,mean,worst,381,0.9446150100098193,0.9499409347125575
Silverstone + Supra,mean,worst,387,0.9395040029012315,0.9446150100098193
Silverstone + Supra,mean,worst,395,0.9342780863329667,0.9395040029012315
Silverstone + Supra,mean,worst,398,0.9313892264348627,0.9342780863329667
Silverstone + Supra,mean,worst,404,0.9299192026507265,0.9313892264348627
Silverstone + Supra,mean,worst,406,0.9242920278392673,0.9299192026507265
Silverstone + Supra,mean,worst,413,0.9194221686839091,0.9242920278392673
Silverstone + Supra,mean,worst,415,0.9168558732101397,0.9194221686839091
Silverstone + Supra,mean,worst,418,0.9133694382678742,0.9168558732101397
Silverstone + Supra,mean,worst,419,0.9113945732645244,0.9133694382678742
Silverstone + Supra,mean,worst,425,0.9072309535810669,0.9113945732645244
Silverstone + Supra,mean,worst,437,0.9056892713902082,0.9072309535810669
Silverstone + Supra,mean,worst,447,0.9048889128584148,0.9056892713902082
Silverstone + Supra,mean,worst,460,0.9034998881633012,0.9048889128584148
Silverstone + Supra,mean,worst,474,0.9034571973752702,0.9034998881633012
Silverstone + Supra,mean,worst,484,0.9014386753057354,0.9034571973752702
Silverstone + Supra,mean,worst,498,0.896203834339263,0.9014386753057354
Silverstone + Supra,mean,worst,500,0.0,0.896203834339263
Silverstone + Supra,mean,equal5,31,40.45835279845503,inf
Silverstone + Supra,mean,equal5,32,17.559305411304454,40.45835279845503
Silverstone + Supra,mean,equal5,34,16.969994514084327,17.559305411304454
Silverstone + Supra,mean,equal5,35,14.387461783309204,16.969994514084327
Silverstone + Supra,mean,equal5,36,8.765597629201768,14.387461783309204
Silverstone + Supra,mean,equal5,39,6.031771261370543,8.765597629201768
Silverstone + Supra,mean,equal5,40,4.611055958641801,6.031771261370543
Silverstone + Supra,mean,equal5,42,4.351083948224566,4.611055958641801
Silverstone + Supra,mean,equal5,45,3.6311617102139384,4.351083948224566
Silverstone + Supra,mean,equal5,49,3.568467233676219,3.6311617102139384
Silverstone + Supra,mean,equal5,50,3.4583147366136,3.568467233676219
Silverstone + Supra,mean,equal5,52,3.0268303281589732,3.4583147366136
Silverstone + Supra,mean,equal5,58,2.6988197049794023,3.0268303281589732
Silverstone + Supra,mean,equal5,61,2.3315057873972,2.6988197049794023
Silverstone + Supra,mean,equal5,63,2.2990701826584394,2.3315057873972
Silverstone + Supra,mean,equal5,65,2.2516581933857873,2.2990701826584394
Silverstone + Supra,mean,equal5,69,1.9228410537843048,2.2516581933857873
Silverstone + Supra,mean,equal5,73,1.9041589972670936,1.9228410537843048
Silverstone + Supra,mean,equal5,76,1.8753459616887007,1.9041589972670936
Silverstone + Supra,mean,equal5,77,1.755105909327128,1.8753459616887007
Silverstone + Supra,mean,equal5,81,1.7260430161731644,1.755105909327128
Silverstone + Supra,mean,equal5,82,1.7170858154074644,1.7260430161731644
Silverstone + Supra,mean,equal5,87,1.7164856076225647,1.7170858154074644
Silverstone + Supra,mean,equal5,138,1.6893321536036952,1.7164856076225647
Silverstone + Supra,mean,equal5,139,1.6868459078130456,1.6893321536036952
Silverstone + Supra,mean,equal5,146,1.6648002575848164,1.6868459078130456
Silverstone + Supra,mean,equal5,147,1.6464061703398307,1.6648002575848164
Silverstone + Supra,mean,equal5,150,1.6456310380599142,1.6464061703398307
Silverstone + Supra,mean,equal5,151,1.6250037747154589,1.6456310380599142
Silverstone + Supra,mean,equal5,160,1.584239391900611,1.6250037747154589
Silverstone + Supra,mean,equal5,165,1.5716820333914228,1.584239391900611
Silverstone + Supra,mean,equal5,168,1.5289117211931227,1.5716820333914228
Silverstone + Supra,mean,equal5,173,1.5235302696828694,1.5289117211931227
Silverstone + Supra,mean,equal5,177,1.4866011123444862,1.5235302696828694
Silverstone + Supra,mean,equal5,178,1.460230797543598,1.4866011123444862
Silverstone + Supra,mean,equal5,188,1.4146105804709457,1.460230797543598
Silverstone + Supra,mean,equal5,192,1.380609847075273,1.4146105804709457
Silverstone + Supra,mean,equal5,199,1.3708616007643815,1.380609847075273
Silverstone + Supra,mean,equal5,200,1.3558686273017269,1.3708616007643815
Silverstone + Supra,mean,equal5,204,1.3302643246284618,1.3558686273017269
Silverstone + Supra,mean,equal5,207,1.3259806992604986,1.3302643246284618
Silverstone + Supra,mean,equal5,208,1.2935701934145438,1.3259806992604986
Silverstone + Supra,mean,equal5,212,1.2609222096251005,1.2935701934145438
Silverstone + Supra,mean,equal5,220,1.2299927501619572,1.2609222096251005
Silverstone + Supra,mean,equal5,224,1.203212675504712,1.2299927501619572
Silverstone + Supra,mean,equal5,227,1.1765888974150969,1.203212675504712
Silverstone + Supra,mean,equal5,232,1.1660209858279487,1.1765888974150969
Silverstone + Supra,mean,equal5,233,1.1621508043190758,1.1660209858279487
Silverstone + Supra,mean,equal5,239,1.1318476152548451,1.1621508043190758
Silverstone + Supra,mean,equal5,241,1.1034468824247674,1.1318476152548451
Silverstone + Supra,mean,equal5,247,1.0858572534189879,1.1034468824247674
Silverstone + Supra,mean,equal5,254,1.0476547451610725,1.0858572534189879
Silverstone + Supra,mean,equal5,256,1.0470241698449452,1.0476547451610725
Silverstone + Supra,mean,equal5,259,1.0462061163239544,1.0470241698449452
Silverstone + Supra,mean,equal5,260,1.02794196000674,1.0462061163239544
Silverstone + Supra,mean,equal5,265,1.0011479464174888,1.02794196000674
Silverstone + Supra,mean,equal5,272,0.9611081728645142,1.0011479464174888
Silverstone + Supra,mean,equal5,279,0.950334608605614,0.9611081728645142
Silverstone + Supra,mean,equal5,281,0.9488536446488861,0.950334608605614
Silverstone + Supra,mean,equal5,284,0.939323748407059,0.9488536446488861
Silverstone + Supra,mean,equal5,286,0.9188968498807049,0.939323748407059
Silverstone + Supra,mean,equal5,289,0.9043260753281404,0.9188968498807049
Silverstone + Supra,mean,equal5,296,0.885335541001799,0.9043260753281404
Silverstone + Supra,mean,equal5,300,0.872011665453372,0.885335541001799
Silverstone + Supra,mean,equal5,302,0.8639234098910765,0.872011665453372
Silverstone + Supra,mean,equal5,307,0.8408543106841676,0.8639234098910765
Silverstone + Supra,mean,equal5,309,0.8388450703119967,0.8408543106841676
Silverstone + Supra,mean,equal5,314,0.8259630175458861,0.8388450703119967
Silverstone + Supra,mean,equal5,318,0.8191927659086577,0.8259630175458861
Silverstone + Supra,mean,equal5,319,0.8119771414879197,0.8191927659086577
Silverstone + Supra,mean,equal5,320,0.8081935800983747,0.8119771414879197
Silverstone + Supra,mean,equal5,326,0.7807300759762644,0.8081935800983747
Silverstone + Supra,mean,equal5,334,0.768089374487583,0.7807300759762644
Silverstone + Supra,mean,equal5,337,0.7640867914672186,0.768089374487583
Silverstone + Supra,mean,equal5,341,0.7483964782967794,0.7640867914672186
Silverstone + Supra,mean,equal5,342,0.7460227006178997,0.7483964782967794
Silverstone + Supra,mean,equal5,345,0.7446117239438539,0.7460227006178997
Silverstone + Supra,mean,equal5,346,0.7340910795320849,0.7446117239438539
Silverstone + Supra,mean,equal5,350,0.7211373035093919,0.7340910795320849
Silverstone + Supra,mean,equal5,355,0.7193911931986663,0.7211373035093919
Silverstone + Supra,mean,equal5,356,0.7100024704080683,0.7193911931986663
Silverstone + Supra,mean,equal5,360,0.7020552142159172,0.7100024704080683
Silverstone + Supra,mean,equal5,362,0.6943127665697008,0.7020552142159172
Silverstone + Supra,mean,equal5,364,0.6921662815980629,0.6943127665697008
Silverstone + Supra,mean,equal5,368,0.6828571735367807,0.6921662815980629
Silverstone + Supra,mean,equal5,373,0.6700326084883768,0.6828571735367807
Silverstone + Supra,mean,equal5,378,0.6636700732679213,0.6700326084883768
Silverstone + Supra,mean,equal5,380,0.6627700684045196,0.6636700732679213
Silverstone + Supra,mean,equal5,381,0.6547721123259223,0.6627700684045196
Silverstone + Supra,mean,equal5,386,0.6445661407467668,0.6547721123259223
Silverstone + Supra,mean,equal5,391,0.6436157553240954,0.6445661407467668
Silverstone + Supra,mean,equal5,392,0.6315169037532371,0.6436157553240954
Silverstone + Supra,mean,equal5,394,0.6283737115188641,0.6315169037532371
Silverstone + Supra,mean,equal5,399,0.6218297345263176,0.6283737115188641
Silverstone + Supra,mean,equal5,401,0.6169520358353843,0.6218297345263176
Silverstone + Supra,mean,equal5,404,0.613774448116772,0.6169520358353843
Silverstone + Supra,mean,equal5,407,0.6068343924341184,0.613774448116772
Silverstone + Supra,mean,equal5,409,0.604612039825344,0.6068343924341184
Silverstone + Supra,mean,equal5,411,0.5976636541248892,0.604612039825344
Silverstone + Supra,mean,equal5,416,0.5885738517219019,0.5976636541248892
Silverstone + Supra,mean,equal5,420,0.580360113073414,0.5885738517219019
Silverstone + Supra,mean,equal5,426,0.5739220241092343,0.580360113073414
Silverstone + Supra,mean,equal5,427,0.5734713059562137,0.5739220241092343
Silverstone + Supra,mean,equal5,428,0.5727627629077421,0.5734713059562137
Silverstone + Supra,mean,equal5,431,0.5676508705734237,0.5727627629077421
Silverstone + Supra,mean,equal5,435,0.5588903927205052,0.5676508705734237
Silverstone + Supra,mean,equal5,440,0.5517795551486956,0.5588903927205052
Silverstone + Supra,mean,equal5,443,0.5511399914534738,0.5517795551486956
Silverstone + Supra,mean,equal5,448,0.5403918967675917,0.5511399914534738
Silverstone + Supra,mean,equal5,451,0.5386840012818602,0.5403918967675917
Silverstone + Supra,mean,equal5,452,0.5363288104904377,0.5386840012818602
Silverstone + Supra,mean,equal5,455,0.5336844241688583,0.5363288104904377
Silverstone + Supra,mean,equal5,457,0.5328242148099217,0.5336844241688583
Silverstone + Supra,mean,equal5,459,0.5307435043291567,0.5328242148099217
Silverstone + Supra,mean,equal5,462,0.5250776210232367,0.5307435043291567
Silverstone + Supra,mean,equal5,467,0.5182979237228759,0.5250776210232367
Silverstone + Supra,mean,equal5,468,0.5181985110062246,0.5182979237228759
Silverstone + Supra,mean,equal5,472,0.5111601756597174,0.5181985110062246
Silverstone + Supra,mean,equal5,478,0.5098409322764678,0.5111601756597174
Silverstone + Supra,mean,equal5,479,0.5074900854888166,0.5098409322764678
Silverstone + Supra,mean,equal5,480,0.5070152978909714,0.5074900854888166
Silverstone + Supra,mean,equal5,481,0.5024836893564145,0.5070152978909714
Silverstone + Supra,mean,equal5,486,0.49528982057037,0.5024836893564145
Silverstone + Supra,mean,equal5,492,0.4922097387153333,0.49528982057037
Silverstone + Supra,mean,equal5,497,0.4794896445457897,0.4922097387153333
Silverstone + Supra,mean,equal5,500,0.0,0.4794896445457897
Silverstone + Supra,p95,pos3d_rmse_m,123,59.06716406570087,inf
Silverstone + Supra,p95,pos3d_rmse_m,124,12.791203506362477,59.06716406570087
Silverstone + Supra,p95,pos3d_rmse_m,132,8.30501339017602,12.791203506362477
Silverstone + Supra,p95,pos3d_rmse_m,135,5.747570833844051,8.30501339017602
Silverstone + Supra,p95,pos3d_rmse_m,136,4.725243565092876,5.747570833844051
Silverstone + Supra,p95,pos3d_rmse_m,145,3.0679699180755127,4.725243565092876
Silverstone + Supra,p95,pos3d_rmse_m,146,3.0158607229063583,3.0679699180755127
Silverstone + Supra,p95,pos3d_rmse_m,159,2.84971247102918,3.0158607229063583
Silverstone + Supra,p95,pos3d_rmse_m,168,2.766740045736016,2.84971247102918
Silverstone + Supra,p95,pos3d_rmse_m,169,2.4103834543957,2.766740045736016
Silverstone + Supra,p95,pos3d_rmse_m,184,2.035074641124297,2.4103834543957
Silverstone + Supra,p95,pos3d_rmse_m,199,1.96225500284599,2.035074641124297
Silverstone + Supra,p95,pos3d_rmse_m,201,1.5059798269916163,1.96225500284599
Silverstone + Supra,p95,pos3d_rmse_m,221,1.1563635507332186,1.5059798269916163
Silverstone + Supra,p95,pos3d_rmse_m,236,1.1545754258025205,1.1563635507332186
Silverstone + Supra,p95,pos3d_rmse_m,237,1.0643553403467367,1.1545754258025205
Silverstone + Supra,p95,pos3d_rmse_m,263,1.0139553825966499,1.0643553403467367
Silverstone + Supra,p95,pos3d_rmse_m,264,0.8509880372268719,1.0139553825966499
Silverstone + Supra,p95,pos3d_rmse_m,280,0.7902622014552397,0.8509880372268719
Silverstone + Supra,p95,pos3d_rmse_m,293,0.7072663176852363,0.7902622014552397
Silverstone + Supra,p95,pos3d_rmse_m,309,0.6974273104959305,0.7072663176852363
Silverstone + Supra,p95,pos3d_rmse_m,336,0.6922964505472923,0.6974273104959305
Silverstone + Supra,p95,pos3d_rmse_m,341,0.6907337774476314,0.6922964505472923
Silverstone + Supra,p95,pos3d_rmse_m,344,0.6792464942914137,0.6907337774476314
Silverstone + Supra,p95,pos3d_rmse_m,345,0.6784539641022374,0.6792464942914137
Silverstone + Supra,p95,pos3d_rmse_m,348,0.6739434405909384,0.6784539641022374
Silverstone + Supra,p95,pos3d_rmse_m,353,0.6673961725871226,0.6739434405909384
Silverstone + Supra,p95,pos3d_rmse_m,354,0.6662092112243168,0.6673961725871226
Silverstone + Supra,p95,pos3d_rmse_m,355,0.6648468857673291,0.6662092112243168
Silverstone + Supra,p95,pos3d_rmse_m,356,0.6384492222524343,0.6648468857673291
Silverstone + Supra,p95,pos3d_rmse_m,366,0.6184497444809117,0.6384492222524343
Silverstone + Supra,p95,pos3d_rmse_m,368,0.6049305699412448,0.6184497444809117
Silverstone + Supra,p95,pos3d_rmse_m,383,0.5560793997523317,0.6049305699412448
Silverstone + Supra,p95,pos3d_rmse_m,385,0.5509073777466921,0.5560793997523317
Silverstone + Supra,p95,pos3d_rmse_m,387,0.5477569594781991,0.5509073777466921
Silverstone + Supra,p95,pos3d_rmse_m,388,0.540299144529741,0.5477569594781991
Silverstone + Supra,p95,pos3d_rmse_m,394,0.5341110466533936,0.540299144529741
Silverstone + Supra,p95,pos3d_rmse_m,395,0.5339534290992994,0.5341110466533936
Silverstone + Supra,p95,pos3d_rmse_m,396,0.5324887080771189,0.5339534290992994
Silverstone + Supra,p95,pos3d_rmse_m,398,0.5294282920822004,0.5324887080771189
Silverstone + Supra,p95,pos3d_rmse_m,402,0.5264942984561891,0.5294282920822004
Silverstone + Supra,p95,pos3d_rmse_m,404,0.5150440237200966,0.5264942984561891
Silverstone + Supra,p95,pos3d_rmse_m,406,0.5130099378618938,0.5150440237200966
Silverstone + Supra,p95,pos3d_rmse_m,408,0.510279971860548,0.5130099378618938
Silverstone + Supra,p95,pos3d_rmse_m,409,0.5096170705074115,0.510279971860548
Silverstone + Supra,p95,pos3d_rmse_m,411,0.5089413803512298,0.5096170705074115
Silverstone + Supra,p95,pos3d_rmse_m,412,0.5047729201882857,0.5089413803512298
Silverstone + Supra,p95,pos3d_rmse_m,413,0.5021800753451807,0.5047729201882857
Silverstone + Supra,p95,pos3d_rmse_m,418,0.5000641521152029,0.5021800753451807
Silverstone + Supra,p95,pos3d_rmse_m,419,0.4939127968718903,0.5000641521152029
Silverstone + Supra,p95,pos3d_rmse_m,422,0.4908248869750782,0.4939127968718903
Silverstone + Supra,p95,pos3d_rmse_m,423,0.48864571852995015,0.4908248869750782
Silverstone + Supra,p95,pos3d_rmse_m,426,0.487911945892443,0.48864571852995015
Silverstone + Supra,p95,pos3d_rmse_m,427,0.48541422109562005,0.487911945892443
Silverstone + Supra,p95,pos3d_rmse_m,428,0.48318082321324307,0.48541422109562005
Silverstone + Supra,p95,pos3d_rmse_m,429,0.48183772171012296,0.48318082321324307
Silverstone + Supra,p95,pos3d_rmse_m,432,0.46608563857257707,0.48183772171012296
Silverstone + Supra,p95,pos3d_rmse_m,433,0.4490186151130942,0.46608563857257707
Silverstone + Supra,p95,pos3d_rmse_m,434,0.44564488802744817,0.4490186151130942
Silverstone + Supra,p95,pos3d_rmse_m,436,0.44562826219731005,0.44564488802744817
Silverstone + Supra,p95,pos3d_rmse_m,437,0.4426982911981662,0.44562826219731005
Silverstone + Supra,p95,pos3d_rmse_m,438,0.4412794029676681,0.4426982911981662
Silverstone + Supra,p95,pos3d_rmse_m,439,0.4411674589566486,0.4412794029676681
Silverstone + Supra,p95,pos3d_rmse_m,441,0.4325244417831532,0.4411674589566486
Silverstone + Supra,p95,pos3d_rmse_m,446,0.43198181157373006,0.4325244417831532
Silverstone + Supra,p95,pos3d_rmse_m,447,0.425163084869643,0.43198181157373006
Silverstone + Supra,p95,pos3d_rmse_m,450,0.42440227488349036,0.425163084869643
Silverstone + Supra,p95,pos3d_rmse_m,456,0.41900572561746957,0.42440227488349036
Silverstone + Supra,p95,pos3d_rmse_m,457,0.4163613447202295,0.41900572561746957
Silverstone + Supra,p95,pos3d_rmse_m,484,0.41390669459833107,0.4163613447202295
Silverstone + Supra,p95,pos3d_rmse_m,488,0.4112309242793331,0.41390669459833107
Silverstone + Supra,p95,pos3d_rmse_m,489,0.40911541738958157,0.4112309242793331
Silverstone + Supra,p95,pos3d_rmse_m,493,0.4078663684515665,0.40911541738958157
Silverstone + Supra,p95,pos3d_rmse_m,498,0.4010571297524208,0.4078663684515665
Silverstone + Supra,p95,pos3d_rmse_m,499,0.4007371136131724,0.4010571297524208
Silverstone + Supra,p95,pos3d_rmse_m,500,0.0,0.4007371136131724
Silverstone + Supra,p95,pos3d_finalae_m,73,1673.7128769591661,inf
Silverstone + Supra,p95,pos3d_finalae_m,77,23.416006468595178,1673.7128769591661
Silverstone + Supra,p95,pos3d_finalae_m,93,13.939209700999065,23.416006468595178
Silverstone + Supra,p95,pos3d_finalae_m,94,8.544044557538118,13.939209700999065
Silverstone + Supra,p95,pos3d_finalae_m,101,5.178609661770733,8.544044557538118
Silverstone + Supra,p95,pos3d_finalae_m,107,4.654462001951728,5.178609661770733
Silverstone + Supra,p95,pos3d_finalae_m,122,3.117996221315591,4.654462001951728
Silverstone + Supra,p95,pos3d_finalae_m,144,2.4375363715301415,3.117996221315591
Silverstone + Supra,p95,pos3d_finalae_m,158,2.179254784652222,2.4375363715301415
Silverstone + Supra,p95,pos3d_finalae_m,173,1.7146923766861544,2.179254784652222
Silverstone + Supra,p95,pos3d_finalae_m,178,1.5940216302541514,1.7146923766861544
Silverstone + Supra,p95,pos3d_finalae_m,191,1.5404534734229383,1.5940216302541514
Silverstone + Supra,p95,pos3d_finalae_m,194,1.4561088659905124,1.5404534734229383
Silverstone + Supra,p95,pos3d_finalae_m,216,1.195329047847612,1.4561088659905124
Silverstone + Supra,p95,pos3d_finalae_m,230,1.0884648204531606,1.195329047847612
Silverstone + Supra,p95,pos3d_finalae_m,241,1.0528195869539854,1.0884648204531606
Silverstone + Supra,p95,pos3d_finalae_m,250,0.9245062718860535,1.0528195869539854
Silverstone + Supra,p95,pos3d_finalae_m,267,0.9116415950739785,0.9245062718860535
Silverstone + Supra,p95,pos3d_finalae_m,282,0.8354716980103036,0.9116415950739785
Silverstone + Supra,p95,pos3d_finalae_m,297,0.8259831548395592,0.8354716980103036
Silverstone + Supra,p95,pos3d_finalae_m,317,0.7253490147257203,0.8259831548395592
Silverstone + Supra,p95,pos3d_finalae_m,325,0.7040445619513941,0.7253490147257203
Silverstone + Supra,p95,pos3d_finalae_m,336,0.7028489306989366,0.7040445619513941
Silverstone + Supra,p95,pos3d_finalae_m,342,0.6640058239885673,0.7028489306989366
Silverstone + Supra,p95,pos3d_finalae_m,357,0.616918214829174,0.6640058239885673
Silverstone + Supra,p95,pos3d_finalae_m,368,0.5771820101250835,0.616918214829174
Silverstone + Supra,p95,pos3d_finalae_m,379,0.555229075609771,0.5771820101250835
Silverstone + Supra,p95,pos3d_finalae_m,419,0.5009612845202756,0.555229075609771
Silverstone + Supra,p95,pos3d_finalae_m,446,0.4953161204371369,0.5009612845202756
Silverstone + Supra,p95,pos3d_finalae_m,452,0.46716856511156335,0.4953161204371369
Silverstone + Supra,p95,pos3d_finalae_m,468,0.44488369571916897,0.46716856511156335
Silverstone + Supra,p95,pos3d_finalae_m,471,0.43373338155039654,0.44488369571916897
Silverstone + Supra,p95,pos3d_finalae_m,486,0.4304559483207027,0.43373338155039654
Silverstone + Supra,p95,pos3d_finalae_m,500,0.0,0.4304559483207027
Silverstone + Supra,p95,speedKmh_rmse,2,13.95015379478497,inf
Silverstone + Supra,p95,speedKmh_rmse,3,10.16810175485193,13.95015379478497
Silverstone + Supra,p95,speedKmh_rmse,4,3.1809769534780252,10.16810175485193
Silverstone + Supra,p95,speedKmh_rmse,5,2.165986228132365,3.1809769534780252
Silverstone + Supra,p95,speedKmh_rmse,6,2.0420432391333914,2.165986228132365
Silverstone + Supra,p95,speedKmh_rmse,7,1.7017176932414235,2.0420432391333914
Silverstone + Supra,p95,speedKmh_rmse,8,1.6141909098839955,1.7017176932414235
Silverstone + Supra,p95,speedKmh_rmse,104,1.494464462751506,1.6141909098839955
Silverstone + Supra,p95,speedKmh_rmse,112,1.3650125260402755,1.494464462751506
Silverstone + Supra,p95,speedKmh_rmse,113,1.3361033546593435,1.3650125260402755
Silverstone + Supra,p95,speedKmh_rmse,116,1.2281583037137827,1.3361033546593435
Silverstone + Supra,p95,speedKmh_rmse,122,1.215639289491516,1.2281583037137827
Silverstone + Supra,p95,speedKmh_rmse,125,1.09654178449799,1.215639289491516
Silverstone + Supra,p95,speedKmh_rmse,128,1.0536520453327676,1.09654178449799
Silverstone + Supra,p95,speedKmh_rmse,130,1.0404558405086823,1.0536520453327676
Silverstone + Supra,p95,speedKmh_rmse,131,0.9851803834837533,1.0404558405086823
Silverstone + Supra,p95,speedKmh_rmse,133,0.9547142337150173,0.9851803834837533
Silverstone + Supra,p95,speedKmh_rmse,140,0.9381320159069584,0.9547142337150173
Silverstone + Supra,p95,speedKmh_rmse,141,0.9357412743353655,0.9381320159069584
Silverstone + Supra,p95,speedKmh_rmse,145,0.9276892423217676,0.9357412743353655
Silverstone + Supra,p95,speedKmh_rmse,147,0.9253075550651523,0.9276892423217676
Silverstone + Supra,p95,speedKmh_rmse,148,0.9212640157476801,0.9253075550651523
Silverstone + Supra,p95,speedKmh_rmse,155,0.9104432047768025,0.9212640157476801
Silverstone + Supra,p95,speedKmh_rmse,197,0.8900635828101918,0.9104432047768025
Silverstone + Supra,p95,speedKmh_rmse,220,0.8870097985500043,0.8900635828101918
Silverstone + Supra,p95,speedKmh_rmse,241,0.8867010995424683,0.8870097985500043
Silverstone + Supra,p95,speedKmh_rmse,344,0.884316316692305,0.8867010995424683
Silverstone + Supra,p95,speedKmh_rmse,456,0.8624379460967789,0.884316316692305
Silverstone + Supra,p95,speedKmh_rmse,467,0.8452031943329205,0.8624379460967789
Silverstone + Supra,p95,speedKmh_rmse,496,0.7545034241480394,0.8452031943329205
Silverstone + Supra,p95,speedKmh_rmse,500,0.0,0.7545034241480394
Silverstone + Supra,p95,attitude_mean_mae_deg,37,12.757647898998531,inf
Silverstone + Supra,p95,attitude_mean_mae_deg,42,6.1759668783557276,12.757647898998531
Silverstone + Supra,p95,attitude_mean_mae_deg,45,4.177284877521753,6.1759668783557276
Silverstone + Supra,p95,attitude_mean_mae_deg,46,3.818594676654337,4.177284877521753
Silverstone + Supra,p95,attitude_mean_mae_deg,47,3.77542129997914,3.818594676654337
Silverstone + Supra,p95,attitude_mean_mae_deg,48,3.681600809744267,3.77542129997914
Silverstone + Supra,p95,attitude_mean_mae_deg,49,3.469739430049601,3.681600809744267
Silverstone + Supra,p95,attitude_mean_mae_deg,50,2.231827200452531,3.469739430049601
Silverstone + Supra,p95,attitude_mean_mae_deg,52,1.8493827623432495,2.231827200452531
Silverstone + Supra,p95,attitude_mean_mae_deg,54,1.7533881791331754,1.8493827623432495
Silverstone + Supra,p95,attitude_mean_mae_deg,59,1.6213889617579889,1.7533881791331754
Silverstone + Supra,p95,attitude_mean_mae_deg,60,1.4615100316608398,1.6213889617579889
Silverstone + Supra,p95,attitude_mean_mae_deg,65,1.444327082291442,1.4615100316608398
Silverstone + Supra,p95,attitude_mean_mae_deg,231,1.3809206771086662,1.444327082291442
Silverstone + Supra,p95,attitude_mean_mae_deg,232,1.3669948357218635,1.3809206771086662
Silverstone + Supra,p95,attitude_mean_mae_deg,253,1.250353175956301,1.3669948357218635
Silverstone + Supra,p95,attitude_mean_mae_deg,255,1.1757458380277956,1.250353175956301
Silverstone + Supra,p95,attitude_mean_mae_deg,285,1.1545015005781005,1.1757458380277956
Silverstone + Supra,p95,attitude_mean_mae_deg,286,1.118405022961628,1.1545015005781005
Silverstone + Supra,p95,attitude_mean_mae_deg,309,0.9224790464936937,1.118405022961628
Silverstone + Supra,p95,attitude_mean_mae_deg,310,0.8869954842262358,0.9224790464936937
Silverstone + Supra,p95,attitude_mean_mae_deg,323,0.8691009040472469,0.8869954842262358
Silverstone + Supra,p95,attitude_mean_mae_deg,345,0.6404432947172768,0.8691009040472469
Silverstone + Supra,p95,attitude_mean_mae_deg,373,0.5715227980390201,0.6404432947172768
Silverstone + Supra,p95,attitude_mean_mae_deg,408,0.5598609990440531,0.5715227980390201
Silverstone + Supra,p95,attitude_mean_mae_deg,417,0.5216493125813177,0.5598609990440531
Silverstone + Supra,p95,attitude_mean_mae_deg,494,0.4257111731201676,0.5216493125813177
Silverstone + Supra,p95,attitude_mean_mae_deg,500,0.0,0.4257111731201676
Silverstone + Supra,p95,SlipAngle_mean_rmse,16,4.139355909709322,inf
Silverstone + Supra,p95,SlipAngle_mean_rmse,22,2.742707162147167,4.139355909709322
Silverstone + Supra,p95,SlipAngle_mean_rmse,37,2.4803264446927153,2.742707162147167
Silverstone + Supra,p95,SlipAngle_mean_rmse,66,2.4400203871181456,2.4803264446927153
Silverstone + Supra,p95,SlipAngle_mean_rmse,73,2.231871987028372,2.4400203871181456
Silverstone + Supra,p95,SlipAngle_mean_rmse,74,2.0478606014731073,2.231871987028372
Silverstone + Supra,p95,SlipAngle_mean_rmse,221,1.5991789539487566,2.0478606014731073
Silverstone + Supra,p95,SlipAngle_mean_rmse,222,1.4941114016594534,1.5991789539487566
Silverstone + Supra,p95,SlipAngle_mean_rmse,226,1.4138922909112737,1.4941114016594534
Silverstone + Supra,p95,SlipAngle_mean_rmse,251,1.136886637074618,1.4138922909112737
Silverstone + Supra,p95,SlipAngle_mean_rmse,294,0.9793846978850976,1.136886637074618
Silverstone + Supra,p95,SlipAngle_mean_rmse,343,0.9128314437607566,0.9793846978850976
Silverstone + Supra,p95,SlipAngle_mean_rmse,369,0.7985984845210692,0.9128314437607566
Silverstone + Supra,p95,SlipAngle_mean_rmse,404,0.6065652665555349,0.7985984845210692
Silverstone + Supra,p95,SlipAngle_mean_rmse,422,0.5404184794750438,0.6065652665555349
Silverstone + Supra,p95,SlipAngle_mean_rmse,430,0.3578057789608956,0.5404184794750438
Silverstone + Supra,p95,SlipAngle_mean_rmse,460,0.3186215481280508,0.3578057789608956
Silverstone + Supra,p95,SlipAngle_mean_rmse,473,0.31430118854926264,0.3186215481280508
Silverstone + Supra,p95,SlipAngle_mean_rmse,500,0.0,0.31430118854926264
Silverstone + Supra,p95,grouped,16,9.678843879515059,inf
Silverstone + Supra,p95,grouped,22,6.55032540856648,9.678843879515059
Silverstone + Supra,p95,grouped,33,5.114622856139045,6.55032540856648
Silverstone + Supra,p95,grouped,37,3.3211445441994862,5.114622856139045
Silverstone + Supra,p95,grouped,50,3.1407605887671823,3.3211445441994862
Silverstone + Supra,p95,grouped,51,2.7216729490444034,3.1407605887671823
Silverstone + Supra,p95,grouped,53,2.5948670906907005,2.7216729490444034
Silverstone + Supra,p95,grouped,58,2.3725577668362305,2.5948670906907005
Silverstone + Supra,p95,grouped,65,2.3043794587413227,2.3725577668362305
Silverstone + Supra,p95,grouped,69,2.0294760513173995,2.3043794587413227
Silverstone + Supra,p95,grouped,70,1.9791253810169525,2.0294760513173995
Silverstone + Supra,p95,grouped,113,1.9734789514191715,1.9791253810169525
Silverstone + Supra,p95,grouped,124,1.779682201563916,1.9734789514191715
Silverstone + Supra,p95,grouped,135,1.7451407730250192,1.779682201563916
Silverstone + Supra,p95,grouped,146,1.5604183809901706,1.7451407730250192
Silverstone + Supra,p95,grouped,155,1.5580125253681272,1.5604183809901706
Silverstone + Supra,p95,grouped,173,1.4342144572861804,1.5580125253681272
Silverstone + Supra,p95,grouped,211,1.4335175381206977,1.4342144572861804
Silverstone + Supra,p95,grouped,212,1.2834242671412515,1.4335175381206977
Silverstone + Supra,p95,grouped,226,1.1681343061685185,1.2834242671412515
Silverstone + Supra,p95,grouped,229,1.152409621919274,1.1681343061685185
Silverstone + Supra,p95,grouped,237,1.1453019751836724,1.152409621919274
Silverstone + Supra,p95,grouped,250,1.0690021595097225,1.1453019751836724
Silverstone + Supra,p95,grouped,253,0.9968336272723648,1.0690021595097225
Silverstone + Supra,p95,grouped,261,0.9838990303231409,0.9968336272723648
Silverstone + Supra,p95,grouped,267,0.9749077492981575,0.9838990303231409
Silverstone + Supra,p95,grouped,286,0.938103448444869,0.9749077492981575
Silverstone + Supra,p95,grouped,294,0.9274425791435376,0.938103448444869
Silverstone + Supra,p95,grouped,318,0.907092052222816,0.9274425791435376
Silverstone + Supra,p95,grouped,323,0.8606749244524426,0.907092052222816
Silverstone + Supra,p95,grouped,343,0.8140224100512844,0.8606749244524426
Silverstone + Supra,p95,grouped,344,0.7385123760658308,0.8140224100512844
Silverstone + Supra,p95,grouped,369,0.6958363863274052,0.7385123760658308
Silverstone + Supra,p95,grouped,373,0.6870899348497523,0.6958363863274052
Silverstone + Supra,p95,grouped,374,0.6773314776039383,0.6870899348497523
Silverstone + Supra,p95,grouped,402,0.654126671459807,0.6773314776039383
Silverstone + Supra,p95,grouped,408,0.6316573758980384,0.654126671459807
Silverstone + Supra,p95,grouped,409,0.6074018737395906,0.6316573758980384
Silverstone + Supra,p95,grouped,418,0.5909157976344114,0.6074018737395906
Silverstone + Supra,p95,grouped,419,0.5455358684491477,0.5909157976344114
Silverstone + Supra,p95,grouped,430,0.5416184459299471,0.5455358684491477
Silverstone + Supra,p95,grouped,437,0.524467391748425,0.5416184459299471
Silverstone + Supra,p95,grouped,439,0.4860772806159006,0.524467391748425
Silverstone + Supra,p95,grouped,463,0.4690073070933663,0.4860772806159006
Silverstone + Supra,p95,grouped,500,0.0,0.4690073070933663
Silverstone + Supra,p95,worst,2,6.220537416182094,inf
Silverstone + Supra,p95,worst,5,2.165986228132365,6.220537416182094
Silverstone + Supra,p95,worst,6,2.0420432391333914,2.165986228132365
Silverstone + Supra,p95,worst,7,1.7017176932414235,2.0420432391333914
Silverstone + Supra,p95,worst,8,1.6141909098839955,1.7017176932414235
Silverstone + Supra,p95,worst,104,1.494464462751506,1.6141909098839955
Silverstone + Supra,p95,worst,112,1.3650125260402755,1.494464462751506
Silverstone + Supra,p95,worst,113,1.3361033546593435,1.3650125260402755
Silverstone + Supra,p95,worst,116,1.2281583037137827,1.3361033546593435
Silverstone + Supra,p95,worst,122,1.215639289491516,1.2281583037137827
Silverstone + Supra,p95,worst,125,1.09654178449799,1.215639289491516
Silverstone + Supra,p95,worst,128,1.0536520453327676,1.09654178449799
Silverstone + Supra,p95,worst,130,1.0404558405086823,1.0536520453327676
Silverstone + Supra,p95,worst,131,0.9851803834837533,1.0404558405086823
Silverstone + Supra,p95,worst,133,0.9547142337150173,0.9851803834837533
Silverstone + Supra,p95,worst,140,0.9381320159069584,0.9547142337150173
Silverstone + Supra,p95,worst,141,0.9357412743353655,0.9381320159069584
Silverstone + Supra,p95,worst,145,0.9276892423217676,0.9357412743353655
Silverstone + Supra,p95,worst,147,0.9253075550651523,0.9276892423217676
Silverstone + Supra,p95,worst,148,0.9212640157476801,0.9253075550651523
Silverstone + Supra,p95,worst,155,0.9104432047768025,0.9212640157476801
Silverstone + Supra,p95,worst,197,0.8900635828101918,0.9104432047768025
Silverstone + Supra,p95,worst,220,0.8870097985500043,0.8900635828101918
Silverstone + Supra,p95,worst,241,0.8867010995424683,0.8870097985500043
Silverstone + Supra,p95,worst,344,0.884316316692305,0.8867010995424683
Silverstone + Supra,p95,worst,456,0.8624379460967789,0.884316316692305
Silverstone + Supra,p95,worst,467,0.8452031943329205,0.8624379460967789
Silverstone + Supra,p95,worst,496,0.7545034241480394,0.8452031943329205
Silverstone + Supra,p95,worst,500,0.0,0.7545034241480394
Silverstone + Supra,p95,equal5,16,15.106708440841802,inf
Silverstone + Supra,p95,equal5,22,8.558118929278889,15.106708440841802
Silverstone + Supra,p95,equal5,33,5.998769401054835,8.558118929278889
Silverstone + Supra,p95,equal5,37,4.3983135890558085,5.998769401054835
Silverstone + Supra,p95,equal5,50,4.270224228516776,4.3983135890558085
Silverstone + Supra,p95,equal5,51,3.3903081798551193,4.270224228516776
Silverstone + Supra,p95,equal5,53,3.295133579049073,3.3903081798551193
Silverstone + Supra,p95,equal5,58,3.0846481169729207,3.295133579049073
Silverstone + Supra,p95,equal5,63,2.9414195027600734,3.0846481169729207
Silverstone + Supra,p95,equal5,69,2.7661369300425527,2.9414195027600734
Silverstone + Supra,p95,equal5,70,2.5053590610450107,2.7661369300425527
Silverstone + Supra,p95,equal5,73,2.443516990905021,2.5053590610450107
Silverstone + Supra,p95,equal5,113,2.3444473463211972,2.443516990905021
Silverstone + Supra,p95,equal5,124,2.040917220178204,2.3444473463211972
Silverstone + Supra,p95,equal5,135,1.9471440043061834,2.040917220178204
Silverstone + Supra,p95,equal5,146,1.7000139340612157,1.9471440043061834
Silverstone + Supra,p95,equal5,155,1.6826277337565323,1.7000139340612157
Silverstone + Supra,p95,equal5,173,1.4793945280796459,1.6826277337565323
Silverstone + Supra,p95,equal5,211,1.3683038592939796,1.4793945280796459
Silverstone + Supra,p95,equal5,212,1.31333187020531,1.3683038592939796
Silverstone + Supra,p95,equal5,220,1.3125813572302962,1.31333187020531
Silverstone + Supra,p95,equal5,221,1.241187864389687,1.3125813572302962
Silverstone + Supra,p95,equal5,224,1.2355540926893251,1.241187864389687
Silverstone + Supra,p95,equal5,226,1.191936131961295,1.2355540926893251
Silverstone + Supra,p95,equal5,229,1.1513308709881103,1.191936131961295
Silverstone + Supra,p95,equal5,237,1.1287702555236525,1.1513308709881103
Silverstone + Supra,p95,equal5,250,1.0092865986788737,1.1287702555236525
Silverstone + Supra,p95,equal5,261,0.9765672080612178,1.0092865986788737
Silverstone + Supra,p95,equal5,267,0.9463670450010464,0.9765672080612178
Silverstone + Supra,p95,equal5,286,0.9118154889336731,0.9463670450010464
Silverstone + Supra,p95,equal5,294,0.8903715021394811,0.9118154889336731
Silverstone + Supra,p95,equal5,318,0.853061704089489,0.8903715021394811
Silverstone + Supra,p95,equal5,323,0.8242274188202329,0.853061704089489
Silverstone + Supra,p95,equal5,343,0.7807223371683201,0.8242274188202329
Silverstone + Supra,p95,equal5,344,0.7172748099900242,0.7807223371683201
Silverstone + Supra,p95,equal5,369,0.6611559182376985,0.7172748099900242
Silverstone + Supra,p95,equal5,370,0.6598100564967574,0.6611559182376985
Silverstone + Supra,p95,equal5,374,0.6514110832159546,0.6598100564967574
Silverstone + Supra,p95,equal5,402,0.6236895321971884,0.6514110832159546
Silverstone + Supra,p95,equal5,408,0.623218903595257,0.6236895321971884
Silverstone + Supra,p95,equal5,409,0.5906786962568947,0.623218903595257
Silverstone + Supra,p95,equal5,418,0.5870613717140634,0.5906786962568947
Silverstone + Supra,p95,equal5,419,0.5323857765283401,0.5870613717140634
Silverstone + Supra,p95,equal5,430,0.5305808491721011,0.5323857765283401
Silverstone + Supra,p95,equal5,436,0.5286334245464497,0.5305808491721011
Silverstone + Supra,p95,equal5,437,0.5002680447161159,0.5286334245464497
Silverstone + Supra,p95,equal5,439,0.4781448989233705,0.5002680447161159
Silverstone + Supra,p95,equal5,461,0.4725456614864898,0.4781448989233705
Silverstone + Supra,p95,equal5,463,0.4609718896067251,0.4725456614864898
Silverstone + Supra,p95,equal5,500,0.0,0.4609718896067251
