request_id,car_model,horizon_frames,horizon_seconds,threshold_deg,threshold_rad,selected_run_frames,out_run_frames,out_flag,selected_drift_flag,drift_flag_5,drift_flag_10,drift_flag_20,first_trigger_frame_5,first_trigger_frame_10,first_trigger_frame_20,max_run_FL,max_run_FR,max_run_RL,max_run_RR,frames_above_FL,frames_above_FR,frames_above_RL,frames_above_RR,max_abs_slip_deg_FL,max_abs_slip_deg_FR,max_abs_slip_deg_RL,max_abs_slip_deg_RR
1726,ks_toyota_ae86_drift,80,0.24024024024024024,9.3,0.16231562043547265,10,10,0,0,0,0,0,,,,0,0,0,0,0,0,0,0,2.8382622711537615,2.6911333796859283,2.173755087793925,2.1706407349758106
1726,ks_toyota_ae86_drift,160,0.4804804804804805,9.3,0.16231562043547265,10,10,0,0,0,0,0,,,,0,0,0,0,0,0,0,0,2.8382622711537615,2.6911333796859283,2.173755087793925,2.1706407349758106
1726,ks_toyota_ae86_drift,240,0.7207207207207207,9.3,0.16231562043547265,10,10,0,0,0,0,0,,,,0,0,0,0,0,0,0,0,2.8382622711537615,2.6911333796859283,2.5016519792787273,2.48126813347447
1727,ks_toyota_ae86_drift,80,0.24024024024024024,9.3,0.16231562043547265,10,10,0,0,0,0,0,,,,0,0,0,0,0,0,0,0,1.9939215430327784,1.805763064890444,1.4412200740744077,1.4672283672167585
1727,ks_toyota_ae86_drift,160,0.4804804804804805,9.3,0.16231562043547265,10,10,0,0,0,0,0,,,,0,0,0,0,0,0,0,0,1.9939215430327784,1.805763064890444,1.4412200740744077,1.4672283672167585
1727,ks_toyota_ae86_drift,240,0.7207207207207207,9.3,0.16231562043547265,10,10,0,0,0,0,0,,,,0,0,0,0,0,0,0,0,2.2285163429079136,2.047627107033177,1.9921094084686093,1.981313867598581
1728,ks_toyota_ae86_drift,80,0.24024024024024024,9.3,0.16231562043547265,10,10,0,0,0,0,0,,,,0,0,0,0,0,0,0,0,2.6945384424305914,2.4941665188352165,1.74989489224409,1.7692462055449112
1728,ks_toyota_ae86_drift,160,0.4804804804804805,9.3,0.16231562043547265,10,10,0,0,0,0,0,,,,0,0,0,0,0,0,0,0,2.6945384424305914,2.4941665188352165,2.018569347869827,2.002059073098614
1728,ks_toyota_ae86_drift,240,0.7207207207207207,9.3,0.16231562043547265,10,10,0,0,0,0,0,,,,0,0,0,0,0,0,0,0,3.564133581564285,3.351434020290683,3.1932222931208583,3.159423528899873
1729,ks_toyota_ae86_drift,80,0.24024024024024024,9.3,0.16231562043547265,10,10,0,0,0,0,0,,,,0,0,0,0,0,0,0,0,2.682170463947579,2.52190284983758,1.377863452776781,1.4152603393081875
1729,ks_toyota_ae86_drift,160,0.4804804804804805,9.3,0.16231562043547265,10,10,0,0,0,0,0,,,,0,0,0,0,0,0,0,0,3.53992333572094,3.3516384990789603,2.7139421560889514,2.6911034976083097
1729,ks_toyota_ae86_drift,240,0.7207207207207207,9.3,0.16231562043547265,10,10,0,0,0,0,0,,,,0,0,0,0,0,0,0,0,5.004217923245767,4.798520799975309,4.415084225254548,4.367705337416285
1730,ks_toyota_ae86_drift,80,0.24024024024024024,9.3,0.16231562043547265,10,10,0,0,0,0,0,,,,0,0,0,0,0,0,0,0,2.48517670922701,2.305298554792847,1.2836979825673425,1.3160259082392474
1730,ks_toyota_ae86_drift,160,0.4804804804804805,9.3,0.16231562043547265,10,10,0,0,0,0,0,,,,0,0,0,0,0,0,0,0,3.1356706922875075,2.9515046731584573,2.429819733551349,2.406700610427914
1730,ks_toyota_ae86_drift,240,0.7207207207207207,9.3,0.16231562043547265,10,10,0,0,0,0,0,,,,0,0,0,0,0,0,0,0,4.553259805937552,4.327998886450062,4.066009051587652,4.023378852769841
1731,ks_toyota_ae86_drift,80,0.24024024024024024,9.3,0.16231562043547265,10,10,0,0,0,0,0,,,,0,0,0,0,0,0,0,0,2.47751515796896,2.298614787803166,1.5950771287615266,1.6253394558180316
1731,ks_toyota_ae86_drift,160,0.4804804804804805,9.3,0.16231562043547265,10,10,0,0,0,0,0,,,,0,0,0,0,0,0,0,0,2.495406625056397,2.3101050869778317,1.9231437077585212,1.9107558790382337
1731,ks_toyota_ae86_drift,240,0.7207207207207207,9.3,0.16231562043547265,10,10,0,0,0,0,0,,,,0,0,0,0,0,0,0,0,3.409059259101023,3.2219218942396055,3.0662830139527597,3.0397353493093893
1732,ks_toyota_ae86_drift,80,0.24024024024024024,9.3,0.16231562043547265,10,10,0,0,0,0,0,,,,0,0,0,0,0,0,0,0,2.643533151029875,2.4486319955162683,1.920677796024735,1.940750441334933
1732,ks_toyota_ae86_drift,160,0.4804804804804805,9.3,0.16231562043547265,10,10,0,0,0,0,0,,,,0,0,0,0,0,0,0,0,2.643533151029875,2.4486319955162683,1.920677796024735,1.940750441334933
1732,ks_toyota_ae86_drift,240,0.7207207207207207,9.3,0.16231562043547265,10,10,0,0,0,0,0,,,,0,0,0,0,0,0,0,0,2.9020410835194594,2.7234263006383372,2.6275295909177117,2.6065965552155035
1733,ks_toyota_ae86_drift,80,0.24024024024024024,9.3,0.16231562043547265,10,10,0,0,0,0,0,,,,0,0,0,0,0,0,0,0,3.0451401633769852,2.874578600414131,2.1242590547563696,2.1416457281754604
1733,ks_toyota_ae86_drift,160,0.4804804804804805,9.3,0.16231562043547265,10,10,0,0,0,0,0,,,,0,0,0,0,0,0,0,0,3.0451401633769852,2.874578600414131,2.1242590547563696,2.1416457281754604
1733,ks_toyota_ae86_drift,240,0.7207207207207207,9.3,0.16231562043547265,10,10,0,0,0,0,0,,,,0,0,0,0,0,0,0,0,3.788261116536376,3.5528044321653494,3.3219152233583573,3.292259182312397
1734,ks_toyota_ae86_drift,80,0.24024024024024024,9.3,0.16231562043547265,10,10,0,0,0,0,0,,,,0,0,0,0,0,0,0,0,2.7469970700206394,2.5628336122125277,1.8312847070544311,1.849374036184387
1734,ks_toyota_ae86_drift,160,0.4804804804804805,9.3,0.16231562043547265,10,10,0,0,0,0,0,,,,0,0,0,0,0,0,0,0,2.7469970700206394,2.5628336122125277,2.0410253023135367,2.027364923973511
1734,ks_toyota_ae86_drift,240,0.7207207207207207,9.3,0.16231562043547265,10,10,0,0,0,0,0,,,,0,0,0,0,0,0,0,0,3.6893945551872642,3.4830457891813054,3.2269403757322723,3.2020153079036033
1735,ks_toyota_ae86_drift,80,0.24024024024024024,9.3,0.16231562043547265,10,10,0,0,0,0,0,,,,0,0,0,0,0,0,0,0,2.776926105189989,2.595832817413798,1.9089095935282145,1.9323702261101505
1735,ks_toyota_ae86_drift,160,0.4804804804804805,9.3,0.16231562043547265,10,10,0,0,0,0,0,,,,0,0,0,0,0,0,0,0,2.776926105189989,2.595832817413798,2.000156651971354,1.9849148713950586
1735,ks_toyota_ae86_drift,240,0.7207207207207207,9.3,0.16231562043547265,10,10,0,0,0,0,0,,,,0,0,0,0,0,0,0,0,3.340878603258663,3.166920088400785,3.0703623444345496,3.0412431135686697
1736,ks_toyota_ae86_drift,80,0.24024024024024024,9.3,0.16231562043547265,10,10,0,0,0,0,0,,,,0,0,0,0,0,0,0,0,2.7103227961590792,2.5352419958432035,1.9930496266965438,2.014335697801477
1736,ks_toyota_ae86_drift,160,0.4804804804804805,9.3,0.16231562043547265,10,10,0,0,0,0,0,,,,0,0,0,0,0,0,0,0,2.7103227961590792,2.5352419958432035,1.9930496266965438,2.014335697801477
1736,ks_toyota_ae86_drift,240,0.7207207207207207,9.3,0.16231562043547265,10,10,0,0,0,0,0,,,,0,0,0,0,0,0,0,0,3.026608792941683,2.8347801553375245,2.6567858524538153,2.639382743892034
1737,ks_toyota_ae86_drift,80,0.24024024024024024,9.3,0.16231562043547265,10,10,0,0,0,0,0,,,,0,0,0,0,0,0,0,0,2.5206994558831886,2.3496499612815014,1.9944137435398424,2.015534609444226
1737,ks_toyota_ae86_drift,160,0.4804804804804805,9.3,0.16231562043547265,10,10,0,0,0,0,0,,,,0,0,0,0,0,0,0,0,2.5206994558831886,2.3496499612815014,1.9944137435398424,2.015534609444226
1737,ks_toyota_ae86_drift,240,0.7207207207207207,9.3,0.16231562043547265,10,10,0,0,0,0,0,,,,0,0,0,0,0,0,0,0,2.5206994558831886,2.3496499612815014,1.9985908311041283,2.015534609444226
1738,ks_toyota_ae86_drift,80,0.24024024024024024,9.3,0.16231562043547265,10,10,0,0,0,0,0,,,,0,0,0,0,0,0,0,0,2.311001549306396,2.1287648451744627,2.0425435252999833,2.058596177396806
1738,ks_toyota_ae86_drift,160,0.4804804804804805,9.3,0.16231562043547265,10,10,0,0,0,0,0,,,,0,0,0,0,0,0,0,0,2.311001549306396,2.1287648451744627,2.0425435252999833,2.058596177396806
1738,ks_toyota_ae86_drift,240,0.7207207207207207,9.3,0.16231562043547265,10,10,0,0,0,0,0,,,,0,0,0,0,0,0,0,0,2.311001549306396,2.1287648451744627,2.0425435252999833,2.058596177396806
1739,ks_toyota_ae86_drift,80,0.24024024024024024,9.3,0.16231562043547265,10,10,0,0,0,0,0,,,,0,0,0,0,0,0,0,0,2.2516275686251213,2.046062566826421,2.1128366305865813,2.112954237906352
1739,ks_toyota_ae86_drift,160,0.4804804804804805,9.3,0.16231562043547265,10,10,0,0,0,0,0,,,,0,0,0,0,0,0,0,0,2.2516275686251213,2.046062566826421,2.1128366305865813,2.112954237906352
1739,ks_toyota_ae86_drift,240,0.7207207207207207,9.3,0.16231562043547265,10,10,0,0,0,0,0,,,,0,0,0,0,0,0,0,0,2.2516275686251213,2.046062566826421,2.1128366305865813,2.112954237906352
1740,ks_toyota_ae86_drift,80,0.24024024024024024,9.3,0.16231562043547265,10,10,0,0,0,0,0,,,,0,0,0,0,0,0,0,0,2.472009385167695,2.2998429411932992,2.1555513529953716,2.157385685674343
1740,ks_toyota_ae86_drift,160,0.4804804804804805,9.3,0.16231562043547265,10,10,0,0,0,0,0,,,,0,0,0,0,0,0,0,0,2.472009385167695,2.2998429411932992,2.1555513529953716,2.157385685674343
1740,ks_toyota_ae86_drift,240,0.7207207207207207,9.3,0.16231562043547265,10,10,0,0,0,0,0,,,,0,0,0,0,0,0,0,0,2.472009385167695,2.2998429411932992,2.1555513529953716,2.157385685674343
1741,ks_toyota_ae86_drift,80,0.24024024024024024,9.3,0.16231562043547265,10,10,0,0,0,0,0,,,,0,0,0,0,0,0,0,0,1.3289622865272517,1.1559720577059287,1.1800596803093308,1.187588042878566
1741,ks_toyota_ae86_drift,160,0.4804804804804805,9.3,0.16231562043547265,10,10,0,0,0,0,0,,,,0,0,0,0,0,0,0,0,1.3289622865272517,1.1559720577059287,1.1800596803093308,1.187588042878566
1741,ks_toyota_ae86_drift,240,0.7207207207207207,9.3,0.16231562043547265,10,10,0,0,0,0,0,,,,0,0,0,0,0,0,0,0,1.3289622865272517,1.1559720577059287,1.1800596803093308,1.187588042878566
1742,ks_toyota_ae86_drift,80,0.24024024024024024,9.3,0.16231562043547265,10,10,0,0,0,0,0,,,,0,0,0,0,0,0,0,0,1.4381009187795333,1.269304105943481,1.3440058848959104,1.3450025589062033
1742,ks_toyota_ae86_drift,160,0.4804804804804805,9.3,0.16231562043547265,10,10,0,0,0,0,0,,,,0,0,0,0,0,0,0,0,1.4381009187795333,1.269304105943481,1.3440058848959104,1.3450025589062033
1742,ks_toyota_ae86_drift,240,0.7207207207207207,9.3,0.16231562043547265,10,10,0,0,0,0,0,,,,0,0,0,0,0,0,0,0,1.4381009187795333,1.269304105943481,1.3440058848959104,1.3450025589062033
1743,ks_toyota_ae86_drift,80,0.24024024024024024,9.3,0.16231562043547265,10,10,0,0,0,0,0,,,,0,0,0,0,0,0,0,0,1.3066354653475378,1.1329886845922474,1.1369778352326523,1.1369723924256574
1743,ks_toyota_ae86_drift,160,0.4804804804804805,9.3,0.16231562043547265,10,10,0,0,0,0,0,,,,0,0,0,0,0,0,0,0,1.3066354653475378,1.1329886845922474,1.1369778352326523,1.1369723924256574
1743,ks_toyota_ae86_drift,240,0.7207207207207207,9.3,0.16231562043547265,10,10,0,0,0,0,0,,,,0,0,0,0,0,0,0,0,1.3066354653475378,1.1329886845922474,1.1369778352326523,1.1369723924256574
1744,ks_toyota_ae86_drift,80,0.24024024024024024,9.3,0.16231562043547265,10,10,0,0,0,0,0,,,,0,0,0,0,0,0,0,0,0.9652806465985775,0.7938838262054246,0.8070965603505499,0.8084481907542719
1744,ks_toyota_ae86_drift,160,0.4804804804804805,9.3,0.16231562043547265,10,10,0,0,0,0,0,,,,0,0,0,0,0,0,0,0,0.9652806465985775,0.7938838262054246,0.8070965603505499,0.8084481907542719
1744,ks_toyota_ae86_drift,240,0.7207207207207207,9.3,0.16231562043547265,10,10,0,0,0,0,0,,,,0,0,0,0,0,0,0,0,0.9652806465985775,0.7938838262054246,0.8070965603505499,0.8084481907542719
1745,ks_toyota_ae86_drift,80,0.24024024024024024,9.3,0.16231562043547265,10,10,0,0,0,0,0,,,,0,0,0,0,0,0,0,0,0.9306319507127491,0.757498768166532,0.6876864441644797,0.688262047684612
1745,ks_toyota_ae86_drift,160,0.4804804804804805,9.3,0.16231562043547265,10,10,0,0,0,0,0,,,,0,0,0,0,0,0,0,0,0.9306319507127491,0.757498768166532,0.6876864441644797,0.688262047684612
1745,ks_toyota_ae86_drift,240,0.7207207207207207,9.3,0.16231562043547265,10,10,0,0,0,0,0,,,,0,0,0,0,0,0,0,0,0.9306319507127491,0.757498768166532,0.7410452159819415,0.7393008497009438
1746,ks_toyota_ae86_drift,80,0.24024024024024024,9.3,0.16231562043547265,10,10,0,0,0,0,0,,,,0,0,0,0,0,0,0,0,0.5707673193130542,0.40210510922841886,0.36969652862736946,0.37304236082532366
1746,ks_toyota_ae86_drift,160,0.4804804804804805,9.3,0.16231562043547265,10,10,0,0,0,0,0,,,,0,0,0,0,0,0,0,0,0.6114563570244069,0.40210510922841886,0.44480646474356006,0.4437672354530868
1746,ks_toyota_ae86_drift,240,0.7207207207207207,9.3,0.16231562043547265,10,10,0,0,0,0,0,,,,0,0,0,0,0,0,0,0,0.7213946550181091,0.5379171509739077,0.6148228932332828,0.6127235705588558
1747,ks_toyota_ae86_drift,80,0.24024024024024024,9.3,0.16231562043547265,10,10,0,0,0,0,0,,,,0,0,0,0,0,0,0,0,0.7226111757423118,0.5353493733719532,0.569843589588663,0.5705087326199458
1747,ks_toyota_ae86_drift,160,0.4804804804804805,9.3,0.16231562043547265,10,10,0,0,0,0,0,,,,0,0,0,0,0,0,0,0,0.7226111757423118,0.5353493733719532,0.569843589588663,0.5705087326199458
1747,ks_toyota_ae86_drift,240,0.7207207207207207,9.3,0.16231562043547265,10,10,0,0,0,0,0,,,,0,0,0,0,0,0,0,0,0.7226111757423118,0.5353493733719532,0.569843589588663,0.5705087326199458
1748,ks_toyota_ae86_drift,80,0.24024024024024024,9.3,0.16231562043547265,10,10,0,0,0,0,0,,,,0,0,0,0,0,0,0,0,0.7806720525556514,0.5825090548265409,0.6197180044340663,0.6200896627744502
1748,ks_toyota_ae86_drift,160,0.4804804804804805,9.3,0.16231562043547265,10,10,0,0,0,0,0,,,,0,0,0,0,0,0,0,0,0.7806720525556514,0.5825090548265409,0.6197180044340663,0.6200896627744502
1748,ks_toyota_ae86_drift,240,0.7207207207207207,9.3,0.16231562043547265,10,10,0,0,0,0,0,,,,0,0,0,0,0,0,0,0,0.7806720525556514,0.5825090548265409,0.6197180044340663,0.6200896627744502
1749,ks_toyota_ae86_drift,80,0.24024024024024024,9.3,0.16231562043547265,10,10,0,0,0,0,0,,,,0,0,0,0,0,0,0,0,0.9637463086345576,0.799073969561841,0.6615800204136629,0.6606212326089224
1749,ks_toyota_ae86_drift,160,0.4804804804804805,9.3,0.16231562043547265,10,10,0,0,0,0,0,,,,0,0,0,0,0,0,0,0,0.9637463086345576,0.799073969561841,0.7223359404631015,0.7191766044460003
1749,ks_toyota_ae86_drift,240,0.7207207207207207,9.3,0.16231562043547265,10,10,0,0,0,0,0,,,,0,0,0,0,0,0,0,0,1.162199482681688,1.0203717785051367,1.0449882071606857,1.0420872977541344
1750,ks_toyota_ae86_drift,80,0.24024024024024024,9.3,0.16231562043547265,10,10,0,0,0,0,0,,,,0,0,0,0,0,0,0,0,0.40754799626455207,0.21274267684273748,0.19237676028505196,0.2003817419923069
1750,ks_toyota_ae86_drift,160,0.4804804804804805,9.3,0.16231562043547265,10,10,0,0,0,0,0,,,,0,0,0,0,0,0,0,0,0.44244572725082154,0.2576974878558805,0.2915763467170544,0.2913443070482591
1750,ks_toyota_ae86_drift,240,0.7207207207207207,9.3,0.16231562043547265,10,10,0,0,0,0,0,,,,0,0,0,0,0,0,0,0,0.5973195196289202,0.40273084526984193,0.48067098766250366,0.4793493460581062
1751,ks_toyota_ae86_drift,80,0.24024024024024024,9.3,0.16231562043547265,10,10,0,0,0,0,0,,,,0,0,0,0,0,0,0,0,0.8744325672525024,0.6725376715547732,0.7367601794122577,0.7362535181140603
1751,ks_toyota_ae86_drift,160,0.4804804804804805,9.3,0.16231562043547265,10,10,0,0,0,0,0,,,,0,0,0,0,0,0,0,0,0.8744325672525024,0.6725376715547732,0.7367601794122577,0.7362535181140603
1751,ks_toyota_ae86_drift,240,0.7207207207207207,9.3,0.16231562043547265,10,10,0,0,0,0,0,,,,0,0,0,0,0,0,0,0,0.8744325672525024,0.6725376715547732,0.7367601794122577,0.7362535181140603
1752,ks_toyota_ae86_drift,80,0.24024024024024024,9.3,0.16231562043547265,10,10,0,0,0,0,0,,,,0,0,0,0,0,0,0,0,0.9075226459862457,0.7271282786612174,0.6656761062032607,0.6658413647646633
1752,ks_toyota_ae86_drift,160,0.4804804804804805,9.3,0.16231562043547265,10,10,0,0,0,0,0,,,,0,0,0,0,0,0,0,0,0.9075226459862457,0.7271282786612174,0.6656761062032607,0.6658413647646633
1752,ks_toyota_ae86_drift,240,0.7207207207207207,9.3,0.16231562043547265,10,10,0,0,0,0,0,,,,0,0,0,0,0,0,0,0,0.9387740698119332,0.7449528845999822,0.8296861303698977,0.8261894470408213
1753,ks_toyota_ae86_drift,80,0.24024024024024024,9.3,0.16231562043547265,10,10,0,0,0,0,0,,,,0,0,0,0,0,0,0,0,0.7432596913769066,0.5712165109726884,0.5779599887567537,0.578652292462158
1753,ks_toyota_ae86_drift,160,0.4804804804804805,9.3,0.16231562043547265,10,10,0,0,0,0,0,,,,0,0,0,0,0,0,0,0,0.7432596913769066,0.5712165109726884,0.5779599887567537,0.578652292462158
1753,ks_toyota_ae86_drift,240,0.7207207207207207,9.3,0.16231562043547265,10,10,0,0,0,0,0,,,,0,0,0,0,0,0,0,0,0.7432596913769066,0.5712165109726884,0.5779599887567537,0.578652292462158
1754,ks_toyota_ae86_drift,80,0.24024024024024024,9.3,0.16231562043547265,10,10,0,0,0,0,0,,,,0,0,0,0,0,0,0,0,0.7834595167889571,0.5978253271534714,0.5551663134750989,0.5556336478247159
1754,ks_toyota_ae86_drift,160,0.4804804804804805,9.3,0.16231562043547265,10,10,0,0,0,0,0,,,,0,0,0,0,0,0,0,0,0.7834595167889571,0.5978253271534714,0.5551663134750989,0.5556336478247159
1754,ks_toyota_ae86_drift,240,0.7207207207207207,9.3,0.16231562043547265,10,10,0,0,0,0,0,,,,0,0,0,0,0,0,0,0,0.785988074164037,0.6115104115683853,0.6627455281625021,0.6615616642802685
1755,ks_toyota_ae86_drift,80,0.24024024024024024,9.3,0.16231562043547265,10,10,0,0,0,0,0,,,,0,0,0,0,0,0,0,0,0.8326112122428085,0.6611073499787569,0.5936448778554533,0.5942221355620252
1755,ks_toyota_ae86_drift,160,0.4804804804804805,9.3,0.16231562043547265,10,10,0,0,0,0,0,,,,0,0,0,0,0,0,0,0,0.8326112122428085,0.6611073499787569,0.5936448778554533,0.5942221355620252
1755,ks_toyota_ae86_drift,240,0.7207207207207207,9.3,0.16231562043547265,10,10,0,0,0,0,0,,,,0,0,0,0,0,0,0,0,0.8760839789277645,0.7212924156239705,0.7818050101842273,0.7791047375845451
1756,ks_toyota_ae86_drift,80,0.24024024024024024,9.3,0.16231562043547265,10,10,0,0,0,0,0,,,,0,0,0,0,0,0,0,0,0.6698927875203915,0.46905240899748885,0.5450259905177158,0.5469875888308318
1756,ks_toyota_ae86_drift,160,0.4804804804804805,9.3,0.16231562043547265,10,10,0,0,0,0,0,,,,0,0,0,0,0,0,0,0,0.6698927875203915,0.46905240899748885,0.5450259905177158,0.5469875888308318
1756,ks_toyota_ae86_drift,240,0.7207207207207207,9.3,0.16231562043547265,10,10,0,0,0,0,0,,,,0,0,0,0,0,0,0,0,0.6698927875203915,0.46905240899748885,0.5450259905177158,0.5469875888308318
1757,ks_toyota_ae86_drift,80,0.24024024024024024,9.3,0.16231562043547265,10,10,0,0,0,0,0,,,,0,0,0,0,0,0,0,0,0.8573601892569381,0.6941785389705768,0.6899245050564224,0.6897520427798797
1757,ks_toyota_ae86_drift,160,0.4804804804804805,9.3,0.16231562043547265,10,10,0,0,0,0,0,,,,0,0,0,0,0,0,0,0,0.8573601892569381,0.6941785389705768,0.6899245050564224,0.6897520427798797
1757,ks_toyota_ae86_drift,240,0.7207207207207207,9.3,0.16231562043547265,10,10,0,0,0,0,0,,,,0,0,0,0,0,0,0,0,0.8573601892569381,0.6941785389705768,0.6899245050564224,0.6897520427798797
1758,ks_toyota_ae86_drift,80,0.24024024024024024,9.3,0.16231562043547265,10,10,0,0,0,0,0,,,,0,0,0,0,0,0,0,0,0.49027802225609685,0.31461670922162305,0.4018456687616641,0.40415440610326064
1758,ks_toyota_ae86_drift,160,0.4804804804804805,9.3,0.16231562043547265,10,10,0,0,0,0,0,,,,0,0,0,0,0,0,0,0,0.49027802225609685,0.31461670922162305,0.4018456687616641,0.40415440610326064
1758,ks_toyota_ae86_drift,240,0.7207207207207207,9.3,0.16231562043547265,10,10,0,0,0,0,0,,,,0,0,0,0,0,0,0,0,0.49027802225609685,0.31461670922162305,0.4018456687616641,0.40415440610326064
1759,ks_toyota_ae86_drift,80,0.24024024024024024,9.3,0.16231562043547265,10,10,0,0,0,0,0,,,,0,0,0,0,0,0,0,0,0.931925097621703,0.7416635615452393,0.832960085499008,0.8319191219808159
1759,ks_toyota_ae86_drift,160,0.4804804804804805,9.3,0.16231562043547265,10,10,0,0,0,0,0,,,,0,0,0,0,0,0,0,0,0.931925097621703,0.7416635615452393,0.832960085499008,0.8319191219808159
1759,ks_toyota_ae86_drift,240,0.7207207207207207,9.3,0.16231562043547265,10,10,0,0,0,0,0,,,,0,0,0,0,0,0,0,0,0.931925097621703,0.7416635615452393,0.832960085499008,0.8319191219808159
1760,ks_toyota_ae86_drift,80,0.24024024024024024,9.3,0.16231562043547265,10,10,0,0,0,0,0,,,,0,0,0,0,0,0,0,0,0.8365183472523202,0.6523899475245578,0.7170411031133135,0.7166148032595695
1760,ks_toyota_ae86_drift,160,0.4804804804804805,9.3,0.16231562043547265,10,10,0,0,0,0,0,,,,0,0,0,0,0,0,0,0,0.8365183472523202,0.6523899475245578,0.7170411031133135,0.7166148032595695
1760,ks_toyota_ae86_drift,240,0.7207207207207207,9.3,0.16231562043547265,10,10,0,0,0,0,0,,,,0,0,0,0,0,0,0,0,0.8365183472523202,0.6523899475245578,0.7170411031133135,0.7166148032595695
1761,ks_toyota_ae86_drift,80,0.24024024024024024,9.3,0.16231562043547265,10,10,0,0,0,0,0,,,,0,0,0,0,0,0,0,0,0.454887770597646,0.26575583041602613,0.39393035996769205,0.3934812216689108
1761,ks_toyota_ae86_drift,160,0.4804804804804805,9.3,0.16231562043547265,10,10,0,0,0,0,0,,,,0,0,0,0,0,0,0,0,0.454887770597646,0.2843110531525707,0.39393035996769205,0.3934812216689108
1761,ks_toyota_ae86_drift,240,0.7207207207207207,9.3,0.16231562043547265,10,10,0,0,0,0,0,,,,0,0,0,0,0,0,0,0,0.454887770597646,0.4062935893347969,0.39393035996769205,0.3934812216689108
1762,ks_toyota_ae86_drift,80,0.24024024024024024,9.3,0.16231562043547265,10,10,0,0,0,0,0,,,,0,0,0,0,0,0,0,0,0.6936498396401355,0.5078914259391201,0.6291448394274475,0.629320396633458
1762,ks_toyota_ae86_drift,160,0.4804804804804805,9.3,0.16231562043547265,10,10,0,0,0,0,0,,,,0,0,0,0,0,0,0,0,0.6936498396401355,0.5078914259391201,0.6291448394274475,0.629320396633458
1762,ks_toyota_ae86_drift,240,0.7207207207207207,9.3,0.16231562043547265,10,10,0,0,0,0,0,,,,0,0,0,0,0,0,0,0,0.6936498396401355,0.5078914259391201,0.6291448394274475,0.629320396633458
1763,ks_toyota_ae86_drift,80,0.24024024024024024,9.3,0.16231562043547265,10,10,0,0,0,0,0,,,,0,0,0,0,0,0,0,0,0.41727207788896103,0.24128585062123564,0.3441223260232848,0.34405749258702256
1763,ks_toyota_ae86_drift,160,0.4804804804804805,9.3,0.16231562043547265,10,10,0,0,0,0,0,,,,0,0,0,0,0,0,0,0,0.41727207788896103,0.24128585062123564,0.3441223260232848,0.34405749258702256
1763,ks_toyota_ae86_drift,240,0.7207207207207207,9.3,0.16231562043547265,10,10,0,0,0,0,0,,,,0,0,0,0,0,0,0,0,0.41727207788896103,0.289442606292513,0.3441223260232848,0.34405749258702256
1764,ks_toyota_ae86_drift,80,0.24024024024024024,9.3,0.16231562043547265,10,10,0,0,0,0,0,,,,0,0,0,0,0,0,0,0,0.29770473394984837,0.11016237355520349,0.22142848967202516,0.22148206396832745
1764,ks_toyota_ae86_drift,160,0.4804804804804805,9.3,0.16231562043547265,10,10,0,0,0,0,0,,,,0,0,0,0,0,0,0,0,0.29770473394984837,0.18368525118471818,0.22142848967202516,0.22148206396832745
1764,ks_toyota_ae86_drift,240,0.7207207207207207,9.3,0.16231562043547265,10,10,0,0,0,0,0,,,,0,0,0,0,0,0,0,0,0.29770473394984837,0.2516554918439166,0.22142848967202516,0.22148206396832745
1765,ks_toyota_ae86_drift,80,0.24024024024024024,9.3,0.16231562043547265,10,10,0,0,0,0,0,,,,0,0,0,0,0,0,0,0,0.24825701916458567,0.12865217588610403,0.17903944188864013,0.17890925474779998
1765,ks_toyota_ae86_drift,160,0.4804804804804805,9.3,0.16231562043547265,10,10,0,0,0,0,0,,,,0,0,0,0,0,0,0,0,0.24825701916458567,0.277832405281402,0.17903944188864013,0.17890925474779998
1765,ks_toyota_ae86_drift,240,0.7207207207207207,9.3,0.16231562043547265,10,10,0,0,0,0,0,,,,0,0,0,0,0,0,0,0,0.24825701916458567,0.3877123265020417,0.3020174381217561,0.30230569344907177
1766,ks_toyota_ae86_drift,80,0.24024024024024024,9.3,0.16231562043547265,10,10,0,0,0,0,0,,,,0,0,0,0,0,0,0,0,0.2876408237338048,0.09644788064024018,0.22338104332057612,0.22340152054787293
1766,ks_toyota_ae86_drift,160,0.4804804804804805,9.3,0.16231562043547265,10,10,0,0,0,0,0,,,,0,0,0,0,0,0,0,0,0.2876408237338048,0.22750986599342238,0.22338104332057612,0.22340152054787293
1766,ks_toyota_ae86_drift,240,0.7207207207207207,9.3,0.16231562043547265,10,10,0,0,0,0,0,,,,0,0,0,0,0,0,0,0,0.2876408237338048,0.32006466553878093,0.22338104332057612,0.22340152054787293
1767,ks_toyota_ae86_drift,80,0.24024024024024024,9.3,0.16231562043547265,10,10,0,0,0,0,0,,,,0,0,0,0,0,0,0,0,0.2138379617091725,0.11980503985831444,0.14999843803309793,0.1512345021696719
1767,ks_toyota_ae86_drift,160,0.4804804804804805,9.3,0.16231562043547265,10,10,0,0,0,0,0,,,,0,0,0,0,0,0,0,0,0.2138379617091725,0.22239023900410115,0.14999843803309793,0.1512345021696719
1767,ks_toyota_ae86_drift,240,0.7207207207207207,9.3,0.16231562043547265,10,10,0,0,0,0,0,,,,0,0,0,0,0,0,0,0,0.2138379617091725,0.2881614122146067,0.1965302756925734,0.19662593836159326
1768,ks_toyota_ae86_drift,80,0.24024024024024024,9.3,0.16231562043547265,10,10,0,0,0,0,0,,,,0,0,0,0,0,0,0,0,0.2518364118156426,0.10899254357728014,0.17997927325039123,0.1797252222297785
1768,ks_toyota_ae86_drift,160,0.4804804804804805,9.3,0.16231562043547265,10,10,0,0,0,0,0,,,,0,0,0,0,0,0,0,0,0.2518364118156426,0.22495681598686568,0.17997927325039123,0.1797252222297785
1768,ks_toyota_ae86_drift,240,0.7207207207207207,9.3,0.16231562043547265,10,10,0,0,0,0,0,,,,0,0,0,0,0,0,0,0,0.2518364118156426,0.31878742016398853,0.21596368466556706,0.21609932795361528
1769,ks_toyota_ae86_drift,80,0.24024024024024024,9.3,0.16231562043547265,10,10,0,0,0,0,0,,,,0,0,0,0,0,0,0,0,0.10543998476512063,0.19789385892734299,0.06206901724726692,0.06219847067637982
1769,ks_toyota_ae86_drift,160,0.4804804804804805,9.3,0.16231562043547265,10,10,0,0,0,0,0,,,,0,0,0,0,0,0,0,0,0.15160266537419145,0.3291604231204016,0.19716057408691864,0.19749776131633512
1769,ks_toyota_ae86_drift,240,0.7207207207207207,9.3,0.16231562043547265,10,10,0,0,0,0,0,,,,0,0,0,0,0,0,0,0,0.26052742732808715,0.44073343084241107,0.32477242678506507,0.32508565499153363
1770,ks_toyota_ae86_drift,80,0.24024024024024024,9.3,0.16231562043547265,10,10,0,0,0,0,0,,,,0,0,0,0,0,0,0,0,0.11616609649543147,0.16061650070641167,0.062293252891326964,0.062171630167375785
1770,ks_toyota_ae86_drift,160,0.4804804804804805,9.3,0.16231562043547265,10,10,0,0,0,0,0,,,,0,0,0,0,0,0,0,0,0.11616609649543147,0.2656585269007799,0.15966618393706752,0.1597467988455722
1770,ks_toyota_ae86_drift,240,0.7207207207207207,9.3,0.16231562043547265,10,10,0,0,0,0,0,,,,0,0,0,0,0,0,0,0,0.17283426838853644,0.36784509379504643,0.25931498870913056,0.25946303839547585
1771,ks_toyota_ae86_drift,80,0.24024024024024024,9.3,0.16231562043547265,10,10,0,0,0,0,0,,,,0,0,0,0,0,0,0,0,0.09324720997246858,0.17737114150343805,0.05453572546924615,0.05471535144028955
1771,ks_toyota_ae86_drift,160,0.4804804804804805,9.3,0.16231562043547265,10,10,0,0,0,0,0,,,,0,0,0,0,0,0,0,0,0.09324720997246858,0.26619613749365395,0.15243305362666368,0.15251138735870728
1771,ks_toyota_ae86_drift,240,0.7207207207207207,9.3,0.16231562043547265,10,10,0,0,0,0,0,,,,0,0,0,0,0,0,0,0,0.1954087106060897,0.36724139578586723,0.2666109380836,0.2668350269853146
1772,ks_toyota_ae86_drift,80,0.24024024024024024,9.3,0.16231562043547265,10,10,0,0,0,0,0,,,,0,0,0,0,0,0,0,0,0.10481799065350653,0.2662367451027038,0.1137779315243071,0.113840110258138
1772,ks_toyota_ae86_drift,160,0.4804804804804805,9.3,0.16231562043547265,10,10,0,0,0,0,0,,,,0,0,0,0,0,0,0,0,0.2508764500721385,0.4376196116328257,0.28908386127852864,0.2893438086733858
1772,ks_toyota_ae86_drift,240,0.7207207207207207,9.3,0.16231562043547265,10,10,0,0,0,0,0,,,,0,0,0,0,0,0,0,0,0.38807443324975816,0.5525227634620395,0.4558042432460442,0.456438650426062
1773,ks_toyota_ae86_drift,80,0.24024024024024024,9.3,0.16231562043547265,10,10,0,0,0,0,0,,,,0,0,0,0,0,0,0,0,0.08821282027553365,0.15965255023915395,0.04022511178621411,0.04027688515373133
1773,ks_toyota_ae86_drift,160,0.4804804804804805,9.3,0.16231562043547265,10,10,0,0,0,0,0,,,,0,0,0,0,0,0,0,0,0.0883510649051603,0.25022966317425,0.1520098753828138,0.15211259502462846
1773,ks_toyota_ae86_drift,240,0.7207207207207207,9.3,0.16231562043547265,10,10,0,0,0,0,0,,,,0,0,0,0,0,0,0,0,0.16346731761231184,0.32908497087441413,0.2523968341731274,0.25263196877139044
1774,ks_toyota_ae86_drift,80,0.24024024024024024,9.3,0.16231562043547265,10,10,0,0,0,0,0,,,,0,0,0,0,0,0,0,0,0.0791831901308578,0.256739126937963,0.10892516216029237,0.10900503668696318
1774,ks_toyota_ae86_drift,160,0.4804804804804805,9.3,0.16231562043547265,10,10,0,0,0,0,0,,,,0,0,0,0,0,0,0,0,0.20090278404035838,0.3692991770363187,0.2564407597290246,0.2566535894907792
1774,ks_toyota_ae86_drift,240,0.7207207207207207,9.3,0.16231562043547265,10,10,0,0,0,0,0,,,,0,0,0,0,0,0,0,0,0.3447188736781766,0.5354995841728406,0.4239907962372851,0.42444548406476695
1775,ks_toyota_ae86_drift,80,0.24024024024024024,9.3,0.16231562043547265,10,10,0,0,0,0,0,,,,0,0,0,0,0,0,0,0,0.07920650882357104,0.1331947185916253,0.0336805599266721,0.033714404047618045
1775,ks_toyota_ae86_drift,160,0.4804804804804805,9.3,0.16231562043547265,10,10,0,0,0,0,0,,,,0,0,0,0,0,0,0,0,0.08267391705473016,0.1331947185916253,0.04500580397818669,0.044986517364919994
1775,ks_toyota_ae86_drift,240,0.7207207207207207,9.3,0.16231562043547265,10,10,0,0,0,0,0,,,,0,0,0,0,0,0,0,0,0.08267391705473016,0.14805679667896313,0.05292328722691406,0.05293264872154308
1776,ks_toyota_ae86_drift,80,0.24024024024024024,9.3,0.16231562043547265,10,10,0,0,0,0,0,,,,0,0,0,0,0,0,0,0,0.09617076439096542,0.15049366676856352,0.07614012074209894,0.07614034752572373
1776,ks_toyota_ae86_drift,160,0.4804804804804805,9.3,0.16231562043547265,10,10,0,0,0,0,0,,,,0,0,0,0,0,0,0,0,0.1342254768467022,0.15049366676856352,0.07614012074209894,0.07614034752572373
1776,ks_toyota_ae86_drift,240,0.7207207207207207,9.3,0.16231562043547265,10,10,0,0,0,0,0,,,,0,0,0,0,0,0,0,0,0.14758908880337593,0.15049366676856352,0.07614012074209894,0.07614034752572373
1777,ks_toyota_ae86_drift,80,0.24024024024024024,9.3,0.16231562043547265,10,10,0,0,0,0,0,,,,0,0,0,0,0,0,0,0,0.042683673062514575,0.25049014417763604,0.13320340307043327,0.13317923060407377
1777,ks_toyota_ae86_drift,160,0.4804804804804805,9.3,0.16231562043547265,10,10,0,0,0,0,0,,,,0,0,0,0,0,0,0,0,0.042683673062514575,0.25049014417763604,0.13320340307043327,0.13317923060407377
1777,ks_toyota_ae86_drift,240,0.7207207207207207,9.3,0.16231562043547265,10,10,0,0,0,0,0,,,,0,0,0,0,0,0,0,0,0.042683673062514575,0.25049014417763604,0.13320340307043327,0.13317923060407377
1778,ks_toyota_ae86_drift,80,0.24024024024024024,9.3,0.16231562043547265,10,10,0,0,0,0,0,,,,0,0,0,0,0,0,0,0,0.12139445956273079,0.1756229065606057,0.06464982156743343,0.06478897333155921
1778,ks_toyota_ae86_drift,160,0.4804804804804805,9.3,0.16231562043547265,10,10,0,0,0,0,0,,,,0,0,0,0,0,0,0,0,0.12139445956273079,0.24751954549720942,0.15167123407015604,0.15177197936041373
1778,ks_toyota_ae86_drift,240,0.7207207207207207,9.3,0.16231562043547265,10,10,0,0,0,0,0,,,,0,0,0,0,0,0,0,0,0.15440603114165857,0.31178698319282794,0.20879702863765184,0.20892330709601775
1779,ks_toyota_ae86_drift,80,0.24024024024024024,9.3,0.16231562043547265,10,10,0,0,0,0,0,,,,0,0,0,0,0,0,0,0,0.17033758078284553,0.07654168117042148,0.09119444464218884,0.09168243631198113
1779,ks_toyota_ae86_drift,160,0.4804804804804805,9.3,0.16231562043547265,10,10,0,0,0,0,0,,,,0,0,0,0,0,0,0,0,0.17033758078284553,0.12378078358443044,0.09119444464218884,0.09168243631198113
1779,ks_toyota_ae86_drift,240,0.7207207207207207,9.3,0.16231562043547265,10,10,0,0,0,0,0,,,,0,0,0,0,0,0,0,0,0.17033758078284553,0.1517420305817288,0.09119444464218884,0.09168243631198113
1780,ks_toyota_ae86_drift,80,0.24024024024024024,9.3,0.16231562043547265,10,10,0,0,0,0,0,,,,0,0,0,0,0,0,0,0,0.16773465171904922,0.07856796617745418,0.06491585876962674,0.06477115747680032
1780,ks_toyota_ae86_drift,160,0.4804804804804805,9.3,0.16231562043547265,10,10,0,0,0,0,0,,,,0,0,0,0,0,0,0,0,0.16773465171904922,0.09968274227450152,0.06491585876962674,0.06477115747680032
1780,ks_toyota_ae86_drift,240,0.7207207207207207,9.3,0.16231562043547265,10,10,0,0,0,0,0,,,,0,0,0,0,0,0,0,0,0.16773465171904922,0.12173814347598672,0.06491585876962674,0.06477115747680032
1781,ks_toyota_ae86_drift,80,0.24024024024024024,9.3,0.16231562043547265,10,10,0,0,0,0,0,,,,0,0,0,0,0,0,0,0,0.2018409745558831,0.06212930167082022,0.11110341887635786,0.11116008810212781
1781,ks_toyota_ae86_drift,160,0.4804804804804805,9.3,0.16231562043547265,10,10,0,0,0,0,0,,,,0,0,0,0,0,0,0,0,0.2018409745558831,0.11875599217090924,0.11110341887635786,0.11116008810212781
1781,ks_toyota_ae86_drift,240,0.7207207207207207,9.3,0.16231562043547265,10,10,0,0,0,0,0,,,,0,0,0,0,0,0,0,0,0.2018409745558831,0.1560195566113683,0.11110341887635786,0.11116008810212781
1782,ks_toyota_ae86_drift,80,0.24024024024024024,9.3,0.16231562043547265,10,10,0,0,0,0,0,,,,0,0,0,0,0,0,0,0,0.24939934162284388,0.04340965080114619,0.148563244533749,0.14847702673569083
1782,ks_toyota_ae86_drift,160,0.4804804804804805,9.3,0.16231562043547265,10,10,0,0,0,0,0,,,,0,0,0,0,0,0,0,0,0.24939934162284388,0.10672277299850705,0.148563244533749,0.14847702673569083
1782,ks_toyota_ae86_drift,240,0.7207207207207207,9.3,0.16231562043547265,10,10,0,0,0,0,0,,,,0,0,0,0,0,0,0,0,0.24939934162284388,0.1327320666568495,0.148563244533749,0.14847702673569083
1783,ks_toyota_ae86_drift,80,0.24024024024024024,9.3,0.16231562043547265,10,10,0,0,0,0,0,,,,0,0,0,0,0,0,0,0,0.204366597084054,0.04735941112695771,0.1212161942934361,0.1211999592539441
1783,ks_toyota_ae86_drift,160,0.4804804804804805,9.3,0.16231562043547265,10,10,0,0,0,0,0,,,,0,0,0,0,0,0,0,0,0.204366597084054,0.11175029248563229,0.1212161942934361,0.1211999592539441
1783,ks_toyota_ae86_drift,240,0.7207207207207207,9.3,0.16231562043547265,10,10,0,0,0,0,0,,,,0,0,0,0,0,0,0,0,0.204366597084054,0.15043279537562843,0.1212161942934361,0.1211999592539441
1784,ks_toyota_ae86_drift,80,0.24024024024024024,9.3,0.16231562043547265,10,10,0,0,0,0,0,,,,0,0,0,0,0,0,0,0,0.2427287014029744,0.06225776125404802,0.14878539910454633,0.14869916796627491
1784,ks_toyota_ae86_drift,160,0.4804804804804805,9.3,0.16231562043547265,10,10,0,0,0,0,0,,,,0,0,0,0,0,0,0,0,0.2427287014029744,0.11190471212379142,0.14878539910454633,0.14869916796627491
1784,ks_toyota_ae86_drift,240,0.7207207207207207,9.3,0.16231562043547265,10,10,0,0,0,0,0,,,,0,0,0,0,0,0,0,0,0.2427287014029744,0.14968547663089385,0.14878539910454633,0.14869916796627491
1785,ks_toyota_ae86_drift,80,0.24024024024024024,9.3,0.16231562043547265,10,10,0,0,0,0,0,,,,0,0,0,0,0,0,0,0,0.20993034645198472,0.03572918312074619,0.10650642809056822,0.10634461797428371
1785,ks_toyota_ae86_drift,160,0.4804804804804805,9.3,0.16231562043547265,10,10,0,0,0,0,0,,,,0,0,0,0,0,0,0,0,0.20993034645198472,0.08574760223283506,0.10650642809056822,0.10634461797428371
1785,ks_toyota_ae86_drift,240,0.7207207207207207,9.3,0.16231562043547265,10,10,0,0,0,0,0,,,,0,0,0,0,0,0,0,0,0.20993034645198472,0.08574760223283506,0.10650642809056822,0.10634461797428371
1786,ks_toyota_ae86_drift,80,0.24024024024024024,9.3,0.16231562043547265,10,10,0,0,0,0,0,,,,0,0,0,0,0,0,0,0,0.2097571237832882,0.024497562353155033,0.10882666469596271,0.10882342969425621
1786,ks_toyota_ae86_drift,160,0.4804804804804805,9.3,0.16231562043547265,10,10,0,0,0,0,0,,,,0,0,0,0,0,0,0,0,0.2097571237832882,0.04280981144864164,0.10882666469596271,0.10882342969425621
1786,ks_toyota_ae86_drift,240,0.7207207207207207,9.3,0.16231562043547265,10,10,0,0,0,0,0,,,,0,0,0,0,0,0,0,0,0.2097571237832882,0.04750676045210883,0.10882666469596271,0.10882342969425621
1787,ks_toyota_ae86_drift,80,0.24024024024024024,9.3,0.16231562043547265,10,10,0,0,0,0,0,,,,0,0,0,0,0,0,0,0,0.16636331782039726,0.072116065433797,0.062352923665072016,0.06236884520955329
1787,ks_toyota_ae86_drift,160,0.4804804804804805,9.3,0.16231562043547265,10,10,0,0,0,0,0,,,,0,0,0,0,0,0,0,0,0.16636331782039726,0.08920453172650777,0.062352923665072016,0.06236884520955329
1787,ks_toyota_ae86_drift,240,0.7207207207207207,9.3,0.16231562043547265,10,10,0,0,0,0,0,,,,0,0,0,0,0,0,0,0,0.16636331782039726,0.11740421502484173,0.062352923665072016,0.06236884520955329
1788,ks_toyota_ae86_drift,80,0.24024024024024024,9.3,0.16231562043547265,10,10,0,0,0,0,0,,,,0,0,0,0,0,0,0,0,0.23222621833702198,0.05311128084670139,0.1553682340409841,0.15513991629167792
1788,ks_toyota_ae86_drift,160,0.4804804804804805,9.3,0.16231562043547265,10,10,0,0,0,0,0,,,,0,0,0,0,0,0,0,0,0.23222621833702198,0.12639299743662974,0.1553682340409841,0.15513991629167792
1788,ks_toyota_ae86_drift,240,0.7207207207207207,9.3,0.16231562043547265,10,10,0,0,0,0,0,,,,0,0,0,0,0,0,0,0,0.23222621833702198,0.20960509871340252,0.1553682340409841,0.15513991629167792
1789,ks_toyota_ae86_drift,80,0.24024024024024024,9.3,0.16231562043547265,10,10,0,0,0,0,0,,,,0,0,0,0,0,0,0,0,0.2764512930064579,0.08742045163074606,0.17620928897302188,0.17652558542853164
1789,ks_toyota_ae86_drift,160,0.4804804804804805,9.3,0.16231562043547265,10,10,0,0,0,0,0,,,,0,0,0,0,0,0,0,0,0.2764512930064579,0.10823805446793834,0.17620928897302188,0.17652558542853164
1789,ks_toyota_ae86_drift,240,0.7207207207207207,9.3,0.16231562043547265,10,10,0,0,0,0,0,,,,0,0,0,0,0,0,0,0,0.2764512930064579,0.18017965659320911,0.17620928897302188,0.17652558542853164
1790,ks_toyota_ae86_drift,80,0.24024024024024024,9.3,0.16231562043547265,10,10,0,0,0,0,0,,,,0,0,0,0,0,0,0,0,0.23767911053307222,0.06953671519687177,0.18030556152560479,0.18000147136519376
1790,ks_toyota_ae86_drift,160,0.4804804804804805,9.3,0.16231562043547265,10,10,0,0,0,0,0,,,,0,0,0,0,0,0,0,0,0.23767911053307222,0.21408738367579697,0.18030556152560479,0.18000147136519376
1790,ks_toyota_ae86_drift,240,0.7207207207207207,9.3,0.16231562043547265,10,10,0,0,0,0,0,,,,0,0,0,0,0,0,0,0,0.23767911053307222,0.24315756257765714,0.18030556152560479,0.18000147136519376
1791,ks_toyota_ae86_drift,80,0.24024024024024024,9.3,0.16231562043547265,10,10,0,0,0,0,0,,,,0,0,0,0,0,0,0,0,0.29477050069066674,0.09478548996949578,0.22204470080120725,0.22160839578754624
1791,ks_toyota_ae86_drift,160,0.4804804804804805,9.3,0.16231562043547265,10,10,0,0,0,0,0,,,,0,0,0,0,0,0,0,0,0.29477050069066674,0.23227877877711933,0.22204470080120725,0.22160839578754624
1791,ks_toyota_ae86_drift,240,0.7207207207207207,9.3,0.16231562043547265,10,10,0,0,0,0,0,,,,0,0,0,0,0,0,0,0,0.29477050069066674,0.34110508995743166,0.25131779768639767,0.25147884074042187
1792,ks_toyota_ae86_drift,80,0.24024024024024024,9.3,0.16231562043547265,10,10,0,0,0,0,0,,,,0,0,0,0,0,0,0,0,0.23502739630952055,0.20264233450438277,0.20124732172726056,0.20118721072647916
1792,ks_toyota_ae86_drift,160,0.4804804804804805,9.3,0.16231562043547265,10,10,0,0,0,0,0,,,,0,0,0,0,0,0,0,0,0.23502739630952055,0.3749857364071774,0.2561366028675474,0.25650313856605383
1792,ks_toyota_ae86_drift,240,0.7207207207207207,9.3,0.16231562043547265,10,10,0,0,0,0,0,,,,0,0,0,0,0,0,0,0,0.3740077653758227,0.5597301605011368,0.4401412320970298,0.44059063720007546
1793,ks_toyota_ae86_drift,80,0.24024024024024024,9.3,0.16231562043547265,10,10,0,0,0,0,0,,,,0,0,0,0,0,0,0,0,0.2521086055262382,0.11136662128324136,0.19860139715624753,0.19841400718110855
1793,ks_toyota_ae86_drift,160,0.4804804804804805,9.3,0.16231562043547265,10,10,0,0,0,0,0,,,,0,0,0,0,0,0,0,0,0.2521086055262382,0.265360133011415,0.19860139715624753,0.19841400718110855
1793,ks_toyota_ae86_drift,240,0.7207207207207207,9.3,0.16231562043547265,10,10,0,0,0,0,0,,,,0,0,0,0,0,0,0,0,0.2521086055262382,0.4065948113493651,0.3000372168709813,0.3002014615761789
1794,ks_toyota_ae86_drift,80,0.24024024024024024,9.3,0.16231562043547265,10,10,0,0,0,0,0,,,,0,0,0,0,0,0,0,0,0.1655224975211849,0.18072637855171428,0.09705614767244816,0.09745796156482193
1794,ks_toyota_ae86_drift,160,0.4804804804804805,9.3,0.16231562043547265,10,10,0,0,0,0,0,,,,0,0,0,0,0,0,0,0,0.1655224975211849,0.3416345897006663,0.21933220856621305,0.21955571049854586
1794,ks_toyota_ae86_drift,240,0.7207207207207207,9.3,0.16231562043547265,10,10,0,0,0,0,0,,,,0,0,0,0,0,0,0,0,0.290691730497832,0.4798107039921994,0.3760305952676307,0.37631444832458294
1795,ks_toyota_ae86_drift,80,0.24024024024024024,9.3,0.16231562043547265,10,10,0,0,0,0,0,,,,0,0,0,0,0,0,0,0,0.14555170473894197,0.22389111971335857,0.1065107703299722,0.10645382095972457
1795,ks_toyota_ae86_drift,160,0.4804804804804805,9.3,0.16231562043547265,10,10,0,0,0,0,0,,,,0,0,0,0,0,0,0,0,0.28127567439673473,0.450673597240601,0.30911256392637126,0.3094257387719869
1795,ks_toyota_ae86_drift,240,0.7207207207207207,9.3,0.16231562043547265,10,10,0,0,0,0,0,,,,0,0,0,0,0,0,0,0,0.4586103837778616,0.6389324471472229,0.5330465857654539,0.5337473738464679
1796,ks_toyota_ae86_drift,80,0.24024024024024024,9.3,0.16231562043547265,10,10,0,0,0,0,0,,,,0,0,0,0,0,0,0,0,0.09060205246371585,0.15178377210890256,0.036478833067741454,0.036485339756740814
1796,ks_toyota_ae86_drift,160,0.4804804804804805,9.3,0.16231562043547265,10,10,0,0,0,0,0,,,,0,0,0,0,0,0,0,0,0.09060205246371585,0.22153615853294542,0.11515180006347135,0.11522673204114316
1796,ks_toyota_ae86_drift,240,0.7207207207207207,9.3,0.16231562043547265,10,10,0,0,0,0,0,,,,0,0,0,0,0,0,0,0,0.09060205246371585,0.2956758476012372,0.18291355987042573,0.18295350046881445
1797,ks_toyota_ae86_drift,80,0.24024024024024024,9.3,0.16231562043547265,10,10,0,0,0,0,0,,,,0,0,0,0,0,0,0,0,0.04624515647732005,0.2307840612463708,0.09500515659052705,0.0951497578317543
1797,ks_toyota_ae86_drift,160,0.4804804804804805,9.3,0.16231562043547265,10,10,0,0,0,0,0,,,,0,0,0,0,0,0,0,0,0.09369661507551426,0.2635188901019941,0.14862950537282607,0.14872511468099303
1797,ks_toyota_ae86_drift,240,0.7207207207207207,9.3,0.16231562043547265,10,10,0,0,0,0,0,,,,0,0,0,0,0,0,0,0,0.16826688620599453,0.3450606499409417,0.24765107999958505,0.2478456069887982
1798,ks_toyota_ae86_drift,80,0.24024024024024024,9.3,0.16231562043547265,10,10,0,0,0,0,0,,,,0,0,0,0,0,0,0,0,0.05763515725887083,0.22261486151434465,0.08507630269314992,0.08513802118962466
1798,ks_toyota_ae86_drift,160,0.4804804804804805,9.3,0.16231562043547265,10,10,0,0,0,0,0,,,,0,0,0,0,0,0,0,0,0.12431120380237747,0.3332539209086342,0.18761729237231667,0.18771608999144385
1798,ks_toyota_ae86_drift,240,0.7207207207207207,9.3,0.16231562043547265,10,10,0,0,0,0,0,,,,0,0,0,0,0,0,0,0,0.23895109986385488,0.424684754129129,0.3251832253110443,0.3254248165725071
1799,ks_toyota_ae86_drift,80,0.24024024024024024,9.3,0.16231562043547265,10,10,0,0,0,0,0,,,,0,0,0,0,0,0,0,0,0.16764806039502078,0.32319737449028957,0.15384298076216887,0.1538687140334754
1799,ks_toyota_ae86_drift,160,0.4804804804804805,9.3,0.16231562043547265,10,10,0,0,0,0,0,,,,0,0,0,0,0,0,0,0,0.377486359375769,0.5462654030478087,0.40070182551909855,0.40125939307095376
1799,ks_toyota_ae86_drift,240,0.7207207207207207,9.3,0.16231562043547265,10,10,0,0,0,0,0,,,,0,0,0,0,0,0,0,0,0.5850119456313804,0.7571620611847916,0.6382372619557625,0.6388993100575777
1800,ks_toyota_ae86_drift,80,0.24024024024024024,9.3,0.16231562043547265,10,10,0,0,0,0,0,,,,0,0,0,0,0,0,0,0,0.15011971391150533,0.14429114797089115,0.0996863774826047,0.09979666769542322
1800,ks_toyota_ae86_drift,160,0.4804804804804805,9.3,0.16231562043547265,10,10,0,0,0,0,0,,,,0,0,0,0,0,0,0,0,0.15011971391150533,0.2324647413494435,0.12300446321614973,0.1229849198037785
1800,ks_toyota_ae86_drift,240,0.7207207207207207,9.3,0.16231562043547265,10,10,0,0,0,0,0,,,,0,0,0,0,0,0,0,0,0.15417795351619037,0.3442481509144011,0.24532964277500052,0.24548017374100528
1801,ks_toyota_ae86_drift,80,0.24024024024024024,9.3,0.16231562043547265,10,10,0,0,0,0,0,,,,0,0,0,0,0,0,0,0,0.07791396222421224,0.2672362205577735,0.15891439622090334,0.15973601995328826
1801,ks_toyota_ae86_drift,160,0.4804804804804805,9.3,0.16231562043547265,10,10,0,0,0,0,0,,,,0,0,0,0,0,0,0,0,0.07791396222421224,0.2672362205577735,0.15891439622090334,0.15973601995328826
1801,ks_toyota_ae86_drift,240,0.7207207207207207,9.3,0.16231562043547265,10,10,0,0,0,0,0,,,,0,0,0,0,0,0,0,0,0.07791396222421224,0.2672362205577735,0.15891439622090334,0.15973601995328826
1802,ks_toyota_ae86_drift,80,0.24024024024024024,9.3,0.16231562043547265,10,10,0,0,0,0,0,,,,0,0,0,0,0,0,0,0,0.04583205676455989,0.25167299420366473,0.15447561369382806,0.1544948102606555
1802,ks_toyota_ae86_drift,160,0.4804804804804805,9.3,0.16231562043547265,10,10,0,0,0,0,0,,,,0,0,0,0,0,0,0,0,0.08150231282844819,0.25167299420366473,0.15447561369382806,0.1544948102606555
1802,ks_toyota_ae86_drift,240,0.7207207207207207,9.3,0.16231562043547265,10,10,0,0,0,0,0,,,,0,0,0,0,0,0,0,0,0.14191437554185893,0.25167299420366473,0.15447561369382806,0.1544948102606555
1803,ks_toyota_ae86_drift,80,0.24024024024024024,9.3,0.16231562043547265,10,10,0,0,0,0,0,,,,0,0,0,0,0,0,0,0,0.04007174268984625,0.21856760090514185,0.1170154145104667,0.11702303177221685
1803,ks_toyota_ae86_drift,160,0.4804804804804805,9.3,0.16231562043547265,10,10,0,0,0,0,0,,,,0,0,0,0,0,0,0,0,0.04048150067919412,0.21856760090514185,0.1170154145104667,0.11702303177221685
1803,ks_toyota_ae86_drift,240,0.7207207207207207,9.3,0.16231562043547265,10,10,0,0,0,0,0,,,,0,0,0,0,0,0,0,0,0.06999760622350218,0.21856760090514185,0.1170154145104667,0.11702303177221685
1804,ks_toyota_ae86_drift,80,0.24024024024024024,9.3,0.16231562043547265,10,10,0,0,0,0,0,,,,0,0,0,0,0,0,0,0,0.21311490881228995,0.05354013535127754,0.0862762015116772,0.08620899351746134
1804,ks_toyota_ae86_drift,160,0.4804804804804805,9.3,0.16231562043547265,10,10,0,0,0,0,0,,,,0,0,0,0,0,0,0,0,0.3342243680597314,0.16877923043502482,0.2109478578753315,0.2108360935689519
1804,ks_toyota_ae86_drift,240,0.7207207207207207,9.3,0.16231562043547265,10,10,0,0,0,0,0,,,,0,0,0,0,0,0,0,0,0.4285262819700116,0.24318010753800348,0.32859004896385263,0.32834562957718666
1805,ks_toyota_ae86_drift,80,0.24024024024024024,9.3,0.16231562043547265,10,10,0,0,0,0,0,,,,0,0,0,0,0,0,0,0,0.23861479308851108,0.0910804925408407,0.10171395649032001,0.10177536149178401
1805,ks_toyota_ae86_drift,160,0.4804804804804805,9.3,0.16231562043547265,10,10,0,0,0,0,0,,,,0,0,0,0,0,0,0,0,0.4283885042478477,0.2530347364890096,0.29753475295296494,0.29719433739194856
1805,ks_toyota_ae86_drift,240,0.7207207207207207,9.3,0.16231562043547265,10,10,0,0,0,0,0,,,,0,0,0,0,0,0,0,0,0.5899610046544363,0.4018069287824655,0.484113936612719,0.4836836346950082
1806,ks_toyota_ae86_drift,80,0.24024024024024024,9.3,0.16231562043547265,10,10,0,0,0,0,0,,,,0,0,0,0,0,0,0,0,0.26482495033734743,0.11518724501000402,0.10884701519123391,0.10875694207155436
1806,ks_toyota_ae86_drift,160,0.4804804804804805,9.3,0.16231562043547265,10,10,0,0,0,0,0,,,,0,0,0,0,0,0,0,0,0.41753250553149424,0.228329195209133,0.2785305253197714,0.27830811728492283
1806,ks_toyota_ae86_drift,240,0.7207207207207207,9.3,0.16231562043547265,10,10,0,0,0,0,0,,,,0,0,0,0,0,0,0,0,0.571161015685682,0.39325107631039313,0.4714936146563866,0.4710950624461458
1807,ks_toyota_ae86_drift,80,0.24024024024024024,9.3,0.16231562043547265,10,10,0,0,0,0,0,,,,0,0,0,0,0,0,0,0,0.3329631843016591,0.1287209180048405,0.17875350775842516,0.17902060550756968
1807,ks_toyota_ae86_drift,160,0.4804804804804805,9.3,0.16231562043547265,10,10,0,0,0,0,0,,,,0,0,0,0,0,0,0,0,0.3573146229617528,0.18469301091219917,0.24514813583389272,0.24505528794986287
1807,ks_toyota_ae86_drift,240,0.7207207207207207,9.3,0.16231562043547265,10,10,0,0,0,0,0,,,,0,0,0,0,0,0,0,0,0.4846956232700808,0.2892429833418488,0.38469346293017537,0.3844899713176766
1808,ks_toyota_ae86_drift,80,0.24024024024024024,9.3,0.16231562043547265,10,10,0,0,0,0,0,,,,0,0,0,0,0,0,0,0,0.39384487588136113,0.2039458334187974,0.2517023693531811,0.24838097642585083
1808,ks_toyota_ae86_drift,160,0.4804804804804805,9.3,0.16231562043547265,10,10,0,0,0,0,0,,,,0,0,0,0,0,0,0,0,0.39384487588136113,0.2039458334187974,0.2558620612794246,0.2556746846444989
1808,ks_toyota_ae86_drift,240,0.7207207207207207,9.3,0.16231562043547265,10,10,0,0,0,0,0,,,,0,0,0,0,0,0,0,0,0.4367643172022667,0.26912255338788704,0.35343035307770476,0.3530807861304176
1809,ks_toyota_ae86_drift,80,0.24024024024024024,9.3,0.16231562043547265,10,10,0,0,0,0,0,,,,0,0,0,0,0,0,0,0,0.4050016163646067,0.24475854824693755,0.32285847971358056,0.3229458314297627
1809,ks_toyota_ae86_drift,160,0.4804804804804805,9.3,0.16231562043547265,10,10,0,0,0,0,0,,,,0,0,0,0,0,0,0,0,0.4050016163646067,0.24475854824693755,0.32285847971358056,0.3229458314297627
1809,ks_toyota_ae86_drift,240,0.7207207207207207,9.3,0.16231562043547265,10,10,0,0,0,0,0,,,,0,0,0,0,0,0,0,0,0.4050016163646067,0.24475854824693755,0.32285847971358056,0.3229458314297627
1810,ks_toyota_ae86_drift,80,0.24024024024024024,9.3,0.16231562043547265,10,10,0,0,0,0,0,,,,0,0,0,0,0,0,0,0,0.6090942855103462,0.44545405205424193,0.5427515375241015,0.5427180802693391
1810,ks_toyota_ae86_drift,160,0.4804804804804805,9.3,0.16231562043547265,10,10,0,0,0,0,0,,,,0,0,0,0,0,0,0,0,0.6090942855103462,0.44545405205424193,0.5427515375241015,0.5427180802693391
1810,ks_toyota_ae86_drift,240,0.7207207207207207,9.3,0.16231562043547265,10,10,0,0,0,0,0,,,,0,0,0,0,0,0,0,0,0.6090942855103462,0.44545405205424193,0.5427515375241015,0.5427180802693391
1811,ks_toyota_ae86_drift,80,0.24024024024024024,9.3,0.16231562043547265,10,10,0,0,0,0,0,,,,0,0,0,0,0,0,0,0,0.4933635602136501,0.299084618925176,0.39604411675282586,0.396046758115044
1811,ks_toyota_ae86_drift,160,0.4804804804804805,9.3,0.16231562043547265,10,10,0,0,0,0,0,,,,0,0,0,0,0,0,0,0,0.4933635602136501,0.299084618925176,0.39604411675282586,0.396046758115044
1811,ks_toyota_ae86_drift,240,0.7207207207207207,9.3,0.16231562043547265,10,10,0,0,0,0,0,,,,0,0,0,0,0,0,0,0,0.4933635602136501,0.299084618925176,0.39604411675282586,0.396046758115044
1812,ks_toyota_ae86_drift,80,0.24024024024024024,9.3,0.16231562043547265,10,10,0,0,0,0,0,,,,0,0,0,0,0,0,0,0,0.5085378393110384,0.3345699329430517,0.41916019830764645,0.41919152112829333
1812,ks_toyota_ae86_drift,160,0.4804804804804805,9.3,0.16231562043547265,10,10,0,0,0,0,0,,,,0,0,0,0,0,0,0,0,0.5085378393110384,0.3345699329430517,0.41916019830764645,0.41919152112829333
1812,ks_toyota_ae86_drift,240,0.7207207207207207,9.3,0.16231562043547265,10,10,0,0,0,0,0,,,,0,0,0,0,0,0,0,0,0.5085378393110384,0.3345699329430517,0.41916019830764645,0.41919152112829333
1813,ks_toyota_ae86_drift,80,0.24024024024024024,9.3,0.16231562043547265,10,10,0,0,0,0,0,,,,0,0,0,0,0,0,0,0,0.5358831419834191,0.34146639629235476,0.4756520792830137,0.475366758802607
1813,ks_toyota_ae86_drift,160,0.4804804804804805,9.3,0.16231562043547265,10,10,0,0,0,0,0,,,,0,0,0,0,0,0,0,0,0.5358831419834191,0.34146639629235476,0.4756520792830137,0.475366758802607
1813,ks_toyota_ae86_drift,240,0.7207207207207207,9.3,0.16231562043547265,10,10,0,0,0,0,0,,,,0,0,0,0,0,0,0,0,0.5358831419834191,0.34146639629235476,0.4756520792830137,0.475366758802607
1814,ks_toyota_ae86_drift,80,0.24024024024024024,9.3,0.16231562043547265,10,10,0,0,0,0,0,,,,0,0,0,0,0,0,0,0,0.41045666967519906,0.20813309956577222,0.32724250066537675,0.32722046263313287
1814,ks_toyota_ae86_drift,160,0.4804804804804805,9.3,0.16231562043547265,10,10,0,0,0,0,0,,,,0,0,0,0,0,0,0,0,0.41045666967519906,0.20813309956577222,0.32724250066537675,0.32722046263313287
1814,ks_toyota_ae86_drift,240,0.7207207207207207,9.3,0.16231562043547265,10,10,0,0,0,0,0,,,,0,0,0,0,0,0,0,0,0.41045666967519906,0.2083317086602315,0.32724250066537675,0.32722046263313287
1815,ks_toyota_ae86_drift,80,0.24024024024024024,9.3,0.16231562043547265,10,10,0,0,0,0,0,,,,0,0,0,0,0,0,0,0,0.33243934080883086,0.15793268992984622,0.2851603711676059,0.28516616082014457
1815,ks_toyota_ae86_drift,160,0.4804804804804805,9.3,0.16231562043547265,10,10,0,0,0,0,0,,,,0,0,0,0,0,0,0,0,0.33243934080883086,0.15793268992984622,0.2851603711676059,0.28516616082014457
1815,ks_toyota_ae86_drift,240,0.7207207207207207,9.3,0.16231562043547265,10,10,0,0,0,0,0,,,,0,0,0,0,0,0,0,0,0.33243934080883086,0.22005775608296824,0.2851603711676059,0.28516616082014457
1816,ks_toyota_ae86_drift,80,0.24024024024024024,9.3,0.16231562043547265,10,10,0,0,0,0,0,,,,0,0,0,0,0,0,0,0,0.2781654036838666,0.09435719575387498,0.19360365969514193,0.19359154678153576
1816,ks_toyota_ae86_drift,160,0.4804804804804805,9.3,0.16231562043547265,10,10,0,0,0,0,0,,,,0,0,0,0,0,0,0,0,0.2781654036838666,0.11730677810746327,0.19360365969514193,0.19359154678153576
1816,ks_toyota_ae86_drift,240,0.7207207207207207,9.3,0.16231562043547265,10,10,0,0,0,0,0,,,,0,0,0,0,0,0,0,0,0.2781654036838666,0.20961675805975916,0.19360365969514193,0.19359154678153576
1817,ks_toyota_ae86_drift,80,0.24024024024024024,9.3,0.16231562043547265,10,10,0,0,0,0,0,,,,0,0,0,0,0,0,0,0,0.2478065468444822,0.07270378853764206,0.17052139558084087,0.17053526940259245
1817,ks_toyota_ae86_drift,160,0.4804804804804805,9.3,0.16231562043547265,10,10,0,0,0,0,0,,,,0,0,0,0,0,0,0,0,0.2478065468444822,0.15841980781567241,0.17052139558084087,0.17053526940259245
1817,ks_toyota_ae86_drift,240,0.7207207207207207,9.3,0.16231562043547265,10,10,0,0,0,0,0,,,,0,0,0,0,0,0,0,0,0.2478065468444822,0.22087008168673697,0.17052139558084087,0.17053526940259245
1818,ks_toyota_ae86_drift,80,0.24024024024024024,9.3,0.16231562043547265,10,10,0,0,0,0,0,,,,0,0,0,0,0,0,0,0,0.22778667541779302,0.055865051036459876,0.13641890138520188,0.13642100913889108
1818,ks_toyota_ae86_drift,160,0.4804804804804805,9.3,0.16231562043547265,10,10,0,0,0,0,0,,,,0,0,0,0,0,0,0,0,0.22778667541779302,0.15123528924225205,0.13641890138520188,0.13642100913889108
1818,ks_toyota_ae86_drift,240,0.7207207207207207,9.3,0.16231562043547265,10,10,0,0,0,0,0,,,,0,0,0,0,0,0,0,0,0.22778667541779302,0.1832403283933153,0.13641890138520188,0.13642100913889108
1819,ks_toyota_ae86_drift,80,0.24024024024024024,9.3,0.16231562043547265,10,10,0,0,0,0,0,,,,0,0,0,0,0,0,0,0,0.15071148577006346,0.1087881981911351,0.08064982651277258,0.0806557162169104
1819,ks_toyota_ae86_drift,160,0.4804804804804805,9.3,0.16231562043547265,10,10,0,0,0,0,0,,,,0,0,0,0,0,0,0,0,0.15071148577006346,0.1915968780798408,0.08978191616510525,0.08964121026613901
1819,ks_toyota_ae86_drift,240,0.7207207207207207,9.3,0.16231562043547265,10,10,0,0,0,0,0,,,,0,0,0,0,0,0,0,0,0.15071148577006346,0.27712462692865947,0.17495876404531452,0.17495453519772292
1820,ks_toyota_ae86_drift,80,0.24024024024024024,9.3,0.16231562043547265,10,10,0,0,0,0,0,,,,0,0,0,0,0,0,0,0,0.2156321003257041,0.07524948808671307,0.15830771000396224,0.15833213593437295
1820,ks_toyota_ae86_drift,160,0.4804804804804805,9.3,0.16231562043547265,10,10,0,0,0,0,0,,,,0,0,0,0,0,0,0,0,0.2156321003257041,0.17148278472715983,0.15830771000396224,0.15833213593437295
1820,ks_toyota_ae86_drift,240,0.7207207207207207,9.3,0.16231562043547265,10,10,0,0,0,0,0,,,,0,0,0,0,0,0,0,0,0.2156321003257041,0.264489443974797,0.16101744081481933,0.16098931964534594
1821,ks_toyota_ae86_drift,80,0.24024024024024024,9.3,0.16231562043547265,10,10,0,0,0,0,0,,,,0,0,0,0,0,0,0,0,0.10896986521480158,0.1264035628855021,0.0352099019808401,0.03516749010795189
1821,ks_toyota_ae86_drift,160,0.4804804804804805,9.3,0.16231562043547265,10,10,0,0,0,0,0,,,,0,0,0,0,0,0,0,0,0.10896986521480158,0.19437376352406088,0.0812710535621264,0.08132076586670071
1821,ks_toyota_ae86_drift,240,0.7207207207207207,9.3,0.16231562043547265,10,10,0,0,0,0,0,,,,0,0,0,0,0,0,0,0,0.10896986521480158,0.19437376352406088,0.09995092058091708,0.09998223006135072
1822,ks_toyota_ae86_drift,80,0.24024024024024024,9.3,0.16231562043547265,10,10,0,0,0,0,0,,,,0,0,0,0,0,0,0,0,0.21671924766207326,0.03627167289660643,0.14016623398051914,0.14025061082915258
1822,ks_toyota_ae86_drift,160,0.4804804804804805,9.3,0.16231562043547265,10,10,0,0,0,0,0,,,,0,0,0,0,0,0,0,0,0.21671924766207326,0.08988013348495724,0.14016623398051914,0.14025061082915258
1822,ks_toyota_ae86_drift,240,0.7207207207207207,9.3,0.16231562043547265,10,10,0,0,0,0,0,,,,0,0,0,0,0,0,0,0,0.21671924766207326,0.09454846106095517,0.14016623398051914,0.14025061082915258
1823,ks_toyota_ae86_drift,80,0.24024024024024024,9.3,0.16231562043547265,10,10,0,0,0,0,0,,,,0,0,0,0,0,0,0,0,0.12344062148746529,0.13005107066527405,0.040993531413213685,0.04093802945610072
1823,ks_toyota_ae86_drift,160,0.4804804804804805,9.3,0.16231562043547265,10,10,0,0,0,0,0,,,,0,0,0,0,0,0,0,0,0.12344062148746529,0.13005107066527405,0.0494046825924596,0.04953986564315164
1823,ks_toyota_ae86_drift,240,0.7207207207207207,9.3,0.16231562043547265,10,10,0,0,0,0,0,,,,0,0,0,0,0,0,0,0,0.14590658109109172,0.13005107066527405,0.064480887777288,0.0644607107047887
1824,ks_toyota_ae86_drift,80,0.24024024024024024,9.3,0.16231562043547265,10,10,0,0,0,0,0,,,,0,0,0,0,0,0,0,0,0.3195833239652801,0.14956509454677236,0.24008453774010677,0.2401040944926912
1824,ks_toyota_ae86_drift,160,0.4804804804804805,9.3,0.16231562043547265,10,10,0,0,0,0,0,,,,0,0,0,0,0,0,0,0,0.3195833239652801,0.14956509454677236,0.24008453774010677,0.2401040944926912
1824,ks_toyota_ae86_drift,240,0.7207207207207207,9.3,0.16231562043547265,10,10,0,0,0,0,0,,,,0,0,0,0,0,0,0,0,0.3195833239652801,0.14956509454677236,0.24008453774010677,0.2401040944926912
1825,ks_toyota_ae86_drift,80,0.24024024024024024,9.3,0.16231562043547265,10,10,0,0,0,0,0,,,,0,0,0,0,0,0,0,0,0.1326375512461668,0.09776447297393287,0.054553451277565786,0.054498729722926346
1825,ks_toyota_ae86_drift,160,0.4804804804804805,9.3,0.16231562043547265,10,10,0,0,0,0,0,,,,0,0,0,0,0,0,0,0,0.1326375512461668,0.140146637207295,0.054553451277565786,0.054498729722926346
1825,ks_toyota_ae86_drift,240,0.7207207207207207,9.3,0.16231562043547265,10,10,0,0,0,0,0,,,,0,0,0,0,0,0,0,0,0.1326375512461668,0.1539170589661944,0.09041993854290642,0.09042641521642603
1826,ks_toyota_ae86_drift,80,0.24024024024024024,9.3,0.16231562043547265,10,10,0,0,0,0,0,,,,0,0,0,0,0,0,0,0,0.18316950520131609,0.10225173383585935,0.11922500738739227,0.11923633322841833
1826,ks_toyota_ae86_drift,160,0.4804804804804805,9.3,0.16231562043547265,10,10,0,0,0,0,0,,,,0,0,0,0,0,0,0,0,0.18316950520131609,0.15424793627475658,0.11922500738739227,0.11923633322841833
1826,ks_toyota_ae86_drift,240,0.7207207207207207,9.3,0.16231562043547265,10,10,0,0,0,0,0,,,,0,0,0,0,0,0,0,0,0.18316950520131609,0.21454255175095482,0.1277981487758012,0.12773188793672413
1827,ks_toyota_ae86_drift,80,0.24024024024024024,9.3,0.16231562043547265,10,10,0,0,0,0,0,,,,0,0,0,0,0,0,0,0,0.30505295027972423,0.10896713047109093,0.23075145776525458,0.23066303883201464
1827,ks_toyota_ae86_drift,160,0.4804804804804805,9.3,0.16231562043547265,10,10,0,0,0,0,0,,,,0,0,0,0,0,0,0,0,0.30505295027972423,0.17062284790239934,0.23075145776525458,0.23066303883201464
1827,ks_toyota_ae86_drift,240,0.7207207207207207,9.3,0.16231562043547265,10,10,0,0,0,0,0,,,,0,0,0,0,0,0,0,0,0.30505295027972423,0.2638745135060843,0.23075145776525458,0.23066303883201464
1828,ks_toyota_ae86_drift,80,0.24024024024024024,9.3,0.16231562043547265,10,10,0,0,0,0,0,,,,0,0,0,0,0,0,0,0,0.3146661747322527,0.14202167087680898,0.2653905753779891,0.26529185780014125
1828,ks_toyota_ae86_drift,160,0.4804804804804805,9.3,0.16231562043547265,10,10,0,0,0,0,0,,,,0,0,0,0,0,0,0,0,0.3146661747322527,0.2365710457423699,0.2653905753779891,0.26529185780014125
1828,ks_toyota_ae86_drift,240,0.7207207207207207,9.3,0.16231562043547265,10,10,0,0,0,0,0,,,,0,0,0,0,0,0,0,0,0.3146661747322527,0.42585397045724405,0.33308273929256077,0.3333261448230218
1829,ks_toyota_ae86_drift,80,0.24024024024024024,9.3,0.16231562043547265,10,10,0,0,0,0,0,,,,0,0,0,0,0,0,0,0,0.17146937781287103,0.14555474630755674,0.14457744228686312,0.14454764025052363
1829,ks_toyota_ae86_drift,160,0.4804804804804805,9.3,0.16231562043547265,10,10,0,0,0,0,0,,,,0,0,0,0,0,0,0,0,0.17146937781287103,0.3023633231701937,0.1893321634418791,0.18956833857677344
1829,ks_toyota_ae86_drift,240,0.7207207207207207,9.3,0.16231562043547265,10,10,0,0,0,0,0,,,,0,0,0,0,0,0,0,0,0.22408460616594034,0.4178166253927109,0.3154685085163177,0.31555967553348147
1830,ks_toyota_ae86_drift,80,0.24024024024024024,9.3,0.16231562043547265,10,10,0,0,0,0,0,,,,0,0,0,0,0,0,0,0,0.15027531415853468,0.0999980982449791,0.0930978929658671,0.09315823075027328
1830,ks_toyota_ae86_drift,160,0.4804804804804805,9.3,0.16231562043547265,10,10,0,0,0,0,0,,,,0,0,0,0,0,0,0,0,0.15027531415853468,0.23509513791226533,0.12473234099360428,0.12470181858575079
1830,ks_toyota_ae86_drift,240,0.7207207207207207,9.3,0.16231562043547265,10,10,0,0,0,0,0,,,,0,0,0,0,0,0,0,0,0.15027531415853468,0.2676275423724476,0.19382950950500194,0.19386016531498765
1831,ks_toyota_ae86_drift,80,0.24024024024024024,9.3,0.16231562043547265,10,10,0,0,0,0,0,,,,0,0,0,0,0,0,0,0,0.09747242902606193,0.12523504024847457,0.038182798512994345,0.03818343550817573
1831,ks_toyota_ae86_drift,160,0.4804804804804805,9.3,0.16231562043547265,10,10,0,0,0,0,0,,,,0,0,0,0,0,0,0,0,0.09747242902606193,0.1516579738982127,0.06526221072552722,0.06523317575144805
1831,ks_toyota_ae86_drift,240,0.7207207207207207,9.3,0.16231562043547265,10,10,0,0,0,0,0,,,,0,0,0,0,0,0,0,0,0.09747242902606193,0.17716238050671632,0.10811136246296255,0.10816534363576812
1832,ks_toyota_ae86_drift,80,0.24024024024024024,9.3,0.16231562043547265,10,10,0,0,0,0,0,,,,0,0,0,0,0,0,0,0,0.12795340217728676,0.11665556225878487,0.03565786967591104,0.03566210519360924
1832,ks_toyota_ae86_drift,160,0.4804804804804805,9.3,0.16231562043547265,10,10,0,0,0,0,0,,,,0,0,0,0,0,0,0,0,0.14705737458474633,0.11665556225878487,0.06679679548349172,0.06674986461337434
1832,ks_toyota_ae86_drift,240,0.7207207207207207,9.3,0.16231562043547265,10,10,0,0,0,0,0,,,,0,0,0,0,0,0,0,0,0.1936089824402178,0.11665556225878487,0.09156247444457617,0.09151088116993746
1833,ks_toyota_ae86_drift,80,0.24024024024024024,9.3,0.16231562043547265,10,10,0,0,0,0,0,,,,0,0,0,0,0,0,0,0,0.15522885549323354,0.08276961307428306,0.05336365767055468,0.05348443662601954
1833,ks_toyota_ae86_drift,160,0.4804804804804805,9.3,0.16231562043547265,10,10,0,0,0,0,0,,,,0,0,0,0,0,0,0,0,0.15890017555360794,0.08276961307428306,0.0742982108220169,0.07437631110032909
1833,ks_toyota_ae86_drift,240,0.7207207207207207,9.3,0.16231562043547265,10,10,0,0,0,0,0,,,,0,0,0,0,0,0,0,0,0.21037920460628828,0.08276961307428306,0.11611454991153904,0.11604518080278109
1834,ks_toyota_ae86_drift,80,0.24024024024024024,9.3,0.16231562043547265,10,10,0,0,0,0,0,,,,0,0,0,0,0,0,0,0,0.09427361931803488,0.14450595208420275,0.06967000393728619,0.06967427280551744
1834,ks_toyota_ae86_drift,160,0.4804804804804805,9.3,0.16231562043547265,10,10,0,0,0,0,0,,,,0,0,0,0,0,0,0,0,0.1493265581941376,0.14450595208420275,0.06967000393728619,0.06967427280551744
1834,ks_toyota_ae86_drift,240,0.7207207207207207,9.3,0.16231562043547265,10,10,0,0,0,0,0,,,,0,0,0,0,0,0,0,0,0.1493265581941376,0.14450595208420275,0.06967000393728619,0.06967427280551744
1835,ks_toyota_ae86_drift,80,0.24024024024024024,9.3,0.16231562043547265,10,10,0,0,0,0,0,,,,0,0,0,0,0,0,0,0,0.22830857123949075,0.058186608322963414,0.1261316493193842,0.12607614069216463
1835,ks_toyota_ae86_drift,160,0.4804804804804805,9.3,0.16231562043547265,10,10,0,0,0,0,0,,,,0,0,0,0,0,0,0,0,0.22830857123949075,0.058186608322963414,0.1261316493193842,0.12607614069216463
1835,ks_toyota_ae86_drift,240,0.7207207207207207,9.3,0.16231562043547265,10,10,0,0,0,0,0,,,,0,0,0,0,0,0,0,0,0.22830857123949075,0.058186608322963414,0.12739156575720031,0.1272582303260396
1836,ks_toyota_ae86_drift,80,0.24024024024024024,9.3,0.16231562043547265,10,10,0,0,0,0,0,,,,0,0,0,0,0,0,0,0,0.2522508922404713,0.06791954117884563,0.12600885265666942,0.12608487853182548
1836,ks_toyota_ae86_drift,160,0.4804804804804805,9.3,0.16231562043547265,10,10,0,0,0,0,0,,,,0,0,0,0,0,0,0,0,0.2780209825355179,0.1141395980449872,0.1767636548737036,0.17675995963464092
1836,ks_toyota_ae86_drift,240,0.7207207207207207,9.3,0.16231562043547265,10,10,0,0,0,0,0,,,,0,0,0,0,0,0,0,0,0.34171785931160226,0.1693928669030549,0.24116464144389435,0.24104127115201102
1837,ks_toyota_ae86_drift,80,0.24024024024024024,9.3,0.16231562043547265,10,10,0,0,0,0,0,,,,0,0,0,0,0,0,0,0,0.3133526973383476,0.12368037179950332,0.16837807688320558,0.1684124946333201
1837,ks_toyota_ae86_drift,160,0.4804804804804805,9.3,0.16231562043547265,10,10,0,0,0,0,0,,,,0,0,0,0,0,0,0,0,0.35054241035840583,0.16670572107318382,0.23252962814655864,0.2323795774282299
1837,ks_toyota_ae86_drift,240,0.7207207207207207,9.3,0.16231562043547265,10,10,0,0,0,0,0,,,,0,0,0,0,0,0,0,0,0.4422844440729593,0.24453285851963624,0.33676936057750156,0.336698337282304
1838,ks_toyota_ae86_drift,80,0.24024024024024024,9.3,0.16231562043547265,10,10,0,0,0,0,0,,,,0,0,0,0,0,0,0,0,0.30668085649928806,0.14118061045375857,0.1582988120817427,0.15812701681586103
1838,ks_toyota_ae86_drift,160,0.4804804804804805,9.3,0.16231562043547265,10,10,0,0,0,0,0,,,,0,0,0,0,0,0,0,0,0.3881325698989826,0.20283200565598286,0.2559955434529308,0.25622323421221554
1838,ks_toyota_ae86_drift,240,0.7207207207207207,9.3,0.16231562043547265,10,10,0,0,0,0,0,,,,0,0,0,0,0,0,0,0,0.46345256101257754,0.3217292039838542,0.3796765022218159,0.3793217592717984
1839,ks_toyota_ae86_drift,80,0.24024024024024024,9.3,0.16231562043547265,10,10,0,0,0,0,0,,,,0,0,0,0,0,0,0,0,0.40718119376178125,0.2254100097104666,0.22620860823482916,0.22604508390114555
1839,ks_toyota_ae86_drift,160,0.4804804804804805,9.3,0.16231562043547265,10,10,0,0,0,0,0,,,,0,0,0,0,0,0,0,0,0.5390662769409095,0.3524011556275749,0.38632190275826805,0.3859624373727697
1839,ks_toyota_ae86_drift,240,0.7207207207207207,9.3,0.16231562043547265,10,10,0,0,0,0,0,,,,0,0,0,0,0,0,0,0,0.7135413782156225,0.5387035832238112,0.5951552034356724,0.5944703702496729
1840,ks_toyota_ae86_drift,80,0.24024024024024024,9.3,0.16231562043547265,10,10,0,0,0,0,0,,,,0,0,0,0,0,0,0,0,0.38440272632320027,0.24662236279713123,0.2257211034828195,0.22569693101646002
1840,ks_toyota_ae86_drift,160,0.4804804804804805,9.3,0.16231562043547265,10,10,0,0,0,0,0,,,,0,0,0,0,0,0,0,0,0.5753374629197333,0.42682449764962055,0.44326185481535874,0.4428160248894567
1840,ks_toyota_ae86_drift,240,0.7207207207207207,9.3,0.16231562043547265,10,10,0,0,0,0,0,,,,0,0,0,0,0,0,0,0,0.7747295745343288,0.6058447162910068,0.6450630221749853,0.6441137859629122
1841,ks_toyota_ae86_drift,80,0.24024024024024024,9.3,0.16231562043547265,10,10,0,0,0,0,0,,,,0,0,0,0,0,0,0,0,0.4122170708924905,0.2179805114614249,0.20441144688090865,0.20428159324539905
1841,ks_toyota_ae86_drift,160,0.4804804804804805,9.3,0.16231562043547265,10,10,0,0,0,0,0,,,,0,0,0,0,0,0,0,0,0.5139604759034996,0.33455709965793146,0.3787972220878825,0.378435168701019
1841,ks_toyota_ae86_drift,240,0.7207207207207207,9.3,0.16231562043547265,10,10,0,0,0,0,0,,,,0,0,0,0,0,0,0,0,0.6597449406827509,0.5167638416709667,0.5728890535456953,0.5724906080571602
1842,ks_toyota_ae86_drift,80,0.24024024024024024,9.3,0.16231562043547265,10,10,0,0,0,0,0,,,,0,0,0,0,0,0,0,0,0.5741542927285872,0.38488163997789454,0.345220439014923,0.34530736384428196
1842,ks_toyota_ae86_drift,160,0.4804804804804805,9.3,0.16231562043547265,10,10,0,0,0,0,0,,,,0,0,0,0,0,0,0,0,0.5934932263115379,0.413836332653886,0.43671938736413274,0.4362364716454717
1842,ks_toyota_ae86_drift,240,0.7207207207207207,9.3,0.16231562043547265,10,10,0,0,0,0,0,,,,0,0,0,0,0,0,0,0,0.7464743092376025,0.5574279065031665,0.6024572626277979,0.601453705067482
1843,ks_toyota_ae86_drift,80,0.24024024024024024,9.3,0.16231562043547265,10,10,0,0,0,0,0,,,,0,0,0,0,0,0,0,0,0.5265165513929515,0.3278035099922434,0.43924172819985086,0.43921579482534595
1843,ks_toyota_ae86_drift,160,0.4804804804804805,9.3,0.16231562043547265,10,10,0,0,0,0,0,,,,0,0,0,0,0,0,0,0,0.5265165513929515,0.3278035099922434,0.43924172819985086,0.43921579482534595
1843,ks_toyota_ae86_drift,240,0.7207207207207207,9.3,0.16231562043547265,10,10,0,0,0,0,0,,,,0,0,0,0,0,0,0,0,0.5265165513929515,0.3278035099922434,0.43924172819985086,0.43921579482534595
1844,ks_toyota_ae86_drift,80,0.24024024024024024,9.3,0.16231562043547265,10,10,0,0,0,0,0,,,,0,0,0,0,0,0,0,0,0.7610626328093978,0.5670593803673836,0.6769871662730662,0.6769561102566839
1844,ks_toyota_ae86_drift,160,0.4804804804804805,9.3,0.16231562043547265,10,10,0,0,0,0,0,,,,0,0,0,0,0,0,0,0,0.7610626328093978,0.5670593803673836,0.6769871662730662,0.6769561102566839
1844,ks_toyota_ae86_drift,240,0.7207207207207207,9.3,0.16231562043547265,10,10,0,0,0,0,0,,,,0,0,0,0,0,0,0,0,0.7610626328093978,0.5670593803673836,0.6769871662730662,0.6769561102566839
1845,ks_toyota_ae86_drift,80,0.24024024024024024,9.3,0.16231562043547265,10,10,0,0,0,0,0,,,,0,0,0,0,0,0,0,0,0.5754114744226927,0.3933815702761374,0.5193949052444496,0.5193736676249991
1845,ks_toyota_ae86_drift,160,0.4804804804804805,9.3,0.16231562043547265,10,10,0,0,0,0,0,,,,0,0,0,0,0,0,0,0,0.5754114744226927,0.3933815702761374,0.5193949052444496,0.5193736676249991
1845,ks_toyota_ae86_drift,240,0.7207207207207207,9.3,0.16231562043547265,10,10,0,0,0,0,0,,,,0,0,0,0,0,0,0,0,0.5754114744226927,0.481289546669213,0.5193949052444496,0.5193736676249991
1846,ks_toyota_ae86_drift,80,0.24024024024024024,9.3,0.16231562043547265,10,10,0,0,0,0,0,,,,0,0,0,0,0,0,0,0,0.5431018515233292,0.371338975679346,0.47489163376846794,0.4749368837717193
1846,ks_toyota_ae86_drift,160,0.4804804804804805,9.3,0.16231562043547265,10,10,0,0,0,0,0,,,,0,0,0,0,0,0,0,0,0.5431018515233292,0.371338975679346,0.47489163376846794,0.4749368837717193
1846,ks_toyota_ae86_drift,240,0.7207207207207207,9.3,0.16231562043547265,10,10,0,0,0,0,0,,,,0,0,0,0,0,0,0,0,0.5431018515233292,0.371338975679346,0.47489163376846794,0.4749368837717193
1847,ks_toyota_ae86_drift,80,0.24024024024024024,9.3,0.16231562043547265,10,10,0,0,0,0,0,,,,0,0,0,0,0,0,0,0,0.4152776893317438,0.24569729905141763,0.3567797337723762,0.35666111259640015
1847,ks_toyota_ae86_drift,160,0.4804804804804805,9.3,0.16231562043547265,10,10,0,0,0,0,0,,,,0,0,0,0,0,0,0,0,0.4152776893317438,0.24569729905141763,0.3567797337723762,0.35666111259640015
1847,ks_toyota_ae86_drift,240,0.7207207207207207,9.3,0.16231562043547265,10,10,0,0,0,0,0,,,,0,0,0,0,0,0,0,0,0.4152776893317438,0.24569729905141763,0.3567797337723762,0.35666111259640015
1848,ks_toyota_ae86_drift,80,0.24024024024024024,9.3,0.16231562043547265,10,10,0,0,0,0,0,,,,0,0,0,0,0,0,0,0,0.32069877923410783,0.12336152736326801,0.2523122305408692,0.25238848319965
1848,ks_toyota_ae86_drift,160,0.4804804804804805,9.3,0.16231562043547265,10,10,0,0,0,0,0,,,,0,0,0,0,0,0,0,0,0.32069877923410783,0.2092605343460739,0.2523122305408692,0.25238848319965
1848,ks_toyota_ae86_drift,240,0.7207207207207207,9.3,0.16231562043547265,10,10,0,0,0,0,0,,,,0,0,0,0,0,0,0,0,0.32069877923410783,0.3814511507868292,0.3155194414504019,0.31574080894861906
1849,ks_toyota_ae86_drift,80,0.24024024024024024,9.3,0.16231562043547265,10,10,0,0,0,0,0,,,,0,0,0,0,0,0,0,0,0.20671970397482917,0.12090532730470796,0.17285262452193084,0.1727730234696311
1849,ks_toyota_ae86_drift,160,0.4804804804804805,9.3,0.16231562043547265,10,10,0,0,0,0,0,,,,0,0,0,0,0,0,0,0,0.20671970397482917,0.28033983175873717,0.18089203731951353,0.18096181997488137
1849,ks_toyota_ae86_drift,240,0.7207207207207207,9.3,0.16231562043547265,10,10,0,0,0,0,0,,,,0,0,0,0,0,0,0,0,0.3949608113978648,0.4847657394307792,0.45178323617646365,0.452245981492732
1850,ks_toyota_ae86_drift,80,0.24024024024024024,9.3,0.16231562043547265,10,10,0,0,0,0,0,,,,0,0,0,0,0,0,0,0,0.2107506495032606,0.07151984461412911,0.15441024664903694,0.1543616482522667
1850,ks_toyota_ae86_drift,160,0.4804804804804805,9.3,0.16231562043547265,10,10,0,0,0,0,0,,,,0,0,0,0,0,0,0,0,0.2107506495032606,0.22476292932788722,0.15441024664903694,0.1543616482522667
1850,ks_toyota_ae86_drift,240,0.7207207207207207,9.3,0.16231562043547265,10,10,0,0,0,0,0,,,,0,0,0,0,0,0,0,0,0.2995723104401708,0.3825034534862607,0.35911888680012044,0.3596353931756762
1851,ks_toyota_ae86_drift,80,0.24024024024024024,9.3,0.16231562043547265,10,10,0,0,0,0,0,,,,0,0,0,0,0,0,0,0,0.14344903367099618,0.13167968391613863,0.09144205900992164,0.09146796570400008
1851,ks_toyota_ae86_drift,160,0.4804804804804805,9.3,0.16231562043547265,10,10,0,0,0,0,0,,,,0,0,0,0,0,0,0,0,0.1905107312594633,0.30229216647286394,0.21256611912073528,0.21271460903411696
1851,ks_toyota_ae86_drift,240,0.7207207207207207,9.3,0.16231562043547265,10,10,0,0,0,0,0,,,,0,0,0,0,0,0,0,0,0.3771245727931699,0.5263963293913887,0.4486924154944742,0.4485026643015948
1852,ks_toyota_ae86_drift,80,0.24024024024024024,9.3,0.16231562043547265,10,10,0,0,0,0,0,,,,0,0,0,0,0,0,0,0,0.22781746462991095,0.30701620277927977,0.09324712993118923,0.09326727365315549
1852,ks_toyota_ae86_drift,160,0.4804804804804805,9.3,0.16231562043547265,10,10,0,0,0,0,0,,,,0,0,0,0,0,0,0,0,0.3801979711566905,0.45608134615510576,0.29592848455924836,0.2963529434635676
1852,ks_toyota_ae86_drift,240,0.7207207207207207,9.3,0.16231562043547265,10,10,0,0,0,0,0,,,,0,0,0,0,0,0,0,0,0.7387470707696439,0.8424600782217024,0.6604686205696548,0.6610241604091002
1853,ks_toyota_ae86_drift,80,0.24024024024024024,9.3,0.16231562043547265,10,10,0,0,0,0,0,,,,0,0,0,0,0,0,0,0,0.26054538325508486,0.34812001440015206,0.06073582968832522,0.060696909616248046
1853,ks_toyota_ae86_drift,160,0.4804804804804805,9.3,0.16231562043547265,10,10,0,0,0,0,0,,,,0,0,0,0,0,0,0,0,0.6216493471435932,0.7545916155401925,0.5771709418250586,0.5785440766524956
1853,ks_toyota_ae86_drift,240,0.7207207207207207,9.3,0.16231562043547265,10,10,0,0,0,0,0,,,,0,0,0,0,0,0,0,0,1.1465882315599776,1.2323353868956697,1.012713962506789,1.014293657195766
1854,ks_toyota_ae86_drift,80,0.24024024024024024,9.3,0.16231562043547265,10,10,0,0,0,0,0,,,,0,0,0,0,0,0,0,0,0.5682933500904817,0.6279188204714302,0.09225895363671913,0.09236731618872697
1854,ks_toyota_ae86_drift,160,0.4804804804804805,9.3,0.16231562043547265,10,10,0,0,0,0,0,,,,0,0,0,0,0,0,0,0,0.6546468981584239,0.768002958779777,0.2028029239911574,0.20275967501988948
1854,ks_toyota_ae86_drift,240,0.7207207207207207,9.3,0.16231562043547265,10,10,0,0,0,0,0,,,,0,0,0,0,0,0,0,0,0.691181633389675,0.803200737841851,0.20374578358131007,0.20378348302387736
1855,ks_toyota_ae86_drift,80,0.24024024024024024,9.3,0.16231562043547265,10,10,0,0,0,0,0,,,,0,0,0,0,0,0,0,0,0.9970468959329548,1.095975676036537,0.5301577359116559,0.5316120859571926
1855,ks_toyota_ae86_drift,160,0.4804804804804805,9.3,0.16231562043547265,10,10,0,0,0,0,0,,,,0,0,0,0,0,0,0,0,1.9150520680261718,1.9953883261570384,1.3989378947391495,1.4015768023580075
1855,ks_toyota_ae86_drift,240,0.7207207207207207,9.3,0.16231562043547265,10,10,0,0,0,0,0,,,,0,0,0,0,0,0,0,0,2.257053727033873,2.339734020710524,1.5889269703007531,1.59039940967542
1856,ks_toyota_ae86_drift,80,0.24024024024024024,9.3,0.16231562043547265,10,10,0,0,0,0,0,,,,0,0,0,0,0,0,0,0,0.7197620797239174,0.7963540068074421,0.3213758217355854,0.32153702487216823
1856,ks_toyota_ae86_drift,160,0.4804804804804805,9.3,0.16231562043547265,10,10,0,0,0,0,0,,,,0,0,0,0,0,0,0,0,0.8889945839238225,0.9571273217202864,0.45260008411251484,0.4529588824873521
1856,ks_toyota_ae86_drift,240,0.7207207207207207,9.3,0.16231562043547265,10,10,0,0,0,0,0,,,,0,0,0,0,0,0,0,0,0.8889945839238225,0.9685602046172415,0.45260008411251484,0.4529588824873521
1857,ks_toyota_ae86_drift,80,0.24024024024024024,9.3,0.16231562043547265,10,10,0,0,0,0,0,,,,0,0,0,0,0,0,0,0,0.6308207437341865,0.8439030624055734,0.5833368950982876,0.5832406321196727
1857,ks_toyota_ae86_drift,160,0.4804804804804805,9.3,0.16231562043547265,10,10,0,0,0,0,0,,,,0,0,0,0,0,0,0,0,0.6308207437341865,0.8439030624055734,0.5833368950982876,0.5832406321196727
1857,ks_toyota_ae86_drift,240,0.7207207207207207,9.3,0.16231562043547265,10,10,0,0,0,0,0,,,,0,0,0,0,0,0,0,0,0.6308207437341865,0.8439030624055734,0.5876298290741993,0.5873934404958934
1858,ks_toyota_ae86_drift,80,0.24024024024024024,9.3,0.16231562043547265,10,10,0,0,0,0,0,,,,0,0,0,0,0,0,0,0,1.0136884384022793,1.189134440395339,0.8678079240878247,0.8676202006073551
1858,ks_toyota_ae86_drift,160,0.4804804804804805,9.3,0.16231562043547265,10,10,0,0,0,0,0,,,,0,0,0,0,0,0,0,0,1.1011252117839032,1.2342823109742407,1.131571740504587,1.1382525192865058
1858,ks_toyota_ae86_drift,240,0.7207207207207207,9.3,0.16231562043547265,10,10,0,0,0,0,0,,,,0,0,0,0,0,0,0,0,1.8350031047272686,1.9599644038004136,2.272571489941319,2.2913767082736567
1859,ks_toyota_ae86_drift,80,0.24024024024024024,9.3,0.16231562043547265,10,10,0,0,0,0,0,,,,0,0,0,0,0,0,0,0,0.9060656812589173,1.0439263261881604,0.4907288681021706,0.4907818554290911
1859,ks_toyota_ae86_drift,160,0.4804804804804805,9.3,0.16231562043547265,10,10,0,0,0,0,0,,,,0,0,0,0,0,0,0,0,0.9060656812589173,1.0439263261881604,0.4907288681021706,0.4907818554290911
1859,ks_toyota_ae86_drift,240,0.7207207207207207,9.3,0.16231562043547265,10,10,0,0,0,0,0,,,,0,0,0,0,0,0,0,0,0.9060656812589173,1.0439263261881604,0.4907288681021706,0.4907818554290911
1860,ks_toyota_ae86_drift,80,0.24024024024024024,9.3,0.16231562043547265,10,10,0,0,0,0,0,,,,0,0,0,0,0,0,0,0,1.1975479527923254,1.3264944538027614,0.4917498746613817,0.4917969922944842
1860,ks_toyota_ae86_drift,160,0.4804804804804805,9.3,0.16231562043547265,10,10,0,0,0,0,0,,,,0,0,0,0,0,0,0,0,1.2546714928637865,1.3405144842912704,0.4917498746613817,0.4917969922944842
1860,ks_toyota_ae86_drift,240,0.7207207207207207,9.3,0.16231562043547265,10,10,0,0,0,0,0,,,,0,0,0,0,0,0,0,0,1.2546714928637865,1.3405144842912704,0.4917498746613817,0.4917969922944842
1861,ks_toyota_ae86_drift,80,0.24024024024024024,9.3,0.16231562043547265,10,10,0,0,0,0,0,,,,0,0,0,0,0,0,0,0,1.1177545879787687,1.2169047089001415,0.6333836121376751,0.6351988416313118
1861,ks_toyota_ae86_drift,160,0.4804804804804805,9.3,0.16231562043547265,10,10,0,0,0,0,0,,,,0,0,0,0,0,0,0,0,1.9637114028904004,2.09219409136751,1.6889172044900376,1.6971747964748771
1861,ks_toyota_ae86_drift,240,0.7207207207207207,9.3,0.16231562043547265,10,10,0,0,0,0,0,,,,0,0,0,0,0,0,0,0,2.686093126965282,2.7877109738894394,2.533220473292291,2.5509328613574267
1862,ks_toyota_ae86_drift,80,0.24024024024024024,9.3,0.16231562043547265,10,10,0,0,0,0,0,,,,0,0,0,0,0,0,0,0,1.3151132242114045,1.4905928435417855,0.4902789827514489,0.47148080805169285
1862,ks_toyota_ae86_drift,160,0.4804804804804805,9.3,0.16231562043547265,10,10,0,0,0,0,0,,,,0,0,0,0,0,0,0,0,1.3151132242114045,1.4905928435417855,0.4902789827514489,0.47148080805169285
1862,ks_toyota_ae86_drift,240,0.7207207207207207,9.3,0.16231562043547265,10,10,0,0,0,0,0,,,,0,0,0,0,0,0,0,0,1.3151132242114045,1.4905928435417855,0.4902789827514489,0.47148080805169285
1863,ks_toyota_ae86_drift,80,0.24024024024024024,9.3,0.16231562043547265,10,10,0,0,0,0,0,,,,0,0,0,0,0,0,0,0,2.136376023787384,2.301269810399597,1.0386124390138904,1.0431338108010273
1863,ks_toyota_ae86_drift,160,0.4804804804804805,9.3,0.16231562043547265,10,10,0,0,0,0,0,,,,0,0,0,0,0,0,0,0,3.1435234888423182,3.2511299175646955,2.4506607751431737,2.4708649015948945
1863,ks_toyota_ae86_drift,240,0.7207207207207207,9.3,0.16231562043547265,10,10,0,0,0,0,0,,,,0,0,0,0,0,0,0,0,4.217310548308128,4.349058494095327,3.504878915750074,3.53292964889767
1864,ks_toyota_ae86_drift,80,0.24024024024024024,9.3,0.16231562043547265,10,10,0,0,0,0,0,,,,0,0,0,0,0,0,0,0,2.5453735142598597,2.69056135134294,0.5246083139327263,0.5262019358043079
1864,ks_toyota_ae86_drift,160,0.4804804804804805,9.3,0.16231562043547265,10,10,0,0,0,0,0,,,,0,0,0,0,0,0,0,0,2.736279862882655,2.840183902188062,0.6340167386572235,0.6343800727045564
1864,ks_toyota_ae86_drift,240,0.7207207207207207,9.3,0.16231562043547265,10,10,0,0,0,0,0,,,,0,0,0,0,0,0,0,0,2.7407438183920814,2.840183902188062,0.6340167386572235,0.6343800727045564
1865,ks_toyota_ae86_drift,80,0.24024024024024024,9.3,0.16231562043547265,10,10,0,0,0,0,0,,,,0,0,0,0,0,0,0,0,3.681160762142814,3.8616544873759246,1.9114250241334834,1.9417062409319117
1865,ks_toyota_ae86_drift,160,0.4804804804804805,9.3,0.16231562043547265,10,10,0,0,0,0,0,,,,0,0,0,0,0,0,0,0,5.874376766429398,6.066192810872274,4.726469561307668,4.814917949738394
1865,ks_toyota_ae86_drift,240,0.7207207207207207,9.3,0.16231562043547265,10,10,0,0,0,0,0,,,,0,0,0,0,0,0,0,0,8.887606926334318,9.134689873333176,7.953744189422447,8.118239904072096
1866,ks_toyota_ae86_drift,80,0.24024024024024024,9.3,0.16231562043547265,10,10,0,0,0,0,0,,,,0,0,0,0,0,0,0,0,3.9740678751701104,4.146828118715474,1.4324071023326814,1.4101921255006264
1866,ks_toyota_ae86_drift,160,0.4804804804804805,9.3,0.16231562043547265,10,10,0,0,0,0,0,,,,0,0,0,0,0,0,0,0,3.9740678751701104,4.146828118715474,1.4324071023326814,1.4101921255006264
1866,ks_toyota_ae86_drift,240,0.7207207207207207,9.3,0.16231562043547265,10,10,0,0,0,0,0,,,,0,0,0,0,0,0,0,0,3.9740678751701104,4.146828118715474,1.4324071023326814,1.4101921255006264
1867,ks_toyota_ae86_drift,80,0.24024024024024024,9.3,0.16231562043547265,10,10,0,0,0,0,0,,,,0,0,0,0,0,0,0,0,4.898913054830272,5.061927472203673,1.9530793596736293,1.8924740239510482
1867,ks_toyota_ae86_drift,160,0.4804804804804805,9.3,0.16231562043547265,10,10,0,0,0,0,0,,,,0,0,0,0,0,0,0,0,4.898913054830272,5.061927472203673,1.9530793596736293,1.8924740239510482
1867,ks_toyota_ae86_drift,240,0.7207207207207207,9.3,0.16231562043547265,10,10,0,0,0,0,0,,,,0,0,0,0,0,0,0,0,4.898913054830272,5.061927472203673,1.9530793596736293,1.8924740239510482
1868,ks_toyota_ae86_drift,80,0.24024024024024024,9.3,0.16231562043547265,10,10,0,0,0,0,0,,,,0,0,0,0,0,0,0,0,5.617207337573724,5.774805841822129,2.0538765166803272,1.9746730027346246
1868,ks_toyota_ae86_drift,160,0.4804804804804805,9.3,0.16231562043547265,10,10,0,0,0,0,0,,,,0,0,0,0,0,0,0,0,5.617207337573724,5.774805841822129,2.0538765166803272,1.9746730027346246
1868,ks_toyota_ae86_drift,240,0.7207207207207207,9.3,0.16231562043547265,10,10,0,0,0,0,0,,,,0,0,0,0,0,0,0,0,5.617207337573724,5.774805841822129,2.0538765166803272,1.9746730027346246
1869,ks_toyota_ae86_drift,80,0.24024024024024024,9.3,0.16231562043547265,10,10,0,0,0,0,0,,,,0,0,0,0,0,0,0,0,6.6954730801443585,6.900380462792033,2.643220029545112,2.5281262193885197
1869,ks_toyota_ae86_drift,160,0.4804804804804805,9.3,0.16231562043547265,10,10,0,0,0,0,0,,,,0,0,0,0,0,0,0,0,6.6954730801443585,6.900380462792033,2.643220029545112,2.5281262193885197
1869,ks_toyota_ae86_drift,240,0.7207207207207207,9.3,0.16231562043547265,10,10,0,0,0,0,0,,,,0,0,0,0,0,0,0,0,6.6954730801443585,6.900380462792033,2.643220029545112,2.5281262193885197
1870,ks_toyota_ae86_drift,80,0.24024024024024024,9.3,0.16231562043547265,10,10,0,0,0,0,0,,,,0,0,0,0,0,0,0,0,7.635564949579281,7.831603331589694,2.8852006117905584,2.792788579207109
1870,ks_toyota_ae86_drift,160,0.4804804804804805,9.3,0.16231562043547265,10,10,0,0,0,0,0,,,,0,0,0,0,0,0,0,0,7.635564949579281,7.831603331589694,2.8852006117905584,2.792788579207109
1870,ks_toyota_ae86_drift,240,0.7207207207207207,9.3,0.16231562043547265,10,10,0,0,0,0,0,,,,0,0,0,0,0,0,0,0,7.635564949579281,7.831603331589694,2.8852006117905584,2.792788579207109
1871,ks_toyota_ae86_drift,80,0.24024024024024024,9.3,0.16231562043547265,10,10,0,0,0,0,0,,,,0,0,0,0,0,0,0,0,8.041594082527151,8.224544114540528,3.0812654607840058,2.9349741212631453
1871,ks_toyota_ae86_drift,160,0.4804804804804805,9.3,0.16231562043547265,10,10,0,0,0,0,0,,,,0,0,0,0,0,0,0,0,8.041594082527151,8.224544114540528,3.0812654607840058,2.9349741212631453
1871,ks_toyota_ae86_drift,240,0.7207207207207207,9.3,0.16231562043547265,10,10,0,0,0,0,0,,,,0,0,0,0,0,0,0,0,8.041594082527151,8.224544114540528,3.0812654607840058,2.9349741212631453
1872,ks_toyota_ae86_drift,80,0.24024024024024024,9.3,0.16231562043547265,10,10,0,0,0,0,0,,,,0,0,0,0,0,0,0,0,9.00981181719054,9.192503155789103,3.4546469298294498,3.3524572680057156
1872,ks_toyota_ae86_drift,160,0.4804804804804805,9.3,0.16231562043547265,10,10,0,0,0,0,0,,,,0,0,0,0,0,0,0,0,9.00981181719054,9.192503155789103,3.4546469298294498,3.3524572680057156
1872,ks_toyota_ae86_drift,240,0.7207207207207207,9.3,0.16231562043547265,10,10,0,0,0,0,0,,,,0,0,0,0,0,0,0,0,9.00981181719054,9.192503155789103,3.4546469298294498,3.3524572680057156
1873,ks_toyota_ae86_drift,80,0.24024024024024024,9.3,0.16231562043547265,10,10,0,0,0,0,0,,,,0,0,0,0,0,0,0,0,8.741687618679812,8.941888147215701,3.084475649693912,3.0711877301070634
1873,ks_toyota_ae86_drift,160,0.4804804804804805,9.3,0.16231562043547265,10,10,0,0,0,0,0,,,,0,0,0,0,0,0,0,0,8.741687618679812,8.941888147215701,3.084475649693912,3.0711877301070634
1873,ks_toyota_ae86_drift,240,0.7207207207207207,9.3,0.16231562043547265,10,10,0,0,0,0,0,,,,0,0,0,0,0,0,0,0,8.741687618679812,8.941888147215701,3.084475649693912,3.0711877301070634
1874,ks_toyota_ae86_drift,80,0.24024024024024024,9.3,0.16231562043547265,10,10,0,1,1,1,1,10,15,25,26,34,0,0,26,34,0,0,9.580691834624899,9.77776499029457,4.331514726325326,4.327595478402208
1874,ks_toyota_ae86_drift,160,0.4804804804804805,9.3,0.16231562043547265,10,10,0,1,1,1,1,10,15,25,26,34,0,0,26,34,0,0,9.580691834624899,9.77776499029457,4.331514726325326,4.327595478402208
1874,ks_toyota_ae86_drift,240,0.7207207207207207,9.3,0.16231562043547265,10,10,0,1,1,1,1,10,15,25,26,34,0,0,26,34,0,0,9.580691834624899,9.77776499029457,4.331514726325326,4.327595478402208
1875,ks_toyota_ae86_drift,80,0.24024024024024024,9.3,0.16231562043547265,10,10,0,0,0,0,0,,,,0,0,0,0,0,0,0,0,8.600627136846123,8.794404726241263,4.219796737166012,4.138899976636382
1875,ks_toyota_ae86_drift,160,0.4804804804804805,9.3,0.16231562043547265,10,10,0,0,0,0,0,,,,0,0,0,0,0,0,0,0,8.600627136846123,8.794404726241263,4.219796737166012,4.138899976636382
1875,ks_toyota_ae86_drift,240,0.7207207207207207,9.3,0.16231562043547265,10,10,0,0,0,0,0,,,,0,0,0,0,0,0,0,0,8.600627136846123,8.794404726241263,4.219796737166012,4.138899976636382
1876,ks_toyota_ae86_drift,80,0.24024024024024024,9.3,0.16231562043547265,10,10,0,0,0,0,0,,,,0,0,0,0,0,0,0,0,8.300212365260514,8.51045412564997,4.420456595923586,4.146429833309497
1876,ks_toyota_ae86_drift,160,0.4804804804804805,9.3,0.16231562043547265,10,10,0,0,0,0,0,,,,0,0,0,0,0,0,0,0,8.300212365260514,8.51045412564997,4.420456595923586,4.146429833309497
1876,ks_toyota_ae86_drift,240,0.7207207207207207,9.3,0.16231562043547265,10,10,0,0,0,0,0,,,,0,0,0,0,0,0,0,0,8.300212365260514,8.51045412564997,6.186853225202427,6.405117896545708
1877,ks_toyota_ae86_drift,80,0.24024024024024024,9.3,0.16231562043547265,10,10,0,0,0,0,0,,,,0,0,0,0,0,0,0,0,8.271342009412516,8.458619820038741,4.403543766878165,4.249974220466422
1877,ks_toyota_ae86_drift,160,0.4804804804804805,9.3,0.16231562043547265,10,10,0,0,0,0,0,,,,0,0,0,0,0,0,0,0,8.271342009412516,8.458619820038741,4.403543766878165,4.249974220466422
1877,ks_toyota_ae86_drift,240,0.7207207207207207,9.3,0.16231562043547265,10,10,0,0,0,0,0,,,,0,0,0,0,0,0,0,0,8.271342009412516,8.458619820038741,5.746478059126324,5.938843506910564
1878,ks_toyota_ae86_drift,80,0.24024024024024024,9.3,0.16231562043547265,10,10,0,0,0,0,0,,,,0,0,0,0,0,0,0,0,8.052688017286544,8.24861199362836,3.8273942584991407,3.812168486178713
1878,ks_toyota_ae86_drift,160,0.4804804804804805,9.3,0.16231562043547265,10,10,0,0,0,0,0,,,,0,0,0,0,0,0,0,0,8.052688017286544,8.24861199362836,3.8273942584991407,3.8464778070401566
1878,ks_toyota_ae86_drift,240,0.7207207207207207,9.3,0.16231562043547265,10,10,0,0,1,0,0,240,,,0,5,0,0,0,5,0,0,9.125140415099851,9.477940176298521,6.952397049076735,7.202804163767273
1879,ks_toyota_ae86_drift,80,0.24024024024024024,9.3,0.16231562043547265,10,10,0,0,0,0,0,,,,0,0,0,0,0,0,0,0,6.8678252198868135,7.105372795917511,3.1293450833424297,3.102232647432064
1879,ks_toyota_ae86_drift,160,0.4804804804804805,9.3,0.16231562043547265,10,10,0,0,0,0,0,,,,0,0,0,0,0,0,0,0,6.8678252198868135,7.105372795917511,3.800190041921803,3.920873935027228
1879,ks_toyota_ae86_drift,240,0.7207207207207207,9.3,0.16231562043547265,10,10,0,0,0,0,0,,,,0,0,0,0,0,0,0,0,8.612554354684258,8.964596818658702,7.061993410725113,7.32356617716133
1880,ks_toyota_ae86_drift,80,0.24024024024024024,9.3,0.16231562043547265,10,10,0,0,0,0,0,,,,0,0,0,0,0,0,0,0,6.59866496705636,6.807530444328057,2.7301365346110513,2.6651515535266115
1880,ks_toyota_ae86_drift,160,0.4804804804804805,9.3,0.16231562043547265,10,10,0,0,0,0,0,,,,0,0,0,0,0,0,0,0,6.59866496705636,6.807530444328057,4.183668024664407,4.323969501726578
1880,ks_toyota_ae86_drift,240,0.7207207207207207,9.3,0.16231562043547265,10,10,0,0,1,0,0,236,,,2,9,0,0,2,9,0,0,9.345023841276426,9.716512707591543,7.560054646983851,7.8292904587819985
1881,ks_toyota_ae86_drift,80,0.24024024024024024,9.3,0.16231562043547265,10,10,0,0,0,0,0,,,,0,0,0,0,0,0,0,0,5.73312375863848,5.927267190041038,2.4570363298465576,2.4135899234229297
1881,ks_toyota_ae86_drift,160,0.4804804804804805,9.3,0.16231562043547265,10,10,0,0,0,0,0,,,,0,0,0,0,0,0,0,0,5.73312375863848,5.927267190041038,3.920419727447422,4.053054317166254
1881,ks_toyota_ae86_drift,240,0.7207207207207207,9.3,0.16231562043547265,10,10,0,0,0,0,0,,,,0,0,0,0,0,0,0,0,8.253989913826098,8.59521848079712,7.015477688043211,7.2593282480173595
1882,ks_toyota_ae86_drift,80,0.24024024024024024,9.3,0.16231562043547265,10,10,0,0,0,0,0,,,,0,0,0,0,0,0,0,0,4.127923008866525,4.351292392840745,2.397897136918002,2.3454846131048517
1882,ks_toyota_ae86_drift,160,0.4804804804804805,9.3,0.16231562043547265,10,10,0,0,0,0,0,,,,0,0,0,0,0,0,0,0,4.127923008866525,4.351292392840745,2.682989873204569,2.749197671593853
1882,ks_toyota_ae86_drift,240,0.7207207207207207,9.3,0.16231562043547265,10,10,0,0,0,0,0,,,,0,0,0,0,0,0,0,0,4.904322137766099,5.151784160263892,4.590601303903658,4.721484376987204
1883,ks_toyota_ae86_drift,80,0.24024024024024024,9.3,0.16231562043547265,10,10,0,0,0,0,0,,,,0,0,0,0,0,0,0,0,3.6001696596252724,3.763082051047947,2.6719264608530295,2.599231049969291
1883,ks_toyota_ae86_drift,160,0.4804804804804805,9.3,0.16231562043547265,10,10,0,0,0,0,0,,,,0,0,0,0,0,0,0,0,3.6001696596252724,3.763082051047947,2.6719264608530295,2.599231049969291
1883,ks_toyota_ae86_drift,240,0.7207207207207207,9.3,0.16231562043547265,10,10,0,0,0,0,0,,,,0,0,0,0,0,0,0,0,3.6001696596252724,3.763082051047947,2.6719264608530295,2.599231049969291
1884,ks_toyota_ae86_drift,80,0.24024024024024024,9.3,0.16231562043547265,10,10,0,0,0,0,0,,,,0,0,0,0,0,0,0,0,3.246383149534948,3.4519769661942097,2.398485813847093,2.2912264441119166
1884,ks_toyota_ae86_drift,160,0.4804804804804805,9.3,0.16231562043547265,10,10,0,0,0,0,0,,,,0,0,0,0,0,0,0,0,3.246383149534948,3.4519769661942097,2.398485813847093,2.2912264441119166
1884,ks_toyota_ae86_drift,240,0.7207207207207207,9.3,0.16231562043547265,10,10,0,0,0,0,0,,,,0,0,0,0,0,0,0,0,3.246383149534948,3.4519769661942097,2.617505007650249,2.663988073490182
1885,ks_toyota_ae86_drift,80,0.24024024024024024,9.3,0.16231562043547265,10,10,0,0,0,0,0,,,,0,0,0,0,0,0,0,0,3.1949552401793375,3.383321612204534,2.1139522992988207,2.014504318096612
1885,ks_toyota_ae86_drift,160,0.4804804804804805,9.3,0.16231562043547265,10,10,0,0,0,0,0,,,,0,0,0,0,0,0,0,0,3.1949552401793375,3.383321612204534,2.11832788923586,2.159418093839245
1885,ks_toyota_ae86_drift,240,0.7207207207207207,9.3,0.16231562043547265,10,10,0,0,0,0,0,,,,0,0,0,0,0,0,0,0,3.637300275500754,3.9143596421063283,3.414300788958773,3.487389789493433
1886,ks_toyota_ae86_drift,80,0.24024024024024024,9.3,0.16231562043547265,10,10,0,0,0,0,0,,,,0,0,0,0,0,0,0,0,3.5798430166553143,3.7873778876993285,2.095924441871395,2.0218593646156577
1886,ks_toyota_ae86_drift,160,0.4804804804804805,9.3,0.16231562043547265,10,10,0,0,0,0,0,,,,0,0,0,0,0,0,0,0,3.5798430166553143,3.7873778876993285,2.406759947696328,2.456730892324611
1886,ks_toyota_ae86_drift,240,0.7207207207207207,9.3,0.16231562043547265,10,10,0,0,0,0,0,,,,0,0,0,0,0,0,0,0,4.280019795738484,4.477663699090674,3.870960620120067,3.961009407250692
1887,ks_toyota_ae86_drift,80,0.24024024024024024,9.3,0.16231562043547265,10,10,0,0,0,0,0,,,,0,0,0,0,0,0,0,0,3.9258774754810855,4.127297619670646,1.9163081825032193,1.8498028439982168
1887,ks_toyota_ae86_drift,160,0.4804804804804805,9.3,0.16231562043547265,10,10,0,0,0,0,0,,,,0,0,0,0,0,0,0,0,3.9791866750662117,4.209738856726346,3.006418753755125,3.075836527610903
1887,ks_toyota_ae86_drift,240,0.7207207207207207,9.3,0.16231562043547265,10,10,0,0,0,0,0,,,,0,0,0,0,0,0,0,0,5.245524237754085,5.501586322190572,4.716985843645105,4.855973789952517
1888,ks_toyota_ae86_drift,80,0.24024024024024024,9.3,0.16231562043547265,10,10,0,0,0,0,0,,,,0,0,0,0,0,0,0,0,3.8258796640506905,4.0160312767701996,1.751745019735517,1.6952433470436445
1888,ks_toyota_ae86_drift,160,0.4804804804804805,9.3,0.16231562043547265,10,10,0,0,0,0,0,,,,0,0,0,0,0,0,0,0,4.110287460429552,4.287422867025132,3.0641052508245834,3.1388179153910025
1888,ks_toyota_ae86_drift,240,0.7207207207207207,9.3,0.16231562043547265,10,10,0,0,0,0,0,,,,0,0,0,0,0,0,0,0,5.863631598204498,6.180835828543645,5.207088201973486,5.352002191159531
1889,ks_toyota_ae86_drift,80,0.24024024024024024,9.3,0.16231562043547265,10,10,0,0,0,0,0,,,,0,0,0,0,0,0,0,0,3.3405624935661384,3.5478294931286416,1.8490402106887025,1.7808505902230571
1889,ks_toyota_ae86_drift,160,0.4804804804804805,9.3,0.16231562043547265,10,10,0,0,0,0,0,,,,0,0,0,0,0,0,0,0,3.3405624935661384,3.5478294931286416,2.5886115999138024,2.6543826930830283
1889,ks_toyota_ae86_drift,240,0.7207207207207207,9.3,0.16231562043547265,10,10,0,0,0,0,0,,,,0,0,0,0,0,0,0,0,4.597425089771324,4.822336815837497,4.284925579109847,4.390113053648982
1890,ks_toyota_ae86_drift,80,0.24024024024024024,9.3,0.16231562043547265,10,10,0,0,0,0,0,,,,0,0,0,0,0,0,0,0,3.4291293430902825,3.5989816335965132,2.2168672418350455,2.1420685595737665
1890,ks_toyota_ae86_drift,160,0.4804804804804805,9.3,0.16231562043547265,10,10,0,0,0,0,0,,,,0,0,0,0,0,0,0,0,3.4291293430902825,3.5989816335965132,2.2168672418350455,2.2322562983653187
1890,ks_toyota_ae86_drift,240,0.7207207207207207,9.3,0.16231562043547265,10,10,0,0,0,0,0,,,,0,0,0,0,0,0,0,0,3.8148992811862485,4.0390596864437205,3.539548315646824,3.6188549227603115
1891,ks_toyota_ae86_drift,80,0.24024024024024024,9.3,0.16231562043547265,10,10,0,0,0,0,0,,,,0,0,0,0,0,0,0,0,3.4981870379107542,3.7043799902262724,2.3283282451268374,2.2494276073821426
1891,ks_toyota_ae86_drift,160,0.4804804804804805,9.3,0.16231562043547265,10,10,0,0,0,0,0,,,,0,0,0,0,0,0,0,0,3.4981870379107542,3.7043799902262724,2.3283282451268374,2.2494276073821426
1891,ks_toyota_ae86_drift,240,0.7207207207207207,9.3,0.16231562043547265,10,10,0,0,0,0,0,,,,0,0,0,0,0,0,0,0,3.900568209511603,4.135590323096688,3.71277045073481,3.796664383649607
1892,ks_toyota_ae86_drift,80,0.24024024024024024,9.3,0.16231562043547265,10,10,0,0,0,0,0,,,,0,0,0,0,0,0,0,0,4.597020827949824,4.785736393396338,2.2736700831806336,2.1991789728754165
1892,ks_toyota_ae86_drift,160,0.4804804804804805,9.3,0.16231562043547265,10,10,0,0,0,0,0,,,,0,0,0,0,0,0,0,0,4.597020827949824,4.785736393396338,3.2021079423442216,3.290834660983626
1892,ks_toyota_ae86_drift,240,0.7207207207207207,9.3,0.16231562043547265,10,10,0,0,0,0,0,,,,0,0,0,0,0,0,0,0,5.894540338632922,6.1299825088519615,4.765078913138457,4.884737850981557
1893,ks_toyota_ae86_drift,80,0.24024024024024024,9.3,0.16231562043547265,10,10,0,0,0,0,0,,,,0,0,0,0,0,0,0,0,5.128331851975007,5.330050390053932,2.100194804206534,2.0772334157642436
1893,ks_toyota_ae86_drift,160,0.4804804804804805,9.3,0.16231562043547265,10,10,0,0,0,0,0,,,,0,0,0,0,0,0,0,0,5.548223280730242,5.777274101433442,3.8665030679129875,3.9777241608101828
1893,ks_toyota_ae86_drift,240,0.7207207207207207,9.3,0.16231562043547265,10,10,0,0,0,0,0,,,,0,0,0,0,0,0,0,0,8.004933042157107,8.336659108445348,6.916635459243017,7.146468336606184
1894,ks_toyota_ae86_drift,80,0.24024024024024024,9.3,0.16231562043547265,10,10,0,0,0,0,0,,,,0,0,0,0,0,0,0,0,5.582491620456665,5.852179932287326,2.3244036611184304,2.2521925533355285
1894,ks_toyota_ae86_drift,160,0.4804804804804805,9.3,0.16231562043547265,10,10,0,0,0,0,0,,,,0,0,0,0,0,0,0,0,5.72655610486469,5.967098718846437,3.752162286112389,3.858415697048869
1894,ks_toyota_ae86_drift,240,0.7207207207207207,9.3,0.16231562043547265,10,10,0,0,0,0,0,,,,0,0,0,0,0,0,0,0,7.751648283391878,7.990085064675147,6.055909107303173,6.2346086272186865
1895,ks_toyota_ae86_drift,80,0.24024024024024024,9.3,0.16231562043547265,10,10,0,0,0,0,0,,,,0,0,0,0,0,0,0,0,6.905275147105994,7.089240315984763,2.5469094530494663,2.479381507159666
1895,ks_toyota_ae86_drift,160,0.4804804804804805,9.3,0.16231562043547265,10,10,0,0,0,0,0,,,,0,0,0,0,0,0,0,0,6.952593417015373,7.205190461108546,4.18428018036877,4.316569845534516
1895,ks_toyota_ae86_drift,240,0.7207207207207207,9.3,0.16231562043547265,10,10,0,1,1,1,0,234,239,,2,11,0,0,2,11,0,0,9.337528562435983,9.655313358854581,6.84105301277448,7.067002073820848
1896,ks_toyota_ae86_drift,80,0.24024024024024024,9.3,0.16231562043547265,10,10,0,0,0,0,0,,,,0,0,0,0,0,0,0,0,7.604452584136227,7.817288108862994,2.724995323156736,2.7302127339089792
1896,ks_toyota_ae86_drift,160,0.4804804804804805,9.3,0.16231562043547265,10,10,0,0,0,0,0,,,,0,0,0,0,0,0,0,0,7.733648173607956,7.963904949586487,4.2897592186081,4.425426839205239
1896,ks_toyota_ae86_drift,240,0.7207207207207207,9.3,0.16231562043547265,10,10,0,1,1,1,1,206,211,221,30,39,0,0,30,39,0,0,10.302099829856232,10.64518962337608,7.269560725167685,7.516679530659685
1897,ks_toyota_ae86_drift,80,0.24024024024024024,9.3,0.16231562043547265,10,10,0,0,0,0,0,,,,0,0,0,0,0,0,0,0,7.930939041557421,8.167737431213531,2.968853567093701,2.9334663570038653
1897,ks_toyota_ae86_drift,160,0.4804804804804805,9.3,0.16231562043547265,10,10,0,0,0,0,0,,,,0,0,0,0,0,0,0,0,7.930939041557421,8.167737431213531,4.136025320769453,4.269625101595372
1897,ks_toyota_ae86_drift,240,0.7207207207207207,9.3,0.16231562043547265,10,10,0,1,1,1,1,210,215,225,24,35,0,0,24,35,0,0,10.210506139312715,10.575887108962545,6.841081187304805,7.05397775684728
1898,ks_toyota_ae86_drift,80,0.24024024024024024,9.3,0.16231562043547265,10,10,0,0,0,0,0,,,,0,0,0,0,0,0,0,0,8.154842034060549,8.380151191759051,3.1163794633070414,3.050808580057861
1898,ks_toyota_ae86_drift,160,0.4804804804804805,9.3,0.16231562043547265,10,10,0,0,0,0,0,,,,0,0,0,0,0,0,0,0,8.154842034060549,8.380151191759051,4.142693719833501,4.273499526402061
1898,ks_toyota_ae86_drift,240,0.7207207207207207,9.3,0.16231562043547265,10,10,0,1,1,1,1,204,209,219,30,41,0,0,30,41,0,0,9.947072573214493,10.238098396012273,6.540415833154022,6.754728813175627
1899,ks_toyota_ae86_drift,80,0.24024024024024024,9.3,0.16231562043547265,10,10,0,0,0,0,0,,,,0,0,0,0,0,0,0,0,8.518741706434133,8.741318788464632,3.032113925412713,3.0015069939682397
1899,ks_toyota_ae86_drift,160,0.4804804804804805,9.3,0.16231562043547265,10,10,0,0,0,0,0,,,,0,0,0,0,0,0,0,0,8.518741706434133,8.741318788464632,4.31512824873282,4.4547445724438735
1899,ks_toyota_ae86_drift,240,0.7207207207207207,9.3,0.16231562043547265,10,10,0,1,1,1,1,186,191,201,48,59,0,0,48,59,0,0,10.611696937007277,10.976365005662489,6.935542703526082,7.178885695067534
1900,ks_toyota_ae86_drift,80,0.24024024024024024,9.3,0.16231562043547265,10,10,0,0,0,0,0,,,,0,0,0,0,0,0,0,0,8.749524406978756,8.953753893351307,3.00496221591462,2.947903882805391
1900,ks_toyota_ae86_drift,160,0.4804804804804805,9.3,0.16231562043547265,10,10,0,0,0,0,0,,,,0,0,0,0,0,0,0,0,8.749524406978756,8.953753893351307,4.127893980562552,4.26000904901764
1900,ks_toyota_ae86_drift,240,0.7207207207207207,9.3,0.16231562043547265,10,10,0,1,1,1,1,194,199,209,43,51,0,0,43,51,0,0,10.935202870629407,11.299818005318551,6.836781583222282,7.06170483523268
1901,ks_toyota_ae86_drift,80,0.24024024024024024,9.3,0.16231562043547265,10,10,0,0,0,0,0,,,,0,0,0,0,0,0,0,0,8.53662228790758,8.764096615572978,2.8656824924636006,2.843105088718712
1901,ks_toyota_ae86_drift,160,0.4804804804804805,9.3,0.16231562043547265,10,10,0,0,0,0,0,,,,0,0,0,0,0,0,0,0,8.53662228790758,8.764096615572978,4.407303359129434,4.5692420217085585
1901,ks_toyota_ae86_drift,240,0.7207207207207207,9.3,0.16231562043547265,10,10,0,1,1,1,1,180,185,195,58,65,0,0,58,65,0,0,11.272430654294093,11.669912659269338,7.842162804046534,8.14198847181623
1902,ks_toyota_ae86_drift,80,0.24024024024024024,9.3,0.16231562043547265,10,10,0,0,0,0,0,,,,0,0,0,0,0,0,0,0,7.26524575315953,7.490534420290523,2.7883538654450666,2.753460563409587
1902,ks_toyota_ae86_drift,160,0.4804804804804805,9.3,0.16231562043547265,10,10,0,0,0,0,0,,,,0,0,0,0,0,0,0,0,7.26524575315953,7.490534420290523,4.071918018993359,4.198873733304148
1902,ks_toyota_ae86_drift,240,0.7207207207207207,9.3,0.16231562043547265,10,10,0,1,1,1,0,226,231,,12,19,0,0,12,19,0,0,9.78492388231839,10.161011173492216,7.428864642274477,7.698839822050279
1903,ks_toyota_ae86_drift,80,0.24024024024024024,9.3,0.16231562043547265,10,10,0,0,0,0,0,,,,0,0,0,0,0,0,0,0,5.097132828506858,5.339911902554961,3.014482859287383,2.918627344145189
1903,ks_toyota_ae86_drift,160,0.4804804804804805,9.3,0.16231562043547265,10,10,0,0,0,0,0,,,,0,0,0,0,0,0,0,0,5.097132828506858,5.339911902554961,3.014482859287383,2.9516197191572897
1903,ks_toyota_ae86_drift,240,0.7207207207207207,9.3,0.16231562043547265,10,10,0,0,0,0,0,,,,0,0,0,0,0,0,0,0,5.544018872409276,5.808158082426124,5.019122676675203,5.168923666212393
1904,ks_toyota_ae86_drift,80,0.24024024024024024,9.3,0.16231562043547265,10,10,0,0,0,0,0,,,,0,0,0,0,0,0,0,0,3.6812738871509425,3.881082533583203,3.1896428471089484,3.2212452786249512
1904,ks_toyota_ae86_drift,160,0.4804804804804805,9.3,0.16231562043547265,10,10,0,0,0,0,0,,,,0,0,0,0,0,0,0,0,3.6812738871509425,3.881082533583203,3.1896428471089484,3.2212452786249512
1904,ks_toyota_ae86_drift,240,0.7207207207207207,9.3,0.16231562043547265,10,10,0,0,0,0,0,,,,0,0,0,0,0,0,0,0,3.6812738871509425,3.881082533583203,3.1896428471089484,3.2212452786249512
1905,ks_toyota_ae86_drift,80,0.24024024024024024,9.3,0.16231562043547265,10,10,0,0,0,0,0,,,,0,0,0,0,0,0,0,0,2.4295885743366266,2.6096216886875845,3.127540205854254,3.0506258724975632
1905,ks_toyota_ae86_drift,160,0.4804804804804805,9.3,0.16231562043547265,10,10,0,0,0,0,0,,,,0,0,0,0,0,0,0,0,2.4295885743366266,2.6096216886875845,3.127540205854254,3.0506258724975632
1905,ks_toyota_ae86_drift,240,0.7207207207207207,9.3,0.16231562043547265,10,10,0,0,0,0,0,,,,0,0,0,0,0,0,0,0,2.4295885743366266,2.6096216886875845,3.127540205854254,3.0506258724975632
1906,ks_toyota_ae86_drift,80,0.24024024024024024,9.3,0.16231562043547265,10,10,0,0,0,0,0,,,,0,0,0,0,0,0,0,0,2.994081511123378,3.209769920489095,3.4630209551952973,3.4442210729482485
1906,ks_toyota_ae86_drift,160,0.4804804804804805,9.3,0.16231562043547265,10,10,0,0,0,0,0,,,,0,0,0,0,0,0,0,0,2.994081511123378,3.209769920489095,3.4630209551952973,3.4442210729482485
1906,ks_toyota_ae86_drift,240,0.7207207207207207,9.3,0.16231562043547265,10,10,0,0,0,0,0,,,,0,0,0,0,0,0,0,0,2.994081511123378,3.209769920489095,3.4630209551952973,3.4442210729482485
1907,ks_toyota_ae86_drift,80,0.24024024024024024,9.3,0.16231562043547265,10,10,0,0,0,0,0,,,,0,0,0,0,0,0,0,0,2.5277823620524917,2.714822183274825,2.370759514685072,2.3534699580182425
1907,ks_toyota_ae86_drift,160,0.4804804804804805,9.3,0.16231562043547265,10,10,0,0,0,0,0,,,,0,0,0,0,0,0,0,0,2.5277823620524917,2.714822183274825,2.370759514685072,2.3534699580182425
1907,ks_toyota_ae86_drift,240,0.7207207207207207,9.3,0.16231562043547265,10,10,0,0,0,0,0,,,,0,0,0,0,0,0,0,0,2.5277823620524917,2.714822183274825,2.370759514685072,2.3534699580182425
1908,ks_toyota_ae86_drift,80,0.24024024024024024,9.3,0.16231562043547265,10,10,0,0,0,0,0,,,,0,0,0,0,0,0,0,0,1.9589546030203095,2.145639894736037,1.4743705039327704,1.4310637962220103
1908,ks_toyota_ae86_drift,160,0.4804804804804805,9.3,0.16231562043547265,10,10,0,0,0,0,0,,,,0,0,0,0,0,0,0,0,1.9589546030203095,2.145639894736037,1.4743705039327704,1.4310637962220103
1908,ks_toyota_ae86_drift,240,0.7207207207207207,9.3,0.16231562043547265,10,10,0,0,0,0,0,,,,0,0,0,0,0,0,0,0,1.9627065113087623,2.198978549511959,2.043306158609498,2.072709482656168
1909,ks_toyota_ae86_drift,80,0.24024024024024024,9.3,0.16231562043547265,10,10,0,0,0,0,0,,,,0,0,0,0,0,0,0,0,1.700763420553484,1.903452912711609,1.1159758573085092,1.0652578607397565
1909,ks_toyota_ae86_drift,160,0.4804804804804805,9.3,0.16231562043547265,10,10,0,0,0,0,0,,,,0,0,0,0,0,0,0,0,1.700763420553484,1.903452912711609,1.3792382417906577,1.3969753892915344
1909,ks_toyota_ae86_drift,240,0.7207207207207207,9.3,0.16231562043547265,10,10,0,0,0,0,0,,,,0,0,0,0,0,0,0,0,2.169924205443194,2.3779493560035685,2.2204232090716833,2.2510758174062313
1910,ks_toyota_ae86_drift,80,0.24024024024024024,9.3,0.16231562043547265,10,10,0,0,0,0,0,,,,0,0,0,0,0,0,0,0,1.601598785480125,1.7589855538642596,1.0528161375580494,1.0089585324020454
1910,ks_toyota_ae86_drift,160,0.4804804804804805,9.3,0.16231562043547265,10,10,0,0,0,0,0,,,,0,0,0,0,0,0,0,0,1.601598785480125,1.7657867147302997,1.3671765546032382,1.3841449856573713
1910,ks_toyota_ae86_drift,240,0.7207207207207207,9.3,0.16231562043547265,10,10,0,0,0,0,0,,,,0,0,0,0,0,0,0,0,2.0505167039389156,2.243498362852337,2.119423707710824,2.14794422980727
1911,ks_toyota_ae86_drift,80,0.24024024024024024,9.3,0.16231562043547265,10,10,0,0,0,0,0,,,,0,0,0,0,0,0,0,0,1.0830208348934325,1.2772101566294765,1.1158454433840443,1.0605492990806789
1911,ks_toyota_ae86_drift,160,0.4804804804804805,9.3,0.16231562043547265,10,10,0,0,0,0,0,,,,0,0,0,0,0,0,0,0,1.0830208348934325,1.2772101566294765,1.1158454433840443,1.0605492990806789
1911,ks_toyota_ae86_drift,240,0.7207207207207207,9.3,0.16231562043547265,10,10,0,0,0,0,0,,,,0,0,0,0,0,0,0,0,1.0830208348934325,1.2772101566294765,1.1158454433840443,1.0605492990806789
1912,ks_toyota_ae86_drift,80,0.24024024024024024,9.3,0.16231562043547265,10,10,0,0,0,0,0,,,,0,0,0,0,0,0,0,0,1.8022858582726726,1.9933561314355481,1.3589809679294576,1.3337816253169303
1912,ks_toyota_ae86_drift,160,0.4804804804804805,9.3,0.16231562043547265,10,10,0,0,0,0,0,,,,0,0,0,0,0,0,0,0,1.8022858582726726,1.9933561314355481,1.3589809679294576,1.3337816253169303
1912,ks_toyota_ae86_drift,240,0.7207207207207207,9.3,0.16231562043547265,10,10,0,0,0,0,0,,,,0,0,0,0,0,0,0,0,1.8022858582726726,1.9933561314355481,1.8361830199063882,1.8602987103184108
1913,ks_toyota_ae86_drift,80,0.24024024024024024,9.3,0.16231562043547265,10,10,0,0,0,0,0,,,,0,0,0,0,0,0,0,0,1.6238017027594267,1.7863711973414256,1.170393361808176,1.1273158923214346
1913,ks_toyota_ae86_drift,160,0.4804804804804805,9.3,0.16231562043547265,10,10,0,0,0,0,0,,,,0,0,0,0,0,0,0,0,1.6238017027594267,1.7863711973414256,1.2806423266874079,1.2947616083622937
1913,ks_toyota_ae86_drift,240,0.7207207207207207,9.3,0.16231562043547265,10,10,0,0,0,0,0,,,,0,0,0,0,0,0,0,0,1.9845575671241025,2.1954838405344397,2.0003557946743418,2.026189704549446
1914,ks_toyota_ae86_drift,80,0.24024024024024024,9.3,0.16231562043547265,10,10,0,0,0,0,0,,,,0,0,0,0,0,0,0,0,1.4476806859772993,1.6124400032402277,1.23823314852227,1.18653021733086
1914,ks_toyota_ae86_drift,160,0.4804804804804805,9.3,0.16231562043547265,10,10,0,0,0,0,0,,,,0,0,0,0,0,0,0,0,1.4476806859772993,1.6124400032402277,1.23823314852227,1.18653021733086
1914,ks_toyota_ae86_drift,240,0.7207207207207207,9.3,0.16231562043547265,10,10,0,0,0,0,0,,,,0,0,0,0,0,0,0,0,1.4476806859772993,1.6124400032402277,1.4142911994979863,1.4268641903778045
1915,ks_toyota_ae86_drift,80,0.24024024024024024,9.3,0.16231562043547265,10,10,0,0,0,0,0,,,,0,0,0,0,0,0,0,0,1.5927362948669161,1.775485903516835,1.35444721642445,1.313704177529972
1915,ks_toyota_ae86_drift,160,0.4804804804804805,9.3,0.16231562043547265,10,10,0,0,0,0,0,,,,0,0,0,0,0,0,0,0,1.5927362948669161,1.775485903516835,1.35444721642445,1.313704177529972
1915,ks_toyota_ae86_drift,240,0.7207207207207207,9.3,0.16231562043547265,10,10,0,0,0,0,0,,,,0,0,0,0,0,0,0,0,1.5927362948669161,1.775485903516835,1.5689322318357755,1.5860190172616202
1916,ks_toyota_ae86_drift,80,0.24024024024024024,9.3,0.16231562043547265,10,10,0,0,0,0,0,,,,0,0,0,0,0,0,0,0,1.5633088517147393,1.7738996988038056,1.3019762091165312,1.2508307921161237
1916,ks_toyota_ae86_drift,160,0.4804804804804805,9.3,0.16231562043547265,10,10,0,0,0,0,0,,,,0,0,0,0,0,0,0,0,1.5633088517147393,1.7738996988038056,1.3019762091165312,1.2508307921161237
1916,ks_toyota_ae86_drift,240,0.7207207207207207,9.3,0.16231562043547265,10,10,0,0,0,0,0,,,,0,0,0,0,0,0,0,0,1.6434092548758292,1.83746837613082,1.691441066110063,1.714696579573487
1917,ks_toyota_ae86_drift,80,0.24024024024024024,9.3,0.16231562043547265,10,10,0,0,0,0,0,,,,0,0,0,0,0,0,0,0,1.9086873989367776,2.122982449711812,1.3643105431944775,1.3386699063285439
1917,ks_toyota_ae86_drift,160,0.4804804804804805,9.3,0.16231562043547265,10,10,0,0,0,0,0,,,,0,0,0,0,0,0,0,0,1.9086873989367776,2.122982449711812,1.4515519091328155,1.4680390252938744
1917,ks_toyota_ae86_drift,240,0.7207207207207207,9.3,0.16231562043547265,10,10,0,0,0,0,0,,,,0,0,0,0,0,0,0,0,2.3190628800743034,2.6026796551699127,2.312258304113678,2.3470280224138627
1918,ks_toyota_ae86_drift,80,0.24024024024024024,9.3,0.16231562043547265,10,10,0,0,0,0,0,,,,0,0,0,0,0,0,0,0,1.7045890735406317,1.9037169422117124,1.2597077968813188,1.2359993564985583
1918,ks_toyota_ae86_drift,160,0.4804804804804805,9.3,0.16231562043547265,10,10,0,0,0,0,0,,,,0,0,0,0,0,0,0,0,1.7045890735406317,1.9037169422117124,1.3572997808982825,1.374038013233045
1918,ks_toyota_ae86_drift,240,0.7207207207207207,9.3,0.16231562043547265,10,10,0,0,0,0,0,,,,0,0,0,0,0,0,0,0,2.026923949885222,2.2104218911360807,2.1340426604121783,2.1691449235475777
1919,ks_toyota_ae86_drift,80,0.24024024024024024,9.3,0.16231562043547265,10,10,0,0,0,0,0,,,,0,0,0,0,0,0,0,0,1.4813406052590625,1.6790057462307026,1.4065317844357343,1.376663687360386
1919,ks_toyota_ae86_drift,160,0.4804804804804805,9.3,0.16231562043547265,10,10,0,0,0,0,0,,,,0,0,0,0,0,0,0,0,1.4813406052590625,1.6790057462307026,1.4065317844357343,1.376663687360386
1919,ks_toyota_ae86_drift,240,0.7207207207207207,9.3,0.16231562043547265,10,10,0,0,0,0,0,,,,0,0,0,0,0,0,0,0,1.4813406052590625,1.6790057462307026,1.4065317844357343,1.376663687360386
1920,ks_toyota_ae86_drift,80,0.24024024024024024,9.3,0.16231562043547265,10,10,0,0,0,0,0,,,,0,0,0,0,0,0,0,0,1.8174550680890365,2.010593821353368,1.569962309739978,1.5450922035897865
1920,ks_toyota_ae86_drift,160,0.4804804804804805,9.3,0.16231562043547265,10,10,0,0,0,0,0,,,,0,0,0,0,0,0,0,0,1.8174550680890365,2.010593821353368,1.569962309739978,1.5450922035897865
1920,ks_toyota_ae86_drift,240,0.7207207207207207,9.3,0.16231562043547265,10,10,0,0,0,0,0,,,,0,0,0,0,0,0,0,0,1.8174550680890365,2.010593821353368,1.569962309739978,1.5450922035897865
1921,ks_toyota_ae86_drift,80,0.24024024024024024,9.3,0.16231562043547265,10,10,0,0,0,0,0,,,,0,0,0,0,0,0,0,0,1.7791484857375488,1.9800270172702683,1.3714405136360304,1.3518038264939494
1921,ks_toyota_ae86_drift,160,0.4804804804804805,9.3,0.16231562043547265,10,10,0,0,0,0,0,,,,0,0,0,0,0,0,0,0,1.7791484857375488,1.9800270172702683,1.3714405136360304,1.3518038264939494
1921,ks_toyota_ae86_drift,240,0.7207207207207207,9.3,0.16231562043547265,10,10,0,0,0,0,0,,,,0,0,0,0,0,0,0,0,2.020372731254122,2.1921221068023238,1.9516112958888996,1.9734348175041483
1922,ks_toyota_ae86_drift,80,0.24024024024024024,9.3,0.16231562043547265,10,10,0,0,0,0,0,,,,0,0,0,0,0,0,0,0,1.6819011061085534,1.8671382909985323,1.3863356621119471,1.377185769945069
1922,ks_toyota_ae86_drift,160,0.4804804804804805,9.3,0.16231562043547265,10,10,0,0,0,0,0,,,,0,0,0,0,0,0,0,0,1.6819011061085534,1.8671382909985323,1.3863356621119471,1.377185769945069
1922,ks_toyota_ae86_drift,240,0.7207207207207207,9.3,0.16231562043547265,10,10,0,0,0,0,0,,,,0,0,0,0,0,0,0,0,1.7138152717271438,1.8671382909985323,1.6909290153657235,1.7064643873546235
1923,ks_toyota_ae86_drift,80,0.24024024024024024,9.3,0.16231562043547265,10,10,0,0,0,0,0,,,,0,0,0,0,0,0,0,0,1.783260473061308,1.9448991409254812,1.4265037911773806,1.400825054662483
1923,ks_toyota_ae86_drift,160,0.4804804804804805,9.3,0.16231562043547265,10,10,0,0,0,0,0,,,,0,0,0,0,0,0,0,0,1.783260473061308,1.9448991409254812,1.4265037911773806,1.400825054662483
1923,ks_toyota_ae86_drift,240,0.7207207207207207,9.3,0.16231562043547265,10,10,0,0,0,0,0,,,,0,0,0,0,0,0,0,0,1.9105578035523032,2.120873842248982,1.9172151035589502,1.9404894000425916
1924,ks_toyota_ae86_drift,80,0.24024024024024024,9.3,0.16231562043547265,10,10,0,0,0,0,0,,,,0,0,0,0,0,0,0,0,1.3624247706533192,1.5500762139714859,1.3423647185044034,1.34167390890288
1924,ks_toyota_ae86_drift,160,0.4804804804804805,9.3,0.16231562043547265,10,10,0,0,0,0,0,,,,0,0,0,0,0,0,0,0,1.3624247706533192,1.5500762139714859,1.3423647185044034,1.34167390890288
1924,ks_toyota_ae86_drift,240,0.7207207207207207,9.3,0.16231562043547265,10,10,0,0,0,0,0,,,,0,0,0,0,0,0,0,0,1.3624247706533192,1.5500762139714859,1.3423647185044034,1.34167390890288
1925,ks_toyota_ae86_drift,80,0.24024024024024024,9.3,0.16231562043547265,10,10,0,0,0,0,0,,,,0,0,0,0,0,0,0,0,1.339086868033032,1.5260952063521596,1.5472153252046026,1.5455596446611093
1925,ks_toyota_ae86_drift,160,0.4804804804804805,9.3,0.16231562043547265,10,10,0,0,0,0,0,,,,0,0,0,0,0,0,0,0,1.339086868033032,1.5260952063521596,1.5472153252046026,1.5455596446611093
1925,ks_toyota_ae86_drift,240,0.7207207207207207,9.3,0.16231562043547265,10,10,0,0,0,0,0,,,,0,0,0,0,0,0,0,0,1.339086868033032,1.5260952063521596,1.5472153252046026,1.5455596446611093
1926,ks_toyota_ae86_drift,80,0.24024024024024024,9.3,0.16231562043547265,10,10,0,0,0,0,0,,,,0,0,0,0,0,0,0,0,1.430414501364036,1.6142850080897775,1.5298114695908813,1.519808977716515
1926,ks_toyota_ae86_drift,160,0.4804804804804805,9.3,0.16231562043547265,10,10,0,0,0,0,0,,,,0,0,0,0,0,0,0,0,1.430414501364036,1.6142850080897775,1.5298114695908813,1.519808977716515
1926,ks_toyota_ae86_drift,240,0.7207207207207207,9.3,0.16231562043547265,10,10,0,0,0,0,0,,,,0,0,0,0,0,0,0,0,1.430414501364036,1.6142850080897775,1.5298114695908813,1.519808977716515
1927,ks_toyota_ae86_drift,80,0.24024024024024024,9.3,0.16231562043547265,10,10,0,0,0,0,0,,,,0,0,0,0,0,0,0,0,1.1533222644730812,1.3134417488554555,1.0666031945628374,1.0541076836414165
1927,ks_toyota_ae86_drift,160,0.4804804804804805,9.3,0.16231562043547265,10,10,0,0,0,0,0,,,,0,0,0,0,0,0,0,0,1.1533222644730812,1.3134417488554555,1.0666031945628374,1.0541076836414165
1927,ks_toyota_ae86_drift,240,0.7207207207207207,9.3,0.16231562043547265,10,10,0,0,0,0,0,,,,0,0,0,0,0,0,0,0,1.1533222644730812,1.3134417488554555,1.0666031945628374,1.0541076836414165
1928,ks_toyota_ae86_drift,80,0.24024024024024024,9.3,0.16231562043547265,10,10,0,0,0,0,0,,,,0,0,0,0,0,0,0,0,0.6838380060931477,0.8276498802235877,0.6786427934557068,0.6617614473134914
1928,ks_toyota_ae86_drift,160,0.4804804804804805,9.3,0.16231562043547265,10,10,0,0,0,0,0,,,,0,0,0,0,0,0,0,0,0.6838380060931477,0.8276498802235877,0.6786427934557068,0.6617614473134914
1928,ks_toyota_ae86_drift,240,0.7207207207207207,9.3,0.16231562043547265,10,10,0,0,0,0,0,,,,0,0,0,0,0,0,0,0,0.6838380060931477,0.8276498802235877,0.6786427934557068,0.6617614473134914
1929,ks_toyota_ae86_drift,80,0.24024024024024024,9.3,0.16231562043547265,10,10,0,0,0,0,0,,,,0,0,0,0,0,0,0,0,0.3630346395873741,0.5294078558459826,0.5948953894429475,0.5866126111355434
1929,ks_toyota_ae86_drift,160,0.4804804804804805,9.3,0.16231562043547265,10,10,0,0,0,0,0,,,,0,0,0,0,0,0,0,0,0.568344896674374,0.5294078558459826,0.5948953894429475,0.5866126111355434
1929,ks_toyota_ae86_drift,240,0.7207207207207207,9.3,0.16231562043547265,10,10,0,0,0,0,0,,,,0,0,0,0,0,0,0,0,0.8054453621186993,0.5294078558459826,0.6412148509079179,0.638637468352443
1930,ks_toyota_ae86_drift,80,0.24024024024024024,9.3,0.16231562043547265,10,10,0,0,0,0,0,,,,0,0,0,0,0,0,0,0,0.5242596541199384,0.7101412780302784,0.7525803382730353,0.7521716475007452
1930,ks_toyota_ae86_drift,160,0.4804804804804805,9.3,0.16231562043547265,10,10,0,0,0,0,0,,,,0,0,0,0,0,0,0,0,0.5837621810958267,0.7101412780302784,0.7525803382730353,0.7521716475007452
1930,ks_toyota_ae86_drift,240,0.7207207207207207,9.3,0.16231562043547265,10,10,0,0,0,0,0,,,,0,0,0,0,0,0,0,0,0.8651744059151087,0.7101412780302784,0.7543552269618865,0.7521716475007452
1931,ks_toyota_ae86_drift,80,0.24024024024024024,9.3,0.16231562043547265,10,10,0,0,0,0,0,,,,0,0,0,0,0,0,0,0,0.20552227309574808,0.3574260404225887,0.30299807719575533,0.30054921425446773
1931,ks_toyota_ae86_drift,160,0.4804804804804805,9.3,0.16231562043547265,10,10,0,0,0,0,0,,,,0,0,0,0,0,0,0,0,0.43084801267928696,0.3574260404225887,0.30299807719575533,0.30054921425446773
1931,ks_toyota_ae86_drift,240,0.7207207207207207,9.3,0.16231562043547265,10,10,0,0,0,0,0,,,,0,0,0,0,0,0,0,0,0.47240827303578653,0.3574260404225887,0.40401817584583066,0.4021110589635162
1932,ks_toyota_ae86_drift,80,0.24024024024024024,9.3,0.16231562043547265,10,10,0,0,0,0,0,,,,0,0,0,0,0,0,0,0,0.1952554315561611,0.07643109080280545,0.09545598242628095,0.09563179976644927
1932,ks_toyota_ae86_drift,160,0.4804804804804805,9.3,0.16231562043547265,10,10,0,0,0,0,0,,,,0,0,0,0,0,0,0,0,0.2470191807796531,0.07643109080280545,0.13698295228068327,0.13655786638634254
1932,ks_toyota_ae86_drift,240,0.7207207207207207,9.3,0.16231562043547265,10,10,0,0,0,0,0,,,,0,0,0,0,0,0,0,0,0.26894939742025664,0.08630127444242923,0.1719050158158709,0.17169816246964
1933,ks_toyota_ae86_drift,80,0.24024024024024024,9.3,0.16231562043547265,10,10,0,0,0,0,0,,,,0,0,0,0,0,0,0,0,0.35736451535920566,0.22671329518146965,0.1925832267650994,0.19388555174075042
1933,ks_toyota_ae86_drift,160,0.4804804804804805,9.3,0.16231562043547265,10,10,0,0,0,0,0,,,,0,0,0,0,0,0,0,0,0.35736451535920566,0.22671329518146965,0.23377077490437043,0.23321744954032006
1933,ks_toyota_ae86_drift,240,0.7207207207207207,9.3,0.16231562043547265,10,10,0,0,0,0,0,,,,0,0,0,0,0,0,0,0,0.4034812589440442,0.22671329518146965,0.32418817880676454,0.3224736412425327
1934,ks_toyota_ae86_drift,80,0.24024024024024024,9.3,0.16231562043547265,10,10,0,0,0,0,0,,,,0,0,0,0,0,0,0,0,0.4891444776581392,0.29058636949379923,0.24059971009434025,0.24242988062678633
1934,ks_toyota_ae86_drift,160,0.4804804804804805,9.3,0.16231562043547265,10,10,0,0,0,0,0,,,,0,0,0,0,0,0,0,0,0.4891444776581392,0.29058636949379923,0.2963584396314154,0.29415893195568615
1934,ks_toyota_ae86_drift,240,0.7207207207207207,9.3,0.16231562043547265,10,10,0,0,0,0,0,,,,0,0,0,0,0,0,0,0,0.5128719678653817,0.3314822872318093,0.41763519849288244,0.4163312193307918
1935,ks_toyota_ae86_drift,80,0.24024024024024024,9.3,0.16231562043547265,10,10,0,0,0,0,0,,,,0,0,0,0,0,0,0,0,0.27259989340779045,0.0939160215623877,0.1162866253218984,0.11616132069909775
1935,ks_toyota_ae86_drift,160,0.4804804804804805,9.3,0.16231562043547265,10,10,0,0,0,0,0,,,,0,0,0,0,0,0,0,0,0.3170649318326759,0.14303978260975075,0.2213402308213439,0.22021378321682072
1935,ks_toyota_ae86_drift,240,0.7207207207207207,9.3,0.16231562043547265,10,10,0,0,0,0,0,,,,0,0,0,0,0,0,0,0,0.38485077072449725,0.22021681144522226,0.3130974456985448,0.3120516263427395
1936,ks_toyota_ae86_drift,80,0.24024024024024024,9.3,0.16231562043547265,10,10,0,0,0,0,0,,,,0,0,0,0,0,0,0,0,0.5660043829448811,0.3906140896822393,0.3697062936634485,0.37027098488916454
1936,ks_toyota_ae86_drift,160,0.4804804804804805,9.3,0.16231562043547265,10,10,0,0,0,0,0,,,,0,0,0,0,0,0,0,0,0.5660043829448811,0.3906140896822393,0.3697062936634485,0.37027098488916454
1936,ks_toyota_ae86_drift,240,0.7207207207207207,9.3,0.16231562043547265,10,10,0,0,0,0,0,,,,0,0,0,0,0,0,0,0,0.5660043829448811,0.3906140896822393,0.3697062936634485,0.37027098488916454
1937,ks_toyota_ae86_drift,80,0.24024024024024024,9.3,0.16231562043547265,10,10,0,0,0,0,0,,,,0,0,0,0,0,0,0,0,0.6991245030641652,0.5115663878777044,0.4894541306874641,0.4894251023834915
1937,ks_toyota_ae86_drift,160,0.4804804804804805,9.3,0.16231562043547265,10,10,0,0,0,0,0,,,,0,0,0,0,0,0,0,0,0.6991245030641652,0.5115663878777044,0.4894541306874641,0.4894251023834915
1937,ks_toyota_ae86_drift,240,0.7207207207207207,9.3,0.16231562043547265,10,10,0,0,0,0,0,,,,0,0,0,0,0,0,0,0,0.6991245030641652,0.5115663878777044,0.4894541306874641,0.4894251023834915
1938,ks_toyota_ae86_drift,80,0.24024024024024024,9.3,0.16231562043547265,10,10,0,0,0,0,0,,,,0,0,0,0,0,0,0,0,0.6010558999091816,0.4576693117762808,0.37887296781856095,0.37870896323720127
1938,ks_toyota_ae86_drift,160,0.4804804804804805,9.3,0.16231562043547265,10,10,0,0,0,0,0,,,,0,0,0,0,0,0,0,0,0.6010558999091816,0.4576693117762808,0.3797873593936964,0.37870896323720127
1938,ks_toyota_ae86_drift,240,0.7207207207207207,9.3,0.16231562043547265,10,10,0,0,0,0,0,,,,0,0,0,0,0,0,0,0,0.6463530207936186,0.48709435369007753,0.5512062444995196,0.5483850028463341
1939,ks_toyota_ae86_drift,80,0.24024024024024024,9.3,0.16231562043547265,10,10,0,0,0,0,0,,,,0,0,0,0,0,0,0,0,0.5011127833529998,0.3256667546795136,0.3654537271727486,0.36546858817027866
1939,ks_toyota_ae86_drift,160,0.4804804804804805,9.3,0.16231562043547265,10,10,0,0,0,0,0,,,,0,0,0,0,0,0,0,0,0.5011127833529998,0.3256667546795136,0.3654537271727486,0.36546858817027866
1939,ks_toyota_ae86_drift,240,0.7207207207207207,9.3,0.16231562043547265,10,10,0,0,0,0,0,,,,0,0,0,0,0,0,0,0,0.5011127833529998,0.3256667546795136,0.3654537271727486,0.36546858817027866
1940,ks_toyota_ae86_drift,80,0.24024024024024024,9.3,0.16231562043547265,10,10,0,0,0,0,0,,,,0,0,0,0,0,0,0,0,0.6975482234697732,0.5337523364057867,0.518966524317443,0.5195117655122803
1940,ks_toyota_ae86_drift,160,0.4804804804804805,9.3,0.16231562043547265,10,10,0,0,0,0,0,,,,0,0,0,0,0,0,0,0,0.6975482234697732,0.5337523364057867,0.518966524317443,0.5195117655122803
1940,ks_toyota_ae86_drift,240,0.7207207207207207,9.3,0.16231562043547265,10,10,0,0,0,0,0,,,,0,0,0,0,0,0,0,0,0.6975482234697732,0.5337523364057867,0.518966524317443,0.5195117655122803
1941,ks_toyota_ae86_drift,80,0.24024024024024024,9.3,0.16231562043547265,10,10,0,0,0,0,0,,,,0,0,0,0,0,0,0,0,0.727893686735082,0.571754388369827,0.5659515557005192,0.5671095929299538
1941,ks_toyota_ae86_drift,160,0.4804804804804805,9.3,0.16231562043547265,10,10,0,0,0,0,0,,,,0,0,0,0,0,0,0,0,0.727893686735082,0.571754388369827,0.5659515557005192,0.5671095929299538
1941,ks_toyota_ae86_drift,240,0.7207207207207207,9.3,0.16231562043547265,10,10,0,0,0,0,0,,,,0,0,0,0,0,0,0,0,0.727893686735082,0.571754388369827,0.5659515557005192,0.5671095929299538
1942,ks_toyota_ae86_drift,80,0.24024024024024024,9.3,0.16231562043547265,10,10,0,0,0,0,0,,,,0,0,0,0,0,0,0,0,0.5697768351616966,0.41763362434772217,0.44094652740843016,0.44089065859545357
1942,ks_toyota_ae86_drift,160,0.4804804804804805,9.3,0.16231562043547265,10,10,0,0,0,0,0,,,,0,0,0,0,0,0,0,0,0.5697768351616966,0.41763362434772217,0.44094652740843016,0.44089065859545357
1942,ks_toyota_ae86_drift,240,0.7207207207207207,9.3,0.16231562043547265,10,10,0,0,0,0,0,,,,0,0,0,0,0,0,0,0,0.5697768351616966,0.41763362434772217,0.44094652740843016,0.44089065859545357
1943,ks_toyota_ae86_drift,80,0.24024024024024024,9.3,0.16231562043547265,10,10,0,0,0,0,0,,,,0,0,0,0,0,0,0,0,0.7093021252577189,0.5398689308900918,0.5174846400718146,0.5186356336686675
1943,ks_toyota_ae86_drift,160,0.4804804804804805,9.3,0.16231562043547265,10,10,0,0,0,0,0,,,,0,0,0,0,0,0,0,0,0.7093021252577189,0.5398689308900918,0.5174846400718146,0.5186356336686675
1943,ks_toyota_ae86_drift,240,0.7207207207207207,9.3,0.16231562043547265,10,10,0,0,0,0,0,,,,0,0,0,0,0,0,0,0,0.7093021252577189,0.5398689308900918,0.5335378791380189,0.5318055724097743
1944,ks_toyota_ae86_drift,80,0.24024024024024024,9.3,0.16231562043547265,10,10,0,0,0,0,0,,,,0,0,0,0,0,0,0,0,0.6946593202551222,0.558265138285022,0.5575430058628518,0.5568065727321069
1944,ks_toyota_ae86_drift,160,0.4804804804804805,9.3,0.16231562043547265,10,10,0,0,0,0,0,,,,0,0,0,0,0,0,0,0,0.6946593202551222,0.558265138285022,0.5575430058628518,0.5568065727321069
1944,ks_toyota_ae86_drift,240,0.7207207207207207,9.3,0.16231562043547265,10,10,0,0,0,0,0,,,,0,0,0,0,0,0,0,0,0.6946593202551222,0.558265138285022,0.5575430058628518,0.5568065727321069
1945,ks_toyota_ae86_drift,80,0.24024024024024024,9.3,0.16231562043547265,10,10,0,0,0,0,0,,,,0,0,0,0,0,0,0,0,0.5622600518975389,0.3754183862024154,0.479928578116235,0.4799780969877176
1945,ks_toyota_ae86_drift,160,0.4804804804804805,9.3,0.16231562043547265,10,10,0,0,0,0,0,,,,0,0,0,0,0,0,0,0,0.5622600518975389,0.3754183862024154,0.479928578116235,0.4799780969877176
1945,ks_toyota_ae86_drift,240,0.7207207207207207,9.3,0.16231562043547265,10,10,0,0,0,0,0,,,,0,0,0,0,0,0,0,0,0.5622600518975389,0.3754183862024154,0.479928578116235,0.4799780969877176
1946,ks_toyota_ae86_drift,80,0.24024024024024024,9.3,0.16231562043547265,10,10,0,0,0,0,0,,,,0,0,0,0,0,0,0,0,0.4828437882313611,0.3058686509574383,0.3937209986613753,0.3942084500525321
1946,ks_toyota_ae86_drift,160,0.4804804804804805,9.3,0.16231562043547265,10,10,0,0,0,0,0,,,,0,0,0,0,0,0,0,0,0.4828437882313611,0.3058686509574383,0.3937209986613753,0.3942084500525321
1946,ks_toyota_ae86_drift,240,0.7207207207207207,9.3,0.16231562043547265,10,10,0,0,0,0,0,,,,0,0,0,0,0,0,0,0,0.4828437882313611,0.3058686509574383,0.3937209986613753,0.3942084500525321
1947,ks_toyota_ae86_drift,80,0.24024024024024024,9.3,0.16231562043547265,10,10,0,0,0,0,0,,,,0,0,0,0,0,0,0,0,0.68455667005988,0.5059998370649968,0.6216424102327174,0.6210078963309937
1947,ks_toyota_ae86_drift,160,0.4804804804804805,9.3,0.16231562043547265,10,10,0,0,0,0,0,,,,0,0,0,0,0,0,0,0,0.68455667005988,0.5059998370649968,0.6216424102327174,0.6210078963309937
1947,ks_toyota_ae86_drift,240,0.7207207207207207,9.3,0.16231562043547265,10,10,0,0,0,0,0,,,,0,0,0,0,0,0,0,0,0.68455667005988,0.5059998370649968,0.6216424102327174,0.6210078963309937
1948,ks_toyota_ae86_drift,80,0.24024024024024024,9.3,0.16231562043547265,10,10,0,0,0,0,0,,,,0,0,0,0,0,0,0,0,0.6172022003028274,0.4564766967141731,0.5685234954489993,0.5685713067731895
1948,ks_toyota_ae86_drift,160,0.4804804804804805,9.3,0.16231562043547265,10,10,0,0,0,0,0,,,,0,0,0,0,0,0,0,0,0.6172022003028274,0.4564766967141731,0.5685234954489993,0.5685713067731895
1948,ks_toyota_ae86_drift,240,0.7207207207207207,9.3,0.16231562043547265,10,10,0,0,0,0,0,,,,0,0,0,0,0,0,0,0,0.6172022003028274,0.4564766967141731,0.5685234954489993,0.5685713067731895
1949,ks_toyota_ae86_drift,80,0.24024024024024024,9.3,0.16231562043547265,10,10,0,0,0,0,0,,,,0,0,0,0,0,0,0,0,0.268766583138253,0.11411727986826566,0.21429810568386243,0.21425492341366062
1949,ks_toyota_ae86_drift,160,0.4804804804804805,9.3,0.16231562043547265,10,10,0,0,0,0,0,,,,0,0,0,0,0,0,0,0,0.268766583138253,0.13685076410785973,0.21429810568386243,0.21425492341366062
1949,ks_toyota_ae86_drift,240,0.7207207207207207,9.3,0.16231562043547265,10,10,0,0,0,0,0,,,,0,0,0,0,0,0,0,0,0.268766583138253,0.20123041967710742,0.21429810568386243,0.21425492341366062
1950,ks_toyota_ae86_drift,80,0.24024024024024024,9.3,0.16231562043547265,10,10,0,0,0,0,0,,,,0,0,0,0,0,0,0,0,0.46620891586864793,0.2717489745671685,0.38816282550257164,0.38776438001403657
1950,ks_toyota_ae86_drift,160,0.4804804804804805,9.3,0.16231562043547265,10,10,0,0,0,0,0,,,,0,0,0,0,0,0,0,0,0.46620891586864793,0.2717489745671685,0.38816282550257164,0.38776438001403657
1950,ks_toyota_ae86_drift,240,0.7207207207207207,9.3,0.16231562043547265,10,10,0,0,0,0,0,,,,0,0,0,0,0,0,0,0,0.46620891586864793,0.2717489745671685,0.38816282550257164,0.38776438001403657
1951,ks_toyota_ae86_drift,80,0.24024024024024024,9.3,0.16231562043547265,10,10,0,0,0,0,0,,,,0,0,0,0,0,0,0,0,0.3283493381564626,0.1182767316706712,0.20704776649840134,0.20867297799489412
1951,ks_toyota_ae86_drift,160,0.4804804804804805,9.3,0.16231562043547265,10,10,0,0,0,0,0,,,,0,0,0,0,0,0,0,0,0.3283493381564626,0.1182767316706712,0.20704776649840134,0.20867297799489412
1951,ks_toyota_ae86_drift,240,0.7207207207207207,9.3,0.16231562043547265,10,10,0,0,0,0,0,,,,0,0,0,0,0,0,0,0,0.3283493381564626,0.1312958326208692,0.20704776649840134,0.20867297799489412
1952,ks_toyota_ae86_drift,80,0.24024024024024024,9.3,0.16231562043547265,10,10,0,0,0,0,0,,,,0,0,0,0,0,0,0,0,0.3249947014177814,0.1108433580896883,0.20237383603284986,0.20200549940555843
1952,ks_toyota_ae86_drift,160,0.4804804804804805,9.3,0.16231562043547265,10,10,0,0,0,0,0,,,,0,0,0,0,0,0,0,0,0.3249947014177814,0.1108433580896883,0.20237383603284986,0.20200549940555843
1952,ks_toyota_ae86_drift,240,0.7207207207207207,9.3,0.16231562043547265,10,10,0,0,0,0,0,,,,0,0,0,0,0,0,0,0,0.3249947014177814,0.1108433580896883,0.20237383603284986,0.20200549940555843
1953,ks_toyota_ae86_drift,80,0.24024024024024024,9.3,0.16231562043547265,10,10,0,0,0,0,0,,,,0,0,0,0,0,0,0,0,0.5947561709777556,0.40538287965851094,0.47550725792826826,0.47547844306770726
1953,ks_toyota_ae86_drift,160,0.4804804804804805,9.3,0.16231562043547265,10,10,0,0,0,0,0,,,,0,0,0,0,0,0,0,0,0.5947561709777556,0.40538287965851094,0.47550725792826826,0.47547844306770726
1953,ks_toyota_ae86_drift,240,0.7207207207207207,9.3,0.16231562043547265,10,10,0,0,0,0,0,,,,0,0,0,0,0,0,0,0,0.5947561709777556,0.40538287965851094,0.47550725792826826,0.47547844306770726
1954,ks_toyota_ae86_drift,80,0.24024024024024024,9.3,0.16231562043547265,10,10,0,0,0,0,0,,,,0,0,0,0,0,0,0,0,0.45026117120860865,0.2817552017012372,0.3486264355745115,0.3481583274925276
1954,ks_toyota_ae86_drift,160,0.4804804804804805,9.3,0.16231562043547265,10,10,0,0,0,0,0,,,,0,0,0,0,0,0,0,0,0.45026117120860865,0.2817552017012372,0.3486264355745115,0.3481583274925276
1954,ks_toyota_ae86_drift,240,0.7207207207207207,9.3,0.16231562043547265,10,10,0,0,0,0,0,,,,0,0,0,0,0,0,0,0,0.45026117120860865,0.2817552017012372,0.3486264355745115,0.3481583274925276
1955,ks_toyota_ae86_drift,80,0.24024024024024024,9.3,0.16231562043547265,10,10,0,0,0,0,0,,,,0,0,0,0,0,0,0,0,0.31071715145322176,0.10872360487871088,0.21745262588399017,0.21712808517670878
1955,ks_toyota_ae86_drift,160,0.4804804804804805,9.3,0.16231562043547265,10,10,0,0,0,0,0,,,,0,0,0,0,0,0,0,0,0.31071715145322176,0.10872360487871088,0.21745262588399017,0.21712808517670878
1955,ks_toyota_ae86_drift,240,0.7207207207207207,9.3,0.16231562043547265,10,10,0,0,0,0,0,,,,0,0,0,0,0,0,0,0,0.31071715145322176,0.10872360487871088,0.21745262588399017,0.21712808517670878
1956,ks_toyota_ae86_drift,80,0.24024024024024024,9.3,0.16231562043547265,10,10,0,0,0,0,0,,,,0,0,0,0,0,0,0,0,0.5098604414107879,0.3231328078582918,0.4243053584650759,0.4236037432908422
1956,ks_toyota_ae86_drift,160,0.4804804804804805,9.3,0.16231562043547265,10,10,0,0,0,0,0,,,,0,0,0,0,0,0,0,0,0.5098604414107879,0.3231328078582918,0.4243053584650759,0.4236037432908422
1956,ks_toyota_ae86_drift,240,0.7207207207207207,9.3,0.16231562043547265,10,10,0,0,0,0,0,,,,0,0,0,0,0,0,0,0,0.5098604414107879,0.3231328078582918,0.4243053584650759,0.4236037432908422
1957,ks_toyota_ae86_drift,80,0.24024024024024024,9.3,0.16231562043547265,10,10,0,0,0,0,0,,,,0,0,0,0,0,0,0,0,0.5239544300414034,0.3475749866487262,0.44579532138890454,0.44571568031596515
1957,ks_toyota_ae86_drift,160,0.4804804804804805,9.3,0.16231562043547265,10,10,0,0,0,0,0,,,,0,0,0,0,0,0,0,0,0.5239544300414034,0.3475749866487262,0.44579532138890454,0.44571568031596515
1957,ks_toyota_ae86_drift,240,0.7207207207207207,9.3,0.16231562043547265,10,10,0,0,0,0,0,,,,0,0,0,0,0,0,0,0,0.5239544300414034,0.3475749866487262,0.44579532138890454,0.44571568031596515
1958,ks_toyota_ae86_drift,80,0.24024024024024024,9.3,0.16231562043547265,10,10,0,0,0,0,0,,,,0,0,0,0,0,0,0,0,0.35245683767756636,0.14610649752644683,0.2782830910449171,0.27754471024304167
1958,ks_toyota_ae86_drift,160,0.4804804804804805,9.3,0.16231562043547265,10,10,0,0,0,0,0,,,,0,0,0,0,0,0,0,0,0.35245683767756636,0.14610649752644683,0.2782830910449171,0.27754471024304167
1958,ks_toyota_ae86_drift,240,0.7207207207207207,9.3,0.16231562043547265,10,10,0,0,0,0,0,,,,0,0,0,0,0,0,0,0,0.35245683767756636,0.14610649752644683,0.2782830910449171,0.27754471024304167
1959,ks_toyota_ae86_drift,80,0.24024024024024024,9.3,0.16231562043547265,10,10,0,0,0,0,0,,,,0,0,0,0,0,0,0,0,0.4676790073657874,0.27148259718953804,0.3783652926641586,0.37832847367566397
1959,ks_toyota_ae86_drift,160,0.4804804804804805,9.3,0.16231562043547265,10,10,0,0,0,0,0,,,,0,0,0,0,0,0,0,0,0.4676790073657874,0.27148259718953804,0.3783652926641586,0.37832847367566397
1959,ks_toyota_ae86_drift,240,0.7207207207207207,9.3,0.16231562043547265,10,10,0,0,0,0,0,,,,0,0,0,0,0,0,0,0,0.4676790073657874,0.27148259718953804,0.3783652926641586,0.37832847367566397
1960,ks_toyota_ae86_drift,80,0.24024024024024024,9.3,0.16231562043547265,10,10,0,0,0,0,0,,,,0,0,0,0,0,0,0,0,0.5452680353464282,0.3678507767258793,0.4519423048789309,0.45296203077767266
1960,ks_toyota_ae86_drift,160,0.4804804804804805,9.3,0.16231562043547265,10,10,0,0,0,0,0,,,,0,0,0,0,0,0,0,0,0.5452680353464282,0.3678507767258793,0.4519423048789309,0.45296203077767266
1960,ks_toyota_ae86_drift,240,0.7207207207207207,9.3,0.16231562043547265,10,10,0,0,0,0,0,,,,0,0,0,0,0,0,0,0,0.5452680353464282,0.3678507767258793,0.4519423048789309,0.45296203077767266
1961,ks_toyota_ae86_drift,80,0.24024024024024024,9.3,0.16231562043547265,10,10,0,0,0,0,0,,,,0,0,0,0,0,0,0,0,0.26779240072745353,0.09173544364922145,0.18347580983712208,0.18307496311020696
1961,ks_toyota_ae86_drift,160,0.4804804804804805,9.3,0.16231562043547265,10,10,0,0,0,0,0,,,,0,0,0,0,0,0,0,0,0.26779240072745353,0.09173544364922145,0.18347580983712208,0.18307496311020696
1961,ks_toyota_ae86_drift,240,0.7207207207207207,9.3,0.16231562043547265,10,10,0,0,0,0,0,,,,0,0,0,0,0,0,0,0,0.26779240072745353,0.1377899818198026,0.18347580983712208,0.18307496311020696
1962,ks_toyota_ae86_drift,80,0.24024024024024024,9.3,0.16231562043547265,10,10,0,0,0,0,0,,,,0,0,0,0,0,0,0,0,0.3628193018655335,0.1862196115525499,0.2592883616435381,0.2592480741996056
1962,ks_toyota_ae86_drift,160,0.4804804804804805,9.3,0.16231562043547265,10,10,0,0,0,0,0,,,,0,0,0,0,0,0,0,0,0.3628193018655335,0.1862196115525499,0.2592883616435381,0.2592480741996056
1962,ks_toyota_ae86_drift,240,0.7207207207207207,9.3,0.16231562043547265,10,10,0,0,0,0,0,,,,0,0,0,0,0,0,0,0,0.3628193018655335,0.1862196115525499,0.2592883616435381,0.2592480741996056
1963,ks_toyota_ae86_drift,80,0.24024024024024024,9.3,0.16231562043547265,10,10,0,0,0,0,0,,,,0,0,0,0,0,0,0,0,0.32469812179741475,0.15240613307638032,0.26042420075817,0.26044188988090333
1963,ks_toyota_ae86_drift,160,0.4804804804804805,9.3,0.16231562043547265,10,10,0,0,0,0,0,,,,0,0,0,0,0,0,0,0,0.32469812179741475,0.17940881905256295,0.26042420075817,0.26044188988090333
1963,ks_toyota_ae86_drift,240,0.7207207207207207,9.3,0.16231562043547265,10,10,0,0,0,0,0,,,,0,0,0,0,0,0,0,0,0.32469812179741475,0.24083708584842464,0.26042420075817,0.26044188988090333
1964,ks_toyota_ae86_drift,80,0.24024024024024024,9.3,0.16231562043547265,10,10,0,0,0,0,0,,,,0,0,0,0,0,0,0,0,0.49505125726887794,0.3160542505984992,0.3908525860142344,0.39179120341658225
1964,ks_toyota_ae86_drift,160,0.4804804804804805,9.3,0.16231562043547265,10,10,0,0,0,0,0,,,,0,0,0,0,0,0,0,0,0.49505125726887794,0.3160542505984992,0.3908525860142344,0.39179120341658225
1964,ks_toyota_ae86_drift,240,0.7207207207207207,9.3,0.16231562043547265,10,10,0,0,0,0,0,,,,0,0,0,0,0,0,0,0,0.49505125726887794,0.3160542505984992,0.3908525860142344,0.39179120341658225
1965,ks_toyota_ae86_drift,80,0.24024024024024024,9.3,0.16231562043547265,10,10,0,0,0,0,0,,,,0,0,0,0,0,0,0,0,0.3559952225131768,0.19187502152553368,0.2851863579029637,0.2842177250208648
1965,ks_toyota_ae86_drift,160,0.4804804804804805,9.3,0.16231562043547265,10,10,0,0,0,0,0,,,,0,0,0,0,0,0,0,0,0.3559952225131768,0.19187502152553368,0.2851863579029637,0.2842177250208648
1965,ks_toyota_ae86_drift,240,0.7207207207207207,9.3,0.16231562043547265,10,10,0,0,0,0,0,,,,0,0,0,0,0,0,0,0,0.3559952225131768,0.19187502152553368,0.2851863579029637,0.2842177250208648
1966,ks_toyota_ae86_drift,80,0.24024024024024024,9.3,0.16231562043547265,10,10,0,0,0,0,0,,,,0,0,0,0,0,0,0,0,0.39450161457831373,0.18891188002429854,0.28312689578564615,0.28220236564846146
1966,ks_toyota_ae86_drift,160,0.4804804804804805,9.3,0.16231562043547265,10,10,0,0,0,0,0,,,,0,0,0,0,0,0,0,0,0.39450161457831373,0.18891188002429854,0.28312689578564615,0.28220236564846146
1966,ks_toyota_ae86_drift,240,0.7207207207207207,9.3,0.16231562043547265,10,10,0,0,0,0,0,,,,0,0,0,0,0,0,0,0,0.39450161457831373,0.18891188002429854,0.28312689578564615,0.28220236564846146
1967,ks_toyota_ae86_drift,80,0.24024024024024024,9.3,0.16231562043547265,10,10,0,0,0,0,0,,,,0,0,0,0,0,0,0,0,0.28314202358744067,0.1464600932181272,0.21581606186604488,0.21507806793035292
1967,ks_toyota_ae86_drift,160,0.4804804804804805,9.3,0.16231562043547265,10,10,0,0,0,0,0,,,,0,0,0,0,0,0,0,0,0.28314202358744067,0.1464600932181272,0.21581606186604488,0.21507806793035292
1967,ks_toyota_ae86_drift,240,0.7207207207207207,9.3,0.16231562043547265,10,10,0,0,0,0,0,,,,0,0,0,0,0,0,0,0,0.28314202358744067,0.15860487659371067,0.21581606186604488,0.21507806793035292
1968,ks_toyota_ae86_drift,80,0.24024024024024024,9.3,0.16231562043547265,10,10,0,0,0,0,0,,,,0,0,0,0,0,0,0,0,0.35676620679616844,0.1771419566402724,0.28094008799290493,0.2807268046639007
1968,ks_toyota_ae86_drift,160,0.4804804804804805,9.3,0.16231562043547265,10,10,0,0,0,0,0,,,,0,0,0,0,0,0,0,0,0.35676620679616844,0.1771419566402724,0.28094008799290493,0.2807268046639007
1968,ks_toyota_ae86_drift,240,0.7207207207207207,9.3,0.16231562043547265,10,10,0,0,0,0,0,,,,0,0,0,0,0,0,0,0,0.35676620679616844,0.1771419566402724,0.28094008799290493,0.2807268046639007
1969,ks_toyota_ae86_drift,80,0.24024024024024024,9.3,0.16231562043547265,10,10,0,0,0,0,0,,,,0,0,0,0,0,0,0,0,0.447126968153219,0.2115033176734975,0.30828797866665086,0.30918537481014063
1969,ks_toyota_ae86_drift,160,0.4804804804804805,9.3,0.16231562043547265,10,10,0,0,0,0,0,,,,0,0,0,0,0,0,0,0,0.447126968153219,0.2115033176734975,0.30828797866665086,0.30918537481014063
1969,ks_toyota_ae86_drift,240,0.7207207207207207,9.3,0.16231562043547265,10,10,0,0,0,0,0,,,,0,0,0,0,0,0,0,0,0.447126968153219,0.2115033176734975,0.30828797866665086,0.30918537481014063
1970,ks_toyota_ae86_drift,80,0.24024024024024024,9.3,0.16231562043547265,10,10,0,0,0,0,0,,,,0,0,0,0,0,0,0,0,0.4001935633953144,0.21246618758348418,0.3143526530410933,0.31368876398985335
1970,ks_toyota_ae86_drift,160,0.4804804804804805,9.3,0.16231562043547265,10,10,0,0,0,0,0,,,,0,0,0,0,0,0,0,0,0.4001935633953144,0.21246618758348418,0.3143526530410933,0.31368876398985335
1970,ks_toyota_ae86_drift,240,0.7207207207207207,9.3,0.16231562043547265,10,10,0,0,0,0,0,,,,0,0,0,0,0,0,0,0,0.4001935633953144,0.21246618758348418,0.3143526530410933,0.31368876398985335
1971,ks_toyota_ae86_drift,80,0.24024024024024024,9.3,0.16231562043547265,10,10,0,0,0,0,0,,,,0,0,0,0,0,0,0,0,0.310377909830969,0.09646416237047846,0.21180072438708394,0.21168195646876242
1971,ks_toyota_ae86_drift,160,0.4804804804804805,9.3,0.16231562043547265,10,10,0,0,0,0,0,,,,0,0,0,0,0,0,0,0,0.310377909830969,0.09646416237047846,0.21180072438708394,0.21168195646876242
1971,ks_toyota_ae86_drift,240,0.7207207207207207,9.3,0.16231562043547265,10,10,0,0,0,0,0,,,,0,0,0,0,0,0,0,0,0.310377909830969,0.12238729159161561,0.21180072438708394,0.21168195646876242
1972,ks_toyota_ae86_drift,80,0.24024024024024024,9.3,0.16231562043547265,10,10,0,0,0,0,0,,,,0,0,0,0,0,0,0,0,0.42174758602303836,0.2643948085021953,0.34109711250992447,0.3408114985448269
1972,ks_toyota_ae86_drift,160,0.4804804804804805,9.3,0.16231562043547265,10,10,0,0,0,0,0,,,,0,0,0,0,0,0,0,0,0.42174758602303836,0.2643948085021953,0.34109711250992447,0.3408114985448269
1972,ks_toyota_ae86_drift,240,0.7207207207207207,9.3,0.16231562043547265,10,10,0,0,0,0,0,,,,0,0,0,0,0,0,0,0,0.42174758602303836,0.2643948085021953,0.34109711250992447,0.3408114985448269
1973,ks_toyota_ae86_drift,80,0.24024024024024024,9.3,0.16231562043547265,10,10,0,0,0,0,0,,,,0,0,0,0,0,0,0,0,0.35475394235323277,0.152290673530938,0.23937321089064695,0.23922193287270174
1973,ks_toyota_ae86_drift,160,0.4804804804804805,9.3,0.16231562043547265,10,10,0,0,0,0,0,,,,0,0,0,0,0,0,0,0,0.35475394235323277,0.152290673530938,0.23937321089064695,0.23922193287270174
1973,ks_toyota_ae86_drift,240,0.7207207207207207,9.3,0.16231562043547265,10,10,0,0,0,0,0,,,,0,0,0,0,0,0,0,0,0.35475394235323277,0.152290673530938,0.23937321089064695,0.23922193287270174
1974,ks_toyota_ae86_drift,80,0.24024024024024024,9.3,0.16231562043547265,10,10,0,0,0,0,0,,,,0,0,0,0,0,0,0,0,0.36360367972260077,0.18633033532229817,0.2650884995897747,0.2648760433539903
1974,ks_toyota_ae86_drift,160,0.4804804804804805,9.3,0.16231562043547265,10,10,0,0,0,0,0,,,,0,0,0,0,0,0,0,0,0.36360367972260077,0.18633033532229817,0.2650884995897747,0.2648760433539903
1974,ks_toyota_ae86_drift,240,0.7207207207207207,9.3,0.16231562043547265,10,10,0,0,0,0,0,,,,0,0,0,0,0,0,0,0,0.36360367972260077,0.18633033532229817,0.2650884995897747,0.2648760433539903
1975,ks_toyota_ae86_drift,80,0.24024024024024024,9.3,0.16231562043547265,10,10,0,0,0,0,0,,,,0,0,0,0,0,0,0,0,0.3625217617498149,0.1903968458591813,0.2922130217333201,0.29161295226213746
1975,ks_toyota_ae86_drift,160,0.4804804804804805,9.3,0.16231562043547265,10,10,0,0,0,0,0,,,,0,0,0,0,0,0,0,0,0.3625217617498149,0.1903968458591813,0.2922130217333201,0.29161295226213746
1975,ks_toyota_ae86_drift,240,0.7207207207207207,9.3,0.16231562043547265,10,10,0,0,0,0,0,,,,0,0,0,0,0,0,0,0,0.3625217617498149,0.1903968458591813,0.2922130217333201,0.29161295226213746
1976,ks_toyota_ae86_drift,80,0.24024024024024024,9.3,0.16231562043547265,10,10,0,0,0,0,0,,,,0,0,0,0,0,0,0,0,0.35520308065201395,0.1668167516678362,0.2736653228770331,0.273027420561151
1976,ks_toyota_ae86_drift,160,0.4804804804804805,9.3,0.16231562043547265,10,10,0,0,0,0,0,,,,0,0,0,0,0,0,0,0,0.35520308065201395,0.1668167516678362,0.2736653228770331,0.273027420561151
1976,ks_toyota_ae86_drift,240,0.7207207207207207,9.3,0.16231562043547265,10,10,0,0,0,0,0,,,,0,0,0,0,0,0,0,0,0.35520308065201395,0.1774148040213159,0.2736653228770331,0.273027420561151
1977,ks_toyota_ae86_drift,80,0.24024024024024024,9.3,0.16231562043547265,10,10,0,0,0,0,0,,,,0,0,0,0,0,0,0,0,0.3679152366361713,0.20491511997134418,0.2747459335089232,0.27488891391424386
1977,ks_toyota_ae86_drift,160,0.4804804804804805,9.3,0.16231562043547265,10,10,0,0,0,0,0,,,,0,0,0,0,0,0,0,0,0.3679152366361713,0.20491511997134418,0.2747459335089232,0.27488891391424386
1977,ks_toyota_ae86_drift,240,0.7207207207207207,9.3,0.16231562043547265,10,10,0,0,0,0,0,,,,0,0,0,0,0,0,0,0,0.3679152366361713,0.22340035994932256,0.2747459335089232,0.27488891391424386
1978,ks_toyota_ae86_drift,80,0.24024024024024024,9.3,0.16231562043547265,10,10,0,0,0,0,0,,,,0,0,0,0,0,0,0,0,0.42693676888410265,0.26716167544628516,0.36948244488557186,0.3690405103019309
1978,ks_toyota_ae86_drift,160,0.4804804804804805,9.3,0.16231562043547265,10,10,0,0,0,0,0,,,,0,0,0,0,0,0,0,0,0.42693676888410265,0.26716167544628516,0.36948244488557186,0.3690405103019309
1978,ks_toyota_ae86_drift,240,0.7207207207207207,9.3,0.16231562043547265,10,10,0,0,0,0,0,,,,0,0,0,0,0,0,0,0,0.42693676888410265,0.28236548977574843,0.36948244488557186,0.3690405103019309
1979,ks_toyota_ae86_drift,80,0.24024024024024024,9.3,0.16231562043547265,10,10,0,0,0,0,0,,,,0,0,0,0,0,0,0,0,0.37737288752209686,0.20152858678284757,0.3187852056885936,0.31973454862237244
1979,ks_toyota_ae86_drift,160,0.4804804804804805,9.3,0.16231562043547265,10,10,0,0,0,0,0,,,,0,0,0,0,0,0,0,0,0.37737288752209686,0.22080155301141205,0.3187852056885936,0.31973454862237244
1979,ks_toyota_ae86_drift,240,0.7207207207207207,9.3,0.16231562043547265,10,10,0,0,0,0,0,,,,0,0,0,0,0,0,0,0,0.37737288752209686,0.34413465238030255,0.3187852056885936,0.31973454862237244
1980,ks_toyota_ae86_drift,80,0.24024024024024024,9.3,0.16231562043547265,10,10,0,0,0,0,0,,,,0,0,0,0,0,0,0,0,0.3433120414721391,0.13935542916105778,0.2589333785696825,0.25871206443231826
1980,ks_toyota_ae86_drift,160,0.4804804804804805,9.3,0.16231562043547265,10,10,0,0,0,0,0,,,,0,0,0,0,0,0,0,0,0.3433120414721391,0.24195379509729528,0.2589333785696825,0.25871206443231826
1980,ks_toyota_ae86_drift,240,0.7207207207207207,9.3,0.16231562043547265,10,10,0,0,0,0,0,,,,0,0,0,0,0,0,0,0,0.3433120414721391,0.3253405064249397,0.2589333785696825,0.25871206443231826
1981,ks_toyota_ae86_drift,80,0.24024024024024024,9.3,0.16231562043547265,10,10,0,0,0,0,0,,,,0,0,0,0,0,0,0,0,0.33223366140136357,0.17834344294417318,0.27654051235249116,0.2760475381130602
1981,ks_toyota_ae86_drift,160,0.4804804804804805,9.3,0.16231562043547265,10,10,0,0,0,0,0,,,,0,0,0,0,0,0,0,0,0.33223366140136357,0.17834344294417318,0.27654051235249116,0.2760475381130602
1981,ks_toyota_ae86_drift,240,0.7207207207207207,9.3,0.16231562043547265,10,10,0,0,0,0,0,,,,0,0,0,0,0,0,0,0,0.33223366140136357,0.22604222909551588,0.27654051235249116,0.2760475381130602
1982,ks_toyota_ae86_drift,80,0.24024024024024024,9.3,0.16231562043547265,10,10,0,0,0,0,0,,,,0,0,0,0,0,0,0,0,0.29914913219632094,0.12016219738692528,0.20898784704758908,0.20893447285448513
1982,ks_toyota_ae86_drift,160,0.4804804804804805,9.3,0.16231562043547265,10,10,0,0,0,0,0,,,,0,0,0,0,0,0,0,0,0.29914913219632094,0.12016219738692528,0.20898784704758908,0.20893447285448513
1982,ks_toyota_ae86_drift,240,0.7207207207207207,9.3,0.16231562043547265,10,10,0,0,0,0,0,,,,0,0,0,0,0,0,0,0,0.29914913219632094,0.14930858892692664,0.20898784704758908,0.20893447285448513
1983,ks_toyota_ae86_drift,80,0.24024024024024024,9.3,0.16231562043547265,10,10,0,0,0,0,0,,,,0,0,0,0,0,0,0,0,0.12127743921234142,0.14741004980171432,0.07140677296685366,0.07123890639376605
1983,ks_toyota_ae86_drift,160,0.4804804804804805,9.3,0.16231562043547265,10,10,0,0,0,0,0,,,,0,0,0,0,0,0,0,0,0.12127743921234142,0.17543211483109492,0.07349789808025521,0.07335337021020068
1983,ks_toyota_ae86_drift,240,0.7207207207207207,9.3,0.16231562043547265,10,10,0,0,0,0,0,,,,0,0,0,0,0,0,0,0,0.12127743921234142,0.2069421120096777,0.13857520011030283,0.13860685643628026
1984,ks_toyota_ae86_drift,80,0.24024024024024024,9.3,0.16231562043547265,10,10,0,0,0,0,0,,,,0,0,0,0,0,0,0,0,0.2018837833001147,0.058491078679451275,0.09947572884571196,0.09977785799477924
1984,ks_toyota_ae86_drift,160,0.4804804804804805,9.3,0.16231562043547265,10,10,0,0,0,0,0,,,,0,0,0,0,0,0,0,0,0.2018837833001147,0.09277241177355351,0.09947572884571196,0.09977785799477924
1984,ks_toyota_ae86_drift,240,0.7207207207207207,9.3,0.16231562043547265,10,10,0,0,0,0,0,,,,0,0,0,0,0,0,0,0,0.2018837833001147,0.10776222907260515,0.09947572884571196,0.09977785799477924
1985,ks_toyota_ae86_drift,80,0.24024024024024024,9.3,0.16231562043547265,10,10,0,0,0,0,0,,,,0,0,0,0,0,0,0,0,0.13579161787904498,0.11825001122358617,0.08246464912990596,0.08263947262418919
1985,ks_toyota_ae86_drift,160,0.4804804804804805,9.3,0.16231562043547265,10,10,0,0,0,0,0,,,,0,0,0,0,0,0,0,0,0.13579161787904498,0.18016183406834363,0.08349678809705141,0.08328179722075468
1985,ks_toyota_ae86_drift,240,0.7207207207207207,9.3,0.16231562043547265,10,10,0,0,0,0,0,,,,0,0,0,0,0,0,0,0,0.13579161787904498,0.22442598222230872,0.13601786789530165,0.1360659593639694
1986,ks_toyota_ae86_drift,80,0.24024024024024024,9.3,0.16231562043547265,10,10,0,0,0,0,0,,,,0,0,0,0,0,0,0,0,0.36945789889324215,0.20287666868985238,0.31088366399466727,0.3120211839761653
1986,ks_toyota_ae86_drift,160,0.4804804804804805,9.3,0.16231562043547265,10,10,0,0,0,0,0,,,,0,0,0,0,0,0,0,0,0.36945789889324215,0.20287666868985238,0.31088366399466727,0.3120211839761653
1986,ks_toyota_ae86_drift,240,0.7207207207207207,9.3,0.16231562043547265,10,10,0,0,0,0,0,,,,0,0,0,0,0,0,0,0,0.36945789889324215,0.20793188912973454,0.31088366399466727,0.3120211839761653
1987,ks_toyota_ae86_drift,80,0.24024024024024024,9.3,0.16231562043547265,10,10,0,0,0,0,0,,,,0,0,0,0,0,0,0,0,0.25865219355537483,0.08706184668900056,0.17212638331408808,0.17203537637948293
1987,ks_toyota_ae86_drift,160,0.4804804804804805,9.3,0.16231562043547265,10,10,0,0,0,0,0,,,,0,0,0,0,0,0,0,0,0.25865219355537483,0.11227351565854567,0.17212638331408808,0.17203537637948293
1987,ks_toyota_ae86_drift,240,0.7207207207207207,9.3,0.16231562043547265,10,10,0,0,0,0,0,,,,0,0,0,0,0,0,0,0,0.25865219355537483,0.1292693741910646,0.17212638331408808,0.17203537637948293
1988,ks_toyota_ae86_drift,80,0.24024024024024024,9.3,0.16231562043547265,10,10,0,0,0,0,0,,,,0,0,0,0,0,0,0,0,0.17143438643358794,0.12405101628368229,0.09437911372419984,0.09405793475065058
1988,ks_toyota_ae86_drift,160,0.4804804804804805,9.3,0.16231562043547265,10,10,0,0,0,0,0,,,,0,0,0,0,0,0,0,0,0.17143438643358794,0.18484655676639222,0.09437911372419984,0.09405793475065058
1988,ks_toyota_ae86_drift,240,0.7207207207207207,9.3,0.16231562043547265,10,10,0,0,0,0,0,,,,0,0,0,0,0,0,0,0,0.17143438643358794,0.2575030942687995,0.1494469669586855,0.1497640905074151
1989,ks_toyota_ae86_drift,80,0.24024024024024024,9.3,0.16231562043547265,10,10,0,0,0,0,0,,,,0,0,0,0,0,0,0,0,0.3463127623540226,0.19267854258857545,0.2701860351859992,0.27096803848511275
1989,ks_toyota_ae86_drift,160,0.4804804804804805,9.3,0.16231562043547265,10,10,0,0,0,0,0,,,,0,0,0,0,0,0,0,0,0.3463127623540226,0.19267854258857545,0.2701860351859992,0.27096803848511275
1989,ks_toyota_ae86_drift,240,0.7207207207207207,9.3,0.16231562043547265,10,10,0,0,0,0,0,,,,0,0,0,0,0,0,0,0,0.3463127623540226,0.1990808977803236,0.2701860351859992,0.27096803848511275
1990,ks_toyota_ae86_drift,80,0.24024024024024024,9.3,0.16231562043547265,10,10,0,0,0,0,0,,,,0,0,0,0,0,0,0,0,0.3898228816360021,0.16190720635634573,0.2628868841603563,0.2631007277783159
1990,ks_toyota_ae86_drift,160,0.4804804804804805,9.3,0.16231562043547265,10,10,0,0,0,0,0,,,,0,0,0,0,0,0,0,0,0.3898228816360021,0.16190720635634573,0.2628868841603563,0.2631007277783159
1990,ks_toyota_ae86_drift,240,0.7207207207207207,9.3,0.16231562043547265,10,10,0,0,0,0,0,,,,0,0,0,0,0,0,0,0,0.3898228816360021,0.16190720635634573,0.2628868841603563,0.2631007277783159
1991,ks_toyota_ae86_drift,80,0.24024024024024024,9.3,0.16231562043547265,10,10,0,0,0,0,0,,,,0,0,0,0,0,0,0,0,0.22900983956818066,0.021911440290492634,0.10444629896258957,0.1043056864451159
1991,ks_toyota_ae86_drift,160,0.4804804804804805,9.3,0.16231562043547265,10,10,0,0,0,0,0,,,,0,0,0,0,0,0,0,0,0.22900983956818066,0.042112365091040035,0.10444629896258957,0.1043056864451159
1991,ks_toyota_ae86_drift,240,0.7207207207207207,9.3,0.16231562043547265,10,10,0,0,0,0,0,,,,0,0,0,0,0,0,0,0,0.22900983956818066,0.050967168406379354,0.14577686085771438,0.14601459679755577
1992,ks_toyota_ae86_drift,80,0.24024024024024024,9.3,0.16231562043547265,10,10,0,0,0,0,0,,,,0,0,0,0,0,0,0,0,0.3436750553543547,0.16996273413150143,0.23620208212505697,0.23613076534516853
1992,ks_toyota_ae86_drift,160,0.4804804804804805,9.3,0.16231562043547265,10,10,0,0,0,0,0,,,,0,0,0,0,0,0,0,0,0.3436750553543547,0.16996273413150143,0.23620208212505697,0.23613076534516853
1992,ks_toyota_ae86_drift,240,0.7207207207207207,9.3,0.16231562043547265,10,10,0,0,0,0,0,,,,0,0,0,0,0,0,0,0,0.3436750553543547,0.16996273413150143,0.23620208212505697,0.23613076534516853
1993,ks_toyota_ae86_drift,80,0.24024024024024024,9.3,0.16231562043547265,10,10,0,0,0,0,0,,,,0,0,0,0,0,0,0,0,0.25627083209299406,0.0822544073695165,0.13354540611682314,0.13341808712182587
1993,ks_toyota_ae86_drift,160,0.4804804804804805,9.3,0.16231562043547265,10,10,0,0,0,0,0,,,,0,0,0,0,0,0,0,0,0.25627083209299406,0.0822544073695165,0.13354540611682314,0.13341808712182587
1993,ks_toyota_ae86_drift,240,0.7207207207207207,9.3,0.16231562043547265,10,10,0,0,0,0,0,,,,0,0,0,0,0,0,0,0,0.2825035076217503,0.12787847019961496,0.20674251573943994,0.20563783936289617
1994,ks_toyota_ae86_drift,80,0.24024024024024024,9.3,0.16231562043547265,10,10,0,0,0,0,0,,,,0,0,0,0,0,0,0,0,0.44616375139768855,0.25471861824325576,0.2886647918203514,0.2899379550898976
1994,ks_toyota_ae86_drift,160,0.4804804804804805,9.3,0.16231562043547265,10,10,0,0,0,0,0,,,,0,0,0,0,0,0,0,0,0.44616375139768855,0.25471861824325576,0.2886647918203514,0.2899379550898976
1994,ks_toyota_ae86_drift,240,0.7207207207207207,9.3,0.16231562043547265,10,10,0,0,0,0,0,,,,0,0,0,0,0,0,0,0,0.44616375139768855,0.25471861824325576,0.3168370276299797,0.31574027534009014
1995,ks_toyota_ae86_drift,80,0.24024024024024024,9.3,0.16231562043547265,10,10,0,0,0,0,0,,,,0,0,0,0,0,0,0,0,0.2946813613859128,0.1358868536612417,0.14790683934212698,0.14758907546316272
1995,ks_toyota_ae86_drift,160,0.4804804804804805,9.3,0.16231562043547265,10,10,0,0,0,0,0,,,,0,0,0,0,0,0,0,0,0.4178674249246629,0.26136231123241543,0.29794312356013763,0.29752477447347436
1995,ks_toyota_ae86_drift,240,0.7207207207207207,9.3,0.16231562043547265,10,10,0,0,0,0,0,,,,0,0,0,0,0,0,0,0,0.5319564235408965,0.36499538412684374,0.4285526155509131,0.4281290104202401
1996,ks_toyota_ae86_drift,80,0.24024024024024024,9.3,0.16231562043547265,10,10,0,0,0,0,0,,,,0,0,0,0,0,0,0,0,0.3335247805979075,0.16075501214030277,0.18930232138489997,0.1887362427770087
1996,ks_toyota_ae86_drift,160,0.4804804804804805,9.3,0.16231562043547265,10,10,0,0,0,0,0,,,,0,0,0,0,0,0,0,0,0.38577065846748043,0.17798452450741695,0.254687001937918,0.25384987687776833
1996,ks_toyota_ae86_drift,240,0.7207207207207207,9.3,0.16231562043547265,10,10,0,0,0,0,0,,,,0,0,0,0,0,0,0,0,0.38577065846748043,0.23723357409186113,0.2933847727019475,0.2931809609243314
1997,ks_toyota_ae86_drift,80,0.24024024024024024,9.3,0.16231562043547265,10,10,0,0,0,0,0,,,,0,0,0,0,0,0,0,0,0.4945323763353685,0.28596417237512534,0.41285443959984375,0.4112698357124008
1997,ks_toyota_ae86_drift,160,0.4804804804804805,9.3,0.16231562043547265,10,10,0,0,0,0,0,,,,0,0,0,0,0,0,0,0,0.4945323763353685,0.28596417237512534,0.41285443959984375,0.4112698357124008
1997,ks_toyota_ae86_drift,240,0.7207207207207207,9.3,0.16231562043547265,10,10,0,0,0,0,0,,,,0,0,0,0,0,0,0,0,0.4945323763353685,0.28596417237512534,0.41285443959984375,0.4112698357124008
1998,ks_toyota_ae86_drift,80,0.24024024024024024,9.3,0.16231562043547265,10,10,0,0,0,0,0,,,,0,0,0,0,0,0,0,0,0.5289902004504068,0.31863803645632094,0.46514164544998055,0.4644239419786003
1998,ks_toyota_ae86_drift,160,0.4804804804804805,9.3,0.16231562043547265,10,10,0,0,0,0,0,,,,0,0,0,0,0,0,0,0,0.5289902004504068,0.31863803645632094,0.46514164544998055,0.4644239419786003
1998,ks_toyota_ae86_drift,240,0.7207207207207207,9.3,0.16231562043547265,10,10,0,0,0,0,0,,,,0,0,0,0,0,0,0,0,0.5289902004504068,0.3915180492106346,0.46514164544998055,0.4644239419786003
1999,ks_toyota_ae86_drift,80,0.24024024024024024,9.3,0.16231562043547265,10,10,0,0,0,0,0,,,,0,0,0,0,0,0,0,0,0.5264752500928142,0.31441807344673733,0.4730344092836063,0.47073103470772526
1999,ks_toyota_ae86_drift,160,0.4804804804804805,9.3,0.16231562043547265,10,10,0,0,0,0,0,,,,0,0,0,0,0,0,0,0,0.5264752500928142,0.3931704747421017,0.4730344092836063,0.47073103470772526
1999,ks_toyota_ae86_drift,240,0.7207207207207207,9.3,0.16231562043547265,10,10,0,0,0,0,0,,,,0,0,0,0,0,0,0,0,0.5264752500928142,0.5392299880375783,0.4730344092836063,0.47073103470772526
2000,ks_toyota_ae86_drift,80,0.24024024024024024,9.3,0.16231562043547265,10,10,0,0,0,0,0,,,,0,0,0,0,0,0,0,0,0.4205886683395312,0.23641571229960498,0.3523432591021885,0.353966176082007
2000,ks_toyota_ae86_drift,160,0.4804804804804805,9.3,0.16231562043547265,10,10,0,0,0,0,0,,,,0,0,0,0,0,0,0,0,0.4205886683395312,0.30044217238356896,0.3523432591021885,0.353966176082007
2000,ks_toyota_ae86_drift,240,0.7207207207207207,9.3,0.16231562043547265,10,10,0,0,0,0,0,,,,0,0,0,0,0,0,0,0,0.4205886683395312,0.4506271732985861,0.3567289075599978,0.3571310349473823
2001,ks_toyota_ae86_drift,80,0.24024024024024024,9.3,0.16231562043547265,10,10,0,0,0,0,0,,,,0,0,0,0,0,0,0,0,0.3124422277858996,0.1568344702165022,0.2746806465054114,0.27674242981982966
2001,ks_toyota_ae86_drift,160,0.4804804804804805,9.3,0.16231562043547265,10,10,0,0,0,0,0,,,,0,0,0,0,0,0,0,0,0.3124422277858996,0.3223120378995531,0.2746806465054114,0.27674242981982966
2001,ks_toyota_ae86_drift,240,0.7207207207207207,9.3,0.16231562043547265,10,10,0,0,0,0,0,,,,0,0,0,0,0,0,0,0,0.3124422277858996,0.46966157649408935,0.38668366266044074,0.38803355883644386
2002,ks_toyota_ae86_drift,80,0.24024024024024024,9.3,0.16231562043547265,10,10,0,0,0,0,0,,,,0,0,0,0,0,0,0,0,0.25272086795230636,0.1317350191205863,0.19476540550385235,0.19447326817448884
2002,ks_toyota_ae86_drift,160,0.4804804804804805,9.3,0.16231562043547265,10,10,0,0,0,0,0,,,,0,0,0,0,0,0,0,0,0.25272086795230636,0.2966291925989829,0.19476540550385235,0.19447326817448884
2002,ks_toyota_ae86_drift,240,0.7207207207207207,9.3,0.16231562043547265,10,10,0,0,0,0,0,,,,0,0,0,0,0,0,0,0,0.2601627325790055,0.4299260972238939,0.34198079491422134,0.342291275036766
2003,ks_toyota_ae86_drift,80,0.24024024024024024,9.3,0.16231562043547265,10,10,0,0,0,0,0,,,,0,0,0,0,0,0,0,0,0.1551989067145486,0.1541813152499225,0.10419657684116759,0.10429641499692613
2003,ks_toyota_ae86_drift,160,0.4804804804804805,9.3,0.16231562043547265,10,10,0,0,0,0,0,,,,0,0,0,0,0,0,0,0,0.1551989067145486,0.2976693023435289,0.18871097641316495,0.1899498553347289
2003,ks_toyota_ae86_drift,240,0.7207207207207207,9.3,0.16231562043547265,10,10,0,0,0,0,0,,,,0,0,0,0,0,0,0,0,0.23357494057426148,0.38527221474062817,0.30784233550373397,0.308301585684138
2004,ks_toyota_ae86_drift,80,0.24024024024024024,9.3,0.16231562043547265,10,10,0,0,0,0,0,,,,0,0,0,0,0,0,0,0,0.1614405923782428,0.12682552716994874,0.121074387826879,0.12072099223839695
2004,ks_toyota_ae86_drift,160,0.4804804804804805,9.3,0.16231562043547265,10,10,0,0,0,0,0,,,,0,0,0,0,0,0,0,0,0.1614405923782428,0.23401364682630257,0.12367410189928865,0.12377075174408698
2004,ks_toyota_ae86_drift,240,0.7207207207207207,9.3,0.16231562043547265,10,10,0,0,0,0,0,,,,0,0,0,0,0,0,0,0,0.1614405923782428,0.30019385765464196,0.2098593364970004,0.20992244904575688
2005,ks_toyota_ae86_drift,80,0.24024024024024024,9.3,0.16231562043547265,10,10,0,0,0,0,0,,,,0,0,0,0,0,0,0,0,0.07331531725198298,0.25474689949528784,0.11486131692054748,0.11527420986000268
2005,ks_toyota_ae86_drift,160,0.4804804804804805,9.3,0.16231562043547265,10,10,0,0,0,0,0,,,,0,0,0,0,0,0,0,0,0.07331531725198298,0.25474689949528784,0.14002214633750096,0.1413758844949122
2005,ks_toyota_ae86_drift,240,0.7207207207207207,9.3,0.16231562043547265,10,10,0,0,0,0,0,,,,0,0,0,0,0,0,0,0,0.08055246963667345,0.25474689949528784,0.16207612013617131,0.1623997136883139
2006,ks_toyota_ae86_drift,80,0.24024024024024024,9.3,0.16231562043547265,10,10,0,0,0,0,0,,,,0,0,0,0,0,0,0,0,0.12940645822214086,0.28464034297575935,0.1203580583974607,0.12057951927717042
2006,ks_toyota_ae86_drift,160,0.4804804804804805,9.3,0.16231562043547265,10,10,0,0,0,0,0,,,,0,0,0,0,0,0,0,0,0.227537400193514,0.39448739391101834,0.26999561698245866,0.2700963089118634
2006,ks_toyota_ae86_drift,240,0.7207207207207207,9.3,0.16231562043547265,10,10,0,0,0,0,0,,,,0,0,0,0,0,0,0,0,0.3197480489181538,0.48820057753135515,0.3796546776329836,0.37992831208660727
2007,ks_toyota_ae86_drift,80,0.24024024024024024,9.3,0.16231562043547265,10,10,0,0,0,0,0,,,,0,0,0,0,0,0,0,0,0.16505449616090678,0.17085033855848572,0.10929603342809613,0.10812913829708176
2007,ks_toyota_ae86_drift,160,0.4804804804804805,9.3,0.16231562043547265,10,10,0,0,0,0,0,,,,0,0,0,0,0,0,0,0,0.16505449616090678,0.3291009524498549,0.1990197329026976,0.19909763974791805
2007,ks_toyota_ae86_drift,240,0.7207207207207207,9.3,0.16231562043547265,10,10,0,0,0,0,0,,,,0,0,0,0,0,0,0,0,0.2787034945244167,0.44893792877862443,0.3536817627360994,0.3540138273236384
2008,ks_toyota_ae86_drift,80,0.24024024024024024,9.3,0.16231562043547265,10,10,0,0,0,0,0,,,,0,0,0,0,0,0,0,0,0.1020584941772222,0.1303873107395517,0.045738018266499904,0.04572385096005742
2008,ks_toyota_ae86_drift,160,0.4804804804804805,9.3,0.16231562043547265,10,10,0,0,0,0,0,,,,0,0,0,0,0,0,0,0,0.1020584941772222,0.1401205837708711,0.045738018266499904,0.04572385096005742
2008,ks_toyota_ae86_drift,240,0.7207207207207207,9.3,0.16231562043547265,10,10,0,0,0,0,0,,,,0,0,0,0,0,0,0,0,0.10562888885446042,0.15708817439157116,0.045738018266499904,0.04572385096005742
2009,ks_toyota_ae86_drift,80,0.24024024024024024,9.3,0.16231562043547265,10,10,0,0,0,0,0,,,,0,0,0,0,0,0,0,0,0.2271932760532217,0.0501258278388513,0.12585689428784985,0.12539134752680473
2009,ks_toyota_ae86_drift,160,0.4804804804804805,9.3,0.16231562043547265,10,10,0,0,0,0,0,,,,0,0,0,0,0,0,0,0,0.2271932760532217,0.07145011531961415,0.12585689428784985,0.12539134752680473
2009,ks_toyota_ae86_drift,240,0.7207207207207207,9.3,0.16231562043547265,10,10,0,0,0,0,0,,,,0,0,0,0,0,0,0,0,0.2271932760532217,0.11812001084573114,0.12585689428784985,0.12539134752680473
2010,ks_toyota_ae86_drift,80,0.24024024024024024,9.3,0.16231562043547265,10,10,0,0,0,0,0,,,,0,0,0,0,0,0,0,0,0.07416869736194451,0.21057786706160045,0.1175144185262743,0.11758789642070483
2010,ks_toyota_ae86_drift,160,0.4804804804804805,9.3,0.16231562043547265,10,10,0,0,0,0,0,,,,0,0,0,0,0,0,0,0,0.17845357974453963,0.21057786706160045,0.1175144185262743,0.11758789642070483
2010,ks_toyota_ae86_drift,240,0.7207207207207207,9.3,0.16231562043547265,10,10,0,0,0,0,0,,,,0,0,0,0,0,0,0,0,0.20370828424194112,0.21057786706160045,0.119527763526481,0.11940507358547202
2011,ks_toyota_ae86_drift,80,0.24024024024024024,9.3,0.16231562043547265,10,10,0,0,0,0,0,,,,0,0,0,0,0,0,0,0,0.19701835407375162,0.03958097292065034,0.07269793218403729,0.07242175641979474
2011,ks_toyota_ae86_drift,160,0.4804804804804805,9.3,0.16231562043547265,10,10,0,0,0,0,0,,,,0,0,0,0,0,0,0,0,0.2554719134035141,0.08659832097025867,0.16240679734153515,0.16234016297648785
2011,ks_toyota_ae86_drift,240,0.7207207207207207,9.3,0.16231562043547265,10,10,0,0,0,0,0,,,,0,0,0,0,0,0,0,0,0.33277804882255474,0.16173518430683925,0.25790137967477594,0.257587351055514
2012,ks_toyota_ae86_drift,80,0.24024024024024024,9.3,0.16231562043547265,10,10,0,0,0,0,0,,,,0,0,0,0,0,0,0,0,0.2245257136563615,0.05867738142721263,0.10915964308810744,0.10893492719637138
2012,ks_toyota_ae86_drift,160,0.4804804804804805,9.3,0.16231562043547265,10,10,0,0,0,0,0,,,,0,0,0,0,0,0,0,0,0.27810179754722086,0.12533634582768763,0.1867708425031243,0.1867259660258432
2012,ks_toyota_ae86_drift,240,0.7207207207207207,9.3,0.16231562043547265,10,10,0,0,0,0,0,,,,0,0,0,0,0,0,0,0,0.4066338181328282,0.20448355073337723,0.2879584808910633,0.2877188106203046
2013,ks_toyota_ae86_drift,80,0.24024024024024024,9.3,0.16231562043547265,10,10,0,0,0,0,0,,,,0,0,0,0,0,0,0,0,0.25731843903737117,0.09225926046162325,0.1333896324470219,0.13335530807839993
2013,ks_toyota_ae86_drift,160,0.4804804804804805,9.3,0.16231562043547265,10,10,0,0,0,0,0,,,,0,0,0,0,0,0,0,0,0.25731843903737117,0.09225926046162325,0.1333896324470219,0.13335530807839993
2013,ks_toyota_ae86_drift,240,0.7207207207207207,9.3,0.16231562043547265,10,10,0,0,0,0,0,,,,0,0,0,0,0,0,0,0,0.25731843903737117,0.09225926046162325,0.1333896324470219,0.13335530807839993
2014,ks_toyota_ae86_drift,80,0.24024024024024024,9.3,0.16231562043547265,10,10,0,0,0,0,0,,,,0,0,0,0,0,0,0,0,0.45803904912596066,0.27940068074786045,0.33705195965441087,0.3370804543498545
2014,ks_toyota_ae86_drift,160,0.4804804804804805,9.3,0.16231562043547265,10,10,0,0,0,0,0,,,,0,0,0,0,0,0,0,0,0.45803904912596066,0.27940068074786045,0.33705195965441087,0.3370804543498545
2014,ks_toyota_ae86_drift,240,0.7207207207207207,9.3,0.16231562043547265,10,10,0,0,0,0,0,,,,0,0,0,0,0,0,0,0,0.45803904912596066,0.27940068074786045,0.33705195965441087,0.3370804543498545
2015,ks_toyota_ae86_drift,80,0.24024024024024024,9.3,0.16231562043547265,10,10,0,0,0,0,0,,,,0,0,0,0,0,0,0,0,0.3298223911809375,0.14472857356246285,0.26163317092168875,0.26144867577281905
2015,ks_toyota_ae86_drift,160,0.4804804804804805,9.3,0.16231562043547265,10,10,0,0,0,0,0,,,,0,0,0,0,0,0,0,0,0.3298223911809375,0.17952663981574565,0.26163317092168875,0.26144867577281905
2015,ks_toyota_ae86_drift,240,0.7207207207207207,9.3,0.16231562043547265,10,10,0,0,0,0,0,,,,0,0,0,0,0,0,0,0,0.3298223911809375,0.35418503562013826,0.3071690549423853,0.30707047076666966
2016,ks_toyota_ae86_drift,80,0.24024024024024024,9.3,0.16231562043547265,10,10,0,0,0,0,0,,,,0,0,0,0,0,0,0,0,0.5800862586618905,0.40904596880732697,0.5279943268529073,0.5279842950125638
2016,ks_toyota_ae86_drift,160,0.4804804804804805,9.3,0.16231562043547265,10,10,0,0,0,0,0,,,,0,0,0,0,0,0,0,0,0.5800862586618905,0.40904596880732697,0.5279943268529073,0.5279842950125638
2016,ks_toyota_ae86_drift,240,0.7207207207207207,9.3,0.16231562043547265,10,10,0,0,0,0,0,,,,0,0,0,0,0,0,0,0,0.5800862586618905,0.6095137018140673,0.6301273194508715,0.6310604406853716
2017,ks_toyota_ae86_drift,80,0.24024024024024024,9.3,0.16231562043547265,10,10,0,0,0,0,0,,,,0,0,0,0,0,0,0,0,0.5808344845411242,0.45103581071002324,0.55236919092742,0.5522665246464583
2017,ks_toyota_ae86_drift,160,0.4804804804804805,9.3,0.16231562043547265,10,10,0,0,0,0,0,,,,0,0,0,0,0,0,0,0,0.5808344845411242,0.45103581071002324,0.55236919092742,0.5522665246464583
2017,ks_toyota_ae86_drift,240,0.7207207207207207,9.3,0.16231562043547265,10,10,0,0,0,0,0,,,,0,0,0,0,0,0,0,0,0.5808344845411242,0.45103581071002324,0.55236919092742,0.5522665246464583
2018,ks_toyota_ae86_drift,80,0.24024024024024024,9.3,0.16231562043547265,10,10,0,0,0,0,0,,,,0,0,0,0,0,0,0,0,0.39909667770329266,0.36085388825143594,0.45966527447865835,0.46459624417258444
2018,ks_toyota_ae86_drift,160,0.4804804804804805,9.3,0.16231562043547265,10,10,0,0,0,0,0,,,,0,0,0,0,0,0,0,0,0.8417784466868763,0.9129301280964859,0.7439447380063178,0.7462589981961885
2018,ks_toyota_ae86_drift,240,0.7207207207207207,9.3,0.16231562043547265,10,10,0,0,0,0,0,,,,0,0,0,0,0,0,0,0,2.132959221655085,2.225481817925724,2.505101438252995,2.5257828241729707
2019,ks_toyota_ae86_drift,80,0.24024024024024024,9.3,0.16231562043547265,10,10,0,0,0,0,0,,,,0,0,0,0,0,0,0,0,0.5759673344272555,0.6569931748600291,0.49703766837858804,0.4965807393952848
2019,ks_toyota_ae86_drift,160,0.4804804804804805,9.3,0.16231562043547265,10,10,0,0,0,0,0,,,,0,0,0,0,0,0,0,0,1.4042626675274092,1.5381365096937747,1.1387352215617554,1.1432528580891899
2019,ks_toyota_ae86_drift,240,0.7207207207207207,9.3,0.16231562043547265,10,10,0,0,0,0,0,,,,0,0,0,0,0,0,0,0,1.871030858495205,1.956048357528469,1.37716474576903,1.380610256040184
2020,ks_toyota_ae86_drift,80,0.24024024024024024,9.3,0.16231562043547265,10,10,0,0,0,0,0,,,,0,0,0,0,0,0,0,0,0.7752100890146097,0.8189195110821361,0.4082729834923519,0.409650734033564
2020,ks_toyota_ae86_drift,160,0.4804804804804805,9.3,0.16231562043547265,10,10,0,0,0,0,0,,,,0,0,0,0,0,0,0,0,1.2323778621345707,1.320880038305011,0.5758313709740899,0.5771929264964496
2020,ks_toyota_ae86_drift,240,0.7207207207207207,9.3,0.16231562043547265,10,10,0,0,0,0,0,,,,0,0,0,0,0,0,0,0,1.3586088293413978,1.4334084720980287,0.6273815834045264,0.6283039257467425
2021,ks_toyota_ae86_drift,80,0.24024024024024024,9.3,0.16231562043547265,10,10,0,0,0,0,0,,,,0,0,0,0,0,0,0,0,1.3558007678188762,1.448974900103311,0.7461858404668753,0.7504713572842352
2021,ks_toyota_ae86_drift,160,0.4804804804804805,9.3,0.16231562043547265,10,10,0,0,0,0,0,,,,0,0,0,0,0,0,0,0,2.5762933537456845,2.6548475728334124,2.2361458776542293,2.254189956780934
2021,ks_toyota_ae86_drift,240,0.7207207207207207,9.3,0.16231562043547265,10,10,0,0,0,0,0,,,,0,0,0,0,0,0,0,0,4.205263375272695,4.351055897540733,3.902165193116917,3.935076459632623
2022,ks_toyota_ae86_drift,80,0.24024024024024024,9.3,0.16231562043547265,10,10,0,0,0,0,0,,,,0,0,0,0,0,0,0,0,1.4825316194955835,1.5658590735960929,0.5151736882548231,0.5167683239826095
2022,ks_toyota_ae86_drift,160,0.4804804804804805,9.3,0.16231562043547265,10,10,0,0,0,0,0,,,,0,0,0,0,0,0,0,0,2.2600592237120907,2.3636211132287626,1.483192653741194,1.4920415906977686
2022,ks_toyota_ae86_drift,240,0.7207207207207207,9.3,0.16231562043547265,10,10,0,0,0,0,0,,,,0,0,0,0,0,0,0,0,2.9301729251634496,3.022228080362766,1.7841852166419043,1.7878877127805801
2023,ks_toyota_ae86_drift,80,0.24024024024024024,9.3,0.16231562043547265,10,10,0,0,0,0,0,,,,0,0,0,0,0,0,0,0,2.1417644027122895,2.311673896052819,0.5983428207048056,0.5689839996094462
2023,ks_toyota_ae86_drift,160,0.4804804804804805,9.3,0.16231562043547265,10,10,0,0,0,0,0,,,,0,0,0,0,0,0,0,0,2.7021775821304272,2.841186445892173,1.5019436574469944,1.5100705153422518
2023,ks_toyota_ae86_drift,240,0.7207207207207207,9.3,0.16231562043547265,10,10,0,0,0,0,0,,,,0,0,0,0,0,0,0,0,3.0631445420291388,3.1465302661810046,1.687285536330345,1.693273691241742
2024,ks_toyota_ae86_drift,80,0.24024024024024024,9.3,0.16231562043547265,10,10,0,0,0,0,0,,,,0,0,0,0,0,0,0,0,3.4243804406264196,3.6045042684272914,1.0021603597437672,0.9785680325768968
2024,ks_toyota_ae86_drift,160,0.4804804804804805,9.3,0.16231562043547265,10,10,0,0,0,0,0,,,,0,0,0,0,0,0,0,0,3.8634632068455086,3.9442976418989635,1.3774149014473815,1.3808033156059425
2024,ks_toyota_ae86_drift,240,0.7207207207207207,9.3,0.16231562043547265,10,10,0,0,0,0,0,,,,0,0,0,0,0,0,0,0,3.986699883153226,4.094360739945552,1.3847449750872747,1.3878560195325096
2025,ks_toyota_ae86_drift,80,0.24024024024024024,9.3,0.16231562043547265,10,10,0,0,0,0,0,,,,0,0,0,0,0,0,0,0,4.636931757704324,4.76716468215625,1.170210760969584,1.1747197530388502
2025,ks_toyota_ae86_drift,160,0.4804804804804805,9.3,0.16231562043547265,10,10,0,0,0,0,0,,,,0,0,0,0,0,0,0,0,5.3046856287974435,5.397577055283263,1.5666343000668894,1.5692437524949516
2025,ks_toyota_ae86_drift,240,0.7207207207207207,9.3,0.16231562043547265,10,10,0,0,0,0,0,,,,0,0,0,0,0,0,0,0,5.3046856287974435,5.397577055283263,1.5666343000668894,1.5692437524949516
2026,ks_toyota_ae86_drift,80,0.24024024024024024,9.3,0.16231562043547265,10,10,0,0,0,0,0,,,,0,0,0,0,0,0,0,0,5.42099948149453,5.575116723700344,1.6077195954718086,1.517359074238596
2026,ks_toyota_ae86_drift,160,0.4804804804804805,9.3,0.16231562043547265,10,10,0,0,0,0,0,,,,0,0,0,0,0,0,0,0,5.42099948149453,5.575116723700344,1.6077195954718086,1.517359074238596
2026,ks_toyota_ae86_drift,240,0.7207207207207207,9.3,0.16231562043547265,10,10,0,0,0,0,0,,,,0,0,0,0,0,0,0,0,5.42099948149453,5.575116723700344,1.6077195954718086,1.517359074238596
2027,ks_toyota_ae86_drift,80,0.24024024024024024,9.3,0.16231562043547265,10,10,0,0,0,0,0,,,,0,0,0,0,0,0,0,0,6.96671568689802,7.15487629947447,2.3690240063056542,2.263566525850892
2027,ks_toyota_ae86_drift,160,0.4804804804804805,9.3,0.16231562043547265,10,10,0,0,0,0,0,,,,0,0,0,0,0,0,0,0,7.127799722057247,7.284412117744232,3.0282309628695607,3.0701704588075547
2027,ks_toyota_ae86_drift,240,0.7207207207207207,9.3,0.16231562043547265,10,10,0,0,0,0,0,,,,0,0,0,0,0,0,0,0,7.964747624175338,8.132563664535258,3.655645309837762,3.694949206529777
2028,ks_toyota_ae86_drift,80,0.24024024024024024,9.3,0.16231562043547265,10,10,0,0,0,0,0,,,,0,0,0,0,0,0,0,0,7.439350690197739,7.610228362853118,2.4601794975252327,2.301200014404016
2028,ks_toyota_ae86_drift,160,0.4804804804804805,9.3,0.16231562043547265,10,10,0,0,0,0,0,,,,0,0,0,0,0,0,0,0,7.838786129275609,7.998615970948492,3.0556659117747977,3.091347673772591
2028,ks_toyota_ae86_drift,240,0.7207207207207207,9.3,0.16231562043547265,10,10,0,0,1,0,0,239,,,0,6,0,0,0,6,0,0,9.272433444551176,9.453341250002719,5.016591237814068,5.0995455928311655
2029,ks_toyota_ae86_drift,80,0.24024024024024024,9.3,0.16231562043547265,10,10,0,0,0,0,0,,,,0,0,0,0,0,0,0,0,7.943240212252614,8.142514396382321,2.795826519283884,2.7565142982988178
2029,ks_toyota_ae86_drift,160,0.4804804804804805,9.3,0.16231562043547265,10,10,0,0,0,0,0,,,,0,0,0,0,0,0,0,0,8.521192890572522,8.777549526916964,4.675771628419602,4.795801957798821
2029,ks_toyota_ae86_drift,240,0.7207207207207207,9.3,0.16231562043547265,10,10,0,1,1,1,1,181,186,196,57,64,0,0,57,64,0,0,11.179921718401793,11.520891591958,7.549342349044332,7.7437192875391405
2030,ks_toyota_ae86_drift,80,0.24024024024024024,9.3,0.16231562043547265,10,10,0,0,0,0,0,,,,0,0,0,0,0,0,0,0,8.338382023663485,8.535526896319439,3.367289664118633,3.369803600620021
2030,ks_toyota_ae86_drift,160,0.4804804804804805,9.3,0.16231562043547265,10,10,0,0,0,0,0,,,,0,0,0,0,0,0,0,0,8.338382023663485,8.535526896319439,4.2875351382596145,4.3889485063954945
2030,ks_toyota_ae86_drift,240,0.7207207207207207,9.3,0.16231562043547265,10,10,0,1,1,1,1,197,202,212,42,48,0,0,42,48,0,0,10.78941589789007,11.094869641535857,7.515636219263966,7.729076215732279
2031,ks_toyota_ae86_drift,80,0.24024024024024024,9.3,0.16231562043547265,10,10,0,0,0,0,0,,,,0,0,0,0,0,0,0,0,9.058324089544202,9.294733158417621,3.347925650934824,3.3560860194456965
2031,ks_toyota_ae86_drift,160,0.4804804804804805,9.3,0.16231562043547265,10,10,0,0,0,0,0,,,,0,0,0,0,0,0,0,0,9.058324089544202,9.294733158417621,4.092324489799242,4.191918039408137
2031,ks_toyota_ae86_drift,240,0.7207207207207207,9.3,0.16231562043547265,10,10,0,1,1,1,1,177,182,192,60,68,0,0,60,68,0,0,11.151812928646253,11.45686112981007,7.0913747501003925,7.288704037863938
2032,ks_toyota_ae86_drift,80,0.24024024024024024,9.3,0.16231562043547265,10,10,0,0,0,0,0,,,,0,0,0,0,0,0,0,0,9.07999201091242,9.294494101796671,3.1364077123876344,3.135038046015635
2032,ks_toyota_ae86_drift,160,0.4804804804804805,9.3,0.16231562043547265,10,10,0,0,0,0,0,,,,0,0,0,0,0,0,0,0,9.07999201091242,9.294494101796671,4.269295544967918,4.3770259843124135
2032,ks_toyota_ae86_drift,240,0.7207207207207207,9.3,0.16231562043547265,10,10,0,1,1,1,1,174,179,189,63,71,0,0,63,71,0,0,11.425017080352177,11.765340647258173,7.065290257660114,7.252856643778773
2033,ks_toyota_ae86_drift,80,0.24024024024024024,9.3,0.16231562043547265,10,10,0,0,1,0,0,12,,,0,7,0,0,0,7,0,0,9.211900039258293,9.41161818568405,2.9842313111231618,3.0421372280197065
2033,ks_toyota_ae86_drift,160,0.4804804804804805,9.3,0.16231562043547265,10,10,0,0,1,0,0,12,,,0,7,0,0,0,7,0,0,9.211900039258293,9.41161818568405,4.12970739578719,4.241415993436395
2033,ks_toyota_ae86_drift,240,0.7207207207207207,9.3,0.16231562043547265,10,10,0,1,1,1,1,12,172,182,70,78,0,0,70,85,0,0,11.45663573356746,11.762708463106778,6.971059687210149,7.173675968278107
2034,ks_toyota_ae86_drift,80,0.24024024024024024,9.3,0.16231562043547265,10,10,0,0,1,0,0,12,,,0,6,0,0,0,6,0,0,9.193981037970763,9.369708144936851,2.7580574941644174,2.758359943478602
2034,ks_toyota_ae86_drift,160,0.4804804804804805,9.3,0.16231562043547265,10,10,0,1,1,1,0,12,152,,8,18,0,0,8,24,0,0,9.512765603329123,9.796407137860474,4.42711346904341,4.546922671048249
2034,ks_toyota_ae86_drift,240,0.7207207207207207,9.3,0.16231562043547265,10,10,0,1,1,1,1,12,152,162,88,98,0,0,88,104,0,0,12.183232111247062,12.54919023188176,7.327718932176698,7.533077107309593
2035,ks_toyota_ae86_drift,80,0.24024024024024024,9.3,0.16231562043547265,10,10,0,1,1,1,0,11,16,,0,13,0,0,0,13,0,0,9.273017425725213,9.494044054814118,2.455657058521038,2.474405927792723
2035,ks_toyota_ae86_drift,160,0.4804804804804805,9.3,0.16231562043547265,10,10,0,1,1,1,1,11,16,146,24,34,0,0,24,47,0,0,9.803544685543137,10.057243524526799,4.587018869683987,4.7224726199827405
2035,ks_toyota_ae86_drift,240,0.7207207207207207,9.3,0.16231562043547265,10,10,0,1,1,1,1,11,16,146,104,114,0,0,104,127,0,0,12.607778740808483,12.948671774736527,7.494746939461128,7.709791176610748
2036,ks_toyota_ae86_drift,80,0.24024024024024024,9.3,0.16231562043547265,10,10,0,1,1,1,0,11,16,,5,17,0,0,5,17,0,0,9.358732884714287,9.590530722124303,2.2698656678129363,2.281478910392662
2036,ks_toyota_ae86_drift,160,0.4804804804804805,9.3,0.16231562043547265,10,10,0,1,1,1,1,11,16,138,34,42,0,0,39,59,0,0,10.4263896359566,10.73983043206307,4.808182956329938,4.948917723517582
2036,ks_toyota_ae86_drift,240,0.7207207207207207,9.3,0.16231562043547265,10,10,0,1,1,1,1,11,16,138,114,122,0,0,119,139,0,0,13.006709599661418,13.39716333998072,7.723689757798078,7.9607707465310975
2037,ks_toyota_ae86_drift,80,0.24024024024024024,9.3,0.16231562043547265,10,10,0,1,1,1,0,11,16,,5,18,0,0,5,18,0,0,9.358019983719668,9.563215941859776,2.160851793234713,2.246852626065048
2037,ks_toyota_ae86_drift,160,0.4804804804804805,9.3,0.16231562043547265,10,10,0,1,1,1,1,11,16,135,37,45,0,0,42,63,0,0,10.238380141315536,10.483827258008176,4.6285494080454255,4.767159559514372
2037,ks_toyota_ae86_drift,240,0.7207207207207207,9.3,0.16231562043547265,10,10,0,1,1,1,1,11,16,135,117,125,0,0,122,143,0,0,12.978027074015596,13.351547921608791,7.567164020136188,7.796748876255119
2038,ks_toyota_ae86_drift,80,0.24024024024024024,9.3,0.16231562043547265,10,10,0,0,0,0,0,,,,0,0,0,0,0,0,0,0,8.471860995518458,8.692354869852103,2.398856351609566,2.3855782504196497
2038,ks_toyota_ae86_drift,160,0.4804804804804805,9.3,0.16231562043547265,10,10,0,0,0,0,0,,,,0,0,0,0,0,0,0,0,8.972672663578596,9.229168465027376,4.645916871557476,4.807271126075741
2038,ks_toyota_ae86_drift,240,0.7207207207207207,9.3,0.16231562043547265,10,10,0,1,1,1,1,166,171,181,73,79,0,0,73,79,0,0,11.75773096274913,12.135787055951214,7.546442079968015,7.790595729586584
2039,ks_toyota_ae86_drift,80,0.24024024024024024,9.3,0.16231562043547265,10,10,0,0,0,0,0,,,,0,0,0,0,0,0,0,0,6.505850380198702,6.710593838306297,2.6502506420785825,2.655251621211501
2039,ks_toyota_ae86_drift,160,0.4804804804804805,9.3,0.16231562043547265,10,10,0,0,0,0,0,,,,0,0,0,0,0,0,0,0,6.578851442047799,6.841067100039642,4.1344680376386895,4.249781267622368
2039,ks_toyota_ae86_drift,240,0.7207207207207207,9.3,0.16231562043547265,10,10,0,0,1,0,0,237,,,0,8,0,0,0,8,0,0,9.272656279472848,9.613376851124348,7.421513651180251,7.654598125475167
2040,ks_toyota_ae86_drift,80,0.24024024024024024,9.3,0.16231562043547265,10,10,0,0,0,0,0,,,,0,0,0,0,0,0,0,0,3.912093299962353,4.119176097860677,3.0144262967833186,2.9928266773067995
2040,ks_toyota_ae86_drift,160,0.4804804804804805,9.3,0.16231562043547265,10,10,0,0,0,0,0,,,,0,0,0,0,0,0,0,0,3.912093299962353,4.119176097860677,3.0144262967833186,2.9928266773067995
2040,ks_toyota_ae86_drift,240,0.7207207207207207,9.3,0.16231562043547265,10,10,0,0,0,0,0,,,,0,0,0,0,0,0,0,0,3.912093299962353,4.119176097860677,3.0612811810461946,3.1209879200060957
2041,ks_toyota_ae86_drift,80,0.24024024024024024,9.3,0.16231562043547265,10,10,0,0,0,0,0,,,,0,0,0,0,0,0,0,0,3.195991934829298,3.4259210751710802,3.372186909753532,3.3084294417289906
2041,ks_toyota_ae86_drift,160,0.4804804804804805,9.3,0.16231562043547265,10,10,0,0,0,0,0,,,,0,0,0,0,0,0,0,0,3.195991934829298,3.4259210751710802,3.372186909753532,3.3084294417289906
2041,ks_toyota_ae86_drift,240,0.7207207207207207,9.3,0.16231562043547265,10,10,0,0,0,0,0,,,,0,0,0,0,0,0,0,0,3.195991934829298,3.4259210751710802,3.372186909753532,3.3084294417289906
2042,ks_toyota_ae86_drift,80,0.24024024024024024,9.3,0.16231562043547265,10,10,0,0,0,0,0,,,,0,0,0,0,0,0,0,0,3.050575072965611,3.2391924544428057,3.0358730907771587,3.002919989352786
2042,ks_toyota_ae86_drift,160,0.4804804804804805,9.3,0.16231562043547265,10,10,0,0,0,0,0,,,,0,0,0,0,0,0,0,0,3.050575072965611,3.2391924544428057,3.0358730907771587,3.002919989352786
2042,ks_toyota_ae86_drift,240,0.7207207207207207,9.3,0.16231562043547265,10,10,0,0,0,0,0,,,,0,0,0,0,0,0,0,0,3.050575072965611,3.2391924544428057,3.0358730907771587,3.002919989352786
2043,ks_toyota_ae86_drift,80,0.24024024024024024,9.3,0.16231562043547265,10,10,0,0,0,0,0,,,,0,0,0,0,0,0,0,0,3.0055406475599553,3.2118371199300815,2.450403789275652,2.404262446337631
2043,ks_toyota_ae86_drift,160,0.4804804804804805,9.3,0.16231562043547265,10,10,0,0,0,0,0,,,,0,0,0,0,0,0,0,0,3.0055406475599553,3.2118371199300815,2.450403789275652,2.404262446337631
2043,ks_toyota_ae86_drift,240,0.7207207207207207,9.3,0.16231562043547265,10,10,0,0,0,0,0,,,,0,0,0,0,0,0,0,0,3.0055406475599553,3.2118371199300815,2.450403789275652,2.404262446337631
2044,ks_toyota_ae86_drift,80,0.24024024024024024,9.3,0.16231562043547265,10,10,0,0,0,0,0,,,,0,0,0,0,0,0,0,0,3.677301705261757,3.8648766291168783,1.8007010409418183,1.7717935459402085
2044,ks_toyota_ae86_drift,160,0.4804804804804805,9.3,0.16231562043547265,10,10,0,0,0,0,0,,,,0,0,0,0,0,0,0,0,3.9224850058977045,4.114501260260627,2.924803329258762,2.9846957639867226
2044,ks_toyota_ae86_drift,240,0.7207207207207207,9.3,0.16231562043547265,10,10,0,0,0,0,0,,,,0,0,0,0,0,0,0,0,5.472845739936804,5.675479950251334,4.715371784566866,4.818566124528827
2045,ks_toyota_ae86_drift,80,0.24024024024024024,9.3,0.16231562043547265,10,10,0,0,0,0,0,,,,0,0,0,0,0,0,0,0,4.183554472769456,4.393174259057616,1.5789299212333816,1.6189351929757927
2045,ks_toyota_ae86_drift,160,0.4804804804804805,9.3,0.16231562043547265,10,10,0,0,0,0,0,,,,0,0,0,0,0,0,0,0,5.220967146366951,5.500306088608017,3.903465917266981,4.015295750773953
2045,ks_toyota_ae86_drift,240,0.7207207207207207,9.3,0.16231562043547265,10,10,0,0,0,0,0,,,,0,0,0,0,0,0,0,0,7.66696076787289,7.976863525989294,6.565548794865553,6.750706685528136
2046,ks_toyota_ae86_drift,80,0.24024024024024024,9.3,0.16231562043547265,10,10,0,0,0,0,0,,,,0,0,0,0,0,0,0,0,4.150267118962575,4.350269145125712,1.5294543787633366,1.5545554306848393
2046,ks_toyota_ae86_drift,160,0.4804804804804805,9.3,0.16231562043547265,10,10,0,0,0,0,0,,,,0,0,0,0,0,0,0,0,5.307270428511471,5.530282508214734,3.8325446480201535,3.928737617196028
2046,ks_toyota_ae86_drift,240,0.7207207207207207,9.3,0.16231562043547265,10,10,0,0,0,0,0,,,,0,0,0,0,0,0,0,0,7.413326815686345,7.691026085639784,6.243141241039325,6.4078828424990935
2047,ks_toyota_ae86_drift,80,0.24024024024024024,9.3,0.16231562043547265,10,10,0,0,0,0,0,,,,0,0,0,0,0,0,0,0,3.9182840126713234,4.1334584503019975,1.8406348091413556,1.827503770462006
2047,ks_toyota_ae86_drift,160,0.4804804804804805,9.3,0.16231562043547265,10,10,0,0,0,0,0,,,,0,0,0,0,0,0,0,0,4.283581739390646,4.516861300963731,3.2398191242991543,3.325722413490405
2047,ks_toyota_ae86_drift,240,0.7207207207207207,9.3,0.16231562043547265,10,10,0,0,0,0,0,,,,0,0,0,0,0,0,0,0,5.906389863069248,6.143188252725358,5.255666641784732,5.397074182605621
2048,ks_toyota_ae86_drift,80,0.24024024024024024,9.3,0.16231562043547265,10,10,0,0,0,0,0,,,,0,0,0,0,0,0,0,0,3.5320865474219967,3.7250861355819893,2.0491826826166473,2.0614966599165343
2048,ks_toyota_ae86_drift,160,0.4804804804804805,9.3,0.16231562043547265,10,10,0,0,0,0,0,,,,0,0,0,0,0,0,0,0,3.5320865474219967,3.7250861355819893,2.4702433543804236,2.512555095628183
2048,ks_toyota_ae86_drift,240,0.7207207207207207,9.3,0.16231562043547265,10,10,0,0,0,0,0,,,,0,0,0,0,0,0,0,0,4.237274764365252,4.482091796106958,3.5757372191904904,3.644968443504563
2049,ks_toyota_ae86_drift,80,0.24024024024024024,9.3,0.16231562043547265,10,10,0,0,0,0,0,,,,0,0,0,0,0,0,0,0,3.7877181164973597,3.985211328800986,2.5512767186934546,2.4856262210517617
2049,ks_toyota_ae86_drift,160,0.4804804804804805,9.3,0.16231562043547265,10,10,0,0,0,0,0,,,,0,0,0,0,0,0,0,0,3.7877181164973597,3.985211328800986,2.5512767186934546,2.4856262210517617
2049,ks_toyota_ae86_drift,240,0.7207207207207207,9.3,0.16231562043547265,10,10,0,0,0,0,0,,,,0,0,0,0,0,0,0,0,4.070402570771263,4.326990579773839,3.8256803079042907,3.9122328919535154
2050,ks_toyota_ae86_drift,80,0.24024024024024024,9.3,0.16231562043547265,10,10,0,0,0,0,0,,,,0,0,0,0,0,0,0,0,4.651322539398718,4.823935506990103,2.50893146683008,2.451374743354852
2050,ks_toyota_ae86_drift,160,0.4804804804804805,9.3,0.16231562043547265,10,10,0,0,0,0,0,,,,0,0,0,0,0,0,0,0,4.651322539398718,4.823935506990103,3.0420552657496667,3.1216470332610022
2050,ks_toyota_ae86_drift,240,0.7207207207207207,9.3,0.16231562043547265,10,10,0,0,0,0,0,,,,0,0,0,0,0,0,0,0,5.755842675365234,6.00707837737946,4.575245331102177,4.6747432580626915
2051,ks_toyota_ae86_drift,80,0.24024024024024024,9.3,0.16231562043547265,10,10,0,0,0,0,0,,,,0,0,0,0,0,0,0,0,4.746366756133561,4.9548565730009075,2.249776373916636,2.2782567686517083
2051,ks_toyota_ae86_drift,160,0.4804804804804805,9.3,0.16231562043547265,10,10,0,0,0,0,0,,,,0,0,0,0,0,0,0,0,4.863056696121821,5.112338537146599,3.5096549255272054,3.6005880087119357
2051,ks_toyota_ae86_drift,240,0.7207207207207207,9.3,0.16231562043547265,10,10,0,0,0,0,0,,,,0,0,0,0,0,0,0,0,6.7793682937196245,7.074808126268526,6.045169488606975,6.232833204921306
2052,ks_toyota_ae86_drift,80,0.24024024024024024,9.3,0.16231562043547265,10,10,0,0,0,0,0,,,,0,0,0,0,0,0,0,0,4.790020202666405,4.99381042249796,2.338156673899074,2.3505728905930994
2052,ks_toyota_ae86_drift,160,0.4804804804804805,9.3,0.16231562043547265,10,10,0,0,0,0,0,,,,0,0,0,0,0,0,0,0,5.037126628440534,5.287300236038822,3.5152085096526604,3.5938325247359697
2052,ks_toyota_ae86_drift,240,0.7207207207207207,9.3,0.16231562043547265,10,10,0,0,0,0,0,,,,0,0,0,0,0,0,0,0,7.0247620495593734,7.298597566876702,6.028804355355624,6.189047423473293
2053,ks_toyota_ae86_drift,80,0.24024024024024024,9.3,0.16231562043547265,10,10,0,0,0,0,0,,,,0,0,0,0,0,0,0,0,4.092946890787359,4.301137459991694,2.498487253815484,2.4835801525085195
2053,ks_toyota_ae86_drift,160,0.4804804804804805,9.3,0.16231562043547265,10,10,0,0,0,0,0,,,,0,0,0,0,0,0,0,0,4.092946890787359,4.301137459991694,2.8382304680854387,2.910335921379617
2053,ks_toyota_ae86_drift,240,0.7207207207207207,9.3,0.16231562043547265,10,10,0,0,0,0,0,,,,0,0,0,0,0,0,0,0,5.229901460688151,5.536253801096617,4.742914522394942,4.8538542968756975
2054,ks_toyota_ae86_drift,80,0.24024024024024024,9.3,0.16231562043547265,10,10,0,0,0,0,0,,,,0,0,0,0,0,0,0,0,2.982977117636818,3.162800844001033,2.697759516954487,2.700833955854639
2054,ks_toyota_ae86_drift,160,0.4804804804804805,9.3,0.16231562043547265,10,10,0,0,0,0,0,,,,0,0,0,0,0,0,0,0,2.982977117636818,3.162800844001033,2.697759516954487,2.700833955854639
2054,ks_toyota_ae86_drift,240,0.7207207207207207,9.3,0.16231562043547265,10,10,0,0,0,0,0,,,,0,0,0,0,0,0,0,0,2.982977117636818,3.162800844001033,2.697759516954487,2.700833955854639
2055,ks_toyota_ae86_drift,80,0.24024024024024024,9.3,0.16231562043547265,10,10,0,0,0,0,0,,,,0,0,0,0,0,0,0,0,2.7593304706709785,2.972899386959876,2.977283301189966,2.920747690995655
2055,ks_toyota_ae86_drift,160,0.4804804804804805,9.3,0.16231562043547265,10,10,0,0,0,0,0,,,,0,0,0,0,0,0,0,0,2.7593304706709785,2.972899386959876,2.977283301189966,2.920747690995655
2055,ks_toyota_ae86_drift,240,0.7207207207207207,9.3,0.16231562043547265,10,10,0,0,0,0,0,,,,0,0,0,0,0,0,0,0,2.7593304706709785,2.972899386959876,2.977283301189966,2.920747690995655
2056,ks_toyota_ae86_drift,80,0.24024024024024024,9.3,0.16231562043547265,10,10,0,0,0,0,0,,,,0,0,0,0,0,0,0,0,3.193701046692994,3.3639245152919326,3.1296020692099513,3.10772219853405
2056,ks_toyota_ae86_drift,160,0.4804804804804805,9.3,0.16231562043547265,10,10,0,0,0,0,0,,,,0,0,0,0,0,0,0,0,3.193701046692994,3.3639245152919326,3.1296020692099513,3.10772219853405
2056,ks_toyota_ae86_drift,240,0.7207207207207207,9.3,0.16231562043547265,10,10,0,0,0,0,0,,,,0,0,0,0,0,0,0,0,3.193701046692994,3.3639245152919326,3.1296020692099513,3.10772219853405
2057,ks_toyota_ae86_drift,80,0.24024024024024024,9.3,0.16231562043547265,10,10,0,0,0,0,0,,,,0,0,0,0,0,0,0,0,2.64044739962891,2.820397057605947,2.270688492164511,2.2506213963830137
2057,ks_toyota_ae86_drift,160,0.4804804804804805,9.3,0.16231562043547265,10,10,0,0,0,0,0,,,,0,0,0,0,0,0,0,0,2.64044739962891,2.820397057605947,2.270688492164511,2.2506213963830137
2057,ks_toyota_ae86_drift,240,0.7207207207207207,9.3,0.16231562043547265,10,10,0,0,0,0,0,,,,0,0,0,0,0,0,0,0,2.64044739962891,2.820397057605947,2.270688492164511,2.2506213963830137
2058,ks_toyota_ae86_drift,80,0.24024024024024024,9.3,0.16231562043547265,10,10,0,0,0,0,0,,,,0,0,0,0,0,0,0,0,2.0243543046534165,2.2056364898488403,2.048484936104248,1.984916152055528
2058,ks_toyota_ae86_drift,160,0.4804804804804805,9.3,0.16231562043547265,10,10,0,0,0,0,0,,,,0,0,0,0,0,0,0,0,2.0243543046534165,2.2056364898488403,2.048484936104248,1.984916152055528
2058,ks_toyota_ae86_drift,240,0.7207207207207207,9.3,0.16231562043547265,10,10,0,0,0,0,0,,,,0,0,0,0,0,0,0,0,2.0243543046534165,2.2056364898488403,2.048484936104248,1.984916152055528
2059,ks_toyota_ae86_drift,80,0.24024024024024024,9.3,0.16231562043547265,10,10,0,0,0,0,0,,,,0,0,0,0,0,0,0,0,2.3310221144241727,2.5026660489270625,2.1025862241896847,2.0766009829357825
2059,ks_toyota_ae86_drift,160,0.4804804804804805,9.3,0.16231562043547265,10,10,0,0,0,0,0,,,,0,0,0,0,0,0,0,0,2.3310221144241727,2.5026660489270625,2.1025862241896847,2.0766009829357825
2059,ks_toyota_ae86_drift,240,0.7207207207207207,9.3,0.16231562043547265,10,10,0,0,0,0,0,,,,0,0,0,0,0,0,0,0,2.3310221144241727,2.5026660489270625,2.1025862241896847,2.0766009829357825
2060,ks_toyota_ae86_drift,80,0.24024024024024024,9.3,0.16231562043547265,10,10,0,0,0,0,0,,,,0,0,0,0,0,0,0,0,2.393561887785748,2.585544204646232,1.6076893932290723,1.5675385530799757
2060,ks_toyota_ae86_drift,160,0.4804804804804805,9.3,0.16231562043547265,10,10,0,0,0,0,0,,,,0,0,0,0,0,0,0,0,2.393561887785748,2.585544204646232,1.8455282127948467,1.8697104975512768
2060,ks_toyota_ae86_drift,240,0.7207207207207207,9.3,0.16231562043547265,10,10,0,0,0,0,0,,,,0,0,0,0,0,0,0,0,3.082256691987304,3.2922939735884817,3.0665965623243454,3.119594561415413
2061,ks_toyota_ae86_drift,80,0.24024024024024024,9.3,0.16231562043547265,10,10,0,0,0,0,0,,,,0,0,0,0,0,0,0,0,1.84395812305939,2.0178579409790878,1.4745677256450545,1.423305555098522
2061,ks_toyota_ae86_drift,160,0.4804804804804805,9.3,0.16231562043547265,10,10,0,0,0,0,0,,,,0,0,0,0,0,0,0,0,1.84395812305939,2.0178579409790878,1.4745677256450545,1.423305555098522
2061,ks_toyota_ae86_drift,240,0.7207207207207207,9.3,0.16231562043547265,10,10,0,0,0,0,0,,,,0,0,0,0,0,0,0,0,2.0257781856519523,2.241257420474338,2.127516628103643,2.1538984472162284
2062,ks_toyota_ae86_drift,80,0.24024024024024024,9.3,0.16231562043547265,10,10,0,0,0,0,0,,,,0,0,0,0,0,0,0,0,1.725925944177517,1.9104062587300936,1.649030927449573,1.6332347276117432
2062,ks_toyota_ae86_drift,160,0.4804804804804805,9.3,0.16231562043547265,10,10,0,0,0,0,0,,,,0,0,0,0,0,0,0,0,1.725925944177517,1.9104062587300936,1.649030927449573,1.6332347276117432
2062,ks_toyota_ae86_drift,240,0.7207207207207207,9.3,0.16231562043547265,10,10,0,0,0,0,0,,,,0,0,0,0,0,0,0,0,1.725925944177517,1.9104062587300936,1.649030927449573,1.6332347276117432
2063,ks_toyota_ae86_drift,80,0.24024024024024024,9.3,0.16231562043547265,10,10,0,0,0,0,0,,,,0,0,0,0,0,0,0,0,1.928352153887479,2.114462855939279,1.7137582823362565,1.694683058088292
2063,ks_toyota_ae86_drift,160,0.4804804804804805,9.3,0.16231562043547265,10,10,0,0,0,0,0,,,,0,0,0,0,0,0,0,0,1.928352153887479,2.114462855939279,1.7137582823362565,1.694683058088292
2063,ks_toyota_ae86_drift,240,0.7207207207207207,9.3,0.16231562043547265,10,10,0,0,0,0,0,,,,0,0,0,0,0,0,0,0,1.928352153887479,2.114462855939279,1.7137582823362565,1.694683058088292
2064,ks_toyota_ae86_drift,80,0.24024024024024024,9.3,0.16231562043547265,10,10,0,0,0,0,0,,,,0,0,0,0,0,0,0,0,1.8476831374779856,2.0354019221925004,1.5135315002607443,1.4813978080933614
2064,ks_toyota_ae86_drift,160,0.4804804804804805,9.3,0.16231562043547265,10,10,0,0,0,0,0,,,,0,0,0,0,0,0,0,0,1.8476831374779856,2.0354019221925004,1.5135315002607443,1.4813978080933614
2064,ks_toyota_ae86_drift,240,0.7207207207207207,9.3,0.16231562043547265,10,10,0,0,0,0,0,,,,0,0,0,0,0,0,0,0,1.8476831374779856,2.0354019221925004,1.8042196555814325,1.8222791026337695
2065,ks_toyota_ae86_drift,80,0.24024024024024024,9.3,0.16231562043547265,10,10,0,0,0,0,0,,,,0,0,0,0,0,0,0,0,1.8143255607887012,2.0076523576986194,1.5076158093875727,1.4874358020413585
2065,ks_toyota_ae86_drift,160,0.4804804804804805,9.3,0.16231562043547265,10,10,0,0,0,0,0,,,,0,0,0,0,0,0,0,0,1.8143255607887012,2.0076523576986194,1.5076158093875727,1.4874358020413585
2065,ks_toyota_ae86_drift,240,0.7207207207207207,9.3,0.16231562043547265,10,10,0,0,0,0,0,,,,0,0,0,0,0,0,0,0,1.8143255607887012,2.0076523576986194,1.7591995308843513,1.7776983511993905
2066,ks_toyota_ae86_drift,80,0.24024024024024024,9.3,0.16231562043547265,10,10,0,0,0,0,0,,,,0,0,0,0,0,0,0,0,1.8196552427754267,2.0142035763297197,1.408798766909944,1.3885817271318235
2066,ks_toyota_ae86_drift,160,0.4804804804804805,9.3,0.16231562043547265,10,10,0,0,0,0,0,,,,0,0,0,0,0,0,0,0,1.8196552427754267,2.0142035763297197,1.408798766909944,1.3885817271318235
2066,ks_toyota_ae86_drift,240,0.7207207207207207,9.3,0.16231562043547265,10,10,0,0,0,0,0,,,,0,0,0,0,0,0,0,0,1.9761037139223308,2.188951404923557,1.9834766896879479,2.0078297291736282
2067,ks_toyota_ae86_drift,80,0.24024024024024024,9.3,0.16231562043547265,10,10,0,0,0,0,0,,,,0,0,0,0,0,0,0,0,1.3656815969486518,1.5644539756177744,1.4314065863409804,1.4195073295897602
2067,ks_toyota_ae86_drift,160,0.4804804804804805,9.3,0.16231562043547265,10,10,0,0,0,0,0,,,,0,0,0,0,0,0,0,0,1.3656815969486518,1.5644539756177744,1.4314065863409804,1.4195073295897602
2067,ks_toyota_ae86_drift,240,0.7207207207207207,9.3,0.16231562043547265,10,10,0,0,0,0,0,,,,0,0,0,0,0,0,0,0,1.3656815969486518,1.5644539756177744,1.4314065863409804,1.4195073295897602
2068,ks_toyota_ae86_drift,80,0.24024024024024024,9.3,0.16231562043547265,10,10,0,0,0,0,0,,,,0,0,0,0,0,0,0,0,1.7584187548848542,1.936172080156909,1.651598971855792,1.6396765564944173
2068,ks_toyota_ae86_drift,160,0.4804804804804805,9.3,0.16231562043547265,10,10,0,0,0,0,0,,,,0,0,0,0,0,0,0,0,1.7584187548848542,1.936172080156909,1.651598971855792,1.6396765564944173
2068,ks_toyota_ae86_drift,240,0.7207207207207207,9.3,0.16231562043547265,10,10,0,0,0,0,0,,,,0,0,0,0,0,0,0,0,1.7584187548848542,1.936172080156909,1.651598971855792,1.6396765564944173
2069,ks_toyota_ae86_drift,80,0.24024024024024024,9.3,0.16231562043547265,10,10,0,0,0,0,0,,,,0,0,0,0,0,0,0,0,1.4768042924331164,1.6491091544599106,1.2260338970560982,1.2203208707022057
2069,ks_toyota_ae86_drift,160,0.4804804804804805,9.3,0.16231562043547265,10,10,0,0,0,0,0,,,,0,0,0,0,0,0,0,0,1.4768042924331164,1.6491091544599106,1.2260338970560982,1.2203208707022057
2069,ks_toyota_ae86_drift,240,0.7207207207207207,9.3,0.16231562043547265,10,10,0,0,0,0,0,,,,0,0,0,0,0,0,0,0,1.5219206801088125,1.7272035097174265,1.543407281298909,1.5575774692274524
2070,ks_toyota_ae86_drift,80,0.24024024024024024,9.3,0.16231562043547265,10,10,0,0,0,0,0,,,,0,0,0,0,0,0,0,0,1.0137180003147808,1.2039786826175982,1.1228812852810979,1.1171835201311322
2070,ks_toyota_ae86_drift,160,0.4804804804804805,9.3,0.16231562043547265,10,10,0,0,0,0,0,,,,0,0,0,0,0,0,0,0,1.0137180003147808,1.2039786826175982,1.1228812852810979,1.1171835201311322
2070,ks_toyota_ae86_drift,240,0.7207207207207207,9.3,0.16231562043547265,10,10,0,0,0,0,0,,,,0,0,0,0,0,0,0,0,1.0137180003147808,1.2039786826175982,1.1228812852810979,1.1171835201311322
2071,ks_toyota_ae86_drift,80,0.24024024024024024,9.3,0.16231562043547265,10,10,0,0,0,0,0,,,,0,0,0,0,0,0,0,0,1.1122916105815221,1.2939397445060707,1.1811521904114155,1.1703980575632305
2071,ks_toyota_ae86_drift,160,0.4804804804804805,9.3,0.16231562043547265,10,10,0,0,0,0,0,,,,0,0,0,0,0,0,0,0,1.1122916105815221,1.2939397445060707,1.1811521904114155,1.1703980575632305
2071,ks_toyota_ae86_drift,240,0.7207207207207207,9.3,0.16231562043547265,10,10,0,0,0,0,0,,,,0,0,0,0,0,0,0,0,1.1122916105815221,1.2939397445060707,1.1811521904114155,1.1703980575632305
2072,ks_toyota_ae86_drift,80,0.24024024024024024,9.3,0.16231562043547265,10,10,0,0,0,0,0,,,,0,0,0,0,0,0,0,0,1.0608210125435986,1.2558445778537362,1.0314414874373177,1.0306587904471165
2072,ks_toyota_ae86_drift,160,0.4804804804804805,9.3,0.16231562043547265,10,10,0,0,0,0,0,,,,0,0,0,0,0,0,0,0,1.0608210125435986,1.2558445778537362,1.0314414874373177,1.0306587904471165
2072,ks_toyota_ae86_drift,240,0.7207207207207207,9.3,0.16231562043547265,10,10,0,0,0,0,0,,,,0,0,0,0,0,0,0,0,1.0608210125435986,1.2558445778537362,1.0314414874373177,1.0306587904471165
2073,ks_toyota_ae86_drift,80,0.24024024024024024,9.3,0.16231562043547265,10,10,0,0,0,0,0,,,,0,0,0,0,0,0,0,0,0.9068221247094962,1.085760487802548,0.6627187410143509,0.6590561587936374
2073,ks_toyota_ae86_drift,160,0.4804804804804805,9.3,0.16231562043547265,10,10,0,0,0,0,0,,,,0,0,0,0,0,0,0,0,0.9580983825211917,1.1137125033722963,0.8776546022717501,0.8845012265844532
2073,ks_toyota_ae86_drift,240,0.7207207207207207,9.3,0.16231562043547265,10,10,0,0,0,0,0,,,,0,0,0,0,0,0,0,0,1.2934597102734657,1.472182068634016,1.340117159380646,1.3514214426221345
2074,ks_toyota_ae86_drift,80,0.24024024024024024,9.3,0.16231562043547265,10,10,0,0,0,0,0,,,,0,0,0,0,0,0,0,0,0.43090764343239235,0.6085629714981132,0.4725280681505262,0.4787802525620266
2074,ks_toyota_ae86_drift,160,0.4804804804804805,9.3,0.16231562043547265,10,10,0,0,0,0,0,,,,0,0,0,0,0,0,0,0,0.43090764343239235,0.6085629714981132,0.4725280681505262,0.4787802525620266
2074,ks_toyota_ae86_drift,240,0.7207207207207207,9.3,0.16231562043547265,10,10,0,0,0,0,0,,,,0,0,0,0,0,0,0,0,0.4699785399602603,0.661577032205901,0.5318822519553783,0.5341675905629822
2075,ks_toyota_ae86_drift,80,0.24024024024024024,9.3,0.16231562043547265,10,10,0,0,0,0,0,,,,0,0,0,0,0,0,0,0,0.6071529109604759,0.7724048556172916,0.6071536580124163,0.5901001697587753
2075,ks_toyota_ae86_drift,160,0.4804804804804805,9.3,0.16231562043547265,10,10,0,0,0,0,0,,,,0,0,0,0,0,0,0,0,0.6071529109604759,0.7724048556172916,0.6071536580124163,0.5901001697587753
2075,ks_toyota_ae86_drift,240,0.7207207207207207,9.3,0.16231562043547265,10,10,0,0,0,0,0,,,,0,0,0,0,0,0,0,0,0.6071529109604759,0.7724048556172916,0.6071536580124163,0.6064949182834802
2076,ks_toyota_ae86_drift,80,0.24024024024024024,9.3,0.16231562043547265,10,10,0,0,0,0,0,,,,0,0,0,0,0,0,0,0,0.5663368744192432,0.764578846210632,0.45280418937482186,0.44382014273872794
2076,ks_toyota_ae86_drift,160,0.4804804804804805,9.3,0.16231562043547265,10,10,0,0,0,0,0,,,,0,0,0,0,0,0,0,0,0.657895613604117,0.8279160441578065,0.6142213029777928,0.6169975080711385
2076,ks_toyota_ae86_drift,240,0.7207207207207207,9.3,0.16231562043547265,10,10,0,0,0,0,0,,,,0,0,0,0,0,0,0,0,0.8855855191151927,1.0778437649459744,0.921769566821246,0.9260878472022808
2077,ks_toyota_ae86_drift,80,0.24024024024024024,9.3,0.16231562043547265,10,10,0,0,0,0,0,,,,0,0,0,0,0,0,0,0,0.5362769984386055,0.7316879635407298,0.3912236573852365,0.38978761011224133
2077,ks_toyota_ae86_drift,160,0.4804804804804805,9.3,0.16231562043547265,10,10,0,0,0,0,0,,,,0,0,0,0,0,0,0,0,0.689964312252679,0.8306957177065901,0.6281446436008638,0.6314384489672495
2077,ks_toyota_ae86_drift,240,0.7207207207207207,9.3,0.16231562043547265,10,10,0,0,0,0,0,,,,0,0,0,0,0,0,0,0,0.9079762132358168,1.0827087806257276,0.9488662079191559,0.953183847969956
2078,ks_toyota_ae86_drift,80,0.24024024024024024,9.3,0.16231562043547265,10,10,0,0,0,0,0,,,,0,0,0,0,0,0,0,0,0.4349731267728573,0.6086676121306319,0.3117764977852349,0.3049105835242118
2078,ks_toyota_ae86_drift,160,0.4804804804804805,9.3,0.16231562043547265,10,10,0,0,0,0,0,,,,0,0,0,0,0,0,0,0,0.6076160831635673,0.811466920924006,0.6053706051130727,0.6083567851625434
2078,ks_toyota_ae86_drift,240,0.7207207207207207,9.3,0.16231562043547265,10,10,0,0,0,0,0,,,,0,0,0,0,0,0,0,0,0.8197510332527324,0.9711217389994078,0.8427735198715826,0.8485210706972954
2079,ks_toyota_ae86_drift,80,0.24024024024024024,9.3,0.16231562043547265,10,10,0,0,0,0,0,,,,0,0,0,0,0,0,0,0,0.5215683995043946,0.7038515809391958,0.3272284667610665,0.3288720343909537
2079,ks_toyota_ae86_drift,160,0.4804804804804805,9.3,0.16231562043547265,10,10,0,0,0,0,0,,,,0,0,0,0,0,0,0,0,0.7649911121600658,0.916673498648476,0.6862075481266132,0.6903248715356616
2079,ks_toyota_ae86_drift,240,0.7207207207207207,9.3,0.16231562043547265,10,10,0,0,0,0,0,,,,0,0,0,0,0,0,0,0,0.973089580532312,1.1589645343360406,0.9278125766894147,0.9328661696232837
2080,ks_toyota_ae86_drift,80,0.24024024024024024,9.3,0.16231562043547265,10,10,0,0,0,0,0,,,,0,0,0,0,0,0,0,0,0.5566602039126276,0.747216825505577,0.3668944968812246,0.3686397436162951
2080,ks_toyota_ae86_drift,160,0.4804804804804805,9.3,0.16231562043547265,10,10,0,0,0,0,0,,,,0,0,0,0,0,0,0,0,0.9409952686743625,1.0775703439357622,0.826225732420787,0.8299313234889305
2080,ks_toyota_ae86_drift,240,0.7207207207207207,9.3,0.16231562043547265,10,10,0,0,0,0,0,,,,0,0,0,0,0,0,0,0,1.170163376532217,1.3123689822689404,1.116800282485671,1.1235545925228732
2081,ks_toyota_ae86_drift,80,0.24024024024024024,9.3,0.16231562043547265,10,10,0,0,0,0,0,,,,0,0,0,0,0,0,0,0,0.370969291690519,0.5318520497126422,0.27177386740504206,0.2726811353063166
2081,ks_toyota_ae86_drift,160,0.4804804804804805,9.3,0.16231562043547265,10,10,0,0,0,0,0,,,,0,0,0,0,0,0,0,0,0.616394690516032,0.8106636800054419,0.608123117987735,0.6122722444651062
2081,ks_toyota_ae86_drift,240,0.7207207207207207,9.3,0.16231562043547265,10,10,0,0,0,0,0,,,,0,0,0,0,0,0,0,0,0.8356936019100412,1.0707876459248222,0.8869851209256635,0.8918095289963668
2082,ks_toyota_ae86_drift,80,0.24024024024024024,9.3,0.16231562043547265,10,10,0,0,0,0,0,,,,0,0,0,0,0,0,0,0,0.2504595684089297,0.4418007813023578,0.36964447511537457,0.3557926647156036
2082,ks_toyota_ae86_drift,160,0.4804804804804805,9.3,0.16231562043547265,10,10,0,0,0,0,0,,,,0,0,0,0,0,0,0,0,0.2504595684089297,0.4418007813023578,0.36964447511537457,0.3557926647156036
2082,ks_toyota_ae86_drift,240,0.7207207207207207,9.3,0.16231562043547265,10,10,0,0,0,0,0,,,,0,0,0,0,0,0,0,0,0.2504595684089297,0.4418007813023578,0.36964447511537457,0.3557926647156036
2083,ks_toyota_ae86_drift,80,0.24024024024024024,9.3,0.16231562043547265,10,10,0,0,0,0,0,,,,0,0,0,0,0,0,0,0,0.5665058682403481,0.7249163645871911,0.5639543123376723,0.5570384256379171
2083,ks_toyota_ae86_drift,160,0.4804804804804805,9.3,0.16231562043547265,10,10,0,0,0,0,0,,,,0,0,0,0,0,0,0,0,0.5665058682403481,0.7249163645871911,0.5639543123376723,0.5570384256379171
2083,ks_toyota_ae86_drift,240,0.7207207207207207,9.3,0.16231562043547265,10,10,0,0,0,0,0,,,,0,0,0,0,0,0,0,0,0.5665058682403481,0.7249163645871911,0.5911980159461492,0.5929988913703582
2084,ks_toyota_ae86_drift,80,0.24024024024024024,9.3,0.16231562043547265,10,10,0,0,0,0,0,,,,0,0,0,0,0,0,0,0,0.1649643963608008,0.3265834674517498,0.21907014007745348,0.21576456864300533
2084,ks_toyota_ae86_drift,160,0.4804804804804805,9.3,0.16231562043547265,10,10,0,0,0,0,0,,,,0,0,0,0,0,0,0,0,0.1649643963608008,0.3265834674517498,0.21907014007745348,0.21576456864300533
2084,ks_toyota_ae86_drift,240,0.7207207207207207,9.3,0.16231562043547265,10,10,0,0,0,0,0,,,,0,0,0,0,0,0,0,0,0.24546904800317756,0.43894453492967594,0.3292358220055362,0.32990619440040236
2085,ks_toyota_ae86_drift,80,0.24024024024024024,9.3,0.16231562043547265,10,10,0,0,0,0,0,,,,0,0,0,0,0,0,0,0,0.21156641688204078,0.36374759394284706,0.3052196762645813,0.29361347731743714
2085,ks_toyota_ae86_drift,160,0.4804804804804805,9.3,0.16231562043547265,10,10,0,0,0,0,0,,,,0,0,0,0,0,0,0,0,0.21156641688204078,0.36374759394284706,0.3052196762645813,0.29361347731743714
2085,ks_toyota_ae86_drift,240,0.7207207207207207,9.3,0.16231562043547265,10,10,0,0,0,0,0,,,,0,0,0,0,0,0,0,0,0.21156641688204078,0.36374759394284706,0.3052196762645813,0.29361347731743714
2086,ks_toyota_ae86_drift,80,0.24024024024024024,9.3,0.16231562043547265,10,10,0,0,0,0,0,,,,0,0,0,0,0,0,0,0,0.1945757610326787,0.3624603167277112,0.29056937406215355,0.2843477120585066
2086,ks_toyota_ae86_drift,160,0.4804804804804805,9.3,0.16231562043547265,10,10,0,0,0,0,0,,,,0,0,0,0,0,0,0,0,0.1945757610326787,0.3624603167277112,0.29056937406215355,0.2843477120585066
2086,ks_toyota_ae86_drift,240,0.7207207207207207,9.3,0.16231562043547265,10,10,0,0,0,0,0,,,,0,0,0,0,0,0,0,0,0.1945757610326787,0.3624603167277112,0.29056937406215355,0.2843477120585066
2087,ks_toyota_ae86_drift,80,0.24024024024024024,9.3,0.16231562043547265,10,10,0,0,0,0,0,,,,0,0,0,0,0,0,0,0,0.08766256983063112,0.2670492974900973,0.19574161562706172,0.18744413640468627
2087,ks_toyota_ae86_drift,160,0.4804804804804805,9.3,0.16231562043547265,10,10,0,0,0,0,0,,,,0,0,0,0,0,0,0,0,0.08766256983063112,0.2670492974900973,0.19574161562706172,0.18744413640468627
2087,ks_toyota_ae86_drift,240,0.7207207207207207,9.3,0.16231562043547265,10,10,0,0,0,0,0,,,,0,0,0,0,0,0,0,0,0.08766256983063112,0.2670492974900973,0.19574161562706172,0.18744413640468627
2088,ks_toyota_ae86_drift,80,0.24024024024024024,9.3,0.16231562043547265,10,10,0,0,0,0,0,,,,0,0,0,0,0,0,0,0,0.13350714638530048,0.13562801350408202,0.09282813384418466,0.09316981672545718
2088,ks_toyota_ae86_drift,160,0.4804804804804805,9.3,0.16231562043547265,10,10,0,0,0,0,0,,,,0,0,0,0,0,0,0,0,0.13350714638530048,0.1830323011083208,0.09826287001003885,0.09837772924588613
2088,ks_toyota_ae86_drift,240,0.7207207207207207,9.3,0.16231562043547265,10,10,0,0,0,0,0,,,,0,0,0,0,0,0,0,0,0.13350714638530048,0.23635063873950474,0.16705000529603478,0.1672728802383461
2089,ks_toyota_ae86_drift,80,0.24024024024024024,9.3,0.16231562043547265,10,10,0,0,0,0,0,,,,0,0,0,0,0,0,0,0,0.17650729599620335,0.061189970567064954,0.07371700441233113,0.07365133721274249
2089,ks_toyota_ae86_drift,160,0.4804804804804805,9.3,0.16231562043547265,10,10,0,0,0,0,0,,,,0,0,0,0,0,0,0,0,0.17650729599620335,0.08283002422986198,0.07371700441233113,0.07365133721274249
2089,ks_toyota_ae86_drift,240,0.7207207207207207,9.3,0.16231562043547265,10,10,0,0,0,0,0,,,,0,0,0,0,0,0,0,0,0.17650729599620335,0.08864497648288241,0.07371700441233113,0.07365133721274249
2090,ks_toyota_ae86_drift,80,0.24024024024024024,9.3,0.16231562043547265,10,10,0,0,0,0,0,,,,0,0,0,0,0,0,0,0,0.1423146486396055,0.09677530283357767,0.06472406652412425,0.06441953613667689
2090,ks_toyota_ae86_drift,160,0.4804804804804805,9.3,0.16231562043547265,10,10,0,0,0,0,0,,,,0,0,0,0,0,0,0,0,0.1423146486396055,0.11521947496515002,0.06472406652412425,0.06441953613667689
2090,ks_toyota_ae86_drift,240,0.7207207207207207,9.3,0.16231562043547265,10,10,0,0,0,0,0,,,,0,0,0,0,0,0,0,0,0.1423146486396055,0.1459012716862291,0.06472406652412425,0.06441953613667689
2091,ks_toyota_ae86_drift,80,0.24024024024024024,9.3,0.16231562043547265,10,10,0,0,0,0,0,,,,0,0,0,0,0,0,0,0,0.17383890650612333,0.13311935972713038,0.11691609662302384,0.11718700967315004
2091,ks_toyota_ae86_drift,160,0.4804804804804805,9.3,0.16231562043547265,10,10,0,0,0,0,0,,,,0,0,0,0,0,0,0,0,0.17383890650612333,0.2124372526610042,0.11834696789328861,0.11848566609016482
2091,ks_toyota_ae86_drift,240,0.7207207207207207,9.3,0.16231562043547265,10,10,0,0,0,0,0,,,,0,0,0,0,0,0,0,0,0.17383890650612333,0.28549929262474133,0.189248827129877,0.19000102839265112
2092,ks_toyota_ae86_drift,80,0.24024024024024024,9.3,0.16231562043547265,10,10,0,0,0,0,0,,,,0,0,0,0,0,0,0,0,0.35055369617879223,0.1841005720429799,0.28380327127646254,0.28269595353770066
2092,ks_toyota_ae86_drift,160,0.4804804804804805,9.3,0.16231562043547265,10,10,0,0,0,0,0,,,,0,0,0,0,0,0,0,0,0.35055369617879223,0.1841005720429799,0.28380327127646254,0.28269595353770066
2092,ks_toyota_ae86_drift,240,0.7207207207207207,9.3,0.16231562043547265,10,10,0,0,0,0,0,,,,0,0,0,0,0,0,0,0,0.35055369617879223,0.1841005720429799,0.28380327127646254,0.28269595353770066
2093,ks_toyota_ae86_drift,80,0.24024024024024024,9.3,0.16231562043547265,10,10,0,0,0,0,0,,,,0,0,0,0,0,0,0,0,0.2112038832475012,0.050994509173379235,0.11490124417872297,0.11639041218077086
2093,ks_toyota_ae86_drift,160,0.4804804804804805,9.3,0.16231562043547265,10,10,0,0,0,0,0,,,,0,0,0,0,0,0,0,0,0.2112038832475012,0.08036700732234513,0.11490124417872297,0.11639041218077086
2093,ks_toyota_ae86_drift,240,0.7207207207207207,9.3,0.16231562043547265,10,10,0,0,0,0,0,,,,0,0,0,0,0,0,0,0,0.2112038832475012,0.0896656695470828,0.11490124417872297,0.11639041218077086
2094,ks_toyota_ae86_drift,80,0.24024024024024024,9.3,0.16231562043547265,10,10,0,0,0,0,0,,,,0,0,0,0,0,0,0,0,0.291097006175537,0.11640172468158369,0.20759588917929486,0.20777595537737462
2094,ks_toyota_ae86_drift,160,0.4804804804804805,9.3,0.16231562043547265,10,10,0,0,0,0,0,,,,0,0,0,0,0,0,0,0,0.291097006175537,0.11640172468158369,0.20759588917929486,0.20777595537737462
2094,ks_toyota_ae86_drift,240,0.7207207207207207,9.3,0.16231562043547265,10,10,0,0,0,0,0,,,,0,0,0,0,0,0,0,0,0.291097006175537,0.11640172468158369,0.20759588917929486,0.20777595537737462
2095,ks_toyota_ae86_drift,80,0.24024024024024024,9.3,0.16231562043547265,10,10,0,0,0,0,0,,,,0,0,0,0,0,0,0,0,0.2723111845132252,0.08221780182443347,0.1530517993963581,0.15296366060759584
2095,ks_toyota_ae86_drift,160,0.4804804804804805,9.3,0.16231562043547265,10,10,0,0,0,0,0,,,,0,0,0,0,0,0,0,0,0.2723111845132252,0.08221780182443347,0.1530517993963581,0.15296366060759584
2095,ks_toyota_ae86_drift,240,0.7207207207207207,9.3,0.16231562043547265,10,10,0,0,0,0,0,,,,0,0,0,0,0,0,0,0,0.2723111845132252,0.08221780182443347,0.1530517993963581,0.15296366060759584
2096,ks_toyota_ae86_drift,80,0.24024024024024024,9.3,0.16231562043547265,10,10,0,0,0,0,0,,,,0,0,0,0,0,0,0,0,0.2778392087901456,0.08395414396717782,0.18422452930424504,0.1841392720015389
2096,ks_toyota_ae86_drift,160,0.4804804804804805,9.3,0.16231562043547265,10,10,0,0,0,0,0,,,,0,0,0,0,0,0,0,0,0.2778392087901456,0.08395414396717782,0.18422452930424504,0.1841392720015389
2096,ks_toyota_ae86_drift,240,0.7207207207207207,9.3,0.16231562043547265,10,10,0,0,0,0,0,,,,0,0,0,0,0,0,0,0,0.2778392087901456,0.10338285051501048,0.18422452930424504,0.1841392720015389
2097,ks_toyota_ae86_drift,80,0.24024024024024024,9.3,0.16231562043547265,10,10,0,0,0,0,0,,,,0,0,0,0,0,0,0,0,0.3727420993061076,0.17685174030161296,0.2848924463252416,0.283897773346932
2097,ks_toyota_ae86_drift,160,0.4804804804804805,9.3,0.16231562043547265,10,10,0,0,0,0,0,,,,0,0,0,0,0,0,0,0,0.3727420993061076,0.17685174030161296,0.2848924463252416,0.283897773346932
2097,ks_toyota_ae86_drift,240,0.7207207207207207,9.3,0.16231562043547265,10,10,0,0,0,0,0,,,,0,0,0,0,0,0,0,0,0.3727420993061076,0.17685174030161296,0.2848924463252416,0.283897773346932
2098,ks_toyota_ae86_drift,80,0.24024024024024024,9.3,0.16231562043547265,10,10,0,0,0,0,0,,,,0,0,0,0,0,0,0,0,0.447045913017678,0.26748333466751045,0.35960556445891034,0.3596524152877484
2098,ks_toyota_ae86_drift,160,0.4804804804804805,9.3,0.16231562043547265,10,10,0,0,0,0,0,,,,0,0,0,0,0,0,0,0,0.447045913017678,0.26748333466751045,0.35960556445891034,0.3596524152877484
2098,ks_toyota_ae86_drift,240,0.7207207207207207,9.3,0.16231562043547265,10,10,0,0,0,0,0,,,,0,0,0,0,0,0,0,0,0.447045913017678,0.26748333466751045,0.35960556445891034,0.3596524152877484
2099,ks_toyota_ae86_drift,80,0.24024024024024024,9.3,0.16231562043547265,10,10,0,0,0,0,0,,,,0,0,0,0,0,0,0,0,0.4502737643698908,0.2948784763764911,0.356734190284434,0.3569712725538275
2099,ks_toyota_ae86_drift,160,0.4804804804804805,9.3,0.16231562043547265,10,10,0,0,0,0,0,,,,0,0,0,0,0,0,0,0,0.4502737643698908,0.2948784763764911,0.356734190284434,0.3569712725538275
2099,ks_toyota_ae86_drift,240,0.7207207207207207,9.3,0.16231562043547265,10,10,0,0,0,0,0,,,,0,0,0,0,0,0,0,0,0.4502737643698908,0.2948784763764911,0.356734190284434,0.3569712725538275
2100,ks_toyota_ae86_drift,80,0.24024024024024024,9.3,0.16231562043547265,10,10,0,0,0,0,0,,,,0,0,0,0,0,0,0,0,0.5256413800446907,0.35330266055673726,0.4468351109683332,0.44677828166000455
2100,ks_toyota_ae86_drift,160,0.4804804804804805,9.3,0.16231562043547265,10,10,0,0,0,0,0,,,,0,0,0,0,0,0,0,0,0.5256413800446907,0.35330266055673726,0.4468351109683332,0.44677828166000455
2100,ks_toyota_ae86_drift,240,0.7207207207207207,9.3,0.16231562043547265,10,10,0,0,0,0,0,,,,0,0,0,0,0,0,0,0,0.5256413800446907,0.35330266055673726,0.4468351109683332,0.44677828166000455
2101,ks_toyota_ae86_drift,80,0.24024024024024024,9.3,0.16231562043547265,10,10,0,0,0,0,0,,,,0,0,0,0,0,0,0,0,0.2858604655575322,0.1015898524867094,0.21559150605686747,0.21495880642414217
2101,ks_toyota_ae86_drift,160,0.4804804804804805,9.3,0.16231562043547265,10,10,0,0,0,0,0,,,,0,0,0,0,0,0,0,0,0.2858604655575322,0.13902754006025753,0.21559150605686747,0.21495880642414217
2101,ks_toyota_ae86_drift,240,0.7207207207207207,9.3,0.16231562043547265,10,10,0,0,0,0,0,,,,0,0,0,0,0,0,0,0,0.2858604655575322,0.1804529708817154,0.21559150605686747,0.21495880642414217
2102,ks_toyota_ae86_drift,80,0.24024024024024024,9.3,0.16231562043547265,10,10,0,0,0,0,0,,,,0,0,0,0,0,0,0,0,0.6040463488268836,0.4589216909936261,0.5518185602864406,0.5514824936349348
2102,ks_toyota_ae86_drift,160,0.4804804804804805,9.3,0.16231562043547265,10,10,0,0,0,0,0,,,,0,0,0,0,0,0,0,0,0.6040463488268836,0.4589216909936261,0.5518185602864406,0.5514824936349348
2102,ks_toyota_ae86_drift,240,0.7207207207207207,9.3,0.16231562043547265,10,10,0,0,0,0,0,,,,0,0,0,0,0,0,0,0,0.6040463488268836,0.4589216909936261,0.5518185602864406,0.5514824936349348
2103,ks_toyota_ae86_drift,80,0.24024024024024024,9.3,0.16231562043547265,10,10,0,0,0,0,0,,,,0,0,0,0,0,0,0,0,0.5423809464007755,0.3882256045459976,0.45811946393126696,0.45809235661799846
2103,ks_toyota_ae86_drift,160,0.4804804804804805,9.3,0.16231562043547265,10,10,0,0,0,0,0,,,,0,0,0,0,0,0,0,0,0.5423809464007755,0.3882256045459976,0.45811946393126696,0.45809235661799846
2103,ks_toyota_ae86_drift,240,0.7207207207207207,9.3,0.16231562043547265,10,10,0,0,0,0,0,,,,0,0,0,0,0,0,0,0,0.5423809464007755,0.3882256045459976,0.45811946393126696,0.45809235661799846
2104,ks_toyota_ae86_drift,80,0.24024024024024024,9.3,0.16231562043547265,10,10,0,0,0,0,0,,,,0,0,0,0,0,0,0,0,0.33015885803883993,0.15950320655212602,0.2653577317730349,0.2647084902759134
2104,ks_toyota_ae86_drift,160,0.4804804804804805,9.3,0.16231562043547265,10,10,0,0,0,0,0,,,,0,0,0,0,0,0,0,0,0.33015885803883993,0.15950320655212602,0.2653577317730349,0.2647084902759134
2104,ks_toyota_ae86_drift,240,0.7207207207207207,9.3,0.16231562043547265,10,10,0,0,0,0,0,,,,0,0,0,0,0,0,0,0,0.33015885803883993,0.15950320655212602,0.2653577317730349,0.2647084902759134
2105,ks_toyota_ae86_drift,80,0.24024024024024024,9.3,0.16231562043547265,10,10,0,0,0,0,0,,,,0,0,0,0,0,0,0,0,0.4332173412693409,0.28804345804929177,0.3662970154114072,0.36666776661729195
2105,ks_toyota_ae86_drift,160,0.4804804804804805,9.3,0.16231562043547265,10,10,0,0,0,0,0,,,,0,0,0,0,0,0,0,0,0.4332173412693409,0.28804345804929177,0.3662970154114072,0.36666776661729195
2105,ks_toyota_ae86_drift,240,0.7207207207207207,9.3,0.16231562043547265,10,10,0,0,0,0,0,,,,0,0,0,0,0,0,0,0,0.4332173412693409,0.28804345804929177,0.3662970154114072,0.36666776661729195
2106,ks_toyota_ae86_drift,80,0.24024024024024024,9.3,0.16231562043547265,10,10,0,0,0,0,0,,,,0,0,0,0,0,0,0,0,0.3513192643352155,0.15605538842408442,0.21140524042588435,0.21123285819062088
2106,ks_toyota_ae86_drift,160,0.4804804804804805,9.3,0.16231562043547265,10,10,0,0,0,0,0,,,,0,0,0,0,0,0,0,0,0.3513192643352155,0.15605538842408442,0.21140524042588435,0.21123285819062088
2106,ks_toyota_ae86_drift,240,0.7207207207207207,9.3,0.16231562043547265,10,10,0,0,0,0,0,,,,0,0,0,0,0,0,0,0,0.3513192643352155,0.15605538842408442,0.21140524042588435,0.21123285819062088
2107,ks_toyota_ae86_drift,80,0.24024024024024024,9.3,0.16231562043547265,10,10,0,0,0,0,0,,,,0,0,0,0,0,0,0,0,0.4205811444592736,0.24399263324497053,0.25321896483361483,0.25351695851658307
2107,ks_toyota_ae86_drift,160,0.4804804804804805,9.3,0.16231562043547265,10,10,0,0,0,0,0,,,,0,0,0,0,0,0,0,0,0.4205811444592736,0.24399263324497053,0.25321896483361483,0.25351695851658307
2107,ks_toyota_ae86_drift,240,0.7207207207207207,9.3,0.16231562043547265,10,10,0,0,0,0,0,,,,0,0,0,0,0,0,0,0,0.43991047308870385,0.24399263324497053,0.33830932811150144,0.33760517829675546
2108,ks_toyota_ae86_drift,80,0.24024024024024024,9.3,0.16231562043547265,10,10,0,0,0,0,0,,,,0,0,0,0,0,0,0,0,0.3485529843605074,0.17684324258579012,0.19218647548364362,0.1920929339085262
2108,ks_toyota_ae86_drift,160,0.4804804804804805,9.3,0.16231562043547265,10,10,0,0,0,0,0,,,,0,0,0,0,0,0,0,0,0.3485529843605074,0.17684324258579012,0.21024430837018052,0.20988400255124912
2108,ks_toyota_ae86_drift,240,0.7207207207207207,9.3,0.16231562043547265,10,10,0,0,0,0,0,,,,0,0,0,0,0,0,0,0,0.4054656957021973,0.2343158560166492,0.3172778149552835,0.31673038596547753
2109,ks_toyota_ae86_drift,80,0.24024024024024024,9.3,0.16231562043547265,10,10,0,0,0,0,0,,,,0,0,0,0,0,0,0,0,0.3846606460056476,0.20773968333762213,0.2566787491329172,0.25558402455543755
2109,ks_toyota_ae86_drift,160,0.4804804804804805,9.3,0.16231562043547265,10,10,0,0,0,0,0,,,,0,0,0,0,0,0,0,0,0.3846606460056476,0.20773968333762213,0.2566787491329172,0.25558402455543755
2109,ks_toyota_ae86_drift,240,0.7207207207207207,9.3,0.16231562043547265,10,10,0,0,0,0,0,,,,0,0,0,0,0,0,0,0,0.3846606460056476,0.20773968333762213,0.2566787491329172,0.25558402455543755
2110,ks_toyota_ae86_drift,80,0.24024024024024024,9.3,0.16231562043547265,10,10,0,0,0,0,0,,,,0,0,0,0,0,0,0,0,0.512509967839371,0.3398959597113543,0.40776859003040233,0.4069736467244628
2110,ks_toyota_ae86_drift,160,0.4804804804804805,9.3,0.16231562043547265,10,10,0,0,0,0,0,,,,0,0,0,0,0,0,0,0,0.512509967839371,0.3398959597113543,0.40776859003040233,0.4069736467244628
2110,ks_toyota_ae86_drift,240,0.7207207207207207,9.3,0.16231562043547265,10,10,0,0,0,0,0,,,,0,0,0,0,0,0,0,0,0.512509967839371,0.3398959597113543,0.40776859003040233,0.4069736467244628
2111,ks_toyota_ae86_drift,80,0.24024024024024024,9.3,0.16231562043547265,10,10,0,0,0,0,0,,,,0,0,0,0,0,0,0,0,0.5030422584326755,0.3137946052415621,0.40370062541027796,0.40327371190672573
2111,ks_toyota_ae86_drift,160,0.4804804804804805,9.3,0.16231562043547265,10,10,0,0,0,0,0,,,,0,0,0,0,0,0,0,0,0.5030422584326755,0.3137946052415621,0.40370062541027796,0.40327371190672573
2111,ks_toyota_ae86_drift,240,0.7207207207207207,9.3,0.16231562043547265,10,10,0,0,0,0,0,,,,0,0,0,0,0,0,0,0,0.5030422584326755,0.3137946052415621,0.40370062541027796,0.40327371190672573
2112,ks_toyota_ae86_drift,80,0.24024024024024024,9.3,0.16231562043547265,10,10,0,0,0,0,0,,,,0,0,0,0,0,0,0,0,0.6405996002740878,0.45101057102660597,0.5532240317907294,0.5529684333053828
2112,ks_toyota_ae86_drift,160,0.4804804804804805,9.3,0.16231562043547265,10,10,0,0,0,0,0,,,,0,0,0,0,0,0,0,0,0.6405996002740878,0.45101057102660597,0.5532240317907294,0.5529684333053828
2112,ks_toyota_ae86_drift,240,0.7207207207207207,9.3,0.16231562043547265,10,10,0,0,0,0,0,,,,0,0,0,0,0,0,0,0,0.6405996002740878,0.45101057102660597,0.5532240317907294,0.5529684333053828
2113,ks_toyota_ae86_drift,80,0.24024024024024024,9.3,0.16231562043547265,10,10,0,0,0,0,0,,,,0,0,0,0,0,0,0,0,0.7197500735320169,0.5568627083493479,0.6177157985119005,0.620111220559018
2113,ks_toyota_ae86_drift,160,0.4804804804804805,9.3,0.16231562043547265,10,10,0,0,0,0,0,,,,0,0,0,0,0,0,0,0,0.7197500735320169,0.5568627083493479,0.6177157985119005,0.620111220559018
2113,ks_toyota_ae86_drift,240,0.7207207207207207,9.3,0.16231562043547265,10,10,0,0,0,0,0,,,,0,0,0,0,0,0,0,0,0.7197500735320169,0.5568627083493479,0.6177157985119005,0.620111220559018
2114,ks_toyota_ae86_drift,80,0.24024024024024024,9.3,0.16231562043547265,10,10,0,0,0,0,0,,,,0,0,0,0,0,0,0,0,0.4096947834176253,0.2301164902962814,0.32166733207492737,0.32140698447367355
2114,ks_toyota_ae86_drift,160,0.4804804804804805,9.3,0.16231562043547265,10,10,0,0,0,0,0,,,,0,0,0,0,0,0,0,0,0.4096947834176253,0.2301164902962814,0.32166733207492737,0.32140698447367355
2114,ks_toyota_ae86_drift,240,0.7207207207207207,9.3,0.16231562043547265,10,10,0,0,0,0,0,,,,0,0,0,0,0,0,0,0,0.4096947834176253,0.2301164902962814,0.32166733207492737,0.32140698447367355
2115,ks_toyota_ae86_drift,80,0.24024024024024024,9.3,0.16231562043547265,10,10,0,0,0,0,0,,,,0,0,0,0,0,0,0,0,0.4028282555067939,0.20854405817431015,0.31691362713430427,0.31639954867755504
2115,ks_toyota_ae86_drift,160,0.4804804804804805,9.3,0.16231562043547265,10,10,0,0,0,0,0,,,,0,0,0,0,0,0,0,0,0.4028282555067939,0.20854405817431015,0.31691362713430427,0.31639954867755504
2115,ks_toyota_ae86_drift,240,0.7207207207207207,9.3,0.16231562043547265,10,10,0,0,0,0,0,,,,0,0,0,0,0,0,0,0,0.4028282555067939,0.20854405817431015,0.31691362713430427,0.31639954867755504
2116,ks_toyota_ae86_drift,80,0.24024024024024024,9.3,0.16231562043547265,10,10,0,0,0,0,0,,,,0,0,0,0,0,0,0,0,0.5028243860703226,0.3180152619422333,0.41201526014685774,0.4117610757241128
2116,ks_toyota_ae86_drift,160,0.4804804804804805,9.3,0.16231562043547265,10,10,0,0,0,0,0,,,,0,0,0,0,0,0,0,0,0.5028243860703226,0.3180152619422333,0.41201526014685774,0.4117610757241128
2116,ks_toyota_ae86_drift,240,0.7207207207207207,9.3,0.16231562043547265,10,10,0,0,0,0,0,,,,0,0,0,0,0,0,0,0,0.5028243860703226,0.3180152619422333,0.41201526014685774,0.4117610757241128
2117,ks_toyota_ae86_drift,80,0.24024024024024024,9.3,0.16231562043547265,10,10,0,0,0,0,0,,,,0,0,0,0,0,0,0,0,0.45422316117489203,0.27644977222215045,0.3532227793599598,0.35321637605761297
2117,ks_toyota_ae86_drift,160,0.4804804804804805,9.3,0.16231562043547265,10,10,0,0,0,0,0,,,,0,0,0,0,0,0,0,0,0.45422316117489203,0.27644977222215045,0.3532227793599598,0.35321637605761297
2117,ks_toyota_ae86_drift,240,0.7207207207207207,9.3,0.16231562043547265,10,10,0,0,0,0,0,,,,0,0,0,0,0,0,0,0,0.45422316117489203,0.27644977222215045,0.3532227793599598,0.35321637605761297
2118,ks_toyota_ae86_drift,80,0.24024024024024024,9.3,0.16231562043547265,10,10,0,0,0,0,0,,,,0,0,0,0,0,0,0,0,0.3611481199942754,0.19045582294183874,0.24800480909339767,0.2478238357608188
2118,ks_toyota_ae86_drift,160,0.4804804804804805,9.3,0.16231562043547265,10,10,0,0,0,0,0,,,,0,0,0,0,0,0,0,0,0.3611481199942754,0.19045582294183874,0.24800480909339767,0.2478238357608188
2118,ks_toyota_ae86_drift,240,0.7207207207207207,9.3,0.16231562043547265,10,10,0,0,0,0,0,,,,0,0,0,0,0,0,0,0,0.3611481199942754,0.19045582294183874,0.24800480909339767,0.2478238357608188
2119,ks_toyota_ae86_drift,80,0.24024024024024024,9.3,0.16231562043547265,10,10,0,0,0,0,0,,,,0,0,0,0,0,0,0,0,0.39509199905469666,0.21282940156889812,0.18845016190444833,0.18769055682333563
2119,ks_toyota_ae86_drift,160,0.4804804804804805,9.3,0.16231562043547265,10,10,0,0,0,0,0,,,,0,0,0,0,0,0,0,0,0.44844231317697536,0.3002499132306037,0.33093224356021167,0.33045991997084945
2119,ks_toyota_ae86_drift,240,0.7207207207207207,9.3,0.16231562043547265,10,10,0,0,0,0,0,,,,0,0,0,0,0,0,0,0,0.5591467662964825,0.41895289139416597,0.4779817607593698,0.47699597236306657
2120,ks_toyota_ae86_drift,80,0.24024024024024024,9.3,0.16231562043547265,10,10,0,0,0,0,0,,,,0,0,0,0,0,0,0,0,0.3873481386810625,0.22406592986742857,0.19004857291257674,0.1896886539598288
2120,ks_toyota_ae86_drift,160,0.4804804804804805,9.3,0.16231562043547265,10,10,0,0,0,0,0,,,,0,0,0,0,0,0,0,0,0.5529671526449135,0.33357584693412395,0.3739804446191426,0.37350163768615413
2120,ks_toyota_ae86_drift,240,0.7207207207207207,9.3,0.16231562043547265,10,10,0,0,0,0,0,,,,0,0,0,0,0,0,0,0,0.7211010102446515,0.49225562882508,0.5821957732592195,0.5803137893386164
2121,ks_toyota_ae86_drift,80,0.24024024024024024,9.3,0.16231562043547265,10,10,0,0,0,0,0,,,,0,0,0,0,0,0,0,0,0.4089754791206583,0.23005440494394302,0.21549837802835994,0.21532368793620893
2121,ks_toyota_ae86_drift,160,0.4804804804804805,9.3,0.16231562043547265,10,10,0,0,0,0,0,,,,0,0,0,0,0,0,0,0,0.4343701491351922,0.274615866430002,0.31371968660410354,0.3126525229071419
2121,ks_toyota_ae86_drift,240,0.7207207207207207,9.3,0.16231562043547265,10,10,0,0,0,0,0,,,,0,0,0,0,0,0,0,0,0.5699403861758068,0.3829738294044925,0.4665835624167937,0.46560812602595125
2122,ks_toyota_ae86_drift,80,0.24024024024024024,9.3,0.16231562043547265,10,10,0,0,0,0,0,,,,0,0,0,0,0,0,0,0,0.6032306214687431,0.40054737253040634,0.39574417539872714,0.395662213128687
2122,ks_toyota_ae86_drift,160,0.4804804804804805,9.3,0.16231562043547265,10,10,0,0,0,0,0,,,,0,0,0,0,0,0,0,0,0.6032306214687431,0.40054737253040634,0.39574417539872714,0.395662213128687
2122,ks_toyota_ae86_drift,240,0.7207207207207207,9.3,0.16231562043547265,10,10,0,0,0,0,0,,,,0,0,0,0,0,0,0,0,0.6340813052892214,0.4437205980676603,0.5211615230011029,0.520181390855206
2123,ks_toyota_ae86_drift,80,0.24024024024024024,9.3,0.16231562043547265,10,10,0,0,0,0,0,,,,0,0,0,0,0,0,0,0,0.6293930207542423,0.45115155039994326,0.41165582144178586,0.41186638336729264
2123,ks_toyota_ae86_drift,160,0.4804804804804805,9.3,0.16231562043547265,10,10,0,0,0,0,0,,,,0,0,0,0,0,0,0,0,0.6293930207542423,0.45115155039994326,0.42801620557722914,0.42596874965181203
2123,ks_toyota_ae86_drift,240,0.7207207207207207,9.3,0.16231562043547265,10,10,0,0,0,0,0,,,,0,0,0,0,0,0,0,0,0.7531611177958979,0.5702769864358415,0.6366134912022977,0.6355686857026974
2124,ks_toyota_ae86_drift,80,0.24024024024024024,9.3,0.16231562043547265,10,10,0,0,0,0,0,,,,0,0,0,0,0,0,0,0,0.5333868145634852,0.3615186577567486,0.46837360558786595,0.46875956463682455
2124,ks_toyota_ae86_drift,160,0.4804804804804805,9.3,0.16231562043547265,10,10,0,0,0,0,0,,,,0,0,0,0,0,0,0,0,0.5333868145634852,0.3615186577567486,0.46837360558786595,0.46875956463682455
2124,ks_toyota_ae86_drift,240,0.7207207207207207,9.3,0.16231562043547265,10,10,0,0,0,0,0,,,,0,0,0,0,0,0,0,0,0.5333868145634852,0.3615186577567486,0.46837360558786595,0.46875956463682455
2125,ks_toyota_ae86_drift,80,0.24024024024024024,9.3,0.16231562043547265,10,10,0,0,0,0,0,,,,0,0,0,0,0,0,0,0,0.7577765647666811,0.5932037436846057,0.7078119167190395,0.7086113690170485
2125,ks_toyota_ae86_drift,160,0.4804804804804805,9.3,0.16231562043547265,10,10,0,0,0,0,0,,,,0,0,0,0,0,0,0,0,0.7577765647666811,0.5932037436846057,0.7078119167190395,0.7086113690170485
2125,ks_toyota_ae86_drift,240,0.7207207207207207,9.3,0.16231562043547265,10,10,0,0,0,0,0,,,,0,0,0,0,0,0,0,0,0.7577765647666811,0.6432199383161397,0.7078119167190395,0.7086113690170485
2126,ks_toyota_ae86_drift,80,0.24024024024024024,9.3,0.16231562043547265,10,10,0,0,0,0,0,,,,0,0,0,0,0,0,0,0,1.0781923180370565,0.9013067469547109,1.0215570297695455,1.0255674180294008
2126,ks_toyota_ae86_drift,160,0.4804804804804805,9.3,0.16231562043547265,10,10,0,0,0,0,0,,,,0,0,0,0,0,0,0,0,1.0781923180370565,0.9013067469547109,1.0215570297695455,1.0255674180294008
2126,ks_toyota_ae86_drift,240,0.7207207207207207,9.3,0.16231562043547265,10,10,0,0,0,0,0,,,,0,0,0,0,0,0,0,0,1.0781923180370565,0.9013067469547109,1.0215570297695455,1.0255674180294008
2127,ks_toyota_ae86_drift,80,0.24024024024024024,9.3,0.16231562043547265,10,10,0,0,0,0,0,,,,0,0,0,0,0,0,0,0,0.6942887291317962,0.491974363769493,0.5345574449542019,0.5367212808997737
2127,ks_toyota_ae86_drift,160,0.4804804804804805,9.3,0.16231562043547265,10,10,0,0,0,0,0,,,,0,0,0,0,0,0,0,0,0.6942887291317962,0.491974363769493,0.5345574449542019,0.5367212808997737
2127,ks_toyota_ae86_drift,240,0.7207207207207207,9.3,0.16231562043547265,10,10,0,0,0,0,0,,,,0,0,0,0,0,0,0,0,0.6942887291317962,0.491974363769493,0.5345574449542019,0.5367212808997737
2128,ks_toyota_ae86_drift,80,0.24024024024024024,9.3,0.16231562043547265,10,10,0,0,0,0,0,,,,0,0,0,0,0,0,0,0,0.370395555800238,0.17162777950467714,0.1700451899894308,0.1696872187078134
2128,ks_toyota_ae86_drift,160,0.4804804804804805,9.3,0.16231562043547265,10,10,0,0,0,0,0,,,,0,0,0,0,0,0,0,0,0.3964870118318189,0.23240700490661576,0.2810719960212508,0.2804164045826354
2128,ks_toyota_ae86_drift,240,0.7207207207207207,9.3,0.16231562043547265,10,10,0,0,0,0,0,,,,0,0,0,0,0,0,0,0,0.5357352790600589,0.34782039321117064,0.42378815839843254,0.4230270992340786
2129,ks_toyota_ae86_drift,80,0.24024024024024024,9.3,0.16231562043547265,10,10,0,0,0,0,0,,,,0,0,0,0,0,0,0,0,0.2684181367688766,0.0897070175379665,0.18880854673267564,0.18797066128037226
2129,ks_toyota_ae86_drift,160,0.4804804804804805,9.3,0.16231562043547265,10,10,0,0,0,0,0,,,,0,0,0,0,0,0,0,0,0.2684181367688766,0.0897070175379665,0.18880854673267564,0.18797066128037226
2129,ks_toyota_ae86_drift,240,0.7207207207207207,9.3,0.16231562043547265,10,10,0,0,0,0,0,,,,0,0,0,0,0,0,0,0,0.2684181367688766,0.0897070175379665,0.18880854673267564,0.18797066128037226
2130,ks_toyota_ae86_drift,80,0.24024024024024024,9.3,0.16231562043547265,10,10,0,0,0,0,0,,,,0,0,0,0,0,0,0,0,0.42804275260154223,0.2723253518196677,0.36446639131171155,0.3642972107276215
2130,ks_toyota_ae86_drift,160,0.4804804804804805,9.3,0.16231562043547265,10,10,0,0,0,0,0,,,,0,0,0,0,0,0,0,0,0.42804275260154223,0.2723253518196677,0.36446639131171155,0.3642972107276215
2130,ks_toyota_ae86_drift,240,0.7207207207207207,9.3,0.16231562043547265,10,10,0,0,0,0,0,,,,0,0,0,0,0,0,0,0,0.42804275260154223,0.38216338477078815,0.36446639131171155,0.3642972107276215
2131,ks_toyota_ae86_drift,80,0.24024024024024024,9.3,0.16231562043547265,10,10,0,0,0,0,0,,,,0,0,0,0,0,0,0,0,0.5138405740670541,0.33396975675016327,0.38284306863448375,0.3803676853493095
2131,ks_toyota_ae86_drift,160,0.4804804804804805,9.3,0.16231562043547265,10,10,0,0,0,0,0,,,,0,0,0,0,0,0,0,0,0.5138405740670541,0.33396975675016327,0.38284306863448375,0.3803676853493095
2131,ks_toyota_ae86_drift,240,0.7207207207207207,9.3,0.16231562043547265,10,10,0,0,0,0,0,,,,0,0,0,0,0,0,0,0,0.5138405740670541,0.33396975675016327,0.38284306863448375,0.3803676853493095
2132,ks_toyota_ae86_drift,80,0.24024024024024024,9.3,0.16231562043547265,10,10,0,0,0,0,0,,,,0,0,0,0,0,0,0,0,0.51844887068355,0.3501240079108897,0.2910573590618392,0.29066448978243126
2132,ks_toyota_ae86_drift,160,0.4804804804804805,9.3,0.16231562043547265,10,10,0,0,0,0,0,,,,0,0,0,0,0,0,0,0,0.789161177281184,0.5980778840702031,0.5880820623024482,0.5866459083077472
2132,ks_toyota_ae86_drift,240,0.7207207207207207,9.3,0.16231562043547265,10,10,0,0,0,0,0,,,,0,0,0,0,0,0,0,0,1.0324548100337125,0.8555772964401532,0.9100828997079425,0.9079270145294516
2133,ks_toyota_ae86_drift,80,0.24024024024024024,9.3,0.16231562043547265,10,10,0,0,0,0,0,,,,0,0,0,0,0,0,0,0,0.425351524666425,0.2627667688804993,0.21875028178501327,0.2178787523149623
2133,ks_toyota_ae86_drift,160,0.4804804804804805,9.3,0.16231562043547265,10,10,0,0,0,0,0,,,,0,0,0,0,0,0,0,0,0.6960861894614202,0.4886210076912812,0.5135943670918163,0.5115567295633311
2133,ks_toyota_ae86_drift,240,0.7207207207207207,9.3,0.16231562043547265,10,10,0,0,0,0,0,,,,0,0,0,0,0,0,0,0,0.9076071695772245,0.7322790417082005,0.8163152346568043,0.8139949980514098
2134,ks_toyota_ae86_drift,80,0.24024024024024024,9.3,0.16231562043547265,10,10,0,0,0,0,0,,,,0,0,0,0,0,0,0,0,0.5879463122926941,0.41043455160167586,0.31443645626055816,0.31384433755645624
2134,ks_toyota_ae86_drift,160,0.4804804804804805,9.3,0.16231562043547265,10,10,0,0,0,0,0,,,,0,0,0,0,0,0,0,0,0.8169078069281558,0.6272574660607025,0.6293818683359881,0.6277963039531931
2134,ks_toyota_ae86_drift,240,0.7207207207207207,9.3,0.16231562043547265,10,10,0,0,0,0,0,,,,0,0,0,0,0,0,0,0,1.1232702858986714,0.9342644374124323,0.9738875387264398,0.9712558881835751
2135,ks_toyota_ae86_drift,80,0.24024024024024024,9.3,0.16231562043547265,10,10,0,0,0,0,0,,,,0,0,0,0,0,0,0,0,0.5913361671942833,0.42089850813184115,0.3283117454356011,0.3275263804027554
2135,ks_toyota_ae86_drift,160,0.4804804804804805,9.3,0.16231562043547265,10,10,0,0,0,0,0,,,,0,0,0,0,0,0,0,0,0.8340677500833137,0.6568256751428051,0.661152173095185,0.6582165257734018
2135,ks_toyota_ae86_drift,240,0.7207207207207207,9.3,0.16231562043547265,10,10,0,0,0,0,0,,,,0,0,0,0,0,0,0,0,1.1546604479418747,0.9462217507715974,0.9738238258680882,0.9720025132372221
2136,ks_toyota_ae86_drift,80,0.24024024024024024,9.3,0.16231562043547265,10,10,0,0,0,0,0,,,,0,0,0,0,0,0,0,0,0.987964131719013,0.8164590955161978,0.5468569081021024,0.5454189398384032
2136,ks_toyota_ae86_drift,160,0.4804804804804805,9.3,0.16231562043547265,10,10,0,0,0,0,0,,,,0,0,0,0,0,0,0,0,1.39963991011978,1.2289508147185169,1.100869506576851,1.0968138683137443
2136,ks_toyota_ae86_drift,240,0.7207207207207207,9.3,0.16231562043547265,10,10,0,0,0,0,0,,,,0,0,0,0,0,0,0,0,1.8367702027315977,1.6775556116925443,1.7104952661819888,1.7007568038077256
2137,ks_toyota_ae86_drift,80,0.24024024024024024,9.3,0.16231562043547265,10,10,0,0,0,0,0,,,,0,0,0,0,0,0,0,0,1.0743996420569955,0.9201124988955774,0.5995296194339482,0.5960992102841622
2137,ks_toyota_ae86_drift,160,0.4804804804804805,9.3,0.16231562043547265,10,10,0,0,0,0,0,,,,0,0,0,0,0,0,0,0,1.7257961705832867,1.5386720392133861,1.329692156273091,1.3233133999185338
2137,ks_toyota_ae86_drift,240,0.7207207207207207,9.3,0.16231562043547265,10,10,0,0,0,0,0,,,,0,0,0,0,0,0,0,0,2.4974844966679615,2.3069544487797518,2.2176142937755157,2.206635618458366
2138,ks_toyota_ae86_drift,80,0.24024024024024024,9.3,0.16231562043547265,10,10,0,0,0,0,0,,,,0,0,0,0,0,0,0,0,1.1530265386263607,0.9816694720686115,0.6669945995173376,0.6651682176054468
2138,ks_toyota_ae86_drift,160,0.4804804804804805,9.3,0.16231562043547265,10,10,0,0,0,0,0,,,,0,0,0,0,0,0,0,0,1.6584616044243623,1.488334185360627,1.3770166160414052,1.369405330706778
2138,ks_toyota_ae86_drift,240,0.7207207207207207,9.3,0.16231562043547265,10,10,0,0,0,0,0,,,,0,0,0,0,0,0,0,0,2.4269664220255764,2.234005467123077,2.1273672177155487,2.1173387924666773
2139,ks_toyota_ae86_drift,80,0.24024024024024024,9.3,0.16231562043547265,10,10,0,0,0,0,0,,,,0,0,0,0,0,0,0,0,1.2411091917713741,1.0813351655506145,0.6922757443173464,0.6910954556122565
2139,ks_toyota_ae86_drift,160,0.4804804804804805,9.3,0.16231562043547265,10,10,0,0,0,0,0,,,,0,0,0,0,0,0,0,0,1.7002599075456073,1.5298710203027073,1.323733669995901,1.318991597721208
2139,ks_toyota_ae86_drift,240,0.7207207207207207,9.3,0.16231562043547265,10,10,0,0,0,0,0,,,,0,0,0,0,0,0,0,0,2.2768710940238424,2.105488200813294,2.0617387047452467,2.0500206614504433
2140,ks_toyota_ae86_drift,80,0.24024024024024024,9.3,0.16231562043547265,10,10,0,0,0,0,0,,,,0,0,0,0,0,0,0,0,1.835916002198523,1.6511803026040113,0.9907989803896856,0.992568959880071
2140,ks_toyota_ae86_drift,160,0.4804804804804805,9.3,0.16231562043547265,10,10,0,0,0,0,0,,,,0,0,0,0,0,0,0,0,2.464710047379067,2.286141368274842,1.8990931175870254,1.8891995885742618
2140,ks_toyota_ae86_drift,240,0.7207207207207207,9.3,0.16231562043547265,10,10,0,0,0,0,0,,,,0,0,0,0,0,0,0,0,3.500307811648043,3.265282709855197,3.080977312178396,3.0592581643914016
2141,ks_toyota_ae86_drift,80,0.24024024024024024,9.3,0.16231562043547265,10,10,0,0,0,0,0,,,,0,0,0,0,0,0,0,0,2.5263614692617176,2.3649147937462454,1.3759690357774546,1.3688501643933029
2141,ks_toyota_ae86_drift,160,0.4804804804804805,9.3,0.16231562043547265,10,10,0,0,0,0,0,,,,0,0,0,0,0,0,0,0,3.8693866884032024,3.6724966671806527,3.011268828396069,2.9828484112596456
2141,ks_toyota_ae86_drift,240,0.7207207207207207,9.3,0.16231562043547265,10,10,0,0,0,0,0,,,,0,0,0,0,0,0,0,0,5.758520109519879,5.548244625071398,5.1110476313934665,5.057663726614293
2142,ks_toyota_ae86_drift,80,0.24024024024024024,9.3,0.16231562043547265,10,10,0,0,0,0,0,,,,0,0,0,0,0,0,0,0,2.149226811267351,1.9584986878932111,1.1917416516675798,1.1862525274524167
2142,ks_toyota_ae86_drift,160,0.4804804804804805,9.3,0.16231562043547265,10,10,0,0,0,0,0,,,,0,0,0,0,0,0,0,0,3.2460920127215767,3.011851742353047,2.4896178262913993,2.4727835444214334
2142,ks_toyota_ae86_drift,240,0.7207207207207207,9.3,0.16231562043547265,10,10,0,0,0,0,0,,,,0,0,0,0,0,0,0,0,4.571060986461898,4.363569230987019,4.104314460000376,4.0664380728448934
2143,ks_toyota_ae86_drift,80,0.24024024024024024,9.3,0.16231562043547265,10,10,0,0,0,0,0,,,,0,0,0,0,0,0,0,0,2.755914949199149,2.562022100361766,1.6588292607007793,1.6737235554030498
2143,ks_toyota_ae86_drift,160,0.4804804804804805,9.3,0.16231562043547265,10,10,0,0,0,0,0,,,,0,0,0,0,0,0,0,0,3.14489486276161,2.972957443567821,2.43015718758503,2.413872949386662
2143,ks_toyota_ae86_drift,240,0.7207207207207207,9.3,0.16231562043547265,10,10,0,0,0,0,0,,,,0,0,0,0,0,0,0,0,4.490638924079582,4.284441062565598,3.9136680854528643,3.8821373709231466
2144,ks_toyota_ae86_drift,80,0.24024024024024024,9.3,0.16231562043547265,10,10,0,0,0,0,0,,,,0,0,0,0,0,0,0,0,3.1691076699258933,3.0099856066057527,1.841070233700944,1.8574486004438113
2144,ks_toyota_ae86_drift,160,0.4804804804804805,9.3,0.16231562043547265,10,10,0,0,0,0,0,,,,0,0,0,0,0,0,0,0,3.771164299270188,3.592900203914263,2.8888502806848724,2.8653930631975215
2144,ks_toyota_ae86_drift,240,0.7207207207207207,9.3,0.16231562043547265,10,10,0,0,0,0,0,,,,0,0,0,0,0,0,0,0,5.2386923410367805,5.046012704550721,4.3936771317352585,4.35762995461687
2145,ks_toyota_ae86_drift,80,0.24024024024024024,9.3,0.16231562043547265,10,10,0,0,0,0,0,,,,0,0,0,0,0,0,0,0,3.7529848970205526,3.5751395776381143,1.8783406550109993,1.8663013793817942
2145,ks_toyota_ae86_drift,160,0.4804804804804805,9.3,0.16231562043547265,10,10,0,0,0,0,0,,,,0,0,0,0,0,0,0,0,5.143976827155744,4.95161607512656,3.711382641672828,3.6778903821908475
2145,ks_toyota_ae86_drift,240,0.7207207207207207,9.3,0.16231562043547265,10,10,0,0,0,0,0,,,,0,0,0,0,0,0,0,0,7.346087872175801,7.120738587115923,6.164341775471711,6.093689871810276
2146,ks_toyota_ae86_drift,80,0.24024024024024024,9.3,0.16231562043547265,10,10,0,0,0,0,0,,,,0,0,0,0,0,0,0,0,4.087316680477153,3.877468082851797,2.0701159317622673,2.078099996015189
2146,ks_toyota_ae86_drift,160,0.4804804804804805,9.3,0.16231562043547265,10,10,0,0,0,0,0,,,,0,0,0,0,0,0,0,0,5.0785218436790425,4.888178558775951,3.6111389434323127,3.5797004364563905
2146,ks_toyota_ae86_drift,240,0.7207207207207207,9.3,0.16231562043547265,10,10,0,0,0,0,0,,,,0,0,0,0,0,0,0,0,7.16720436403952,6.896256309193815,5.999253541911564,5.927503685341049
2147,ks_toyota_ae86_drift,80,0.24024024024024024,9.3,0.16231562043547265,10,10,0,0,0,0,0,,,,0,0,0,0,0,0,0,0,5.062470045355867,4.883207461720651,2.3841300368721954,2.3678304307481945
2147,ks_toyota_ae86_drift,160,0.4804804804804805,9.3,0.16231562043547265,10,10,0,0,0,0,0,,,,0,0,0,0,0,0,0,0,6.510927345186137,6.3160607675052045,4.335781887009292,4.291224294185067
2147,ks_toyota_ae86_drift,240,0.7207207207207207,9.3,0.16231562043547265,10,10,0,0,0,0,0,,,,0,0,0,0,0,0,0,0,8.910013361906545,8.691604402817047,6.878725774915331,6.796512068536357
2148,ks_toyota_ae86_drift,80,0.24024024024024024,9.3,0.16231562043547265,10,10,0,0,0,0,0,,,,0,0,0,0,0,0,0,0,5.301965505960486,5.118705554113521,2.2416345749825695,2.22662160574347
2148,ks_toyota_ae86_drift,160,0.4804804804804805,9.3,0.16231562043547265,10,10,0,0,0,0,0,,,,0,0,0,0,0,0,0,0,6.898453922559266,6.6424895952052765,4.520993138524766,4.4670764789903314
2148,ks_toyota_ae86_drift,240,0.7207207207207207,9.3,0.16231562043547265,10,10,0,1,1,1,0,231,236,,14,8,0,0,14,8,0,0,9.866052869279802,9.621787375313573,7.71883093197726,7.61291348097058
2149,ks_toyota_ae86_drift,80,0.24024024024024024,9.3,0.16231562043547265,10,10,0,0,0,0,0,,,,0,0,0,0,0,0,0,0,5.826193196929543,5.6157200638819535,2.7351313238850348,2.7362721789198385
2149,ks_toyota_ae86_drift,160,0.4804804804804805,9.3,0.16231562043547265,10,10,0,0,0,0,0,,,,0,0,0,0,0,0,0,0,6.871041385212243,6.667018512062085,4.4335103680879495,4.384566086269285
2149,ks_toyota_ae86_drift,240,0.7207207207207207,9.3,0.16231562043547265,10,10,0,0,0,0,0,,,,0,0,0,0,0,0,0,0,9.29432334706742,9.036270262487877,6.964917639599014,6.881509077002111
2150,ks_toyota_ae86_drift,80,0.24024024024024024,9.3,0.16231562043547265,10,10,0,0,0,0,0,,,,0,0,0,0,0,0,0,0,6.733537297502016,6.565024577846754,2.8736657029428763,2.875057994316501
2150,ks_toyota_ae86_drift,160,0.4804804804804805,9.3,0.16231562043547265,10,10,0,0,0,0,0,,,,0,0,0,0,0,0,0,0,8.093529133428635,7.896242534347403,4.878057499086461,4.820766299215217
2150,ks_toyota_ae86_drift,240,0.7207207207207207,9.3,0.16231562043547265,10,10,0,1,1,1,1,202,207,217,43,37,0,0,43,37,0,0,10.873283790708657,10.629453721302017,7.652286960214765,7.561015142335884
2151,ks_toyota_ae86_drift,80,0.24024024024024024,9.3,0.16231562043547265,10,10,0,0,0,0,0,,,,0,0,0,0,0,0,0,0,7.580952464523151,7.4324001189436055,2.665165854235186,2.667243298959928
2151,ks_toyota_ae86_drift,160,0.4804804804804805,9.3,0.16231562043547265,10,10,0,0,0,0,0,,,,0,0,0,0,0,0,0,0,7.580952464523151,7.4324001189436055,2.665165854235186,2.667243298959928
2151,ks_toyota_ae86_drift,240,0.7207207207207207,9.3,0.16231562043547265,10,10,0,0,0,0,0,,,,0,0,0,0,0,0,0,0,7.580952464523151,7.4324001189436055,2.665165854235186,2.667243298959928
2152,ks_toyota_ae86_drift,80,0.24024024024024024,9.3,0.16231562043547265,10,10,0,0,0,0,0,,,,0,0,0,0,0,0,0,0,8.938130689398548,8.732020339683306,2.970747877371322,2.972593095664283
2152,ks_toyota_ae86_drift,160,0.4804804804804805,9.3,0.16231562043547265,10,10,0,0,0,0,0,,,,0,0,0,0,0,0,0,0,8.938130689398548,8.732020339683306,2.970747877371322,2.972593095664283
2152,ks_toyota_ae86_drift,240,0.7207207207207207,9.3,0.16231562043547265,10,10,0,0,0,0,0,,,,0,0,0,0,0,0,0,0,8.938130689398548,8.732020339683306,2.970747877371322,2.972593095664283
2153,ks_toyota_ae86_drift,80,0.24024024024024024,9.3,0.16231562043547265,10,10,0,0,0,0,0,,,,0,0,0,0,0,0,0,0,9.265499948769968,9.09773342728153,3.1279318745144717,3.12997474140654
2153,ks_toyota_ae86_drift,160,0.4804804804804805,9.3,0.16231562043547265,10,10,0,1,1,1,1,104,109,119,61,53,0,0,61,53,0,0,10.538292040223503,10.337272742760858,4.818562709434242,4.772246342898739
2153,ks_toyota_ae86_drift,240,0.7207207207207207,9.3,0.16231562043547265,10,10,0,1,1,1,1,104,109,119,141,133,0,0,141,133,0,0,12.729958018455317,12.442048469466355,7.025473243006701,6.952493098611938
2154,ks_toyota_ae86_drift,80,0.24024024024024024,9.3,0.16231562043547265,10,10,0,0,0,0,0,,,,0,0,0,0,0,0,0,0,7.740439089190241,7.577866926565598,2.9921007562640742,2.965522355769439
2154,ks_toyota_ae86_drift,160,0.4804804804804805,9.3,0.16231562043547265,10,10,0,1,1,1,0,150,155,,15,5,0,0,15,5,0,0,9.560788663383482,9.381749768443584,5.471212897838348,5.394668675357307
2154,ks_toyota_ae86_drift,240,0.7207207207207207,9.3,0.16231562043547265,10,10,0,1,1,1,1,150,155,165,51,85,0,0,94,85,0,0,12.794019216454513,12.50999092246141,8.85175782470186,8.71116008818444
2155,ks_toyota_ae86_drift,80,0.24024024024024024,9.3,0.16231562043547265,10,10,0,0,0,0,0,,,,0,0,0,0,0,0,0,0,6.747932348064642,6.559381560931854,3.1934867495077848,3.1948028415834813
2155,ks_toyota_ae86_drift,160,0.4804804804804805,9.3,0.16231562043547265,10,10,0,0,0,0,0,,,,0,0,0,0,0,0,0,0,7.57069864303167,7.305057218284241,4.593692818276735,4.543497331179489
2155,ks_toyota_ae86_drift,240,0.7207207207207207,9.3,0.16231562043547265,10,10,0,1,1,1,1,217,222,232,28,22,0,0,28,22,0,0,10.356317871487793,10.078319780758164,7.625141227132195,7.522687535808357
2156,ks_toyota_ae86_drift,80,0.24024024024024024,9.3,0.16231562043547265,10,10,0,0,0,0,0,,,,0,0,0,0,0,0,0,0,6.089496135659888,5.934897792004412,3.7868067131299865,3.7885646330676184
2156,ks_toyota_ae86_drift,160,0.4804804804804805,9.3,0.16231562043547265,10,10,0,0,0,0,0,,,,0,0,0,0,0,0,0,0,6.089496135659888,5.934897792004412,3.876874283280829,3.8373134007212917
2156,ks_toyota_ae86_drift,240,0.7207207207207207,9.3,0.16231562043547265,10,10,0,0,0,0,0,,,,0,0,0,0,0,0,0,0,7.618135160591055,7.38427802114628,6.107569669977388,6.029254720954022
2157,ks_toyota_ae86_drift,80,0.24024024024024024,9.3,0.16231562043547265,10,10,0,0,0,0,0,,,,0,0,0,0,0,0,0,0,4.7857837778337045,4.576806883101171,3.3391494981815923,3.340653207016053
2157,ks_toyota_ae86_drift,160,0.4804804804804805,9.3,0.16231562043547265,10,10,0,0,0,0,0,,,,0,0,0,0,0,0,0,0,4.7857837778337045,4.576806883101171,3.3391494981815923,3.340653207016053
2157,ks_toyota_ae86_drift,240,0.7207207207207207,9.3,0.16231562043547265,10,10,0,0,0,0,0,,,,0,0,0,0,0,0,0,0,5.432430229957369,5.243028230499269,4.6568626765892445,4.6083683334821535
2158,ks_toyota_ae86_drift,80,0.24024024024024024,9.3,0.16231562043547265,10,10,0,0,0,0,0,,,,0,0,0,0,0,0,0,0,3.9104254531444007,3.7491595641985223,3.2586740749463865,3.2631702604109587
2158,ks_toyota_ae86_drift,160,0.4804804804804805,9.3,0.16231562043547265,10,10,0,0,0,0,0,,,,0,0,0,0,0,0,0,0,3.9104254531444007,3.7491595641985223,3.2586740749463865,3.2631702604109587
2158,ks_toyota_ae86_drift,240,0.7207207207207207,9.3,0.16231562043547265,10,10,0,0,0,0,0,,,,0,0,0,0,0,0,0,0,3.9104254531444007,3.7491595641985223,3.2586740749463865,3.2631702604109587
2159,ks_toyota_ae86_drift,80,0.24024024024024024,9.3,0.16231562043547265,10,10,0,0,0,0,0,,,,0,0,0,0,0,0,0,0,2.9507002049402766,2.777469105229005,2.949756571617757,2.9580885486315265
2159,ks_toyota_ae86_drift,160,0.4804804804804805,9.3,0.16231562043547265,10,10,0,0,0,0,0,,,,0,0,0,0,0,0,0,0,2.9507002049402766,2.777469105229005,2.949756571617757,2.9580885486315265
2159,ks_toyota_ae86_drift,240,0.7207207207207207,9.3,0.16231562043547265,10,10,0,0,0,0,0,,,,0,0,0,0,0,0,0,0,2.9507002049402766,2.777469105229005,2.949756571617757,2.9580885486315265
2160,ks_toyota_ae86_drift,80,0.24024024024024024,9.3,0.16231562043547265,10,10,0,0,0,0,0,,,,0,0,0,0,0,0,0,0,3.7590923667990133,3.5773510648253173,3.679463033247243,3.679816495536791
2160,ks_toyota_ae86_drift,160,0.4804804804804805,9.3,0.16231562043547265,10,10,0,0,0,0,0,,,,0,0,0,0,0,0,0,0,3.7590923667990133,3.5773510648253173,3.679463033247243,3.679816495536791
2160,ks_toyota_ae86_drift,240,0.7207207207207207,9.3,0.16231562043547265,10,10,0,0,0,0,0,,,,0,0,0,0,0,0,0,0,3.7590923667990133,3.5773510648253173,3.679463033247243,3.679816495536791
2161,ks_toyota_ae86_drift,80,0.24024024024024024,9.3,0.16231562043547265,10,10,0,0,0,0,0,,,,0,0,0,0,0,0,0,0,3.0773927435246087,2.8994663156457765,2.565530042830802,2.571777531487248
2161,ks_toyota_ae86_drift,160,0.4804804804804805,9.3,0.16231562043547265,10,10,0,0,0,0,0,,,,0,0,0,0,0,0,0,0,3.0773927435246087,2.8994663156457765,2.565530042830802,2.571777531487248
2161,ks_toyota_ae86_drift,240,0.7207207207207207,9.3,0.16231562043547265,10,10,0,0,0,0,0,,,,0,0,0,0,0,0,0,0,3.0773927435246087,2.8994663156457765,2.565530042830802,2.571777531487248
2162,ks_toyota_ae86_drift,80,0.24024024024024024,9.3,0.16231562043547265,10,10,0,0,0,0,0,,,,0,0,0,0,0,0,0,0,2.0106322411674493,1.8216266061246216,1.2503996364247667,1.2666383044547662
2162,ks_toyota_ae86_drift,160,0.4804804804804805,9.3,0.16231562043547265,10,10,0,0,0,0,0,,,,0,0,0,0,0,0,0,0,2.313040574217056,2.1130842249439943,1.816655935956145,1.8059272028739357
2162,ks_toyota_ae86_drift,240,0.7207207207207207,9.3,0.16231562043547265,10,10,0,0,0,0,0,,,,0,0,0,0,0,0,0,0,3.100354985740545,2.921190586074648,2.8103955262269324,2.7898078419646333
2163,ks_toyota_ae86_drift,80,0.24024024024024024,9.3,0.16231562043547265,10,10,0,0,0,0,0,,,,0,0,0,0,0,0,0,0,1.646195758613783,1.4758591650067159,0.9325624396486297,0.9519019068401092
2163,ks_toyota_ae86_drift,160,0.4804804804804805,9.3,0.16231562043547265,10,10,0,0,0,0,0,,,,0,0,0,0,0,0,0,0,2.044565261294307,1.8583676877740012,1.6095717506756455,1.5994313743574096
2163,ks_toyota_ae86_drift,240,0.7207207207207207,9.3,0.16231562043547265,10,10,0,0,0,0,0,,,,0,0,0,0,0,0,0,0,2.905284142714746,2.701307586784897,2.581582908371036,2.564708712583108
2164,ks_toyota_ae86_drift,80,0.24024024024024024,9.3,0.16231562043547265,10,10,0,0,0,0,0,,,,0,0,0,0,0,0,0,0,1.2926242927606086,1.1075030076431085,0.853095803337323,0.8708009876873183
2164,ks_toyota_ae86_drift,160,0.4804804804804805,9.3,0.16231562043547265,10,10,0,0,0,0,0,,,,0,0,0,0,0,0,0,0,1.2926242927606086,1.1266199600780338,1.026841781918137,1.0228739756188887
2164,ks_toyota_ae86_drift,240,0.7207207207207207,9.3,0.16231562043547265,10,10,0,0,0,0,0,,,,0,0,0,0,0,0,0,0,1.756435865591435,1.5679875312961982,1.5605758155513823,1.553870917663957
2165,ks_toyota_ae86_drift,80,0.24024024024024024,9.3,0.16231562043547265,10,10,0,0,0,0,0,,,,0,0,0,0,0,0,0,0,1.5825585659516568,1.4197528962347634,1.1149805706803915,1.1231250376571027
2165,ks_toyota_ae86_drift,160,0.4804804804804805,9.3,0.16231562043547265,10,10,0,0,0,0,0,,,,0,0,0,0,0,0,0,0,1.5825585659516568,1.4197528962347634,1.22226416624278,1.216999157609758
2165,ks_toyota_ae86_drift,240,0.7207207207207207,9.3,0.16231562043547265,10,10,0,0,0,0,0,,,,0,0,0,0,0,0,0,0,2.002113714611974,1.8290992599634388,1.7950618660083264,1.7863511336607387
2166,ks_toyota_ae86_drift,80,0.24024024024024024,9.3,0.16231562043547265,10,10,0,0,0,0,0,,,,0,0,0,0,0,0,0,0,1.3372752670773917,1.160277851647387,0.8638930517546438,0.8750730042088969
2166,ks_toyota_ae86_drift,160,0.4804804804804805,9.3,0.16231562043547265,10,10,0,0,0,0,0,,,,0,0,0,0,0,0,0,0,1.420464089682091,1.24005840985625,1.1177231050755632,1.1132328960265145
2166,ks_toyota_ae86_drift,240,0.7207207207207207,9.3,0.16231562043547265,10,10,0,0,0,0,0,,,,0,0,0,0,0,0,0,0,1.9287519333973364,1.7221285724424014,1.7172622761021787,1.709099559713779
2167,ks_toyota_ae86_drift,80,0.24024024024024024,9.3,0.16231562043547265,10,10,0,0,0,0,0,,,,0,0,0,0,0,0,0,0,1.6950220062258536,1.5038385013331441,1.117860989519433,1.1258495360839975
2167,ks_toyota_ae86_drift,160,0.4804804804804805,9.3,0.16231562043547265,10,10,0,0,0,0,0,,,,0,0,0,0,0,0,0,0,1.7640324233306643,1.5899765782771138,1.3943181255392822,1.3880807754448854
2167,ks_toyota_ae86_drift,240,0.7207207207207207,9.3,0.16231562043547265,10,10,0,0,0,0,0,,,,0,0,0,0,0,0,0,0,2.3671960769290297,2.1840456215521953,2.118611555529827,2.1072373695710516
2168,ks_toyota_ae86_drift,80,0.24024024024024024,9.3,0.16231562043547265,10,10,0,0,0,0,0,,,,0,0,0,0,0,0,0,0,1.6532565733899893,1.4639946995315805,0.9692998927600127,0.9830394586057281
2168,ks_toyota_ae86_drift,160,0.4804804804804805,9.3,0.16231562043547265,10,10,0,0,0,0,0,,,,0,0,0,0,0,0,0,0,2.0258217281079114,1.820155127245307,1.6162596798118516,1.6066791655621453
2168,ks_toyota_ae86_drift,240,0.7207207207207207,9.3,0.16231562043547265,10,10,0,0,0,0,0,,,,0,0,0,0,0,0,0,0,2.7528172449671366,2.5724944879066878,2.477667343121404,2.462217028332012
2169,ks_toyota_ae86_drift,80,0.24024024024024024,9.3,0.16231562043547265,10,10,0,0,0,0,0,,,,0,0,0,0,0,0,0,0,1.4950428185077544,1.3102338011013708,0.9270987151994426,0.9408080788024218
2169,ks_toyota_ae86_drift,160,0.4804804804804805,9.3,0.16231562043547265,10,10,0,0,0,0,0,,,,0,0,0,0,0,0,0,0,1.6539601895962064,1.4787639163946753,1.3035481131209863,1.2981819323108834
2169,ks_toyota_ae86_drift,240,0.7207207207207207,9.3,0.16231562043547265,10,10,0,0,0,0,0,,,,0,0,0,0,0,0,0,0,2.184070380987937,2.031421842897087,2.0073136230044692,1.9958773250129291
2170,ks_toyota_ae86_drift,80,0.24024024024024024,9.3,0.16231562043547265,10,10,0,0,0,0,0,,,,0,0,0,0,0,0,0,0,1.733256978312762,1.5480252362297782,1.258463528513613,1.2698099668288851
2170,ks_toyota_ae86_drift,160,0.4804804804804805,9.3,0.16231562043547265,10,10,0,0,0,0,0,,,,0,0,0,0,0,0,0,0,1.733256978312762,1.5480252362297782,1.258463528513613,1.2698099668288851
2170,ks_toyota_ae86_drift,240,0.7207207207207207,9.3,0.16231562043547265,10,10,0,0,0,0,0,,,,0,0,0,0,0,0,0,0,2.0939900042324004,1.8835333063275015,1.8086428433992505,1.8015272803879783
2171,ks_toyota_ae86_drift,80,0.24024024024024024,9.3,0.16231562043547265,10,10,0,0,0,0,0,,,,0,0,0,0,0,0,0,0,1.6740067948101938,1.4966483398495305,1.2893091964139194,1.2978181180158743
2171,ks_toyota_ae86_drift,160,0.4804804804804805,9.3,0.16231562043547265,10,10,0,0,0,0,0,,,,0,0,0,0,0,0,0,0,1.6740067948101938,1.4966483398495305,1.2893091964139194,1.2978181180158743
2171,ks_toyota_ae86_drift,240,0.7207207207207207,9.3,0.16231562043547265,10,10,0,0,0,0,0,,,,0,0,0,0,0,0,0,0,1.7307589433455357,1.5350001722042694,1.5246876537746081,1.5183562818574179
2172,ks_toyota_ae86_drift,80,0.24024024024024024,9.3,0.16231562043547265,10,10,0,0,0,0,0,,,,0,0,0,0,0,0,0,0,1.63895650514551,1.4441389127275304,1.3767720098917542,1.3861582906369383
2172,ks_toyota_ae86_drift,160,0.4804804804804805,9.3,0.16231562043547265,10,10,0,0,0,0,0,,,,0,0,0,0,0,0,0,0,1.63895650514551,1.4441389127275304,1.3767720098917542,1.3861582906369383
2172,ks_toyota_ae86_drift,240,0.7207207207207207,9.3,0.16231562043547265,10,10,0,0,0,0,0,,,,0,0,0,0,0,0,0,0,1.63895650514551,1.4441389127275304,1.3767720098917542,1.3861582906369383
2173,ks_toyota_ae86_drift,80,0.24024024024024024,9.3,0.16231562043547265,10,10,0,0,0,0,0,,,,0,0,0,0,0,0,0,0,1.890114193592809,1.7032347750942651,1.4728292290578746,1.4762479521808776
2173,ks_toyota_ae86_drift,160,0.4804804804804805,9.3,0.16231562043547265,10,10,0,0,0,0,0,,,,0,0,0,0,0,0,0,0,1.890114193592809,1.7032347750942651,1.4728292290578746,1.4762479521808776
2173,ks_toyota_ae86_drift,240,0.7207207207207207,9.3,0.16231562043547265,10,10,0,0,0,0,0,,,,0,0,0,0,0,0,0,0,1.890114193592809,1.7032347750942651,1.6455045221254365,1.63805310590607
2174,ks_toyota_ae86_drift,80,0.24024024024024024,9.3,0.16231562043547265,10,10,0,0,0,0,0,,,,0,0,0,0,0,0,0,0,1.6133095716989352,1.431282789162274,1.1043425510480966,1.1128696153400344
2174,ks_toyota_ae86_drift,160,0.4804804804804805,9.3,0.16231562043547265,10,10,0,0,0,0,0,,,,0,0,0,0,0,0,0,0,1.6133095716989352,1.431282789162274,1.239245403901607,1.2348157060597362
2174,ks_toyota_ae86_drift,240,0.7207207207207207,9.3,0.16231562043547265,10,10,0,0,0,0,0,,,,0,0,0,0,0,0,0,0,2.160242839181524,1.9346175717904963,1.8938127410283707,1.8857298524758954
2175,ks_toyota_ae86_drift,80,0.24024024024024024,9.3,0.16231562043547265,10,10,0,0,0,0,0,,,,0,0,0,0,0,0,0,0,1.3547298155013594,1.1895500147176519,0.9888646494723968,0.9977600103709864
2175,ks_toyota_ae86_drift,160,0.4804804804804805,9.3,0.16231562043547265,10,10,0,0,0,0,0,,,,0,0,0,0,0,0,0,0,1.3547298155013594,1.1895500147176519,0.9899453134651398,0.9977600103709864
2175,ks_toyota_ae86_drift,240,0.7207207207207207,9.3,0.16231562043547265,10,10,0,0,0,0,0,,,,0,0,0,0,0,0,0,0,1.574112076547584,1.436666472332125,1.4112816473949494,1.4063343492800386
2176,ks_toyota_ae86_drift,80,0.24024024024024024,9.3,0.16231562043547265,10,10,0,0,0,0,0,,,,0,0,0,0,0,0,0,0,1.3896314418298898,1.1822066008645362,1.0635586377403043,1.0704409071027383
2176,ks_toyota_ae86_drift,160,0.4804804804804805,9.3,0.16231562043547265,10,10,0,0,0,0,0,,,,0,0,0,0,0,0,0,0,1.3896314418298898,1.1822066008645362,1.0635586377403043,1.0704409071027383
2176,ks_toyota_ae86_drift,240,0.7207207207207207,9.3,0.16231562043547265,10,10,0,0,0,0,0,,,,0,0,0,0,0,0,0,0,1.3896314418298898,1.1822066008645362,1.1552987504641536,1.151373953012335
2177,ks_toyota_ae86_drift,80,0.24024024024024024,9.3,0.16231562043547265,10,10,0,0,0,0,0,,,,0,0,0,0,0,0,0,0,1.5518433119758153,1.34948700498314,1.1710359331986862,1.1730871243838057
2177,ks_toyota_ae86_drift,160,0.4804804804804805,9.3,0.16231562043547265,10,10,0,0,0,0,0,,,,0,0,0,0,0,0,0,0,1.5518433119758153,1.34948700498314,1.1710359331986862,1.1730871243838057
2177,ks_toyota_ae86_drift,240,0.7207207207207207,9.3,0.16231562043547265,10,10,0,0,0,0,0,,,,0,0,0,0,0,0,0,0,1.6137546012120438,1.4177662716816417,1.4355014981918146,1.4309880238109056
2178,ks_toyota_ae86_drift,80,0.24024024024024024,9.3,0.16231562043547265,10,10,0,0,0,0,0,,,,0,0,0,0,0,0,0,0,1.2915222844267094,1.121032011563317,1.0034980096040318,1.0106423874758652
2178,ks_toyota_ae86_drift,160,0.4804804804804805,9.3,0.16231562043547265,10,10,0,0,0,0,0,,,,0,0,0,0,0,0,0,0,1.2915222844267094,1.121032011563317,1.0034980096040318,1.0106423874758652
2178,ks_toyota_ae86_drift,240,0.7207207207207207,9.3,0.16231562043547265,10,10,0,0,0,0,0,,,,0,0,0,0,0,0,0,0,1.2915222844267094,1.121032011563317,1.0957686359273209,1.092000185774472
2179,ks_toyota_ae86_drift,80,0.24024024024024024,9.3,0.16231562043547265,10,10,0,0,0,0,0,,,,0,0,0,0,0,0,0,0,1.1525473581674022,0.9931211379857842,0.999472253418544,1.0044277691047998
2179,ks_toyota_ae86_drift,160,0.4804804804804805,9.3,0.16231562043547265,10,10,0,0,0,0,0,,,,0,0,0,0,0,0,0,0,1.1525473581674022,0.9931211379857842,0.999472253418544,1.0044277691047998
2179,ks_toyota_ae86_drift,240,0.7207207207207207,9.3,0.16231562043547265,10,10,0,0,0,0,0,,,,0,0,0,0,0,0,0,0,1.1525473581674022,0.9931211379857842,0.999472253418544,1.0044277691047998
2180,ks_toyota_ae86_drift,80,0.24024024024024024,9.3,0.16231562043547265,10,10,0,0,0,0,0,,,,0,0,0,0,0,0,0,0,1.2558965513244518,1.063392258600991,1.064601842414318,1.066942356143811
2180,ks_toyota_ae86_drift,160,0.4804804804804805,9.3,0.16231562043547265,10,10,0,0,0,0,0,,,,0,0,0,0,0,0,0,0,1.2558965513244518,1.063392258600991,1.064601842414318,1.066942356143811
2180,ks_toyota_ae86_drift,240,0.7207207207207207,9.3,0.16231562043547265,10,10,0,0,0,0,0,,,,0,0,0,0,0,0,0,0,1.2558965513244518,1.063392258600991,1.064601842414318,1.066942356143811
2181,ks_toyota_ae86_drift,80,0.24024024024024024,9.3,0.16231562043547265,10,10,0,0,0,0,0,,,,0,0,0,0,0,0,0,0,1.2805175690133495,1.1317786738920974,0.8962167619191704,0.8979297520186685
2181,ks_toyota_ae86_drift,160,0.4804804804804805,9.3,0.16231562043547265,10,10,0,0,0,0,0,,,,0,0,0,0,0,0,0,0,1.325745053984764,1.1317786738920974,1.036070541425588,1.0326636644119267
2181,ks_toyota_ae86_drift,240,0.7207207207207207,9.3,0.16231562043547265,10,10,0,0,0,0,0,,,,0,0,0,0,0,0,0,0,1.7083356457437953,1.5335005187946287,1.5398417091087508,1.5333860064043252
2182,ks_toyota_ae86_drift,80,0.24024024024024024,9.3,0.16231562043547265,10,10,0,0,0,0,0,,,,0,0,0,0,0,0,0,0,0.49261880278985426,0.32752288526689105,0.3998320702974062,0.40506989157588036
2182,ks_toyota_ae86_drift,160,0.4804804804804805,9.3,0.16231562043547265,10,10,0,0,0,0,0,,,,0,0,0,0,0,0,0,0,0.49261880278985426,0.32752288526689105,0.3998320702974062,0.40506989157588036
2182,ks_toyota_ae86_drift,240,0.7207207207207207,9.3,0.16231562043547265,10,10,0,0,0,0,0,,,,0,0,0,0,0,0,0,0,0.49261880278985426,0.32752288526689105,0.3998320702974062,0.40506989157588036
2183,ks_toyota_ae86_drift,80,0.24024024024024024,9.3,0.16231562043547265,10,10,0,0,0,0,0,,,,0,0,0,0,0,0,0,0,1.1588919635761092,0.9739894579554611,1.025842760030317,1.0269814806310051
2183,ks_toyota_ae86_drift,160,0.4804804804804805,9.3,0.16231562043547265,10,10,0,0,0,0,0,,,,0,0,0,0,0,0,0,0,1.1588919635761092,0.9739894579554611,1.025842760030317,1.0269814806310051
2183,ks_toyota_ae86_drift,240,0.7207207207207207,9.3,0.16231562043547265,10,10,0,0,0,0,0,,,,0,0,0,0,0,0,0,0,1.1588919635761092,0.9739894579554611,1.025842760030317,1.0269814806310051
2184,ks_toyota_ae86_drift,80,0.24024024024024024,9.3,0.16231562043547265,10,10,0,0,0,0,0,,,,0,0,0,0,0,0,0,0,0.9089077870055831,0.716814799736204,0.7648378064297108,0.7651325184202262
2184,ks_toyota_ae86_drift,160,0.4804804804804805,9.3,0.16231562043547265,10,10,0,0,0,0,0,,,,0,0,0,0,0,0,0,0,0.9089077870055831,0.716814799736204,0.7648378064297108,0.7651325184202262
2184,ks_toyota_ae86_drift,240,0.7207207207207207,9.3,0.16231562043547265,10,10,0,0,0,0,0,,,,0,0,0,0,0,0,0,0,0.9089077870055831,0.716814799736204,0.7648378064297108,0.7651325184202262
2185,ks_toyota_ae86_drift,80,0.24024024024024024,9.3,0.16231562043547265,10,10,0,0,0,0,0,,,,0,0,0,0,0,0,0,0,0.8052475000761805,0.6109043923621054,0.6785192097204118,0.6785972232873381
2185,ks_toyota_ae86_drift,160,0.4804804804804805,9.3,0.16231562043547265,10,10,0,0,0,0,0,,,,0,0,0,0,0,0,0,0,0.8052475000761805,0.6109043923621054,0.6785192097204118,0.6785972232873381
2185,ks_toyota_ae86_drift,240,0.7207207207207207,9.3,0.16231562043547265,10,10,0,0,0,0,0,,,,0,0,0,0,0,0,0,0,0.8052475000761805,0.6109043923621054,0.6785192097204118,0.6785972232873381
2186,ks_toyota_ae86_drift,80,0.24024024024024024,9.3,0.16231562043547265,10,10,0,0,0,0,0,,,,0,0,0,0,0,0,0,0,0.7671744248169426,0.5711438334910512,0.669457949930185,0.6685596733326226
2186,ks_toyota_ae86_drift,160,0.4804804804804805,9.3,0.16231562043547265,10,10,0,0,0,0,0,,,,0,0,0,0,0,0,0,0,0.7671744248169426,0.5711438334910512,0.669457949930185,0.6685596733326226
2186,ks_toyota_ae86_drift,240,0.7207207207207207,9.3,0.16231562043547265,10,10,0,0,0,0,0,,,,0,0,0,0,0,0,0,0,0.7671744248169426,0.5711438334910512,0.669457949930185,0.6685596733326226
2187,ks_toyota_ae86_drift,80,0.24024024024024024,9.3,0.16231562043547265,10,10,0,0,0,0,0,,,,0,0,0,0,0,0,0,0,0.6816372977982285,0.48814828389552223,0.5847487699049233,0.5852897422315294
2187,ks_toyota_ae86_drift,160,0.4804804804804805,9.3,0.16231562043547265,10,10,0,0,0,0,0,,,,0,0,0,0,0,0,0,0,0.6816372977982285,0.48814828389552223,0.5847487699049233,0.5852897422315294
2187,ks_toyota_ae86_drift,240,0.7207207207207207,9.3,0.16231562043547265,10,10,0,0,0,0,0,,,,0,0,0,0,0,0,0,0,0.6816372977982285,0.48814828389552223,0.5847487699049233,0.5852897422315294
2188,ks_toyota_ae86_drift,80,0.24024024024024024,9.3,0.16231562043547265,10,10,0,0,0,0,0,,,,0,0,0,0,0,0,0,0,0.650203700020772,0.4424141109454838,0.5511004832890901,0.551594231260888
2188,ks_toyota_ae86_drift,160,0.4804804804804805,9.3,0.16231562043547265,10,10,0,0,0,0,0,,,,0,0,0,0,0,0,0,0,0.650203700020772,0.4424141109454838,0.5511004832890901,0.551594231260888
2188,ks_toyota_ae86_drift,240,0.7207207207207207,9.3,0.16231562043547265,10,10,0,0,0,0,0,,,,0,0,0,0,0,0,0,0,0.650203700020772,0.4424141109454838,0.5511004832890901,0.551594231260888
2189,ks_toyota_ae86_drift,80,0.24024024024024024,9.3,0.16231562043547265,10,10,0,0,0,0,0,,,,0,0,0,0,0,0,0,0,0.44601482125727054,0.2651737702326941,0.3390917316170117,0.33795613262621776
2189,ks_toyota_ae86_drift,160,0.4804804804804805,9.3,0.16231562043547265,10,10,0,0,0,0,0,,,,0,0,0,0,0,0,0,0,0.44601482125727054,0.2651737702326941,0.3390917316170117,0.33795613262621776
2189,ks_toyota_ae86_drift,240,0.7207207207207207,9.3,0.16231562043547265,10,10,0,0,0,0,0,,,,0,0,0,0,0,0,0,0,0.44601482125727054,0.2651737702326941,0.3390917316170117,0.33795613262621776
2190,ks_toyota_ae86_drift,80,0.24024024024024024,9.3,0.16231562043547265,10,10,0,0,0,0,0,,,,0,0,0,0,0,0,0,0,0.3543465055609856,0.18873316118775427,0.26517635823405933,0.2650972507696488
2190,ks_toyota_ae86_drift,160,0.4804804804804805,9.3,0.16231562043547265,10,10,0,0,0,0,0,,,,0,0,0,0,0,0,0,0,0.3543465055609856,0.18873316118775427,0.26517635823405933,0.2650972507696488
2190,ks_toyota_ae86_drift,240,0.7207207207207207,9.3,0.16231562043547265,10,10,0,0,0,0,0,,,,0,0,0,0,0,0,0,0,0.3543465055609856,0.18873316118775427,0.26517635823405933,0.2650972507696488
2191,ks_toyota_ae86_drift,80,0.24024024024024024,9.3,0.16231562043547265,10,10,0,0,0,0,0,,,,0,0,0,0,0,0,0,0,0.39451375417234635,0.2412411875873661,0.3334348408803602,0.33298474208622697
2191,ks_toyota_ae86_drift,160,0.4804804804804805,9.3,0.16231562043547265,10,10,0,0,0,0,0,,,,0,0,0,0,0,0,0,0,0.39451375417234635,0.2412411875873661,0.3334348408803602,0.33298474208622697
2191,ks_toyota_ae86_drift,240,0.7207207207207207,9.3,0.16231562043547265,10,10,0,0,0,0,0,,,,0,0,0,0,0,0,0,0,0.39451375417234635,0.27251104758772743,0.3334348408803602,0.33298474208622697
2192,ks_toyota_ae86_drift,80,0.24024024024024024,9.3,0.16231562043547265,10,10,0,0,0,0,0,,,,0,0,0,0,0,0,0,0,0.3315010168911739,0.1259082007479043,0.23183289549036443,0.23174621078484345
2192,ks_toyota_ae86_drift,160,0.4804804804804805,9.3,0.16231562043547265,10,10,0,0,0,0,0,,,,0,0,0,0,0,0,0,0,0.3315010168911739,0.1259082007479043,0.23183289549036443,0.23174621078484345
2192,ks_toyota_ae86_drift,240,0.7207207207207207,9.3,0.16231562043547265,10,10,0,0,0,0,0,,,,0,0,0,0,0,0,0,0,0.3315010168911739,0.17801205870750855,0.23183289549036443,0.23174621078484345
2193,ks_toyota_ae86_drift,80,0.24024024024024024,9.3,0.16231562043547265,10,10,0,0,0,0,0,,,,0,0,0,0,0,0,0,0,0.24135967536120995,0.051960630760338945,0.14723953519630203,0.1470673664044501
2193,ks_toyota_ae86_drift,160,0.4804804804804805,9.3,0.16231562043547265,10,10,0,0,0,0,0,,,,0,0,0,0,0,0,0,0,0.24135967536120995,0.07627527044225792,0.14723953519630203,0.1470673664044501
2193,ks_toyota_ae86_drift,240,0.7207207207207207,9.3,0.16231562043547265,10,10,0,0,0,0,0,,,,0,0,0,0,0,0,0,0,0.24135967536120995,0.08177292572377688,0.14723953519630203,0.1470673664044501
2194,ks_toyota_ae86_drift,80,0.24024024024024024,9.3,0.16231562043547265,10,10,0,0,0,0,0,,,,0,0,0,0,0,0,0,0,0.31880204103768056,0.14898282092002876,0.2193132521232236,0.2193347165262989
2194,ks_toyota_ae86_drift,160,0.4804804804804805,9.3,0.16231562043547265,10,10,0,0,0,0,0,,,,0,0,0,0,0,0,0,0,0.31880204103768056,0.14898282092002876,0.2193132521232236,0.2193347165262989
2194,ks_toyota_ae86_drift,240,0.7207207207207207,9.3,0.16231562043547265,10,10,0,0,0,0,0,,,,0,0,0,0,0,0,0,0,0.31880204103768056,0.14898282092002876,0.2193132521232236,0.2193347165262989
2195,ks_toyota_ae86_drift,80,0.24024024024024024,9.3,0.16231562043547265,10,10,0,0,0,0,0,,,,0,0,0,0,0,0,0,0,0.2696643261272866,0.12596069448693553,0.2068700081572091,0.2067296691141065
2195,ks_toyota_ae86_drift,160,0.4804804804804805,9.3,0.16231562043547265,10,10,0,0,0,0,0,,,,0,0,0,0,0,0,0,0,0.2696643261272866,0.12596069448693553,0.2068700081572091,0.2067296691141065
2195,ks_toyota_ae86_drift,240,0.7207207207207207,9.3,0.16231562043547265,10,10,0,0,0,0,0,,,,0,0,0,0,0,0,0,0,0.2696643261272866,0.1470008921219615,0.2068700081572091,0.2067296691141065
2196,ks_toyota_ae86_drift,80,0.24024024024024024,9.3,0.16231562043547265,10,10,0,0,0,0,0,,,,0,0,0,0,0,0,0,0,0.2887845068938117,0.10524629153923393,0.1886232511710126,0.18962320687375833
2196,ks_toyota_ae86_drift,160,0.4804804804804805,9.3,0.16231562043547265,10,10,0,0,0,0,0,,,,0,0,0,0,0,0,0,0,0.2887845068938117,0.10524629153923393,0.1886232511710126,0.18962320687375833
2196,ks_toyota_ae86_drift,240,0.7207207207207207,9.3,0.16231562043547265,10,10,0,0,0,0,0,,,,0,0,0,0,0,0,0,0,0.2887845068938117,0.10524629153923393,0.1886232511710126,0.18962320687375833
2197,ks_toyota_ae86_drift,80,0.24024024024024024,9.3,0.16231562043547265,10,10,0,0,0,0,0,,,,0,0,0,0,0,0,0,0,0.4178558456195856,0.19593419494514433,0.3030431137555951,0.3023634832527524
2197,ks_toyota_ae86_drift,160,0.4804804804804805,9.3,0.16231562043547265,10,10,0,0,0,0,0,,,,0,0,0,0,0,0,0,0,0.4178558456195856,0.19593419494514433,0.3030431137555951,0.3023634832527524
2197,ks_toyota_ae86_drift,240,0.7207207207207207,9.3,0.16231562043547265,10,10,0,0,0,0,0,,,,0,0,0,0,0,0,0,0,0.4178558456195856,0.19593419494514433,0.3030431137555951,0.3023634832527524
2198,ks_toyota_ae86_drift,80,0.24024024024024024,9.3,0.16231562043547265,10,10,0,0,0,0,0,,,,0,0,0,0,0,0,0,0,0.22175855322758076,0.05319118205379864,0.10803647717603702,0.10806230382883614
2198,ks_toyota_ae86_drift,160,0.4804804804804805,9.3,0.16231562043547265,10,10,0,0,0,0,0,,,,0,0,0,0,0,0,0,0,0.22175855322758076,0.05319118205379864,0.10803647717603702,0.10806230382883614
2198,ks_toyota_ae86_drift,240,0.7207207207207207,9.3,0.16231562043547265,10,10,0,0,0,0,0,,,,0,0,0,0,0,0,0,0,0.26146497751337716,0.1502694444647167,0.2771874059720854,0.276884369688519
2199,ks_toyota_ae86_drift,80,0.24024024024024024,9.3,0.16231562043547265,10,10,0,0,0,0,0,,,,0,0,0,0,0,0,0,0,0.2793253085431523,0.09682110645567775,0.18184528893576665,0.1820044109990868
2199,ks_toyota_ae86_drift,160,0.4804804804804805,9.3,0.16231562043547265,10,10,0,0,0,0,0,,,,0,0,0,0,0,0,0,0,0.2793253085431523,0.09682110645567775,0.18184528893576665,0.1820044109990868
2199,ks_toyota_ae86_drift,240,0.7207207207207207,9.3,0.16231562043547265,10,10,0,0,0,0,0,,,,0,0,0,0,0,0,0,0,0.2793253085431523,0.10135293029987459,0.18184528893576665,0.1820044109990868
2200,ks_toyota_ae86_drift,80,0.24024024024024024,9.3,0.16231562043547265,10,10,0,0,0,0,0,,,,0,0,0,0,0,0,0,0,0.30912411655102207,0.122405167477334,0.2196196634807354,0.2194396906641482
2200,ks_toyota_ae86_drift,160,0.4804804804804805,9.3,0.16231562043547265,10,10,0,0,0,0,0,,,,0,0,0,0,0,0,0,0,0.30912411655102207,0.16231628399481926,0.2196196634807354,0.2194396906641482
2200,ks_toyota_ae86_drift,240,0.7207207207207207,9.3,0.16231562043547265,10,10,0,0,0,0,0,,,,0,0,0,0,0,0,0,0,0.30912411655102207,0.2413285926644011,0.2196196634807354,0.2194396906641482
2201,ks_toyota_ae86_drift,80,0.24024024024024024,9.3,0.16231562043547265,10,10,0,0,0,0,0,,,,0,0,0,0,0,0,0,0,0.3805088514856319,0.2076043868951177,0.28370644800889233,0.28391813051230985
2201,ks_toyota_ae86_drift,160,0.4804804804804805,9.3,0.16231562043547265,10,10,0,0,0,0,0,,,,0,0,0,0,0,0,0,0,0.3805088514856319,0.2076043868951177,0.28370644800889233,0.28391813051230985
2201,ks_toyota_ae86_drift,240,0.7207207207207207,9.3,0.16231562043547265,10,10,0,0,0,0,0,,,,0,0,0,0,0,0,0,0,0.3805088514856319,0.2076043868951177,0.28370644800889233,0.28391813051230985
2202,ks_toyota_ae86_drift,80,0.24024024024024024,9.3,0.16231562043547265,10,10,0,0,0,0,0,,,,0,0,0,0,0,0,0,0,0.2925736076967292,0.09989292400393147,0.13228961180489282,0.13230944870195496
2202,ks_toyota_ae86_drift,160,0.4804804804804805,9.3,0.16231562043547265,10,10,0,0,0,0,0,,,,0,0,0,0,0,0,0,0,0.30458489555859325,0.11876412970097508,0.16589977209133552,0.16569964221256886
2202,ks_toyota_ae86_drift,240,0.7207207207207207,9.3,0.16231562043547265,10,10,0,0,0,0,0,,,,0,0,0,0,0,0,0,0,0.3721996595560469,0.18278516031815742,0.27155105916379685,0.27136149473390253
2203,ks_toyota_ae86_drift,80,0.24024024024024024,9.3,0.16231562043547265,10,10,0,0,0,0,0,,,,0,0,0,0,0,0,0,0,0.3101652935126259,0.11335820839568188,0.16966031149774324,0.16941254371755837
2203,ks_toyota_ae86_drift,160,0.4804804804804805,9.3,0.16231562043547265,10,10,0,0,0,0,0,,,,0,0,0,0,0,0,0,0,0.3101652935126259,0.11335820839568188,0.16966031149774324,0.16941254371755837
2203,ks_toyota_ae86_drift,240,0.7207207207207207,9.3,0.16231562043547265,10,10,0,0,0,0,0,,,,0,0,0,0,0,0,0,0,0.3149085397260824,0.14872136608107744,0.23123949612579314,0.23111860711356919
2204,ks_toyota_ae86_drift,80,0.24024024024024024,9.3,0.16231562043547265,10,10,0,0,0,0,0,,,,0,0,0,0,0,0,0,0,0.2335310245923324,0.0633092101798333,0.14870397044303507,0.14859151244556787
2204,ks_toyota_ae86_drift,160,0.4804804804804805,9.3,0.16231562043547265,10,10,0,0,0,0,0,,,,0,0,0,0,0,0,0,0,0.2335310245923324,0.0633092101798333,0.14870397044303507,0.14859151244556787
2204,ks_toyota_ae86_drift,240,0.7207207207207207,9.3,0.16231562043547265,10,10,0,0,0,0,0,,,,0,0,0,0,0,0,0,0,0.2335310245923324,0.06956134790058745,0.14870397044303507,0.14859151244556787
2205,ks_toyota_ae86_drift,80,0.24024024024024024,9.3,0.16231562043547265,10,10,0,0,0,0,0,,,,0,0,0,0,0,0,0,0,0.4117347688236377,0.21929385545319785,0.3089702505317117,0.3087699872508128
2205,ks_toyota_ae86_drift,160,0.4804804804804805,9.3,0.16231562043547265,10,10,0,0,0,0,0,,,,0,0,0,0,0,0,0,0,0.4117347688236377,0.21929385545319785,0.3089702505317117,0.3087699872508128
2205,ks_toyota_ae86_drift,240,0.7207207207207207,9.3,0.16231562043547265,10,10,0,0,0,0,0,,,,0,0,0,0,0,0,0,0,0.4117347688236377,0.21929385545319785,0.3089702505317117,0.3087699872508128
2206,ks_toyota_ae86_drift,80,0.24024024024024024,9.3,0.16231562043547265,10,10,0,0,0,0,0,,,,0,0,0,0,0,0,0,0,0.299231147827214,0.12366625785391372,0.22467699167430671,0.22456725508033692
2206,ks_toyota_ae86_drift,160,0.4804804804804805,9.3,0.16231562043547265,10,10,0,0,0,0,0,,,,0,0,0,0,0,0,0,0,0.299231147827214,0.12922704569450902,0.22467699167430671,0.22456725508033692
2206,ks_toyota_ae86_drift,240,0.7207207207207207,9.3,0.16231562043547265,10,10,0,0,0,0,0,,,,0,0,0,0,0,0,0,0,0.299231147827214,0.21004348480032628,0.22467699167430671,0.22456725508033692
2207,ks_toyota_ae86_drift,80,0.24024024024024024,9.3,0.16231562043547265,10,10,0,0,0,0,0,,,,0,0,0,0,0,0,0,0,0.36545033875859007,0.17975601144189643,0.28539425178582595,0.2853085542560834
2207,ks_toyota_ae86_drift,160,0.4804804804804805,9.3,0.16231562043547265,10,10,0,0,0,0,0,,,,0,0,0,0,0,0,0,0,0.36545033875859007,0.17975601144189643,0.28539425178582595,0.2853085542560834
2207,ks_toyota_ae86_drift,240,0.7207207207207207,9.3,0.16231562043547265,10,10,0,0,0,0,0,,,,0,0,0,0,0,0,0,0,0.36545033875859007,0.20763240134288533,0.28539425178582595,0.2853085542560834
2208,ks_toyota_ae86_drift,80,0.24024024024024024,9.3,0.16231562043547265,10,10,0,0,0,0,0,,,,0,0,0,0,0,0,0,0,0.31757495486460546,0.11860269978076741,0.22738433458699694,0.22735431910724593
2208,ks_toyota_ae86_drift,160,0.4804804804804805,9.3,0.16231562043547265,10,10,0,0,0,0,0,,,,0,0,0,0,0,0,0,0,0.31757495486460546,0.11860269978076741,0.22738433458699694,0.22735431910724593
2208,ks_toyota_ae86_drift,240,0.7207207207207207,9.3,0.16231562043547265,10,10,0,0,0,0,0,,,,0,0,0,0,0,0,0,0,0.31757495486460546,0.13460221780832393,0.22738433458699694,0.22735431910724593
2209,ks_toyota_ae86_drift,80,0.24024024024024024,9.3,0.16231562043547265,10,10,0,0,0,0,0,,,,0,0,0,0,0,0,0,0,0.2648118235675363,0.07808763846015833,0.17011375868539538,0.17011498598501187
2209,ks_toyota_ae86_drift,160,0.4804804804804805,9.3,0.16231562043547265,10,10,0,0,0,0,0,,,,0,0,0,0,0,0,0,0,0.2648118235675363,0.07808763846015833,0.17011375868539538,0.17011498598501187
2209,ks_toyota_ae86_drift,240,0.7207207207207207,9.3,0.16231562043547265,10,10,0,0,0,0,0,,,,0,0,0,0,0,0,0,0,0.2648118235675363,0.0992114325413442,0.17011375868539538,0.17011498598501187
2210,ks_toyota_ae86_drift,80,0.24024024024024024,9.3,0.16231562043547265,10,10,0,0,0,0,0,,,,0,0,0,0,0,0,0,0,0.1753965898432829,0.04932449123572476,0.08693181296061248,0.0869901096923956
2210,ks_toyota_ae86_drift,160,0.4804804804804805,9.3,0.16231562043547265,10,10,0,0,0,0,0,,,,0,0,0,0,0,0,0,0,0.1753965898432829,0.087953413159312,0.08693181296061248,0.0869901096923956
2210,ks_toyota_ae86_drift,240,0.7207207207207207,9.3,0.16231562043547265,10,10,0,0,0,0,0,,,,0,0,0,0,0,0,0,0,0.1753965898432829,0.09645717876885639,0.08693181296061248,0.0869901096923956
2211,ks_toyota_ae86_drift,80,0.24024024024024024,9.3,0.16231562043547265,10,10,0,0,0,0,0,,,,0,0,0,0,0,0,0,0,0.2861297777820717,0.08750448163383573,0.1884934375561427,0.18840878056303156
2211,ks_toyota_ae86_drift,160,0.4804804804804805,9.3,0.16231562043547265,10,10,0,0,0,0,0,,,,0,0,0,0,0,0,0,0,0.2861297777820717,0.08750448163383573,0.1884934375561427,0.18840878056303156
2211,ks_toyota_ae86_drift,240,0.7207207207207207,9.3,0.16231562043547265,10,10,0,0,0,0,0,,,,0,0,0,0,0,0,0,0,0.2861297777820717,0.08750448163383573,0.1884934375561427,0.18840878056303156
2212,ks_toyota_ae86_drift,80,0.24024024024024024,9.3,0.16231562043547265,10,10,0,0,0,0,0,,,,0,0,0,0,0,0,0,0,0.2152693265673265,0.02830009174820778,0.10769182609732245,0.10767542430516515
2212,ks_toyota_ae86_drift,160,0.4804804804804805,9.3,0.16231562043547265,10,10,0,0,0,0,0,,,,0,0,0,0,0,0,0,0,0.2152693265673265,0.04057233419102736,0.10769182609732245,0.10767542430516515
2212,ks_toyota_ae86_drift,240,0.7207207207207207,9.3,0.16231562043547265,10,10,0,0,0,0,0,,,,0,0,0,0,0,0,0,0,0.2152693265673265,0.04057233419102736,0.10769182609732245,0.10767542430516515
2213,ks_toyota_ae86_drift,80,0.24024024024024024,9.3,0.16231562043547265,10,10,0,0,0,0,0,,,,0,0,0,0,0,0,0,0,0.1920664135646395,0.03951947453769378,0.10676864332167324,0.10688075447359666
2213,ks_toyota_ae86_drift,160,0.4804804804804805,9.3,0.16231562043547265,10,10,0,0,0,0,0,,,,0,0,0,0,0,0,0,0,0.1920664135646395,0.05714293007138034,0.10676864332167324,0.10688075447359666
2213,ks_toyota_ae86_drift,240,0.7207207207207207,9.3,0.16231562043547265,10,10,0,0,0,0,0,,,,0,0,0,0,0,0,0,0,0.1920664135646395,0.07293669532029684,0.10676864332167324,0.10688075447359666
2214,ks_toyota_ae86_drift,80,0.24024024024024024,9.3,0.16231562043547265,10,10,0,0,0,0,0,,,,0,0,0,0,0,0,0,0,0.24231595520586463,0.06117200796996061,0.1587477636175388,0.15877728550940062
2214,ks_toyota_ae86_drift,160,0.4804804804804805,9.3,0.16231562043547265,10,10,0,0,0,0,0,,,,0,0,0,0,0,0,0,0,0.24231595520586463,0.0913103444146675,0.1587477636175388,0.15877728550940062
2214,ks_toyota_ae86_drift,240,0.7207207207207207,9.3,0.16231562043547265,10,10,0,0,0,0,0,,,,0,0,0,0,0,0,0,0,0.24231595520586463,0.11286119207164444,0.1587477636175388,0.15877728550940062
2215,ks_toyota_ae86_drift,80,0.24024024024024024,9.3,0.16231562043547265,10,10,0,0,0,0,0,,,,0,0,0,0,0,0,0,0,0.27159094640133263,0.07422096431735097,0.1816825116540235,0.18083998380751862
2215,ks_toyota_ae86_drift,160,0.4804804804804805,9.3,0.16231562043547265,10,10,0,0,0,0,0,,,,0,0,0,0,0,0,0,0,0.27159094640133263,0.09051621486173451,0.1816825116540235,0.18083998380751862
2215,ks_toyota_ae86_drift,240,0.7207207207207207,9.3,0.16231562043547265,10,10,0,0,0,0,0,,,,0,0,0,0,0,0,0,0,0.27159094640133263,0.09720717222634213,0.1816825116540235,0.18083998380751862
2216,ks_toyota_ae86_drift,80,0.24024024024024024,9.3,0.16231562043547265,10,10,0,0,0,0,0,,,,0,0,0,0,0,0,0,0,0.30289922621577525,0.1329219912725008,0.23380754053201214,0.23367910095910419
2216,ks_toyota_ae86_drift,160,0.4804804804804805,9.3,0.16231562043547265,10,10,0,0,0,0,0,,,,0,0,0,0,0,0,0,0,0.30289922621577525,0.1329219912725008,0.23380754053201214,0.23367910095910419
2216,ks_toyota_ae86_drift,240,0.7207207207207207,9.3,0.16231562043547265,10,10,0,0,0,0,0,,,,0,0,0,0,0,0,0,0,0.30289922621577525,0.1329219912725008,0.23380754053201214,0.23367910095910419
2217,ks_toyota_ae86_drift,80,0.24024024024024024,9.3,0.16231562043547265,10,10,0,0,0,0,0,,,,0,0,0,0,0,0,0,0,0.22569743794456248,0.05662160120874457,0.14621192523154566,0.14610808501182032
2217,ks_toyota_ae86_drift,160,0.4804804804804805,9.3,0.16231562043547265,10,10,0,0,0,0,0,,,,0,0,0,0,0,0,0,0,0.22569743794456248,0.05662160120874457,0.14621192523154566,0.14610808501182032
2217,ks_toyota_ae86_drift,240,0.7207207207207207,9.3,0.16231562043547265,10,10,0,0,0,0,0,,,,0,0,0,0,0,0,0,0,0.22569743794456248,0.06887491388900117,0.14621192523154566,0.14610808501182032
2218,ks_toyota_ae86_drift,80,0.24024024024024024,9.3,0.16231562043547265,10,10,0,0,0,0,0,,,,0,0,0,0,0,0,0,0,0.23842701624718862,0.06664081504038553,0.14460575021932165,0.1446009610827747
2218,ks_toyota_ae86_drift,160,0.4804804804804805,9.3,0.16231562043547265,10,10,0,0,0,0,0,,,,0,0,0,0,0,0,0,0,0.23842701624718862,0.06664081504038553,0.14460575021932165,0.1446009610827747
2218,ks_toyota_ae86_drift,240,0.7207207207207207,9.3,0.16231562043547265,10,10,0,0,0,0,0,,,,0,0,0,0,0,0,0,0,0.23842701624718862,0.06664081504038553,0.14460575021932165,0.1446009610827747
2219,ks_toyota_ae86_drift,80,0.24024024024024024,9.3,0.16231562043547265,10,10,0,0,0,0,0,,,,0,0,0,0,0,0,0,0,0.29730073893261266,0.12460323441003518,0.20471444314383538,0.20453278946038214
2219,ks_toyota_ae86_drift,160,0.4804804804804805,9.3,0.16231562043547265,10,10,0,0,0,0,0,,,,0,0,0,0,0,0,0,0,0.29730073893261266,0.12460323441003518,0.20471444314383538,0.20453278946038214
2219,ks_toyota_ae86_drift,240,0.7207207207207207,9.3,0.16231562043547265,10,10,0,0,0,0,0,,,,0,0,0,0,0,0,0,0,0.29730073893261266,0.12460323441003518,0.20471444314383538,0.20453278946038214
2220,ks_toyota_ae86_drift,80,0.24024024024024024,9.3,0.16231562043547265,10,10,0,0,0,0,0,,,,0,0,0,0,0,0,0,0,0.22380395476016157,0.03638255674891336,0.1281196345742546,0.1283535018522614
2220,ks_toyota_ae86_drift,160,0.4804804804804805,9.3,0.16231562043547265,10,10,0,0,0,0,0,,,,0,0,0,0,0,0,0,0,0.22380395476016157,0.05942072478840687,0.1281196345742546,0.1283535018522614
2220,ks_toyota_ae86_drift,240,0.7207207207207207,9.3,0.16231562043547265,10,10,0,0,0,0,0,,,,0,0,0,0,0,0,0,0,0.22380395476016157,0.06485306638598759,0.1281196345742546,0.1283535018522614
2221,ks_toyota_ae86_drift,80,0.24024024024024024,9.3,0.16231562043547265,10,10,0,0,0,0,0,,,,0,0,0,0,0,0,0,0,0.2802362049824234,0.10954075963966621,0.18625262858027605,0.18615343075475219
2221,ks_toyota_ae86_drift,160,0.4804804804804805,9.3,0.16231562043547265,10,10,0,0,0,0,0,,,,0,0,0,0,0,0,0,0,0.2802362049824234,0.10954075963966621,0.18625262858027605,0.18615343075475219
2221,ks_toyota_ae86_drift,240,0.7207207207207207,9.3,0.16231562043547265,10,10,0,0,0,0,0,,,,0,0,0,0,0,0,0,0,0.2802362049824234,0.10954075963966621,0.18625262858027605,0.18615343075475219
2222,ks_toyota_ae86_drift,80,0.24024024024024024,9.3,0.16231562043547265,10,10,0,0,0,0,0,,,,0,0,0,0,0,0,0,0,0.25565227308628474,0.06509318355388924,0.16479632301440825,0.16448649656231146
2222,ks_toyota_ae86_drift,160,0.4804804804804805,9.3,0.16231562043547265,10,10,0,0,0,0,0,,,,0,0,0,0,0,0,0,0,0.25565227308628474,0.06509318355388924,0.16479632301440825,0.16448649656231146
2222,ks_toyota_ae86_drift,240,0.7207207207207207,9.3,0.16231562043547265,10,10,0,0,0,0,0,,,,0,0,0,0,0,0,0,0,0.25565227308628474,0.08215368208957866,0.16479632301440825,0.16448649656231146
2223,ks_toyota_ae86_drift,80,0.24024024024024024,9.3,0.16231562043547265,10,10,0,0,0,0,0,,,,0,0,0,0,0,0,0,0,0.29971112869896605,0.09156029998982088,0.1988313957724198,0.1985576145764507
2223,ks_toyota_ae86_drift,160,0.4804804804804805,9.3,0.16231562043547265,10,10,0,0,0,0,0,,,,0,0,0,0,0,0,0,0,0.29971112869896605,0.1133097567412571,0.1988313957724198,0.1985576145764507
2223,ks_toyota_ae86_drift,240,0.7207207207207207,9.3,0.16231562043547265,10,10,0,0,0,0,0,,,,0,0,0,0,0,0,0,0,0.29971112869896605,0.13240643205208386,0.1988313957724198,0.1985576145764507
2224,ks_toyota_ae86_drift,80,0.24024024024024024,9.3,0.16231562043547265,10,10,0,0,0,0,0,,,,0,0,0,0,0,0,0,0,0.24947161889808436,0.07183944277241149,0.17800969748976814,0.17784254461808793
2224,ks_toyota_ae86_drift,160,0.4804804804804805,9.3,0.16231562043547265,10,10,0,0,0,0,0,,,,0,0,0,0,0,0,0,0,0.24947161889808436,0.124216821793827,0.17800969748976814,0.17784254461808793
2224,ks_toyota_ae86_drift,240,0.7207207207207207,9.3,0.16231562043547265,10,10,0,0,0,0,0,,,,0,0,0,0,0,0,0,0,0.24947161889808436,0.19336458973397827,0.17800969748976814,0.17784254461808793
2225,ks_toyota_ae86_drift,80,0.24024024024024024,9.3,0.16231562043547265,10,10,0,0,0,0,0,,,,0,0,0,0,0,0,0,0,0.33565587966023086,0.14877159198386083,0.25999752737845583,0.26001390916029327
2225,ks_toyota_ae86_drift,160,0.4804804804804805,9.3,0.16231562043547265,10,10,0,0,0,0,0,,,,0,0,0,0,0,0,0,0,0.33565587966023086,0.14877159198386083,0.25999752737845583,0.26001390916029327
2225,ks_toyota_ae86_drift,240,0.7207207207207207,9.3,0.16231562043547265,10,10,0,0,0,0,0,,,,0,0,0,0,0,0,0,0,0.33565587966023086,0.15031745589210513,0.25999752737845583,0.26001390916029327
2226,ks_toyota_ae86_drift,80,0.24024024024024024,9.3,0.16231562043547265,10,10,0,0,0,0,0,,,,0,0,0,0,0,0,0,0,0.222731761802815,0.047910865526103595,0.14355600884082886,0.1433167120960404
2226,ks_toyota_ae86_drift,160,0.4804804804804805,9.3,0.16231562043547265,10,10,0,0,0,0,0,,,,0,0,0,0,0,0,0,0,0.222731761802815,0.07464542989177685,0.14355600884082886,0.1433167120960404
2226,ks_toyota_ae86_drift,240,0.7207207207207207,9.3,0.16231562043547265,10,10,0,0,0,0,0,,,,0,0,0,0,0,0,0,0,0.222731761802815,0.10086807358018963,0.14355600884082886,0.1433167120960404
2227,ks_toyota_ae86_drift,80,0.24024024024024024,9.3,0.16231562043547265,10,10,0,0,0,0,0,,,,0,0,0,0,0,0,0,0,0.27236964132756697,0.08730838049946232,0.1688940363100192,0.168933083114122
2227,ks_toyota_ae86_drift,160,0.4804804804804805,9.3,0.16231562043547265,10,10,0,0,0,0,0,,,,0,0,0,0,0,0,0,0,0.27236964132756697,0.08730838049946232,0.1688940363100192,0.168933083114122
2227,ks_toyota_ae86_drift,240,0.7207207207207207,9.3,0.16231562043547265,10,10,0,0,0,0,0,,,,0,0,0,0,0,0,0,0,0.27236964132756697,0.08730838049946232,0.1688940363100192,0.168933083114122
2228,ks_toyota_ae86_drift,80,0.24024024024024024,9.3,0.16231562043547265,10,10,0,0,0,0,0,,,,0,0,0,0,0,0,0,0,0.22289795417914318,0.04682771691864792,0.12913395768664115,0.1290236474635028
2228,ks_toyota_ae86_drift,160,0.4804804804804805,9.3,0.16231562043547265,10,10,0,0,0,0,0,,,,0,0,0,0,0,0,0,0,0.22289795417914318,0.09871594367172076,0.12913395768664115,0.1290236474635028
2228,ks_toyota_ae86_drift,240,0.7207207207207207,9.3,0.16231562043547265,10,10,0,0,0,0,0,,,,0,0,0,0,0,0,0,0,0.22289795417914318,0.1390032341917658,0.12913395768664115,0.1290236474635028
2229,ks_toyota_ae86_drift,80,0.24024024024024024,9.3,0.16231562043547265,10,10,0,0,0,0,0,,,,0,0,0,0,0,0,0,0,0.29595793975004403,0.09996554812471575,0.20316142888130376,0.2030808273130123
2229,ks_toyota_ae86_drift,160,0.4804804804804805,9.3,0.16231562043547265,10,10,0,0,0,0,0,,,,0,0,0,0,0,0,0,0,0.29595793975004403,0.09996554812471575,0.20316142888130376,0.2030808273130123
2229,ks_toyota_ae86_drift,240,0.7207207207207207,9.3,0.16231562043547265,10,10,0,0,0,0,0,,,,0,0,0,0,0,0,0,0,0.29595793975004403,0.16405300633364045,0.20316142888130376,0.2030808273130123
2230,ks_toyota_ae86_drift,80,0.24024024024024024,9.3,0.16231562043547265,10,10,0,0,0,0,0,,,,0,0,0,0,0,0,0,0,0.24392742628273809,0.036528458660929825,0.14011702193394066,0.13990851440127014
2230,ks_toyota_ae86_drift,160,0.4804804804804805,9.3,0.16231562043547265,10,10,0,0,0,0,0,,,,0,0,0,0,0,0,0,0,0.24392742628273809,0.08588529991371958,0.14011702193394066,0.13990851440127014
2230,ks_toyota_ae86_drift,240,0.7207207207207207,9.3,0.16231562043547265,10,10,0,0,0,0,0,,,,0,0,0,0,0,0,0,0,0.24392742628273809,0.1078838384563431,0.14011702193394066,0.13990851440127014
2231,ks_toyota_ae86_drift,80,0.24024024024024024,9.3,0.16231562043547265,10,10,0,0,0,0,0,,,,0,0,0,0,0,0,0,0,0.21895912282301433,0.03698772885165368,0.13004401369247923,0.13009920215458148
2231,ks_toyota_ae86_drift,160,0.4804804804804805,9.3,0.16231562043547265,10,10,0,0,0,0,0,,,,0,0,0,0,0,0,0,0,0.21895912282301433,0.07792273341440616,0.13004401369247923,0.13009920215458148
2231,ks_toyota_ae86_drift,240,0.7207207207207207,9.3,0.16231562043547265,10,10,0,0,0,0,0,,,,0,0,0,0,0,0,0,0,0.21895912282301433,0.0810021415439836,0.13004401369247923,0.13009920215458148
2232,ks_toyota_ae86_drift,80,0.24024024024024024,9.3,0.16231562043547265,10,10,0,0,0,0,0,,,,0,0,0,0,0,0,0,0,0.22235472735650236,0.05208989075636011,0.13641971513820847,0.1364622570781756
2232,ks_toyota_ae86_drift,160,0.4804804804804805,9.3,0.16231562043547265,10,10,0,0,0,0,0,,,,0,0,0,0,0,0,0,0,0.22235472735650236,0.05208989075636011,0.13641971513820847,0.1364622570781756
2232,ks_toyota_ae86_drift,240,0.7207207207207207,9.3,0.16231562043547265,10,10,0,0,0,0,0,,,,0,0,0,0,0,0,0,0,0.22235472735650236,0.06436918350186788,0.13641971513820847,0.1364622570781756
2233,ks_toyota_ae86_drift,80,0.24024024024024024,9.3,0.16231562043547265,10,10,0,0,0,0,0,,,,0,0,0,0,0,0,0,0,0.23472118505520714,0.06920575117692367,0.14709591446074663,0.14713720242067083
2233,ks_toyota_ae86_drift,160,0.4804804804804805,9.3,0.16231562043547265,10,10,0,0,0,0,0,,,,0,0,0,0,0,0,0,0,0.23472118505520714,0.06920575117692367,0.14709591446074663,0.14713720242067083
2233,ks_toyota_ae86_drift,240,0.7207207207207207,9.3,0.16231562043547265,10,10,0,0,0,0,0,,,,0,0,0,0,0,0,0,0,0.23472118505520714,0.06920575117692367,0.14709591446074663,0.14713720242067083
2234,ks_toyota_ae86_drift,80,0.24024024024024024,9.3,0.16231562043547265,10,10,0,0,0,0,0,,,,0,0,0,0,0,0,0,0,0.2366661614626476,0.055677567679828316,0.12644211610171566,0.1265576556884373
2234,ks_toyota_ae86_drift,160,0.4804804804804805,9.3,0.16231562043547265,10,10,0,0,0,0,0,,,,0,0,0,0,0,0,0,0,0.2366661614626476,0.055677567679828316,0.12644211610171566,0.1265576556884373
2234,ks_toyota_ae86_drift,240,0.7207207207207207,9.3,0.16231562043547265,10,10,0,0,0,0,0,,,,0,0,0,0,0,0,0,0,0.2366661614626476,0.05597602827025936,0.12644211610171566,0.1265576556884373
2235,ks_toyota_ae86_drift,80,0.24024024024024024,9.3,0.16231562043547265,10,10,0,0,0,0,0,,,,0,0,0,0,0,0,0,0,0.36772844697062734,0.16156086774065848,0.2606533856213357,0.2602873835313582
2235,ks_toyota_ae86_drift,160,0.4804804804804805,9.3,0.16231562043547265,10,10,0,0,0,0,0,,,,0,0,0,0,0,0,0,0,0.36772844697062734,0.16156086774065848,0.2606533856213357,0.2602873835313582
2235,ks_toyota_ae86_drift,240,0.7207207207207207,9.3,0.16231562043547265,10,10,0,0,0,0,0,,,,0,0,0,0,0,0,0,0,0.36772844697062734,0.16156086774065848,0.2606533856213357,0.2602873835313582
2236,ks_toyota_ae86_drift,80,0.24024024024024024,9.3,0.16231562043547265,10,10,0,0,0,0,0,,,,0,0,0,0,0,0,0,0,0.24672185410734598,0.062108424237126716,0.1542080757176472,0.15429279941182444
2236,ks_toyota_ae86_drift,160,0.4804804804804805,9.3,0.16231562043547265,10,10,0,0,0,0,0,,,,0,0,0,0,0,0,0,0,0.24672185410734598,0.062108424237126716,0.1542080757176472,0.15429279941182444
2236,ks_toyota_ae86_drift,240,0.7207207207207207,9.3,0.16231562043547265,10,10,0,0,0,0,0,,,,0,0,0,0,0,0,0,0,0.24672185410734598,0.062108424237126716,0.1542080757176472,0.15429279941182444
2237,ks_toyota_ae86_drift,80,0.24024024024024024,9.3,0.16231562043547265,10,10,0,0,0,0,0,,,,0,0,0,0,0,0,0,0,0.261675059191208,0.05805248581922257,0.13542852395555002,0.1353845145921284
2237,ks_toyota_ae86_drift,160,0.4804804804804805,9.3,0.16231562043547265,10,10,0,0,0,0,0,,,,0,0,0,0,0,0,0,0,0.261675059191208,0.05805248581922257,0.13542852395555002,0.1353845145921284
2237,ks_toyota_ae86_drift,240,0.7207207207207207,9.3,0.16231562043547265,10,10,0,0,0,0,0,,,,0,0,0,0,0,0,0,0,0.261675059191208,0.08402521395312165,0.17444930130234032,0.17443179894259217
2238,ks_toyota_ae86_drift,80,0.24024024024024024,9.3,0.16231562043547265,10,10,0,0,0,0,0,,,,0,0,0,0,0,0,0,0,0.3841112693447111,0.19224075681124672,0.2644427532285176,0.2643963559669291
2238,ks_toyota_ae86_drift,160,0.4804804804804805,9.3,0.16231562043547265,10,10,0,0,0,0,0,,,,0,0,0,0,0,0,0,0,0.3841112693447111,0.19224075681124672,0.2644427532285176,0.2643963559669291
2238,ks_toyota_ae86_drift,240,0.7207207207207207,9.3,0.16231562043547265,10,10,0,0,0,0,0,,,,0,0,0,0,0,0,0,0,0.3841112693447111,0.19224075681124672,0.2644427532285176,0.2643963559669291
2239,ks_toyota_ae86_drift,80,0.24024024024024024,9.3,0.16231562043547265,10,10,0,0,0,0,0,,,,0,0,0,0,0,0,0,0,0.28666890915925314,0.10462867968766346,0.1807502308529564,0.18072173615751277
2239,ks_toyota_ae86_drift,160,0.4804804804804805,9.3,0.16231562043547265,10,10,0,0,0,0,0,,,,0,0,0,0,0,0,0,0,0.28666890915925314,0.10462867968766346,0.1807502308529564,0.18072173615751277
2239,ks_toyota_ae86_drift,240,0.7207207207207207,9.3,0.16231562043547265,10,10,0,0,0,0,0,,,,0,0,0,0,0,0,0,0,0.30175404895188745,0.12049662319220468,0.20270248552580383,0.2025757535001884
2240,ks_toyota_ae86_drift,80,0.24024024024024024,9.3,0.16231562043547265,10,10,0,0,0,0,0,,,,0,0,0,0,0,0,0,0,0.30283500642932126,0.11531312326197324,0.1858232471372776,0.18581651032960014
2240,ks_toyota_ae86_drift,160,0.4804804804804805,9.3,0.16231562043547265,10,10,0,0,0,0,0,,,,0,0,0,0,0,0,0,0,0.30283500642932126,0.11531312326197324,0.1858232471372776,0.18581651032960014
2240,ks_toyota_ae86_drift,240,0.7207207207207207,9.3,0.16231562043547265,10,10,0,0,0,0,0,,,,0,0,0,0,0,0,0,0,0.30283500642932126,0.11531312326197324,0.1858232471372776,0.18581651032960014
2241,ks_toyota_ae86_drift,80,0.24024024024024024,9.3,0.16231562043547265,10,10,0,0,0,0,0,,,,0,0,0,0,0,0,0,0,0.3490773347814381,0.18069088024432872,0.25491429249080605,0.25505652584418625
2241,ks_toyota_ae86_drift,160,0.4804804804804805,9.3,0.16231562043547265,10,10,0,0,0,0,0,,,,0,0,0,0,0,0,0,0,0.3490773347814381,0.18069088024432872,0.25491429249080605,0.25505652584418625
2241,ks_toyota_ae86_drift,240,0.7207207207207207,9.3,0.16231562043547265,10,10,0,0,0,0,0,,,,0,0,0,0,0,0,0,0,0.3490773347814381,0.18069088024432872,0.25491429249080605,0.25505652584418625
2242,ks_toyota_ae86_drift,80,0.24024024024024024,9.3,0.16231562043547265,10,10,0,0,0,0,0,,,,0,0,0,0,0,0,0,0,0.4021991577316387,0.21423135125689613,0.32753830655337646,0.3272811872837225
2242,ks_toyota_ae86_drift,160,0.4804804804804805,9.3,0.16231562043547265,10,10,0,0,0,0,0,,,,0,0,0,0,0,0,0,0,0.4021991577316387,0.21423135125689613,0.32753830655337646,0.3272811872837225
2242,ks_toyota_ae86_drift,240,0.7207207207207207,9.3,0.16231562043547265,10,10,0,0,0,0,0,,,,0,0,0,0,0,0,0,0,0.4021991577316387,0.21423135125689613,0.32753830655337646,0.3272811872837225
2243,ks_toyota_ae86_drift,80,0.24024024024024024,9.3,0.16231562043547265,10,10,0,0,0,0,0,,,,0,0,0,0,0,0,0,0,0.29526795724174054,0.08094908751599698,0.1946016410463307,0.19452043916844425
2243,ks_toyota_ae86_drift,160,0.4804804804804805,9.3,0.16231562043547265,10,10,0,0,0,0,0,,,,0,0,0,0,0,0,0,0,0.29526795724174054,0.123048152414454,0.1946016410463307,0.19452043916844425
2243,ks_toyota_ae86_drift,240,0.7207207207207207,9.3,0.16231562043547265,10,10,0,0,0,0,0,,,,0,0,0,0,0,0,0,0,0.29526795724174054,0.17497215761939008,0.1946016410463307,0.19452043916844425
2244,ks_toyota_ae86_drift,80,0.24024024024024024,9.3,0.16231562043547265,10,10,0,0,0,0,0,,,,0,0,0,0,0,0,0,0,0.4158654591263351,0.2261132790711399,0.32794318202468487,0.32800521401617033
2244,ks_toyota_ae86_drift,160,0.4804804804804805,9.3,0.16231562043547265,10,10,0,0,0,0,0,,,,0,0,0,0,0,0,0,0,0.4158654591263351,0.2261132790711399,0.32794318202468487,0.32800521401617033
2244,ks_toyota_ae86_drift,240,0.7207207207207207,9.3,0.16231562043547265,10,10,0,0,0,0,0,,,,0,0,0,0,0,0,0,0,0.4158654591263351,0.28691564974301986,0.32794318202468487,0.32800521401617033
2245,ks_toyota_ae86_drift,80,0.24024024024024024,9.3,0.16231562043547265,10,10,0,0,0,0,0,,,,0,0,0,0,0,0,0,0,0.3298925073416359,0.14610208191587012,0.27605850376832924,0.27606202558462
2245,ks_toyota_ae86_drift,160,0.4804804804804805,9.3,0.16231562043547265,10,10,0,0,0,0,0,,,,0,0,0,0,0,0,0,0,0.3298925073416359,0.31629245344580337,0.27605850376832924,0.27606202558462
2245,ks_toyota_ae86_drift,240,0.7207207207207207,9.3,0.16231562043547265,10,10,0,0,0,0,0,,,,0,0,0,0,0,0,0,0,0.3298925073416359,0.4857046769982444,0.3749363242574006,0.37536569236018585
2246,ks_toyota_ae86_drift,80,0.24024024024024024,9.3,0.16231562043547265,10,10,0,0,0,0,0,,,,0,0,0,0,0,0,0,0,0.3514573622224967,0.14745127106057243,0.3021241064666846,0.3021525744817018
2246,ks_toyota_ae86_drift,160,0.4804804804804805,9.3,0.16231562043547265,10,10,0,0,0,0,0,,,,0,0,0,0,0,0,0,0,0.3514573622224967,0.4321124514493856,0.3021241064666846,0.3021525744817018
2246,ks_toyota_ae86_drift,240,0.7207207207207207,9.3,0.16231562043547265,10,10,0,0,0,0,0,,,,0,0,0,0,0,0,0,0,0.44141386175804714,0.6089066687515824,0.5137882804312212,0.5142787733909927
2247,ks_toyota_ae86_drift,80,0.24024024024024024,9.3,0.16231562043547265,10,10,0,0,0,0,0,,,,0,0,0,0,0,0,0,0,0.2887569993741465,0.13072628555754004,0.24919686386655002,0.24921129797725697
2247,ks_toyota_ae86_drift,160,0.4804804804804805,9.3,0.16231562043547265,10,10,0,0,0,0,0,,,,0,0,0,0,0,0,0,0,0.2887569993741465,0.3550337133049388,0.24919686386655002,0.24921129797725697
2247,ks_toyota_ae86_drift,240,0.7207207207207207,9.3,0.16231562043547265,10,10,0,0,0,0,0,,,,0,0,0,0,0,0,0,0,0.3413927316349391,0.5513560284135839,0.43974657522905003,0.44011844701284547
2248,ks_toyota_ae86_drift,80,0.24024024024024024,9.3,0.16231562043547265,10,10,0,0,0,0,0,,,,0,0,0,0,0,0,0,0,0.1593869065732507,0.13411863507900174,0.09820652761949285,0.09822675805284505
2248,ks_toyota_ae86_drift,160,0.4804804804804805,9.3,0.16231562043547265,10,10,0,0,0,0,0,,,,0,0,0,0,0,0,0,0,0.1593869065732507,0.20058646090442217,0.1045097183362502,0.10458748510923181
2248,ks_toyota_ae86_drift,240,0.7207207207207207,9.3,0.16231562043547265,10,10,0,0,0,0,0,,,,0,0,0,0,0,0,0,0,0.1593869065732507,0.27872182397738465,0.17348120202877035,0.17352513135091263
2249,ks_toyota_ae86_drift,80,0.24024024024024024,9.3,0.16231562043547265,10,10,0,0,0,0,0,,,,0,0,0,0,0,0,0,0,0.08157310934002096,0.24267696805609684,0.0989832281838504,0.09892559179262181
2249,ks_toyota_ae86_drift,160,0.4804804804804805,9.3,0.16231562043547265,10,10,0,0,0,0,0,,,,0,0,0,0,0,0,0,0,0.17590213056356963,0.38318892700249496,0.24399322021435232,0.24388022860835623
2249,ks_toyota_ae86_drift,240,0.7207207207207207,9.3,0.16231562043547265,10,10,0,0,0,0,0,,,,0,0,0,0,0,0,0,0,0.3293018027001356,0.5134524805839799,0.408230695016436,0.40858071553097275
2250,ks_toyota_ae86_drift,80,0.24024024024024024,9.3,0.16231562043547265,10,10,0,0,0,0,0,,,,0,0,0,0,0,0,0,0,0.15308246854655702,0.3045684604159029,0.13697800306157767,0.1370383675264103
2250,ks_toyota_ae86_drift,160,0.4804804804804805,9.3,0.16231562043547265,10,10,0,0,0,0,0,,,,0,0,0,0,0,0,0,0,0.44537603848731566,0.5918409075017766,0.44873409032058187,0.4493040375903077
2250,ks_toyota_ae86_drift,240,0.7207207207207207,9.3,0.16231562043547265,10,10,0,0,0,0,0,,,,0,0,0,0,0,0,0,0,0.7321280838553725,0.9268426898272729,0.7984311847279193,0.7998665916706797
2251,ks_toyota_ae86_drift,80,0.24024024024024024,9.3,0.16231562043547265,10,10,0,0,0,0,0,,,,0,0,0,0,0,0,0,0,0.22493504475888626,0.4159779704846552,0.18416323102448684,0.1842917773191006
2251,ks_toyota_ae86_drift,160,0.4804804804804805,9.3,0.16231562043547265,10,10,0,0,0,0,0,,,,0,0,0,0,0,0,0,0,0.545746148588329,0.6956390255141959,0.5302115770122227,0.5309242645634311
2251,ks_toyota_ae86_drift,240,0.7207207207207207,9.3,0.16231562043547265,10,10,0,0,0,0,0,,,,0,0,0,0,0,0,0,0,0.801462294615524,0.9903865009968403,0.8480784424225668,0.8492368531779716
2252,ks_toyota_ae86_drift,80,0.24024024024024024,9.3,0.16231562043547265,10,10,0,0,0,0,0,,,,0,0,0,0,0,0,0,0,0.18425415791781263,0.04022224364037123,0.0799288146685131,0.0800089093087021
2252,ks_toyota_ae86_drift,160,0.4804804804804805,9.3,0.16231562043547265,10,10,0,0,0,0,0,,,,0,0,0,0,0,0,0,0,0.18533206048641848,0.04507955534698828,0.09030250464590715,0.09018082856110309
2252,ks_toyota_ae86_drift,240,0.7207207207207207,9.3,0.16231562043547265,10,10,0,0,0,0,0,,,,0,0,0,0,0,0,0,0,0.1916415277734971,0.04507955534698828,0.13039322045400936,0.13022981618224475
2253,ks_toyota_ae86_drift,80,0.24024024024024024,9.3,0.16231562043547265,10,10,0,0,0,0,0,,,,0,0,0,0,0,0,0,0,0.22481418242708875,0.41083203659485884,0.3215631983705111,0.32159003887951515
2253,ks_toyota_ae86_drift,160,0.4804804804804805,9.3,0.16231562043547265,10,10,0,0,0,0,0,,,,0,0,0,0,0,0,0,0,0.22481418242708875,0.41083203659485884,0.3215631983705111,0.32159003887951515
2253,ks_toyota_ae86_drift,240,0.7207207207207207,9.3,0.16231562043547265,10,10,0,0,0,0,0,,,,0,0,0,0,0,0,0,0,0.22481418242708875,0.41083203659485884,0.3215631983705111,0.32159003887951515
2254,ks_toyota_ae86_drift,80,0.24024024024024024,9.3,0.16231562043547265,10,10,0,0,0,0,0,,,,0,0,0,0,0,0,0,0,0.029694087334071764,0.19051590726219372,0.0812761095029378,0.0813852191068861
2254,ks_toyota_ae86_drift,160,0.4804804804804805,9.3,0.16231562043547265,10,10,0,0,0,0,0,,,,0,0,0,0,0,0,0,0,0.03202312848019322,0.19051590726219372,0.1063653219852053,0.10640226770572553
2254,ks_toyota_ae86_drift,240,0.7207207207207207,9.3,0.16231562043547265,10,10,0,0,0,0,0,,,,0,0,0,0,0,0,0,0,0.047226872773537064,0.23921139410425582,0.14129081395519116,0.14102942581730593
2255,ks_toyota_ae86_drift,80,0.24024024024024024,9.3,0.16231562043547265,10,10,0,0,0,0,0,,,,0,0,0,0,0,0,0,0,0.07135700063131983,0.27711993117360506,0.1465775938161926,0.14652595385080758
2255,ks_toyota_ae86_drift,160,0.4804804804804805,9.3,0.16231562043547265,10,10,0,0,0,0,0,,,,0,0,0,0,0,0,0,0,0.07135700063131983,0.27711993117360506,0.1465775938161926,0.14652595385080758
2255,ks_toyota_ae86_drift,240,0.7207207207207207,9.3,0.16231562043547265,10,10,0,0,0,0,0,,,,0,0,0,0,0,0,0,0,0.10462385720058345,0.27711993117360506,0.1901195828675611,0.19026636523365023
2256,ks_toyota_ae86_drift,80,0.24024024024024024,9.3,0.16231562043547265,10,10,0,0,0,0,0,,,,0,0,0,0,0,0,0,0,0.20510308357565177,0.021520662089507328,0.10765418001560803,0.10763511018080621
2256,ks_toyota_ae86_drift,160,0.4804804804804805,9.3,0.16231562043547265,10,10,0,0,0,0,0,,,,0,0,0,0,0,0,0,0,0.20510308357565177,0.050822727247710774,0.10986645427539136,0.10979105539025677
2256,ks_toyota_ae86_drift,240,0.7207207207207207,9.3,0.16231562043547265,10,10,0,0,0,0,0,,,,0,0,0,0,0,0,0,0,0.20510308357565177,0.050822727247710774,0.10986645427539136,0.10979105539025677
2257,ks_toyota_ae86_drift,80,0.24024024024024024,9.3,0.16231562043547265,10,10,0,0,0,0,0,,,,0,0,0,0,0,0,0,0,0.32344950452019827,0.1584706740486905,0.12330540508624019,0.12328350045612856
2257,ks_toyota_ae86_drift,160,0.4804804804804805,9.3,0.16231562043547265,10,10,0,0,0,0,0,,,,0,0,0,0,0,0,0,0,0.5971265134240145,0.41248566274551596,0.44516195474551806,0.44510576576742417
2257,ks_toyota_ae86_drift,240,0.7207207207207207,9.3,0.16231562043547265,10,10,0,0,0,0,0,,,,0,0,0,0,0,0,0,0,0.8591126130267225,0.7070525384215517,0.7280710582100908,0.727225662217743
2258,ks_toyota_ae86_drift,80,0.24024024024024024,9.3,0.16231562043547265,10,10,0,0,0,0,0,,,,0,0,0,0,0,0,0,0,0.2172395559983975,0.23056445465629902,0.17865037457000063,0.17855078987829331
2258,ks_toyota_ae86_drift,160,0.4804804804804805,9.3,0.16231562043547265,10,10,0,0,0,0,0,,,,0,0,0,0,0,0,0,0,0.44514477255088725,0.24351166519744,0.3050485746897872,0.304703676817128
2258,ks_toyota_ae86_drift,240,0.7207207207207207,9.3,0.16231562043547265,10,10,0,0,0,0,0,,,,0,0,0,0,0,0,0,0,0.6534232270799338,0.4769843396971364,0.5332435940343265,0.5326773286634502
2259,ks_toyota_ae86_drift,80,0.24024024024024024,9.3,0.16231562043547265,10,10,0,0,0,0,0,,,,0,0,0,0,0,0,0,0,0.3180266011234726,0.13460137737489092,0.2603145975663325,0.2603603811781127
2259,ks_toyota_ae86_drift,160,0.4804804804804805,9.3,0.16231562043547265,10,10,0,0,0,0,0,,,,0,0,0,0,0,0,0,0,0.3180266011234726,0.26365298592530845,0.2603145975663325,0.2603603811781127
2259,ks_toyota_ae86_drift,240,0.7207207207207207,9.3,0.16231562043547265,10,10,0,0,0,0,0,,,,0,0,0,0,0,0,0,0,0.3180266011234726,0.4999420996014302,0.37045059751999476,0.37077633884646616
2260,ks_toyota_ae86_drift,80,0.24024024024024024,9.3,0.16231562043547265,10,10,0,0,0,0,0,,,,0,0,0,0,0,0,0,0,0.38290878252481864,0.39732501734604125,0.3916737561793697,0.3917338404997247
2260,ks_toyota_ae86_drift,160,0.4804804804804805,9.3,0.16231562043547265,10,10,0,0,0,0,0,,,,0,0,0,0,0,0,0,0,0.7459990241209049,0.9418888495168706,0.7092923068607869,0.7106976716433699
2260,ks_toyota_ae86_drift,240,0.7207207207207207,9.3,0.16231562043547265,10,10,0,0,0,0,0,,,,0,0,0,0,0,0,0,0,1.1920337489763035,1.364477242498908,1.1389243324244,1.1410057258522557
2261,ks_toyota_ae86_drift,80,0.24024024024024024,9.3,0.16231562043547265,10,10,0,0,0,0,0,,,,0,0,0,0,0,0,0,0,0.6935012830256877,0.835245904354288,0.6357492054680267,0.6359718803071397
2261,ks_toyota_ae86_drift,160,0.4804804804804805,9.3,0.16231562043547265,10,10,0,0,0,0,0,,,,0,0,0,0,0,0,0,0,1.8292448283701246,2.0898509095953726,1.6060105540754244,1.6114258268701867
2261,ks_toyota_ae86_drift,240,0.7207207207207207,9.3,0.16231562043547265,10,10,0,0,0,0,0,,,,0,0,0,0,0,0,0,0,2.961323710420585,3.1153163016740466,2.8169661682084848,2.830523239937314
2262,ks_toyota_ae86_drift,80,0.24024024024024024,9.3,0.16231562043547265,10,10,0,0,0,0,0,,,,0,0,0,0,0,0,0,0,1.1376057857494704,1.2196845958923366,0.46320405952066546,0.46327828446703645
2262,ks_toyota_ae86_drift,160,0.4804804804804805,9.3,0.16231562043547265,10,10,0,0,0,0,0,,,,0,0,0,0,0,0,0,0,2.7652180937355295,2.9348603559247826,2.1479978041035723,2.158086633837916
2262,ks_toyota_ae86_drift,240,0.7207207207207207,9.3,0.16231562043547265,10,10,0,0,0,0,0,,,,0,0,0,0,0,0,0,0,4.02203629371111,4.123890209048455,3.3524337892304437,3.3668049341309736
2263,ks_toyota_ae86_drift,80,0.24024024024024024,9.3,0.16231562043547265,10,10,0,0,0,0,0,,,,0,0,0,0,0,0,0,0,2.4391247990784337,2.570296447654413,1.2418677696560687,1.2498718975896774
2263,ks_toyota_ae86_drift,160,0.4804804804804805,9.3,0.16231562043547265,10,10,0,0,0,0,0,,,,0,0,0,0,0,0,0,0,4.818823537283172,4.958155981256847,3.7137339342946047,3.7398308064527543
2263,ks_toyota_ae86_drift,240,0.7207207207207207,9.3,0.16231562043547265,10,10,0,0,0,0,0,,,,0,0,0,0,0,0,0,0,7.077126548604922,7.232788694223629,5.8330075912871,5.8666223672873175
2264,ks_toyota_ae86_drift,80,0.24024024024024024,9.3,0.16231562043547265,10,10,0,0,0,0,0,,,,0,0,0,0,0,0,0,0,2.484261036991405,2.591584012863227,0.7735279948489354,0.7732992368725929
2264,ks_toyota_ae86_drift,160,0.4804804804804805,9.3,0.16231562043547265,10,10,0,0,0,0,0,,,,0,0,0,0,0,0,0,0,2.725776099156233,2.823674054303672,0.9632092850110654,0.9637222962507568
2264,ks_toyota_ae86_drift,240,0.7207207207207207,9.3,0.16231562043547265,10,10,0,0,0,0,0,,,,0,0,0,0,0,0,0,0,2.725776099156233,2.823674054303672,0.9632092850110654,0.9637222962507568
2265,ks_toyota_ae86_drift,80,0.24024024024024024,9.3,0.16231562043547265,10,10,0,0,0,0,0,,,,0,0,0,0,0,0,0,0,2.9804821775990593,3.1923187871597123,1.9989769502356456,1.9985095091643228
2265,ks_toyota_ae86_drift,160,0.4804804804804805,9.3,0.16231562043547265,10,10,0,0,0,0,0,,,,0,0,0,0,0,0,0,0,2.9804821775990593,3.1923187871597123,1.9989769502356456,1.9985095091643228
2265,ks_toyota_ae86_drift,240,0.7207207207207207,9.3,0.16231562043547265,10,10,0,0,0,0,0,,,,0,0,0,0,0,0,0,0,2.9804821775990593,3.1923187871597123,1.9989769502356456,1.9985095091643228
2266,ks_toyota_ae86_drift,80,0.24024024024024024,9.3,0.16231562043547265,10,10,0,0,0,0,0,,,,0,0,0,0,0,0,0,0,4.713795718415885,4.90669989737091,3.072121118145828,3.071480361024316
2266,ks_toyota_ae86_drift,160,0.4804804804804805,9.3,0.16231562043547265,10,10,0,0,0,0,0,,,,0,0,0,0,0,0,0,0,4.713795718415885,4.90669989737091,3.072121118145828,3.071480361024316
2266,ks_toyota_ae86_drift,240,0.7207207207207207,9.3,0.16231562043547265,10,10,0,0,0,0,0,,,,0,0,0,0,0,0,0,0,4.713795718415885,4.90669989737091,3.072121118145828,3.071480361024316
2267,ks_toyota_ae86_drift,80,0.24024024024024024,9.3,0.16231562043547265,10,10,0,0,0,0,0,,,,0,0,0,0,0,0,0,0,5.934376990080198,6.09132235748922,2.4723464123145527,2.4705133602960507
2267,ks_toyota_ae86_drift,160,0.4804804804804805,9.3,0.16231562043547265,10,10,0,0,0,0,0,,,,0,0,0,0,0,0,0,0,5.934376990080198,6.09132235748922,2.4723464123145527,2.4705133602960507
2267,ks_toyota_ae86_drift,240,0.7207207207207207,9.3,0.16231562043547265,10,10,0,0,0,0,0,,,,0,0,0,0,0,0,0,0,5.934376990080198,6.09132235748922,2.4723464123145527,2.4705133602960507
2268,ks_toyota_ae86_drift,80,0.24024024024024024,9.3,0.16231562043547265,10,10,0,0,0,0,0,,,,0,0,0,0,0,0,0,0,8.365970865268459,8.556584369530588,3.269900984951183,3.268836115770896
2268,ks_toyota_ae86_drift,160,0.4804804804804805,9.3,0.16231562043547265,10,10,0,0,0,0,0,,,,0,0,0,0,0,0,0,0,8.365970865268459,8.556584369530588,3.269900984951183,3.268836115770896
2268,ks_toyota_ae86_drift,240,0.7207207207207207,9.3,0.16231562043547265,10,10,0,0,0,0,0,,,,0,0,0,0,0,0,0,0,8.365970865268459,8.556584369530588,3.269900984951183,3.268836115770896
2269,ks_toyota_ae86_drift,80,0.24024024024024024,9.3,0.16231562043547265,10,10,0,0,0,0,0,,,,0,0,0,0,0,0,0,0,8.996611622845844,9.191360806650417,3.0587952056317214,3.0570061229560013
2269,ks_toyota_ae86_drift,160,0.4804804804804805,9.3,0.16231562043547265,10,10,0,0,0,0,0,,,,0,0,0,0,0,0,0,0,8.996611622845844,9.191360806650417,3.0587952056317214,3.0570061229560013
2269,ks_toyota_ae86_drift,240,0.7207207207207207,9.3,0.16231562043547265,10,10,0,0,0,0,0,,,,0,0,0,0,0,0,0,0,8.996611622845844,9.191360806650417,3.0587952056317214,3.0570061229560013
2270,ks_toyota_ae86_drift,80,0.24024024024024024,9.3,0.16231562043547265,10,10,0,0,0,0,0,,,,0,0,0,0,0,0,0,0,8.61562196339524,8.799417231318406,3.0519240353266888,3.0502344172807567
2270,ks_toyota_ae86_drift,160,0.4804804804804805,9.3,0.16231562043547265,10,10,0,0,0,0,0,,,,0,0,0,0,0,0,0,0,8.61562196339524,8.799417231318406,3.0519240353266888,3.0502344172807567
2270,ks_toyota_ae86_drift,240,0.7207207207207207,9.3,0.16231562043547265,10,10,0,0,0,0,0,,,,0,0,0,0,0,0,0,0,8.61562196339524,8.799417231318406,3.0519240353266888,3.0502344172807567
2271,ks_toyota_ae86_drift,80,0.24024024024024024,9.3,0.16231562043547265,10,10,0,0,0,0,0,,,,0,0,0,0,0,0,0,0,9.094990252556123,9.283873157637302,3.7948650556901318,3.793018770180113
2271,ks_toyota_ae86_drift,160,0.4804804804804805,9.3,0.16231562043547265,10,10,0,0,0,0,0,,,,0,0,0,0,0,0,0,0,9.094990252556123,9.283873157637302,3.7948650556901318,3.793018770180113
2271,ks_toyota_ae86_drift,240,0.7207207207207207,9.3,0.16231562043547265,10,10,0,0,0,0,0,,,,0,0,0,0,0,0,0,0,9.094990252556123,9.283873157637302,3.7948650556901318,3.793018770180113
2272,ks_toyota_ae86_drift,80,0.24024024024024024,9.3,0.16231562043547265,10,10,0,0,0,0,0,,,,0,0,0,0,0,0,0,0,8.475706392021175,8.638731908451978,3.5189108990696307,3.5171619437552843
2272,ks_toyota_ae86_drift,160,0.4804804804804805,9.3,0.16231562043547265,10,10,0,0,0,0,0,,,,0,4,0,0,0,4,0,0,9.174300701651019,9.369558734548757,4.583573893021361,4.626706110743169
2272,ks_toyota_ae86_drift,240,0.7207207207207207,9.3,0.16231562043547265,10,10,0,1,1,1,1,161,166,176,75,84,0,0,75,84,0,0,11.215626532288036,11.431957406322557,6.8624122949695785,6.942224336081647
2273,ks_toyota_ae86_drift,80,0.24024024024024024,9.3,0.16231562043547265,10,10,0,0,0,0,0,,,,0,0,0,0,0,0,0,0,9.045070961233439,9.228330059306758,4.197261808660025,4.194760251876508
2273,ks_toyota_ae86_drift,160,0.4804804804804805,9.3,0.16231562043547265,10,10,0,0,0,0,0,,,,0,0,0,0,0,0,0,0,9.045070961233439,9.228330059306758,4.385330640569503,4.427471627088012
2273,ks_toyota_ae86_drift,240,0.7207207207207207,9.3,0.16231562043547265,10,10,0,1,1,1,1,181,186,196,54,64,0,0,54,64,0,0,10.92029939786044,11.165854090032505,6.61567469941063,6.691528645898676
2274,ks_toyota_ae86_drift,80,0.24024024024024024,9.3,0.16231562043547265,10,10,0,0,0,0,0,,,,0,0,0,0,0,0,0,0,9.02622476176608,9.21953106810849,4.070662544846546,4.068057681451832
2274,ks_toyota_ae86_drift,160,0.4804804804804805,9.3,0.16231562043547265,10,10,0,0,0,0,0,,,,0,0,0,0,0,0,0,0,9.02622476176608,9.21953106810849,4.169246507118748,4.210975120966118
2274,ks_toyota_ae86_drift,240,0.7207207207207207,9.3,0.16231562043547265,10,10,0,1,1,1,1,179,184,194,57,66,0,0,57,66,0,0,10.691452202171869,10.959841924286582,6.3128949748249035,6.3875813858517
2275,ks_toyota_ae86_drift,80,0.24024024024024024,9.3,0.16231562043547265,10,10,0,0,0,0,0,,,,0,0,0,0,0,0,0,0,9.029833662968786,9.223128016480146,3.6017521290785997,3.5987255015026376
2275,ks_toyota_ae86_drift,160,0.4804804804804805,9.3,0.16231562043547265,10,10,0,1,1,1,0,150,155,,4,15,0,0,4,15,0,0,9.393283396630798,9.614015473811746,4.441693788487272,4.490415662271088
2275,ks_toyota_ae86_drift,240,0.7207207207207207,9.3,0.16231562043547265,10,10,0,1,1,1,1,150,155,165,84,95,0,0,84,95,0,0,11.678662131596125,11.914501733447494,6.783305470889314,6.8640963634868095
2276,ks_toyota_ae86_drift,80,0.24024024024024024,9.3,0.16231562043547265,10,10,0,0,1,0,0,15,,,0,6,0,0,0,6,0,0,9.108960550729737,9.323244929334194,2.8627760335283488,2.859344717244064
2276,ks_toyota_ae86_drift,160,0.4804804804804805,9.3,0.16231562043547265,10,10,0,1,1,1,1,15,118,128,43,52,0,0,43,58,0,0,10.294385984962348,10.557234716112887,4.740554692036703,4.799323347202785
2276,ks_toyota_ae86_drift,240,0.7207207207207207,9.3,0.16231562043547265,10,10,0,1,1,1,1,15,118,128,123,132,0,0,123,138,0,0,12.881800807667517,13.194747268832808,7.333472512778787,7.424300368361616
2277,ks_toyota_ae86_drift,80,0.24024024024024024,9.3,0.16231562043547265,10,10,0,0,1,0,0,77,,,0,8,0,0,0,8,0,0,9.191885023669217,9.420089327802158,2.727726971937918,2.75385287240004
2277,ks_toyota_ae86_drift,160,0.4804804804804805,9.3,0.16231562043547265,10,10,0,1,1,1,1,77,82,92,75,88,0,0,75,88,0,0,11.516541615230349,11.748872207395625,5.358264193967963,5.425810495991158
2277,ks_toyota_ae86_drift,240,0.7207207207207207,9.3,0.16231562043547265,10,10,0,1,1,1,1,77,82,92,155,168,0,0,155,168,0,0,14.267651312904983,14.544787092251896,8.16898137941612,8.277756410816805
2278,ks_toyota_ae86_drift,80,0.24024024024024024,9.3,0.16231562043547265,10,10,0,1,1,1,1,12,17,27,49,73,0,0,59,73,0,0,9.57233936704362,9.784748858720908,2.4985222585349804,2.529921918809998
2278,ks_toyota_ae86_drift,160,0.4804804804804805,9.3,0.16231562043547265,10,10,0,1,1,1,1,12,17,27,129,153,0,0,139,153,0,0,12.161360991751035,12.458796093311227,5.44821223580833,5.525536380515221
2278,ks_toyota_ae86_drift,240,0.7207207207207207,9.3,0.16231562043547265,10,10,0,1,1,1,1,12,17,27,209,233,0,0,219,233,0,0,15.133382059072328,15.438761524410891,8.371298412821067,8.486669699412692
2279,ks_toyota_ae86_drift,80,0.24024024024024024,9.3,0.16231562043547265,10,10,0,1,1,1,1,12,17,27,26,73,0,0,41,73,0,0,9.43964074430132,9.622624927260546,2.275263651691362,2.2940552096453595
2279,ks_toyota_ae86_drift,160,0.4804804804804805,9.3,0.16231562043547265,10,10,0,1,1,1,1,12,17,27,106,153,0,0,121,153,0,0,11.571300095579987,11.77487303001857,4.8420692323496635,4.903949038682687
2279,ks_toyota_ae86_drift,240,0.7207207207207207,9.3,0.16231562043547265,10,10,0,1,1,1,1,12,17,27,186,233,0,0,201,233,0,0,14.096196489264736,14.341653851241132,7.330024121021577,7.419866721816632
2280,ks_toyota_ae86_drift,80,0.24024024024024024,9.3,0.16231562043547265,10,10,0,1,1,1,1,11,16,26,16,74,0,0,24,74,0,0,9.43593280535565,9.626568507732582,2.5582573854686195,2.583932066558697
2280,ks_toyota_ae86_drift,160,0.4804804804804805,9.3,0.16231562043547265,10,10,0,1,1,1,1,11,16,26,77,154,0,0,101,154,0,0,11.358720702947094,11.580813695320169,5.007636859812181,5.071451744114433
2280,ks_toyota_ae86_drift,240,0.7207207207207207,9.3,0.16231562043547265,10,10,0,1,1,1,1,11,16,26,157,234,0,0,181,234,0,0,13.916010122544277,14.180378570785145,7.607046348473538,7.710415285146158
2281,ks_toyota_ae86_drift,80,0.24024024024024024,9.3,0.16231562043547265,10,10,0,1,1,1,0,12,17,,0,15,0,0,0,15,0,0,9.281926553723848,9.458116406006205,3.1672842228609115,3.1609108025916433
2281,ks_toyota_ae86_drift,160,0.4804804804804805,9.3,0.16231562043547265,10,10,0,1,1,1,1,12,17,136,34,44,0,0,34,59,0,0,10.098467985036056,10.30493350458814,4.615811959016998,4.675799376063105
2281,ks_toyota_ae86_drift,240,0.7207207207207207,9.3,0.16231562043547265,10,10,0,1,1,1,1,12,17,136,114,124,0,0,114,139,0,0,12.555509864411315,12.791589376657281,7.28543749989338,7.397585790970404
2282,ks_toyota_ae86_drift,80,0.24024024024024024,9.3,0.16231562043547265,10,10,0,1,1,1,1,11,16,26,11,24,0,0,11,24,0,0,9.441358536877578,9.638084206673224,3.8000927117261303,3.797304286997473
2282,ks_toyota_ae86_drift,160,0.4804804804804805,9.3,0.16231562043547265,10,10,0,1,1,1,1,11,16,26,11,24,0,0,12,34,0,0,9.441358536877578,9.638084206673224,4.276029257715905,4.328361740249719
2282,ks_toyota_ae86_drift,240,0.7207207207207207,9.3,0.16231562043547265,10,10,0,1,1,1,1,11,16,26,81,90,0,0,92,114,0,0,11.520257238138836,11.773655548799017,6.630579452840067,6.723735122269401
2283,ks_toyota_ae86_drift,80,0.24024024024024024,9.3,0.16231562043547265,10,10,0,0,1,0,0,13,,,0,5,0,0,0,5,0,0,9.158941313754951,9.344155553478188,4.065273525591406,4.061986923940161
2283,ks_toyota_ae86_drift,160,0.4804804804804805,9.3,0.16231562043547265,10,10,0,0,1,0,0,13,,,0,5,0,0,0,5,0,0,9.158941313754951,9.344155553478188,4.270659875254628,4.325750900439481
2283,ks_toyota_ae86_drift,240,0.7207207207207207,9.3,0.16231562043547265,10,10,0,1,1,1,1,13,186,196,57,64,0,0,57,69,0,0,10.892653353421165,11.158164150800719,6.560908535098175,6.657570652892665
2284,ks_toyota_ae86_drift,80,0.24024024024024024,9.3,0.16231562043547265,10,10,0,0,0,0,0,,,,0,2,0,0,0,2,0,0,9.116664150339865,9.31087118787907,3.8845258026985356,3.8813762317175136
2284,ks_toyota_ae86_drift,160,0.4804804804804805,9.3,0.16231562043547265,10,10,0,0,0,0,0,,,,0,2,0,0,0,2,0,0,9.116664150339865,9.31087118787907,4.366089143903931,4.422534680978562
2284,ks_toyota_ae86_drift,240,0.7207207207207207,9.3,0.16231562043547265,10,10,0,1,1,1,1,168,173,183,68,77,0,0,68,79,0,0,11.198765356548213,11.456815026033173,6.783349440232096,6.8873446198742405
2285,ks_toyota_ae86_drift,80,0.24024024024024024,9.3,0.16231562043547265,10,10,0,0,0,0,0,,,,0,0,0,0,0,0,0,0,9.020251761336905,9.194314863466449,3.33517368775441,3.3279292049225537
2285,ks_toyota_ae86_drift,160,0.4804804804804805,9.3,0.16231562043547265,10,10,0,1,1,1,0,148,153,,7,17,0,0,7,17,0,0,9.485817945732483,9.729488359467274,4.638191500719368,4.707584515139406
2285,ks_toyota_ae86_drift,240,0.7207207207207207,9.3,0.16231562043547265,10,10,0,1,1,1,1,148,153,163,87,97,0,0,87,97,0,0,12.129369239452341,12.387195220241983,7.294669354330298,7.40222178186955
2286,ks_toyota_ae86_drift,80,0.24024024024024024,9.3,0.16231562043547265,10,10,0,1,1,1,0,12,17,,0,15,0,0,0,15,0,0,9.252485023306509,9.457026137059941,2.931789545562627,2.90246583590847
2286,ks_toyota_ae86_drift,160,0.4804804804804805,9.3,0.16231562043547265,10,10,0,1,1,1,1,12,17,129,42,51,0,0,42,66,0,0,10.559346952113714,10.800051356201426,5.209862112550157,5.2943080101272555
2286,ks_toyota_ae86_drift,240,0.7207207207207207,9.3,0.16231562043547265,10,10,0,1,1,1,1,12,17,129,122,131,16,19,122,146,16,19,15.143098003166672,15.511059076775476,10.84552248682714,11.146254862209155
2287,ks_toyota_ae86_drift,80,0.24024024024024024,9.3,0.16231562043547265,10,10,0,0,0,0,0,,,,0,4,0,0,0,4,0,0,9.154715987979653,9.32360095294468,2.817845981950947,2.86155663131809
2287,ks_toyota_ae86_drift,160,0.4804804804804805,9.3,0.16231562043547265,10,10,0,1,1,1,1,90,95,105,67,75,0,0,67,79,0,0,11.586876341982201,11.841782416901662,5.706989747326719,5.79608614995495
2287,ks_toyota_ae86_drift,240,0.7207207207207207,9.3,0.16231562043547265,10,10,0,1,1,1,1,90,95,105,147,155,0,0,147,159,0,0,14.525276656887755,14.830456339193093,8.5243638058947,8.64422508809196
2288,ks_toyota_ae86_drift,80,0.24024024024024024,9.3,0.16231562043547265,10,10,0,1,1,1,1,12,17,27,7,27,0,0,7,63,0,0,9.367252691930233,9.537922043815925,2.658181345478613,2.6993091161224334
2288,ks_toyota_ae86_drift,160,0.4804804804804805,9.3,0.16231562043547265,10,10,0,1,1,1,1,12,17,27,76,89,0,0,83,143,0,0,11.712166770795976,11.961100699059907,5.6008968458357336,5.699089779777952
2288,ks_toyota_ae86_drift,240,0.7207207207207207,9.3,0.16231562043547265,10,10,0,1,1,1,1,12,17,27,156,169,0,0,163,223,0,0,14.841536613574148,15.161597570533653,8.534539080210726,8.665979240598451
2289,ks_toyota_ae86_drift,80,0.24024024024024024,9.3,0.16231562043547265,10,10,0,1,1,1,1,11,16,26,10,35,0,0,11,58,0,0,9.417175398347501,9.602166803149066,2.6783696771178787,2.71015631029806
2289,ks_toyota_ae86_drift,160,0.4804804804804805,9.3,0.16231562043547265,10,10,0,1,1,1,1,11,16,26,81,115,0,0,91,138,0,0,11.629676014868794,11.886156448391942,5.3729730063455845,5.453035630022828
2289,ks_toyota_ae86_drift,240,0.7207207207207207,9.3,0.16231562043547265,10,10,0,1,1,1,1,11,16,26,161,195,0,0,171,218,0,0,14.474485662672247,14.792261921354383,8.23541265305731,8.361005317741858
2290,ks_toyota_ae86_drift,80,0.24024024024024024,9.3,0.16231562043547265,10,10,0,1,1,1,1,11,16,26,8,46,0,0,8,46,0,0,9.404007647401363,9.593423307237803,2.7266879294104296,2.740488966958675
2290,ks_toyota_ae86_drift,160,0.4804804804804805,9.3,0.16231562043547265,10,10,0,1,1,1,1,11,16,26,58,65,0,0,66,111,0,0,11.044566152072358,11.292500311396529,5.104467171014982,5.181720879396058
2290,ks_toyota_ae86_drift,240,0.7207207207207207,9.3,0.16231562043547265,10,10,0,1,1,1,1,11,16,26,138,145,0,0,146,191,0,0,13.632266988949022,13.925296618494555,7.823915099905198,7.95182576003932
2291,ks_toyota_ae86_drift,80,0.24024024024024024,9.3,0.16231562043547265,10,10,0,0,0,0,0,,,,0,0,0,0,0,0,0,0,9.050795513531556,9.225679945908793,2.928010529960906,2.9179295976327904
2291,ks_toyota_ae86_drift,160,0.4804804804804805,9.3,0.16231562043547265,10,10,0,1,1,1,1,123,128,138,33,42,0,0,33,42,0,0,10.12859851078592,10.389338421030219,4.694923905739141,4.764923099448016
2291,ks_toyota_ae86_drift,240,0.7207207207207207,9.3,0.16231562043547265,10,10,0,1,1,1,1,123,128,138,113,122,0,0,113,122,0,0,12.739288910635201,13.00869291584166,7.415432221498001,7.403680881030994
2292,ks_toyota_ae86_drift,80,0.24024024024024024,9.3,0.16231562043547265,10,10,0,0,0,0,0,,,,0,0,0,0,0,0,0,0,5.124797229079525,5.286796509587534,3.498786813897246,3.485369334159579
2292,ks_toyota_ae86_drift,160,0.4804804804804805,9.3,0.16231562043547265,10,10,0,0,0,0,0,,,,0,0,0,0,0,0,0,0,5.124797229079525,5.286796509587534,3.498786813897246,3.485369334159579
2292,ks_toyota_ae86_drift,240,0.7207207207207207,9.3,0.16231562043547265,10,10,0,0,0,0,0,,,,0,0,0,0,0,0,0,0,6.103115959751717,6.340160236217948,5.181054935951981,5.246396367533732
2293,ks_toyota_ae86_drift,80,0.24024024024024024,9.3,0.16231562043547265,10,10,0,0,0,0,0,,,,0,0,0,0,0,0,0,0,2.737889653092662,2.887665669750698,3.5278456402776537,3.515805937761625
2293,ks_toyota_ae86_drift,160,0.4804804804804805,9.3,0.16231562043547265,10,10,0,0,0,0,0,,,,0,0,0,0,0,0,0,0,3.653968498396524,3.4437182002706064,3.5278456402776537,3.515805937761625
2293,ks_toyota_ae86_drift,240,0.7207207207207207,9.3,0.16231562043547265,10,10,0,0,0,0,0,,,,0,0,0,0,0,0,0,0,6.204285148624769,5.934751369824079,5.634127423695138,5.545765266402683
2294,ks_toyota_ae86_drift,80,0.24024024024024024,9.3,0.16231562043547265,10,10,0,0,0,0,0,,,,0,0,0,0,0,0,0,0,3.487426715203634,3.682661696212924,4.62308184161483,4.6236346600507785
2294,ks_toyota_ae86_drift,160,0.4804804804804805,9.3,0.16231562043547265,10,10,0,0,0,0,0,,,,0,0,0,0,0,0,0,0,5.581506365668891,5.34020133182104,4.62308184161483,4.6236346600507785
2294,ks_toyota_ae86_drift,240,0.7207207207207207,9.3,0.16231562043547265,10,10,0,1,1,1,0,233,238,,12,6,0,0,12,6,0,0,9.990751632956723,9.652480537896318,8.85556138629591,8.674016665704265
2295,ks_toyota_ae86_drift,80,0.24024024024024024,9.3,0.16231562043547265,10,10,0,0,0,0,0,,,,0,0,0,0,0,0,0,0,2.9473128579987735,3.0810097555769533,3.285891311571829,3.285697078067307
2295,ks_toyota_ae86_drift,160,0.4804804804804805,9.3,0.16231562043547265,10,10,0,0,0,0,0,,,,0,0,0,0,0,0,0,0,2.9473128579987735,3.0810097555769533,3.285891311571829,3.285697078067307
2295,ks_toyota_ae86_drift,240,0.7207207207207207,9.3,0.16231562043547265,10,10,0,0,0,0,0,,,,0,0,0,0,0,0,0,0,2.9473128579987735,3.0810097555769533,3.285891311571829,3.285697078067307
2296,ks_toyota_ae86_drift,80,0.24024024024024024,9.3,0.16231562043547265,10,10,0,0,0,0,0,,,,0,0,0,0,0,0,0,0,2.3707072210492393,2.550983020559144,1.2935163794992357,1.3040119256543123
2296,ks_toyota_ae86_drift,160,0.4804804804804805,9.3,0.16231562043547265,10,10,0,0,0,0,0,,,,0,0,0,0,0,0,0,0,3.2223383223355646,3.4397063179068703,2.6632939555157793,2.6978984686154144
2296,ks_toyota_ae86_drift,240,0.7207207207207207,9.3,0.16231562043547265,10,10,0,0,0,0,0,,,,0,0,0,0,0,0,0,0,4.7020682836109735,4.919132976094448,4.375281297866299,4.435720788058095
2297,ks_toyota_ae86_drift,80,0.24024024024024024,9.3,0.16231562043547265,10,10,0,0,0,0,0,,,,0,0,0,0,0,0,0,0,1.5352662294167827,1.7215887740545588,0.8147050175599738,0.824853077841026
2297,ks_toyota_ae86_drift,160,0.4804804804804805,9.3,0.16231562043547265,10,10,0,0,0,0,0,,,,0,0,0,0,0,0,0,0,2.988619494221483,3.2064551443075233,2.440352739025155,2.4622174552188354
2297,ks_toyota_ae86_drift,240,0.7207207207207207,9.3,0.16231562043547265,10,10,0,0,0,0,0,,,,0,0,0,0,0,0,0,0,4.389632805972965,4.659752273494983,4.144173309562455,4.195359600976176
2298,ks_toyota_ae86_drift,80,0.24024024024024024,9.3,0.16231562043547265,10,10,0,0,0,0,0,,,,0,0,0,0,0,0,0,0,0.20535617410091248,0.3907772404899527,0.1470559471819315,0.14737715283590722
2298,ks_toyota_ae86_drift,160,0.4804804804804805,9.3,0.16231562043547265,10,10,0,0,0,0,0,,,,0,0,0,0,0,0,0,0,0.49230866951285335,0.667939780304591,0.5039268746518979,0.5057896486654603
2298,ks_toyota_ae86_drift,240,0.7207207207207207,9.3,0.16231562043547265,10,10,0,0,0,0,0,,,,0,0,0,0,0,0,0,0,0.7495954388840339,0.9195111220834989,0.8357867165983355,0.8401317841275214
2299,ks_toyota_ae86_drift,80,0.24024024024024024,9.3,0.16231562043547265,10,10,0,0,0,0,0,,,,0,0,0,0,0,0,0,0,0.1926186316909924,0.38199193635045026,0.2668188319664623,0.2630515824328035
2299,ks_toyota_ae86_drift,160,0.4804804804804805,9.3,0.16231562043547265,10,10,0,0,0,0,0,,,,0,0,0,0,0,0,0,0,0.1926186316909924,0.38199193635045026,0.2668188319664623,0.2630515824328035
2299,ks_toyota_ae86_drift,240,0.7207207207207207,9.3,0.16231562043547265,10,10,0,0,0,0,0,,,,0,0,0,0,0,0,0,0,0.1926186316909924,0.38199193635045026,0.2668188319664623,0.2630515824328035
2300,ks_toyota_ae86_drift,80,0.24024024024024024,9.3,0.16231562043547265,10,10,0,0,0,0,0,,,,0,0,0,0,0,0,0,0,0.7217767720856596,0.9513507959514539,0.4762780020874219,0.47944555567586816
2300,ks_toyota_ae86_drift,160,0.4804804804804805,9.3,0.16231562043547265,10,10,0,0,0,0,0,,,,0,0,0,0,0,0,0,0,1.0169924356915672,1.2061688254636451,0.9550847749933352,0.9607796586572449
2300,ks_toyota_ae86_drift,240,0.7207207207207207,9.3,0.16231562043547265,10,10,0,0,0,0,0,,,,0,0,0,0,0,0,0,0,1.4652864590583592,1.6008229186790939,1.467740311239392,1.477374293063695
2301,ks_toyota_ae86_drift,80,0.24024024024024024,9.3,0.16231562043547265,10,10,0,0,0,0,0,,,,0,0,0,0,0,0,0,0,1.9047156439344153,2.122804864793392,1.0871455221001798,1.0971003093720617
2301,ks_toyota_ae86_drift,160,0.4804804804804805,9.3,0.16231562043547265,10,10,0,0,0,0,0,,,,0,0,0,0,0,0,0,0,3.4046586962848306,3.637214471249306,2.7997457672070016,2.82621531156174
2301,ks_toyota_ae86_drift,240,0.7207207207207207,9.3,0.16231562043547265,10,10,0,0,0,0,0,,,,0,0,0,0,0,0,0,0,5.098700783808199,5.308339780003401,4.790952950374935,4.850167702271183
2302,ks_toyota_ae86_drift,80,0.24024024024024024,9.3,0.16231562043547265,10,10,0,0,0,0,0,,,,0,0,0,0,0,0,0,0,1.71663763395824,1.8784811007758078,1.029301503792988,1.0372699866768655
2302,ks_toyota_ae86_drift,160,0.4804804804804805,9.3,0.16231562043547265,10,10,0,0,0,0,0,,,,0,0,0,0,0,0,0,0,2.730221698532265,2.847995931051264,2.2962361744247093,2.320768719819514
2302,ks_toyota_ae86_drift,240,0.7207207207207207,9.3,0.16231562043547265,10,10,0,0,0,0,0,,,,0,0,0,0,0,0,0,0,4.214159269779813,4.397562228712527,3.945800283516366,3.987393574240805
2303,ks_toyota_ae86_drift,80,0.24024024024024024,9.3,0.16231562043547265,10,10,0,0,0,0,0,,,,0,0,0,0,0,0,0,0,1.2693645104289533,1.502859970012834,0.9640800274085362,0.9506206060404971
2303,ks_toyota_ae86_drift,160,0.4804804804804805,9.3,0.16231562043547265,10,10,0,0,0,0,0,,,,0,0,0,0,0,0,0,0,1.3651070072847244,1.5347246167599418,1.2418332985451013,1.2489062795957668
2303,ks_toyota_ae86_drift,240,0.7207207207207207,9.3,0.16231562043547265,10,10,0,0,0,0,0,,,,0,0,0,0,0,0,0,0,1.8464791031933594,2.0747747611064504,1.7884935719043014,1.797902157485994
2304,ks_toyota_ae86_drift,80,0.24024024024024024,9.3,0.16231562043547265,10,10,0,0,0,0,0,,,,0,0,0,0,0,0,0,0,1.8412898669714421,2.041466489845237,1.299795457780593,1.284487829911831
2304,ks_toyota_ae86_drift,160,0.4804804804804805,9.3,0.16231562043547265,10,10,0,0,0,0,0,,,,0,0,0,0,0,0,0,0,1.9960905549810806,2.162473963162591,1.659123812608736,1.6703632090531093
2304,ks_toyota_ae86_drift,240,0.7207207207207207,9.3,0.16231562043547265,10,10,0,0,0,0,0,,,,0,0,0,0,0,0,0,0,2.7510130078091954,2.9396833232524577,2.6828457989017642,2.7065339621604263
2305,ks_toyota_ae86_drift,80,0.24024024024024024,9.3,0.16231562043547265,10,10,0,0,0,0,0,,,,0,0,0,0,0,0,0,0,2.217630302031383,2.4362337080688143,1.5864300025505846,1.5908763489785571
2305,ks_toyota_ae86_drift,160,0.4804804804804805,9.3,0.16231562043547265,10,10,0,0,0,0,0,,,,0,0,0,0,0,0,0,0,2.217630302031383,2.4391376056831278,1.8442050770865681,1.8619294179827512
2305,ks_toyota_ae86_drift,240,0.7207207207207207,9.3,0.16231562043547265,10,10,0,0,0,0,0,,,,0,0,0,0,0,0,0,0,3.089705226720614,3.3560411963292682,2.947585425235339,2.9742684130016404
2306,ks_toyota_ae86_drift,80,0.24024024024024024,9.3,0.16231562043547265,10,10,0,0,0,0,0,,,,0,0,0,0,0,0,0,0,2.9906519023863853,3.14387332259387,1.8279695039860362,1.8160555196394184
2306,ks_toyota_ae86_drift,160,0.4804804804804805,9.3,0.16231562043547265,10,10,0,0,0,0,0,,,,0,0,0,0,0,0,0,0,3.636164329664416,3.8234062817974994,2.9237969435732425,2.954605579041643
2306,ks_toyota_ae86_drift,240,0.7207207207207207,9.3,0.16231562043547265,10,10,0,0,0,0,0,,,,0,0,0,0,0,0,0,0,5.204593048492315,5.439865317755751,4.772443564611023,4.829994311670728
2307,ks_toyota_ae86_drift,80,0.24024024024024024,9.3,0.16231562043547265,10,10,0,0,0,0,0,,,,0,0,0,0,0,0,0,0,2.961427870805428,3.143870761272931,1.796017238718482,1.7920077042322728
2307,ks_toyota_ae86_drift,160,0.4804804804804805,9.3,0.16231562043547265,10,10,0,0,0,0,0,,,,0,0,0,0,0,0,0,0,3.3582776563956243,3.627024682781293,2.688527449074157,2.71760207026702
2307,ks_toyota_ae86_drift,240,0.7207207207207207,9.3,0.16231562043547265,10,10,0,0,0,0,0,,,,0,0,0,0,0,0,0,0,4.875456050786332,5.1015079915570745,4.38007779821094,4.425930565656528
2308,ks_toyota_ae86_drift,80,0.24024024024024024,9.3,0.16231562043547265,10,10,0,0,0,0,0,,,,0,0,0,0,0,0,0,0,3.0877714294118546,3.2482358383473144,2.127990685920724,2.115966351330328
2308,ks_toyota_ae86_drift,160,0.4804804804804805,9.3,0.16231562043547265,10,10,0,0,0,0,0,,,,0,0,0,0,0,0,0,0,3.0877714294118546,3.2482358383473144,2.4368138472614422,2.4575251152590365
2308,ks_toyota_ae86_drift,240,0.7207207207207207,9.3,0.16231562043547265,10,10,0,0,0,0,0,,,,0,0,0,0,0,0,0,0,4.172399066307532,4.380519626072875,3.913404269396173,3.9593543670374336
2309,ks_toyota_ae86_drift,80,0.24024024024024024,9.3,0.16231562043547265,10,10,0,0,0,0,0,,,,0,0,0,0,0,0,0,0,3.321277667888019,3.513625186425687,2.2157571226515067,2.204364580559337
2309,ks_toyota_ae86_drift,160,0.4804804804804805,9.3,0.16231562043547265,10,10,0,0,0,0,0,,,,0,0,0,0,0,0,0,0,3.4007601523726345,3.603408449952328,2.6644256324838858,2.6868715550872517
2309,ks_toyota_ae86_drift,240,0.7207207207207207,9.3,0.16231562043547265,10,10,0,0,0,0,0,,,,0,0,0,0,0,0,0,0,4.843285006021926,5.028953026438145,4.331653891429665,4.376222156424468
2310,ks_toyota_ae86_drift,80,0.24024024024024024,9.3,0.16231562043547265,10,10,0,0,0,0,0,,,,0,0,0,0,0,0,0,0,4.460106697829157,4.629763047283572,2.4378748744603214,2.421002386219686
2310,ks_toyota_ae86_drift,160,0.4804804804804805,9.3,0.16231562043547265,10,10,0,0,0,0,0,,,,0,0,0,0,0,0,0,0,5.27593736258086,5.4625590481599415,3.896408197420242,3.9510245244577797
2310,ks_toyota_ae86_drift,240,0.7207207207207207,9.3,0.16231562043547265,10,10,0,0,0,0,0,,,,0,0,0,0,0,0,0,0,7.745834938634552,7.979843196014712,6.630351495276518,6.728811660370013
2311,ks_toyota_ae86_drift,80,0.24024024024024024,9.3,0.16231562043547265,10,10,0,0,0,0,0,,,,0,0,0,0,0,0,0,0,4.375623234211623,4.565477733702235,2.488105152833653,2.48950320717939
2311,ks_toyota_ae86_drift,160,0.4804804804804805,9.3,0.16231562043547265,10,10,0,0,0,0,0,,,,0,0,0,0,0,0,0,0,4.682347819929855,4.851112829697584,3.3763936659520253,3.4111179208055473
2311,ks_toyota_ae86_drift,240,0.7207207207207207,9.3,0.16231562043547265,10,10,0,0,0,0,0,,,,0,0,0,0,0,0,0,0,6.697039327898406,6.9065583688963095,5.70633575671369,5.780439040340097
2312,ks_toyota_ae86_drift,80,0.24024024024024024,9.3,0.16231562043547265,10,10,0,0,0,0,0,,,,0,0,0,0,0,0,0,0,5.2424177823422,5.404878100619184,2.8564707017073694,2.8478428921251737
2312,ks_toyota_ae86_drift,160,0.4804804804804805,9.3,0.16231562043547265,10,10,0,0,0,0,0,,,,0,0,0,0,0,0,0,0,5.780701148849496,5.990001623793959,4.065535634100805,4.117650404354825
2312,ks_toyota_ae86_drift,240,0.7207207207207207,9.3,0.16231562043547265,10,10,0,0,0,0,0,,,,0,0,0,0,0,0,0,0,8.272668773658792,8.529737457224208,6.815371928382055,6.91869945703283
2313,ks_toyota_ae86_drift,80,0.24024024024024024,9.3,0.16231562043547265,10,10,0,0,0,0,0,,,,0,0,0,0,0,0,0,0,6.077339252710912,6.233911094149699,2.8926346323718826,2.877955702071879
2313,ks_toyota_ae86_drift,160,0.4804804804804805,9.3,0.16231562043547265,10,10,0,0,0,0,0,,,,0,0,0,0,0,0,0,0,6.893561799566245,7.1002027696026335,4.392923676492441,4.447270211057764
2313,ks_toyota_ae86_drift,240,0.7207207207207207,9.3,0.16231562043547265,10,10,0,1,1,1,0,233,238,,4,12,0,0,4,12,0,0,9.421078851458164,9.656373745723226,7.112237562920196,7.213810159841102
2314,ks_toyota_ae86_drift,80,0.24024024024024024,9.3,0.16231562043547265,10,10,0,0,0,0,0,,,,0,0,0,0,0,0,0,0,6.402348254837268,6.5840961735567225,2.9246114436317665,2.9194358677881898
2314,ks_toyota_ae86_drift,160,0.4804804804804805,9.3,0.16231562043547265,10,10,0,0,0,0,0,,,,0,0,0,0,0,0,0,0,7.3743597326977754,7.597805956300157,4.636255568976493,4.702233061924701
2314,ks_toyota_ae86_drift,240,0.7207207207207207,9.3,0.16231562043547265,10,10,0,1,1,1,1,214,219,229,25,31,0,0,25,31,0,0,10.39619422340962,10.69998908486074,7.83307779867677,7.952188613838977
2315,ks_toyota_ae86_drift,80,0.24024024024024024,9.3,0.16231562043547265,10,10,0,0,0,0,0,,,,0,0,0,0,0,0,0,0,7.0444641571070985,7.222516943485576,3.0829706601989817,3.0718150402936466
2315,ks_toyota_ae86_drift,160,0.4804804804804805,9.3,0.16231562043547265,10,10,0,0,0,0,0,,,,0,0,0,0,0,0,0,0,7.686574509848229,7.913323129914311,4.421931489897486,4.478835930306977
2315,ks_toyota_ae86_drift,240,0.7207207207207207,9.3,0.16231562043547265,10,10,0,1,1,1,1,207,212,222,30,38,0,0,30,38,0,0,10.01597552156158,10.27280173341146,7.060454483727745,7.174413628708469
2316,ks_toyota_ae86_drift,80,0.24024024024024024,9.3,0.16231562043547265,10,10,0,0,0,0,0,,,,0,0,0,0,0,0,0,0,7.783404394164207,7.949964533490491,3.0586487834513894,3.063996394684686
2316,ks_toyota_ae86_drift,160,0.4804804804804805,9.3,0.16231562043547265,10,10,0,0,0,0,0,,,,0,0,0,0,0,0,0,0,8.934170033453588,9.203191548066526,4.834751111540818,4.897606354264684
2316,ks_toyota_ae86_drift,240,0.7207207207207207,9.3,0.16231562043547265,10,10,0,1,1,1,1,167,172,182,70,78,0,0,70,78,0,0,11.621104981234074,11.92057291784599,7.608033310808605,7.714466441097621
2317,ks_toyota_ae86_drift,80,0.24024024024024024,9.3,0.16231562043547265,10,10,0,0,0,0,0,,,,0,0,0,0,0,0,0,0,8.686445048672748,8.842820522172898,2.9364253230183617,2.940750753753684
2317,ks_toyota_ae86_drift,160,0.4804804804804805,9.3,0.16231562043547265,10,10,0,1,1,1,1,139,144,154,11,26,0,0,11,26,0,0,9.46630836414199,9.705026036954873,4.585474393157917,4.654378195278652
2317,ks_toyota_ae86_drift,240,0.7207207207207207,9.3,0.16231562043547265,10,10,0,1,1,1,1,139,144,154,91,106,0,0,91,106,0,0,12.141956424319028,12.38419164455447,7.321863752510704,7.437301633446736
2318,ks_toyota_ae86_drift,80,0.24024024024024024,9.3,0.16231562043547265,10,10,0,0,1,0,0,13,,,0,9,0,0,0,9,0,0,9.20795987388084,9.403602104919393,2.8852439408031056,2.8915405214442114
2318,ks_toyota_ae86_drift,160,0.4804804804804805,9.3,0.16231562043547265,10,10,0,1,1,1,1,13,127,137,34,43,0,0,34,52,0,0,10.40672381378884,10.665539318234487,4.719994541974495,4.784051044218637
2318,ks_toyota_ae86_drift,240,0.7207207207207207,9.3,0.16231562043547265,10,10,0,1,1,1,1,13,127,137,114,123,0,0,114,132,0,0,13.018644501462369,13.304698800318027,7.397397106994583,7.499867020017699
2319,ks_toyota_ae86_drift,80,0.24024024024024024,9.3,0.16231562043547265,10,10,0,0,0,0,0,,,,0,3,0,0,0,3,0,0,9.144450213657123,9.325166773811906,2.798455928670927,2.8025331247186016
2319,ks_toyota_ae86_drift,160,0.4804804804804805,9.3,0.16231562043547265,10,10,0,1,1,1,1,114,119,129,42,51,0,0,42,54,0,0,10.176351778368065,10.381039741188653,4.653098815469744,4.722955855866519
2319,ks_toyota_ae86_drift,240,0.7207207207207207,9.3,0.16231562043547265,10,10,0,1,1,1,1,114,119,129,122,131,0,0,122,134,0,0,12.85995700892817,13.133805759737015,7.308406572298487,7.419436419898921
2320,ks_toyota_ae86_drift,80,0.24024024024024024,9.3,0.16231562043547265,10,10,0,0,1,0,0,14,,,0,6,0,0,0,6,0,0,9.18170291916402,9.355373285416288,2.7098756322118547,2.725079419860892
2320,ks_toyota_ae86_drift,160,0.4804804804804805,9.3,0.16231562043547265,10,10,0,1,1,1,1,14,116,126,39,54,0,0,39,60,0,0,10.48948436218824,10.741920469949093,4.768508948762273,4.833387208140931
2320,ks_toyota_ae86_drift,240,0.7207207207207207,9.3,0.16231562043547265,10,10,0,1,1,1,1,14,116,126,119,134,0,0,119,140,0,0,13.015038161580602,13.305405724897122,7.395515389878244,7.5048675722637945
2321,ks_toyota_ae86_drift,80,0.24024024024024024,9.3,0.16231562043547265,10,10,0,1,1,1,0,12,17,,0,15,0,0,0,29,0,0,9.255564584848537,9.435072201520228,2.5954306900264137,2.6183976279974046
2321,ks_toyota_ae86_drift,160,0.4804804804804805,9.3,0.16231562043547265,10,10,0,1,1,1,1,12,17,115,56,65,0,0,56,94,0,0,10.908075066793408,11.151183697468966,4.990078577890194,5.065544911142841
2321,ks_toyota_ae86_drift,240,0.7207207207207207,9.3,0.16231562043547265,10,10,0,1,1,1,1,12,17,115,136,145,0,0,136,174,0,0,13.558103941167378,13.836436711166336,7.666832701825953,7.786282465125721
2322,ks_toyota_ae86_drift,80,0.24024024024024024,9.3,0.16231562043547265,10,10,0,0,0,0,0,,,,0,0,0,0,0,0,0,0,9.01454257696442,9.24692695686941,2.549356581763035,2.5314552962786663
2322,ks_toyota_ae86_drift,160,0.4804804804804805,9.3,0.16231562043547265,10,10,0,1,1,1,1,121,126,136,36,44,0,0,36,44,0,0,10.39502796860884,10.636721896352558,4.7453375320030045,4.815873749335372
2322,ks_toyota_ae86_drift,240,0.7207207207207207,9.3,0.16231562043547265,10,10,0,1,1,1,1,121,126,136,116,124,0,0,116,124,0,0,13.054809499343941,13.33016259931748,7.520407960172866,7.640014817823544
2323,ks_toyota_ae86_drift,80,0.24024024024024024,9.3,0.16231562043547265,10,10,0,0,0,0,0,,,,0,0,0,0,0,0,0,0,7.813982297304707,8.002237678755892,2.7047788169871443,2.6672721138204887
2323,ks_toyota_ae86_drift,160,0.4804804804804805,9.3,0.16231562043547265,10,10,0,1,1,1,0,155,160,,2,10,0,0,2,10,0,0,9.340033534314085,9.575707504078082,5.036978925599732,5.119342896140447
2323,ks_toyota_ae86_drift,240,0.7207207207207207,9.3,0.16231562043547265,10,10,0,1,1,1,1,155,160,170,82,90,0,0,82,90,0,0,12.573954790264933,12.90754037555471,8.418983378511513,8.565388483370736
2324,ks_toyota_ae86_drift,80,0.24024024024024024,9.3,0.16231562043547265,10,10,0,0,0,0,0,,,,0,0,0,0,0,0,0,0,5.273974110081305,5.425937708264449,2.8314086032084766,2.8441778553052273
2324,ks_toyota_ae86_drift,160,0.4804804804804805,9.3,0.16231562043547265,10,10,0,0,0,0,0,,,,0,0,0,0,0,0,0,0,5.424099960490892,5.630396432861018,3.72212951744502,3.7750015849232654
2324,ks_toyota_ae86_drift,240,0.7207207207207207,9.3,0.16231562043547265,10,10,0,0,0,0,0,,,,0,0,0,0,0,0,0,0,7.671303914411372,7.941908325364461,6.295978730684897,6.395833535029545
2325,ks_toyota_ae86_drift,80,0.24024024024024024,9.3,0.16231562043547265,10,10,0,0,0,0,0,,,,0,0,0,0,0,0,0,0,3.125415376692145,3.3014304188204315,3.1503786508914837,3.137951335140057
2325,ks_toyota_ae86_drift,160,0.4804804804804805,9.3,0.16231562043547265,10,10,0,0,0,0,0,,,,0,0,0,0,0,0,0,0,3.125415376692145,3.3014304188204315,3.1503786508914837,3.137951335140057
2325,ks_toyota_ae86_drift,240,0.7207207207207207,9.3,0.16231562043547265,10,10,0,0,0,0,0,,,,0,0,0,0,0,0,0,0,3.125415376692145,3.3014304188204315,3.1503786508914837,3.137951335140057
2326,ks_toyota_ae86_drift,80,0.24024024024024024,9.3,0.16231562043547265,10,10,0,0,0,0,0,,,,0,0,0,0,0,0,0,0,2.5357386786619105,2.7164300524941285,3.1159419043133374,3.1019624280730254
2326,ks_toyota_ae86_drift,160,0.4804804804804805,9.3,0.16231562043547265,10,10,0,0,0,0,0,,,,0,0,0,0,0,0,0,0,2.73081784598076,2.7164300524941285,3.1159419043133374,3.1019624280730254
2326,ks_toyota_ae86_drift,240,0.7207207207207207,9.3,0.16231562043547265,10,10,0,0,0,0,0,,,,0,0,0,0,0,0,0,0,4.591815796915451,4.367153372753983,4.222056249120818,4.167389976324975
2327,ks_toyota_ae86_drift,80,0.24024024024024024,9.3,0.16231562043547265,10,10,0,0,0,0,0,,,,0,0,0,0,0,0,0,0,3.345657387800145,3.471935632722633,3.7249145270790924,3.7272090437533936
2327,ks_toyota_ae86_drift,160,0.4804804804804805,9.3,0.16231562043547265,10,10,0,0,0,0,0,,,,0,0,0,0,0,0,0,0,3.345657387800145,3.471935632722633,3.7249145270790924,3.7272090437533936
2327,ks_toyota_ae86_drift,240,0.7207207207207207,9.3,0.16231562043547265,10,10,0,0,0,0,0,,,,0,0,0,0,0,0,0,0,3.345657387800145,3.471935632722633,3.7249145270790924,3.7272090437533936
2328,ks_toyota_ae86_drift,80,0.24024024024024024,9.3,0.16231562043547265,10,10,0,0,0,0,0,,,,0,0,0,0,0,0,0,0,2.5448140790781535,2.716903469980975,2.436852053632112,2.4364176962895816
2328,ks_toyota_ae86_drift,160,0.4804804804804805,9.3,0.16231562043547265,10,10,0,0,0,0,0,,,,0,0,0,0,0,0,0,0,2.5448140790781535,2.716903469980975,2.436852053632112,2.4364176962895816
2328,ks_toyota_ae86_drift,240,0.7207207207207207,9.3,0.16231562043547265,10,10,0,0,0,0,0,,,,0,0,0,0,0,0,0,0,2.5448140790781535,2.716903469980975,2.436852053632112,2.4364176962895816
2329,ks_toyota_ae86_drift,80,0.24024024024024024,9.3,0.16231562043547265,10,10,0,0,0,0,0,,,,0,0,0,0,0,0,0,0,1.9310991705942935,2.087583073347517,1.0628332503061078,1.072052938468567
2329,ks_toyota_ae86_drift,160,0.4804804804804805,9.3,0.16231562043547265,10,10,0,0,0,0,0,,,,0,0,0,0,0,0,0,0,3.0512250081538204,3.2241109698685944,2.4892193274420116,2.5127392972923617
2329,ks_toyota_ae86_drift,240,0.7207207207207207,9.3,0.16231562043547265,10,10,0,0,0,0,0,,,,0,0,0,0,0,0,0,0,4.488475034773158,4.761162653423101,4.177651908666095,4.230133374701181
2330,ks_toyota_ae86_drift,80,0.24024024024024024,9.3,0.16231562043547265,10,10,0,0,0,0,0,,,,0,0,0,0,0,0,0,0,1.8681933417818877,2.053110895163051,1.0539572060362645,1.0645401572683761
2330,ks_toyota_ae86_drift,160,0.4804804804804805,9.3,0.16231562043547265,10,10,0,0,0,0,0,,,,0,0,0,0,0,0,0,0,3.1179751662518855,3.320995922584756,2.5470516063615674,2.5736041802034033
2330,ks_toyota_ae86_drift,240,0.7207207207207207,9.3,0.16231562043547265,10,10,0,0,0,0,0,,,,0,0,0,0,0,0,0,0,4.505845913379793,4.7210942024308675,4.2966624054248665,4.353098977876213
2331,ks_toyota_ae86_drift,80,0.24024024024024024,9.3,0.16231562043547265,10,10,0,0,0,0,0,,,,0,0,0,0,0,0,0,0,0.8957300042191012,1.0840193231727238,0.6575868677092913,0.6351677856149294
2331,ks_toyota_ae86_drift,160,0.4804804804804805,9.3,0.16231562043547265,10,10,0,0,0,0,0,,,,0,0,0,0,0,0,0,0,1.0555539761981667,1.2730625242559863,0.9693716097462978,0.975216650850242
2331,ks_toyota_ae86_drift,240,0.7207207207207207,9.3,0.16231562043547265,10,10,0,0,0,0,0,,,,0,0,0,0,0,0,0,0,1.509119731665445,1.708841186464082,1.4994631248395163,1.5073788872007379
2332,ks_toyota_ae86_drift,80,0.24024024024024024,9.3,0.16231562043547265,10,10,0,0,0,0,0,,,,0,0,0,0,0,0,0,0,0.5461893104715865,0.7710463416635466,0.8363110936996927,0.8335453473335135
2332,ks_toyota_ae86_drift,160,0.4804804804804805,9.3,0.16231562043547265,10,10,0,0,0,0,0,,,,0,0,0,0,0,0,0,0,1.0837768514571882,0.9060243799587798,0.8667198429365299,0.8619415386427242
2332,ks_toyota_ae86_drift,240,0.7207207207207207,9.3,0.16231562043547265,10,10,0,0,0,0,0,,,,0,0,0,0,0,0,0,0,1.5210994565828242,1.3412478758534006,1.4306379766159423,1.422625951276106
2333,ks_toyota_ae86_drift,80,0.24024024024024024,9.3,0.16231562043547265,10,10,0,0,0,0,0,,,,0,0,0,0,0,0,0,0,1.4120824870751334,1.6118528204150182,1.6064881337087964,1.6034857319600468
2333,ks_toyota_ae86_drift,160,0.4804804804804805,9.3,0.16231562043547265,10,10,0,0,0,0,0,,,,0,0,0,0,0,0,0,0,1.4120824870751334,1.6118528204150182,1.6064881337087964,1.6034857319600468
2333,ks_toyota_ae86_drift,240,0.7207207207207207,9.3,0.16231562043547265,10,10,0,0,0,0,0,,,,0,0,0,0,0,0,0,0,1.4120824870751334,1.6118528204150182,1.6064881337087964,1.6034857319600468
2334,ks_toyota_ae86_drift,80,0.24024024024024024,9.3,0.16231562043547265,10,10,0,0,0,0,0,,,,0,0,0,0,0,0,0,0,0.8285304410179903,0.9913039875014434,0.8721093958001989,0.8712244060550062
2334,ks_toyota_ae86_drift,160,0.4804804804804805,9.3,0.16231562043547265,10,10,0,0,0,0,0,,,,0,0,0,0,0,0,0,0,0.8285304410179903,0.9913039875014434,0.8721093958001989,0.8712244060550062
2334,ks_toyota_ae86_drift,240,0.7207207207207207,9.3,0.16231562043547265,10,10,0,0,0,0,0,,,,0,0,0,0,0,0,0,0,0.8285304410179903,0.9913039875014434,0.8721093958001989,0.8712244060550062
2335,ks_toyota_ae86_drift,80,0.24024024024024024,9.3,0.16231562043547265,10,10,0,0,0,0,0,,,,0,0,0,0,0,0,0,0,0.32303091530969696,0.5195770258353657,0.24748240634359747,0.24824669383955134
2335,ks_toyota_ae86_drift,160,0.4804804804804805,9.3,0.16231562043547265,10,10,0,0,0,0,0,,,,0,0,0,0,0,0,0,0,0.6209546421998089,0.8005020660677554,0.5947622541149851,0.5964788727524797
2335,ks_toyota_ae86_drift,240,0.7207207207207207,9.3,0.16231562043547265,10,10,0,0,0,0,0,,,,0,0,0,0,0,0,0,0,0.8597753548196252,1.0311625168984049,0.906712841682776,0.9094593247810616
2336,ks_toyota_ae86_drift,80,0.24024024024024024,9.3,0.16231562043547265,10,10,0,0,0,0,0,,,,0,0,0,0,0,0,0,0,0.23893191663724067,0.21388818761195588,0.19401661933566325,0.19471806108712506
2336,ks_toyota_ae86_drift,160,0.4804804804804805,9.3,0.16231562043547265,10,10,0,0,0,0,0,,,,0,0,0,0,0,0,0,0,0.23893191663724067,0.45104498877672045,0.2694937848414478,0.27039486288378706
2336,ks_toyota_ae86_drift,240,0.7207207207207207,9.3,0.16231562043547265,10,10,0,0,0,0,0,,,,0,0,0,0,0,0,0,0,0.4124020462890362,0.5667341459690146,0.4668821697495702,0.46791000649795134
2337,ks_toyota_ae86_drift,80,0.24024024024024024,9.3,0.16231562043547265,10,10,0,0,0,0,0,,,,0,0,0,0,0,0,0,0,0.09767954917655727,0.26305590466188766,0.0956389367805234,0.09575332243880129
2337,ks_toyota_ae86_drift,160,0.4804804804804805,9.3,0.16231562043547265,10,10,0,0,0,0,0,,,,0,0,0,0,0,0,0,0,0.2551759474329557,0.4023685250787139,0.2772790265564988,0.2779714903444617
2337,ks_toyota_ae86_drift,240,0.7207207207207207,9.3,0.16231562043547265,10,10,0,0,0,0,0,,,,0,0,0,0,0,0,0,0,0.3369269351760879,0.5978766069330993,0.4277137562630445,0.42798816444903504
2338,ks_toyota_ae86_drift,80,0.24024024024024024,9.3,0.16231562043547265,10,10,0,0,0,0,0,,,,0,0,0,0,0,0,0,0,0.25126587757653496,0.4498089913412126,0.20905142650380837,0.20919987639655038
2338,ks_toyota_ae86_drift,160,0.4804804804804805,9.3,0.16231562043547265,10,10,0,0,0,0,0,,,,0,0,0,0,0,0,0,0,0.5941241650361179,0.7367999866085142,0.5594443064122012,0.5613109224071716
2338,ks_toyota_ae86_drift,240,0.7207207207207207,9.3,0.16231562043547265,10,10,0,0,0,0,0,,,,0,0,0,0,0,0,0,0,0.8694642983224057,1.0171398183672513,0.9173145759351051,0.9216951817923162
2339,ks_toyota_ae86_drift,80,0.24024024024024024,9.3,0.16231562043547265,10,10,0,0,0,0,0,,,,0,0,0,0,0,0,0,0,0.332754943573253,0.4619783073689126,0.20405749100347123,0.2042647312158856
2339,ks_toyota_ae86_drift,160,0.4804804804804805,9.3,0.16231562043547265,10,10,0,0,0,0,0,,,,0,0,0,0,0,0,0,0,0.640974513626498,0.9052559836771534,0.6250392020451823,0.6262068442281371
2339,ks_toyota_ae86_drift,240,0.7207207207207207,9.3,0.16231562043547265,10,10,0,0,0,0,0,,,,0,0,0,0,0,0,0,0,1.025734330777243,1.2643433608936419,1.0654327776155323,1.0708585091374612
2340,ks_toyota_ae86_drift,80,0.24024024024024024,9.3,0.16231562043547265,10,10,0,0,0,0,0,,,,0,0,0,0,0,0,0,0,0.2570461386050698,0.3964629460871652,0.17429427468447956,0.17501143120711765
2340,ks_toyota_ae86_drift,160,0.4804804804804805,9.3,0.16231562043547265,10,10,0,0,0,0,0,,,,0,0,0,0,0,0,0,0,0.5322063124149837,0.6768818853103129,0.5204093484187552,0.5230206151158157
2340,ks_toyota_ae86_drift,240,0.7207207207207207,9.3,0.16231562043547265,10,10,0,0,0,0,0,,,,0,0,0,0,0,0,0,0,0.7873524578115999,0.9651779803176157,0.8324926977885382,0.8357995765638822
2341,ks_toyota_ae86_drift,80,0.24024024024024024,9.3,0.16231562043547265,10,10,0,0,0,0,0,,,,0,0,0,0,0,0,0,0,0.6108088230745781,0.8736253242699715,0.380221663375374,0.3811173786519977
2341,ks_toyota_ae86_drift,160,0.4804804804804805,9.3,0.16231562043547265,10,10,0,0,0,0,0,,,,0,0,0,0,0,0,0,0,1.2403047235531937,1.4759071897743175,1.1187055850989873,1.1251765490073395
2341,ks_toyota_ae86_drift,240,0.7207207207207207,9.3,0.16231562043547265,10,10,0,0,0,0,0,,,,0,0,0,0,0,0,0,0,1.8601977515847414,2.1205914566154846,1.8418123764429482,1.852613466841677
2342,ks_toyota_ae86_drift,80,0.24024024024024024,9.3,0.16231562043547265,10,10,0,0,0,0,0,,,,0,0,0,0,0,0,0,0,0.24050728909713354,0.4373763395044969,0.25217509314894004,0.25625482383712683
2342,ks_toyota_ae86_drift,160,0.4804804804804805,9.3,0.16231562043547265,10,10,0,0,0,0,0,,,,0,0,0,0,0,0,0,0,0.24050728909713354,0.4373763395044969,0.28068910522133345,0.28149525430638006
2342,ks_toyota_ae86_drift,240,0.7207207207207207,9.3,0.16231562043547265,10,10,1,0,0,0,0,,,,0,0,0,0,0,0,0,0,0.3566535620357161,0.5449576352651628,0.4571937064944658,0.45826551258562886
2343,ks_toyota_ae86_drift,80,0.24024024024024024,9.3,0.16231562043547265,10,10,0,0,0,0,0,,,,0,0,0,0,0,0,0,0,0.8936058153872273,1.1042166194352745,0.633827521072873,0.6339602295140122
2343,ks_toyota_ae86_drift,160,0.4804804804804805,9.3,0.16231562043547265,10,10,0,0,0,0,0,,,,0,0,0,0,0,0,0,0,1.0558295316424944,1.3144733208635389,0.9679096290987977,0.9722266288193632
2343,ks_toyota_ae86_drift,240,0.7207207207207207,9.3,0.16231562043547265,10,10,0,0,0,0,0,,,,0,0,0,0,0,0,0,0,1.531014756823567,1.703379489727305,1.5133740857447167,1.5210684005664419
2344,ks_toyota_ae86_drift,80,0.24024024024024024,9.3,0.16231562043547265,10,10,0,0,0,0,0,,,,0,0,0,0,0,0,0,0,0.6850306745161083,0.8442051381937878,0.47469435869533094,0.47677020259448594
2344,ks_toyota_ae86_drift,160,0.4804804804804805,9.3,0.16231562043547265,10,10,0,0,0,0,0,,,,0,0,0,0,0,0,0,0,1.1431381322554748,1.323884574487876,1.061668489609209,1.0680330519768972
2344,ks_toyota_ae86_drift,240,0.7207207207207207,9.3,0.16231562043547265,10,10,0,0,0,0,0,,,,0,0,0,0,0,0,0,0,1.6571826515022774,1.8239027666655283,1.6432517336380958,1.6514893686639542
2345,ks_toyota_ae86_drift,80,0.24024024024024024,9.3,0.16231562043547265,10,10,0,0,0,0,0,,,,0,0,0,0,0,0,0,0,0.16612236688916918,0.3653396149888418,0.3306295274417626,0.3187877670095323
2345,ks_toyota_ae86_drift,160,0.4804804804804805,9.3,0.16231562043547265,10,10,0,0,0,0,0,,,,0,0,0,0,0,0,0,0,0.3420965346041413,0.3653396149888418,0.3306295274417626,0.3187877670095323
2345,ks_toyota_ae86_drift,240,0.7207207207207207,9.3,0.16231562043547265,10,10,0,0,0,0,0,,,,0,0,0,0,0,0,0,0,0.5068042519223245,0.3653396149888418,0.4333509034841264,0.43174015277876704
2346,ks_toyota_ae86_drift,80,0.24024024024024024,9.3,0.16231562043547265,10,10,0,0,0,0,0,,,,0,0,0,0,0,0,0,0,0.8589978338321544,1.036833281456808,0.9670747451944695,0.9657489414435465
2346,ks_toyota_ae86_drift,160,0.4804804804804805,9.3,0.16231562043547265,10,10,0,0,0,0,0,,,,0,0,0,0,0,0,0,0,0.8589978338321544,1.036833281456808,0.9670747451944695,0.9657489414435465
2346,ks_toyota_ae86_drift,240,0.7207207207207207,9.3,0.16231562043547265,10,10,0,0,0,0,0,,,,0,0,0,0,0,0,0,0,0.8589978338321544,1.036833281456808,0.9670747451944695,0.9657489414435465
2347,ks_toyota_ae86_drift,80,0.24024024024024024,9.3,0.16231562043547265,10,10,0,0,0,0,0,,,,0,0,0,0,0,0,0,0,0.3477560400225844,0.5440966579037709,0.48396980894906116,0.4850426822572821
2347,ks_toyota_ae86_drift,160,0.4804804804804805,9.3,0.16231562043547265,10,10,0,0,0,0,0,,,,0,0,0,0,0,0,0,0,0.3477560400225844,0.5440966579037709,0.48396980894906116,0.4850426822572821
2347,ks_toyota_ae86_drift,240,0.7207207207207207,9.3,0.16231562043547265,10,10,0,0,0,0,0,,,,0,0,0,0,0,0,0,0,0.3477560400225844,0.5440966579037709,0.48396980894906116,0.4850426822572821
2348,ks_toyota_ae86_drift,80,0.24024024024024024,9.3,0.16231562043547265,10,10,0,0,0,0,0,,,,0,0,0,0,0,0,0,0,0.3396953495849116,0.5450051264242356,0.40678565643972875,0.40780676972064567
2348,ks_toyota_ae86_drift,160,0.4804804804804805,9.3,0.16231562043547265,10,10,0,0,0,0,0,,,,0,0,0,0,0,0,0,0,0.3396953495849116,0.5450051264242356,0.40678565643972875,0.40780676972064567
2348,ks_toyota_ae86_drift,240,0.7207207207207207,9.3,0.16231562043547265,10,10,0,0,0,0,0,,,,0,0,0,0,0,0,0,0,0.3396953495849116,0.5450051264242356,0.40678565643972875,0.40780676972064567
2349,ks_toyota_ae86_drift,80,0.24024024024024024,9.3,0.16231562043547265,10,10,0,0,0,0,0,,,,0,0,0,0,0,0,0,0,0.1971810779946419,0.06048309267871491,0.060592095560957446,0.06041804579904112
2349,ks_toyota_ae86_drift,160,0.4804804804804805,9.3,0.16231562043547265,10,10,0,0,0,0,0,,,,0,0,0,0,0,0,0,0,0.24009817143802034,0.08075057180303027,0.1285702269562771,0.12846062376443954
2349,ks_toyota_ae86_drift,240,0.7207207207207207,9.3,0.16231562043547265,10,10,0,0,0,0,0,,,,0,0,0,0,0,0,0,0,0.34482047274208055,0.13586683000119446,0.23129491137152014,0.23062403204855153
2350,ks_toyota_ae86_drift,80,0.24024024024024024,9.3,0.16231562043547265,10,10,0,0,0,0,0,,,,0,0,0,0,0,0,0,0,0.1867892386571584,0.26782708528183247,0.18965215513645156,0.19083049617041098
2350,ks_toyota_ae86_drift,160,0.4804804804804805,9.3,0.16231562043547265,10,10,0,0,0,0,0,,,,0,0,0,0,0,0,0,0,0.39907925538482386,0.26782708528183247,0.24435628745742083,0.24427429850695423
2350,ks_toyota_ae86_drift,240,0.7207207207207207,9.3,0.16231562043547265,10,10,0,0,0,0,0,,,,0,0,0,0,0,0,0,0,0.4609789653159751,0.2967271097640374,0.36743632298147705,0.36681669675770995
2351,ks_toyota_ae86_drift,80,0.24024024024024024,9.3,0.16231562043547265,10,10,0,0,0,0,0,,,,0,0,0,0,0,0,0,0,0.21239612478363867,0.11025544155275152,0.07657411122876581,0.07637973098189813
2351,ks_toyota_ae86_drift,160,0.4804804804804805,9.3,0.16231562043547265,10,10,0,0,0,0,0,,,,0,0,0,0,0,0,0,0,0.3651314009408622,0.18964716589670627,0.24056675976768024,0.23924837317530911
2351,ks_toyota_ae86_drift,240,0.7207207207207207,9.3,0.16231562043547265,10,10,0,0,0,0,0,,,,0,0,0,0,0,0,0,0,0.5212351076172391,0.31311590855364496,0.388448306065537,0.38811960321173017
2352,ks_toyota_ae86_drift,80,0.24024024024024024,9.3,0.16231562043547265,10,10,0,0,0,0,0,,,,0,0,0,0,0,0,0,0,0.36421941060410684,0.1743495298476479,0.17395240504022189,0.17381031842918712
2352,ks_toyota_ae86_drift,160,0.4804804804804805,9.3,0.16231562043547265,10,10,0,0,0,0,0,,,,0,0,0,0,0,0,0,0,0.42494029925362264,0.26348623326002496,0.3139581028948193,0.31253843740366155
2352,ks_toyota_ae86_drift,240,0.7207207207207207,9.3,0.16231562043547265,10,10,0,0,0,0,0,,,,0,0,0,0,0,0,0,0,0.5539929083200319,0.3878868698518472,0.47711021794910563,0.4757629097744677
2353,ks_toyota_ae86_drift,80,0.24024024024024024,9.3,0.16231562043547265,10,10,0,0,0,0,0,,,,0,0,0,0,0,0,0,0,0.40799070458055997,0.1916709429436531,0.19772757316952225,0.19781166987367804
2353,ks_toyota_ae86_drift,160,0.4804804804804805,9.3,0.16231562043547265,10,10,0,0,0,0,0,,,,0,0,0,0,0,0,0,0,0.40799070458055997,0.20104245607279986,0.23828558330660177,0.2381037562003766
2353,ks_toyota_ae86_drift,240,0.7207207207207207,9.3,0.16231562043547265,10,10,0,0,0,0,0,,,,0,0,0,0,0,0,0,0,0.4519394233928748,0.2775461243056433,0.3589436230788009,0.3575763312647554
2354,ks_toyota_ae86_drift,80,0.24024024024024024,9.3,0.16231562043547265,10,10,0,0,0,0,0,,,,0,0,0,0,0,0,0,0,0.5219825864445324,0.3336255792490181,0.35402447281379007,0.3522667663195696
2354,ks_toyota_ae86_drift,160,0.4804804804804805,9.3,0.16231562043547265,10,10,0,0,0,0,0,,,,0,0,0,0,0,0,0,0,0.5219825864445324,0.3336255792490181,0.35402447281379007,0.3522667663195696
2354,ks_toyota_ae86_drift,240,0.7207207207207207,9.3,0.16231562043547265,10,10,0,0,0,0,0,,,,0,0,0,0,0,0,0,0,0.5219825864445324,0.3336255792490181,0.38458615425501214,0.3841537445836122
2355,ks_toyota_ae86_drift,80,0.24024024024024024,9.3,0.16231562043547265,10,10,0,0,0,0,0,,,,0,0,0,0,0,0,0,0,0.4262146364619325,0.22471130270271544,0.31824548734203034,0.3182153117797206
2355,ks_toyota_ae86_drift,160,0.4804804804804805,9.3,0.16231562043547265,10,10,0,0,0,0,0,,,,0,0,0,0,0,0,0,0,0.4262146364619325,0.22471130270271544,0.31824548734203034,0.3182153117797206
2355,ks_toyota_ae86_drift,240,0.7207207207207207,9.3,0.16231562043547265,10,10,0,0,0,0,0,,,,0,0,0,0,0,0,0,0,0.4262146364619325,0.22471130270271544,0.31824548734203034,0.3182153117797206
2356,ks_toyota_ae86_drift,80,0.24024024024024024,9.3,0.16231562043547265,10,10,0,0,0,0,0,,,,0,0,0,0,0,0,0,0,0.6224947964967938,0.43464992008689823,0.525433752966093,0.5260536459941245
2356,ks_toyota_ae86_drift,160,0.4804804804804805,9.3,0.16231562043547265,10,10,0,0,0,0,0,,,,0,0,0,0,0,0,0,0,0.6224947964967938,0.43464992008689823,0.525433752966093,0.5260536459941245
2356,ks_toyota_ae86_drift,240,0.7207207207207207,9.3,0.16231562043547265,10,10,0,0,0,0,0,,,,0,0,0,0,0,0,0,0,0.6224947964967938,0.43464992008689823,0.525433752966093,0.5260536459941245
2357,ks_toyota_ae86_drift,80,0.24024024024024024,9.3,0.16231562043547265,10,10,0,0,0,0,0,,,,0,0,0,0,0,0,0,0,0.6546706437379602,0.4660539025910004,0.5420295118236372,0.5431729281793797
2357,ks_toyota_ae86_drift,160,0.4804804804804805,9.3,0.16231562043547265,10,10,0,0,0,0,0,,,,0,0,0,0,0,0,0,0,0.6546706437379602,0.4660539025910004,0.5420295118236372,0.5431729281793797
2357,ks_toyota_ae86_drift,240,0.7207207207207207,9.3,0.16231562043547265,10,10,0,0,0,0,0,,,,0,0,0,0,0,0,0,0,0.6546706437379602,0.4660539025910004,0.5420295118236372,0.5431729281793797
2358,ks_toyota_ae86_drift,80,0.24024024024024024,9.3,0.16231562043547265,10,10,0,0,0,0,0,,,,0,0,0,0,0,0,0,0,0.40185754155143233,0.2128950354179537,0.3269096890258973,0.3268300212725314
2358,ks_toyota_ae86_drift,160,0.4804804804804805,9.3,0.16231562043547265,10,10,0,0,0,0,0,,,,0,0,0,0,0,0,0,0,0.40185754155143233,0.2128950354179537,0.3269096890258973,0.3268300212725314
2358,ks_toyota_ae86_drift,240,0.7207207207207207,9.3,0.16231562043547265,10,10,0,0,0,0,0,,,,0,0,0,0,0,0,0,0,0.40185754155143233,0.2128950354179537,0.3269096890258973,0.3268300212725314
2359,ks_toyota_ae86_drift,80,0.24024024024024024,9.3,0.16231562043547265,10,10,0,0,0,0,0,,,,0,0,0,0,0,0,0,0,0.5240887393081294,0.3480527530450833,0.4308383276844873,0.430661463137581
2359,ks_toyota_ae86_drift,160,0.4804804804804805,9.3,0.16231562043547265,10,10,0,0,0,0,0,,,,0,0,0,0,0,0,0,0,0.5240887393081294,0.3480527530450833,0.4308383276844873,0.430661463137581
2359,ks_toyota_ae86_drift,240,0.7207207207207207,9.3,0.16231562043547265,10,10,0,0,0,0,0,,,,0,0,0,0,0,0,0,0,0.5240887393081294,0.3480527530450833,0.4308383276844873,0.430661463137581
2360,ks_toyota_ae86_drift,80,0.24024024024024024,9.3,0.16231562043547265,10,10,0,0,0,0,0,,,,0,0,0,0,0,0,0,0,0.3956188040748604,0.25093968268281397,0.3332301486486714,0.3329680668196986
2360,ks_toyota_ae86_drift,160,0.4804804804804805,9.3,0.16231562043547265,10,10,0,0,0,0,0,,,,0,0,0,0,0,0,0,0,0.3956188040748604,0.25093968268281397,0.3332301486486714,0.3329680668196986
2360,ks_toyota_ae86_drift,240,0.7207207207207207,9.3,0.16231562043547265,10,10,0,0,0,0,0,,,,0,0,0,0,0,0,0,0,0.3956188040748604,0.2851554086082871,0.3332301486486714,0.3329680668196986
2361,ks_toyota_ae86_drift,80,0.24024024024024024,9.3,0.16231562043547265,10,10,0,0,0,0,0,,,,0,0,0,0,0,0,0,0,0.43055348745175664,0.2527706536280534,0.3548674142069049,0.35885365668082714
2361,ks_toyota_ae86_drift,160,0.4804804804804805,9.3,0.16231562043547265,10,10,0,0,0,0,0,,,,0,0,0,0,0,0,0,0,0.43055348745175664,0.2527706536280534,0.3548674142069049,0.35885365668082714
2361,ks_toyota_ae86_drift,240,0.7207207207207207,9.3,0.16231562043547265,10,10,0,0,0,0,0,,,,0,0,0,0,0,0,0,0,0.43055348745175664,0.2527706536280534,0.3548674142069049,0.35885365668082714
2362,ks_toyota_ae86_drift,80,0.24024024024024024,9.3,0.16231562043547265,10,10,0,0,0,0,0,,,,0,0,0,0,0,0,0,0,0.41739454104634527,0.22848076671176912,0.3181946611296519,0.31871066057710523
2362,ks_toyota_ae86_drift,160,0.4804804804804805,9.3,0.16231562043547265,10,10,0,0,0,0,0,,,,0,0,0,0,0,0,0,0,0.41739454104634527,0.22848076671176912,0.3181946611296519,0.31871066057710523
2362,ks_toyota_ae86_drift,240,0.7207207207207207,9.3,0.16231562043547265,10,10,0,0,0,0,0,,,,0,0,0,0,0,0,0,0,0.41739454104634527,0.22848076671176912,0.3181946611296519,0.31871066057710523
2363,ks_toyota_ae86_drift,80,0.24024024024024024,9.3,0.16231562043547265,10,10,0,0,0,0,0,,,,0,0,0,0,0,0,0,0,0.24454614537200603,0.07907291992835912,0.15150666919984104,0.15148683230277893
2363,ks_toyota_ae86_drift,160,0.4804804804804805,9.3,0.16231562043547265,10,10,0,0,0,0,0,,,,0,0,0,0,0,0,0,0,0.24454614537200603,0.19968451574822346,0.15150666919984104,0.15148683230277893
2363,ks_toyota_ae86_drift,240,0.7207207207207207,9.3,0.16231562043547265,10,10,0,0,0,0,0,,,,0,0,0,0,0,0,0,0,0.24454614537200603,0.25371340649650026,0.15150666919984104,0.15148683230277893
2364,ks_toyota_ae86_drift,80,0.24024024024024024,9.3,0.16231562043547265,10,10,0,0,0,0,0,,,,0,0,0,0,0,0,0,0,0.2517876933569534,0.09650615069159685,0.1662570763622918,0.1668935779557856
2364,ks_toyota_ae86_drift,160,0.4804804804804805,9.3,0.16231562043547265,10,10,0,0,0,0,0,,,,0,0,0,0,0,0,0,0,0.2517876933569534,0.1806161216894288,0.1662570763622918,0.1668935779557856
2364,ks_toyota_ae86_drift,240,0.7207207207207207,9.3,0.16231562043547265,10,10,0,0,0,0,0,,,,0,0,0,0,0,0,0,0,0.2517876933569534,0.1806161216894288,0.1662570763622918,0.1668935779557856
2365,ks_toyota_ae86_drift,80,0.24024024024024024,9.3,0.16231562043547265,10,10,0,0,0,0,0,,,,0,0,0,0,0,0,0,0,0.32059581946845517,0.13150691481469168,0.20792054994849524,0.20737501526896693
2365,ks_toyota_ae86_drift,160,0.4804804804804805,9.3,0.16231562043547265,10,10,0,0,0,0,0,,,,0,0,0,0,0,0,0,0,0.32059581946845517,0.13150691481469168,0.20792054994849524,0.20737501526896693
2365,ks_toyota_ae86_drift,240,0.7207207207207207,9.3,0.16231562043547265,10,10,0,0,0,0,0,,,,0,0,0,0,0,0,0,0,0.32059581946845517,0.13150691481469168,0.20792054994849524,0.20737501526896693
2366,ks_toyota_ae86_drift,80,0.24024024024024024,9.3,0.16231562043547265,10,10,0,0,0,0,0,,,,0,0,0,0,0,0,0,0,0.12297384742680367,0.16035545941407023,0.023451879734535254,0.022769781292246345
2366,ks_toyota_ae86_drift,160,0.4804804804804805,9.3,0.16231562043547265,10,10,0,0,0,0,0,,,,0,0,0,0,0,0,0,0,0.12297384742680367,0.16035545941407023,0.035693104514085444,0.03582180755620457
2366,ks_toyota_ae86_drift,240,0.7207207207207207,9.3,0.16231562043547265,10,10,0,0,0,0,0,,,,0,0,0,0,0,0,0,0,0.12731988879155487,0.16035545941407023,0.035693104514085444,0.03582180755620457
2367,ks_toyota_ae86_drift,80,0.24024024024024024,9.3,0.16231562043547265,10,10,0,0,0,0,0,,,,0,0,0,0,0,0,0,0,0.21937585774387766,0.03772854424244222,0.08557197832575847,0.08547773638944683
2367,ks_toyota_ae86_drift,160,0.4804804804804805,9.3,0.16231562043547265,10,10,0,0,0,0,0,,,,0,0,0,0,0,0,0,0,0.21937585774387766,0.04499218362048633,0.10169387279931326,0.10161988797678027
2367,ks_toyota_ae86_drift,240,0.7207207207207207,9.3,0.16231562043547265,10,10,0,0,0,0,0,,,,0,0,0,0,0,0,0,0,0.255898746865787,0.05109706873263521,0.14533403247978746,0.14509711029295266
2368,ks_toyota_ae86_drift,80,0.24024024024024024,9.3,0.16231562043547265,10,10,0,0,0,0,0,,,,0,0,0,0,0,0,0,0,0.15320047607272488,0.09656402053655684,0.026268098797442414,0.02628430548898132
2368,ks_toyota_ae86_drift,160,0.4804804804804805,9.3,0.16231562043547265,10,10,0,0,0,0,0,,,,0,0,0,0,0,0,0,0,0.15869904515884958,0.09656402053655684,0.060632369664676715,0.060659657070823714
2368,ks_toyota_ae86_drift,240,0.7207207207207207,9.3,0.16231562043547265,10,10,0,0,0,0,0,,,,0,0,0,0,0,0,0,0,0.19787146070934208,0.09656402053655684,0.08864518325618737,0.08851401560967535
2369,ks_toyota_ae86_drift,80,0.24024024024024024,9.3,0.16231562043547265,10,10,0,0,0,0,0,,,,0,0,0,0,0,0,0,0,0.380208723368548,0.18335634822771296,0.2648016316446342,0.2645068396128394
2369,ks_toyota_ae86_drift,160,0.4804804804804805,9.3,0.16231562043547265,10,10,0,0,0,0,0,,,,0,0,0,0,0,0,0,0,0.380208723368548,0.18335634822771296,0.2648016316446342,0.2645068396128394
2369,ks_toyota_ae86_drift,240,0.7207207207207207,9.3,0.16231562043547265,10,10,0,0,0,0,0,,,,0,0,0,0,0,0,0,0,0.380208723368548,0.18335634822771296,0.2648016316446342,0.2645068396128394
2370,ks_toyota_ae86_drift,80,0.24024024024024024,9.3,0.16231562043547265,10,10,0,0,0,0,0,,,,0,0,0,0,0,0,0,0,0.2643833359188238,0.11056400735469875,0.18834806925265513,0.18848349909729178
2370,ks_toyota_ae86_drift,160,0.4804804804804805,9.3,0.16231562043547265,10,10,0,0,0,0,0,,,,0,0,0,0,0,0,0,0,0.2643833359188238,0.11056400735469875,0.18834806925265513,0.18848349909729178
2370,ks_toyota_ae86_drift,240,0.7207207207207207,9.3,0.16231562043547265,10,10,0,0,0,0,0,,,,0,0,0,0,0,0,0,0,0.2643833359188238,0.11056400735469875,0.18834806925265513,0.18848349909729178
2371,ks_toyota_ae86_drift,80,0.24024024024024024,9.3,0.16231562043547265,10,10,0,0,0,0,0,,,,0,0,0,0,0,0,0,0,0.407602744499618,0.22435776037188795,0.3032012753235632,0.30374987825213273
2371,ks_toyota_ae86_drift,160,0.4804804804804805,9.3,0.16231562043547265,10,10,0,0,0,0,0,,,,0,0,0,0,0,0,0,0,0.407602744499618,0.22435776037188795,0.3032012753235632,0.30374987825213273
2371,ks_toyota_ae86_drift,240,0.7207207207207207,9.3,0.16231562043547265,10,10,0,0,0,0,0,,,,0,0,0,0,0,0,0,0,0.407602744499618,0.22435776037188795,0.3032012753235632,0.30374987825213273
2372,ks_toyota_ae86_drift,80,0.24024024024024024,9.3,0.16231562043547265,10,10,0,0,0,0,0,,,,0,0,0,0,0,0,0,0,0.2393836429373871,0.08453615745976356,0.15567287115013725,0.1556543015733313
2372,ks_toyota_ae86_drift,160,0.4804804804804805,9.3,0.16231562043547265,10,10,0,0,0,0,0,,,,0,0,0,0,0,0,0,0,0.2393836429373871,0.11208451151760672,0.15567287115013725,0.1556543015733313
2372,ks_toyota_ae86_drift,240,0.7207207207207207,9.3,0.16231562043547265,10,10,0,0,0,0,0,,,,0,0,0,0,0,0,0,0,0.2393836429373871,0.11641602539015841,0.15567287115013725,0.1556543015733313
2373,ks_toyota_ae86_drift,80,0.24024024024024024,9.3,0.16231562043547265,10,10,0,0,0,0,0,,,,0,0,0,0,0,0,0,0,0.39216051387943895,0.21485638026701842,0.2861571785800311,0.2874950152032809
2373,ks_toyota_ae86_drift,160,0.4804804804804805,9.3,0.16231562043547265,10,10,0,0,0,0,0,,,,0,0,0,0,0,0,0,0,0.39216051387943895,0.21485638026701842,0.2861571785800311,0.2874950152032809
2373,ks_toyota_ae86_drift,240,0.7207207207207207,9.3,0.16231562043547265,10,10,0,0,0,0,0,,,,0,0,0,0,0,0,0,0,0.39216051387943895,0.21485638026701842,0.2861571785800311,0.2874950152032809
2374,ks_toyota_ae86_drift,80,0.24024024024024024,9.3,0.16231562043547265,10,10,0,0,0,0,0,,,,0,0,0,0,0,0,0,0,0.33228902328623766,0.1268314502246196,0.22009353453483146,0.22004000025916884
2374,ks_toyota_ae86_drift,160,0.4804804804804805,9.3,0.16231562043547265,10,10,0,0,0,0,0,,,,0,0,0,0,0,0,0,0,0.33228902328623766,0.1268314502246196,0.22009353453483146,0.22004000025916884
2374,ks_toyota_ae86_drift,240,0.7207207207207207,9.3,0.16231562043547265,10,10,0,0,0,0,0,,,,0,0,0,0,0,0,0,0,0.33228902328623766,0.13502271466931606,0.22009353453483146,0.22004000025916884
2375,ks_toyota_ae86_drift,80,0.24024024024024024,9.3,0.16231562043547265,10,10,0,0,0,0,0,,,,0,0,0,0,0,0,0,0,0.2506594848442848,0.07948960815847617,0.17451857702960571,0.17521140100332566
2375,ks_toyota_ae86_drift,160,0.4804804804804805,9.3,0.16231562043547265,10,10,0,0,0,0,0,,,,0,0,0,0,0,0,0,0,0.2506594848442848,0.08460519306319093,0.17451857702960571,0.17521140100332566
2375,ks_toyota_ae86_drift,240,0.7207207207207207,9.3,0.16231562043547265,10,10,0,0,0,0,0,,,,0,0,0,0,0,0,0,0,0.2506594848442848,0.10097358799667443,0.17451857702960571,0.17521140100332566
2376,ks_toyota_ae86_drift,80,0.24024024024024024,9.3,0.16231562043547265,10,10,0,0,0,0,0,,,,0,0,0,0,0,0,0,0,0.39566608179052154,0.18937541241314704,0.28564998367330474,0.2867689073975704
2376,ks_toyota_ae86_drift,160,0.4804804804804805,9.3,0.16231562043547265,10,10,0,0,0,0,0,,,,0,0,0,0,0,0,0,0,0.39566608179052154,0.18937541241314704,0.28564998367330474,0.2867689073975704
2376,ks_toyota_ae86_drift,240,0.7207207207207207,9.3,0.16231562043547265,10,10,0,0,0,0,0,,,,0,0,0,0,0,0,0,0,0.39566608179052154,0.18937541241314704,0.28564998367330474,0.2867689073975704
2377,ks_toyota_ae86_drift,80,0.24024024024024024,9.3,0.16231562043547265,10,10,0,0,0,0,0,,,,0,0,0,0,0,0,0,0,0.3392061906464623,0.19795830549742174,0.25916467118653735,0.25913084040580464
2377,ks_toyota_ae86_drift,160,0.4804804804804805,9.3,0.16231562043547265,10,10,0,0,0,0,0,,,,0,0,0,0,0,0,0,0,0.3392061906464623,0.19795830549742174,0.25916467118653735,0.25913084040580464
2377,ks_toyota_ae86_drift,240,0.7207207207207207,9.3,0.16231562043547265,10,10,0,0,0,0,0,,,,0,0,0,0,0,0,0,0,0.3392061906464623,0.19795830549742174,0.25916467118653735,0.25913084040580464
2378,ks_toyota_ae86_drift,80,0.24024024024024024,9.3,0.16231562043547265,10,10,0,0,0,0,0,,,,0,0,0,0,0,0,0,0,0.28917366759394375,0.1237631745029765,0.20161509806559666,0.20169203107525185
2378,ks_toyota_ae86_drift,160,0.4804804804804805,9.3,0.16231562043547265,10,10,0,0,0,0,0,,,,0,0,0,0,0,0,0,0,0.28917366759394375,0.1237631745029765,0.20161509806559666,0.20169203107525185
2378,ks_toyota_ae86_drift,240,0.7207207207207207,9.3,0.16231562043547265,10,10,0,0,0,0,0,,,,0,0,0,0,0,0,0,0,0.28917366759394375,0.1237631745029765,0.20161509806559666,0.20169203107525185
2379,ks_toyota_ae86_drift,80,0.24024024024024024,9.3,0.16231562043547265,10,10,0,0,0,0,0,,,,0,0,0,0,0,0,0,0,0.31236141277419655,0.13740334241996963,0.22131500447813982,0.22088388880742243
2379,ks_toyota_ae86_drift,160,0.4804804804804805,9.3,0.16231562043547265,10,10,0,0,0,0,0,,,,0,0,0,0,0,0,0,0,0.31236141277419655,0.13740334241996963,0.22131500447813982,0.22088388880742243
2379,ks_toyota_ae86_drift,240,0.7207207207207207,9.3,0.16231562043547265,10,10,0,0,0,0,0,,,,0,0,0,0,0,0,0,0,0.31236141277419655,0.13740334241996963,0.22131500447813982,0.22088388880742243
2380,ks_toyota_ae86_drift,80,0.24024024024024024,9.3,0.16231562043547265,10,10,0,0,0,0,0,,,,0,0,0,0,0,0,0,0,0.3256380465406584,0.12005684972310576,0.21782628525635747,0.21824339370319104
2380,ks_toyota_ae86_drift,160,0.4804804804804805,9.3,0.16231562043547265,10,10,0,0,0,0,0,,,,0,0,0,0,0,0,0,0,0.3256380465406584,0.12005684972310576,0.21782628525635747,0.21824339370319104
2380,ks_toyota_ae86_drift,240,0.7207207207207207,9.3,0.16231562043547265,10,10,0,0,0,0,0,,,,0,0,0,0,0,0,0,0,0.3256380465406584,0.12005684972310576,0.21782628525635747,0.21824339370319104
2381,ks_toyota_ae86_drift,80,0.24024024024024024,9.3,0.16231562043547265,10,10,0,0,0,0,0,,,,0,0,0,0,0,0,0,0,0.20592185250240705,0.053212546405274765,0.10796478687017833,0.10804049258021704
2381,ks_toyota_ae86_drift,160,0.4804804804804805,9.3,0.16231562043547265,10,10,0,0,0,0,0,,,,0,0,0,0,0,0,0,0,0.20592185250240705,0.05488382165802548,0.10796478687017833,0.10804049258021704
2381,ks_toyota_ae86_drift,240,0.7207207207207207,9.3,0.16231562043547265,10,10,0,0,0,0,0,,,,0,0,0,0,0,0,0,0,0.20592185250240705,0.07696443252744824,0.10796478687017833,0.10804049258021704
2382,ks_toyota_ae86_drift,80,0.24024024024024024,9.3,0.16231562043547265,10,10,0,0,0,0,0,,,,0,0,0,0,0,0,0,0,0.19491586976879097,0.03273191735408741,0.10506257012273115,0.10572844686574129
2382,ks_toyota_ae86_drift,160,0.4804804804804805,9.3,0.16231562043547265,10,10,0,0,0,0,0,,,,0,0,0,0,0,0,0,0,0.19491586976879097,0.1075296491251743,0.10506257012273115,0.10572844686574129
2382,ks_toyota_ae86_drift,240,0.7207207207207207,9.3,0.16231562043547265,10,10,0,0,0,0,0,,,,0,0,0,0,0,0,0,0,0.19491586976879097,0.1075296491251743,0.10506257012273115,0.10572844686574129
2383,ks_toyota_ae86_drift,80,0.24024024024024024,9.3,0.16231562043547265,10,10,0,0,0,0,0,,,,0,0,0,0,0,0,0,0,0.2446981170810388,0.059856029286076175,0.139341782122931,0.14006580885537878
2383,ks_toyota_ae86_drift,160,0.4804804804804805,9.3,0.16231562043547265,10,10,0,0,0,0,0,,,,0,0,0,0,0,0,0,0,0.2446981170810388,0.09425629705116523,0.139341782122931,0.14006580885537878
2383,ks_toyota_ae86_drift,240,0.7207207207207207,9.3,0.16231562043547265,10,10,0,0,0,0,0,,,,0,0,0,0,0,0,0,0,0.2446981170810388,0.09425629705116523,0.139341782122931,0.14006580885537878
2384,ks_toyota_ae86_drift,80,0.24024024024024024,9.3,0.16231562043547265,10,10,0,0,0,0,0,,,,0,0,0,0,0,0,0,0,0.2990832849038538,0.10439716028718382,0.17725042591398601,0.17718038979456693
2384,ks_toyota_ae86_drift,160,0.4804804804804805,9.3,0.16231562043547265,10,10,0,0,0,0,0,,,,0,0,0,0,0,0,0,0,0.2990832849038538,0.10439716028718382,0.17725042591398601,0.17718038979456693
2384,ks_toyota_ae86_drift,240,0.7207207207207207,9.3,0.16231562043547265,10,10,0,0,0,0,0,,,,0,0,0,0,0,0,0,0,0.2990832849038538,0.10439716028718382,0.17725042591398601,0.17718038979456693
2385,ks_toyota_ae86_drift,80,0.24024024024024024,9.3,0.16231562043547265,10,10,0,0,0,0,0,,,,0,0,0,0,0,0,0,0,0.27340308096550164,0.07178893672515041,0.14494088305590183,0.14513555678746043
2385,ks_toyota_ae86_drift,160,0.4804804804804805,9.3,0.16231562043547265,10,10,0,0,0,0,0,,,,0,0,0,0,0,0,0,0,0.27340308096550164,0.07178893672515041,0.14494088305590183,0.14513555678746043
2385,ks_toyota_ae86_drift,240,0.7207207207207207,9.3,0.16231562043547265,10,10,0,0,0,0,0,,,,0,0,0,0,0,0,0,0,0.27340308096550164,0.07178893672515041,0.14494088305590183,0.14513555678746043
2386,ks_toyota_ae86_drift,80,0.24024024024024024,9.3,0.16231562043547265,10,10,0,0,0,0,0,,,,0,0,0,0,0,0,0,0,0.3025515802591922,0.11242236575768434,0.17486148721049471,0.1751671381758528
2386,ks_toyota_ae86_drift,160,0.4804804804804805,9.3,0.16231562043547265,10,10,0,0,0,0,0,,,,0,0,0,0,0,0,0,0,0.3025515802591922,0.11242236575768434,0.17486148721049471,0.1751671381758528
2386,ks_toyota_ae86_drift,240,0.7207207207207207,9.3,0.16231562043547265,10,10,0,0,0,0,0,,,,0,0,0,0,0,0,0,0,0.3025515802591922,0.11242236575768434,0.17486148721049471,0.1751671381758528
2387,ks_toyota_ae86_drift,80,0.24024024024024024,9.3,0.16231562043547265,10,10,0,0,0,0,0,,,,0,0,0,0,0,0,0,0,0.2980748448254984,0.11088579997805627,0.1587533398266659,0.15850868031616192
2387,ks_toyota_ae86_drift,160,0.4804804804804805,9.3,0.16231562043547265,10,10,0,0,0,0,0,,,,0,0,0,0,0,0,0,0,0.2980748448254984,0.11088579997805627,0.16279729206298946,0.16270205628079273
2387,ks_toyota_ae86_drift,240,0.7207207207207207,9.3,0.16231562043547265,10,10,0,0,0,0,0,,,,0,0,0,0,0,0,0,0,0.35187819258881936,0.14350001996593326,0.22943307117288345,0.22934478564177574
2388,ks_toyota_ae86_drift,80,0.24024024024024024,9.3,0.16231562043547265,10,10,0,0,0,0,0,,,,0,0,0,0,0,0,0,0,0.26301831194102615,0.055461082699650645,0.1332967045217127,0.13301741381768264
2388,ks_toyota_ae86_drift,160,0.4804804804804805,9.3,0.16231562043547265,10,10,0,0,0,0,0,,,,0,0,0,0,0,0,0,0,0.26301831194102615,0.055461082699650645,0.1332967045217127,0.13301741381768264
2388,ks_toyota_ae86_drift,240,0.7207207207207207,9.3,0.16231562043547265,10,10,0,0,0,0,0,,,,0,0,0,0,0,0,0,0,0.26301831194102615,0.055461082699650645,0.1332967045217127,0.13301741381768264
2389,ks_toyota_ae86_drift,80,0.24024024024024024,9.3,0.16231562043547265,10,10,0,0,0,0,0,,,,0,0,0,0,0,0,0,0,0.3470349748174721,0.15590647162387963,0.23769170369435444,0.23767540195379633
2389,ks_toyota_ae86_drift,160,0.4804804804804805,9.3,0.16231562043547265,10,10,0,0,0,0,0,,,,0,0,0,0,0,0,0,0,0.3470349748174721,0.15590647162387963,0.23769170369435444,0.23767540195379633
2389,ks_toyota_ae86_drift,240,0.7207207207207207,9.3,0.16231562043547265,10,10,0,0,0,0,0,,,,0,0,0,0,0,0,0,0,0.3470349748174721,0.15590647162387963,0.23769170369435444,0.23767540195379633
2390,ks_toyota_ae86_drift,80,0.24024024024024024,9.3,0.16231562043547265,10,10,0,0,0,0,0,,,,0,0,0,0,0,0,0,0,0.38414931563282223,0.19055181911618918,0.26595267860234,0.26600382497983577
2390,ks_toyota_ae86_drift,160,0.4804804804804805,9.3,0.16231562043547265,10,10,0,0,0,0,0,,,,0,0,0,0,0,0,0,0,0.38414931563282223,0.19055181911618918,0.26595267860234,0.26600382497983577
2390,ks_toyota_ae86_drift,240,0.7207207207207207,9.3,0.16231562043547265,10,10,0,0,0,0,0,,,,0,0,0,0,0,0,0,0,0.38414931563282223,0.19055181911618918,0.26595267860234,0.26600382497983577
2391,ks_toyota_ae86_drift,80,0.24024024024024024,9.3,0.16231562043547265,10,10,0,0,0,0,0,,,,0,0,0,0,0,0,0,0,0.3254912241539296,0.1669025825997109,0.21580921833666164,0.2157693711197655
2391,ks_toyota_ae86_drift,160,0.4804804804804805,9.3,0.16231562043547265,10,10,0,0,0,0,0,,,,0,0,0,0,0,0,0,0,0.3254912241539296,0.1669025825997109,0.21580921833666164,0.2157693711197655
2391,ks_toyota_ae86_drift,240,0.7207207207207207,9.3,0.16231562043547265,10,10,0,0,0,0,0,,,,0,0,0,0,0,0,0,0,0.3254912241539296,0.1669025825997109,0.21580921833666164,0.2157693711197655
2392,ks_toyota_ae86_drift,80,0.24024024024024024,9.3,0.16231562043547265,10,10,0,0,0,0,0,,,,0,0,0,0,0,0,0,0,0.3557342612621147,0.14864433968992968,0.24173685654986804,0.2412289412716277
2392,ks_toyota_ae86_drift,160,0.4804804804804805,9.3,0.16231562043547265,10,10,0,0,0,0,0,,,,0,0,0,0,0,0,0,0,0.3557342612621147,0.14864433968992968,0.24173685654986804,0.2412289412716277
2392,ks_toyota_ae86_drift,240,0.7207207207207207,9.3,0.16231562043547265,10,10,0,0,0,0,0,,,,0,0,0,0,0,0,0,0,0.3557342612621147,0.14864433968992968,0.24173685654986804,0.2412289412716277
2393,ks_toyota_ae86_drift,80,0.24024024024024024,9.3,0.16231562043547265,10,10,0,0,0,0,0,,,,0,0,0,0,0,0,0,0,0.34951211901079177,0.15241475085412218,0.24430850281365718,0.24420122081892037
2393,ks_toyota_ae86_drift,160,0.4804804804804805,9.3,0.16231562043547265,10,10,0,0,0,0,0,,,,0,0,0,0,0,0,0,0,0.34951211901079177,0.15241475085412218,0.24430850281365718,0.24420122081892037
2393,ks_toyota_ae86_drift,240,0.7207207207207207,9.3,0.16231562043547265,10,10,0,0,0,0,0,,,,0,0,0,0,0,0,0,0,0.34951211901079177,0.15241475085412218,0.24430850281365718,0.24420122081892037
2394,ks_toyota_ae86_drift,80,0.24024024024024024,9.3,0.16231562043547265,10,10,0,0,0,0,0,,,,0,0,0,0,0,0,0,0,0.3847821753481062,0.15863247749486842,0.2662993107027182,0.2655049276857339
2394,ks_toyota_ae86_drift,160,0.4804804804804805,9.3,0.16231562043547265,10,10,0,0,0,0,0,,,,0,0,0,0,0,0,0,0,0.3847821753481062,0.15863247749486842,0.2662993107027182,0.2655049276857339
2394,ks_toyota_ae86_drift,240,0.7207207207207207,9.3,0.16231562043547265,10,10,0,0,0,0,0,,,,0,0,0,0,0,0,0,0,0.3847821753481062,0.1823261502615914,0.2662993107027182,0.2655049276857339
2395,ks_toyota_ae86_drift,80,0.24024024024024024,9.3,0.16231562043547265,10,10,0,0,0,0,0,,,,0,0,0,0,0,0,0,0,0.36410180328433567,0.17585788107631,0.28334057932104706,0.2833707015225039
2395,ks_toyota_ae86_drift,160,0.4804804804804805,9.3,0.16231562043547265,10,10,0,0,0,0,0,,,,0,0,0,0,0,0,0,0,0.36410180328433567,0.17585788107631,0.28334057932104706,0.2833707015225039
2395,ks_toyota_ae86_drift,240,0.7207207207207207,9.3,0.16231562043547265,10,10,0,0,0,0,0,,,,0,0,0,0,0,0,0,0,0.36410180328433567,0.17585788107631,0.28334057932104706,0.2833707015225039
2396,ks_toyota_ae86_drift,80,0.24024024024024024,9.3,0.16231562043547265,10,10,0,0,0,0,0,,,,0,0,0,0,0,0,0,0,0.33582223211911766,0.13331672818175994,0.24763203017510307,0.2477710885577363
2396,ks_toyota_ae86_drift,160,0.4804804804804805,9.3,0.16231562043547265,10,10,0,0,0,0,0,,,,0,0,0,0,0,0,0,0,0.33582223211911766,0.1826872831737426,0.24763203017510307,0.2477710885577363
2396,ks_toyota_ae86_drift,240,0.7207207207207207,9.3,0.16231562043547265,10,10,0,0,0,0,0,,,,0,0,0,0,0,0,0,0,0.33582223211911766,0.1826872831737426,0.24763203017510307,0.2477710885577363
2397,ks_toyota_ae86_drift,80,0.24024024024024024,9.3,0.16231562043547265,10,10,0,0,0,0,0,,,,0,0,0,0,0,0,0,0,0.30377682548284257,0.12718719369062884,0.2068465960830033,0.20694632751705608
2397,ks_toyota_ae86_drift,160,0.4804804804804805,9.3,0.16231562043547265,10,10,0,0,0,0,0,,,,0,0,0,0,0,0,0,0,0.30377682548284257,0.1546314407244822,0.2068465960830033,0.20694632751705608
2397,ks_toyota_ae86_drift,240,0.7207207207207207,9.3,0.16231562043547265,10,10,0,0,0,0,0,,,,0,0,0,0,0,0,0,0,0.30377682548284257,0.2835231267987863,0.2068465960830033,0.20694632751705608
2398,ks_toyota_ae86_drift,80,0.24024024024024024,9.3,0.16231562043547265,10,10,0,0,0,0,0,,,,0,0,0,0,0,0,0,0,0.33891014463462454,0.14884272200076418,0.23055010058687142,0.23050829235863154
2398,ks_toyota_ae86_drift,160,0.4804804804804805,9.3,0.16231562043547265,10,10,0,0,0,0,0,,,,0,0,0,0,0,0,0,0,0.33891014463462454,0.14884272200076418,0.23055010058687142,0.23050829235863154
2398,ks_toyota_ae86_drift,240,0.7207207207207207,9.3,0.16231562043547265,10,10,0,0,0,0,0,,,,0,0,0,0,0,0,0,0,0.33891014463462454,0.1737980187525958,0.23055010058687142,0.23050829235863154
2399,ks_toyota_ae86_drift,80,0.24024024024024024,9.3,0.16231562043547265,10,10,0,0,0,0,0,,,,0,0,0,0,0,0,0,0,0.20214861321301134,0.0623405572874146,0.1601238066114584,0.15879749593243297
2399,ks_toyota_ae86_drift,160,0.4804804804804805,9.3,0.16231562043547265,10,10,0,0,0,0,0,,,,0,0,0,0,0,0,0,0,0.20214861321301134,0.19180076989873623,0.1601238066114584,0.15879749593243297
2399,ks_toyota_ae86_drift,240,0.7207207207207207,9.3,0.16231562043547265,10,10,0,0,0,0,0,,,,0,0,0,0,0,0,0,0,0.20214861321301134,0.22963944427143831,0.1601238066114584,0.15879749593243297
2400,ks_toyota_ae86_drift,80,0.24024024024024024,9.3,0.16231562043547265,10,10,0,0,0,0,0,,,,0,0,0,0,0,0,0,0,0.20621204216064,0.1519574750252751,0.12293046505340352,0.12293565439634714
2400,ks_toyota_ae86_drift,160,0.4804804804804805,9.3,0.16231562043547265,10,10,0,0,0,0,0,,,,0,0,0,0,0,0,0,0,0.20621204216064,0.32086323738271705,0.1762087153438533,0.1765722094737449
2400,ks_toyota_ae86_drift,240,0.7207207207207207,9.3,0.16231562043547265,10,10,0,0,0,0,0,,,,0,0,0,0,0,0,0,0,0.25224542275305,0.42194696884986455,0.31366253713065756,0.3137907098993011
2401,ks_toyota_ae86_drift,80,0.24024024024024024,9.3,0.16231562043547265,10,10,0,0,0,0,0,,,,0,0,0,0,0,0,0,0,0.24894190571143815,0.17401954633337163,0.19705353221601984,0.19722432696590983
2401,ks_toyota_ae86_drift,160,0.4804804804804805,9.3,0.16231562043547265,10,10,0,0,0,0,0,,,,0,0,0,0,0,0,0,0,0.3078287551666733,0.4457789662874935,0.29766081796791927,0.29780262443447636
2401,ks_toyota_ae86_drift,240,0.7207207207207207,9.3,0.16231562043547265,10,10,0,0,0,0,0,,,,0,0,0,0,0,0,0,0,0.587258330816374,0.7015510878493708,0.6080607391507057,0.6089481834951314
2402,ks_toyota_ae86_drift,80,0.24024024024024024,9.3,0.16231562043547265,10,10,0,0,0,0,0,,,,0,0,0,0,0,0,0,0,0.2490007627321766,0.26837646194276893,0.242959380370021,0.243204760252039
2402,ks_toyota_ae86_drift,160,0.4804804804804805,9.3,0.16231562043547265,10,10,0,0,0,0,0,,,,0,0,0,0,0,0,0,0,0.49098686782589723,0.6006326416240524,0.3832701689010211,0.383591748080967
2402,ks_toyota_ae86_drift,240,0.7207207207207207,9.3,0.16231562043547265,10,10,0,0,0,0,0,,,,0,0,0,0,0,0,0,0,0.6982609643818346,0.7837679425186656,0.5047015675141655,0.5048796860411148
2403,ks_toyota_ae86_drift,80,0.24024024024024024,9.3,0.16231562043547265,10,10,0,0,0,0,0,,,,0,0,0,0,0,0,0,0,0.16625203376169365,0.1478931389431473,0.11004960873283216,0.10972026554879061
2403,ks_toyota_ae86_drift,160,0.4804804804804805,9.3,0.16231562043547265,10,10,0,0,0,0,0,,,,0,0,0,0,0,0,0,0,0.16625203376169365,0.26646822448254376,0.13729071099973053,0.13731289577431985
2403,ks_toyota_ae86_drift,240,0.7207207207207207,9.3,0.16231562043547265,10,10,0,0,0,0,0,,,,0,0,0,0,0,0,0,0,0.19926175105098348,0.300905077782396,0.1694846075493873,0.1695837786944847
2404,ks_toyota_ae86_drift,80,0.24024024024024024,9.3,0.16231562043547265,10,10,0,0,0,0,0,,,,0,0,0,0,0,0,0,0,0.0605454314951045,0.21827621062771885,0.05196223825603228,0.05198917214652887
2404,ks_toyota_ae86_drift,160,0.4804804804804805,9.3,0.16231562043547265,10,10,0,0,0,0,0,,,,0,0,0,0,0,0,0,0,0.16337073446857964,0.27720210688705677,0.1929790042109899,0.19317582571687733
2404,ks_toyota_ae86_drift,240,0.7207207207207207,9.3,0.16231562043547265,10,10,0,0,0,0,0,,,,0,0,0,0,0,0,0,0,0.289636946518741,0.37464849581690807,0.32255867176161407,0.3229484194311279
2405,ks_toyota_ae86_drift,80,0.24024024024024024,9.3,0.16231562043547265,10,10,0,0,0,0,0,,,,0,0,0,0,0,0,0,0,0.18415330590584916,0.23787667909090013,0.14797920999886002,0.14800767801387724
2405,ks_toyota_ae86_drift,160,0.4804804804804805,9.3,0.16231562043547265,10,10,0,0,0,0,0,,,,0,0,0,0,0,0,0,0,0.36029183838793793,0.5028536811785597,0.3807761893586144,0.38102941328600737
2405,ks_toyota_ae86_drift,240,0.7207207207207207,9.3,0.16231562043547265,10,10,0,0,0,0,0,,,,0,0,0,0,0,0,0,0,0.6172640455313276,0.745963325710321,0.6664159544285906,0.6676508846470406
2406,ks_toyota_ae86_drift,80,0.24024024024024024,9.3,0.16231562043547265,10,10,0,0,0,0,0,,,,0,0,0,0,0,0,0,0,0.35091260127533525,0.383221156957641,0.19222517544220263,0.19226367529756327
2406,ks_toyota_ae86_drift,160,0.4804804804804805,9.3,0.16231562043547265,10,10,0,0,0,0,0,,,,0,0,0,0,0,0,0,0,0.6370238895218803,0.7217522260933298,0.4358547281038915,0.43651811022702897
2406,ks_toyota_ae86_drift,240,0.7207207207207207,9.3,0.16231562043547265,10,10,0,0,0,0,0,,,,0,0,0,0,0,0,0,0,0.8070711605845738,0.9400087332261188,0.5654107968173246,0.5657577490828202
2407,ks_toyota_ae86_drift,80,0.24024024024024024,9.3,0.16231562043547265,10,10,0,0,0,0,0,,,,0,0,0,0,0,0,0,0,0.24136847990193694,0.3242695541074229,0.16914651318547166,0.16913214577583086
2407,ks_toyota_ae86_drift,160,0.4804804804804805,9.3,0.16231562043547265,10,10,0,0,0,0,0,,,,0,0,0,0,0,0,0,0,0.33262002065671886,0.4131146537989654,0.16914651318547166,0.16913214577583086
2407,ks_toyota_ae86_drift,240,0.7207207207207207,9.3,0.16231562043547265,10,10,0,0,0,0,0,,,,0,0,0,0,0,0,0,0,0.3376369546846519,0.4277861135795643,0.16914651318547166,0.16913214577583086
2408,ks_toyota_ae86_drift,80,0.24024024024024024,9.3,0.16231562043547265,10,10,0,0,0,0,0,,,,0,0,0,0,0,0,0,0,0.482831621956902,0.5679573901606816,0.1915185443477972,0.19179071137796636
2408,ks_toyota_ae86_drift,160,0.4804804804804805,9.3,0.16231562043547265,10,10,0,0,0,0,0,,,,0,0,0,0,0,0,0,0,0.9237145699091128,1.0622563127646532,0.86035709483784,0.8630708677333035
2408,ks_toyota_ae86_drift,240,0.7207207207207207,9.3,0.16231562043547265,10,10,0,0,0,0,0,,,,0,0,0,0,0,0,0,0,1.8471759959321121,1.9697853620532457,1.7680922237402963,1.7729643897743368
2409,ks_toyota_ae86_drift,80,0.24024024024024024,9.3,0.16231562043547265,10,10,0,0,0,0,0,,,,0,0,0,0,0,0,0,0,0.4735365882701609,0.557583453389343,0.1398311945254315,0.1399959995195845
2409,ks_toyota_ae86_drift,160,0.4804804804804805,9.3,0.16231562043547265,10,10,0,0,0,0,0,,,,0,0,0,0,0,0,0,0,0.9079265876426285,1.006806275761551,0.6725350035121287,0.6753129695136197
2409,ks_toyota_ae86_drift,240,0.7207207207207207,9.3,0.16231562043547265,10,10,0,0,0,0,0,,,,0,0,0,0,0,0,0,0,1.0183039387339154,1.137891052869024,0.789631393116857,0.7924353458537059
2410,ks_toyota_ae86_drift,80,0.24024024024024024,9.3,0.16231562043547265,10,10,0,0,0,0,0,,,,0,0,0,0,0,0,0,0,1.3586695539919873,1.4681331538383735,0.6157573484891051,0.617682821504814
2410,ks_toyota_ae86_drift,160,0.4804804804804805,9.3,0.16231562043547265,10,10,0,0,0,0,0,,,,0,0,0,0,0,0,0,0,2.0945398344605866,2.184622132206827,1.3632773703608072,1.368197774605861
2410,ks_toyota_ae86_drift,240,0.7207207207207207,9.3,0.16231562043547265,10,10,0,0,0,0,0,,,,0,0,0,0,0,0,0,0,2.5945013574124687,2.6647707704803834,1.8418300922461077,1.8477896457403555
2411,ks_toyota_ae86_drift,80,0.24024024024024024,9.3,0.16231562043547265,10,10,0,0,0,0,0,,,,0,0,0,0,0,0,0,0,1.418289634926794,1.5114513874933582,0.32841313105609343,0.3292438794943227
2411,ks_toyota_ae86_drift,160,0.4804804804804805,9.3,0.16231562043547265,10,10,0,0,0,0,0,,,,0,0,0,0,0,0,0,0,1.6511393214689911,1.7160511981849709,0.46923602369228584,0.46943388573480466
2411,ks_toyota_ae86_drift,240,0.7207207207207207,9.3,0.16231562043547265,10,10,0,0,0,0,0,,,,0,0,0,0,0,0,0,0,1.6608264507027732,1.7578631616845561,0.46923602369228584,0.46943388573480466
2412,ks_toyota_ae86_drift,80,0.24024024024024024,9.3,0.16231562043547265,10,10,0,0,0,0,0,,,,0,0,0,0,0,0,0,0,2.1427257518379688,2.2305741508387915,1.266785793852156,1.2765115563434313
2412,ks_toyota_ae86_drift,160,0.4804804804804805,9.3,0.16231562043547265,10,10,0,0,0,0,0,,,,0,0,0,0,0,0,0,0,3.799378530071041,3.934521933649383,3.3611715221695944,3.401442104072578
2412,ks_toyota_ae86_drift,240,0.7207207207207207,9.3,0.16231562043547265,10,10,0,0,0,0,0,,,,0,0,0,0,0,0,0,0,5.851455932235305,6.034015789692344,5.727444456343614,5.815302887184781
2413,ks_toyota_ae86_drift,80,0.24024024024024024,9.3,0.16231562043547265,10,10,0,0,0,0,0,,,,0,0,0,0,0,0,0,0,2.7401675211808616,2.8904636994328765,0.8366449191953771,0.8368678074779016
2413,ks_toyota_ae86_drift,160,0.4804804804804805,9.3,0.16231562043547265,10,10,0,0,0,0,0,,,,0,0,0,0,0,0,0,0,3.024739242099803,3.1070391796170487,1.3567305273196442,1.3622922222947387
2413,ks_toyota_ae86_drift,240,0.7207207207207207,9.3,0.16231562043547265,10,10,0,0,0,0,0,,,,0,0,0,0,0,0,0,0,3.415934698274287,3.5167832951431715,1.6438953722456637,1.6562484096898664
2414,ks_toyota_ae86_drift,80,0.24024024024024024,9.3,0.16231562043547265,10,10,0,0,0,0,0,,,,0,0,0,0,0,0,0,0,4.178008786050229,4.245670347515667,1.881224915831449,1.9012412120809943
2414,ks_toyota_ae86_drift,160,0.4804804804804805,9.3,0.16231562043547265,10,10,0,0,0,0,0,,,,0,0,0,0,0,0,0,0,6.395773770874308,6.571920507587528,4.581271265497421,4.655810827457063
2414,ks_toyota_ae86_drift,240,0.7207207207207207,9.3,0.16231562043547265,10,10,0,0,0,0,0,,,,0,0,0,0,0,0,0,0,8.857451641148712,9.022302525635201,6.54239317291874,6.610400085824088
2415,ks_toyota_ae86_drift,80,0.24024024024024024,9.3,0.16231562043547265,10,10,0,0,0,0,0,,,,0,0,0,0,0,0,0,0,5.227516870894171,5.346848813430755,1.4669463017483781,1.454487929980569
2415,ks_toyota_ae86_drift,160,0.4804804804804805,9.3,0.16231562043547265,10,10,0,0,0,0,0,,,,0,0,0,0,0,0,0,0,5.227516870894171,5.346848813430755,1.4669463017483781,1.454487929980569
2415,ks_toyota_ae86_drift,240,0.7207207207207207,9.3,0.16231562043547265,10,10,0,0,0,0,0,,,,0,0,0,0,0,0,0,0,5.227516870894171,5.346848813430755,1.4669463017483781,1.454487929980569
2416,ks_toyota_ae86_drift,80,0.24024024024024024,9.3,0.16231562043547265,10,10,0,0,0,0,0,,,,0,0,0,0,0,0,0,0,6.6312739977012924,6.794025452791649,2.1949442555900087,2.11704552121919
2416,ks_toyota_ae86_drift,160,0.4804804804804805,9.3,0.16231562043547265,10,10,0,0,0,0,0,,,,0,0,0,0,0,0,0,0,6.6312739977012924,6.794025452791649,2.1949442555900087,2.11704552121919
2416,ks_toyota_ae86_drift,240,0.7207207207207207,9.3,0.16231562043547265,10,10,0,0,0,0,0,,,,0,0,0,0,0,0,0,0,6.6312739977012924,6.794025452791649,2.1949442555900087,2.11704552121919
2417,ks_toyota_ae86_drift,80,0.24024024024024024,9.3,0.16231562043547265,10,10,0,0,0,0,0,,,,0,0,0,0,0,0,0,0,7.699978756094379,7.855909413524831,2.471919525491427,2.3548317269840138
2417,ks_toyota_ae86_drift,160,0.4804804804804805,9.3,0.16231562043547265,10,10,0,0,0,0,0,,,,0,0,0,0,0,0,0,0,7.699978756094379,7.855909413524831,2.471919525491427,2.3548317269840138
2417,ks_toyota_ae86_drift,240,0.7207207207207207,9.3,0.16231562043547265,10,10,0,0,0,0,0,,,,0,0,0,0,0,0,0,0,7.699978756094379,7.855909413524831,2.471919525491427,2.3548317269840138
2418,ks_toyota_ae86_drift,80,0.24024024024024024,9.3,0.16231562043547265,10,10,0,0,0,0,0,,,,0,0,0,0,0,0,0,0,8.917827952090686,9.123487509320709,3.2299793830261048,3.153129723023118
2418,ks_toyota_ae86_drift,160,0.4804804804804805,9.3,0.16231562043547265,10,10,0,0,0,0,0,,,,0,0,0,0,0,0,0,0,8.917827952090686,9.123487509320709,3.2299793830261048,3.153129723023118
2418,ks_toyota_ae86_drift,240,0.7207207207207207,9.3,0.16231562043547265,10,10,0,0,0,0,0,,,,0,0,0,0,0,0,0,0,8.917827952090686,9.123487509320709,3.2299793830261048,3.153129723023118
2419,ks_toyota_ae86_drift,80,0.24024024024024024,9.3,0.16231562043547265,10,10,0,1,1,1,1,9,14,24,47,52,0,0,47,52,0,0,9.787581679679171,9.980648075626982,4.110707943950331,4.021025852600771
2419,ks_toyota_ae86_drift,160,0.4804804804804805,9.3,0.16231562043547265,10,10,0,1,1,1,1,9,14,24,47,52,0,0,47,52,0,0,9.787581679679171,9.980648075626982,4.110707943950331,4.021025852600771
2419,ks_toyota_ae86_drift,240,0.7207207207207207,9.3,0.16231562043547265,10,10,0,1,1,1,1,9,14,24,47,52,0,0,47,52,0,0,9.787581679679171,9.980648075626982,4.110707943950331,4.021025852600771
2420,ks_toyota_ae86_drift,80,0.24024024024024024,9.3,0.16231562043547265,10,10,0,1,1,1,1,11,16,26,10,27,0,0,10,27,0,0,9.380657791950028,9.555892271522229,3.912105679680224,3.754173349936135
2420,ks_toyota_ae86_drift,160,0.4804804804804805,9.3,0.16231562043547265,10,10,0,1,1,1,1,11,16,26,10,27,0,0,10,27,0,0,9.380657791950028,9.555892271522229,3.912105679680224,3.754173349936135
2420,ks_toyota_ae86_drift,240,0.7207207207207207,9.3,0.16231562043547265,10,10,0,1,1,1,1,11,16,26,10,27,0,0,10,27,0,0,9.380657791950028,9.555892271522229,3.912105679680224,3.754173349936135
2421,ks_toyota_ae86_drift,80,0.24024024024024024,9.3,0.16231562043547265,10,10,0,1,1,1,1,10,15,25,14,30,0,0,14,30,0,0,9.414147916997894,9.617530459913363,4.304529502688252,4.1785201964643335
2421,ks_toyota_ae86_drift,160,0.4804804804804805,9.3,0.16231562043547265,10,10,0,1,1,1,1,10,15,25,14,30,0,0,14,30,0,0,9.414147916997894,9.617530459913363,4.304529502688252,4.1785201964643335
2421,ks_toyota_ae86_drift,240,0.7207207207207207,9.3,0.16231562043547265,10,10,0,1,1,1,1,10,15,25,14,30,0,0,14,30,0,0,9.414147916997894,9.617530459913363,4.304529502688252,4.1785201964643335
2422,ks_toyota_ae86_drift,80,0.24024024024024024,9.3,0.16231562043547265,10,10,0,0,0,0,0,,,,0,0,0,0,0,0,0,0,9.050200433300118,9.269779916058626,4.060459096000193,3.884109588045988
2422,ks_toyota_ae86_drift,160,0.4804804804804805,9.3,0.16231562043547265,10,10,0,0,0,0,0,,,,0,0,0,0,0,0,0,0,9.050200433300118,9.269779916058626,4.060459096000193,3.884109588045988
2422,ks_toyota_ae86_drift,240,0.7207207207207207,9.3,0.16231562043547265,10,10,0,1,1,1,1,208,213,223,30,37,0,0,30,37,0,0,10.14469982798058,10.396527195131657,6.579140017540231,6.745770593192332
2423,ks_toyota_ae86_drift,80,0.24024024024024024,9.3,0.16231562043547265,10,10,0,0,0,0,0,,,,0,0,0,0,0,0,0,0,9.074050600108157,9.27211584075477,3.954347411488991,3.8321335560094836
2423,ks_toyota_ae86_drift,160,0.4804804804804805,9.3,0.16231562043547265,10,10,0,0,0,0,0,,,,0,0,0,0,0,0,0,0,9.074050600108157,9.27211584075477,4.12052847531634,4.214896930210175
2423,ks_toyota_ae86_drift,240,0.7207207207207207,9.3,0.16231562043547265,10,10,0,1,1,1,1,205,210,220,32,40,0,0,32,40,0,0,10.625697971032157,10.941041828596122,7.195967998181736,7.398305522154194
2424,ks_toyota_ae86_drift,80,0.24024024024024024,9.3,0.16231562043547265,10,10,0,0,1,0,0,12,,,0,8,0,0,0,8,0,0,9.122575679066511,9.396262212882569,3.6619021900043167,3.619283944017553
2424,ks_toyota_ae86_drift,160,0.4804804804804805,9.3,0.16231562043547265,10,10,0,0,1,0,0,12,,,0,8,0,0,0,8,0,0,9.122575679066511,9.396262212882569,3.984316574019714,4.095189754156062
2424,ks_toyota_ae86_drift,240,0.7207207207207207,9.3,0.16231562043547265,10,10,0,1,1,1,1,12,199,209,43,51,0,0,43,59,0,0,10.435510499819506,10.730069237965475,6.362465499613094,6.52143943320561
2425,ks_toyota_ae86_drift,80,0.24024024024024024,9.3,0.16231562043547265,10,10,0,0,0,0,0,,,,0,0,0,0,0,0,0,0,9.014863595855411,9.221497308815806,3.4095111188033016,3.4163558221253005
2425,ks_toyota_ae86_drift,160,0.4804804804804805,9.3,0.16231562043547265,10,10,0,0,0,0,0,,,,0,0,0,0,0,0,0,0,9.014863595855411,9.221497308815806,4.189930454359662,4.301789316170607
2425,ks_toyota_ae86_drift,240,0.7207207207207207,9.3,0.16231562043547265,10,10,0,1,1,1,1,182,187,197,54,63,0,0,54,63,0,0,10.891396598613884,11.221713084612164,6.745660029505142,6.926699316098208
2426,ks_toyota_ae86_drift,80,0.24024024024024024,9.3,0.16231562043547265,10,10,0,0,0,0,0,,,,0,3,0,0,0,3,0,0,9.158451247682004,9.34344436003086,2.752353218990399,2.8328933155793083
2426,ks_toyota_ae86_drift,160,0.4804804804804805,9.3,0.16231562043547265,10,10,0,1,1,1,1,144,149,159,9,21,0,0,9,24,0,0,9.538782647651347,9.796089534064068,4.41247466610478,4.542646545740999
2426,ks_toyota_ae86_drift,240,0.7207207207207207,9.3,0.16231562043547265,10,10,0,1,1,1,1,144,149,159,89,101,0,0,89,104,0,0,11.965633383347857,12.25434889465888,7.027216648792347,7.219878782918658
2427,ks_toyota_ae86_drift,80,0.24024024024024024,9.3,0.16231562043547265,10,10,0,1,1,1,0,12,17,,0,13,0,0,0,13,0,0,9.232511842626097,9.48949258750595,2.3074244511720132,2.299502285508445
2427,ks_toyota_ae86_drift,160,0.4804804804804805,9.3,0.16231562043547265,10,10,0,1,1,1,1,12,17,140,32,40,0,0,32,53,0,0,10.167117362610208,10.433100296816137,4.720450030214771,4.8603041298863054
2427,ks_toyota_ae86_drift,240,0.7207207207207207,9.3,0.16231562043547265,10,10,0,1,1,1,1,12,17,140,112,120,0,0,112,133,0,0,12.816024378413001,13.15494861031279,7.337159961156948,7.53696348494733
2428,ks_toyota_ae86_drift,80,0.24024024024024024,9.3,0.16231562043547265,10,10,0,1,1,1,1,11,16,26,9,32,0,0,9,32,0,0,9.434328564674342,9.66350190189578,2.160632159964215,2.223183245826603
2428,ks_toyota_ae86_drift,160,0.4804804804804805,9.3,0.16231562043547265,10,10,0,1,1,1,1,11,16,26,52,61,0,0,61,93,0,0,10.91384230777384,11.193822007136417,5.07134203420089,5.227004606706419
2428,ks_toyota_ae86_drift,240,0.7207207207207207,9.3,0.16231562043547265,10,10,0,1,1,1,1,11,16,26,132,141,0,0,141,173,0,0,13.66118515612121,14.0462891507731,7.74718816986386,7.962269119280269
2429,ks_toyota_ae86_drift,80,0.24024024024024024,9.3,0.16231562043547265,10,10,0,1,1,1,1,11,16,26,9,41,0,0,9,41,0,0,9.409614378936297,9.646186518576151,1.9979645881346026,2.044057906305022
2429,ks_toyota_ae86_drift,160,0.4804804804804805,9.3,0.16231562043547265,10,10,0,1,1,1,1,11,16,26,48,58,0,0,57,99,0,0,10.794028836900766,11.067293606535577,4.949471822613999,5.116232598747152
2429,ks_toyota_ae86_drift,240,0.7207207207207207,9.3,0.16231562043547265,10,10,0,1,1,1,1,11,16,26,128,138,0,0,137,179,0,0,13.656197410479807,14.027860446618758,7.792793342952035,8.015376401398058
2430,ks_toyota_ae86_drift,80,0.24024024024024024,9.3,0.16231562043547265,10,10,0,1,1,1,1,10,15,25,14,40,0,0,14,40,0,0,9.608876610234956,9.795330529292551,2.354948480530139,2.330957441070469
2430,ks_toyota_ae86_drift,160,0.4804804804804805,9.3,0.16231562043547265,10,10,0,1,1,1,1,10,15,25,45,54,0,0,59,94,0,0,10.52662436957383,10.802385573350278,4.686863428744879,4.82385311783324
2430,ks_toyota_ae86_drift,240,0.7207207207207207,9.3,0.16231562043547265,10,10,0,1,1,1,1,10,15,25,125,134,0,0,139,174,0,0,13.123002108017348,13.476353406991494,7.257969040372527,7.4543736912771825
2431,ks_toyota_ae86_drift,80,0.24024024024024024,9.3,0.16231562043547265,10,10,0,1,1,1,1,10,15,25,12,23,0,0,12,23,0,0,9.52402943904412,9.746228299349328,2.6871116789252603,2.722894613100134
2431,ks_toyota_ae86_drift,160,0.4804804804804805,9.3,0.16231562043547265,10,10,0,1,1,1,1,10,15,25,20,30,0,0,32,53,0,0,9.824784866314584,10.114599184308334,4.468331099363498,4.598822717230238
2431,ks_toyota_ae86_drift,240,0.7207207207207207,9.3,0.16231562043547265,10,10,0,1,1,1,1,10,15,25,100,110,0,0,112,133,0,0,12.457072324319444,12.80246559913688,7.2395224069716155,7.460237408679639
2432,ks_toyota_ae86_drift,80,0.24024024024024024,9.3,0.16231562043547265,10,10,0,1,1,1,1,10,15,25,10,21,0,0,10,21,0,0,9.484702063576833,9.701972088622231,2.9384803561848893,2.9554081262691194
2432,ks_toyota_ae86_drift,160,0.4804804804804805,9.3,0.16231562043547265,10,10,0,1,1,1,1,10,15,25,10,21,0,0,20,39,0,0,9.51552243843287,9.755064856588033,4.314446937363111,4.441242569115228
2432,ks_toyota_ae86_drift,240,0.7207207207207207,9.3,0.16231562043547265,10,10,0,1,1,1,1,10,15,25,90,98,0,0,100,119,0,0,11.821822042825946,12.171841063258773,7.119492931366042,7.352589358492006
2433,ks_toyota_ae86_drift,80,0.24024024024024024,9.3,0.16231562043547265,10,10,0,1,1,1,0,10,15,,7,18,0,0,7,18,0,0,9.424910587582541,9.64326234383774,3.0395931959972886,3.0885769648470927
2433,ks_toyota_ae86_drift,160,0.4804804804804805,9.3,0.16231562043547265,10,10,0,1,1,1,0,10,15,,7,18,0,0,7,21,0,0,9.424910587582541,9.64326234383774,4.184477402081054,4.315739977550359
2433,ks_toyota_ae86_drift,240,0.7207207207207207,9.3,0.16231562043547265,10,10,0,1,1,1,1,10,15,177,72,83,0,0,79,101,0,0,11.447076883824026,11.781654554090746,6.906036286311627,7.132153113879484
2434,ks_toyota_ae86_drift,80,0.24024024024024024,9.3,0.16231562043547265,10,10,0,1,1,1,0,10,15,,6,14,0,0,6,14,0,0,9.407401397645213,9.61545152108474,3.2033762230957286,3.210899036136263
2434,ks_toyota_ae86_drift,160,0.4804804804804805,9.3,0.16231562043547265,10,10,0,1,1,1,0,10,15,,6,14,0,0,6,14,0,0,9.407401397645213,9.61545152108474,4.117997036455204,4.254485987300038
2434,ks_toyota_ae86_drift,240,0.7207207207207207,9.3,0.16231562043547265,10,10,0,1,1,1,1,10,15,190,63,70,0,0,69,84,0,0,11.326892021414835,11.67165008863946,6.76440932566365,6.976404310235683
2435,ks_toyota_ae86_drift,80,0.24024024024024024,9.3,0.16231562043547265,10,10,0,1,1,1,0,10,15,,9,17,0,0,9,17,0,0,9.476126761073882,9.697682729823462,3.077624543069566,3.074499304637462
2435,ks_toyota_ae86_drift,160,0.4804804804804805,9.3,0.16231562043547265,10,10,0,1,1,1,0,10,15,,9,17,0,0,9,17,0,0,9.476126761073882,9.697682729823462,4.108801040511428,4.240312064111793
2435,ks_toyota_ae86_drift,240,0.7207207207207207,9.3,0.16231562043547265,10,10,0,1,1,1,1,10,15,185,67,75,0,0,76,92,0,0,11.426762193685116,11.754650547433455,6.96255311348572,7.205647230009291
2436,ks_toyota_ae86_drift,80,0.24024024024024024,9.3,0.16231562043547265,10,10,0,0,0,0,0,,,,0,0,0,0,0,0,0,0,5.759631295920476,5.977111776169675,2.9682563524281482,2.946973269530977
2436,ks_toyota_ae86_drift,160,0.4804804804804805,9.3,0.16231562043547265,10,10,0,0,0,0,0,,,,0,0,0,0,0,0,0,0,5.759631295920476,5.977111776169675,3.3788614986765158,3.470403962801258
2436,ks_toyota_ae86_drift,240,0.7207207207207207,9.3,0.16231562043547265,10,10,0,0,0,0,0,,,,0,0,0,0,0,0,0,0,7.033793694076246,7.354715254871173,6.208037056913222,6.425727992366221
2437,ks_toyota_ae86_drift,80,0.24024024024024024,9.3,0.16231562043547265,10,10,0,0,0,0,0,,,,0,0,0,0,0,0,0,0,2.2450182933860763,2.4330869118521425,3.1279079688523765,3.1062976772052795
2437,ks_toyota_ae86_drift,160,0.4804804804804805,9.3,0.16231562043547265,10,10,0,0,0,0,0,,,,0,0,0,0,0,0,0,0,2.2450182933860763,2.4330869118521425,3.1279079688523765,3.1062976772052795
2437,ks_toyota_ae86_drift,240,0.7207207207207207,9.3,0.16231562043547265,10,10,0,0,0,0,0,,,,0,0,0,0,0,0,0,0,2.3976352418520146,2.4330869118521425,3.1279079688523765,3.1062976772052795
2438,ks_toyota_ae86_drift,80,0.24024024024024024,9.3,0.16231562043547265,10,10,0,0,0,0,0,,,,0,0,0,0,0,0,0,0,2.6037618132665368,2.7437190061058563,3.9205776755719786,3.924752628702149
2438,ks_toyota_ae86_drift,160,0.4804804804804805,9.3,0.16231562043547265,10,10,0,0,0,0,0,,,,0,0,0,0,0,0,0,0,3.6041405608539883,3.366163750122639,3.9205776755719786,3.924752628702149
2438,ks_toyota_ae86_drift,240,0.7207207207207207,9.3,0.16231562043547265,10,10,0,0,0,0,0,,,,0,0,0,0,0,0,0,0,5.3390816076839815,5.075821357635949,4.898107946281857,4.767431486420703
2439,ks_toyota_ae86_drift,80,0.24024024024024024,9.3,0.16231562043547265,10,10,0,0,0,0,0,,,,0,0,0,0,0,0,0,0,2.4726561187047307,2.6520128308844457,2.39993850970619,2.400274683079401
2439,ks_toyota_ae86_drift,160,0.4804804804804805,9.3,0.16231562043547265,10,10,0,0,0,0,0,,,,0,0,0,0,0,0,0,0,2.4726561187047307,2.6520128308844457,2.39993850970619,2.400274683079401
2439,ks_toyota_ae86_drift,240,0.7207207207207207,9.3,0.16231562043547265,10,10,0,0,0,0,0,,,,0,0,0,0,0,0,0,0,2.4726561187047307,2.6520128308844457,2.39993850970619,2.400274683079401
2440,ks_toyota_ae86_drift,80,0.24024024024024024,9.3,0.16231562043547265,10,10,0,0,0,0,0,,,,0,0,0,0,0,0,0,0,2.601428023004508,2.7933507891531657,1.2593593505119425,1.2847473771002913
2440,ks_toyota_ae86_drift,160,0.4804804804804805,9.3,0.16231562043547265,10,10,0,0,0,0,0,,,,0,0,0,0,0,0,0,0,3.913490500534444,4.09442733428996,3.1227375156506767,3.199957286529314
2440,ks_toyota_ae86_drift,240,0.7207207207207207,9.3,0.16231562043547265,10,10,0,0,0,0,0,,,,0,0,0,0,0,0,0,0,5.735416140878665,5.956297201560885,5.439831166809901,5.591586017336537
2441,ks_toyota_ae86_drift,80,0.24024024024024024,9.3,0.16231562043547265,10,10,0,0,0,0,0,,,,0,0,0,0,0,0,0,0,2.5409804219630723,2.688141543386051,1.3413688982677567,1.3720219334891277
2441,ks_toyota_ae86_drift,160,0.4804804804804805,9.3,0.16231562043547265,10,10,0,0,0,0,0,,,,0,0,0,0,0,0,0,0,4.102414386750643,4.332718547166541,3.32812535941778,3.4068445702626464
2441,ks_toyota_ae86_drift,240,0.7207207207207207,9.3,0.16231562043547265,10,10,0,0,0,0,0,,,,0,0,0,0,0,0,0,0,6.0224864303733625,6.313896878198779,5.643600469187122,5.799534968598983
2442,ks_toyota_ae86_drift,80,0.24024024024024024,9.3,0.16231562043547265,10,10,0,0,0,0,0,,,,0,0,0,0,0,0,0,0,1.2286236059685909,1.4469110090352035,0.6640062850337513,0.6365076232701625
2442,ks_toyota_ae86_drift,160,0.4804804804804805,9.3,0.16231562043547265,10,10,0,0,0,0,0,,,,0,0,0,0,0,0,0,0,1.6100820938726925,1.7604431589218226,1.4318844861394697,1.4521656656627648
2442,ks_toyota_ae86_drift,240,0.7207207207207207,9.3,0.16231562043547265,10,10,0,0,0,0,0,,,,0,0,0,0,0,0,0,0,2.1043945167724454,2.2615964431621665,2.1408369910890483,2.1731975736029225
2443,ks_toyota_ae86_drift,80,0.24024024024024024,9.3,0.16231562043547265,10,10,0,0,0,0,0,,,,0,0,0,0,0,0,0,0,1.629385916014441,1.830771589093034,1.2732377612968795,1.226633139434061
2443,ks_toyota_ae86_drift,160,0.4804804804804805,9.3,0.16231562043547265,10,10,0,0,0,0,0,,,,0,0,0,0,0,0,0,0,1.629385916014441,1.830771589093034,1.2732377612968795,1.226633139434061
2443,ks_toyota_ae86_drift,240,0.7207207207207207,9.3,0.16231562043547265,10,10,0,0,0,0,0,,,,0,0,0,0,0,0,0,0,1.8435269673680328,2.0903140817984642,1.9089913423548432,1.9311920184783233
2444,ks_toyota_ae86_drift,80,0.24024024024024024,9.3,0.16231562043547265,10,10,0,0,0,0,0,,,,0,0,0,0,0,0,0,0,2.187827198474855,2.3441879443796068,1.311733774676129,1.2513650409752657
2444,ks_toyota_ae86_drift,160,0.4804804804804805,9.3,0.16231562043547265,10,10,0,0,0,0,0,,,,0,0,0,0,0,0,0,0,2.2766292626385414,2.4141017607238573,1.8871014398385986,1.9170936542577708
2444,ks_toyota_ae86_drift,240,0.7207207207207207,9.3,0.16231562043547265,10,10,0,0,0,0,0,,,,0,0,0,0,0,0,0,0,3.28964023165252,3.5195373554825675,3.0431212021470118,3.0991801932033027
2445,ks_toyota_ae86_drift,80,0.24024024024024024,9.3,0.16231562043547265,10,10,0,0,0,0,0,,,,0,0,0,0,0,0,0,0,2.508523576470583,2.717931413451062,1.3917255351407334,1.32570898204821
2445,ks_toyota_ae86_drift,160,0.4804804804804805,9.3,0.16231562043547265,10,10,0,0,0,0,0,,,,0,0,0,0,0,0,0,0,2.7458128859732884,3.0174642368600937,2.300209636974364,2.3435237084828233
2445,ks_toyota_ae86_drift,240,0.7207207207207207,9.3,0.16231562043547265,10,10,0,0,0,0,0,,,,0,0,0,0,0,0,0,0,3.772848367787419,3.9967304428362125,3.575209160190284,3.6454264930657767
2446,ks_toyota_ae86_drift,80,0.24024024024024024,9.3,0.16231562043547265,10,10,0,0,0,0,0,,,,0,0,0,0,0,0,0,0,3.3884359297889928,3.567444302321037,1.7769256860495328,1.7504707625684865
2446,ks_toyota_ae86_drift,160,0.4804804804804805,9.3,0.16231562043547265,10,10,0,0,0,0,0,,,,0,0,0,0,0,0,0,0,3.6963929377655886,3.9094235497705245,2.711605164175749,2.7577226014516754
2446,ks_toyota_ae86_drift,240,0.7207207207207207,9.3,0.16231562043547265,10,10,0,0,0,0,0,,,,0,0,0,0,0,0,0,0,4.947949971089555,5.188303047321835,4.636557377960442,4.747983376532738
2447,ks_toyota_ae86_drift,80,0.24024024024024024,9.3,0.16231562043547265,10,10,0,0,0,0,0,,,,0,0,0,0,0,0,0,0,3.5347456254432474,3.734189497085147,1.9526131992627758,1.968284214539724
2447,ks_toyota_ae86_drift,160,0.4804804804804805,9.3,0.16231562043547265,10,10,0,0,0,0,0,,,,0,0,0,0,0,0,0,0,3.5347456254432474,3.734189497085147,2.6450921417079303,2.696750569948029
2447,ks_toyota_ae86_drift,240,0.7207207207207207,9.3,0.16231562043547265,10,10,0,0,0,0,0,,,,0,0,0,0,0,0,0,0,4.836368585713642,5.074911661815868,4.570566651520719,4.6833642374557165
2448,ks_toyota_ae86_drift,80,0.24024024024024024,9.3,0.16231562043547265,10,10,0,0,0,0,0,,,,0,0,0,0,0,0,0,0,3.709447563703599,3.871835311220652,2.0594855960927885,2.056213508593529
2448,ks_toyota_ae86_drift,160,0.4804804804804805,9.3,0.16231562043547265,10,10,0,0,0,0,0,,,,0,0,0,0,0,0,0,0,3.8458071678410257,4.063157447609171,2.9894525638568132,3.050496098903333
2448,ks_toyota_ae86_drift,240,0.7207207207207207,9.3,0.16231562043547265,10,10,0,0,0,0,0,,,,0,0,0,0,0,0,0,0,5.458955269599113,5.727250222839092,5.055801219404995,5.185421561265735
2449,ks_toyota_ae86_drift,80,0.24024024024024024,9.3,0.16231562043547265,10,10,0,0,0,0,0,,,,0,0,0,0,0,0,0,0,3.4071884275986744,3.6217517767420433,2.3494429211722854,2.354539309510173
2449,ks_toyota_ae86_drift,160,0.4804804804804805,9.3,0.16231562043547265,10,10,0,0,0,0,0,,,,0,0,0,0,0,0,0,0,3.4071884275986744,3.6217517767420433,2.3494429211722854,2.354539309510173
2449,ks_toyota_ae86_drift,240,0.7207207207207207,9.3,0.16231562043547265,10,10,0,0,0,0,0,,,,0,0,0,0,0,0,0,0,3.8198358004088755,4.02946028245209,3.5823210946635595,3.660867843231883
2450,ks_toyota_ae86_drift,80,0.24024024024024024,9.3,0.16231562043547265,10,10,0,0,0,0,0,,,,0,0,0,0,0,0,0,0,4.800131870845785,4.9949617362599295,2.6857155455702273,2.6494444663131094
2450,ks_toyota_ae86_drift,160,0.4804804804804805,9.3,0.16231562043547265,10,10,0,0,0,0,0,,,,0,0,0,0,0,0,0,0,4.800131870845785,4.9949617362599295,2.972611878684501,3.039768433038182
2450,ks_toyota_ae86_drift,240,0.7207207207207207,9.3,0.16231562043547265,10,10,0,0,0,0,0,,,,0,0,0,0,0,0,0,0,5.509253636420734,5.7535887129391305,4.514012685193013,4.623624414767024
2451,ks_toyota_ae86_drift,80,0.24024024024024024,9.3,0.16231562043547265,10,10,0,0,0,0,0,,,,0,0,0,0,0,0,0,0,5.76174737390271,5.964999716337127,2.573541854727227,2.578228218271502
2451,ks_toyota_ae86_drift,160,0.4804804804804805,9.3,0.16231562043547265,10,10,0,0,0,0,0,,,,0,0,0,0,0,0,0,0,6.086243684954493,6.3254953931831075,4.014360014857662,4.120539574373741
2451,ks_toyota_ae86_drift,240,0.7207207207207207,9.3,0.16231562043547265,10,10,0,0,0,0,0,,,,0,0,0,0,0,0,0,0,8.343162302308846,8.613144312273818,6.627339808739365,6.807849328784932
2452,ks_toyota_ae86_drift,80,0.24024024024024024,9.3,0.16231562043547265,10,10,0,0,0,0,0,,,,0,0,0,0,0,0,0,0,5.749029134781324,5.981905715193378,2.667823224709144,2.652823702404973
2452,ks_toyota_ae86_drift,160,0.4804804804804805,9.3,0.16231562043547265,10,10,0,0,0,0,0,,,,0,0,0,0,0,0,0,0,5.8599893998295896,6.116442939482881,3.9615400275718375,4.066386846426118
2452,ks_toyota_ae86_drift,240,0.7207207207207207,9.3,0.16231562043547265,10,10,0,0,0,0,0,,,,0,0,0,0,0,0,0,0,8.608236821355163,8.94796786935066,7.167132647053235,7.372904048630916
2453,ks_toyota_ae86_drift,80,0.24024024024024024,9.3,0.16231562043547265,10,10,0,0,0,0,0,,,,0,0,0,0,0,0,0,0,5.366289666242728,5.554821670355297,2.814537822515134,2.8331193521521536
2453,ks_toyota_ae86_drift,160,0.4804804804804805,9.3,0.16231562043547265,10,10,0,0,0,0,0,,,,0,0,0,0,0,0,0,0,5.366289666242728,5.554821670355297,3.5999737185734575,3.692614135607279
2453,ks_toyota_ae86_drift,240,0.7207207207207207,9.3,0.16231562043547265,10,10,0,0,0,0,0,,,,0,0,0,0,0,0,0,0,7.250612072862777,7.5408054663554624,6.258178329383931,6.4356394506255565
2454,ks_toyota_ae86_drift,80,0.24024024024024024,9.3,0.16231562043547265,10,10,0,0,0,0,0,,,,0,0,0,0,0,0,0,0,4.334886278454374,4.54838262398334,2.8944141100940826,2.903811596618374
2454,ks_toyota_ae86_drift,160,0.4804804804804805,9.3,0.16231562043547265,10,10,0,0,0,0,0,,,,0,0,0,0,0,0,0,0,4.334886278454374,4.54838262398334,2.8944141100940826,2.903811596618374
2454,ks_toyota_ae86_drift,240,0.7207207207207207,9.3,0.16231562043547265,10,10,0,0,0,0,0,,,,0,0,0,0,0,0,0,0,4.622974693022226,4.876349951793958,4.348222649695647,4.45554583901088
2455,ks_toyota_ae86_drift,80,0.24024024024024024,9.3,0.16231562043547265,10,10,0,0,0,0,0,,,,0,0,0,0,0,0,0,0,3.783154696358145,3.9790974557201784,3.1393517373633215,3.118207819570489
2455,ks_toyota_ae86_drift,160,0.4804804804804805,9.3,0.16231562043547265,10,10,0,0,0,0,0,,,,0,0,0,0,0,0,0,0,3.783154696358145,3.9790974557201784,3.1393517373633215,3.118207819570489
2455,ks_toyota_ae86_drift,240,0.7207207207207207,9.3,0.16231562043547265,10,10,0,0,0,0,0,,,,0,0,0,0,0,0,0,0,3.783154696358145,3.9790974557201784,3.1393517373633215,3.118207819570489
2456,ks_toyota_ae86_drift,80,0.24024024024024024,9.3,0.16231562043547265,10,10,0,0,0,0,0,,,,0,0,0,0,0,0,0,0,2.88273299250948,3.0865539481922997,3.0008508689210953,2.9634741527920814
2456,ks_toyota_ae86_drift,160,0.4804804804804805,9.3,0.16231562043547265,10,10,0,0,0,0,0,,,,0,0,0,0,0,0,0,0,2.88273299250948,3.0865539481922997,3.0008508689210953,2.9634741527920814
2456,ks_toyota_ae86_drift,240,0.7207207207207207,9.3,0.16231562043547265,10,10,0,0,0,0,0,,,,0,0,0,0,0,0,0,0,2.88273299250948,3.0865539481922997,3.0008508689210953,2.9634741527920814
2457,ks_toyota_ae86_drift,80,0.24024024024024024,9.3,0.16231562043547265,10,10,0,0,0,0,0,,,,0,0,0,0,0,0,0,0,2.7759399966285687,2.963933909900588,2.995513716414965,2.9731804919329043
2457,ks_toyota_ae86_drift,160,0.4804804804804805,9.3,0.16231562043547265,10,10,0,0,0,0,0,,,,0,0,0,0,0,0,0,0,2.7759399966285687,2.963933909900588,2.995513716414965,2.9731804919329043
2457,ks_toyota_ae86_drift,240,0.7207207207207207,9.3,0.16231562043547265,10,10,0,0,0,0,0,,,,0,0,0,0,0,0,0,0,2.7759399966285687,2.963933909900588,2.995513716414965,2.9731804919329043
2458,ks_toyota_ae86_drift,80,0.24024024024024024,9.3,0.16231562043547265,10,10,0,0,0,0,0,,,,0,0,0,0,0,0,0,0,2.7254838951258034,2.909049711381539,2.882660421749548,2.8661670090078486
2458,ks_toyota_ae86_drift,160,0.4804804804804805,9.3,0.16231562043547265,10,10,0,0,0,0,0,,,,0,0,0,0,0,0,0,0,2.7254838951258034,2.909049711381539,2.882660421749548,2.8661670090078486
2458,ks_toyota_ae86_drift,240,0.7207207207207207,9.3,0.16231562043547265,10,10,0,0,0,0,0,,,,0,0,0,0,0,0,0,0,2.7254838951258034,2.909049711381539,2.882660421749548,2.8661670090078486
2459,ks_toyota_ae86_drift,80,0.24024024024024024,9.3,0.16231562043547265,10,10,0,0,0,0,0,,,,0,0,0,0,0,0,0,0,2.0667110824610155,2.2438842685404423,2.04738847729905,2.0390037797626244
2459,ks_toyota_ae86_drift,160,0.4804804804804805,9.3,0.16231562043547265,10,10,0,0,0,0,0,,,,0,0,0,0,0,0,0,0,2.0667110824610155,2.2438842685404423,2.04738847729905,2.0390037797626244
2459,ks_toyota_ae86_drift,240,0.7207207207207207,9.3,0.16231562043547265,10,10,0,0,0,0,0,,,,0,0,0,0,0,0,0,0,2.0667110824610155,2.2438842685404423,2.04738847729905,2.0390037797626244
2460,ks_toyota_ae86_drift,80,0.24024024024024024,9.3,0.16231562043547265,10,10,0,0,0,0,0,,,,0,0,0,0,0,0,0,0,1.5517363768266221,1.7372112309553762,1.6293772715562727,1.5897143630460087
2460,ks_toyota_ae86_drift,160,0.4804804804804805,9.3,0.16231562043547265,10,10,0,0,0,0,0,,,,0,0,0,0,0,0,0,0,1.5517363768266221,1.7372112309553762,1.6293772715562727,1.5897143630460087
2460,ks_toyota_ae86_drift,240,0.7207207207207207,9.3,0.16231562043547265,10,10,0,0,0,0,0,,,,0,0,0,0,0,0,0,0,1.5517363768266221,1.7372112309553762,1.6293772715562727,1.5897143630460087
2461,ks_toyota_ae86_drift,80,0.24024024024024024,9.3,0.16231562043547265,10,10,0,0,0,0,0,,,,0,0,0,0,0,0,0,0,1.1909037795554895,1.3695805677476711,1.2186259165709847,1.2013581311321346
2461,ks_toyota_ae86_drift,160,0.4804804804804805,9.3,0.16231562043547265,10,10,0,0,0,0,0,,,,0,0,0,0,0,0,0,0,1.1909037795554895,1.3695805677476711,1.2186259165709847,1.2013581311321346
2461,ks_toyota_ae86_drift,240,0.7207207207207207,9.3,0.16231562043547265,10,10,0,0,0,0,0,,,,0,0,0,0,0,0,0,0,1.1909037795554895,1.3695805677476711,1.2186259165709847,1.2013581311321346
2462,ks_toyota_ae86_drift,80,0.24024024024024024,9.3,0.16231562043547265,10,10,0,0,0,0,0,,,,0,0,0,0,0,0,0,0,0.9578544167017754,1.1419197972622739,0.9804207213892628,0.9761101249710443
2462,ks_toyota_ae86_drift,160,0.4804804804804805,9.3,0.16231562043547265,10,10,0,0,0,0,0,,,,0,0,0,0,0,0,0,0,0.9578544167017754,1.1419197972622739,0.9804207213892628,0.9761101249710443
2462,ks_toyota_ae86_drift,240,0.7207207207207207,9.3,0.16231562043547265,10,10,0,0,0,0,0,,,,0,0,0,0,0,0,0,0,0.9578544167017754,1.1419197972622739,0.9804207213892628,0.9761101249710443
2463,ks_toyota_ae86_drift,80,0.24024024024024024,9.3,0.16231562043547265,10,10,0,0,0,0,0,,,,0,0,0,0,0,0,0,0,0.7027052297365444,0.8967564535853072,0.708510997252761,0.6746288833795607
2463,ks_toyota_ae86_drift,160,0.4804804804804805,9.3,0.16231562043547265,10,10,0,0,0,0,0,,,,0,0,0,0,0,0,0,0,0.7027052297365444,0.8967564535853072,0.708510997252761,0.6746288833795607
2463,ks_toyota_ae86_drift,240,0.7207207207207207,9.3,0.16231562043547265,10,10,0,0,0,0,0,,,,0,0,0,0,0,0,0,0,0.7027052297365444,0.8967564535853072,0.7764020637464828,0.7814511743687089
2464,ks_toyota_ae86_drift,80,0.24024024024024024,9.3,0.16231562043547265,10,10,0,0,0,0,0,,,,0,0,0,0,0,0,0,0,0.7328557658062433,0.931840574030724,0.5822129020929974,0.5743313973993316
2464,ks_toyota_ae86_drift,160,0.4804804804804805,9.3,0.16231562043547265,10,10,0,0,0,0,0,,,,0,0,0,0,0,0,0,0,0.7328557658062433,0.931840574030724,0.7116369293759525,0.7189175908660688
2464,ks_toyota_ae86_drift,240,0.7207207207207207,9.3,0.16231562043547265,10,10,0,0,0,0,0,,,,0,0,0,0,0,0,0,0,0.9936971150318866,1.1895527894820024,1.0898567870355573,1.0976947492732645
2465,ks_toyota_ae86_drift,80,0.24024024024024024,9.3,0.16231562043547265,10,10,0,0,0,0,0,,,,0,0,0,0,0,0,0,0,0.763742895089246,0.9284822553931933,0.5190645482042031,0.49551106773823733
2465,ks_toyota_ae86_drift,160,0.4804804804804805,9.3,0.16231562043547265,10,10,0,0,0,0,0,,,,0,0,0,0,0,0,0,0,0.92091792760911,1.1212864361099,0.8513563462547912,0.858427246232194
2465,ks_toyota_ae86_drift,240,0.7207207207207207,9.3,0.16231562043547265,10,10,0,0,0,0,0,,,,0,0,0,0,0,0,0,0,1.2381760524096768,1.4243856854827361,1.3139843220076484,1.3247564908241105
2466,ks_toyota_ae86_drift,80,0.24024024024024024,9.3,0.16231562043547265,10,10,0,0,0,0,0,,,,0,0,0,0,0,0,0,0,0.618245351615988,0.8073439412645512,0.4727485551946707,0.45478569128606605
2466,ks_toyota_ae86_drift,160,0.4804804804804805,9.3,0.16231562043547265,10,10,0,0,0,0,0,,,,0,0,0,0,0,0,0,0,0.7467071226387648,0.9274868620433697,0.7168163472009378,0.72262867810206
2466,ks_toyota_ae86_drift,240,0.7207207207207207,9.3,0.16231562043547265,10,10,0,0,0,0,0,,,,0,0,0,0,0,0,0,0,1.0235670263762333,1.2527811312892796,1.1216910180965174,1.1308101744121308
2467,ks_toyota_ae86_drift,80,0.24024024024024024,9.3,0.16231562043547265,10,10,0,0,0,0,0,,,,0,0,0,0,0,0,0,0,0.7532872094912787,0.9289963338499426,0.6364783281619255,0.6257323595242328
2467,ks_toyota_ae86_drift,160,0.4804804804804805,9.3,0.16231562043547265,10,10,0,0,0,0,0,,,,0,0,0,0,0,0,0,0,0.7532872094912787,0.9289963338499426,0.7105420180354878,0.7147586459917656
2467,ks_toyota_ae86_drift,240,0.7207207207207207,9.3,0.16231562043547265,10,10,0,0,0,0,0,,,,0,0,0,0,0,0,0,0,0.93113055452216,1.121015362977215,1.0072408465474931,1.0124885662641785
2468,ks_toyota_ae86_drift,80,0.24024024024024024,9.3,0.16231562043547265,10,10,0,0,0,0,0,,,,0,0,0,0,0,0,0,0,1.0091455088305745,1.1997745944617495,0.8120322791603832,0.8070792714342132
2468,ks_toyota_ae86_drift,160,0.4804804804804805,9.3,0.16231562043547265,10,10,0,0,0,0,0,,,,0,0,0,0,0,0,0,0,1.0091455088305745,1.1997745944617495,0.8769118191995112,0.8846479689299027
2468,ks_toyota_ae86_drift,240,0.7207207207207207,9.3,0.16231562043547265,10,10,0,0,0,0,0,,,,0,0,0,0,0,0,0,0,1.2169990508880524,1.3952979375200616,1.3258421707370251,1.3379867806898367
2469,ks_toyota_ae86_drift,80,0.24024024024024024,9.3,0.16231562043547265,10,10,0,0,0,0,0,,,,0,0,0,0,0,0,0,0,0.8780686824901821,1.0694126434675342,0.6743887595415524,0.646511022279028
2469,ks_toyota_ae86_drift,160,0.4804804804804805,9.3,0.16231562043547265,10,10,0,0,0,0,0,,,,0,0,0,0,0,0,0,0,0.9797472007040761,1.1687241276080484,0.8964692654750493,0.9033988125531447
2469,ks_toyota_ae86_drift,240,0.7207207207207207,9.3,0.16231562043547265,10,10,0,0,0,0,0,,,,0,0,0,0,0,0,0,0,1.3337082007833527,1.5474821294690562,1.4321672986597904,1.4455465720267877
2470,ks_toyota_ae86_drift,80,0.24024024024024024,9.3,0.16231562043547265,10,10,0,0,0,0,0,,,,0,0,0,0,0,0,0,0,0.9868713014518109,1.1670004653379722,0.7629944557666006,0.7264837862800033
2470,ks_toyota_ae86_drift,160,0.4804804804804805,9.3,0.16231562043547265,10,10,0,0,0,0,0,,,,0,0,0,0,0,0,0,0,1.0030175484846038,1.169793799265096,0.9555333263227346,0.9658425363795169
2470,ks_toyota_ae86_drift,240,0.7207207207207207,9.3,0.16231562043547265,10,10,0,0,0,0,0,,,,0,0,0,0,0,0,0,0,1.3699591096380779,1.6055807857662425,1.4415562474476193,1.453755925800614
2471,ks_toyota_ae86_drift,80,0.24024024024024024,9.3,0.16231562043547265,10,10,0,0,0,0,0,,,,0,0,0,0,0,0,0,0,0.8471450543838023,1.0434143821655268,0.7010168923510818,0.6842965359020378
2471,ks_toyota_ae86_drift,160,0.4804804804804805,9.3,0.16231562043547265,10,10,0,0,0,0,0,,,,0,0,0,0,0,0,0,0,0.8471450543838023,1.0434143821655268,0.8034715441702713,0.8089594944466708
2471,ks_toyota_ae86_drift,240,0.7207207207207207,9.3,0.16231562043547265,10,10,0,0,0,0,0,,,,0,0,0,0,0,0,0,0,1.1142227398476374,1.2936785964920234,1.1880473731002492,1.1960744462006008
2472,ks_toyota_ae86_drift,80,0.24024024024024024,9.3,0.16231562043547265,10,10,0,0,0,0,0,,,,0,0,0,0,0,0,0,0,0.8726807304520998,1.079481196077779,0.7360952498243863,0.7461090008387127
2472,ks_toyota_ae86_drift,160,0.4804804804804805,9.3,0.16231562043547265,10,10,0,0,0,0,0,,,,0,0,0,0,0,0,0,0,0.8726807304520998,1.079481196077779,0.7360952498243863,0.7461090008387127
2472,ks_toyota_ae86_drift,240,0.7207207207207207,9.3,0.16231562043547265,10,10,0,0,0,0,0,,,,0,0,0,0,0,0,0,0,1.0910916638931545,1.2560325147776172,1.1546334473503121,1.1651587688613017
2473,ks_toyota_ae86_drift,80,0.24024024024024024,9.3,0.16231562043547265,10,10,0,0,0,0,0,,,,0,0,0,0,0,0,0,0,0.9539383704298309,1.1578816291874763,0.7703110291107124,0.7559694994835368
2473,ks_toyota_ae86_drift,160,0.4804804804804805,9.3,0.16231562043547265,10,10,0,0,0,0,0,,,,0,0,0,0,0,0,0,0,0.9539383704298309,1.1578816291874763,0.8643896278516449,0.8729860078914877
2473,ks_toyota_ae86_drift,240,0.7207207207207207,9.3,0.16231562043547265,10,10,0,0,0,0,0,,,,0,0,0,0,0,0,0,0,1.2132731826958103,1.3883874936273013,1.211485594123971,1.2221499740175938
2474,ks_toyota_ae86_drift,80,0.24024024024024024,9.3,0.16231562043547265,10,10,0,0,0,0,0,,,,0,0,0,0,0,0,0,0,0.6550183430553963,0.8391395390680184,0.7425095445069688,0.7165348687019393
2474,ks_toyota_ae86_drift,160,0.4804804804804805,9.3,0.16231562043547265,10,10,0,0,0,0,0,,,,0,0,0,0,0,0,0,0,0.6550183430553963,0.8391395390680184,0.7425095445069688,0.7165348687019393
2474,ks_toyota_ae86_drift,240,0.7207207207207207,9.3,0.16231562043547265,10,10,0,0,0,0,0,,,,0,0,0,0,0,0,0,0,0.6550183430553963,0.8391395390680184,0.7425095445069688,0.7165348687019393
2475,ks_toyota_ae86_drift,80,0.24024024024024024,9.3,0.16231562043547265,10,10,0,0,0,0,0,,,,0,0,0,0,0,0,0,0,0.7891601634249791,0.9760381945413475,0.9451517589494326,0.9294796764554267
2475,ks_toyota_ae86_drift,160,0.4804804804804805,9.3,0.16231562043547265,10,10,0,0,0,0,0,,,,0,0,0,0,0,0,0,0,0.7891601634249791,0.9760381945413475,0.9451517589494326,0.9294796764554267
2475,ks_toyota_ae86_drift,240,0.7207207207207207,9.3,0.16231562043547265,10,10,0,0,0,0,0,,,,0,0,0,0,0,0,0,0,0.7891601634249791,0.9760381945413475,0.9451517589494326,0.9294796764554267
2476,ks_toyota_ae86_drift,80,0.24024024024024024,9.3,0.16231562043547265,10,10,0,0,0,0,0,,,,0,0,0,0,0,0,0,0,0.8653263776241416,1.0521536092085582,0.9022144150623821,0.8890433023825116
2476,ks_toyota_ae86_drift,160,0.4804804804804805,9.3,0.16231562043547265,10,10,0,0,0,0,0,,,,0,0,0,0,0,0,0,0,0.8653263776241416,1.0521536092085582,0.9022144150623821,0.8890433023825116
2476,ks_toyota_ae86_drift,240,0.7207207207207207,9.3,0.16231562043547265,10,10,0,0,0,0,0,,,,0,0,0,0,0,0,0,0,0.8653263776241416,1.0521536092085582,0.9022144150623821,0.8890433023825116
2477,ks_toyota_ae86_drift,80,0.24024024024024024,9.3,0.16231562043547265,10,10,0,0,0,0,0,,,,0,0,0,0,0,0,0,0,0.2734408604493483,0.4456429494734751,0.3310323752006611,0.33855225339428646
2477,ks_toyota_ae86_drift,160,0.4804804804804805,9.3,0.16231562043547265,10,10,0,0,0,0,0,,,,0,0,0,0,0,0,0,0,0.2734408604493483,0.4456429494734751,0.3310323752006611,0.33855225339428646
2477,ks_toyota_ae86_drift,240,0.7207207207207207,9.3,0.16231562043547265,10,10,0,0,0,0,0,,,,0,0,0,0,0,0,0,0,0.2734408604493483,0.4456429494734751,0.3310323752006611,0.33855225339428646
2478,ks_toyota_ae86_drift,80,0.24024024024024024,9.3,0.16231562043547265,10,10,0,0,0,0,0,,,,0,0,0,0,0,0,0,0,0.17826977828675752,0.33819761716597474,0.24472503763132217,0.24306532834343553
2478,ks_toyota_ae86_drift,160,0.4804804804804805,9.3,0.16231562043547265,10,10,0,0,0,0,0,,,,0,0,0,0,0,0,0,0,0.17826977828675752,0.33819761716597474,0.24472503763132217,0.24306532834343553
2478,ks_toyota_ae86_drift,240,0.7207207207207207,9.3,0.16231562043547265,10,10,0,0,0,0,0,,,,0,0,0,0,0,0,0,0,0.17826977828675752,0.33819761716597474,0.24472503763132217,0.24306532834343553
2479,ks_toyota_ae86_drift,80,0.24024024024024024,9.3,0.16231562043547265,10,10,0,0,0,0,0,,,,0,0,0,0,0,0,0,0,0.07647526024878575,0.2001079607963378,0.11360474887625024,0.11367937402901793
2479,ks_toyota_ae86_drift,160,0.4804804804804805,9.3,0.16231562043547265,10,10,0,0,0,0,0,,,,0,0,0,0,0,0,0,0,0.12395223200476833,0.2001079607963378,0.11360474887625024,0.11367937402901793
2479,ks_toyota_ae86_drift,240,0.7207207207207207,9.3,0.16231562043547265,10,10,0,0,0,0,0,,,,0,0,0,0,0,0,0,0,0.13813055746337766,0.2001079607963378,0.11360474887625024,0.11367937402901793
2480,ks_toyota_ae86_drift,80,0.24024024024024024,9.3,0.16231562043547265,10,10,0,0,0,0,0,,,,0,0,0,0,0,0,0,0,0.3113109777046162,0.11894378235244492,0.14465664313276616,0.1444611022873481
2480,ks_toyota_ae86_drift,160,0.4804804804804805,9.3,0.16231562043547265,10,10,0,0,0,0,0,,,,0,0,0,0,0,0,0,0,0.42168413996895127,0.2626029777425512,0.30997735658874476,0.3086005932233112
2480,ks_toyota_ae86_drift,240,0.7207207207207207,9.3,0.16231562043547265,10,10,0,0,0,0,0,,,,0,0,0,0,0,0,0,0,0.5626104726184723,0.3510699090696571,0.45685262392278825,0.4561623479297939
2481,ks_toyota_ae86_drift,80,0.24024024024024024,9.3,0.16231562043547265,10,10,0,0,0,0,0,,,,0,0,0,0,0,0,0,0,0.2632051016065702,0.08561243252235626,0.11538652111512443,0.11487585775296019
2481,ks_toyota_ae86_drift,160,0.4804804804804805,9.3,0.16231562043547265,10,10,0,0,0,0,0,,,,0,0,0,0,0,0,0,0,0.3204350432186954,0.1297160312101864,0.21709418769490996,0.21679303238140793
2481,ks_toyota_ae86_drift,240,0.7207207207207207,9.3,0.16231562043547265,10,10,0,0,0,0,0,,,,0,0,0,0,0,0,0,0,0.35475186127997,0.19958194284875427,0.29809597572324315,0.29686542109473013
2482,ks_toyota_ae86_drift,80,0.24024024024024024,9.3,0.16231562043547265,10,10,0,0,0,0,0,,,,0,0,0,0,0,0,0,0,0.2265200488527259,0.05356307718296724,0.11850163432539237,0.11825091835808531
2482,ks_toyota_ae86_drift,160,0.4804804804804805,9.3,0.16231562043547265,10,10,0,0,0,0,0,,,,0,0,0,0,0,0,0,0,0.2265200488527259,0.05356307718296724,0.12389476236620503,0.12461708155136032
2482,ks_toyota_ae86_drift,240,0.7207207207207207,9.3,0.16231562043547265,10,10,0,0,0,0,0,,,,0,0,0,0,0,0,0,0,0.2643372321419262,0.05356307718296724,0.17197028947916948,0.17152800804998472
2483,ks_toyota_ae86_drift,80,0.24024024024024024,9.3,0.16231562043547265,10,10,0,0,0,0,0,,,,0,0,0,0,0,0,0,0,0.4699459898399969,0.29769790376067834,0.3499782794216451,0.3499719027997247
2483,ks_toyota_ae86_drift,160,0.4804804804804805,9.3,0.16231562043547265,10,10,0,0,0,0,0,,,,0,0,0,0,0,0,0,0,0.4699459898399969,0.29769790376067834,0.3499782794216451,0.3499719027997247
2483,ks_toyota_ae86_drift,240,0.7207207207207207,9.3,0.16231562043547265,10,10,0,0,0,0,0,,,,0,0,0,0,0,0,0,0,0.4699459898399969,0.29769790376067834,0.3499782794216451,0.3499719027997247
2484,ks_toyota_ae86_drift,80,0.24024024024024024,9.3,0.16231562043547265,10,10,0,0,0,0,0,,,,0,0,0,0,0,0,0,0,0.49396184209626093,0.3358053434091778,0.3871586276120211,0.3875809787626512
2484,ks_toyota_ae86_drift,160,0.4804804804804805,9.3,0.16231562043547265,10,10,0,0,0,0,0,,,,0,0,0,0,0,0,0,0,0.49396184209626093,0.3358053434091778,0.3871586276120211,0.3875809787626512
2484,ks_toyota_ae86_drift,240,0.7207207207207207,9.3,0.16231562043547265,10,10,0,0,0,0,0,,,,0,0,0,0,0,0,0,0,0.49396184209626093,0.3358053434091778,0.3871586276120211,0.3875809787626512
2485,ks_toyota_ae86_drift,80,0.24024024024024024,9.3,0.16231562043547265,10,10,0,0,0,0,0,,,,0,0,0,0,0,0,0,0,0.2686790446590858,0.09218343468966553,0.16094385619868304,0.1609643067455534
2485,ks_toyota_ae86_drift,160,0.4804804804804805,9.3,0.16231562043547265,10,10,0,0,0,0,0,,,,0,0,0,0,0,0,0,0,0.2686790446590858,0.09218343468966553,0.16094385619868304,0.1609643067455534
2485,ks_toyota_ae86_drift,240,0.7207207207207207,9.3,0.16231562043547265,10,10,0,0,0,0,0,,,,0,0,0,0,0,0,0,0,0.2686790446590858,0.09218343468966553,0.17018547567168052,0.16980502613078288
2486,ks_toyota_ae86_drift,80,0.24024024024024024,9.3,0.16231562043547265,10,10,0,0,0,0,0,,,,0,0,0,0,0,0,0,0,0.4013780676077827,0.21475183301599227,0.2733820834698892,0.2751916567131194
2486,ks_toyota_ae86_drift,160,0.4804804804804805,9.3,0.16231562043547265,10,10,0,0,0,0,0,,,,0,0,0,0,0,0,0,0,0.4013780676077827,0.21475183301599227,0.2733820834698892,0.2751916567131194
2486,ks_toyota_ae86_drift,240,0.7207207207207207,9.3,0.16231562043547265,10,10,0,0,0,0,0,,,,0,0,0,0,0,0,0,0,0.4013780676077827,0.21475183301599227,0.2733820834698892,0.2751916567131194
2487,ks_toyota_ae86_drift,80,0.24024024024024024,9.3,0.16231562043547265,10,10,0,0,0,0,0,,,,0,0,0,0,0,0,0,0,0.5804734983713185,0.40435520299268846,0.4617568598294161,0.4610728270562099
2487,ks_toyota_ae86_drift,160,0.4804804804804805,9.3,0.16231562043547265,10,10,0,0,0,0,0,,,,0,0,0,0,0,0,0,0,0.5804734983713185,0.40435520299268846,0.4617568598294161,0.4610728270562099
2487,ks_toyota_ae86_drift,240,0.7207207207207207,9.3,0.16231562043547265,10,10,0,0,0,0,0,,,,0,0,0,0,0,0,0,0,0.5804734983713185,0.40435520299268846,0.4617568598294161,0.4610728270562099
2488,ks_toyota_ae86_drift,80,0.24024024024024024,9.3,0.16231562043547265,10,10,0,0,0,0,0,,,,0,0,0,0,0,0,0,0,0.3584170581824752,0.1853738286940187,0.23396001916914738,0.23389734684742725
2488,ks_toyota_ae86_drift,160,0.4804804804804805,9.3,0.16231562043547265,10,10,0,0,0,0,0,,,,0,0,0,0,0,0,0,0,0.3584170581824752,0.1853738286940187,0.23396001916914738,0.23389734684742725
2488,ks_toyota_ae86_drift,240,0.7207207207207207,9.3,0.16231562043547265,10,10,0,0,0,0,0,,,,0,0,0,0,0,0,0,0,0.3584170581824752,0.1853738286940187,0.23396001916914738,0.23389734684742725
2489,ks_toyota_ae86_drift,80,0.24024024024024024,9.3,0.16231562043547265,10,10,0,0,0,0,0,,,,0,0,0,0,0,0,0,0,0.4222429081399965,0.23480261371671837,0.2913939593218739,0.2908954889145952
2489,ks_toyota_ae86_drift,160,0.4804804804804805,9.3,0.16231562043547265,10,10,0,0,0,0,0,,,,0,0,0,0,0,0,0,0,0.4222429081399965,0.23480261371671837,0.2913939593218739,0.2908954889145952
2489,ks_toyota_ae86_drift,240,0.7207207207207207,9.3,0.16231562043547265,10,10,0,0,0,0,0,,,,0,0,0,0,0,0,0,0,0.4222429081399965,0.23480261371671837,0.2913939593218739,0.2908954889145952
2490,ks_toyota_ae86_drift,80,0.24024024024024024,9.3,0.16231562043547265,10,10,0,0,0,0,0,,,,0,0,0,0,0,0,0,0,0.5428543105267691,0.3760955354255987,0.4220422980135538,0.4201271236424528
2490,ks_toyota_ae86_drift,160,0.4804804804804805,9.3,0.16231562043547265,10,10,0,0,0,0,0,,,,0,0,0,0,0,0,0,0,0.5428543105267691,0.3760955354255987,0.4220422980135538,0.4201271236424528
2490,ks_toyota_ae86_drift,240,0.7207207207207207,9.3,0.16231562043547265,10,10,0,0,0,0,0,,,,0,0,0,0,0,0,0,0,0.5428543105267691,0.3760955354255987,0.4220422980135538,0.4201271236424528
2491,ks_toyota_ae86_drift,80,0.24024024024024024,9.3,0.16231562043547265,10,10,0,0,0,0,0,,,,0,0,0,0,0,0,0,0,0.49040907651079646,0.34452978949595836,0.4019682653211806,0.39862229972109414
2491,ks_toyota_ae86_drift,160,0.4804804804804805,9.3,0.16231562043547265,10,10,0,0,0,0,0,,,,0,0,0,0,0,0,0,0,0.49040907651079646,0.34452978949595836,0.4019682653211806,0.39862229972109414
2491,ks_toyota_ae86_drift,240,0.7207207207207207,9.3,0.16231562043547265,10,10,0,0,0,0,0,,,,0,0,0,0,0,0,0,0,0.49040907651079646,0.34452978949595836,0.4019682653211806,0.39862229972109414
2492,ks_toyota_ae86_drift,80,0.24024024024024024,9.3,0.16231562043547265,10,10,0,0,0,0,0,,,,0,0,0,0,0,0,0,0,0.49125233806902857,0.3228006632294735,0.33968051526780796,0.3401066016781404
2492,ks_toyota_ae86_drift,160,0.4804804804804805,9.3,0.16231562043547265,10,10,0,0,0,0,0,,,,0,0,0,0,0,0,0,0,0.49125233806902857,0.3228006632294735,0.33968051526780796,0.3401066016781404
2492,ks_toyota_ae86_drift,240,0.7207207207207207,9.3,0.16231562043547265,10,10,0,0,0,0,0,,,,0,0,0,0,0,0,0,0,0.49125233806902857,0.3228006632294735,0.33968051526780796,0.3401066016781404
2493,ks_toyota_ae86_drift,80,0.24024024024024024,9.3,0.16231562043547265,10,10,0,0,0,0,0,,,,0,0,0,0,0,0,0,0,0.4197868414835687,0.24252454277981447,0.26480798158612817,0.2655006854979291
2493,ks_toyota_ae86_drift,160,0.4804804804804805,9.3,0.16231562043547265,10,10,0,0,0,0,0,,,,0,0,0,0,0,0,0,0,0.4197868414835687,0.24252454277981447,0.26480798158612817,0.2655006854979291
2493,ks_toyota_ae86_drift,240,0.7207207207207207,9.3,0.16231562043547265,10,10,0,0,0,0,0,,,,0,0,0,0,0,0,0,0,0.4197868414835687,0.24252454277981447,0.26480798158612817,0.2655006854979291
2494,ks_toyota_ae86_drift,80,0.24024024024024024,9.3,0.16231562043547265,10,10,0,0,0,0,0,,,,0,0,0,0,0,0,0,0,0.6605398039474111,0.48820799468990694,0.5583322128771057,0.557751860241066
2494,ks_toyota_ae86_drift,160,0.4804804804804805,9.3,0.16231562043547265,10,10,0,0,0,0,0,,,,0,0,0,0,0,0,0,0,0.6605398039474111,0.48820799468990694,0.5583322128771057,0.557751860241066
2494,ks_toyota_ae86_drift,240,0.7207207207207207,9.3,0.16231562043547265,10,10,0,0,0,0,0,,,,0,0,0,0,0,0,0,0,0.6605398039474111,0.48820799468990694,0.5583322128771057,0.557751860241066
2495,ks_toyota_ae86_drift,80,0.24024024024024024,9.3,0.16231562043547265,10,10,0,0,0,0,0,,,,0,0,0,0,0,0,0,0,0.4358076905120683,0.24289412004693564,0.3494825570982903,0.3489103419923166
2495,ks_toyota_ae86_drift,160,0.4804804804804805,9.3,0.16231562043547265,10,10,0,0,0,0,0,,,,0,0,0,0,0,0,0,0,0.4358076905120683,0.24289412004693564,0.3494825570982903,0.3489103419923166
2495,ks_toyota_ae86_drift,240,0.7207207207207207,9.3,0.16231562043547265,10,10,0,0,0,0,0,,,,0,0,0,0,0,0,0,0,0.4358076905120683,0.24289412004693564,0.3494825570982903,0.3489103419923166
2496,ks_toyota_ae86_drift,80,0.24024024024024024,9.3,0.16231562043547265,10,10,0,0,0,0,0,,,,0,0,0,0,0,0,0,0,0.4976371241999625,0.3288796383124906,0.38025850904429503,0.3806455353103115
2496,ks_toyota_ae86_drift,160,0.4804804804804805,9.3,0.16231562043547265,10,10,0,0,0,0,0,,,,0,0,0,0,0,0,0,0,0.4976371241999625,0.3288796383124906,0.38025850904429503,0.3806455353103115
2496,ks_toyota_ae86_drift,240,0.7207207207207207,9.3,0.16231562043547265,10,10,0,0,0,0,0,,,,0,0,0,0,0,0,0,0,0.4976371241999625,0.3288796383124906,0.38025850904429503,0.3806455353103115
2497,ks_toyota_ae86_drift,80,0.24024024024024024,9.3,0.16231562043547265,10,10,0,0,0,0,0,,,,0,0,0,0,0,0,0,0,0.5842618521222954,0.4003477762601686,0.46229857920796275,0.46219089700682925
2497,ks_toyota_ae86_drift,160,0.4804804804804805,9.3,0.16231562043547265,10,10,0,0,0,0,0,,,,0,0,0,0,0,0,0,0,0.5842618521222954,0.4003477762601686,0.46229857920796275,0.46219089700682925
2497,ks_toyota_ae86_drift,240,0.7207207207207207,9.3,0.16231562043547265,10,10,0,0,0,0,0,,,,0,0,0,0,0,0,0,0,0.5842618521222954,0.4003477762601686,0.46229857920796275,0.46219089700682925
2498,ks_toyota_ae86_drift,80,0.24024024024024024,9.3,0.16231562043547265,10,10,0,0,0,0,0,,,,0,0,0,0,0,0,0,0,0.6247510534395724,0.43202720748689266,0.5223726542791637,0.5207276992671013
2498,ks_toyota_ae86_drift,160,0.4804804804804805,9.3,0.16231562043547265,10,10,0,0,0,0,0,,,,0,0,0,0,0,0,0,0,0.6247510534395724,0.43202720748689266,0.5223726542791637,0.5207276992671013
2498,ks_toyota_ae86_drift,240,0.7207207207207207,9.3,0.16231562043547265,10,10,0,0,0,0,0,,,,0,0,0,0,0,0,0,0,0.6247510534395724,0.43202720748689266,0.5223726542791637,0.5207276992671013
2499,ks_toyota_ae86_drift,80,0.24024024024024024,9.3,0.16231562043547265,10,10,0,0,0,0,0,,,,0,0,0,0,0,0,0,0,0.45243573268561144,0.27314862973849224,0.34580188554844676,0.3457791004642624
2499,ks_toyota_ae86_drift,160,0.4804804804804805,9.3,0.16231562043547265,10,10,0,0,0,0,0,,,,0,0,0,0,0,0,0,0,0.45243573268561144,0.27314862973849224,0.34580188554844676,0.3457791004642624
2499,ks_toyota_ae86_drift,240,0.7207207207207207,9.3,0.16231562043547265,10,10,0,0,0,0,0,,,,0,0,0,0,0,0,0,0,0.45243573268561144,0.27314862973849224,0.34580188554844676,0.3457791004642624
2500,ks_toyota_ae86_drift,80,0.24024024024024024,9.3,0.16231562043547265,10,10,0,0,0,0,0,,,,0,0,0,0,0,0,0,0,0.61399457271386,0.44632831626800357,0.5053844263486081,0.5065103937054553
2500,ks_toyota_ae86_drift,160,0.4804804804804805,9.3,0.16231562043547265,10,10,0,0,0,0,0,,,,0,0,0,0,0,0,0,0,0.61399457271386,0.44632831626800357,0.5053844263486081,0.5065103937054553
2500,ks_toyota_ae86_drift,240,0.7207207207207207,9.3,0.16231562043547265,10,10,0,0,0,0,0,,,,0,0,0,0,0,0,0,0,0.61399457271386,0.44632831626800357,0.5053844263486081,0.5065103937054553
2501,ks_toyota_ae86_drift,80,0.24024024024024024,9.3,0.16231562043547265,10,10,0,0,0,0,0,,,,0,0,0,0,0,0,0,0,0.42808842949161674,0.21737893454614807,0.2919648404065253,0.2917653775384198
2501,ks_toyota_ae86_drift,160,0.4804804804804805,9.3,0.16231562043547265,10,10,0,0,0,0,0,,,,0,0,0,0,0,0,0,0,0.42808842949161674,0.21737893454614807,0.2919648404065253,0.2917653775384198
2501,ks_toyota_ae86_drift,240,0.7207207207207207,9.3,0.16231562043547265,10,10,0,0,0,0,0,,,,0,0,0,0,0,0,0,0,0.42808842949161674,0.21737893454614807,0.2919648404065253,0.2917653775384198
2502,ks_toyota_ae86_drift,80,0.24024024024024024,9.3,0.16231562043547265,10,10,0,0,0,0,0,,,,0,0,0,0,0,0,0,0,0.45526012262911747,0.27512135378943586,0.31942612289266403,0.3186737615473313
2502,ks_toyota_ae86_drift,160,0.4804804804804805,9.3,0.16231562043547265,10,10,0,0,0,0,0,,,,0,0,0,0,0,0,0,0,0.45526012262911747,0.27512135378943586,0.31942612289266403,0.3186737615473313
2502,ks_toyota_ae86_drift,240,0.7207207207207207,9.3,0.16231562043547265,10,10,0,0,0,0,0,,,,0,0,0,0,0,0,0,0,0.45526012262911747,0.27512135378943586,0.31942612289266403,0.3186737615473313
2503,ks_toyota_ae86_drift,80,0.24024024024024024,9.3,0.16231562043547265,10,10,0,0,0,0,0,,,,0,0,0,0,0,0,0,0,0.4389969619676411,0.26882298555975853,0.2977679398800974,0.30014684674324527
2503,ks_toyota_ae86_drift,160,0.4804804804804805,9.3,0.16231562043547265,10,10,0,0,0,0,0,,,,0,0,0,0,0,0,0,0,0.4389969619676411,0.26882298555975853,0.2977679398800974,0.30014684674324527
2503,ks_toyota_ae86_drift,240,0.7207207207207207,9.3,0.16231562043547265,10,10,0,0,0,0,0,,,,0,0,0,0,0,0,0,0,0.4389969619676411,0.26882298555975853,0.3263305903699007,0.32513424004809066
2504,ks_toyota_ae86_drift,80,0.24024024024024024,9.3,0.16231562043547265,10,10,0,0,0,0,0,,,,0,0,0,0,0,0,0,0,0.464063702860735,0.2602923460906771,0.30220628218013634,0.3023307196890775
2504,ks_toyota_ae86_drift,160,0.4804804804804805,9.3,0.16231562043547265,10,10,0,0,0,0,0,,,,0,0,0,0,0,0,0,0,0.464063702860735,0.2602923460906771,0.30220628218013634,0.3023307196890775
2504,ks_toyota_ae86_drift,240,0.7207207207207207,9.3,0.16231562043547265,10,10,0,0,0,0,0,,,,0,0,0,0,0,0,0,0,0.464063702860735,0.2602923460906771,0.31438026728246427,0.3133242826841833
2505,ks_toyota_ae86_drift,80,0.24024024024024024,9.3,0.16231562043547265,10,10,0,0,0,0,0,,,,0,0,0,0,0,0,0,0,0.5062294488149855,0.3586783129182282,0.32146797592852766,0.32031954365261345
2505,ks_toyota_ae86_drift,160,0.4804804804804805,9.3,0.16231562043547265,10,10,0,0,0,0,0,,,,0,0,0,0,0,0,0,0,0.5443505488418251,0.3586783129182282,0.37833799858790496,0.37730087705112086
2505,ks_toyota_ae86_drift,240,0.7207207207207207,9.3,0.16231562043547265,10,10,0,0,0,0,0,,,,0,0,0,0,0,0,0,0,0.6741763299861945,0.4930621781165233,0.6059310007901311,0.602815634115812
2506,ks_toyota_ae86_drift,80,0.24024024024024024,9.3,0.16231562043547265,10,10,0,0,0,0,0,,,,0,0,0,0,0,0,0,0,0.46388953303689967,0.2580026052127096,0.294310610180028,0.2943476959727871
2506,ks_toyota_ae86_drift,160,0.4804804804804805,9.3,0.16231562043547265,10,10,0,0,0,0,0,,,,0,0,0,0,0,0,0,0,0.46388953303689967,0.2580026052127096,0.294310610180028,0.2943476959727871
2506,ks_toyota_ae86_drift,240,0.7207207207207207,9.3,0.16231562043547265,10,10,0,0,0,0,0,,,,0,0,0,0,0,0,0,0,0.5034446526243245,0.30842271482019995,0.4110601275605402,0.41015734197090853
2507,ks_toyota_ae86_drift,80,0.24024024024024024,9.3,0.16231562043547265,10,10,0,0,0,0,0,,,,0,0,0,0,0,0,0,0,0.634984384363544,0.4559646993306866,0.5372253275161795,0.5368049507171063
2507,ks_toyota_ae86_drift,160,0.4804804804804805,9.3,0.16231562043547265,10,10,0,0,0,0,0,,,,0,0,0,0,0,0,0,0,0.634984384363544,0.4559646993306866,0.5372253275161795,0.5368049507171063
2507,ks_toyota_ae86_drift,240,0.7207207207207207,9.3,0.16231562043547265,10,10,0,0,0,0,0,,,,0,0,0,0,0,0,0,0,0.634984384363544,0.4559646993306866,0.5372253275161795,0.5368049507171063
2508,ks_toyota_ae86_drift,80,0.24024024024024024,9.3,0.16231562043547265,10,10,0,0,0,0,0,,,,0,0,0,0,0,0,0,0,0.7724662205981159,0.6342454432727131,0.7017841680547976,0.7050123929329806
2508,ks_toyota_ae86_drift,160,0.4804804804804805,9.3,0.16231562043547265,10,10,0,0,0,0,0,,,,0,0,0,0,0,0,0,0,0.7724662205981159,0.6342454432727131,0.7017841680547976,0.7050123929329806
2508,ks_toyota_ae86_drift,240,0.7207207207207207,9.3,0.16231562043547265,10,10,0,0,0,0,0,,,,0,0,0,0,0,0,0,0,0.7724662205981159,0.6342454432727131,0.7017841680547976,0.7050123929329806
2509,ks_toyota_ae86_drift,80,0.24024024024024024,9.3,0.16231562043547265,10,10,0,0,0,0,0,,,,0,0,0,0,0,0,0,0,0.7118267339296848,0.520054445386179,0.6505216773431478,0.6565619658078191
2509,ks_toyota_ae86_drift,160,0.4804804804804805,9.3,0.16231562043547265,10,10,0,0,0,0,0,,,,0,0,0,0,0,0,0,0,0.7118267339296848,0.520054445386179,0.6505216773431478,0.6565619658078191
2509,ks_toyota_ae86_drift,240,0.7207207207207207,9.3,0.16231562043547265,10,10,0,0,0,0,0,,,,0,0,0,0,0,0,0,0,0.7118267339296848,0.520054445386179,0.6505216773431478,0.6565619658078191
2510,ks_toyota_ae86_drift,80,0.24024024024024024,9.3,0.16231562043547265,10,10,0,0,0,0,0,,,,0,0,0,0,0,0,0,0,0.3985795576779287,0.21341534375427795,0.3115152430494819,0.3116639864269148
2510,ks_toyota_ae86_drift,160,0.4804804804804805,9.3,0.16231562043547265,10,10,0,0,0,0,0,,,,0,0,0,0,0,0,0,0,0.3985795576779287,0.21341534375427795,0.3115152430494819,0.3116639864269148
2510,ks_toyota_ae86_drift,240,0.7207207207207207,9.3,0.16231562043547265,10,10,0,0,0,0,0,,,,0,0,0,0,0,0,0,0,0.3985795576779287,0.21341534375427795,0.3115152430494819,0.3116639864269148
2511,ks_toyota_ae86_drift,80,0.24024024024024024,9.3,0.16231562043547265,10,10,0,0,0,0,0,,,,0,0,0,0,0,0,0,0,0.371004456492574,0.19695666892780994,0.2536769343535495,0.25552980992890056
2511,ks_toyota_ae86_drift,160,0.4804804804804805,9.3,0.16231562043547265,10,10,0,0,0,0,0,,,,0,0,0,0,0,0,0,0,0.371004456492574,0.19695666892780994,0.2536769343535495,0.25552980992890056
2511,ks_toyota_ae86_drift,240,0.7207207207207207,9.3,0.16231562043547265,10,10,0,0,0,0,0,,,,0,0,0,0,0,0,0,0,0.371004456492574,0.19695666892780994,0.2536769343535495,0.25552980992890056
2512,ks_toyota_ae86_drift,80,0.24024024024024024,9.3,0.16231562043547265,10,10,0,0,0,0,0,,,,0,0,0,0,0,0,0,0,0.40387746327675783,0.25816620958767256,0.35775591721515915,0.3608244864214931
2512,ks_toyota_ae86_drift,160,0.4804804804804805,9.3,0.16231562043547265,10,10,0,0,0,0,0,,,,0,0,0,0,0,0,0,0,0.40387746327675783,0.25816620958767256,0.35775591721515915,0.3608244864214931
2512,ks_toyota_ae86_drift,240,0.7207207207207207,9.3,0.16231562043547265,10,10,0,0,0,0,0,,,,0,0,0,0,0,0,0,0,0.40387746327675783,0.25816620958767256,0.35775591721515915,0.3608244864214931
2513,ks_toyota_ae86_drift,80,0.24024024024024024,9.3,0.16231562043547265,10,10,0,0,0,0,0,,,,0,0,0,0,0,0,0,0,0.36728581869589877,0.19197959545698629,0.26340976715783254,0.2679158243801898
2513,ks_toyota_ae86_drift,160,0.4804804804804805,9.3,0.16231562043547265,10,10,0,0,0,0,0,,,,0,0,0,0,0,0,0,0,0.36728581869589877,0.19197959545698629,0.26340976715783254,0.2679158243801898
2513,ks_toyota_ae86_drift,240,0.7207207207207207,9.3,0.16231562043547265,10,10,0,0,0,0,0,,,,0,0,0,0,0,0,0,0,0.36728581869589877,0.19197959545698629,0.26340976715783254,0.2679158243801898
2514,ks_toyota_ae86_drift,80,0.24024024024024024,9.3,0.16231562043547265,10,10,0,0,0,0,0,,,,0,0,0,0,0,0,0,0,0.3872823180690218,0.20663872888056747,0.19868065136300347,0.19871971150731949
2514,ks_toyota_ae86_drift,160,0.4804804804804805,9.3,0.16231562043547265,10,10,0,0,0,0,0,,,,0,0,0,0,0,0,0,0,0.4009850382458161,0.218448272697865,0.27991433231778656,0.27905719693780284
2514,ks_toyota_ae86_drift,240,0.7207207207207207,9.3,0.16231562043547265,10,10,0,0,0,0,0,,,,0,0,0,0,0,0,0,0,0.5034607142410445,0.3099576664340281,0.4553911768838171,0.4522240501821939
2515,ks_toyota_ae86_drift,80,0.24024024024024024,9.3,0.16231562043547265,10,10,0,0,0,0,0,,,,0,0,0,0,0,0,0,0,0.35729189123842137,0.1774442191914719,0.148166239788242,0.14816619976760234
2515,ks_toyota_ae86_drift,160,0.4804804804804805,9.3,0.16231562043547265,10,10,0,0,0,0,0,,,,0,0,0,0,0,0,0,0,0.49443280498387443,0.338347160956201,0.3781566250489294,0.37774633345105263
2515,ks_toyota_ae86_drift,240,0.7207207207207207,9.3,0.16231562043547265,10,10,0,0,0,0,0,,,,0,0,0,0,0,0,0,0,0.6865582356518111,0.49287413447093636,0.582416687190187,0.5805582887665618
2516,ks_toyota_ae86_drift,80,0.24024024024024024,9.3,0.16231562043547265,10,10,0,0,0,0,0,,,,0,0,0,0,0,0,0,0,0.24725290131531447,0.07936618450573993,0.11084593942094689,0.11099214148776086
2516,ks_toyota_ae86_drift,160,0.4804804804804805,9.3,0.16231562043547265,10,10,0,0,0,0,0,,,,0,0,0,0,0,0,0,0,0.3440837728070712,0.17276651344557842,0.24705589304644193,0.24576989649177547
2516,ks_toyota_ae86_drift,240,0.7207207207207207,9.3,0.16231562043547265,10,10,0,0,0,0,0,,,,0,0,0,0,0,0,0,0,0.45914297845056395,0.26011489457438897,0.3574273477634845,0.3557832732054948
2517,ks_toyota_ae86_drift,80,0.24024024024024024,9.3,0.16231562043547265,10,10,0,0,0,0,0,,,,0,0,0,0,0,0,0,0,0.5630670280758053,0.3673301882450774,0.46456380077402687,0.4646762854519205
2517,ks_toyota_ae86_drift,160,0.4804804804804805,9.3,0.16231562043547265,10,10,0,0,0,0,0,,,,0,0,0,0,0,0,0,0,0.5630670280758053,0.3673301882450774,0.46456380077402687,0.4646762854519205
2517,ks_toyota_ae86_drift,240,0.7207207207207207,9.3,0.16231562043547265,10,10,0,0,0,0,0,,,,0,0,0,0,0,0,0,0,0.5630670280758053,0.3673301882450774,0.46456380077402687,0.4646762854519205
2518,ks_toyota_ae86_drift,80,0.24024024024024024,9.3,0.16231562043547265,10,10,0,0,0,0,0,,,,0,0,0,0,0,0,0,0,0.5711463414511371,0.35674822418874425,0.5136794242913241,0.5128252237582493
2518,ks_toyota_ae86_drift,160,0.4804804804804805,9.3,0.16231562043547265,10,10,0,0,0,0,0,,,,0,0,0,0,0,0,0,0,0.5711463414511371,0.35674822418874425,0.5136794242913241,0.5128252237582493
2518,ks_toyota_ae86_drift,240,0.7207207207207207,9.3,0.16231562043547265,10,10,0,0,0,0,0,,,,0,0,0,0,0,0,0,0,0.5711463414511371,0.41120630961703436,0.5136794242913241,0.5128252237582493
2519,ks_toyota_ae86_drift,80,0.24024024024024024,9.3,0.16231562043547265,10,10,0,0,0,0,0,,,,0,0,0,0,0,0,0,0,0.4635647255253538,0.2909963676069851,0.4067720494222416,0.40675195906112827
2519,ks_toyota_ae86_drift,160,0.4804804804804805,9.3,0.16231562043547265,10,10,0,0,0,0,0,,,,0,0,0,0,0,0,0,0,0.4635647255253538,0.2909963676069851,0.4067720494222416,0.40675195906112827
2519,ks_toyota_ae86_drift,240,0.7207207207207207,9.3,0.16231562043547265,10,10,0,0,0,0,0,,,,0,0,0,0,0,0,0,0,0.4635647255253538,0.3560801729909788,0.4067720494222416,0.40675195906112827
2520,ks_toyota_ae86_drift,80,0.24024024024024024,9.3,0.16231562043547265,10,10,0,0,0,0,0,,,,0,0,0,0,0,0,0,0,0.6019608999742083,0.42268534965173993,0.53301088735487,0.5329972269765301
2520,ks_toyota_ae86_drift,160,0.4804804804804805,9.3,0.16231562043547265,10,10,0,0,0,0,0,,,,0,0,0,0,0,0,0,0,0.6019608999742083,0.42268534965173993,0.53301088735487,0.5329972269765301
2520,ks_toyota_ae86_drift,240,0.7207207207207207,9.3,0.16231562043547265,10,10,0,0,0,0,0,,,,0,0,0,0,0,0,0,0,0.6019608999742083,0.42268534965173993,0.53301088735487,0.5329972269765301
2521,ks_toyota_ae86_drift,80,0.24024024024024024,9.3,0.16231562043547265,10,10,0,0,0,0,0,,,,0,0,0,0,0,0,0,0,0.3787899650118894,0.180034194908229,0.2847047762056249,0.2848078960538362
2521,ks_toyota_ae86_drift,160,0.4804804804804805,9.3,0.16231562043547265,10,10,0,0,0,0,0,,,,0,0,0,0,0,0,0,0,0.3787899650118894,0.180034194908229,0.2847047762056249,0.2848078960538362
2521,ks_toyota_ae86_drift,240,0.7207207207207207,9.3,0.16231562043547265,10,10,0,0,0,0,0,,,,0,0,0,0,0,0,0,0,0.3787899650118894,0.1941785028231205,0.2847047762056249,0.2848078960538362
2522,ks_toyota_ae86_drift,80,0.24024024024024024,9.3,0.16231562043547265,10,10,0,0,0,0,0,,,,0,0,0,0,0,0,0,0,0.4282913874955866,0.24459438358301924,0.35131390156949993,0.3544552282987505
2522,ks_toyota_ae86_drift,160,0.4804804804804805,9.3,0.16231562043547265,10,10,0,0,0,0,0,,,,0,0,0,0,0,0,0,0,0.4282913874955866,0.24459438358301924,0.35131390156949993,0.3544552282987505
2522,ks_toyota_ae86_drift,240,0.7207207207207207,9.3,0.16231562043547265,10,10,0,0,0,0,0,,,,0,0,0,0,0,0,0,0,0.4282913874955866,0.3053252507120256,0.35131390156949993,0.3544552282987505
2523,ks_toyota_ae86_drift,80,0.24024024024024024,9.3,0.16231562043547265,10,10,0,0,0,0,0,,,,0,0,0,0,0,0,0,0,0.4103470931637879,0.22266068514676457,0.34860949350371867,0.3479546224366173
2523,ks_toyota_ae86_drift,160,0.4804804804804805,9.3,0.16231562043547265,10,10,0,0,0,0,0,,,,0,0,0,0,0,0,0,0,0.4103470931637879,0.2621544264131518,0.34860949350371867,0.3479546224366173
2523,ks_toyota_ae86_drift,240,0.7207207207207207,9.3,0.16231562043547265,10,10,0,0,0,0,0,,,,0,0,0,0,0,0,0,0,0.4103470931637879,0.3560043472190211,0.34860949350371867,0.3479546224366173
2524,ks_toyota_ae86_drift,80,0.24024024024024024,9.3,0.16231562043547265,10,10,0,0,0,0,0,,,,0,0,0,0,0,0,0,0,0.23719590132972027,0.07863930963776908,0.172712272138615,0.17265461573706659
2524,ks_toyota_ae86_drift,160,0.4804804804804805,9.3,0.16231562043547265,10,10,0,0,0,0,0,,,,0,0,0,0,0,0,0,0,0.23719590132972027,0.1706007565093026,0.172712272138615,0.17265461573706659
2524,ks_toyota_ae86_drift,240,0.7207207207207207,9.3,0.16231562043547265,10,10,0,0,0,0,0,,,,0,0,0,0,0,0,0,0,0.23719590132972027,0.22138760191849766,0.172712272138615,0.17265461573706659
2525,ks_toyota_ae86_drift,80,0.24024024024024024,9.3,0.16231562043547265,10,10,0,0,0,0,0,,,,0,0,0,0,0,0,0,0,0.227766424974121,0.0589149239339623,0.10423958568859751,0.10410169457462126
2525,ks_toyota_ae86_drift,160,0.4804804804804805,9.3,0.16231562043547265,10,10,0,0,0,0,0,,,,0,0,0,0,0,0,0,0,0.2435471234841859,0.07231660218906696,0.13192519720028884,0.13161147540593104
2525,ks_toyota_ae86_drift,240,0.7207207207207207,9.3,0.16231562043547265,10,10,0,0,0,0,0,,,,0,0,0,0,0,0,0,0,0.2939200087368679,0.13268963143858814,0.194807560577636,0.19471595333343586
2526,ks_toyota_ae86_drift,80,0.24024024024024024,9.3,0.16231562043547265,10,10,0,0,0,0,0,,,,0,0,0,0,0,0,0,0,0.26543972072350147,0.0620965314370387,0.10835453453969218,0.10797453856604411
2526,ks_toyota_ae86_drift,160,0.4804804804804805,9.3,0.16231562043547265,10,10,0,0,0,0,0,,,,0,0,0,0,0,0,0,0,0.35664030186377277,0.16824714269042496,0.22995694134613812,0.22961105629770046
2526,ks_toyota_ae86_drift,240,0.7207207207207207,9.3,0.16231562043547265,10,10,0,0,0,0,0,,,,0,0,0,0,0,0,0,0,0.4576015434931096,0.2616858647639183,0.3499712091086371,0.3490389149673568
2527,ks_toyota_ae86_drift,80,0.24024024024024024,9.3,0.16231562043547265,10,10,0,0,0,0,0,,,,0,0,0,0,0,0,0,0,0.20929089667136871,0.06219506225190142,0.07537759415429049,0.07513599622272112
2527,ks_toyota_ae86_drift,160,0.4804804804804805,9.3,0.16231562043547265,10,10,0,0,0,0,0,,,,0,0,0,0,0,0,0,0,0.312998434636006,0.1443381722225011,0.18971007834226444,0.18966925728980302
2527,ks_toyota_ae86_drift,240,0.7207207207207207,9.3,0.16231562043547265,10,10,0,0,0,0,0,,,,0,0,0,0,0,0,0,0,0.38803638696164705,0.2350428976372853,0.3171863544534288,0.31657646658531424
2528,ks_toyota_ae86_drift,80,0.24024024024024024,9.3,0.16231562043547265,10,10,0,0,0,0,0,,,,0,0,0,0,0,0,0,0,0.3185881707392946,0.1380851740579941,0.1527533788265667,0.15253689384638905
2528,ks_toyota_ae86_drift,160,0.4804804804804805,9.3,0.16231562043547265,10,10,0,0,0,0,0,,,,0,0,0,0,0,0,0,0,0.4030695532835658,0.21839301753469664,0.27015588630411597,0.26937292250965034
2528,ks_toyota_ae86_drift,240,0.7207207207207207,9.3,0.16231562043547265,10,10,0,0,0,0,0,,,,0,0,0,0,0,0,0,0,0.5256904720293503,0.3384139954244466,0.4177204958162283,0.41720708437014015
2529,ks_toyota_ae86_drift,80,0.24024024024024024,9.3,0.16231562043547265,10,10,0,0,0,0,0,,,,0,0,0,0,0,0,0,0,0.48874368429207693,0.3301979448635824,0.2575703022630154,0.25729722809834715
2529,ks_toyota_ae86_drift,160,0.4804804804804805,9.3,0.16231562043547265,10,10,0,0,0,0,0,,,,0,0,0,0,0,0,0,0,0.7118340443665309,0.5379066388858883,0.5467796415871167,0.5455579448601835
2529,ks_toyota_ae86_drift,240,0.7207207207207207,9.3,0.16231562043547265,10,10,0,0,0,0,0,,,,0,0,0,0,0,0,0,0,0.937973336853455,0.771764898908573,0.8254124063010266,0.8237787637897771
2530,ks_toyota_ae86_drift,80,0.24024024024024024,9.3,0.16231562043547265,10,10,0,0,0,0,0,,,,0,0,0,0,0,0,0,0,0.47495860163884585,0.3011861560749979,0.23829577522950388,0.23686669154781095
2530,ks_toyota_ae86_drift,160,0.4804804804804805,9.3,0.16231562043547265,10,10,0,0,0,0,0,,,,0,0,0,0,0,0,0,0,0.7381529510335585,0.5551627382979553,0.5623004994240302,0.5607878793271368
2530,ks_toyota_ae86_drift,240,0.7207207207207207,9.3,0.16231562043547265,10,10,0,0,0,0,0,,,,0,0,0,0,0,0,0,0,1.0047667172423618,0.8249993399387995,0.8931007549146166,0.8903759363226046
2531,ks_toyota_ae86_drift,80,0.24024024024024024,9.3,0.16231562043547265,10,10,0,0,0,0,0,,,,0,0,0,0,0,0,0,0,0.6090946590363164,0.46108269881399466,0.357006170551618,0.3551871257569996
2531,ks_toyota_ae86_drift,160,0.4804804804804805,9.3,0.16231562043547265,10,10,0,0,0,0,0,,,,0,0,0,0,0,0,0,0,0.9302381476184155,0.7744646912605793,0.7344774021255925,0.7330527740751159
2531,ks_toyota_ae86_drift,240,0.7207207207207207,9.3,0.16231562043547265,10,10,0,0,0,0,0,,,,0,0,0,0,0,0,0,0,1.307191058547836,1.1070817770703891,1.1603494619119665,1.1568526185003316
2532,ks_toyota_ae86_drift,80,0.24024024024024024,9.3,0.16231562043547265,10,10,0,0,0,0,0,,,,0,0,0,0,0,0,0,0,0.6494365843996149,0.4656520953687332,0.3619789751542104,0.36124995918201736
2532,ks_toyota_ae86_drift,160,0.4804804804804805,9.3,0.16231562043547265,10,10,0,0,0,0,0,,,,0,0,0,0,0,0,0,0,0.9075737656833149,0.7527604311515415,0.7121620001683973,0.7089609359643355
2532,ks_toyota_ae86_drift,240,0.7207207207207207,9.3,0.16231562043547265,10,10,0,0,0,0,0,,,,0,0,0,0,0,0,0,0,1.2720008567268724,1.0810935476087253,1.1170992099835648,1.1134761147939904
2533,ks_toyota_ae86_drift,80,0.24024024024024024,9.3,0.16231562043547265,10,10,0,0,0,0,0,,,,0,0,0,0,0,0,0,0,0.9865566858631672,0.7874366078766086,0.5358663866756114,0.5344966135819065
2533,ks_toyota_ae86_drift,160,0.4804804804804805,9.3,0.16231562043547265,10,10,0,0,0,0,0,,,,0,0,0,0,0,0,0,0,1.3665886247260883,1.1883582534291905,1.0703855185374378,1.0658981909744452
2533,ks_toyota_ae86_drift,240,0.7207207207207207,9.3,0.16231562043547265,10,10,0,0,0,0,0,,,,0,0,0,0,0,0,0,0,1.8430435180408429,1.6672175867752013,1.6492881267605062,1.641704268904265
2534,ks_toyota_ae86_drift,80,0.24024024024024024,9.3,0.16231562043547265,10,10,0,0,0,0,0,,,,0,0,0,0,0,0,0,0,0.9977417609592978,0.8509120637936229,0.5691850633031386,0.5669954540656206
2534,ks_toyota_ae86_drift,160,0.4804804804804805,9.3,0.16231562043547265,10,10,0,0,0,0,0,,,,0,0,0,0,0,0,0,0,1.5946218539646628,1.4079527839482144,1.2603749142641587,1.2546630618490298
2534,ks_toyota_ae86_drift,240,0.7207207207207207,9.3,0.16231562043547265,10,10,0,0,0,0,0,,,,0,0,0,0,0,0,0,0,2.189257482775738,2.012056122165985,2.010742164524404,1.9988885846632585
2535,ks_toyota_ae86_drift,80,0.24024024024024024,9.3,0.16231562043547265,10,10,0,0,0,0,0,,,,0,0,0,0,0,0,0,0,1.4116565607473597,1.2312856721976033,0.8115661187495299,0.8083219389763324
2535,ks_toyota_ae86_drift,160,0.4804804804804805,9.3,0.16231562043547265,10,10,0,0,0,0,0,,,,0,0,0,0,0,0,0,0,2.1423643921421927,1.9635972106652142,1.7076401403872177,1.69902705840042
2535,ks_toyota_ae86_drift,240,0.7207207207207207,9.3,0.16231562043547265,10,10,0,0,0,0,0,,,,0,0,0,0,0,0,0,0,3.066336161362239,2.855949686339744,2.774834573200084,2.750488790790397
2536,ks_toyota_ae86_drift,80,0.24024024024024024,9.3,0.16231562043547265,10,10,0,0,0,0,0,,,,0,0,0,0,0,0,0,0,1.0923626126873058,0.9130427194960853,0.6315958101224243,0.6281387205461929
2536,ks_toyota_ae86_drift,160,0.4804804804804805,9.3,0.16231562043547265,10,10,0,0,0,0,0,,,,0,0,0,0,0,0,0,0,1.6522643816913392,1.4857300690178536,1.34253429929489,1.3358337769974018
2536,ks_toyota_ae86_drift,240,0.7207207207207207,9.3,0.16231562043547265,10,10,0,0,0,0,0,,,,0,0,0,0,0,0,0,0,2.3701142752519173,2.226477958327488,2.111791398200158,2.1020045908931757
2537,ks_toyota_ae86_drift,80,0.24024024024024024,9.3,0.16231562043547265,10,10,0,0,0,0,0,,,,0,0,0,0,0,0,0,0,1.409474101864129,1.2305888861805563,0.9642425645664413,0.9769777724390475
2537,ks_toyota_ae86_drift,160,0.4804804804804805,9.3,0.16231562043547265,10,10,0,0,0,0,0,,,,0,0,0,0,0,0,0,0,1.4182499344522432,1.2305888861805563,1.1102753173941933,1.1023385308569327
2537,ks_toyota_ae86_drift,240,0.7207207207207207,9.3,0.16231562043547265,10,10,0,0,0,0,0,,,,0,0,0,0,0,0,0,0,1.8980781941650438,1.7098401016301965,1.6626828747748417,1.6560431838496488
2538,ks_toyota_ae86_drift,80,0.24024024024024024,9.3,0.16231562043547265,10,10,0,0,0,0,0,,,,0,0,0,0,0,0,0,0,1.5749230547898172,1.3982376936275176,1.1856031258727366,1.1888075518105303
2538,ks_toyota_ae86_drift,160,0.4804804804804805,9.3,0.16231562043547265,10,10,0,0,0,0,0,,,,0,0,0,0,0,0,0,0,1.5749230547898172,1.3982376936275176,1.1856031258727366,1.1888075518105303
2538,ks_toyota_ae86_drift,240,0.7207207207207207,9.3,0.16231562043547265,10,10,0,0,0,0,0,,,,0,0,0,0,0,0,0,0,1.6829690702183084,1.5018768496591755,1.4851358425600625,1.479604563271116
2539,ks_toyota_ae86_drift,80,0.24024024024024024,9.3,0.16231562043547265,10,10,0,0,0,0,0,,,,0,0,0,0,0,0,0,0,1.7022622201894788,1.5280128886833464,1.2867612156883874,1.295140363696112
2539,ks_toyota_ae86_drift,160,0.4804804804804805,9.3,0.16231562043547265,10,10,0,0,0,0,0,,,,0,0,0,0,0,0,0,0,1.7022622201894788,1.5280128886833464,1.2867612156883874,1.295140363696112
2539,ks_toyota_ae86_drift,240,0.7207207207207207,9.3,0.16231562043547265,10,10,0,0,0,0,0,,,,0,0,0,0,0,0,0,0,1.8692607722831136,1.6860815020457187,1.6552272964089496,1.6482727764517016
2540,ks_toyota_ae86_drift,80,0.24024024024024024,9.3,0.16231562043547265,10,10,0,0,0,0,0,,,,0,0,0,0,0,0,0,0,1.4740676277317626,1.2876710182301743,1.0926765879457148,1.0995332440987615
2540,ks_toyota_ae86_drift,160,0.4804804804804805,9.3,0.16231562043547265,10,10,0,0,0,0,0,,,,0,0,0,0,0,0,0,0,1.4740676277317626,1.2876710182301743,1.0926765879457148,1.0995332440987615
2540,ks_toyota_ae86_drift,240,0.7207207207207207,9.3,0.16231562043547265,10,10,0,0,0,0,0,,,,0,0,0,0,0,0,0,0,1.671506625408852,1.4990434950923837,1.4666172787294538,1.4615359381520818
2541,ks_toyota_ae86_drift,80,0.24024024024024024,9.3,0.16231562043547265,10,10,0,0,0,0,0,,,,0,0,0,0,0,0,0,0,1.5893618612518126,1.3618975654267589,1.1885570759670614,1.2002848309370906
2541,ks_toyota_ae86_drift,160,0.4804804804804805,9.3,0.16231562043547265,10,10,0,0,0,0,0,,,,0,0,0,0,0,0,0,0,1.5893618612518126,1.3618975654267589,1.1885570759670614,1.2002848309370906
2541,ks_toyota_ae86_drift,240,0.7207207207207207,9.3,0.16231562043547265,10,10,0,0,0,0,0,,,,0,0,0,0,0,0,0,0,1.5893618612518126,1.3920975670070876,1.3736797484667367,1.3672114526010288
2542,ks_toyota_ae86_drift,80,0.24024024024024024,9.3,0.16231562043547265,10,10,0,0,0,0,0,,,,0,0,0,0,0,0,0,0,2.1628605091809314,1.989120560376494,1.2253530125732126,1.227676770994898
2542,ks_toyota_ae86_drift,160,0.4804804804804805,9.3,0.16231562043547265,10,10,0,0,0,0,0,,,,0,0,0,0,0,0,0,0,2.7863880516245723,2.61390933993906,2.1322339409425943,2.120761144127677
2542,ks_toyota_ae86_drift,240,0.7207207207207207,9.3,0.16231562043547265,10,10,0,0,0,0,0,,,,0,0,0,0,0,0,0,0,3.8762386488011944,3.6948954187900633,3.3641055153049377,3.3404828791736256
2543,ks_toyota_ae86_drift,80,0.24024024024024024,9.3,0.16231562043547265,10,10,0,0,0,0,0,,,,0,0,0,0,0,0,0,0,1.1285465003108004,0.961839725360772,0.6273003681864266,0.6256953270923266
2543,ks_toyota_ae86_drift,160,0.4804804804804805,9.3,0.16231562043547265,10,10,0,0,0,0,0,,,,0,0,0,0,0,0,0,0,1.5978633123343629,1.4209038898316164,1.2481695796607575,1.2424447071975233
2543,ks_toyota_ae86_drift,240,0.7207207207207207,9.3,0.16231562043547265,10,10,0,0,0,0,0,,,,0,0,0,0,0,0,0,0,2.161568749654153,1.9807984017596567,1.9150881399627258,1.9051506416071804
2544,ks_toyota_ae86_drift,80,0.24024024024024024,9.3,0.16231562043547265,10,10,0,0,0,0,0,,,,0,0,0,0,0,0,0,0,1.2831832637803584,1.1050858677288644,1.1288397715582879,1.1347524742236974
2544,ks_toyota_ae86_drift,160,0.4804804804804805,9.3,0.16231562043547265,10,10,0,0,0,0,0,,,,0,0,0,0,0,0,0,0,1.2831832637803584,1.1050858677288644,1.1288397715582879,1.1347524742236974
2544,ks_toyota_ae86_drift,240,0.7207207207207207,9.3,0.16231562043547265,10,10,0,0,0,0,0,,,,0,0,0,0,0,0,0,0,1.2831832637803584,1.1050858677288644,1.1288397715582879,1.1347524742236974
2545,ks_toyota_ae86_drift,80,0.24024024024024024,9.3,0.16231562043547265,10,10,0,0,0,0,0,,,,0,0,0,0,0,0,0,0,1.8207551166752103,1.6302074597055467,1.4895242391017958,1.4892903051227229
2545,ks_toyota_ae86_drift,160,0.4804804804804805,9.3,0.16231562043547265,10,10,0,0,0,0,0,,,,0,0,0,0,0,0,0,0,1.8207551166752103,1.6302074597055467,1.4895242391017958,1.4892903051227229
2545,ks_toyota_ae86_drift,240,0.7207207207207207,9.3,0.16231562043547265,10,10,0,0,0,0,0,,,,0,0,0,0,0,0,0,0,1.8207551166752103,1.6302074597055467,1.4895242391017958,1.4892903051227229
2546,ks_toyota_ae86_drift,80,0.24024024024024024,9.3,0.16231562043547265,10,10,0,0,0,0,0,,,,0,0,0,0,0,0,0,0,1.7642158779429027,1.6034087856101784,0.972598767407423,0.9690791922724566
2546,ks_toyota_ae86_drift,160,0.4804804804804805,9.3,0.16231562043547265,10,10,0,0,0,0,0,,,,0,0,0,0,0,0,0,0,2.386301823584848,2.210405029106567,1.8504510716391334,1.8408506004304457
2546,ks_toyota_ae86_drift,240,0.7207207207207207,9.3,0.16231562043547265,10,10,0,0,0,0,0,,,,0,0,0,0,0,0,0,0,3.2516724907168886,3.075319140781275,2.8804850064988994,2.8618761561051995
2547,ks_toyota_ae86_drift,80,0.24024024024024024,9.3,0.16231562043547265,10,10,0,0,0,0,0,,,,0,0,0,0,0,0,0,0,1.2623095653465648,1.1127607592001374,0.6768835928576054,0.6736579826612139
2547,ks_toyota_ae86_drift,160,0.4804804804804805,9.3,0.16231562043547265,10,10,0,0,0,0,0,,,,0,0,0,0,0,0,0,0,2.053967230130241,1.885095712100142,1.6187314612394559,1.6094603332148099
2547,ks_toyota_ae86_drift,240,0.7207207207207207,9.3,0.16231562043547265,10,10,0,0,0,0,0,,,,0,0,0,0,0,0,0,0,2.913015703411789,2.7317830370878475,2.5952413657203572,2.579196611029763
2548,ks_toyota_ae86_drift,80,0.24024024024024024,9.3,0.16231562043547265,10,10,0,0,0,0,0,,,,0,0,0,0,0,0,0,0,1.6247632653285176,1.4370233497162581,0.8969187772998009,0.8939845707210456
2548,ks_toyota_ae86_drift,160,0.4804804804804805,9.3,0.16231562043547265,10,10,0,0,0,0,0,,,,0,0,0,0,0,0,0,0,2.2598331871392454,2.0733269744458194,1.7665021770458587,1.7573413992649904
2548,ks_toyota_ae86_drift,240,0.7207207207207207,9.3,0.16231562043547265,10,10,0,0,0,0,0,,,,0,0,0,0,0,0,0,0,3.1381822809113684,2.964828024351625,2.8030949077778353,2.7849327944445363
2549,ks_toyota_ae86_drift,80,0.24024024024024024,9.3,0.16231562043547265,10,10,0,0,0,0,0,,,,0,0,0,0,0,0,0,0,1.4337768754263864,1.5948225974932377,0.7509951474162105,0.7573795066603213
2549,ks_toyota_ae86_drift,160,0.4804804804804805,9.3,0.16231562043547265,10,10,0,0,0,0,0,,,,0,0,0,0,0,0,0,0,3.1263564486937256,3.3159405153818886,2.67154140893857,2.6936891510959824
2549,ks_toyota_ae86_drift,240,0.7207207207207207,9.3,0.16231562043547265,10,10,0,0,0,0,0,,,,0,0,0,0,0,0,0,0,4.852503626967327,5.057552309153458,4.538300837881578,4.581194852756081
2550,ks_toyota_ae86_drift,80,0.24024024024024024,9.3,0.16231562043547265,10,10,0,0,0,0,0,,,,0,0,0,0,0,0,0,0,1.2731741551602338,1.2532720511358744,1.6316808595755654,1.631733259933104
2550,ks_toyota_ae86_drift,160,0.4804804804804805,9.3,0.16231562043547265,10,10,0,0,0,0,0,,,,0,0,0,0,0,0,0,0,3.1578197151053895,3.3323645590148305,2.674010735766941,2.6963657314769813
2550,ks_toyota_ae86_drift,240,0.7207207207207207,9.3,0.16231562043547265,10,10,0,0,0,0,0,,,,0,0,0,0,0,0,0,0,5.10046126506677,5.326780010101966,4.768043642125066,4.815924121980501
2551,ks_toyota_ae86_drift,80,0.24024024024024024,9.3,0.16231562043547265,10,10,0,0,0,0,0,,,,0,0,0,0,0,0,0,0,2.832501860362502,2.6639400487225804,1.4691605636999316,1.4585637386460684
2551,ks_toyota_ae86_drift,160,0.4804804804804805,9.3,0.16231562043547265,10,10,0,0,0,0,0,,,,0,0,0,0,0,0,0,0,4.68266542372626,4.497829832615137,3.6366637872474734,3.6017124286040487
2551,ks_toyota_ae86_drift,240,0.7207207207207207,9.3,0.16231562043547265,10,10,0,0,0,0,0,,,,0,0,0,0,0,0,0,0,7.150472961893928,6.921158752020858,6.245231705812172,6.173237243092006
2552,ks_toyota_ae86_drift,80,0.24024024024024024,9.3,0.16231562043547265,10,10,0,0,0,0,0,,,,0,0,0,0,0,0,0,0,4.4753346045837,4.295560183647556,2.04156253938044,2.0182372299214353
2552,ks_toyota_ae86_drift,160,0.4804804804804805,9.3,0.16231562043547265,10,10,0,0,0,0,0,,,,0,0,0,0,0,0,0,0,8.279592877929892,8.024019152019061,6.207304092237915,6.115435486580304
2552,ks_toyota_ae86_drift,240,0.7207207207207207,9.3,0.16231562043547265,10,10,0,1,1,1,1,181,186,196,64,59,25,23,64,59,25,23,12.806488580558018,12.502503327583785,10.695817546825154,10.54111717721895
2553,ks_toyota_ae86_drift,80,0.24024024024024024,9.3,0.16231562043547265,10,10,0,0,0,0,0,,,,0,0,0,0,0,0,0,0,5.172439079200834,4.999857274347536,2.2511176523148975,2.2254171445720203
2553,ks_toyota_ae86_drift,160,0.4804804804804805,9.3,0.16231562043547265,10,10,0,0,0,0,0,,,,0,0,0,0,0,0,0,0,8.802190288121432,8.568617455300858,6.190119763172985,6.100180259069081
2553,ks_toyota_ae86_drift,240,0.7207207207207207,9.3,0.16231562043547265,10,10,0,1,1,1,1,175,180,190,70,66,12,16,70,66,12,16,12.954874440276544,12.662779692873658,9.889275512457845,10.163484555745407
2554,ks_toyota_ae86_drift,80,0.24024024024024024,9.3,0.16231562043547265,10,10,0,0,0,0,0,,,,0,0,0,0,0,0,0,0,3.4798750873025384,3.307171833148062,1.9547420838497043,1.955773015527553
2554,ks_toyota_ae86_drift,160,0.4804804804804805,9.3,0.16231562043547265,10,10,0,0,0,0,0,,,,0,0,0,0,0,0,0,0,4.370325141849808,4.216471288813863,3.3143633820138505,3.2880323624332166
2554,ks_toyota_ae86_drift,240,0.7207207207207207,9.3,0.16231562043547265,10,10,0,0,0,0,0,,,,0,0,0,0,0,0,0,0,6.19384733891252,5.989517534136534,5.1148750986496125,5.072607753631458
2555,ks_toyota_ae86_drift,80,0.24024024024024024,9.3,0.16231562043547265,10,10,0,0,0,0,0,,,,0,0,0,0,0,0,0,0,2.8944819850989596,2.725177817273622,2.8900637064796073,2.8902395838507355
2555,ks_toyota_ae86_drift,160,0.4804804804804805,9.3,0.16231562043547265,10,10,0,0,0,0,0,,,,0,0,0,0,0,0,0,0,2.8944819850989596,2.725177817273622,2.8900637064796073,2.8902395838507355
2555,ks_toyota_ae86_drift,240,0.7207207207207207,9.3,0.16231562043547265,10,10,0,0,0,0,0,,,,0,0,0,0,0,0,0,0,2.8944819850989596,2.725177817273622,2.8900637064796073,2.8902395838507355
2556,ks_toyota_ae86_drift,80,0.24024024024024024,9.3,0.16231562043547265,10,10,0,0,0,0,0,,,,0,0,0,0,0,0,0,0,4.5796277512283865,4.396880490455994,4.478879045876114,4.479897597836091
2556,ks_toyota_ae86_drift,160,0.4804804804804805,9.3,0.16231562043547265,10,10,0,0,0,0,0,,,,0,0,0,0,0,0,0,0,4.5796277512283865,4.396880490455994,4.478879045876114,4.479897597836091
2556,ks_toyota_ae86_drift,240,0.7207207207207207,9.3,0.16231562043547265,10,10,0,0,0,0,0,,,,0,0,0,0,0,0,0,0,4.5796277512283865,4.396880490455994,4.478879045876114,4.479897597836091
2557,ks_toyota_ae86_drift,80,0.24024024024024024,9.3,0.16231562043547265,10,10,0,0,0,0,0,,,,0,0,0,0,0,0,0,0,5.372583685562894,5.197750906491255,4.0837654089955695,4.08481981944869
2557,ks_toyota_ae86_drift,160,0.4804804804804805,9.3,0.16231562043547265,10,10,0,0,0,0,0,,,,0,0,0,0,0,0,0,0,5.372583685562894,5.197750906491255,4.0837654089955695,4.08481981944869
2557,ks_toyota_ae86_drift,240,0.7207207207207207,9.3,0.16231562043547265,10,10,0,0,0,0,0,,,,0,0,0,0,0,0,0,0,5.420772377704627,5.236150230005066,4.592693049336974,4.5514340109950435
2558,ks_toyota_ae86_drift,80,0.24024024024024024,9.3,0.16231562043547265,10,10,0,0,0,0,0,,,,0,0,0,0,0,0,0,0,4.946354695031534,4.766284868413788,2.4826719507923194,2.483356677256613
2558,ks_toyota_ae86_drift,160,0.4804804804804805,9.3,0.16231562043547265,10,10,0,0,0,0,0,,,,0,0,0,0,0,0,0,0,6.43213428292087,6.208498948455843,4.408537062048268,4.367168313792793
2558,ks_toyota_ae86_drift,240,0.7207207207207207,9.3,0.16231562043547265,10,10,0,0,0,0,0,,,,0,0,0,0,0,0,0,0,9.179832301105082,8.907829408919433,7.2940315854165485,7.214278881572894
2559,ks_toyota_ae86_drift,80,0.24024024024024024,9.3,0.16231562043547265,10,10,0,0,0,0,0,,,,0,0,0,0,0,0,0,0,4.440590712936315,4.297126431401605,2.159460569078146,2.1601341964850387
2559,ks_toyota_ae86_drift,160,0.4804804804804805,9.3,0.16231562043547265,10,10,0,0,0,0,0,,,,0,0,0,0,0,0,0,0,5.641577025645506,5.445095535112689,3.9754970922539354,3.9354273606012327
2559,ks_toyota_ae86_drift,240,0.7207207207207207,9.3,0.16231562043547265,10,10,0,0,0,0,0,,,,0,0,0,0,0,0,0,0,8.413730109266126,8.130017711522136,6.8295774411952115,6.753832777733886
2560,ks_toyota_ae86_drift,80,0.24024024024024024,9.3,0.16231562043547265,10,10,0,0,0,0,0,,,,0,0,0,0,0,0,0,0,3.1259069368689745,2.9523832062404503,2.080889701404316,2.081232491523286
2560,ks_toyota_ae86_drift,160,0.4804804804804805,9.3,0.16231562043547265,10,10,0,0,0,0,0,,,,0,0,0,0,0,0,0,0,3.2164308490337383,3.0103533696038753,2.3972098491327696,2.3852092067610573
2560,ks_toyota_ae86_drift,240,0.7207207207207207,9.3,0.16231562043547265,10,10,0,0,0,0,0,,,,0,0,0,0,0,0,0,0,4.295190072771906,4.083703510406216,3.8197205409666313,3.788400281640715
2561,ks_toyota_ae86_drift,80,0.24024024024024024,9.3,0.16231562043547265,10,10,0,0,0,0,0,,,,0,0,0,0,0,0,0,0,2.11153633332334,1.9254792055678425,2.0504370895464024,2.0557836335626414
2561,ks_toyota_ae86_drift,160,0.4804804804804805,9.3,0.16231562043547265,10,10,0,0,0,0,0,,,,0,0,0,0,0,0,0,0,2.11153633332334,1.9254792055678425,2.0504370895464024,2.0557836335626414
2561,ks_toyota_ae86_drift,240,0.7207207207207207,9.3,0.16231562043547265,10,10,0,0,0,0,0,,,,0,0,0,0,0,0,0,0,2.11153633332334,1.9254792055678425,2.0504370895464024,2.0557836335626414
2562,ks_toyota_ae86_drift,80,0.24024024024024024,9.3,0.16231562043547265,10,10,0,0,0,0,0,,,,0,0,0,0,0,0,0,0,2.724826275974778,2.522340195387873,2.9365922357662035,2.937004608437343
2562,ks_toyota_ae86_drift,160,0.4804804804804805,9.3,0.16231562043547265,10,10,0,0,0,0,0,,,,0,0,0,0,0,0,0,0,2.724826275974778,2.522340195387873,2.9365922357662035,2.937004608437343
2562,ks_toyota_ae86_drift,240,0.7207207207207207,9.3,0.16231562043547265,10,10,0,0,0,0,0,,,,0,0,0,0,0,0,0,0,3.3108513841199945,3.5149525910021966,3.1108692081941336,3.1334278289188044
2563,ks_toyota_ae86_drift,80,0.24024024024024024,9.3,0.16231562043547265,10,10,0,0,0,0,0,,,,0,0,0,0,0,0,0,0,2.1146257132623014,1.9429702528151873,2.0909305063710577,2.091025702132615
2563,ks_toyota_ae86_drift,160,0.4804804804804805,9.3,0.16231562043547265,10,10,0,0,0,0,0,,,,0,0,0,0,0,0,0,0,2.1146257132623014,1.9429702528151873,2.0909305063710577,2.091025702132615
2563,ks_toyota_ae86_drift,240,0.7207207207207207,9.3,0.16231562043547265,10,10,0,0,0,0,0,,,,0,0,0,0,0,0,0,0,2.1146257132623014,1.9429702528151873,2.0909305063710577,2.091025702132615
2564,ks_toyota_ae86_drift,80,0.24024024024024024,9.3,0.16231562043547265,10,10,0,0,0,0,0,,,,0,0,0,0,0,0,0,0,1.6360406547001491,1.446997133451769,1.1741479381392732,1.173819342007172
2564,ks_toyota_ae86_drift,160,0.4804804804804805,9.3,0.16231562043547265,10,10,0,0,0,0,0,,,,0,0,0,0,0,0,0,0,1.6360406547001491,1.446997133451769,1.1775235456931405,1.1738952211399827
2564,ks_toyota_ae86_drift,240,0.7207207207207207,9.3,0.16231562043547265,10,10,0,0,0,0,0,,,,0,0,0,0,0,0,0,0,2.047036295669971,1.8286211467215379,1.794946820009494,1.7871256130795947
2565,ks_toyota_ae86_drift,80,0.24024024024024024,9.3,0.16231562043547265,10,10,0,0,0,0,0,,,,0,0,0,0,0,0,0,0,0.6613829054230845,0.5247395816308374,0.33362096353524306,0.3329552602150048
2565,ks_toyota_ae86_drift,160,0.4804804804804805,9.3,0.16231562043547265,10,10,0,0,0,0,0,,,,0,0,0,0,0,0,0,0,1.2273667444396028,1.0655200759708616,0.9723623788291171,0.9696643473852563
2565,ks_toyota_ae86_drift,240,0.7207207207207207,9.3,0.16231562043547265,10,10,0,0,0,0,0,,,,0,0,0,0,0,0,0,0,1.7817634876943116,1.599581104910621,1.5952044477565237,1.5893578058269928
2566,ks_toyota_ae86_drift,80,0.24024024024024024,9.3,0.16231562043547265,10,10,0,0,0,0,0,,,,0,0,0,0,0,0,0,0,0.08164682068818288,0.24464958538533468,0.08923840252788016,0.08930217541719118
2566,ks_toyota_ae86_drift,160,0.4804804804804805,9.3,0.16231562043547265,10,10,0,0,0,0,0,,,,0,0,0,0,0,0,0,0,0.19340152878439187,0.39079002041422,0.2520488947318535,0.2521511341259921
2566,ks_toyota_ae86_drift,240,0.7207207207207207,9.3,0.16231562043547265,10,10,0,0,0,0,0,,,,0,0,0,0,0,0,0,0,0.35004652795249236,0.5328260453604566,0.4434886117597179,0.443870648785989
2567,ks_toyota_ae86_drift,80,0.24024024024024024,9.3,0.16231562043547265,10,10,0,0,0,0,0,,,,0,0,0,0,0,0,0,0,0.7706494970005983,0.5744459631504879,0.6588120328916623,0.6593705075780166
2567,ks_toyota_ae86_drift,160,0.4804804804804805,9.3,0.16231562043547265,10,10,0,0,0,0,0,,,,0,0,0,0,0,0,0,0,0.7706494970005983,0.5744459631504879,0.6588120328916623,0.6593705075780166
2567,ks_toyota_ae86_drift,240,0.7207207207207207,9.3,0.16231562043547265,10,10,0,0,0,0,0,,,,0,0,0,0,0,0,0,0,0.7706494970005983,0.5744459631504879,0.6588120328916623,0.6593705075780166
2568,ks_toyota_ae86_drift,80,0.24024024024024024,9.3,0.16231562043547265,10,10,0,0,0,0,0,,,,0,0,0,0,0,0,0,0,0.6876109385576393,0.5042276164187901,0.3759770476517549,0.37537153537357737
2568,ks_toyota_ae86_drift,160,0.4804804804804805,9.3,0.16231562043547265,10,10,0,0,0,0,0,,,,0,0,0,0,0,0,0,0,1.0051677774126884,0.8292748782766688,0.793301072331005,0.7910450288316381
2568,ks_toyota_ae86_drift,240,0.7207207207207207,9.3,0.16231562043547265,10,10,0,0,0,0,0,,,,0,0,0,0,0,0,0,0,1.3984773905787027,1.224453241871769,1.2350107933379049,1.231242876793585
2569,ks_toyota_ae86_drift,80,0.24024024024024024,9.3,0.16231562043547265,10,10,0,0,0,0,0,,,,0,0,0,0,0,0,0,0,0.912999924092067,0.7965726262217354,0.49925780002395953,0.49784891342508575
2569,ks_toyota_ae86_drift,160,0.4804804804804805,9.3,0.16231562043547265,10,10,0,0,0,0,0,,,,0,0,0,0,0,0,0,0,1.6834352306291618,1.5286741363723684,1.341021625837144,1.336061307674128
2569,ks_toyota_ae86_drift,240,0.7207207207207207,9.3,0.16231562043547265,10,10,0,0,0,0,0,,,,0,0,0,0,0,0,0,0,2.415443466008942,2.240039939254783,2.1627145138874226,2.152827388177006
2570,ks_toyota_ae86_drift,80,0.24024024024024024,9.3,0.16231562043547265,10,10,0,0,0,0,0,,,,0,0,0,0,0,0,0,0,0.6109076473741316,0.4499500240754028,0.28568093296798136,0.28503705423657544
2570,ks_toyota_ae86_drift,160,0.4804804804804805,9.3,0.16231562043547265,10,10,0,0,0,0,0,,,,0,0,0,0,0,0,0,0,1.1328493060444969,0.9643154554914901,0.9003353659886881,0.8980666759671861
2570,ks_toyota_ae86_drift,240,0.7207207207207207,9.3,0.16231562043547265,10,10,0,0,0,0,0,,,,0,0,0,0,0,0,0,0,1.6419770495842423,1.467593355450531,1.4590843271268703,1.4544296599292124
2571,ks_toyota_ae86_drift,80,0.24024024024024024,9.3,0.16231562043547265,10,10,0,0,0,0,0,,,,0,0,0,0,0,0,0,0,0.815591714852459,0.6493262875166897,0.465511542882219,0.46636424931141285
2571,ks_toyota_ae86_drift,160,0.4804804804804805,9.3,0.16231562043547265,10,10,0,0,0,0,0,,,,0,0,0,0,0,0,0,0,1.0545285940490186,0.8915728202529436,0.8268524556379886,0.8247680740023712
2571,ks_toyota_ae86_drift,240,0.7207207207207207,9.3,0.16231562043547265,10,10,0,0,0,0,0,,,,0,0,0,0,0,0,0,0,1.4416188930889131,1.2421280638964696,1.2617261177810577,1.2582907460719528
2572,ks_toyota_ae86_drift,80,0.24024024024024024,9.3,0.16231562043547265,10,10,0,0,0,0,0,,,,0,0,0,0,0,0,0,0,0.98177373917516,0.8166942034340342,0.5742238752807568,0.576328373957914
2572,ks_toyota_ae86_drift,160,0.4804804804804805,9.3,0.16231562043547265,10,10,0,0,0,0,0,,,,0,0,0,0,0,0,0,0,1.2409561528452835,1.0832086650956079,0.9799396199396,0.9772678420353614
2572,ks_toyota_ae86_drift,240,0.7207207207207207,9.3,0.16231562043547265,10,10,0,0,0,0,0,,,,0,0,0,0,0,0,0,0,1.7498536976656582,1.5780177708140677,1.5668686609327853,1.5616372696370846
2573,ks_toyota_ae86_drift,80,0.24024024024024024,9.3,0.16231562043547265,10,10,0,0,0,0,0,,,,0,0,0,0,0,0,0,0,1.5144320180141282,1.3749312739104358,0.9040533367747022,0.9012625641685174
2573,ks_toyota_ae86_drift,160,0.4804804804804805,9.3,0.16231562043547265,10,10,0,0,0,0,0,,,,0,0,0,0,0,0,0,0,2.33803863969248,2.1362347242489292,1.8532384291507331,1.8444168129508385
2573,ks_toyota_ae86_drift,240,0.7207207207207207,9.3,0.16231562043547265,10,10,0,0,0,0,0,,,,0,0,0,0,0,0,0,0,3.34477992193521,3.180153579917685,3.0022606626544683,2.985030229812642
2574,ks_toyota_ae86_drift,80,0.24024024024024024,9.3,0.16231562043547265,10,10,0,0,0,0,0,,,,0,0,0,0,0,0,0,0,1.2335326977128318,1.073348539976754,0.6820720820275821,0.680161336607271
2574,ks_toyota_ae86_drift,160,0.4804804804804805,9.3,0.16231562043547265,10,10,0,0,0,0,0,,,,0,0,0,0,0,0,0,0,2.098081714432061,1.9508256106909365,1.6888803855015428,1.6815173348545633
2574,ks_toyota_ae86_drift,240,0.7207207207207207,9.3,0.16231562043547265,10,10,0,0,0,0,0,,,,0,0,0,0,0,0,0,0,3.130342504404663,2.873993552023037,2.7397577098306605,2.725719109765346
2575,ks_toyota_ae86_drift,80,0.24024024024024024,9.3,0.16231562043547265,10,10,0,0,0,0,0,,,,0,0,0,0,0,0,0,0,1.4705437837285649,1.279153025283228,0.846923980370276,0.8525578192184787
2575,ks_toyota_ae86_drift,160,0.4804804804804805,9.3,0.16231562043547265,10,10,0,0,0,0,0,,,,0,0,0,0,0,0,0,0,1.8903903893673712,1.7415760420001318,1.5257684244890568,1.5192596810968577
2575,ks_toyota_ae86_drift,240,0.7207207207207207,9.3,0.16231562043547265,10,10,0,0,0,0,0,,,,0,0,0,0,0,0,0,0,2.61456482465597,2.4321676110785413,2.3606918158484733,2.348420954117722
2576,ks_toyota_ae86_drift,80,0.24024024024024024,9.3,0.16231562043547265,10,10,0,0,0,0,0,,,,0,0,0,0,0,0,0,0,1.701825514969421,1.5233572609903365,1.0158175364326192,1.0208625916300256
2576,ks_toyota_ae86_drift,160,0.4804804804804805,9.3,0.16231562043547265,10,10,0,0,0,0,0,,,,0,0,0,0,0,0,0,0,2.193616851013499,1.9699245271575847,1.6780706506446457,1.671418153114759
2576,ks_toyota_ae86_drift,240,0.7207207207207207,9.3,0.16231562043547265,10,10,0,0,0,0,0,,,,0,0,0,0,0,0,0,0,3.045224686967964,2.8454632115296588,2.6946248870122744,2.6800232232272565
2577,ks_toyota_ae86_drift,80,0.24024024024024024,9.3,0.16231562043547265,10,10,0,0,0,0,0,,,,0,0,0,0,0,0,0,0,1.7517449130138114,1.5455955031542519,0.9987465458192302,1.0039710002040552
2577,ks_toyota_ae86_drift,160,0.4804804804804805,9.3,0.16231562043547265,10,10,0,0,0,0,0,,,,0,0,0,0,0,0,0,0,2.2251972978581107,2.050300058876179,1.7785484963076454,1.7701318889811914
2577,ks_toyota_ae86_drift,240,0.7207207207207207,9.3,0.16231562043547265,10,10,0,0,0,0,0,,,,0,0,0,0,0,0,0,0,3.1597507376497993,2.9752103387768676,2.7954056088762815,2.780036189139872
2578,ks_toyota_ae86_drift,80,0.24024024024024024,9.3,0.16231562043547265,10,10,0,0,0,0,0,,,,0,0,0,0,0,0,0,0,2.2856344401723803,2.1348195944302675,1.340762292092095,1.3354598241403435
2578,ks_toyota_ae86_drift,160,0.4804804804804805,9.3,0.16231562043547265,10,10,0,0,0,0,0,,,,0,0,0,0,0,0,0,0,3.2532780120586646,3.046592645792671,2.5675558342499456,2.55224703244242
2578,ks_toyota_ae86_drift,240,0.7207207207207207,9.3,0.16231562043547265,10,10,0,0,0,0,0,,,,0,0,0,0,0,0,0,0,4.641063595265359,4.422666589006909,4.101520912629841,4.072010653433978
2579,ks_toyota_ae86_drift,80,0.24024024024024024,9.3,0.16231562043547265,10,10,0,0,0,0,0,,,,0,0,0,0,0,0,0,0,1.6738218460940746,1.497800614106853,1.0864992154499673,1.0866353923465444
2579,ks_toyota_ae86_drift,160,0.4804804804804805,9.3,0.16231562043547265,10,10,0,0,0,0,0,,,,0,0,0,0,0,0,0,0,1.8914405309522608,1.73417990762436,1.494733005395871,1.489622316349409
2579,ks_toyota_ae86_drift,240,0.7207207207207207,9.3,0.16231562043547265,10,10,0,0,0,0,0,,,,0,0,0,0,0,0,0,0,2.6279016227840657,2.4457411179500603,2.328311383097324,2.318122661846369
2580,ks_toyota_ae86_drift,80,0.24024024024024024,9.3,0.16231562043547265,10,10,0,0,0,0,0,,,,0,0,0,0,0,0,0,0,1.9201388514105386,1.7163375325215826,1.626191842082108,1.631722054153997
2580,ks_toyota_ae86_drift,160,0.4804804804804805,9.3,0.16231562043547265,10,10,0,0,0,0,0,,,,0,0,0,0,0,0,0,0,1.9201388514105386,1.7163375325215826,1.626191842082108,1.631722054153997
2580,ks_toyota_ae86_drift,240,0.7207207207207207,9.3,0.16231562043547265,10,10,0,0,0,0,0,,,,0,0,0,0,0,0,0,0,1.9201388514105386,1.7163375325215826,1.626191842082108,1.631722054153997
2581,ks_toyota_ae86_drift,80,0.24024024024024024,9.3,0.16231562043547265,10,10,0,0,0,0,0,,,,0,0,0,0,0,0,0,0,2.7817763932743444,2.6049026683013405,2.0192197099448594,2.0195742394514653
2581,ks_toyota_ae86_drift,160,0.4804804804804805,9.3,0.16231562043547265,10,10,0,0,0,0,0,,,,0,0,0,0,0,0,0,0,2.7817763932743444,2.6049026683013405,2.1178677052405304,2.108540655042055
2581,ks_toyota_ae86_drift,240,0.7207207207207207,9.3,0.16231562043547265,10,10,0,0,0,0,0,,,,0,0,0,0,0,0,0,0,3.7159802127578927,3.4999827373322328,3.239065028726103,3.220219256145568
2582,ks_toyota_ae86_drift,80,0.24024024024024024,9.3,0.16231562043547265,10,10,0,0,0,0,0,,,,0,0,0,0,0,0,0,0,1.8870301497391366,1.6884378105876672,1.1356503239344369,1.139753560078322
2582,ks_toyota_ae86_drift,160,0.4804804804804805,9.3,0.16231562043547265,10,10,0,0,0,0,0,,,,0,0,0,0,0,0,0,0,2.324008577363627,2.150520918671657,1.8437463871951194,1.833599500852831
2582,ks_toyota_ae86_drift,240,0.7207207207207207,9.3,0.16231562043547265,10,10,0,0,0,0,0,,,,0,0,0,0,0,0,0,0,3.315044266496736,3.1489146425315737,2.937765107312742,2.920659325423268
2583,ks_toyota_ae86_drift,80,0.24024024024024024,9.3,0.16231562043547265,10,10,0,0,0,0,0,,,,0,0,0,0,0,0,0,0,1.9222722183091099,1.7673512549370558,1.3170941925141197,1.3180803010755404
2583,ks_toyota_ae86_drift,160,0.4804804804804805,9.3,0.16231562043547265,10,10,0,0,0,0,0,,,,0,0,0,0,0,0,0,0,2.0583609627572637,1.853041207438449,1.598586885499561,1.5929807942948615
2583,ks_toyota_ae86_drift,240,0.7207207207207207,9.3,0.16231562043547265,10,10,0,0,0,0,0,,,,0,0,0,0,0,0,0,0,2.730582417897806,2.51001042327553,2.3807266816748247,2.36971449574206
2584,ks_toyota_ae86_drift,80,0.24024024024024024,9.3,0.16231562043547265,10,10,0,0,0,0,0,,,,0,0,0,0,0,0,0,0,1.9734518929770732,1.7693611448220379,1.4499709337833693,1.4512410288038742
2584,ks_toyota_ae86_drift,160,0.4804804804804805,9.3,0.16231562043547265,10,10,0,0,0,0,0,,,,0,0,0,0,0,0,0,0,1.9734518929770732,1.7693611448220379,1.4499709337833693,1.4512410288038742
2584,ks_toyota_ae86_drift,240,0.7207207207207207,9.3,0.16231562043547265,10,10,0,0,0,0,0,,,,0,0,0,0,0,0,0,0,2.484326137231932,2.294412087029493,2.192746001894322,2.1836065684546107
2585,ks_toyota_ae86_drift,80,0.24024024024024024,9.3,0.16231562043547265,10,10,0,0,0,0,0,,,,0,0,0,0,0,0,0,0,1.8425897373478601,1.6695592744434578,1.32646969436702,1.3308070779333898
2585,ks_toyota_ae86_drift,160,0.4804804804804805,9.3,0.16231562043547265,10,10,0,0,0,0,0,,,,0,0,0,0,0,0,0,0,1.8425897373478601,1.6695592744434578,1.4471891258004699,1.442623357783728
2585,ks_toyota_ae86_drift,240,0.7207207207207207,9.3,0.16231562043547265,10,10,0,0,0,0,0,,,,0,0,0,0,0,0,0,0,2.3644571710718543,2.2008777689880454,2.1515326404424653,2.140960788267755
2586,ks_toyota_ae86_drift,80,0.24024024024024024,9.3,0.16231562043547265,10,10,0,0,0,0,0,,,,0,0,0,0,0,0,0,0,1.3329376700676105,1.1669455036594947,1.0851892065114999,1.0889914874450815
2586,ks_toyota_ae86_drift,160,0.4804804804804805,9.3,0.16231562043547265,10,10,0,0,0,0,0,,,,0,0,0,0,0,0,0,0,1.3329376700676105,1.1669455036594947,1.0851892065114999,1.0889914874450815
2586,ks_toyota_ae86_drift,240,0.7207207207207207,9.3,0.16231562043547265,10,10,0,0,0,0,0,,,,0,0,0,0,0,0,0,0,1.3329376700676105,1.1669455036594947,1.0851892065114999,1.0889914874450815
2587,ks_toyota_ae86_drift,80,0.24024024024024024,9.3,0.16231562043547265,10,10,0,0,0,0,0,,,,0,0,0,0,0,0,0,0,1.9427089980794343,1.7453171713963005,1.6236901785768851,1.6237536779918251
2587,ks_toyota_ae86_drift,160,0.4804804804804805,9.3,0.16231562043547265,10,10,0,0,0,0,0,,,,0,0,0,0,0,0,0,0,1.9427089980794343,1.7453171713963005,1.6236901785768851,1.6237536779918251
2587,ks_toyota_ae86_drift,240,0.7207207207207207,9.3,0.16231562043547265,10,10,0,0,0,0,0,,,,0,0,0,0,0,0,0,0,1.9427089980794343,1.7453171713963005,1.6236901785768851,1.6237536779918251
2588,ks_toyota_ae86_drift,80,0.24024024024024024,9.3,0.16231562043547265,10,10,0,0,0,0,0,,,,0,0,0,0,0,0,0,0,1.638021302837747,1.4415359703235209,1.1447762037175142,1.1438624524726135
2588,ks_toyota_ae86_drift,160,0.4804804804804805,9.3,0.16231562043547265,10,10,0,0,0,0,0,,,,0,0,0,0,0,0,0,0,1.690661143884212,1.5056244890793966,1.3515406507674923,1.3470690112952497
2588,ks_toyota_ae86_drift,240,0.7207207207207207,9.3,0.16231562043547265,10,10,0,0,0,0,0,,,,0,0,0,0,0,0,0,0,2.261535184903048,2.0904622115260887,2.0098030135135274,2.002253306603136
2589,ks_toyota_ae86_drift,80,0.24024024024024024,9.3,0.16231562043547265,10,10,0,0,0,0,0,,,,0,0,0,0,0,0,0,0,1.0057702214418247,0.8313507755366767,0.6847415654151464,0.686348314056539
2589,ks_toyota_ae86_drift,160,0.4804804804804805,9.3,0.16231562043547265,10,10,0,0,0,0,0,,,,0,0,0,0,0,0,0,0,1.0057702214418247,0.8313507755366767,0.7182623729534235,0.7169629294638287
2589,ks_toyota_ae86_drift,240,0.7207207207207207,9.3,0.16231562043547265,10,10,0,0,0,0,0,,,,0,0,0,0,0,0,0,0,1.2595854938064934,1.054860391832293,1.0630038983136523,1.0608204789350697
2590,ks_toyota_ae86_drift,80,0.24024024024024024,9.3,0.16231562043547265,10,10,0,0,0,0,0,,,,0,0,0,0,0,0,0,0,1.3002854171318357,1.1304831791056165,1.1082896533364235,1.1082755660712604
2590,ks_toyota_ae86_drift,160,0.4804804804804805,9.3,0.16231562043547265,10,10,0,0,0,0,0,,,,0,0,0,0,0,0,0,0,1.3002854171318357,1.1304831791056165,1.1082896533364235,1.1082755660712604
2590,ks_toyota_ae86_drift,240,0.7207207207207207,9.3,0.16231562043547265,10,10,0,0,0,0,0,,,,0,0,0,0,0,0,0,0,1.3002854171318357,1.1304831791056165,1.1082896533364235,1.1082755660712604
2591,ks_toyota_ae86_drift,80,0.24024024024024024,9.3,0.16231562043547265,10,10,0,0,0,0,0,,,,0,0,0,0,0,0,0,0,0.9377512489837238,0.7856948562774024,0.8683448409896112,0.8670711174311095
2591,ks_toyota_ae86_drift,160,0.4804804804804805,9.3,0.16231562043547265,10,10,0,0,0,0,0,,,,0,0,0,0,0,0,0,0,0.9377512489837238,0.7856948562774024,0.8683448409896112,0.8670711174311095
2591,ks_toyota_ae86_drift,240,0.7207207207207207,9.3,0.16231562043547265,10,10,0,0,0,0,0,,,,0,0,0,0,0,0,0,0,0.9377512489837238,0.7856948562774024,0.8683448409896112,0.8670711174311095
2592,ks_toyota_ae86_drift,80,0.24024024024024024,9.3,0.16231562043547265,10,10,0,0,0,0,0,,,,0,0,0,0,0,0,0,0,1.2823233002751715,1.0948275639257399,1.1805745058180206,1.1811791910029783
2592,ks_toyota_ae86_drift,160,0.4804804804804805,9.3,0.16231562043547265,10,10,0,0,0,0,0,,,,0,0,0,0,0,0,0,0,1.2823233002751715,1.0948275639257399,1.1805745058180206,1.1811791910029783
2592,ks_toyota_ae86_drift,240,0.7207207207207207,9.3,0.16231562043547265,10,10,0,0,0,0,0,,,,0,0,0,0,0,0,0,0,1.2823233002751715,1.0948275639257399,1.1805745058180206,1.1811791910029783
2593,ks_toyota_ae86_drift,80,0.24024024024024024,9.3,0.16231562043547265,10,10,0,0,0,0,0,,,,0,0,0,0,0,0,0,0,1.142403566754581,0.9536460596776954,0.7542861246573931,0.7542279079668893
2593,ks_toyota_ae86_drift,160,0.4804804804804805,9.3,0.16231562043547265,10,10,0,0,0,0,0,,,,0,0,0,0,0,0,0,0,1.142403566754581,0.9536460596776954,0.7542861246573931,0.7542279079668893
2593,ks_toyota_ae86_drift,240,0.7207207207207207,9.3,0.16231562043547265,10,10,0,0,0,0,0,,,,0,0,0,0,0,0,0,0,1.142403566754581,0.9536460596776954,0.7542861246573931,0.7542279079668893
2594,ks_toyota_ae86_drift,80,0.24024024024024024,9.3,0.16231562043547265,10,10,0,0,0,0,0,,,,0,0,0,0,0,0,0,0,0.6561360394800454,0.4935940257372851,0.4116663602102318,0.41110447042929243
2594,ks_toyota_ae86_drift,160,0.4804804804804805,9.3,0.16231562043547265,10,10,0,0,0,0,0,,,,0,0,0,0,0,0,0,0,0.8379660805520985,0.7323799470810167,0.7401045708671838,0.7388559269095409
2594,ks_toyota_ae86_drift,240,0.7207207207207207,9.3,0.16231562043547265,10,10,0,0,0,0,0,,,,0,0,0,0,0,0,0,0,1.215187023045589,1.0822147658496653,1.1827310313267463,1.179514118949376
2595,ks_toyota_ae86_drift,80,0.24024024024024024,9.3,0.16231562043547265,10,10,0,0,0,0,0,,,,0,0,0,0,0,0,0,0,0.3606317203404254,0.45014511135357127,0.18173224396891766,0.18174207570606277
2595,ks_toyota_ae86_drift,160,0.4804804804804805,9.3,0.16231562043547265,10,10,0,0,0,0,0,,,,0,0,0,0,0,0,0,0,0.8559932442884365,0.9777902447851616,0.749401525544629,0.751325024208781
2595,ks_toyota_ae86_drift,240,0.7207207207207207,9.3,0.16231562043547265,10,10,0,0,0,0,0,,,,0,0,0,0,0,0,0,0,1.503898692375205,1.604884746801136,1.5822550494204144,1.5890140552126708
2596,ks_toyota_ae86_drift,80,0.24024024024024024,9.3,0.16231562043547265,10,10,0,0,0,0,0,,,,0,0,0,0,0,0,0,0,0.5490386199333925,0.4907259332552616,0.715549560553312,0.7155952374433865
2596,ks_toyota_ae86_drift,160,0.4804804804804805,9.3,0.16231562043547265,10,10,0,0,0,0,0,,,,0,0,0,0,0,0,0,0,1.325713250916441,1.4284639487474684,1.0735269786688206,1.0776009730653215
2596,ks_toyota_ae86_drift,240,0.7207207207207207,9.3,0.16231562043547265,10,10,0,0,0,0,0,,,,0,0,0,0,0,0,0,0,2.512891695888218,2.6174586904299395,2.3356666430597812,2.346837630890749
2597,ks_toyota_ae86_drift,80,0.24024024024024024,9.3,0.16231562043547265,10,10,0,0,0,0,0,,,,0,0,0,0,0,0,0,0,0.4474031906082079,0.3177900257821816,0.4892437822053688,0.48920194729670247
2597,ks_toyota_ae86_drift,160,0.4804804804804805,9.3,0.16231562043547265,10,10,0,0,0,0,0,,,,0,0,0,0,0,0,0,0,0.8427260820733627,0.9208637129825731,0.7143765822850681,0.7160527000352186
2597,ks_toyota_ae86_drift,240,0.7207207207207207,9.3,0.16231562043547265,10,10,0,0,0,0,0,,,,0,0,0,0,0,0,0,0,1.5642408523713287,1.6725816331511885,1.4698296020734756,1.4734777768639087
2598,ks_toyota_ae86_drift,80,0.24024024024024024,9.3,0.16231562043547265,10,10,0,0,0,0,0,,,,0,0,0,0,0,0,0,0,0.26106146274381753,0.0688279429982441,0.1869216402733935,0.18683691657921625
2598,ks_toyota_ae86_drift,160,0.4804804804804805,9.3,0.16231562043547265,10,10,0,0,0,0,0,,,,0,0,0,0,0,0,0,0,0.26106146274381753,0.1409796935024118,0.1869216402733935,0.18683691657921625
2598,ks_toyota_ae86_drift,240,0.7207207207207207,9.3,0.16231562043547265,10,10,0,0,0,0,0,,,,0,0,0,0,0,0,0,0,0.26106146274381753,0.19164774431285886,0.1869216402733935,0.18683691657921625
2599,ks_toyota_ae86_drift,80,0.24024024024024024,9.3,0.16231562043547265,10,10,0,0,0,0,0,,,,0,0,0,0,0,0,0,0,0.20474477878870379,0.3664910888333707,0.18599112038047183,0.1859483916775196
2599,ks_toyota_ae86_drift,160,0.4804804804804805,9.3,0.16231562043547265,10,10,0,0,0,0,0,,,,0,0,0,0,0,0,0,0,0.3188739981478037,0.4227284385404492,0.38229179766326965,0.38288895896796976
2599,ks_toyota_ae86_drift,240,0.7207207207207207,9.3,0.16231562043547265,10,10,0,0,0,0,0,,,,0,0,0,0,0,0,0,0,0.7696674438639973,0.8735164147692215,1.1010895667341722,1.1058602404260147
2600,ks_toyota_ae86_drift,80,0.24024024024024024,9.3,0.16231562043547265,10,10,0,0,0,0,0,,,,0,0,0,0,0,0,0,0,0.595010862328603,0.6732722370556669,0.15336625490244313,0.15357625653899457
2600,ks_toyota_ae86_drift,160,0.4804804804804805,9.3,0.16231562043547265,10,10,0,0,0,0,0,,,,0,0,0,0,0,0,0,0,0.8497928732650929,0.956222108211848,0.4628786116788849,0.46363425471667047
2600,ks_toyota_ae86_drift,240,0.7207207207207207,9.3,0.16231562043547265,10,10,0,0,0,0,0,,,,0,0,0,0,0,0,0,0,1.2854836501484777,1.3816041552861267,0.9471023115660001,0.949156704402293
2601,ks_toyota_ae86_drift,80,0.24024024024024024,9.3,0.16231562043547265,10,10,0,0,0,0,0,,,,0,0,0,0,0,0,0,0,1.3977417578607512,1.4868536351363206,0.4493596929598727,0.450824501732576
2601,ks_toyota_ae86_drift,160,0.4804804804804805,9.3,0.16231562043547265,10,10,0,0,0,0,0,,,,0,0,0,0,0,0,0,0,1.9823567521074774,2.0811906566146194,1.0802549284446947,1.0858539760168127
2601,ks_toyota_ae86_drift,240,0.7207207207207207,9.3,0.16231562043547265,10,10,0,0,0,0,0,,,,0,0,0,0,0,0,0,0,2.2422633792730338,2.3298530848590424,1.1449410887529468,1.1468850246237559
2602,ks_toyota_ae86_drift,80,0.24024024024024024,9.3,0.16231562043547265,10,10,0,0,0,0,0,,,,0,0,0,0,0,0,0,0,1.7901766799261807,1.897285038447676,0.44952559185151,0.4508605736691301
2602,ks_toyota_ae86_drift,160,0.4804804804804805,9.3,0.16231562043547265,10,10,0,0,0,0,0,,,,0,0,0,0,0,0,0,0,2.6262645118173786,2.7267086334213513,1.4331500988483319,1.4394778422275256
2602,ks_toyota_ae86_drift,240,0.7207207207207207,9.3,0.16231562043547265,10,10,0,0,0,0,0,,,,0,0,0,0,0,0,0,0,3.0396175285462066,3.1289681422776097,1.7651360324901502,1.772535581960507
2603,ks_toyota_ae86_drift,80,0.24024024024024024,9.3,0.16231562043547265,10,10,0,0,0,0,0,,,,0,0,0,0,0,0,0,0,2.5711263156385695,2.6390265068381358,0.6199656521523321,0.621665995729695
2603,ks_toyota_ae86_drift,160,0.4804804804804805,9.3,0.16231562043547265,10,10,0,0,0,0,0,,,,0,0,0,0,0,0,0,0,3.2671394540923826,3.3550685347027764,1.272318567244984,1.2755938563954166
2603,ks_toyota_ae86_drift,240,0.7207207207207207,9.3,0.16231562043547265,10,10,0,0,0,0,0,,,,0,0,0,0,0,0,0,0,3.504479990013863,3.602639626783878,1.364580762553516,1.3665090103335753
2604,ks_toyota_ae86_drift,80,0.24024024024024024,9.3,0.16231562043547265,10,10,0,0,0,0,0,,,,0,0,0,0,0,0,0,0,3.4995784755107326,3.5877587790165357,1.1088323332103223,1.1143233784161894
2604,ks_toyota_ae86_drift,160,0.4804804804804805,9.3,0.16231562043547265,10,10,0,0,0,0,0,,,,0,0,0,0,0,0,0,0,4.4882120724901124,4.603787410983191,2.402849024066261,2.4225997967118227
2604,ks_toyota_ae86_drift,240,0.7207207207207207,9.3,0.16231562043547265,10,10,0,0,0,0,0,,,,0,0,0,0,0,0,0,0,5.543139912440459,5.649916686622092,3.023986427187221,3.0371138373285738
2605,ks_toyota_ae86_drift,80,0.24024024024024024,9.3,0.16231562043547265,10,10,0,0,0,0,0,,,,0,0,0,0,0,0,0,0,4.086400154467902,4.268203995361185,1.0525089924888102,1.047150388919818
2605,ks_toyota_ae86_drift,160,0.4804804804804805,9.3,0.16231562043547265,10,10,0,0,0,0,0,,,,0,0,0,0,0,0,0,0,4.086400154467902,4.268203995361185,1.0525089924888102,1.047150388919818
2605,ks_toyota_ae86_drift,240,0.7207207207207207,9.3,0.16231562043547265,10,10,0,0,0,0,0,,,,0,0,0,0,0,0,0,0,4.086400154467902,4.268203995361185,1.0525089924888102,1.047150388919818
2606,ks_toyota_ae86_drift,80,0.24024024024024024,9.3,0.16231562043547265,10,10,0,0,0,0,0,,,,0,0,0,0,0,0,0,0,5.551259726703135,5.729316355063021,2.0237735251305535,1.991793085332673
2606,ks_toyota_ae86_drift,160,0.4804804804804805,9.3,0.16231562043547265,10,10,0,0,0,0,0,,,,0,0,0,0,0,0,0,0,5.551259726703135,5.729316355063021,2.0237735251305535,1.991793085332673
2606,ks_toyota_ae86_drift,240,0.7207207207207207,9.3,0.16231562043547265,10,10,0,0,0,0,0,,,,0,0,0,0,0,0,0,0,5.551259726703135,5.729316355063021,2.0237735251305535,1.991793085332673
2607,ks_toyota_ae86_drift,80,0.24024024024024024,9.3,0.16231562043547265,10,10,0,0,0,0,0,,,,0,0,0,0,0,0,0,0,6.3936256763803385,6.565076231152353,2.4265102934550664,2.36361940568147
2607,ks_toyota_ae86_drift,160,0.4804804804804805,9.3,0.16231562043547265,10,10,0,0,0,0,0,,,,0,0,0,0,0,0,0,0,6.3936256763803385,6.565076231152353,2.4265102934550664,2.36361940568147
2607,ks_toyota_ae86_drift,240,0.7207207207207207,9.3,0.16231562043547265,10,10,0,0,0,0,0,,,,0,0,0,0,0,0,0,0,6.3936256763803385,6.565076231152353,2.4265102934550664,2.36361940568147
2608,ks_toyota_ae86_drift,80,0.24024024024024024,9.3,0.16231562043547265,10,10,0,0,0,0,0,,,,0,0,0,0,0,0,0,0,7.450355832497922,7.639612690436159,3.1196056604728146,3.0714201699822556
2608,ks_toyota_ae86_drift,160,0.4804804804804805,9.3,0.16231562043547265,10,10,0,0,0,0,0,,,,0,0,0,0,0,0,0,0,7.450355832497922,7.639612690436159,3.1196056604728146,3.0714201699822556
2608,ks_toyota_ae86_drift,240,0.7207207207207207,9.3,0.16231562043547265,10,10,0,0,0,0,0,,,,0,0,0,0,0,0,0,0,7.450355832497922,7.639612690436159,3.1196056604728146,3.0714201699822556
2609,ks_toyota_ae86_drift,80,0.24024024024024024,9.3,0.16231562043547265,10,10,0,0,0,0,0,,,,0,0,0,0,0,0,0,0,8.242996724356964,8.399954471483856,3.0352799315364254,3.0271167882612025
2609,ks_toyota_ae86_drift,160,0.4804804804804805,9.3,0.16231562043547265,10,10,0,0,0,0,0,,,,0,0,0,0,0,0,0,0,8.242996724356964,8.399954471483856,3.0352799315364254,3.0271167882612025
2609,ks_toyota_ae86_drift,240,0.7207207207207207,9.3,0.16231562043547265,10,10,0,0,0,0,0,,,,0,0,0,0,0,0,0,0,8.242996724356964,8.399954471483856,3.0352799315364254,3.0271167882612025
2610,ks_toyota_ae86_drift,80,0.24024024024024024,9.3,0.16231562043547265,10,10,0,1,1,1,1,11,16,26,10,32,0,0,11,32,0,0,9.347891666954185,9.5302978451549,3.7738746037102135,3.7071457899533042
2610,ks_toyota_ae86_drift,160,0.4804804804804805,9.3,0.16231562043547265,10,10,0,1,1,1,1,11,16,26,10,32,0,0,11,32,0,0,9.347891666954185,9.5302978451549,3.7738746037102135,3.7071457899533042
2610,ks_toyota_ae86_drift,240,0.7207207207207207,9.3,0.16231562043547265,10,10,0,1,1,1,1,11,16,26,10,32,0,0,11,32,0,0,9.347891666954185,9.5302978451549,3.7738746037102135,3.7071457899533042
2611,ks_toyota_ae86_drift,80,0.24024024024024024,9.3,0.16231562043547265,10,10,0,1,1,1,1,10,15,25,36,42,0,0,36,42,0,0,9.604787888243058,9.800367793805435,3.900051676455621,3.7854620196371402
2611,ks_toyota_ae86_drift,160,0.4804804804804805,9.3,0.16231562043547265,10,10,0,1,1,1,1,10,15,25,36,42,0,0,36,42,0,0,9.604787888243058,9.800367793805435,3.900051676455621,3.7854620196371402
2611,ks_toyota_ae86_drift,240,0.7207207207207207,9.3,0.16231562043547265,10,10,0,1,1,1,1,10,15,25,36,42,0,0,36,42,0,0,9.604787888243058,9.800367793805435,3.900051676455621,3.7854620196371402
2612,ks_toyota_ae86_drift,80,0.24024024024024024,9.3,0.16231562043547265,10,10,0,1,1,1,1,9,14,24,43,48,0,0,43,48,0,0,9.741859539601458,9.966712782172864,4.164317671858938,4.055933668788237
2612,ks_toyota_ae86_drift,160,0.4804804804804805,9.3,0.16231562043547265,10,10,0,1,1,1,1,9,14,24,43,48,0,0,43,48,0,0,9.741859539601458,9.966712782172864,4.164317671858938,4.055933668788237
2612,ks_toyota_ae86_drift,240,0.7207207207207207,9.3,0.16231562043547265,10,10,0,1,1,1,1,9,14,24,43,48,0,0,43,48,0,0,9.741859539601458,9.966712782172864,4.164317671858938,4.055933668788237
2613,ks_toyota_ae86_drift,80,0.24024024024024024,9.3,0.16231562043547265,10,10,0,1,1,1,1,9,14,24,36,42,0,0,36,42,0,0,9.657466575990428,9.860548590582416,4.276416017177657,4.157384602964552
2613,ks_toyota_ae86_drift,160,0.4804804804804805,9.3,0.16231562043547265,10,10,0,1,1,1,1,9,14,24,36,42,0,0,36,42,0,0,9.657466575990428,9.860548590582416,4.276416017177657,4.157384602964552
2613,ks_toyota_ae86_drift,240,0.7207207207207207,9.3,0.16231562043547265,10,10,0,1,1,1,1,9,14,24,36,42,0,0,36,45,0,0,9.657466575990428,9.860548590582416,4.721326855749471,4.820058947749298
2614,ks_toyota_ae86_drift,80,0.24024024024024024,9.3,0.16231562043547265,10,10,0,0,0,0,0,,,,0,0,0,0,0,0,0,0,8.967342554705047,9.165612701026761,3.869775155412247,3.66888947352524
2614,ks_toyota_ae86_drift,160,0.4804804804804805,9.3,0.16231562043547265,10,10,0,0,0,0,0,,,,0,0,0,0,0,0,0,0,8.967342554705047,9.165612701026761,4.256095777510046,4.357463041869027
2614,ks_toyota_ae86_drift,240,0.7207207207207207,9.3,0.16231562043547265,10,10,0,1,1,1,1,195,200,210,43,50,0,0,43,50,0,0,10.801356776106545,11.103315170444578,7.433178760508986,7.64921081376732
2615,ks_toyota_ae86_drift,80,0.24024024024024024,9.3,0.16231562043547265,10,10,0,0,1,0,0,11,,,0,7,0,0,0,7,0,0,9.246134654925688,9.420659648597855,3.883942248411323,3.8339755726512714
2615,ks_toyota_ae86_drift,160,0.4804804804804805,9.3,0.16231562043547265,10,10,0,0,1,0,0,11,,,0,7,0,0,0,7,0,0,9.246134654925688,9.420659648597855,4.127278409763605,4.228058277853966
2615,ks_toyota_ae86_drift,240,0.7207207207207207,9.3,0.16231562043547265,10,10,0,1,1,1,1,11,202,212,40,48,0,0,40,55,0,0,10.564416660025156,10.891239504262973,6.9589886085126205,7.1597235993510635
2616,ks_toyota_ae86_drift,80,0.24024024024024024,9.3,0.16231562043547265,10,10,0,0,0,0,0,,,,0,3,0,0,0,3,0,0,9.118887376914705,9.3129595182178,3.771969834705426,3.807272521204283
2616,ks_toyota_ae86_drift,160,0.4804804804804805,9.3,0.16231562043547265,10,10,0,0,0,0,0,,,,0,3,0,0,0,3,0,0,9.118887376914705,9.3129595182178,3.8689119902558864,3.9663382354637715
2616,ks_toyota_ae86_drift,240,0.7207207207207207,9.3,0.16231562043547265,10,10,0,1,1,1,1,203,208,218,33,42,0,0,33,45,0,0,10.11577056175099,10.42263559323403,6.452105329167164,6.6418940880870165
2617,ks_toyota_ae86_drift,80,0.24024024024024024,9.3,0.16231562043547265,10,10,0,0,0,0,0,,,,0,0,0,0,0,0,0,0,8.892074723825152,9.073414538741698,3.3547144320829934,3.350122837413452
2617,ks_toyota_ae86_drift,160,0.4804804804804805,9.3,0.16231562043547265,10,10,0,0,0,0,0,,,,0,0,0,0,0,0,0,0,8.892074723825152,9.073414538741698,4.150330725099221,4.264544721513351
2617,ks_toyota_ae86_drift,240,0.7207207207207207,9.3,0.16231562043547265,10,10,0,1,1,1,1,190,195,205,45,55,0,0,45,55,0,0,10.785474878738972,11.135703927488777,6.88319954882169,7.082834025430114
2618,ks_toyota_ae86_drift,80,0.24024024024024024,9.3,0.16231562043547265,10,10,0,0,0,0,0,,,,0,0,0,0,0,0,0,0,9.049088820012699,9.246553857785997,2.764368162070686,2.7756196180678128
2618,ks_toyota_ae86_drift,160,0.4804804804804805,9.3,0.16231562043547265,10,10,0,0,1,0,0,158,,,0,7,0,0,0,7,0,0,9.232193385056046,9.494115771800402,4.4873092068592015,4.6230020137789065
2618,ks_toyota_ae86_drift,240,0.7207207207207207,9.3,0.16231562043547265,10,10,0,1,1,1,1,158,163,173,78,87,0,0,78,87,0,0,11.826434128062997,12.16598588359278,7.271152159244298,7.488638189022198
2619,ks_toyota_ae86_drift,80,0.24024024024024024,9.3,0.16231562043547265,10,10,0,0,1,0,0,12,,,0,9,0,0,0,9,0,0,9.200357873334617,9.425368210256932,2.1978430305624443,2.183430477640071
2619,ks_toyota_ae86_drift,160,0.4804804804804805,9.3,0.16231562043547265,10,10,0,1,1,1,1,12,133,143,30,37,0,0,30,46,0,0,10.221308937258735,10.484211456148989,4.810983333889643,4.96067333285282
2619,ks_toyota_ae86_drift,240,0.7207207207207207,9.3,0.16231562043547265,10,10,0,1,1,1,1,12,133,143,110,117,0,0,110,126,0,0,12.91668770640065,13.274950765161682,7.734186051005095,7.975041573028193
2620,ks_toyota_ae86_drift,80,0.24024024024024024,9.3,0.16231562043547265,10,10,0,1,1,1,0,11,16,,9,19,0,0,9,19,0,0,9.448037608112204,9.66751293048587,2.0139931211259188,2.059963495891278
2620,ks_toyota_ae86_drift,160,0.4804804804804805,9.3,0.16231562043547265,10,10,0,1,1,1,1,11,16,127,46,53,0,0,55,72,0,0,10.582292972630372,10.839074788250647,4.867757573818082,5.0220374599035065
2620,ks_toyota_ae86_drift,240,0.7207207207207207,9.3,0.16231562043547265,10,10,0,1,1,1,1,11,16,127,126,133,0,0,135,152,0,0,13.442687404572501,13.792318811769931,7.763636119158897,7.999851381414619
2621,ks_toyota_ae86_drift,80,0.24024024024024024,9.3,0.16231562043547265,10,10,0,1,1,1,1,10,15,25,19,31,0,0,19,31,0,0,9.622732502739975,9.87548279920265,2.034176970453541,2.080231868809879
2621,ks_toyota_ae86_drift,160,0.4804804804804805,9.3,0.16231562043547265,10,10,0,1,1,1,1,10,15,25,48,60,0,0,67,91,0,0,10.684206225236132,10.94391648446305,4.870543437225801,5.035320897178712
2621,ks_toyota_ae86_drift,240,0.7207207207207207,9.3,0.16231562043547265,10,10,0,1,1,1,1,10,15,25,128,140,0,0,147,171,0,0,13.445157371731108,13.815332280404643,7.835497393190248,8.092083694645531
2622,ks_toyota_ae86_drift,80,0.24024024024024024,9.3,0.16231562043547265,10,10,0,1,1,1,1,10,15,25,19,36,0,0,19,36,0,0,9.682251624941111,9.92426913289676,2.2373304885884036,2.2185645438437938
2622,ks_toyota_ae86_drift,160,0.4804804804804805,9.3,0.16231562043547265,10,10,0,1,1,1,1,10,15,25,43,53,0,0,62,89,0,0,10.53938401671706,10.811335682483934,4.721769537385052,4.871579491545527
2622,ks_toyota_ae86_drift,240,0.7207207207207207,9.3,0.16231562043547265,10,10,0,1,1,1,1,10,15,25,123,133,0,0,142,169,0,0,13.4188176009706,13.794489104378702,7.663946093127977,7.897902270315716
2623,ks_toyota_ae86_drift,80,0.24024024024024024,9.3,0.16231562043547265,10,10,0,1,1,1,1,10,15,25,21,34,0,0,21,34,0,0,9.688531983882939,9.91715122200796,2.5608018443778606,2.555204504353035
2623,ks_toyota_ae86_drift,160,0.4804804804804805,9.3,0.16231562043547265,10,10,0,1,1,1,1,10,15,25,26,37,0,0,47,71,0,0,9.916694453107214,10.183246000561548,4.584884008681534,4.745618423532621
2623,ks_toyota_ae86_drift,240,0.7207207207207207,9.3,0.16231562043547265,10,10,0,1,1,1,1,10,15,25,106,117,0,0,127,151,0,0,12.72592820684501,13.126451353548203,7.435641897478423,7.683074037898597
2624,ks_toyota_ae86_drift,80,0.24024024024024024,9.3,0.16231562043547265,10,10,0,0,0,0,0,,,,0,0,0,0,0,0,0,0,8.82151203950975,9.051855046626553,2.9084008434103876,2.8866195835906288
2624,ks_toyota_ae86_drift,160,0.4804804804804805,9.3,0.16231562043547265,10,10,0,0,0,0,0,,,,0,0,0,0,0,0,0,0,8.843368644853792,9.076464218206109,4.367454327964287,4.500626795080257
2624,ks_toyota_ae86_drift,240,0.7207207207207207,9.3,0.16231562043547265,10,10,0,1,1,1,1,174,179,189,59,71,0,0,59,71,0,0,11.254445058662156,11.567444453793515,7.105478663849645,7.339324277350195
2625,ks_toyota_ae86_drift,80,0.24024024024024024,9.3,0.16231562043547265,10,10,0,0,0,0,0,,,,0,0,0,0,0,0,0,0,6.751986065337044,6.940199611879561,3.1019724599133687,3.1131022531659047
2625,ks_toyota_ae86_drift,160,0.4804804804804805,9.3,0.16231562043547265,10,10,0,0,0,0,0,,,,0,0,0,0,0,0,0,0,6.751986065337044,6.940199611879561,3.964263992390203,4.087347416328418
2625,ks_toyota_ae86_drift,240,0.7207207207207207,9.3,0.16231562043547265,10,10,0,0,0,0,0,,,,0,1,0,0,0,1,0,0,8.919483419190767,9.321600561291513,7.243533435561705,7.500059119088105
2626,ks_toyota_ae86_drift,80,0.24024024024024024,9.3,0.16231562043547265,10,10,0,0,0,0,0,,,,0,0,0,0,0,0,0,0,5.269661272507265,5.460932609363832,3.3457959125742494,3.2749841397975534
2626,ks_toyota_ae86_drift,160,0.4804804804804805,9.3,0.16231562043547265,10,10,0,0,0,0,0,,,,0,0,0,0,0,0,0,0,5.269661272507265,5.460932609363832,3.3457959125742494,3.2749841397975534
2626,ks_toyota_ae86_drift,240,0.7207207207207207,9.3,0.16231562043547265,10,10,0,0,0,0,0,,,,0,0,0,0,0,0,0,0,5.269661272507265,5.460932609363832,4.101458160266842,4.208359158514003
2627,ks_toyota_ae86_drift,80,0.24024024024024024,9.3,0.16231562043547265,10,10,0,0,0,0,0,,,,0,0,0,0,0,0,0,0,4.305593304651482,4.503063891953482,3.506435131663779,3.4935004609230673
2627,ks_toyota_ae86_drift,160,0.4804804804804805,9.3,0.16231562043547265,10,10,0,0,0,0,0,,,,0,0,0,0,0,0,0,0,4.305593304651482,4.503063891953482,3.506435131663779,3.4935004609230673
2627,ks_toyota_ae86_drift,240,0.7207207207207207,9.3,0.16231562043547265,10,10,0,0,0,0,0,,,,0,0,0,0,0,0,0,0,4.305593304651482,4.503063891953482,3.506435131663779,3.4935004609230673
2628,ks_toyota_ae86_drift,80,0.24024024024024024,9.3,0.16231562043547265,10,10,0,0,0,0,0,,,,0,0,0,0,0,0,0,0,3.28421023126236,3.4842630569574484,2.9678967002796646,2.8724437394116786
2628,ks_toyota_ae86_drift,160,0.4804804804804805,9.3,0.16231562043547265,10,10,0,0,0,0,0,,,,0,0,0,0,0,0,0,0,3.28421023126236,3.4842630569574484,2.9678967002796646,2.8724437394116786
2628,ks_toyota_ae86_drift,240,0.7207207207207207,9.3,0.16231562043547265,10,10,0,0,0,0,0,,,,0,0,0,0,0,0,0,0,3.28421023126236,3.4842630569574484,2.9678967002796646,2.8724437394116786
2629,ks_toyota_ae86_drift,80,0.24024024024024024,9.3,0.16231562043547265,10,10,0,0,0,0,0,,,,0,0,0,0,0,0,0,0,3.1458254760360242,3.3413780608417203,2.4837654213897564,2.397238450549919
2629,ks_toyota_ae86_drift,160,0.4804804804804805,9.3,0.16231562043547265,10,10,0,0,0,0,0,,,,0,0,0,0,0,0,0,0,3.1458254760360242,3.3413780608417203,2.4837654213897564,2.397238450549919
2629,ks_toyota_ae86_drift,240,0.7207207207207207,9.3,0.16231562043547265,10,10,0,0,0,0,0,,,,0,0,0,0,0,0,0,0,3.1458254760360242,3.3413780608417203,2.4837654213897564,2.397238450549919
2630,ks_toyota_ae86_drift,80,0.24024024024024024,9.3,0.16231562043547265,10,10,0,0,0,0,0,,,,0,0,0,0,0,0,0,0,3.5861857010733176,3.7668403626387463,1.8578707915118828,1.7735212636351045
2630,ks_toyota_ae86_drift,160,0.4804804804804805,9.3,0.16231562043547265,10,10,0,0,0,0,0,,,,0,0,0,0,0,0,0,0,3.5861857010733176,3.768304157555245,2.5623147312790184,2.617873624422018
2630,ks_toyota_ae86_drift,240,0.7207207207207207,9.3,0.16231562043547265,10,10,0,0,0,0,0,,,,0,0,0,0,0,0,0,0,4.448275102639402,4.683666900213313,3.813453842403145,3.906376858513876
2631,ks_toyota_ae86_drift,80,0.24024024024024024,9.3,0.16231562043547265,10,10,0,0,0,0,0,,,,0,0,0,0,0,0,0,0,3.6404605186523544,3.858285496567816,1.5484796572529955,1.4974140680885124
2631,ks_toyota_ae86_drift,160,0.4804804804804805,9.3,0.16231562043547265,10,10,0,0,0,0,0,,,,0,0,0,0,0,0,0,0,3.7834718732677275,3.9116869037067374,2.9635354110512,3.0428966596780476
2631,ks_toyota_ae86_drift,240,0.7207207207207207,9.3,0.16231562043547265,10,10,0,0,0,0,0,,,,0,0,0,0,0,0,0,0,5.634027532178527,5.921344135370167,5.051952407807693,5.19067056164289
2632,ks_toyota_ae86_drift,80,0.24024024024024024,9.3,0.16231562043547265,10,10,0,0,0,0,0,,,,0,0,0,0,0,0,0,0,3.5035724286278978,3.6710623274549503,1.4172996843839654,1.3768534385532654
2632,ks_toyota_ae86_drift,160,0.4804804804804805,9.3,0.16231562043547265,10,10,0,0,0,0,0,,,,0,0,0,0,0,0,0,0,4.111802481764825,4.343552934737474,3.2349795083853774,3.3232336633115813
2632,ks_toyota_ae86_drift,240,0.7207207207207207,9.3,0.16231562043547265,10,10,0,0,0,0,0,,,,0,0,0,0,0,0,0,0,5.536099268066645,5.773652393626043,4.81096241643531,4.949872669340913
2633,ks_toyota_ae86_drift,80,0.24024024024024024,9.3,0.16231562043547265,10,10,0,0,0,0,0,,,,0,0,0,0,0,0,0,0,3.1299363215924587,3.3998540850905496,1.6820668449176321,1.6342858296919847
2633,ks_toyota_ae86_drift,160,0.4804804804804805,9.3,0.16231562043547265,10,10,0,0,0,0,0,,,,0,0,0,0,0,0,0,0,3.1756080890250415,3.3998540850905496,2.3388996704147247,2.382267743106309
2633,ks_toyota_ae86_drift,240,0.7207207207207207,9.3,0.16231562043547265,10,10,0,0,0,0,0,,,,0,0,0,0,0,0,0,0,4.182739545824108,4.414883588447679,4.080118941752429,4.192349195099493
2634,ks_toyota_ae86_drift,80,0.24024024024024024,9.3,0.16231562043547265,10,10,0,0,0,0,0,,,,0,0,0,0,0,0,0,0,3.321305202088111,3.543022747500245,2.098799738068559,2.0407427032366274
2634,ks_toyota_ae86_drift,160,0.4804804804804805,9.3,0.16231562043547265,10,10,0,0,0,0,0,,,,0,0,0,0,0,0,0,0,3.321305202088111,3.543022747500245,2.098799738068559,2.102235536664487
2634,ks_toyota_ae86_drift,240,0.7207207207207207,9.3,0.16231562043547265,10,10,0,0,0,0,0,,,,0,0,0,0,0,0,0,0,3.4481076640293975,3.677455384518082,2.926485476785289,2.9793635206790583
2635,ks_toyota_ae86_drift,80,0.24024024024024024,9.3,0.16231562043547265,10,10,0,0,0,0,0,,,,0,0,0,0,0,0,0,0,4.623753334587607,4.7556455681210235,2.026101765863882,1.9444413048076787
2635,ks_toyota_ae86_drift,160,0.4804804804804805,9.3,0.16231562043547265,10,10,0,0,0,0,0,,,,0,0,0,0,0,0,0,0,4.825092370280774,5.036050873646257,3.566276339972965,3.674306240423883
2635,ks_toyota_ae86_drift,240,0.7207207207207207,9.3,0.16231562043547265,10,10,0,0,0,0,0,,,,0,0,0,0,0,0,0,0,6.794562049528318,7.0132032350495965,5.92268157178702,6.113193050098424
2636,ks_toyota_ae86_drift,80,0.24024024024024024,9.3,0.16231562043547265,10,10,0,0,0,0,0,,,,0,0,0,0,0,0,0,0,3.9524486188997274,4.145782245998816,2.023332977929088,2.0401915923479716
2636,ks_toyota_ae86_drift,160,0.4804804804804805,9.3,0.16231562043547265,10,10,0,0,0,0,0,,,,0,0,0,0,0,0,0,0,3.9524486188997274,4.145782245998816,2.853114517503954,2.922639439952337
2636,ks_toyota_ae86_drift,240,0.7207207207207207,9.3,0.16231562043547265,10,10,0,0,0,0,0,,,,0,0,0,0,0,0,0,0,5.421013568759693,5.720696229443641,4.954883893757588,5.098183396978571
2637,ks_toyota_ae86_drift,80,0.24024024024024024,9.3,0.16231562043547265,10,10,0,0,0,0,0,,,,0,0,0,0,0,0,0,0,5.027073870642745,5.227859234126317,2.7470886372442,2.6645169862640348
2637,ks_toyota_ae86_drift,160,0.4804804804804805,9.3,0.16231562043547265,10,10,0,0,0,0,0,,,,0,0,0,0,0,0,0,0,5.027073870642745,5.227859234126317,3.047774695405906,3.130959569307491
2637,ks_toyota_ae86_drift,240,0.7207207207207207,9.3,0.16231562043547265,10,10,0,0,0,0,0,,,,0,0,0,0,0,0,0,0,6.109638790409079,6.402621035517245,5.060949474491893,5.198025821605348
2638,ks_toyota_ae86_drift,80,0.24024024024024024,9.3,0.16231562043547265,10,10,0,0,0,0,0,,,,0,0,0,0,0,0,0,0,5.7864414959600685,6.025499824457808,2.720157628233663,2.682151680927362
2638,ks_toyota_ae86_drift,160,0.4804804804804805,9.3,0.16231562043547265,10,10,0,0,0,0,0,,,,0,0,0,0,0,0,0,0,5.7864414959600685,6.025499824457808,3.793798692405964,3.9051512664446815
2638,ks_toyota_ae86_drift,240,0.7207207207207207,9.3,0.16231562043547265,10,10,0,0,0,0,0,,,,0,0,0,0,0,0,0,0,7.55895242520654,7.8694664852536595,5.799143086495354,5.9672186740437345
2639,ks_toyota_ae86_drift,80,0.24024024024024024,9.3,0.16231562043547265,10,10,0,0,0,0,0,,,,0,0,0,0,0,0,0,0,5.6876018284808145,5.900602558408131,2.6881443181504014,2.678228377579424
2639,ks_toyota_ae86_drift,160,0.4804804804804805,9.3,0.16231562043547265,10,10,0,0,0,0,0,,,,0,0,0,0,0,0,0,0,5.6876018284808145,5.900602558408131,3.494091912616508,3.582240839940812
2639,ks_toyota_ae86_drift,240,0.7207207207207207,9.3,0.16231562043547265,10,10,0,0,0,0,0,,,,0,0,0,0,0,0,0,0,7.42713062799894,7.704245063004698,6.480038241551578,6.7127099162885315
2640,ks_toyota_ae86_drift,80,0.24024024024024024,9.3,0.16231562043547265,10,10,0,0,0,0,0,,,,0,0,0,0,0,0,0,0,5.018027711973886,5.239938423673484,3.1231765687482618,3.049713828799955
2640,ks_toyota_ae86_drift,160,0.4804804804804805,9.3,0.16231562043547265,10,10,0,0,0,0,0,,,,0,0,0,0,0,0,0,0,5.018027711973886,5.239938423673484,3.1231765687482618,3.049713828799955
2640,ks_toyota_ae86_drift,240,0.7207207207207207,9.3,0.16231562043547265,10,10,0,0,0,0,0,,,,0,0,0,0,0,0,0,0,5.798000310469846,6.127692261045892,5.132803918334073,5.269064911615358
2641,ks_toyota_ae86_drift,80,0.24024024024024024,9.3,0.16231562043547265,10,10,0,0,0,0,0,,,,0,0,0,0,0,0,0,0,5.181988110547334,5.335516248937235,3.2298521707528134,3.1919343755754874
2641,ks_toyota_ae86_drift,160,0.4804804804804805,9.3,0.16231562043547265,10,10,0,0,0,0,0,,,,0,0,0,0,0,0,0,0,5.181988110547334,5.335516248937235,3.2298521707528134,3.1919343755754874
2641,ks_toyota_ae86_drift,240,0.7207207207207207,9.3,0.16231562043547265,10,10,0,0,0,0,0,,,,0,0,0,0,0,0,0,0,5.622092203490753,5.842714570758157,4.942138760766344,5.081286789632428
2642,ks_toyota_ae86_drift,80,0.24024024024024024,9.3,0.16231562043547265,10,10,0,0,0,0,0,,,,0,0,0,0,0,0,0,0,4.398860391541652,4.6093403547784115,3.2082841409012057,3.209770347375918
2642,ks_toyota_ae86_drift,160,0.4804804804804805,9.3,0.16231562043547265,10,10,0,0,0,0,0,,,,0,0,0,0,0,0,0,0,4.398860391541652,4.6093403547784115,3.2082841409012057,3.209770347375918
2642,ks_toyota_ae86_drift,240,0.7207207207207207,9.3,0.16231562043547265,10,10,0,0,0,0,0,,,,0,0,0,0,0,0,0,0,4.398860391541652,4.6093403547784115,3.5311358704668954,3.6093519951907083
2643,ks_toyota_ae86_drift,80,0.24024024024024024,9.3,0.16231562043547265,10,10,0,0,0,0,0,,,,0,0,0,0,0,0,0,0,4.811505843361149,5.009168529733556,3.2024678079361166,3.1410691030527564
2643,ks_toyota_ae86_drift,160,0.4804804804804805,9.3,0.16231562043547265,10,10,0,0,0,0,0,,,,0,0,0,0,0,0,0,0,4.811505843361149,5.009168529733556,3.2024678079361166,3.1410691030527564
2643,ks_toyota_ae86_drift,240,0.7207207207207207,9.3,0.16231562043547265,10,10,0,0,0,0,0,,,,0,0,0,0,0,0,0,0,4.811505843361149,5.009168529733556,3.470274402650439,3.5473533008774445
2644,ks_toyota_ae86_drift,80,0.24024024024024024,9.3,0.16231562043547265,10,10,0,0,0,0,0,,,,0,0,0,0,0,0,0,0,5.607960542097996,5.829925041537309,2.9801302094133924,2.9060813538569334
2644,ks_toyota_ae86_drift,160,0.4804804804804805,9.3,0.16231562043547265,10,10,0,0,0,0,0,,,,0,0,0,0,0,0,0,0,5.607960542097996,5.829925041537309,3.2115809878362063,3.2923114759482295
2644,ks_toyota_ae86_drift,240,0.7207207207207207,9.3,0.16231562043547265,10,10,0,0,0,0,0,,,,0,0,0,0,0,0,0,0,6.269792639180714,6.524557841448544,4.9576390213140415,5.0871927688303735
2645,ks_toyota_ae86_drift,80,0.24024024024024024,9.3,0.16231562043547265,10,10,0,0,0,0,0,,,,0,0,0,0,0,0,0,0,5.06503392761556,5.275361065369641,2.429150801899511,2.4202461562125186
2645,ks_toyota_ae86_drift,160,0.4804804804804805,9.3,0.16231562043547265,10,10,0,0,0,0,0,,,,0,0,0,0,0,0,0,0,5.06503392761556,5.275361065369641,3.45423178239396,3.557869444321737
2645,ks_toyota_ae86_drift,240,0.7207207207207207,9.3,0.16231562043547265,10,10,0,0,0,0,0,,,,0,0,0,0,0,0,0,0,7.018392898158337,7.3014312416086105,6.1838816660266485,6.3904001195448
2646,ks_toyota_ae86_drift,80,0.24024024024024024,9.3,0.16231562043547265,10,10,0,0,0,0,0,,,,0,0,0,0,0,0,0,0,4.176540722265499,4.385652940120963,2.479131351481314,2.4481436369906127
2646,ks_toyota_ae86_drift,160,0.4804804804804805,9.3,0.16231562043547265,10,10,0,0,0,0,0,,,,0,0,0,0,0,0,0,0,4.176540722265499,4.385652940120963,2.6522674688744403,2.7089074528970056
2646,ks_toyota_ae86_drift,240,0.7207207207207207,9.3,0.16231562043547265,10,10,0,0,0,0,0,,,,0,0,0,0,0,0,0,0,5.016972874633942,5.254500813870775,4.521140841365567,4.636666660987163
2647,ks_toyota_ae86_drift,80,0.24024024024024024,9.3,0.16231562043547265,10,10,0,0,0,0,0,,,,0,0,0,0,0,0,0,0,3.9282432822548485,4.100703424363555,2.500966399040787,2.5326187763150956
2647,ks_toyota_ae86_drift,160,0.4804804804804805,9.3,0.16231562043547265,10,10,0,0,0,0,0,,,,0,0,0,0,0,0,0,0,3.9282432822548485,4.100703424363555,2.500966399040787,2.5326187763150956
2647,ks_toyota_ae86_drift,240,0.7207207207207207,9.3,0.16231562043547265,10,10,0,0,0,0,0,,,,0,0,0,0,0,0,0,0,4.173313030995844,4.395452980919462,3.9159532106170567,4.006590247789949
2648,ks_toyota_ae86_drift,80,0.24024024024024024,9.3,0.16231562043547265,10,10,0,0,0,0,0,,,,0,0,0,0,0,0,0,0,2.8524359808985955,3.0540804541137088,2.5446119481674034,2.4892353356978787
2648,ks_toyota_ae86_drift,160,0.4804804804804805,9.3,0.16231562043547265,10,10,0,0,0,0,0,,,,0,0,0,0,0,0,0,0,2.8524359808985955,3.0540804541137088,2.5446119481674034,2.4892353356978787
2648,ks_toyota_ae86_drift,240,0.7207207207207207,9.3,0.16231562043547265,10,10,0,0,0,0,0,,,,0,0,0,0,0,0,0,0,2.8524359808985955,3.0540804541137088,2.5446119481674034,2.4892353356978787
2649,ks_toyota_ae86_drift,80,0.24024024024024024,9.3,0.16231562043547265,10,10,0,0,0,0,0,,,,0,0,0,0,0,0,0,0,2.251995545066656,2.431682881090882,2.389106256569373,2.333468389364095
2649,ks_toyota_ae86_drift,160,0.4804804804804805,9.3,0.16231562043547265,10,10,0,0,0,0,0,,,,0,0,0,0,0,0,0,0,2.251995545066656,2.431682881090882,2.389106256569373,2.333468389364095
2649,ks_toyota_ae86_drift,240,0.7207207207207207,9.3,0.16231562043547265,10,10,0,0,0,0,0,,,,0,0,0,0,0,0,0,0,2.251995545066656,2.431682881090882,2.389106256569373,2.333468389364095
2650,ks_toyota_ae86_drift,80,0.24024024024024024,9.3,0.16231562043547265,10,10,0,0,0,0,0,,,,0,0,0,0,0,0,0,0,2.3129511414276114,2.5141781193297073,2.3307843384636917,2.311889900785321
2650,ks_toyota_ae86_drift,160,0.4804804804804805,9.3,0.16231562043547265,10,10,0,0,0,0,0,,,,0,0,0,0,0,0,0,0,2.3129511414276114,2.5141781193297073,2.3307843384636917,2.311889900785321
2650,ks_toyota_ae86_drift,240,0.7207207207207207,9.3,0.16231562043547265,10,10,0,0,0,0,0,,,,0,0,0,0,0,0,0,0,2.3129511414276114,2.5141781193297073,2.3307843384636917,2.311889900785321
2651,ks_toyota_ae86_drift,80,0.24024024024024024,9.3,0.16231562043547265,10,10,0,0,0,0,0,,,,0,0,0,0,0,0,0,0,2.0615534358640097,2.2410817565466217,1.9594371985738532,1.9251511430442703
2651,ks_toyota_ae86_drift,160,0.4804804804804805,9.3,0.16231562043547265,10,10,0,0,0,0,0,,,,0,0,0,0,0,0,0,0,2.0615534358640097,2.2410817565466217,1.9594371985738532,1.9251511430442703
2651,ks_toyota_ae86_drift,240,0.7207207207207207,9.3,0.16231562043547265,10,10,0,0,0,0,0,,,,0,0,0,0,0,0,0,0,2.0615534358640097,2.2410817565466217,1.9594371985738532,1.9251511430442703
2652,ks_toyota_ae86_drift,80,0.24024024024024024,9.3,0.16231562043547265,10,10,0,0,0,0,0,,,,0,0,0,0,0,0,0,0,1.9163007119838147,2.0955995809989965,1.770366036403676,1.7398855701805536
2652,ks_toyota_ae86_drift,160,0.4804804804804805,9.3,0.16231562043547265,10,10,0,0,0,0,0,,,,0,0,0,0,0,0,0,0,1.9163007119838147,2.0955995809989965,1.770366036403676,1.7398855701805536
2652,ks_toyota_ae86_drift,240,0.7207207207207207,9.3,0.16231562043547265,10,10,0,0,0,0,0,,,,0,0,0,0,0,0,0,0,1.9163007119838147,2.0955995809989965,1.770366036403676,1.7398855701805536
2653,ks_toyota_ae86_drift,80,0.24024024024024024,9.3,0.16231562043547265,10,10,0,0,0,0,0,,,,0,0,0,0,0,0,0,0,1.4040519988801967,1.5907769910704745,1.4382764759855438,1.4159234012662076
2653,ks_toyota_ae86_drift,160,0.4804804804804805,9.3,0.16231562043547265,10,10,0,0,0,0,0,,,,0,0,0,0,0,0,0,0,1.4040519988801967,1.5907769910704745,1.4382764759855438,1.4159234012662076
2653,ks_toyota_ae86_drift,240,0.7207207207207207,9.3,0.16231562043547265,10,10,0,0,0,0,0,,,,0,0,0,0,0,0,0,0,1.4040519988801967,1.5907769910704745,1.4382764759855438,1.4159234012662076
2654,ks_toyota_ae86_drift,80,0.24024024024024024,9.3,0.16231562043547265,10,10,0,0,0,0,0,,,,0,0,0,0,0,0,0,0,1.203835675531851,1.3755594378706653,1.2323343196786118,1.2020257821235034
2654,ks_toyota_ae86_drift,160,0.4804804804804805,9.3,0.16231562043547265,10,10,0,0,0,0,0,,,,0,0,0,0,0,0,0,0,1.203835675531851,1.3755594378706653,1.2323343196786118,1.2020257821235034
2654,ks_toyota_ae86_drift,240,0.7207207207207207,9.3,0.16231562043547265,10,10,0,0,0,0,0,,,,0,0,0,0,0,0,0,0,1.203835675531851,1.3755594378706653,1.2323343196786118,1.2020257821235034
2655,ks_toyota_ae86_drift,80,0.24024024024024024,9.3,0.16231562043547265,10,10,0,0,0,0,0,,,,0,0,0,0,0,0,0,0,1.3651321936072889,1.542115201607013,1.1775982508871874,1.1555564833836158
2655,ks_toyota_ae86_drift,160,0.4804804804804805,9.3,0.16231562043547265,10,10,0,0,0,0,0,,,,0,0,0,0,0,0,0,0,1.3651321936072889,1.542115201607013,1.1775982508871874,1.1555564833836158
2655,ks_toyota_ae86_drift,240,0.7207207207207207,9.3,0.16231562043547265,10,10,0,0,0,0,0,,,,0,0,0,0,0,0,0,0,1.3651321936072889,1.542115201607013,1.2769944720620923,1.2884635336173071
2656,ks_toyota_ae86_drift,80,0.24024024024024024,9.3,0.16231562043547265,10,10,0,0,0,0,0,,,,0,0,0,0,0,0,0,0,1.3198026826851472,1.506874413697509,1.1322883767589096,1.1122996147094557
2656,ks_toyota_ae86_drift,160,0.4804804804804805,9.3,0.16231562043547265,10,10,0,0,0,0,0,,,,0,0,0,0,0,0,0,0,1.3198026826851472,1.506874413697509,1.1322883767589096,1.1122996147094557
2656,ks_toyota_ae86_drift,240,0.7207207207207207,9.3,0.16231562043547265,10,10,0,0,0,0,0,,,,0,0,0,0,0,0,0,0,1.3198026826851472,1.506874413697509,1.3195833695797663,1.330803556117099
2657,ks_toyota_ae86_drift,80,0.24024024024024024,9.3,0.16231562043547265,10,10,0,0,0,0,0,,,,0,0,0,0,0,0,0,0,1.1780192680164954,1.370258464022795,0.9211968981480227,0.9087504792112612
2657,ks_toyota_ae86_drift,160,0.4804804804804805,9.3,0.16231562043547265,10,10,0,0,0,0,0,,,,0,0,0,0,0,0,0,0,1.1780192680164954,1.370258464022795,0.9289303798357696,0.9363273679851877
2657,ks_toyota_ae86_drift,240,0.7207207207207207,9.3,0.16231562043547265,10,10,0,0,0,0,0,,,,0,0,0,0,0,0,0,0,1.353168370224071,1.5381968074575412,1.3973244759911456,1.4079503293489815
2658,ks_toyota_ae86_drift,80,0.24024024024024024,9.3,0.16231562043547265,10,10,0,0,0,0,0,,,,0,0,0,0,0,0,0,0,1.1589859853989026,1.336967054791095,0.9736942657172696,0.9743299001969039
2658,ks_toyota_ae86_drift,160,0.4804804804804805,9.3,0.16231562043547265,10,10,0,0,0,0,0,,,,0,0,0,0,0,0,0,0,1.1589859853989026,1.336967054791095,0.9736942657172696,0.9743299001969039
2658,ks_toyota_ae86_drift,240,0.7207207207207207,9.3,0.16231562043547265,10,10,0,0,0,0,0,,,,0,0,0,0,0,0,0,0,1.1589859853989026,1.3672150811390253,1.2557917506093743,1.267499335177011
2659,ks_toyota_ae86_drift,80,0.24024024024024024,9.3,0.16231562043547265,10,10,0,0,0,0,0,,,,0,0,0,0,0,0,0,0,0.8650763820283485,1.0562943046711726,0.8599042746402092,0.8600793515985437
2659,ks_toyota_ae86_drift,160,0.4804804804804805,9.3,0.16231562043547265,10,10,0,0,0,0,0,,,,0,0,0,0,0,0,0,0,0.8650763820283485,1.0562943046711726,0.8599042746402092,0.8600793515985437
2659,ks_toyota_ae86_drift,240,0.7207207207207207,9.3,0.16231562043547265,10,10,0,0,0,0,0,,,,0,0,0,0,0,0,0,0,0.8650763820283485,1.0562943046711726,0.9581440594112662,0.965958649595407
2660,ks_toyota_ae86_drift,80,0.24024024024024024,9.3,0.16231562043547265,10,10,0,0,0,0,0,,,,0,0,0,0,0,0,0,0,1.370855251801525,1.5571150440763015,0.9139349129564183,0.8926423318274324
2660,ks_toyota_ae86_drift,160,0.4804804804804805,9.3,0.16231562043547265,10,10,0,0,0,0,0,,,,0,0,0,0,0,0,0,0,1.3994654201308272,1.5989886927218282,1.2480866568953652,1.2611640145567067
2660,ks_toyota_ae86_drift,240,0.7207207207207207,9.3,0.16231562043547265,10,10,0,0,0,0,0,,,,0,0,0,0,0,0,0,0,1.9013936106768503,2.0723306206006438,2.0067324165947835,2.035370759454412
2661,ks_toyota_ae86_drift,80,0.24024024024024024,9.3,0.16231562043547265,10,10,0,0,0,0,0,,,,0,0,0,0,0,0,0,0,1.1151280600777815,1.310352902525023,0.809122992099928,0.7936605110360769
2661,ks_toyota_ae86_drift,160,0.4804804804804805,9.3,0.16231562043547265,10,10,0,0,0,0,0,,,,0,0,0,0,0,0,0,0,1.1769637903463168,1.3550018491293963,1.057312216300916,1.0687250355171842
2661,ks_toyota_ae86_drift,240,0.7207207207207207,9.3,0.16231562043547265,10,10,0,0,0,0,0,,,,0,0,0,0,0,0,0,0,1.6088774192578315,1.8079258869798107,1.5901603530544695,1.6050117456310158
2662,ks_toyota_ae86_drift,80,0.24024024024024024,9.3,0.16231562043547265,10,10,0,0,0,0,0,,,,0,0,0,0,0,0,0,0,1.2844136583263128,1.4810422113696977,0.9955822472428102,0.9996314822035699
2662,ks_toyota_ae86_drift,160,0.4804804804804805,9.3,0.16231562043547265,10,10,0,0,0,0,0,,,,0,0,0,0,0,0,0,0,1.2844136583263128,1.4810422113696977,1.0465788941853584,1.0589190183031616
2662,ks_toyota_ae86_drift,240,0.7207207207207207,9.3,0.16231562043547265,10,10,0,0,0,0,0,,,,0,0,0,0,0,0,0,0,1.49603234216376,1.682119138553465,1.5132447390373096,1.5303923558354497
2663,ks_toyota_ae86_drift,80,0.24024024024024024,9.3,0.16231562043547265,10,10,0,0,0,0,0,,,,0,0,0,0,0,0,0,0,1.538145154151943,1.7312669386650552,0.9953891876770515,0.9964498947108134
2663,ks_toyota_ae86_drift,160,0.4804804804804805,9.3,0.16231562043547265,10,10,0,0,0,0,0,,,,0,0,0,0,0,0,0,0,1.6150899031947812,1.8129569616337597,1.3601139255580335,1.3764203618712043
2663,ks_toyota_ae86_drift,240,0.7207207207207207,9.3,0.16231562043547265,10,10,0,0,0,0,0,,,,0,0,0,0,0,0,0,0,2.157030302394091,2.3415610963135025,2.170943397733407,2.2037204083432402
2664,ks_toyota_ae86_drift,80,0.24024024024024024,9.3,0.16231562043547265,10,10,0,0,0,0,0,,,,0,0,0,0,0,0,0,0,1.5261085465653823,1.7407341144632218,1.0329670742214634,1.0166757923905136
2664,ks_toyota_ae86_drift,160,0.4804804804804805,9.3,0.16231562043547265,10,10,0,0,0,0,0,,,,0,0,0,0,0,0,0,0,1.5815626389933042,1.7787716513944345,1.3525397793770182,1.3677471955640517
2664,ks_toyota_ae86_drift,240,0.7207207207207207,9.3,0.16231562043547265,10,10,0,0,0,0,0,,,,0,0,0,0,0,0,0,0,2.1618541234954125,2.379117104908229,2.1640681720035544,2.186725830471191
2665,ks_toyota_ae86_drift,80,0.24024024024024024,9.3,0.16231562043547265,10,10,0,0,0,0,0,,,,0,0,0,0,0,0,0,0,1.7935427892482332,1.9715129730264358,1.2072175796663593,1.2214317369376848
2665,ks_toyota_ae86_drift,160,0.4804804804804805,9.3,0.16231562043547265,10,10,0,0,0,0,0,,,,0,0,0,0,0,0,0,0,1.7935427892482332,1.9798095184338858,1.5900728412557286,1.6065036083561348
2665,ks_toyota_ae86_drift,240,0.7207207207207207,9.3,0.16231562043547265,10,10,0,0,0,0,0,,,,0,0,0,0,0,0,0,0,2.4772750341309515,2.6774508032311,2.431739870481769,2.466471809298107
2666,ks_toyota_ae86_drift,80,0.24024024024024024,9.3,0.16231562043547265,10,10,0,0,0,0,0,,,,0,0,0,0,0,0,0,0,1.581613545246962,1.7692022362021294,1.3525968754896114,1.3454627429015331
2666,ks_toyota_ae86_drift,160,0.4804804804804805,9.3,0.16231562043547265,10,10,0,0,0,0,0,,,,0,0,0,0,0,0,0,0,1.581613545246962,1.7692022362021294,1.3525968754896114,1.3454627429015331
2666,ks_toyota_ae86_drift,240,0.7207207207207207,9.3,0.16231562043547265,10,10,0,0,0,0,0,,,,0,0,0,0,0,0,0,0,1.581613545246962,1.7692022362021294,1.5629062974405319,1.5784274754425627
2667,ks_toyota_ae86_drift,80,0.24024024024024024,9.3,0.16231562043547265,10,10,0,0,0,0,0,,,,0,0,0,0,0,0,0,0,2.078363598628469,2.276466832202342,1.5628967992087173,1.5545425173584395
2667,ks_toyota_ae86_drift,160,0.4804804804804805,9.3,0.16231562043547265,10,10,0,0,0,0,0,,,,0,0,0,0,0,0,0,0,2.078363598628469,2.276466832202342,1.5628967992087173,1.5545425173584395
2667,ks_toyota_ae86_drift,240,0.7207207207207207,9.3,0.16231562043547265,10,10,0,0,0,0,0,,,,0,0,0,0,0,0,0,0,2.3993135473971337,2.63599390284665,2.3828681594230354,2.418239574700416
2668,ks_toyota_ae86_drift,80,0.24024024024024024,9.3,0.16231562043547265,10,10,0,0,0,0,0,,,,0,0,0,0,0,0,0,0,2.1632538853884418,2.335146268022391,1.417987825942844,1.4039957565412498
2668,ks_toyota_ae86_drift,160,0.4804804804804805,9.3,0.16231562043547265,10,10,0,0,0,0,0,,,,0,0,0,0,0,0,0,0,2.181606603688266,2.335146268022391,1.89580246051096,1.9248862597705207
2668,ks_toyota_ae86_drift,240,0.7207207207207207,9.3,0.16231562043547265,10,10,0,0,0,0,0,,,,0,0,0,0,0,0,0,0,3.0997131614019753,3.2984200129437484,2.851442188374359,2.882155201194379
2669,ks_toyota_ae86_drift,80,0.24024024024024024,9.3,0.16231562043547265,10,10,0,0,0,0,0,,,,0,0,0,0,0,0,0,0,1.8697691944894566,2.0495239786317363,1.473156757972918,1.4598241219913473
2669,ks_toyota_ae86_drift,160,0.4804804804804805,9.3,0.16231562043547265,10,10,0,0,0,0,0,,,,0,0,0,0,0,0,0,0,1.8697691944894566,2.0495239786317363,1.473156757972918,1.4598241219913473
2669,ks_toyota_ae86_drift,240,0.7207207207207207,9.3,0.16231562043547265,10,10,0,0,0,0,0,,,,0,0,0,0,0,0,0,0,2.0395277833380114,2.243587155311547,2.0528054576411043,2.0774677766301397
2670,ks_toyota_ae86_drift,80,0.24024024024024024,9.3,0.16231562043547265,10,10,0,0,0,0,0,,,,0,0,0,0,0,0,0,0,1.8553098974599511,2.030863261489027,1.6399724957845492,1.6403209421539258
2670,ks_toyota_ae86_drift,160,0.4804804804804805,9.3,0.16231562043547265,10,10,0,0,0,0,0,,,,0,0,0,0,0,0,0,0,1.8553098974599511,2.030863261489027,1.6399724957845492,1.6403209421539258
2670,ks_toyota_ae86_drift,240,0.7207207207207207,9.3,0.16231562043547265,10,10,0,0,0,0,0,,,,0,0,0,0,0,0,0,0,1.8553098974599511,2.030863261489027,1.6399724957845492,1.6403209421539258
2671,ks_toyota_ae86_drift,80,0.24024024024024024,9.3,0.16231562043547265,10,10,0,0,0,0,0,,,,0,0,0,0,0,0,0,0,2.0448766752317775,2.2367601677927076,1.6627849007255686,1.6503965383967523
2671,ks_toyota_ae86_drift,160,0.4804804804804805,9.3,0.16231562043547265,10,10,0,0,0,0,0,,,,0,0,0,0,0,0,0,0,2.0448766752317775,2.2367601677927076,1.6627849007255686,1.6503965383967523
2671,ks_toyota_ae86_drift,240,0.7207207207207207,9.3,0.16231562043547265,10,10,0,0,0,0,0,,,,0,0,0,0,0,0,0,0,2.0788003038485265,2.2367601677927076,2.0345028985429976,2.0585618130075445
2672,ks_toyota_ae86_drift,80,0.24024024024024024,9.3,0.16231562043547265,10,10,0,0,0,0,0,,,,0,0,0,0,0,0,0,0,2.043561436929727,2.2107012885618165,1.588739460263695,1.5893536436804674
2672,ks_toyota_ae86_drift,160,0.4804804804804805,9.3,0.16231562043547265,10,10,0,0,0,0,0,,,,0,0,0,0,0,0,0,0,2.043561436929727,2.2107012885618165,1.588739460263695,1.5893536436804674
2672,ks_toyota_ae86_drift,240,0.7207207207207207,9.3,0.16231562043547265,10,10,0,0,0,0,0,,,,0,0,0,0,0,0,0,0,2.22082832466683,2.427908134357392,2.094159691744593,2.1159738218497326
2673,ks_toyota_ae86_drift,80,0.24024024024024024,9.3,0.16231562043547265,10,10,0,0,0,0,0,,,,0,0,0,0,0,0,0,0,1.5893784031162086,1.7829711505169346,1.597378795790115,1.5805288258293995
2673,ks_toyota_ae86_drift,160,0.4804804804804805,9.3,0.16231562043547265,10,10,0,0,0,0,0,,,,0,0,0,0,0,0,0,0,1.5893784031162086,1.7829711505169346,1.597378795790115,1.5805288258293995
2673,ks_toyota_ae86_drift,240,0.7207207207207207,9.3,0.16231562043547265,10,10,0,0,0,0,0,,,,0,0,0,0,0,0,0,0,1.5893784031162086,1.7829711505169346,1.597378795790115,1.5805288258293995
2674,ks_toyota_ae86_drift,80,0.24024024024024024,9.3,0.16231562043547265,10,10,0,0,0,0,0,,,,0,0,0,0,0,0,0,0,2.0004552593041303,2.1593711362887014,1.5430865825730358,1.5352249281166452
2674,ks_toyota_ae86_drift,160,0.4804804804804805,9.3,0.16231562043547265,10,10,0,0,0,0,0,,,,0,0,0,0,0,0,0,0,2.0004552593041303,2.1593711362887014,1.5430865825730358,1.5352249281166452
2674,ks_toyota_ae86_drift,240,0.7207207207207207,9.3,0.16231562043547265,10,10,0,0,0,0,0,,,,0,0,0,0,0,0,0,0,2.11853002014661,2.329023216874886,2.0356396981529814,2.0538387371964806
2675,ks_toyota_ae86_drift,80,0.24024024024024024,9.3,0.16231562043547265,10,10,0,0,0,0,0,,,,0,0,0,0,0,0,0,0,1.186467358246155,1.3889138450802154,1.242148874629097,1.238909017084984
2675,ks_toyota_ae86_drift,160,0.4804804804804805,9.3,0.16231562043547265,10,10,0,0,0,0,0,,,,0,0,0,0,0,0,0,0,1.186467358246155,1.3889138450802154,1.242148874629097,1.238909017084984
2675,ks_toyota_ae86_drift,240,0.7207207207207207,9.3,0.16231562043547265,10,10,0,0,0,0,0,,,,0,0,0,0,0,0,0,0,1.186467358246155,1.3889138450802154,1.242148874629097,1.238909017084984
2676,ks_toyota_ae86_drift,80,0.24024024024024024,9.3,0.16231562043547265,10,10,0,0,0,0,0,,,,0,0,0,0,0,0,0,0,1.4111450436115491,1.6187226033378759,1.4952946817333987,1.475841022316733
2676,ks_toyota_ae86_drift,160,0.4804804804804805,9.3,0.16231562043547265,10,10,0,0,0,0,0,,,,0,0,0,0,0,0,0,0,1.4111450436115491,1.6187226033378759,1.4952946817333987,1.475841022316733
2676,ks_toyota_ae86_drift,240,0.7207207207207207,9.3,0.16231562043547265,10,10,0,0,0,0,0,,,,0,0,0,0,0,0,0,0,1.4111450436115491,1.6187226033378759,1.4952946817333987,1.475841022316733
2677,ks_toyota_ae86_drift,80,0.24024024024024024,9.3,0.16231562043547265,10,10,0,0,0,0,0,,,,0,0,0,0,0,0,0,0,1.502341942852971,1.6571418838106688,1.1579606032497545,1.1662502117463287
2677,ks_toyota_ae86_drift,160,0.4804804804804805,9.3,0.16231562043547265,10,10,0,0,0,0,0,,,,0,0,0,0,0,0,0,0,1.502341942852971,1.6571418838106688,1.1579606032497545,1.1662502117463287
2677,ks_toyota_ae86_drift,240,0.7207207207207207,9.3,0.16231562043547265,10,10,0,0,0,0,0,,,,0,0,0,0,0,0,0,0,1.6309960263895658,1.790456717682151,1.513313361094127,1.526364998824375
2678,ks_toyota_ae86_drift,80,0.24024024024024024,9.3,0.16231562043547265,10,10,0,0,0,0,0,,,,0,0,0,0,0,0,0,0,0.8460995551931143,1.028527984869484,0.5014274523024964,0.5133739334085248
2678,ks_toyota_ae86_drift,160,0.4804804804804805,9.3,0.16231562043547265,10,10,0,0,0,0,0,,,,0,0,0,0,0,0,0,0,1.0881690899803296,1.2599248688308784,0.9681026886645564,0.9751630765539397
2678,ks_toyota_ae86_drift,240,0.7207207207207207,9.3,0.16231562043547265,10,10,0,0,0,0,0,,,,0,0,0,0,0,0,0,0,1.3829958063295167,1.551681308426439,1.3331616789280458,1.3438582887768147
2679,ks_toyota_ae86_drift,80,0.24024024024024024,9.3,0.16231562043547265,10,10,0,0,0,0,0,,,,0,0,0,0,0,0,0,0,0.40119922870931946,0.5582869095130014,0.4317867368033406,0.4146543011678479
2679,ks_toyota_ae86_drift,160,0.4804804804804805,9.3,0.16231562043547265,10,10,0,0,0,0,0,,,,0,0,0,0,0,0,0,0,0.40119922870931946,0.5582869095130014,0.4317867368033406,0.4146543011678479
2679,ks_toyota_ae86_drift,240,0.7207207207207207,9.3,0.16231562043547265,10,10,0,0,0,0,0,,,,0,0,0,0,0,0,0,0,0.41837750131744533,0.6281520073985627,0.5296096665916152,0.5311797029662191
2680,ks_toyota_ae86_drift,80,0.24024024024024024,9.3,0.16231562043547265,10,10,0,0,0,0,0,,,,0,0,0,0,0,0,0,0,0.40946762626686944,0.6027036830464472,0.6089637648641755,0.610334178288115
2680,ks_toyota_ae86_drift,160,0.4804804804804805,9.3,0.16231562043547265,10,10,0,0,0,0,0,,,,0,0,0,0,0,0,0,0,0.4637646152802825,0.6027036830464472,0.6089637648641755,0.610334178288115
2680,ks_toyota_ae86_drift,240,0.7207207207207207,9.3,0.16231562043547265,10,10,0,0,0,0,0,,,,0,0,0,0,0,0,0,0,0.6415287728054739,0.6027036830464472,0.6089637648641755,0.610334178288115
2681,ks_toyota_ae86_drift,80,0.24024024024024024,9.3,0.16231562043547265,10,10,0,0,0,0,0,,,,0,0,0,0,0,0,0,0,0.6589398854951884,0.8217144991956994,0.6492121486523565,0.6502686935395928
2681,ks_toyota_ae86_drift,160,0.4804804804804805,9.3,0.16231562043547265,10,10,0,0,0,0,0,,,,0,0,0,0,0,0,0,0,0.6589398854951884,0.8217144991956994,0.6492121486523565,0.6502686935395928
2681,ks_toyota_ae86_drift,240,0.7207207207207207,9.3,0.16231562043547265,10,10,0,0,0,0,0,,,,0,0,0,0,0,0,0,0,0.6589398854951884,0.8217144991956994,0.6492121486523565,0.6502686935395928
2682,ks_toyota_ae86_drift,80,0.24024024024024024,9.3,0.16231562043547265,10,10,0,0,0,0,0,,,,0,0,0,0,0,0,0,0,0.11511946338661957,0.11139814420708656,0.051243074031304146,0.05109641172713399
2682,ks_toyota_ae86_drift,160,0.4804804804804805,9.3,0.16231562043547265,10,10,0,0,0,0,0,,,,0,0,0,0,0,0,0,0,0.11511946338661957,0.14691155271400919,0.06452329631512291,0.06434337018928199
2682,ks_toyota_ae86_drift,240,0.7207207207207207,9.3,0.16231562043547265,10,10,0,0,0,0,0,,,,0,0,0,0,0,0,0,0,0.11511946338661957,0.18004090503548,0.08984276754772051,0.0900575649909255
2683,ks_toyota_ae86_drift,80,0.24024024024024024,9.3,0.16231562043547265,10,10,0,0,0,0,0,,,,0,0,0,0,0,0,0,0,0.28581996467018816,0.23696813052915622,0.2537629253679829,0.25053387339658
2683,ks_toyota_ae86_drift,160,0.4804804804804805,9.3,0.16231562043547265,10,10,0,0,0,0,0,,,,0,0,0,0,0,0,0,0,0.47082703088207567,0.2878352173208857,0.3330102218934823,0.3318580810382922
2683,ks_toyota_ae86_drift,240,0.7207207207207207,9.3,0.16231562043547265,10,10,0,0,0,0,0,,,,0,0,0,0,0,0,0,0,0.6166276106389,0.44703388014535117,0.5452487720785346,0.5428126357006615
2684,ks_toyota_ae86_drift,80,0.24024024024024024,9.3,0.16231562043547265,10,10,0,0,0,0,0,,,,0,0,0,0,0,0,0,0,0.6606408160419333,0.49456113783507666,0.33917033215331976,0.33694561147459967
2684,ks_toyota_ae86_drift,160,0.4804804804804805,9.3,0.16231562043547265,10,10,0,0,0,0,0,,,,0,0,0,0,0,0,0,0,1.0828636338208164,0.9070918104600059,0.8262172480451774,0.8221226029986076
2684,ks_toyota_ae86_drift,240,0.7207207207207207,9.3,0.16231562043547265,10,10,0,0,0,0,0,,,,0,0,0,0,0,0,0,0,1.4598997876807465,1.2577278957956615,1.2959020365102742,1.2874067752866594
2685,ks_toyota_ae86_drift,80,0.24024024024024024,9.3,0.16231562043547265,10,10,0,0,0,0,0,,,,0,0,0,0,0,0,0,0,0.8474911528756515,0.6782466958446989,0.42200155700237174,0.41787358810317177
2685,ks_toyota_ae86_drift,160,0.4804804804804805,9.3,0.16231562043547265,10,10,0,0,0,0,0,,,,0,0,0,0,0,0,0,0,1.4115490919896376,1.2469507110590277,1.1508908238502624,1.1423965231219995
2685,ks_toyota_ae86_drift,240,0.7207207207207207,9.3,0.16231562043547265,10,10,0,0,0,0,0,,,,0,0,0,0,0,0,0,0,2.0011299539280807,1.7779711318793678,1.7799258466424608,1.7667131658581885
2686,ks_toyota_ae86_drift,80,0.24024024024024024,9.3,0.16231562043547265,10,10,0,0,0,0,0,,,,0,0,0,0,0,0,0,0,1.076980066181085,0.9208434358584745,0.5522121499373627,0.5487100238012915
2686,ks_toyota_ae86_drift,160,0.4804804804804805,9.3,0.16231562043547265,10,10,0,0,0,0,0,,,,0,0,0,0,0,0,0,0,1.7666861652666257,1.5685057718994728,1.3801589299464343,1.3693485547593023
2686,ks_toyota_ae86_drift,240,0.7207207207207207,9.3,0.16231562043547265,10,10,0,0,0,0,0,,,,0,0,0,0,0,0,0,0,2.3751664808036113,2.1875550581251124,2.2290012863389848,2.2059079898683485
2687,ks_toyota_ae86_drift,80,0.24024024024024024,9.3,0.16231562043547265,10,10,0,0,0,0,0,,,,0,0,0,0,0,0,0,0,1.2112160150951672,1.0632180887771556,0.6517421467704645,0.6471429748598129
2687,ks_toyota_ae86_drift,160,0.4804804804804805,9.3,0.16231562043547265,10,10,0,0,0,0,0,,,,0,0,0,0,0,0,0,0,1.9441279698795044,1.7382445105107522,1.5216830108700372,1.5052104088609648
2687,ks_toyota_ae86_drift,240,0.7207207207207207,9.3,0.16231562043547265,10,10,0,0,0,0,0,,,,0,0,0,0,0,0,0,0,2.7082703243134905,2.477301501113985,2.4087052709493126,2.3882693449526347
2688,ks_toyota_ae86_drift,80,0.24024024024024024,9.3,0.16231562043547265,10,10,0,0,0,0,0,,,,0,0,0,0,0,0,0,0,2.012799118681636,1.8407221074966849,1.0744265359268523,1.0646602191873804
2688,ks_toyota_ae86_drift,160,0.4804804804804805,9.3,0.16231562043547265,10,10,0,0,0,0,0,,,,0,0,0,0,0,0,0,0,3.0279583956329947,2.845371217419275,2.4298005236443085,2.399263601638828
2688,ks_toyota_ae86_drift,240,0.7207207207207207,9.3,0.16231562043547265,10,10,0,0,0,0,0,,,,0,0,0,0,0,0,0,0,4.306366823574986,4.105748372839256,3.9151715808439134,3.8653013815058883
2689,ks_toyota_ae86_drift,80,0.24024024024024024,9.3,0.16231562043547265,10,10,0,0,0,0,0,,,,0,0,0,0,0,0,0,0,1.9521762805993066,1.7677826240718244,1.0265963219948397,1.0178774787976128
2689,ks_toyota_ae86_drift,160,0.4804804804804805,9.3,0.16231562043547265,10,10,0,0,0,0,0,,,,0,0,0,0,0,0,0,0,2.914760816744727,2.6908529150431346,2.253107371797487,2.2278557355491264
2689,ks_toyota_ae86_drift,240,0.7207207207207207,9.3,0.16231562043547265,10,10,0,0,0,0,0,,,,0,0,0,0,0,0,0,0,4.100662016341712,3.9168266210571723,3.643347981123977,3.6042617967117563
2690,ks_toyota_ae86_drift,80,0.24024024024024024,9.3,0.16231562043547265,10,10,0,0,0,0,0,,,,0,0,0,0,0,0,0,0,2.499852010989017,2.326086022088369,1.255911065476438,1.299321826850335
2690,ks_toyota_ae86_drift,160,0.4804804804804805,9.3,0.16231562043547265,10,10,0,0,0,0,0,,,,0,0,0,0,0,0,0,0,3.061913400431244,2.886682335953628,2.3837072054738893,2.356213559630472
2690,ks_toyota_ae86_drift,240,0.7207207207207207,9.3,0.16231562043547265,10,10,0,0,0,0,0,,,,0,0,0,0,0,0,0,0,4.366549754786083,4.156506923656205,3.9519090339552965,3.9010198557704703
2691,ks_toyota_ae86_drift,80,0.24024024024024024,9.3,0.16231562043547265,10,10,0,0,0,0,0,,,,0,0,0,0,0,0,0,0,3.1076278565461393,2.9542525436389178,1.643505090967621,1.6807458436434692
2691,ks_toyota_ae86_drift,160,0.4804804804804805,9.3,0.16231562043547265,10,10,0,0,0,0,0,,,,0,0,0,0,0,0,0,0,3.7796777031837854,3.60329404428373,2.8102544401318896,2.7806524002690542
2691,ks_toyota_ae86_drift,240,0.7207207207207207,9.3,0.16231562043547265,10,10,0,0,0,0,0,,,,0,0,0,0,0,0,0,0,5.2293516304599645,5.020141655522005,4.42993092207604,4.377318401786255
2692,ks_toyota_ae86_drift,80,0.24024024024024024,9.3,0.16231562043547265,10,10,0,0,0,0,0,,,,0,0,0,0,0,0,0,0,3.593167861952363,3.402999600646752,1.7790181785347896,1.8018835174418766
2692,ks_toyota_ae86_drift,160,0.4804804804804805,9.3,0.16231562043547265,10,10,0,0,0,0,0,,,,0,0,0,0,0,0,0,0,4.454564426204514,4.255736765691797,3.326587713080881,3.280936009328985
2692,ks_toyota_ae86_drift,240,0.7207207207207207,9.3,0.16231562043547265,10,10,0,0,0,0,0,,,,0,0,0,0,0,0,0,0,6.411259944156842,6.185269048201807,5.5595123027678035,5.475659350988026
2693,ks_toyota_ae86_drift,80,0.24024024024024024,9.3,0.16231562043547265,10,10,0,0,0,0,0,,,,0,0,0,0,0,0,0,0,3.722640927859125,3.54252499746448,2.1243309851860666,2.1489847664386392
2693,ks_toyota_ae86_drift,160,0.4804804804804805,9.3,0.16231562043547265,10,10,0,0,0,0,0,,,,0,0,0,0,0,0,0,0,3.965338466524011,3.77096110114238,2.888984109703922,2.857436106257868
2693,ks_toyota_ae86_drift,240,0.7207207207207207,9.3,0.16231562043547265,10,10,0,0,0,0,0,,,,0,0,0,0,0,0,0,0,5.666807317552711,5.3972419491271095,4.800171998207159,4.739443078749283
2694,ks_toyota_ae86_drift,80,0.24024024024024024,9.3,0.16231562043547265,10,10,0,0,0,0,0,,,,0,0,0,0,0,0,0,0,3.863599810628909,3.6814783659392196,2.283546536720472,2.3193377951883964
2694,ks_toyota_ae86_drift,160,0.4804804804804805,9.3,0.16231562043547265,10,10,0,0,0,0,0,,,,0,0,0,0,0,0,0,0,3.981291227104222,3.7991433154314986,2.9607743070792223,2.9239476346218063
2694,ks_toyota_ae86_drift,240,0.7207207207207207,9.3,0.16231562043547265,10,10,0,0,0,0,0,,,,0,0,0,0,0,0,0,0,5.572388063126923,5.343681313203162,4.868259592722078,4.797509505091324
2695,ks_toyota_ae86_drift,80,0.24024024024024024,9.3,0.16231562043547265,10,10,0,0,0,0,0,,,,0,0,0,0,0,0,0,0,4.0574563740863265,3.8845292177931205,2.405722612716133,2.4327334495625945
2695,ks_toyota_ae86_drift,160,0.4804804804804805,9.3,0.16231562043547265,10,10,0,0,0,0,0,,,,0,0,0,0,0,0,0,0,4.245564479583532,4.0195791331571975,3.041338095886815,3.0084475333820304
2695,ks_toyota_ae86_drift,240,0.7207207207207207,9.3,0.16231562043547265,10,10,0,0,0,0,0,,,,0,0,0,0,0,0,0,0,5.729485402244979,5.52136270804552,4.984597351081258,4.911375161857783
2696,ks_toyota_ae86_drift,80,0.24024024024024024,9.3,0.16231562043547265,10,10,0,0,0,0,0,,,,0,0,0,0,0,0,0,0,3.302599661828973,3.1244209438376735,2.3872115194049286,2.3966414493277775
2696,ks_toyota_ae86_drift,160,0.4804804804804805,9.3,0.16231562043547265,10,10,0,0,0,0,0,,,,0,0,0,0,0,0,0,0,3.302599661828973,3.1244209438376735,2.3872115194049286,2.3966414493277775
2696,ks_toyota_ae86_drift,240,0.7207207207207207,9.3,0.16231562043547265,10,10,0,0,0,0,0,,,,0,0,0,0,0,0,0,0,3.548453174777228,3.3394799085826916,3.083935424419246,3.054625375143429
2697,ks_toyota_ae86_drift,80,0.24024024024024024,9.3,0.16231562043547265,10,10,0,0,0,0,0,,,,0,0,0,0,0,0,0,0,3.264241319450181,3.0952361858444437,2.5832029438647983,2.607580956229632
2697,ks_toyota_ae86_drift,160,0.4804804804804805,9.3,0.16231562043547265,10,10,0,0,0,0,0,,,,0,0,0,0,0,0,0,0,3.264241319450181,3.0952361858444437,2.5832029438647983,2.607580956229632
2697,ks_toyota_ae86_drift,240,0.7207207207207207,9.3,0.16231562043547265,10,10,0,0,0,0,0,,,,0,0,0,0,0,0,0,0,3.264241319450181,3.0952361858444437,2.5832029438647983,2.607580956229632
2698,ks_toyota_ae86_drift,80,0.24024024024024024,9.3,0.16231562043547265,10,10,0,0,0,0,0,,,,0,0,0,0,0,0,0,0,2.9374532664884483,2.7431612784714425,2.4319887454996514,2.443080545824929
2698,ks_toyota_ae86_drift,160,0.4804804804804805,9.3,0.16231562043547265,10,10,0,0,0,0,0,,,,0,0,0,0,0,0,0,0,2.9374532664884483,2.7431612784714425,2.4319887454996514,2.443080545824929
2698,ks_toyota_ae86_drift,240,0.7207207207207207,9.3,0.16231562043547265,10,10,0,0,0,0,0,,,,0,0,0,0,0,0,0,0,2.9374532664884483,2.7431612784714425,2.4319887454996514,2.443080545824929
2699,ks_toyota_ae86_drift,80,0.24024024024024024,9.3,0.16231562043547265,10,10,0,0,0,0,0,,,,0,0,0,0,0,0,0,0,3.296313113028211,3.124226710333151,2.5370833721547568,2.551252599587948
2699,ks_toyota_ae86_drift,160,0.4804804804804805,9.3,0.16231562043547265,10,10,0,0,0,0,0,,,,0,0,0,0,0,0,0,0,3.296313113028211,3.124226710333151,2.5370833721547568,2.551252599587948
2699,ks_toyota_ae86_drift,240,0.7207207207207207,9.3,0.16231562043547265,10,10,0,0,0,0,0,,,,0,0,0,0,0,0,0,0,3.296313113028211,3.124226710333151,2.6409754586291165,2.61519448272008
2700,ks_toyota_ae86_drift,80,0.24024024024024024,9.3,0.16231562043547265,10,10,0,0,0,0,0,,,,0,0,0,0,0,0,0,0,2.7097021027182544,2.5371888132000686,1.7600355887274433,1.7812469546383294
2700,ks_toyota_ae86_drift,160,0.4804804804804805,9.3,0.16231562043547265,10,10,0,0,0,0,0,,,,0,0,0,0,0,0,0,0,2.7097021027182544,2.5371888132000686,2.0446365513937694,2.0251741407972292
2700,ks_toyota_ae86_drift,240,0.7207207207207207,9.3,0.16231562043547265,10,10,0,0,0,0,0,,,,0,0,0,0,0,0,0,0,3.6441727264662562,3.447206505945779,3.2440167024309505,3.21005465400012
2701,ks_toyota_ae86_drift,80,0.24024024024024024,9.3,0.16231562043547265,10,10,0,0,0,0,0,,,,0,0,0,0,0,0,0,0,2.2381592893555022,2.0699654541571153,1.6656413071808092,1.686722899497465
2701,ks_toyota_ae86_drift,160,0.4804804804804805,9.3,0.16231562043547265,10,10,0,0,0,0,0,,,,0,0,0,0,0,0,0,0,2.2381592893555022,2.0699654541571153,1.6656413071808092,1.686722899497465
2701,ks_toyota_ae86_drift,240,0.7207207207207207,9.3,0.16231562043547265,10,10,0,0,0,0,0,,,,0,0,0,0,0,0,0,0,2.344400747460935,2.1656429574940654,2.0873634400770187,2.0727779979912797
2702,ks_toyota_ae86_drift,80,0.24024024024024024,9.3,0.16231562043547265,10,10,0,0,0,0,0,,,,0,0,0,0,0,0,0,0,2.4670961312769286,2.305944434556236,1.7839331399728484,1.7958428554512351
2702,ks_toyota_ae86_drift,160,0.4804804804804805,9.3,0.16231562043547265,10,10,0,0,0,0,0,,,,0,0,0,0,0,0,0,0,2.4670961312769286,2.305944434556236,1.7839331399728484,1.7958428554512351
2702,ks_toyota_ae86_drift,240,0.7207207207207207,9.3,0.16231562043547265,10,10,0,0,0,0,0,,,,0,0,0,0,0,0,0,0,2.6783707443349365,2.4637414411773944,2.3928071518824616,2.373256802600358
2703,ks_toyota_ae86_drift,80,0.24024024024024024,9.3,0.16231562043547265,10,10,0,0,0,0,0,,,,0,0,0,0,0,0,0,0,2.3475249186759815,2.1671067524105636,1.4318394495796298,1.45255082429893
2703,ks_toyota_ae86_drift,160,0.4804804804804805,9.3,0.16231562043547265,10,10,0,0,0,0,0,,,,0,0,0,0,0,0,0,0,2.4323020804278257,2.2596483451448317,1.876511658417317,1.8612609132177362
2703,ks_toyota_ae86_drift,240,0.7207207207207207,9.3,0.16231562043547265,10,10,0,0,0,0,0,,,,0,0,0,0,0,0,0,0,3.3568757600684793,3.1631084159570952,2.9831937626995546,2.9570618858219087
2704,ks_toyota_ae86_drift,80,0.24024024024024024,9.3,0.16231562043547265,10,10,0,0,0,0,0,,,,0,0,0,0,0,0,0,0,2.2169741769842384,2.0273222352911984,1.3063410201612866,1.3277279432781834
2704,ks_toyota_ae86_drift,160,0.4804804804804805,9.3,0.16231562043547265,10,10,0,0,0,0,0,,,,0,0,0,0,0,0,0,0,2.4023664285127175,2.1967156224625692,1.8888600001064653,1.8712425943594753
2704,ks_toyota_ae86_drift,240,0.7207207207207207,9.3,0.16231562043547265,10,10,0,0,0,0,0,,,,0,0,0,0,0,0,0,0,3.303674349406192,3.110916806074912,3.015900977313807,2.9833574737962234
2705,ks_toyota_ae86_drift,80,0.24024024024024024,9.3,0.16231562043547265,10,10,0,0,0,0,0,,,,0,0,0,0,0,0,0,0,2.1911919204147328,1.9989993617938597,1.420787349728903,1.448200954292984
2705,ks_toyota_ae86_drift,160,0.4804804804804805,9.3,0.16231562043547265,10,10,0,0,0,0,0,,,,0,0,0,0,0,0,0,0,2.1911919204147328,1.9989993617938597,1.6585814528999547,1.6479407652250153
2705,ks_toyota_ae86_drift,240,0.7207207207207207,9.3,0.16231562043547265,10,10,0,0,0,0,0,,,,0,0,0,0,0,0,0,0,2.913079736435258,2.715367104304545,2.5839773165619486,2.561685500101731
2706,ks_toyota_ae86_drift,80,0.24024024024024024,9.3,0.16231562043547265,10,10,0,0,0,0,0,,,,0,0,0,0,0,0,0,0,2.170316300990235,2.0032281026637437,1.5317566861221596,1.5477091265372533
2706,ks_toyota_ae86_drift,160,0.4804804804804805,9.3,0.16231562043547265,10,10,0,0,0,0,0,,,,0,0,0,0,0,0,0,0,2.170316300990235,2.0032281026637437,1.5317566861221596,1.5477091265372533
2706,ks_toyota_ae86_drift,240,0.7207207207207207,9.3,0.16231562043547265,10,10,0,0,0,0,0,,,,0,0,0,0,0,0,0,0,2.557828791098201,2.383839540389058,2.295115596514004,2.277169061026384
2707,ks_toyota_ae86_drift,80,0.24024024024024024,9.3,0.16231562043547265,10,10,0,0,0,0,0,,,,0,0,0,0,0,0,0,0,2.2926234312405955,2.1238859556729577,1.5784206452533927,1.5959760456893237
2707,ks_toyota_ae86_drift,160,0.4804804804804805,9.3,0.16231562043547265,10,10,0,0,0,0,0,,,,0,0,0,0,0,0,0,0,2.2926234312405955,2.1238859556729577,1.6278191346518636,1.6154307723230472
2707,ks_toyota_ae86_drift,240,0.7207207207207207,9.3,0.16231562043547265,10,10,0,0,0,0,0,,,,0,0,0,0,0,0,0,0,2.7200703298783337,2.5574467273915036,2.4877021716726224,2.465785802173344
2708,ks_toyota_ae86_drift,80,0.24024024024024024,9.3,0.16231562043547265,10,10,0,0,0,0,0,,,,0,0,0,0,0,0,0,0,2.2899997848256644,2.072562633589013,1.5529980408323705,1.5672276727510341
2708,ks_toyota_ae86_drift,160,0.4804804804804805,9.3,0.16231562043547265,10,10,0,0,0,0,0,,,,0,0,0,0,0,0,0,0,2.2899997848256644,2.072562633589013,1.58712657512422,1.5743399273894274
2708,ks_toyota_ae86_drift,240,0.7207207207207207,9.3,0.16231562043547265,10,10,0,0,0,0,0,,,,0,0,0,0,0,0,0,0,2.7564899657498994,2.57113186516727,2.4601916637996917,2.4399282000795566
2709,ks_toyota_ae86_drift,80,0.24024024024024024,9.3,0.16231562043547265,10,10,0,0,0,0,0,,,,0,0,0,0,0,0,0,0,2.4406494253672277,2.2670196133631566,1.5501852835547947,1.567454349654114
2709,ks_toyota_ae86_drift,160,0.4804804804804805,9.3,0.16231562043547265,10,10,0,0,0,0,0,,,,0,0,0,0,0,0,0,0,2.4406494253672277,2.2670196133631566,1.9023208088566794,1.8892070590936665
2709,ks_toyota_ae86_drift,240,0.7207207207207207,9.3,0.16231562043547265,10,10,0,0,0,0,0,,,,0,0,0,0,0,0,0,0,3.3590061387592884,3.1425883932562613,3.0148228746420025,2.9853540234679827
2710,ks_toyota_ae86_drift,80,0.24024024024024024,9.3,0.16231562043547265,10,10,0,0,0,0,0,,,,0,0,0,0,0,0,0,0,2.075757668016698,1.8976269747929997,1.412702860350841,1.4241984956107956
2710,ks_toyota_ae86_drift,160,0.4804804804804805,9.3,0.16231562043547265,10,10,0,0,0,0,0,,,,0,0,0,0,0,0,0,0,2.075757668016698,1.8976269747929997,1.5423526574023767,1.5339278325045775
2710,ks_toyota_ae86_drift,240,0.7207207207207207,9.3,0.16231562043547265,10,10,0,0,0,0,0,,,,0,0,0,0,0,0,0,0,2.602569091482723,2.4319936546981173,2.365566223038335,2.3478474316708526
2711,ks_toyota_ae86_drift,80,0.24024024024024024,9.3,0.16231562043547265,10,10,0,0,0,0,0,,,,0,0,0,0,0,0,0,0,2.189039770495944,2.0121301870297974,1.650064633891772,1.6654057723761495
2711,ks_toyota_ae86_drift,160,0.4804804804804805,9.3,0.16231562043547265,10,10,0,0,0,0,0,,,,0,0,0,0,0,0,0,0,2.189039770495944,2.0121301870297974,1.650064633891772,1.6654057723761495
2711,ks_toyota_ae86_drift,240,0.7207207207207207,9.3,0.16231562043547265,10,10,0,0,0,0,0,,,,0,0,0,0,0,0,0,0,2.2861185298298046,2.1049795651635392,2.041177914352804,2.0261630241230004
2712,ks_toyota_ae86_drift,80,0.24024024024024024,9.3,0.16231562043547265,10,10,0,0,0,0,0,,,,0,0,0,0,0,0,0,0,2.3021344696598383,2.1389369178393154,1.6435374276444727,1.652961808038621
2712,ks_toyota_ae86_drift,160,0.4804804804804805,9.3,0.16231562043547265,10,10,0,0,0,0,0,,,,0,0,0,0,0,0,0,0,2.3021344696598383,2.1389369178393154,1.6435374276444727,1.652961808038621
2712,ks_toyota_ae86_drift,240,0.7207207207207207,9.3,0.16231562043547265,10,10,0,0,0,0,0,,,,0,0,0,0,0,0,0,0,2.7442673422301618,2.5546640656349577,2.4582299054040173,2.439800560919442
2713,ks_toyota_ae86_drift,80,0.24024024024024024,9.3,0.16231562043547265,10,10,0,0,0,0,0,,,,0,0,0,0,0,0,0,0,2.2187912207468736,2.039727779814646,1.5252979952099721,1.545586111644143
2713,ks_toyota_ae86_drift,160,0.4804804804804805,9.3,0.16231562043547265,10,10,0,0,0,0,0,,,,0,0,0,0,0,0,0,0,2.2187912207468736,2.039727779814646,1.6883916000890637,1.6768122950117765
2713,ks_toyota_ae86_drift,240,0.7207207207207207,9.3,0.16231562043547265,10,10,0,0,0,0,0,,,,0,0,0,0,0,0,0,0,2.924753810387279,2.694309631093396,2.6172221951299277,2.5958731582185837
2714,ks_toyota_ae86_drift,80,0.24024024024024024,9.3,0.16231562043547265,10,10,0,0,0,0,0,,,,0,0,0,0,0,0,0,0,2.215543679239944,2.044457045484645,1.4519989663583341,1.4730286919259803
2714,ks_toyota_ae86_drift,160,0.4804804804804805,9.3,0.16231562043547265,10,10,0,0,0,0,0,,,,0,0,0,0,0,0,0,0,2.2299965729671025,2.064595004478781,1.7501088692641817,1.7373713135140485
2714,ks_toyota_ae86_drift,240,0.7207207207207207,9.3,0.16231562043547265,10,10,0,0,0,0,0,,,,0,0,0,0,0,0,0,0,3.040741094664674,2.8632219168151036,2.775541924666004,2.753253523300371
2715,ks_toyota_ae86_drift,80,0.24024024024024024,9.3,0.16231562043547265,10,10,0,0,0,0,0,,,,0,0,0,0,0,0,0,0,2.2109591282029846,2.0260947222313,1.3401277248295185,1.3578574018109906
2715,ks_toyota_ae86_drift,160,0.4804804804804805,9.3,0.16231562043547265,10,10,0,0,0,0,0,,,,0,0,0,0,0,0,0,0,2.521615341562205,2.300113373995749,1.9435036479006829,1.9283527942177137
2715,ks_toyota_ae86_drift,240,0.7207207207207207,9.3,0.16231562043547265,10,10,0,0,0,0,0,,,,0,0,0,0,0,0,0,0,3.515843930688883,3.305440593636875,3.165105605959089,3.1366384447155338
2716,ks_toyota_ae86_drift,80,0.24024024024024024,9.3,0.16231562043547265,10,10,0,0,0,0,0,,,,0,0,0,0,0,0,0,0,2.616320823602898,2.4245611282206743,1.4222956475967123,1.4435342275425727
2716,ks_toyota_ae86_drift,160,0.4804804804804805,9.3,0.16231562043547265,10,10,0,0,0,0,0,,,,0,0,0,0,0,0,0,0,3.1747220854236438,3.003999799571883,2.484787601887731,2.463324799638024
2716,ks_toyota_ae86_drift,240,0.7207207207207207,9.3,0.16231562043547265,10,10,0,0,0,0,0,,,,0,0,0,0,0,0,0,0,4.602430337772474,4.383007095591229,4.110256724578287,4.067884792288466
2717,ks_toyota_ae86_drift,80,0.24024024024024024,9.3,0.16231562043547265,10,10,0,0,0,0,0,,,,0,0,0,0,0,0,0,0,2.4668607031939747,2.2951719455746566,1.3973925644394343,1.434457759909272
2717,ks_toyota_ae86_drift,160,0.4804804804804805,9.3,0.16231562043547265,10,10,0,0,0,0,0,,,,0,0,0,0,0,0,0,0,2.984967050562819,2.7808607210387395,2.320171078267138,2.3004713185969403
2717,ks_toyota_ae86_drift,240,0.7207207207207207,9.3,0.16231562043547265,10,10,0,0,0,0,0,,,,0,0,0,0,0,0,0,0,4.225260888502023,4.026113916645607,3.783460347323503,3.7473952409585434
2718,ks_toyota_ae86_drift,80,0.24024024024024024,9.3,0.16231562043547265,10,10,0,0,0,0,0,,,,0,0,0,0,0,0,0,0,2.4511502008858876,2.296121128425877,1.6450653623061458,1.671224880105589
2718,ks_toyota_ae86_drift,160,0.4804804804804805,9.3,0.16231562043547265,10,10,0,0,0,0,0,,,,0,0,0,0,0,0,0,0,2.4511502008858876,2.296121128425877,1.8621475571493686,1.8496615444597622
2718,ks_toyota_ae86_drift,240,0.7207207207207207,9.3,0.16231562043547265,10,10,0,0,0,0,0,,,,0,0,0,0,0,0,0,0,3.2998641710663827,3.107196273967959,2.9758455463696785,2.949535444243378
2719,ks_toyota_ae86_drift,80,0.24024024024024024,9.3,0.16231562043547265,10,10,0,0,0,0,0,,,,0,0,0,0,0,0,0,0,2.2970235671699646,2.1196766381535257,1.8223892394341359,1.8427346654243113
2719,ks_toyota_ae86_drift,160,0.4804804804804805,9.3,0.16231562043547265,10,10,0,0,0,0,0,,,,0,0,0,0,0,0,0,0,2.2970235671699646,2.1196766381535257,1.8223892394341359,1.8427346654243113
2719,ks_toyota_ae86_drift,240,0.7207207207207207,9.3,0.16231562043547265,10,10,0,0,0,0,0,,,,0,0,0,0,0,0,0,0,2.2970235671699646,2.1196766381535257,1.8933435924097555,1.8779425830484346
2720,ks_toyota_ae86_drift,80,0.24024024024024024,9.3,0.16231562043547265,10,10,0,0,0,0,0,,,,0,0,0,0,0,0,0,0,3.1960380386061957,3.0135112648779487,2.3041873683922502,2.3171999459781825
2720,ks_toyota_ae86_drift,160,0.4804804804804805,9.3,0.16231562043547265,10,10,0,0,0,0,0,,,,0,0,0,0,0,0,0,0,3.1960380386061957,3.0135112648779487,2.3041873683922502,2.3171999459781825
2720,ks_toyota_ae86_drift,240,0.7207207207207207,9.3,0.16231562043547265,10,10,0,0,0,0,0,,,,0,0,0,0,0,0,0,0,3.7756841769534435,3.554336102086725,3.2998257512523015,3.273823221082063
2721,ks_toyota_ae86_drift,80,0.24024024024024024,9.3,0.16231562043547265,10,10,0,0,0,0,0,,,,0,0,0,0,0,0,0,0,2.5276698773745983,2.3257293581476475,1.719152424233274,1.744923368301967
2721,ks_toyota_ae86_drift,160,0.4804804804804805,9.3,0.16231562043547265,10,10,0,0,0,0,0,,,,0,0,0,0,0,0,0,0,2.5276698773745983,2.3257293581476475,1.82823630825049,1.8140211904838124
2721,ks_toyota_ae86_drift,240,0.7207207207207207,9.3,0.16231562043547265,10,10,0,0,0,0,0,,,,0,0,0,0,0,0,0,0,3.10925173402131,2.957025813885355,2.8495241858780544,2.825144892852752
2722,ks_toyota_ae86_drift,80,0.24024024024024024,9.3,0.16231562043547265,10,10,0,0,0,0,0,,,,0,0,0,0,0,0,0,0,2.636207773145036,2.4438459538987933,1.9289297317591683,1.9511045812298493
2722,ks_toyota_ae86_drift,160,0.4804804804804805,9.3,0.16231562043547265,10,10,0,0,0,0,0,,,,0,0,0,0,0,0,0,0,2.636207773145036,2.4438459538987933,1.9289297317591683,1.9511045812298493
2722,ks_toyota_ae86_drift,240,0.7207207207207207,9.3,0.16231562043547265,10,10,0,0,0,0,0,,,,0,0,0,0,0,0,0,0,3.015751993812536,2.787965184992611,2.646598625306741,2.6252474539612813
2723,ks_toyota_ae86_drift,80,0.24024024024024024,9.3,0.16231562043547265,10,10,0,0,0,0,0,,,,0,0,0,0,0,0,0,0,2.3797373714622307,2.2089028143759872,1.8414569931626958,1.8618824604322075
2723,ks_toyota_ae86_drift,160,0.4804804804804805,9.3,0.16231562043547265,10,10,0,0,0,0,0,,,,0,0,0,0,0,0,0,0,2.3797373714622307,2.2089028143759872,1.8414569931626958,1.8618824604322075
2723,ks_toyota_ae86_drift,240,0.7207207207207207,9.3,0.16231562043547265,10,10,0,0,0,0,0,,,,0,0,0,0,0,0,0,0,2.3797373714622307,2.2089028143759872,2.0469504914185226,2.03507001768752
2724,ks_toyota_ae86_drift,80,0.24024024024024024,9.3,0.16231562043547265,10,10,0,0,0,0,0,,,,0,0,0,0,0,0,0,0,2.1336166273626986,1.9404411618315784,1.843379904857466,1.8588272314390961
2724,ks_toyota_ae86_drift,160,0.4804804804804805,9.3,0.16231562043547265,10,10,0,0,0,0,0,,,,0,0,0,0,0,0,0,0,2.1336166273626986,1.9404411618315784,1.843379904857466,1.8588272314390961
2724,ks_toyota_ae86_drift,240,0.7207207207207207,9.3,0.16231562043547265,10,10,0,0,0,0,0,,,,0,0,0,0,0,0,0,0,2.1336166273626986,1.9404411618315784,1.843379904857466,1.8588272314390961
2725,ks_toyota_ae86_drift,80,0.24024024024024024,9.3,0.16231562043547265,10,10,0,0,0,0,0,,,,0,0,0,0,0,0,0,0,2.1001943773197107,1.9281357222681543,1.97725353358042,1.9778859664088808
2725,ks_toyota_ae86_drift,160,0.4804804804804805,9.3,0.16231562043547265,10,10,0,0,0,0,0,,,,0,0,0,0,0,0,0,0,2.1001943773197107,1.9281357222681543,1.97725353358042,1.9778859664088808
2725,ks_toyota_ae86_drift,240,0.7207207207207207,9.3,0.16231562043547265,10,10,0,0,0,0,0,,,,0,0,0,0,0,0,0,0,2.1001943773197107,1.9281357222681543,1.97725353358042,1.9778859664088808
2726,ks_toyota_ae86_drift,80,0.24024024024024024,9.3,0.16231562043547265,10,10,0,0,0,0,0,,,,0,0,0,0,0,0,0,0,2.47928780550199,2.3113319597074953,2.227303770886825,2.228397454927673
2726,ks_toyota_ae86_drift,160,0.4804804804804805,9.3,0.16231562043547265,10,10,0,0,0,0,0,,,,0,0,0,0,0,0,0,0,2.47928780550199,2.3113319597074953,2.227303770886825,2.228397454927673
2726,ks_toyota_ae86_drift,240,0.7207207207207207,9.3,0.16231562043547265,10,10,0,0,0,0,0,,,,0,0,0,0,0,0,0,0,2.47928780550199,2.3113319597074953,2.227303770886825,2.228397454927673
2727,ks_toyota_ae86_drift,80,0.24024024024024024,9.3,0.16231562043547265,10,10,0,0,0,0,0,,,,0,0,0,0,0,0,0,0,1.6152979037993493,1.4607918744193735,1.2528543423794458,1.2550718059821728
2727,ks_toyota_ae86_drift,160,0.4804804804804805,9.3,0.16231562043547265,10,10,0,0,0,0,0,,,,0,0,0,0,0,0,0,0,1.6152979037993493,1.4607918744193735,1.2528543423794458,1.2550718059821728
2727,ks_toyota_ae86_drift,240,0.7207207207207207,9.3,0.16231562043547265,10,10,0,0,0,0,0,,,,0,0,0,0,0,0,0,0,1.6152979037993493,1.4607918744193735,1.483661375472986,1.476647731690735
2728,ks_toyota_ae86_drift,80,0.24024024024024024,9.3,0.16231562043547265,10,10,0,0,0,0,0,,,,0,0,0,0,0,0,0,0,1.049472866681034,0.8422457276756404,0.9838431797719681,0.9940846215455791
2728,ks_toyota_ae86_drift,160,0.4804804804804805,9.3,0.16231562043547265,10,10,0,0,0,0,0,,,,0,0,0,0,0,0,0,0,1.049472866681034,0.8422457276756404,0.9838431797719681,0.9940846215455791
2728,ks_toyota_ae86_drift,240,0.7207207207207207,9.3,0.16231562043547265,10,10,0,0,0,0,0,,,,0,0,0,0,0,0,0,0,1.049472866681034,0.8422457276756404,0.9838431797719681,0.9940846215455791
2729,ks_toyota_ae86_drift,80,0.24024024024024024,9.3,0.16231562043547265,10,10,0,0,0,0,0,,,,0,0,0,0,0,0,0,0,1.518087129715437,1.324388621104282,1.3706063767836425,1.370919178103288
2729,ks_toyota_ae86_drift,160,0.4804804804804805,9.3,0.16231562043547265,10,10,0,0,0,0,0,,,,0,0,0,0,0,0,0,0,1.518087129715437,1.324388621104282,1.3706063767836425,1.370919178103288
2729,ks_toyota_ae86_drift,240,0.7207207207207207,9.3,0.16231562043547265,10,10,0,0,0,0,0,,,,0,0,0,0,0,0,0,0,1.518087129715437,1.324388621104282,1.3706063767836425,1.370919178103288
2730,ks_toyota_ae86_drift,80,0.24024024024024024,9.3,0.16231562043547265,10,10,0,0,0,0,0,,,,0,0,0,0,0,0,0,0,1.0439801139278744,0.8724410868617676,0.8811264194433793,0.8819900648474157
2730,ks_toyota_ae86_drift,160,0.4804804804804805,9.3,0.16231562043547265,10,10,0,0,0,0,0,,,,0,0,0,0,0,0,0,0,1.0439801139278744,0.8724410868617676,0.8811264194433793,0.8819900648474157
2730,ks_toyota_ae86_drift,240,0.7207207207207207,9.3,0.16231562043547265,10,10,0,0,0,0,0,,,,0,0,0,0,0,0,0,0,1.0439801139278744,0.8724410868617676,0.8811264194433793,0.8819900648474157
2731,ks_toyota_ae86_drift,80,0.24024024024024024,9.3,0.16231562043547265,10,10,0,0,0,0,0,,,,0,0,0,0,0,0,0,0,0.8473000676614498,0.6712194984058136,0.6867599930365909,0.6884667399163007
2731,ks_toyota_ae86_drift,160,0.4804804804804805,9.3,0.16231562043547265,10,10,0,0,0,0,0,,,,0,0,0,0,0,0,0,0,0.8473000676614498,0.6712194984058136,0.6867599930365909,0.6884667399163007
2731,ks_toyota_ae86_drift,240,0.7207207207207207,9.3,0.16231562043547265,10,10,0,0,0,0,0,,,,0,0,0,0,0,0,0,0,0.8473000676614498,0.6712194984058136,0.6867599930365909,0.6884667399163007
2732,ks_toyota_ae86_drift,80,0.24024024024024024,9.3,0.16231562043547265,10,10,0,0,0,0,0,,,,0,0,0,0,0,0,0,0,0.8201947821053716,0.6072413832545687,0.5984005571476334,0.5987963879543767
2732,ks_toyota_ae86_drift,160,0.4804804804804805,9.3,0.16231562043547265,10,10,0,0,0,0,0,,,,0,0,0,0,0,0,0,0,0.8201947821053716,0.6072413832545687,0.5984005571476334,0.5987963879543767
2732,ks_toyota_ae86_drift,240,0.7207207207207207,9.3,0.16231562043547265,10,10,0,0,0,0,0,,,,0,0,0,0,0,0,0,0,0.8201947821053716,0.6072413832545687,0.6442226954636622,0.6428860594596024
2733,ks_toyota_ae86_drift,80,0.24024024024024024,9.3,0.16231562043547265,10,10,0,0,0,0,0,,,,0,0,0,0,0,0,0,0,0.7645605967989434,0.6007469939317972,0.5551244252055797,0.5559208359349738
2733,ks_toyota_ae86_drift,160,0.4804804804804805,9.3,0.16231562043547265,10,10,0,0,0,0,0,,,,0,0,0,0,0,0,0,0,0.7645605967989434,0.6007469939317972,0.5551244252055797,0.5559208359349738
2733,ks_toyota_ae86_drift,240,0.7207207207207207,9.3,0.16231562043547265,10,10,0,0,0,0,0,,,,0,0,0,0,0,0,0,0,0.8319648522317431,0.673682368570985,0.7304520728269278,0.7283795906615049
2734,ks_toyota_ae86_drift,80,0.24024024024024024,9.3,0.16231562043547265,10,10,0,0,0,0,0,,,,0,0,0,0,0,0,0,0,0.6176844756912536,0.4361168366132907,0.4890990142114763,0.4904009656611571
2734,ks_toyota_ae86_drift,160,0.4804804804804805,9.3,0.16231562043547265,10,10,0,0,0,0,0,,,,0,0,0,0,0,0,0,0,0.6176844756912536,0.4361168366132907,0.4890990142114763,0.4904009656611571
2734,ks_toyota_ae86_drift,240,0.7207207207207207,9.3,0.16231562043547265,10,10,0,0,0,0,0,,,,0,0,0,0,0,0,0,0,0.6176844756912536,0.4361168366132907,0.4890990142114763,0.4904009656611571
2735,ks_toyota_ae86_drift,80,0.24024024024024024,9.3,0.16231562043547265,10,10,0,0,0,0,0,,,,0,0,0,0,0,0,0,0,0.9068067567838637,0.7258240326948624,0.6361014404579584,0.6359515498221884
2735,ks_toyota_ae86_drift,160,0.4804804804804805,9.3,0.16231562043547265,10,10,0,0,0,0,0,,,,0,0,0,0,0,0,0,0,0.9068067567838637,0.7258240326948624,0.6361014404579584,0.6359515498221884
2735,ks_toyota_ae86_drift,240,0.7207207207207207,9.3,0.16231562043547265,10,10,0,0,0,0,0,,,,0,0,0,0,0,0,0,0,1.0227215770230327,0.8643451782611868,0.8707161439312221,0.8692402361011176
2736,ks_toyota_ae86_drift,80,0.24024024024024024,9.3,0.16231562043547265,10,10,0,0,0,0,0,,,,0,0,0,0,0,0,0,0,0.536168835989796,0.3566325111792507,0.2938461573164672,0.2960785085971506
2736,ks_toyota_ae86_drift,160,0.4804804804804805,9.3,0.16231562043547265,10,10,0,0,0,0,0,,,,0,0,0,0,0,0,0,0,0.6725432744443267,0.4594395580709306,0.470960699818567,0.47002965965732957
2736,ks_toyota_ae86_drift,240,0.7207207207207207,9.3,0.16231562043547265,10,10,0,0,0,0,0,,,,0,0,0,0,0,0,0,0,0.880301353935983,0.695545270495667,0.755622653939747,0.7539473899632427
2737,ks_toyota_ae86_drift,80,0.24024024024024024,9.3,0.16231562043547265,10,10,0,0,0,0,0,,,,0,0,0,0,0,0,0,0,0.788440432241189,0.5921592583501226,0.6261332596120007,0.6262758931717777
2737,ks_toyota_ae86_drift,160,0.4804804804804805,9.3,0.16231562043547265,10,10,0,0,0,0,0,,,,0,0,0,0,0,0,0,0,0.788440432241189,0.5921592583501226,0.6261332596120007,0.6262758931717777
2737,ks_toyota_ae86_drift,240,0.7207207207207207,9.3,0.16231562043547265,10,10,0,0,0,0,0,,,,0,0,0,0,0,0,0,0,0.788440432241189,0.5921592583501226,0.6261332596120007,0.6262758931717777
2738,ks_toyota_ae86_drift,80,0.24024024024024024,9.3,0.16231562043547265,10,10,0,0,0,0,0,,,,0,0,0,0,0,0,0,0,0.9444097229291342,0.7671466238125866,0.6614370133279157,0.6617812975507666
2738,ks_toyota_ae86_drift,160,0.4804804804804805,9.3,0.16231562043547265,10,10,0,0,0,0,0,,,,0,0,0,0,0,0,0,0,0.9444097229291342,0.7671466238125866,0.6614370133279157,0.6617812975507666
2738,ks_toyota_ae86_drift,240,0.7207207207207207,9.3,0.16231562043547265,10,10,0,0,0,0,0,,,,0,0,0,0,0,0,0,0,1.0691120084223478,0.8616163042443552,0.9471333675823825,0.9415573718987134
2739,ks_toyota_ae86_drift,80,0.24024024024024024,9.3,0.16231562043547265,10,10,0,0,0,0,0,,,,0,0,0,0,0,0,0,0,0.6455879328848714,0.4640563390630361,0.4170571136930908,0.4200662389093045
2739,ks_toyota_ae86_drift,160,0.4804804804804805,9.3,0.16231562043547265,10,10,0,0,0,0,0,,,,0,0,0,0,0,0,0,0,0.6455879328848714,0.4640563390630361,0.435382030988559,0.43445003033196955
2739,ks_toyota_ae86_drift,240,0.7207207207207207,9.3,0.16231562043547265,10,10,0,0,0,0,0,,,,0,0,0,0,0,0,0,0,0.7745074333037447,0.5911800333387249,0.6573647264787073,0.6546075178489906
2740,ks_toyota_ae86_drift,80,0.24024024024024024,9.3,0.16231562043547265,10,10,0,0,0,0,0,,,,0,0,0,0,0,0,0,0,0.6712572778896603,0.5031236337333339,0.5217406483375259,0.5243572511198754
2740,ks_toyota_ae86_drift,160,0.4804804804804805,9.3,0.16231562043547265,10,10,0,0,0,0,0,,,,0,0,0,0,0,0,0,0,0.6712572778896603,0.5031236337333339,0.5217406483375259,0.5243572511198754
2740,ks_toyota_ae86_drift,240,0.7207207207207207,9.3,0.16231562043547265,10,10,0,0,0,0,0,,,,0,0,0,0,0,0,0,0,0.6712572778896603,0.5031236337333339,0.5217406483375259,0.5243572511198754
2741,ks_toyota_ae86_drift,80,0.24024024024024024,9.3,0.16231562043547265,10,10,0,0,0,0,0,,,,0,0,0,0,0,0,0,0,0.7790119964222211,0.6412474010281812,0.566756450805523,0.568345910530579
2741,ks_toyota_ae86_drift,160,0.4804804804804805,9.3,0.16231562043547265,10,10,0,0,0,0,0,,,,0,0,0,0,0,0,0,0,0.7790119964222211,0.6412474010281812,0.566756450805523,0.568345910530579
2741,ks_toyota_ae86_drift,240,0.7207207207207207,9.3,0.16231562043547265,10,10,0,0,0,0,0,,,,0,0,0,0,0,0,0,0,0.846541169611638,0.6810668169199737,0.7464009914257307,0.7445935526166161
2742,ks_toyota_ae86_drift,80,0.24024024024024024,9.3,0.16231562043547265,10,10,0,0,0,0,0,,,,0,0,0,0,0,0,0,0,0.6023166034195778,0.4278086318594842,0.49079039316555356,0.4914065509338828
2742,ks_toyota_ae86_drift,160,0.4804804804804805,9.3,0.16231562043547265,10,10,0,0,0,0,0,,,,0,0,0,0,0,0,0,0,0.6023166034195778,0.4278086318594842,0.49079039316555356,0.4914065509338828
2742,ks_toyota_ae86_drift,240,0.7207207207207207,9.3,0.16231562043547265,10,10,0,0,0,0,0,,,,0,0,0,0,0,0,0,0,0.6023166034195778,0.4278086318594842,0.49079039316555356,0.4914065509338828
2743,ks_toyota_ae86_drift,80,0.24024024024024024,9.3,0.16231562043547265,10,10,0,0,0,0,0,,,,0,0,0,0,0,0,0,0,0.9197608508750276,0.7334734176784535,0.7513468487976133,0.7509533125075442
2743,ks_toyota_ae86_drift,160,0.4804804804804805,9.3,0.16231562043547265,10,10,0,0,0,0,0,,,,0,0,0,0,0,0,0,0,0.9197608508750276,0.7334734176784535,0.7513468487976133,0.7509533125075442
2743,ks_toyota_ae86_drift,240,0.7207207207207207,9.3,0.16231562043547265,10,10,0,0,0,0,0,,,,0,0,0,0,0,0,0,0,0.9197608508750276,0.7334734176784535,0.7513468487976133,0.7509533125075442
2744,ks_toyota_ae86_drift,80,0.24024024024024024,9.3,0.16231562043547265,10,10,0,0,0,0,0,,,,0,0,0,0,0,0,0,0,0.4540481909382633,0.23449314745037864,0.3245644528609235,0.323624421395974
2744,ks_toyota_ae86_drift,160,0.4804804804804805,9.3,0.16231562043547265,10,10,0,0,0,0,0,,,,0,0,0,0,0,0,0,0,0.4540481909382633,0.23449314745037864,0.3245644528609235,0.323624421395974
2744,ks_toyota_ae86_drift,240,0.7207207207207207,9.3,0.16231562043547265,10,10,0,0,0,0,0,,,,0,0,0,0,0,0,0,0,0.4540481909382633,0.23449314745037864,0.3245644528609235,0.323624421395974
2745,ks_toyota_ae86_drift,80,0.24024024024024024,9.3,0.16231562043547265,10,10,0,0,0,0,0,,,,0,0,0,0,0,0,0,0,0.8814004274229732,0.6660112657202674,0.7555743623678809,0.7559561592703141
2745,ks_toyota_ae86_drift,160,0.4804804804804805,9.3,0.16231562043547265,10,10,0,0,0,0,0,,,,0,0,0,0,0,0,0,0,0.8814004274229732,0.6660112657202674,0.7555743623678809,0.7559561592703141
2745,ks_toyota_ae86_drift,240,0.7207207207207207,9.3,0.16231562043547265,10,10,0,0,0,0,0,,,,0,0,0,0,0,0,0,0,0.8814004274229732,0.6660112657202674,0.7555743623678809,0.7559561592703141
2746,ks_toyota_ae86_drift,80,0.24024024024024024,9.3,0.16231562043547265,10,10,0,0,0,0,0,,,,0,0,0,0,0,0,0,0,0.7272035708246463,0.5704898428780225,0.6227539167984312,0.6222406921153282
2746,ks_toyota_ae86_drift,160,0.4804804804804805,9.3,0.16231562043547265,10,10,0,0,0,0,0,,,,0,0,0,0,0,0,0,0,0.7272035708246463,0.5704898428780225,0.6227539167984312,0.6222406921153282
2746,ks_toyota_ae86_drift,240,0.7207207207207207,9.3,0.16231562043547265,10,10,0,0,0,0,0,,,,0,0,0,0,0,0,0,0,0.7272035708246463,0.5704898428780225,0.6227539167984312,0.6222406921153282
2747,ks_toyota_ae86_drift,80,0.24024024024024024,9.3,0.16231562043547265,10,10,0,0,0,0,0,,,,0,0,0,0,0,0,0,0,0.4883147697565413,0.2912889184829585,0.3976042813696449,0.3976281603513135
2747,ks_toyota_ae86_drift,160,0.4804804804804805,9.3,0.16231562043547265,10,10,0,0,0,0,0,,,,0,0,0,0,0,0,0,0,0.4883147697565413,0.2912889184829585,0.3976042813696449,0.3976281603513135
2747,ks_toyota_ae86_drift,240,0.7207207207207207,9.3,0.16231562043547265,10,10,0,0,0,0,0,,,,0,0,0,0,0,0,0,0,0.4883147697565413,0.2912889184829585,0.3976042813696449,0.3976281603513135
2748,ks_toyota_ae86_drift,80,0.24024024024024024,9.3,0.16231562043547265,10,10,0,0,0,0,0,,,,0,0,0,0,0,0,0,0,0.6476711939425782,0.4355072155494406,0.5629033169791366,0.5619387662022839
2748,ks_toyota_ae86_drift,160,0.4804804804804805,9.3,0.16231562043547265,10,10,0,0,0,0,0,,,,0,0,0,0,0,0,0,0,0.6476711939425782,0.4355072155494406,0.5629033169791366,0.5619387662022839
2748,ks_toyota_ae86_drift,240,0.7207207207207207,9.3,0.16231562043547265,10,10,0,0,0,0,0,,,,0,0,0,0,0,0,0,0,0.6476711939425782,0.5168077576528958,0.5629033169791366,0.5619387662022839
2749,ks_toyota_ae86_drift,80,0.24024024024024024,9.3,0.16231562043547265,10,10,0,0,0,0,0,,,,0,0,0,0,0,0,0,0,0.45676335121590206,0.2796836800311664,0.3501327857711902,0.3502428158498509
2749,ks_toyota_ae86_drift,160,0.4804804804804805,9.3,0.16231562043547265,10,10,0,0,0,0,0,,,,0,0,0,0,0,0,0,0,0.45676335121590206,0.2796836800311664,0.3501327857711902,0.3502428158498509
2749,ks_toyota_ae86_drift,240,0.7207207207207207,9.3,0.16231562043547265,10,10,0,0,0,0,0,,,,0,0,0,0,0,0,0,0,0.45676335121590206,0.2796836800311664,0.3501327857711902,0.3502428158498509
2750,ks_toyota_ae86_drift,80,0.24024024024024024,9.3,0.16231562043547265,10,10,0,0,0,0,0,,,,0,0,0,0,0,0,0,0,0.27194726349651044,0.09236778309618976,0.19344499119907138,0.19454076965339562
2750,ks_toyota_ae86_drift,160,0.4804804804804805,9.3,0.16231562043547265,10,10,0,0,0,0,0,,,,0,0,0,0,0,0,0,0,0.27194726349651044,0.17125617452514613,0.19344499119907138,0.19454076965339562
2750,ks_toyota_ae86_drift,240,0.7207207207207207,9.3,0.16231562043547265,10,10,0,0,0,0,0,,,,0,0,0,0,0,0,0,0,0.27194726349651044,0.22136813854740575,0.19344499119907138,0.19454076965339562
2751,ks_toyota_ae86_drift,80,0.24024024024024024,9.3,0.16231562043547265,10,10,0,0,0,0,0,,,,0,0,0,0,0,0,0,0,0.38173105514066746,0.21956770335023304,0.2935452821474428,0.2935457890755453
2751,ks_toyota_ae86_drift,160,0.4804804804804805,9.3,0.16231562043547265,10,10,0,0,0,0,0,,,,0,0,0,0,0,0,0,0,0.38173105514066746,0.22850419212618814,0.2935452821474428,0.2935457890755453
2751,ks_toyota_ae86_drift,240,0.7207207207207207,9.3,0.16231562043547265,10,10,0,0,0,0,0,,,,0,0,0,0,0,0,0,0,0.38173105514066746,0.30994899529543335,0.2935452821474428,0.2935457890755453
2752,ks_toyota_ae86_drift,80,0.24024024024024024,9.3,0.16231562043547265,10,10,0,0,0,0,0,,,,0,0,0,0,0,0,0,0,0.34555277040672644,0.13998463365791877,0.23471131329742234,0.23637827966130215
2752,ks_toyota_ae86_drift,160,0.4804804804804805,9.3,0.16231562043547265,10,10,0,0,0,0,0,,,,0,0,0,0,0,0,0,0,0.34555277040672644,0.15970771202082973,0.23471131329742234,0.23637827966130215
2752,ks_toyota_ae86_drift,240,0.7207207207207207,9.3,0.16231562043547265,10,10,0,0,0,0,0,,,,0,0,0,0,0,0,0,0,0.34555277040672644,0.2576723815745954,0.23471131329742234,0.23637827966130215
2753,ks_toyota_ae86_drift,80,0.24024024024024024,9.3,0.16231562043547265,10,10,0,0,0,0,0,,,,0,0,0,0,0,0,0,0,0.3041525659284726,0.11345120302205719,0.24442194798690287,0.2441824111182764
2753,ks_toyota_ae86_drift,160,0.4804804804804805,9.3,0.16231562043547265,10,10,0,0,0,0,0,,,,0,0,0,0,0,0,0,0,0.3041525659284726,0.19680451045579206,0.24442194798690287,0.2441824111182764
2753,ks_toyota_ae86_drift,240,0.7207207207207207,9.3,0.16231562043547265,10,10,0,0,0,0,0,,,,0,0,0,0,0,0,0,0,0.3041525659284726,0.28291996239813594,0.24442194798690287,0.2441824111182764
2754,ks_toyota_ae86_drift,80,0.24024024024024024,9.3,0.16231562043547265,10,10,0,0,0,0,0,,,,0,0,0,0,0,0,0,0,0.2987013545992884,0.06499621354397357,0.20178993490009312,0.20178241101983552
2754,ks_toyota_ae86_drift,160,0.4804804804804805,9.3,0.16231562043547265,10,10,0,0,0,0,0,,,,0,0,0,0,0,0,0,0,0.2987013545992884,0.18721739280054034,0.20178993490009312,0.20178241101983552
2754,ks_toyota_ae86_drift,240,0.7207207207207207,9.3,0.16231562043547265,10,10,0,0,0,0,0,,,,0,0,0,0,0,0,0,0,0.2987013545992884,0.2389063034278531,0.20178993490009312,0.20178241101983552
2755,ks_toyota_ae86_drift,80,0.24024024024024024,9.3,0.16231562043547265,10,10,0,0,0,0,0,,,,0,0,0,0,0,0,0,0,0.16770155465004374,0.14014573007279588,0.10441662365827571,0.10439117053144684
2755,ks_toyota_ae86_drift,160,0.4804804804804805,9.3,0.16231562043547265,10,10,0,0,0,0,0,,,,0,0,0,0,0,0,0,0,0.16770155465004374,0.268103948067056,0.1605106461144897,0.1608604932062545
2755,ks_toyota_ae86_drift,240,0.7207207207207207,9.3,0.16231562043547265,10,10,0,0,0,0,0,,,,0,0,0,0,0,0,0,0,0.17864763982628998,0.36026067564984976,0.2577854532218708,0.2579634116662614
2756,ks_toyota_ae86_drift,80,0.24024024024024024,9.3,0.16231562043547265,10,10,0,0,0,0,0,,,,0,0,0,0,0,0,0,0,0.10558632023406685,0.19559159158915942,0.057778744643893154,0.05782532199836015
2756,ks_toyota_ae86_drift,160,0.4804804804804805,9.3,0.16231562043547265,10,10,0,0,0,0,0,,,,0,0,0,0,0,0,0,0,0.10558632023406685,0.2846033372242796,0.17576826152388003,0.17585714736458274
2756,ks_toyota_ae86_drift,240,0.7207207207207207,9.3,0.16231562043547265,10,10,0,0,0,0,0,,,,0,0,0,0,0,0,0,0,0.19293157975298325,0.362135909422562,0.2731917719880544,0.27332802892591085
2757,ks_toyota_ae86_drift,80,0.24024024024024024,9.3,0.16231562043547265,10,10,0,0,0,0,0,,,,0,0,0,0,0,0,0,0,0.2016161786228677,0.1146310114794711,0.14965799579165512,0.14947204655954416
2757,ks_toyota_ae86_drift,160,0.4804804804804805,9.3,0.16231562043547265,10,10,0,0,0,0,0,,,,0,0,0,0,0,0,0,0,0.2016161786228677,0.22844280046493737,0.14965799579165512,0.14947204655954416
2757,ks_toyota_ae86_drift,240,0.7207207207207207,9.3,0.16231562043547265,10,10,0,0,0,0,0,,,,0,0,0,0,0,0,0,0,0.2016161786228677,0.31664242059948716,0.23071778706708052,0.23094006169979683
2758,ks_toyota_ae86_drift,80,0.24024024024024024,9.3,0.16231562043547265,10,10,0,0,0,0,0,,,,0,0,0,0,0,0,0,0,0.14322196990173292,0.19690296122937545,0.08512629514220192,0.08518431839961396
2758,ks_toyota_ae86_drift,160,0.4804804804804805,9.3,0.16231562043547265,10,10,0,0,0,0,0,,,,0,0,0,0,0,0,0,0,0.1601752864942847,0.33766211432678983,0.2208155335548694,0.22095946111532894
2758,ks_toyota_ae86_drift,240,0.7207207207207207,9.3,0.16231562043547265,10,10,0,0,0,0,0,,,,0,0,0,0,0,0,0,0,0.2763155163162774,0.4520482795327719,0.3615775681383399,0.36187855002907005
2759,ks_toyota_ae86_drift,80,0.24024024024024024,9.3,0.16231562043547265,10,10,0,0,0,0,0,,,,0,0,0,0,0,0,0,0,0.1334666321577432,0.14466900951042358,0.06281899069443284,0.06280634417229773
2759,ks_toyota_ae86_drift,160,0.4804804804804805,9.3,0.16231562043547265,10,10,0,0,0,0,0,,,,0,0,0,0,0,0,0,0,0.1334666321577432,0.22443857538359094,0.12655737554395963,0.12667642360675882
2759,ks_toyota_ae86_drift,240,0.7207207207207207,9.3,0.16231562043547265,10,10,0,0,0,0,0,,,,0,0,0,0,0,0,0,0,0.13662628833996168,0.2933639086084672,0.20453925946379514,0.20462659783976403
2760,ks_toyota_ae86_drift,80,0.24024024024024024,9.3,0.16231562043547265,10,10,0,0,0,0,0,,,,0,0,0,0,0,0,0,0,0.14013281674639633,0.20219873239408895,0.08517406644575234,0.0851921024140294
2760,ks_toyota_ae86_drift,160,0.4804804804804805,9.3,0.16231562043547265,10,10,0,0,0,0,0,,,,0,0,0,0,0,0,0,0,0.16819310148665986,0.3266538504167127,0.2181524934902917,0.21830023635173287
2760,ks_toyota_ae86_drift,240,0.7207207207207207,9.3,0.16231562043547265,10,10,0,0,0,0,0,,,,0,0,0,0,0,0,0,0,0.28846770351019946,0.45569528038444135,0.35189329371018746,0.35228365502950953
2761,ks_toyota_ae86_drift,80,0.24024024024024024,9.3,0.16231562043547265,10,10,0,0,0,0,0,,,,0,0,0,0,0,0,0,0,0.07966939421207825,0.16629402875291865,0.06110744133796284,0.06109599543501778
2761,ks_toyota_ae86_drift,160,0.4804804804804805,9.3,0.16231562043547265,10,10,0,0,0,0,0,,,,0,0,0,0,0,0,0,0,0.08147659289735486,0.2439376182056402,0.14386007232081344,0.14390965789336213
2761,ks_toyota_ae86_drift,240,0.7207207207207207,9.3,0.16231562043547265,10,10,0,0,0,0,0,,,,0,0,0,0,0,0,0,0,0.13876206981712616,0.28058342405218334,0.19167035597427132,0.19178073289847578
2762,ks_toyota_ae86_drift,80,0.24024024024024024,9.3,0.16231562043547265,10,10,0,0,0,0,0,,,,0,0,0,0,0,0,0,0,0.08364684548548675,0.1301904492130246,0.021433712247248545,0.021438139530511824
2762,ks_toyota_ae86_drift,160,0.4804804804804805,9.3,0.16231562043547265,10,10,0,0,0,0,0,,,,0,0,0,0,0,0,0,0,0.08364684548548675,0.16190157678636577,0.07280690171574677,0.07283755085562588
2762,ks_toyota_ae86_drift,240,0.7207207207207207,9.3,0.16231562043547265,10,10,0,0,0,0,0,,,,0,0,0,0,0,0,0,0,0.08364684548548675,0.19018613719132904,0.10518707433273844,0.10521125346920455
2763,ks_toyota_ae86_drift,80,0.24024024024024024,9.3,0.16231562043547265,10,10,0,0,0,0,0,,,,0,0,0,0,0,0,0,0,0.07485383737284819,0.1462715293042246,0.03736602394811586,0.037369092197157075
2763,ks_toyota_ae86_drift,160,0.4804804804804805,9.3,0.16231562043547265,10,10,0,0,0,0,0,,,,0,0,0,0,0,0,0,0,0.07485383737284819,0.14793658801761356,0.06410261936125226,0.06412012172100043
2763,ks_toyota_ae86_drift,240,0.7207207207207207,9.3,0.16231562043547265,10,10,0,0,0,0,0,,,,0,0,0,0,0,0,0,0,0.07485383737284819,0.18696435563613253,0.0987726062273841,0.09880011374704926
2764,ks_toyota_ae86_drift,80,0.24024024024024024,9.3,0.16231562043547265,10,10,0,0,0,0,0,,,,0,0,0,0,0,0,0,0,0.11614269776143889,0.09300140320362744,0.03343774803569947,0.03339579973522075
2764,ks_toyota_ae86_drift,160,0.4804804804804805,9.3,0.16231562043547265,10,10,0,0,0,0,0,,,,0,0,0,0,0,0,0,0,0.11614269776143889,0.10062899027881274,0.03343774803569947,0.03339579973522075
2764,ks_toyota_ae86_drift,240,0.7207207207207207,9.3,0.16231562043547265,10,10,0,0,0,0,0,,,,0,0,0,0,0,0,0,0,0.11614269776143889,0.12252683022192486,0.03478653030389848,0.03480978229554561
2765,ks_toyota_ae86_drift,80,0.24024024024024024,9.3,0.16231562043547265,10,10,0,0,0,0,0,,,,0,0,0,0,0,0,0,0,0.15911016384994617,0.05461970878158953,0.06826870124962948,0.06838889657076584
2765,ks_toyota_ae86_drift,160,0.4804804804804805,9.3,0.16231562043547265,10,10,0,0,0,0,0,,,,0,0,0,0,0,0,0,0,0.15911016384994617,0.08386924018012205,0.06826870124962948,0.06838889657076584
2765,ks_toyota_ae86_drift,240,0.7207207207207207,9.3,0.16231562043547265,10,10,0,0,0,0,0,,,,0,0,0,0,0,0,0,0,0.15911016384994617,0.08386924018012205,0.06826870124962948,0.06838889657076584
2766,ks_toyota_ae86_drift,80,0.24024024024024024,9.3,0.16231562043547265,10,10,0,0,0,0,0,,,,0,0,0,0,0,0,0,0,0.13494659541266746,0.09529224464918576,0.053593042636918685,0.05356283705912923
2766,ks_toyota_ae86_drift,160,0.4804804804804805,9.3,0.16231562043547265,10,10,0,0,0,0,0,,,,0,0,0,0,0,0,0,0,0.13494659541266746,0.12694376147974137,0.053593042636918685,0.05356283705912923
2766,ks_toyota_ae86_drift,240,0.7207207207207207,9.3,0.16231562043547265,10,10,0,0,0,0,0,,,,0,0,0,0,0,0,0,0,0.13494659541266746,0.14538872735400046,0.06714839681329533,0.06714278725363519
2767,ks_toyota_ae86_drift,80,0.24024024024024024,9.3,0.16231562043547265,10,10,0,0,0,0,0,,,,0,0,0,0,0,0,0,0,0.25545006213425536,0.06097082421434936,0.16695484955511739,0.16698527858147832
2767,ks_toyota_ae86_drift,160,0.4804804804804805,9.3,0.16231562043547265,10,10,0,0,0,0,0,,,,0,0,0,0,0,0,0,0,0.25545006213425536,0.0990465675162317,0.16695484955511739,0.16698527858147832
2767,ks_toyota_ae86_drift,240,0.7207207207207207,9.3,0.16231562043547265,10,10,0,0,0,0,0,,,,0,0,0,0,0,0,0,0,0.25545006213425536,0.14075572466261618,0.16695484955511739,0.16698527858147832
2768,ks_toyota_ae86_drift,80,0.24024024024024024,9.3,0.16231562043547265,10,10,0,0,0,0,0,,,,0,0,0,0,0,0,0,0,0.21452491598907444,0.03489410244827287,0.1159753714669868,0.11595540116779245
2768,ks_toyota_ae86_drift,160,0.4804804804804805,9.3,0.16231562043547265,10,10,0,0,0,0,0,,,,0,0,0,0,0,0,0,0,0.21452491598907444,0.07617164366594413,0.1159753714669868,0.11595540116779245
2768,ks_toyota_ae86_drift,240,0.7207207207207207,9.3,0.16231562043547265,10,10,0,0,0,0,0,,,,0,0,0,0,0,0,0,0,0.21452491598907444,0.10351402483162911,0.1159753714669868,0.11595540116779245
2769,ks_toyota_ae86_drift,80,0.24024024024024024,9.3,0.16231562043547265,10,10,0,0,0,0,0,,,,0,0,0,0,0,0,0,0,0.23115369187434484,0.050662718060211324,0.14944899467109538,0.148850979592749
2769,ks_toyota_ae86_drift,160,0.4804804804804805,9.3,0.16231562043547265,10,10,0,0,0,0,0,,,,0,0,0,0,0,0,0,0,0.23115369187434484,0.08924576632557908,0.14944899467109538,0.148850979592749
2769,ks_toyota_ae86_drift,240,0.7207207207207207,9.3,0.16231562043547265,10,10,0,0,0,0,0,,,,0,0,0,0,0,0,0,0,0.23115369187434484,0.1238435759680696,0.14944899467109538,0.148850979592749
2770,ks_toyota_ae86_drift,80,0.24024024024024024,9.3,0.16231562043547265,10,10,0,0,0,0,0,,,,0,0,0,0,0,0,0,0,0.20928175862531118,0.05316609244778008,0.12293097198150597,0.12279933075742457
2770,ks_toyota_ae86_drift,160,0.4804804804804805,9.3,0.16231562043547265,10,10,0,0,0,0,0,,,,0,0,0,0,0,0,0,0,0.20928175862531118,0.10767328987104953,0.12293097198150597,0.12279933075742457
2770,ks_toyota_ae86_drift,240,0.7207207207207207,9.3,0.16231562043547265,10,10,0,0,0,0,0,,,,0,0,0,0,0,0,0,0,0.20928175862531118,0.14648582648943376,0.12293097198150597,0.12279933075742457
2771,ks_toyota_ae86_drift,80,0.24024024024024024,9.3,0.16231562043547265,10,10,0,0,0,0,0,,,,0,0,0,0,0,0,0,0,0.23009605308962425,0.04247562243214695,0.1373934973426113,0.13737728898354573
2771,ks_toyota_ae86_drift,160,0.4804804804804805,9.3,0.16231562043547265,10,10,0,0,0,0,0,,,,0,0,0,0,0,0,0,0,0.23009605308962425,0.06180870966665274,0.1373934973426113,0.13737728898354573
2771,ks_toyota_ae86_drift,240,0.7207207207207207,9.3,0.16231562043547265,10,10,0,0,0,0,0,,,,0,0,0,0,0,0,0,0,0.23009605308962425,0.07470809554339039,0.1373934973426113,0.13737728898354573
2772,ks_toyota_ae86_drift,80,0.24024024024024024,9.3,0.16231562043547265,10,10,0,0,0,0,0,,,,0,0,0,0,0,0,0,0,0.22222955613583395,0.04391152629784999,0.11341526448763528,0.11334608214186245
2772,ks_toyota_ae86_drift,160,0.4804804804804805,9.3,0.16231562043547265,10,10,0,0,0,0,0,,,,0,0,0,0,0,0,0,0,0.22222955613583395,0.04391152629784999,0.11341526448763528,0.11334608214186245
2772,ks_toyota_ae86_drift,240,0.7207207207207207,9.3,0.16231562043547265,10,10,0,0,0,0,0,,,,0,0,0,0,0,0,0,0,0.22222955613583395,0.04391152629784999,0.11341526448763528,0.11334608214186245
2773,ks_toyota_ae86_drift,80,0.24024024024024024,9.3,0.16231562043547265,10,10,0,0,0,0,0,,,,0,0,0,0,0,0,0,0,0.21776249235672662,0.0284317363073425,0.10805507343326944,0.10780352370263595
2773,ks_toyota_ae86_drift,160,0.4804804804804805,9.3,0.16231562043547265,10,10,0,0,0,0,0,,,,0,0,0,0,0,0,0,0,0.21776249235672662,0.0284317363073425,0.10805507343326944,0.10780352370263595
2773,ks_toyota_ae86_drift,240,0.7207207207207207,9.3,0.16231562043547265,10,10,0,0,0,0,0,,,,0,0,0,0,0,0,0,0,0.21776249235672662,0.0284317363073425,0.10805507343326944,0.10780352370263595
2774,ks_toyota_ae86_drift,80,0.24024024024024024,9.3,0.16231562043547265,10,10,0,0,0,0,0,,,,0,0,0,0,0,0,0,0,0.20660760616311896,0.032004075320657924,0.12249725496921017,0.12235187332550938
2774,ks_toyota_ae86_drift,160,0.4804804804804805,9.3,0.16231562043547265,10,10,0,0,0,0,0,,,,0,0,0,0,0,0,0,0,0.20660760616311896,0.08738157157930856,0.12249725496921017,0.12235187332550938
2774,ks_toyota_ae86_drift,240,0.7207207207207207,9.3,0.16231562043547265,10,10,0,0,0,0,0,,,,0,0,0,0,0,0,0,0,0.20660760616311896,0.10750288865744961,0.12249725496921017,0.12235187332550938
2775,ks_toyota_ae86_drift,80,0.24024024024024024,9.3,0.16231562043547265,10,10,0,0,0,0,0,,,,0,0,0,0,0,0,0,0,0.2903286632547635,0.13338635075456912,0.2053660591989105,0.205297677265931
2775,ks_toyota_ae86_drift,160,0.4804804804804805,9.3,0.16231562043547265,10,10,0,0,0,0,0,,,,0,0,0,0,0,0,0,0,0.2903286632547635,0.13338635075456912,0.2053660591989105,0.205297677265931
2775,ks_toyota_ae86_drift,240,0.7207207207207207,9.3,0.16231562043547265,10,10,0,0,0,0,0,,,,0,0,0,0,0,0,0,0,0.2903286632547635,0.13338635075456912,0.2053660591989105,0.205297677265931
2776,ks_toyota_ae86_drift,80,0.24024024024024024,9.3,0.16231562043547265,10,10,0,0,0,0,0,,,,0,0,0,0,0,0,0,0,0.28357421981542913,0.09081198739920118,0.19143041889924817,0.19127507211627004
2776,ks_toyota_ae86_drift,160,0.4804804804804805,9.3,0.16231562043547265,10,10,0,0,0,0,0,,,,0,0,0,0,0,0,0,0,0.28357421981542913,0.12560808597103362,0.19143041889924817,0.19127507211627004
2776,ks_toyota_ae86_drift,240,0.7207207207207207,9.3,0.16231562043547265,10,10,0,0,0,0,0,,,,0,0,0,0,0,0,0,0,0.28357421981542913,0.16344832114868274,0.19143041889924817,0.19127507211627004
2777,ks_toyota_ae86_drift,80,0.24024024024024024,9.3,0.16231562043547265,10,10,0,0,0,0,0,,,,0,0,0,0,0,0,0,0,0.26571172767111195,0.0974397655139862,0.19466032464429728,0.19461093917494693
2777,ks_toyota_ae86_drift,160,0.4804804804804805,9.3,0.16231562043547265,10,10,0,0,0,0,0,,,,0,0,0,0,0,0,0,0,0.26571172767111195,0.23095823107020613,0.19466032464429728,0.19461093917494693
2777,ks_toyota_ae86_drift,240,0.7207207207207207,9.3,0.16231562043547265,10,10,0,0,0,0,0,,,,0,0,0,0,0,0,0,0,0.26571172767111195,0.3106706474699275,0.2192402411362559,0.21930332700458596
2778,ks_toyota_ae86_drift,80,0.24024024024024024,9.3,0.16231562043547265,10,10,0,0,0,0,0,,,,0,0,0,0,0,0,0,0,0.3091479421718378,0.12519832798168576,0.2550901431815074,0.2546660578031584
2778,ks_toyota_ae86_drift,160,0.4804804804804805,9.3,0.16231562043547265,10,10,0,0,0,0,0,,,,0,0,0,0,0,0,0,0,0.3091479421718378,0.29258590737332046,0.2550901431815074,0.2546660578031584
2778,ks_toyota_ae86_drift,240,0.7207207207207207,9.3,0.16231562043547265,10,10,0,0,0,0,0,,,,0,0,0,0,0,0,0,0,0.3091479421718378,0.42530256608389777,0.3281134831866856,0.3284064075886292
2779,ks_toyota_ae86_drift,80,0.24024024024024024,9.3,0.16231562043547265,10,10,0,0,0,0,0,,,,0,0,0,0,0,0,0,0,0.2730717901103296,0.12443145248436671,0.20342021567761054,0.20399136356652642
2779,ks_toyota_ae86_drift,160,0.4804804804804805,9.3,0.16231562043547265,10,10,0,0,0,0,0,,,,0,0,0,0,0,0,0,0,0.2730717901103296,0.29012453131203003,0.20342021567761054,0.20399136356652642
2779,ks_toyota_ae86_drift,240,0.7207207207207207,9.3,0.16231562043547265,10,10,0,0,0,0,0,,,,0,0,0,0,0,0,0,0,0.2730717901103296,0.45437545304904214,0.3396117331284318,0.3399080993053869
2780,ks_toyota_ae86_drift,80,0.24024024024024024,9.3,0.16231562043547265,10,10,0,0,0,0,0,,,,0,0,0,0,0,0,0,0,0.24643135762420887,0.10674570482503684,0.17813312114250437,0.17809787629917007
2780,ks_toyota_ae86_drift,160,0.4804804804804805,9.3,0.16231562043547265,10,10,0,0,0,0,0,,,,0,0,0,0,0,0,0,0,0.24643135762420887,0.22848122027901868,0.17813312114250437,0.17809787629917007
2780,ks_toyota_ae86_drift,240,0.7207207207207207,9.3,0.16231562043547265,10,10,0,0,0,0,0,,,,0,0,0,0,0,0,0,0,0.24643135762420887,0.3433182580115009,0.2556343438397135,0.2558236948261962
2781,ks_toyota_ae86_drift,80,0.24024024024024024,9.3,0.16231562043547265,10,10,0,0,0,0,0,,,,0,0,0,0,0,0,0,0,0.13422562358904766,0.28939346094700064,0.11585452247540254,0.11591349955806
2781,ks_toyota_ae86_drift,160,0.4804804804804805,9.3,0.16231562043547265,10,10,0,0,0,0,0,,,,0,0,0,0,0,0,0,0,0.3152935916405419,0.5095134357844394,0.3489972668216756,0.349316418082815
2781,ks_toyota_ae86_drift,240,0.7207207207207207,9.3,0.16231562043547265,10,10,0,0,0,0,0,,,,0,0,0,0,0,0,0,0,0.5164110730725061,0.6820383579685552,0.5717056699111377,0.572369585642804
2782,ks_toyota_ae86_drift,80,0.24024024024024024,9.3,0.16231562043547265,10,10,0,0,0,0,0,,,,0,0,0,0,0,0,0,0,0.2229829580177981,0.1267596932176948,0.15550666543359587,0.15590847265586302
2782,ks_toyota_ae86_drift,160,0.4804804804804805,9.3,0.16231562043547265,10,10,0,0,0,0,0,,,,0,0,0,0,0,0,0,0,0.2229829580177981,0.2754198544005066,0.16340307114543143,0.16349349111065475
2782,ks_toyota_ae86_drift,240,0.7207207207207207,9.3,0.16231562043547265,10,10,0,0,0,0,0,,,,0,0,0,0,0,0,0,0,0.22652930696070242,0.4066274148304813,0.31171177107067843,0.31188087161348915
2783,ks_toyota_ae86_drift,80,0.24024024024024024,9.3,0.16231562043547265,10,10,0,0,0,0,0,,,,0,0,0,0,0,0,0,0,0.044606794865642986,0.22199547541441556,0.09631645285957033,0.09629864367491804
2783,ks_toyota_ae86_drift,160,0.4804804804804805,9.3,0.16231562043547265,10,10,0,0,0,0,0,,,,0,0,0,0,0,0,0,0,0.090445104855151,0.25750168020619796,0.1517176046513181,0.15177993012749444
2783,ks_toyota_ae86_drift,240,0.7207207207207207,9.3,0.16231562043547265,10,10,0,0,0,0,0,,,,0,0,0,0,0,0,0,0,0.14641789812370387,0.3333243839148764,0.23706836889131144,0.23721548476273116
2784,ks_toyota_ae86_drift,80,0.24024024024024024,9.3,0.16231562043547265,10,10,0,0,0,0,0,,,,0,0,0,0,0,0,0,0,0.0952123367719819,0.17817110072954936,0.05188404459622754,0.05191339640037074
2784,ks_toyota_ae86_drift,160,0.4804804804804805,9.3,0.16231562043547265,10,10,0,0,0,0,0,,,,0,0,0,0,0,0,0,0,0.10917018185655336,0.28375791455150545,0.17446637677526536,0.17453483874952416
2784,ks_toyota_ae86_drift,240,0.7207207207207207,9.3,0.16231562043547265,10,10,0,0,0,0,0,,,,0,0,0,0,0,0,0,0,0.19243657780114246,0.3758103216668978,0.2659083890944407,0.26607169998471275
2785,ks_toyota_ae86_drift,80,0.24024024024024024,9.3,0.16231562043547265,10,10,0,0,0,0,0,,,,0,0,0,0,0,0,0,0,0.16433396456432334,0.3253600631775242,0.14358227572066432,0.14364953707573308
2785,ks_toyota_ae86_drift,160,0.4804804804804805,9.3,0.16231562043547265,10,10,0,0,0,0,0,,,,0,0,0,0,0,0,0,0,0.3148656109199318,0.5056500033134452,0.36199546365775365,0.36249326705437124
2785,ks_toyota_ae86_drift,240,0.7207207207207207,9.3,0.16231562043547265,10,10,0,0,0,0,0,,,,0,0,0,0,0,0,0,0,0.48512053574164965,0.6695599758809121,0.5460480109331319,0.546666676661547
2786,ks_toyota_ae86_drift,80,0.24024024024024024,9.3,0.16231562043547265,10,10,0,0,0,0,0,,,,0,0,0,0,0,0,0,0,0.15169971542538646,0.20276499776496532,0.10195666832969347,0.10175533116163016
2786,ks_toyota_ae86_drift,160,0.4804804804804805,9.3,0.16231562043547265,10,10,0,0,0,0,0,,,,0,0,0,0,0,0,0,0,0.19582652608422407,0.37078143480791725,0.24635574529566273,0.24653610497843337
2786,ks_toyota_ae86_drift,240,0.7207207207207207,9.3,0.16231562043547265,10,10,0,0,0,0,0,,,,0,0,0,0,0,0,0,0,0.36482222815921334,0.5238752958965665,0.42455658136048546,0.4249217563572431
2787,ks_toyota_ae86_drift,80,0.24024024024024024,9.3,0.16231562043547265,10,10,0,0,0,0,0,,,,0,0,0,0,0,0,0,0,0.06258212853855752,0.22481156774529712,0.11085556438478705,0.11100396758678277
2787,ks_toyota_ae86_drift,160,0.4804804804804805,9.3,0.16231562043547265,10,10,0,0,0,0,0,,,,0,0,0,0,0,0,0,0,0.06258212853855752,0.22481156774529712,0.1257571628537971,0.12579508907998918
2787,ks_toyota_ae86_drift,240,0.7207207207207207,9.3,0.16231562043547265,10,10,0,0,0,0,0,,,,0,0,0,0,0,0,0,0,0.12137947850328172,0.29800246082855214,0.21834355202406694,0.21851689475468244
2788,ks_toyota_ae86_drift,80,0.24024024024024024,9.3,0.16231562043547265,10,10,0,0,0,0,0,,,,0,0,0,0,0,0,0,0,0.05737225500678484,0.1834284253997551,0.09080019465071233,0.09095385389671778
2788,ks_toyota_ae86_drift,160,0.4804804804804805,9.3,0.16231562043547265,10,10,0,0,0,0,0,,,,0,0,0,0,0,0,0,0,0.09956303387114779,0.1834284253997551,0.09080019465071233,0.09095385389671778
2788,ks_toyota_ae86_drift,240,0.7207207207207207,9.3,0.16231562043547265,10,10,0,0,0,0,0,,,,0,0,0,0,0,0,0,0,0.13070055228623348,0.1834284253997551,0.09080019465071233,0.09095385389671778
2789,ks_toyota_ae86_drift,80,0.24024024024024024,9.3,0.16231562043547265,10,10,0,0,0,0,0,,,,0,0,0,0,0,0,0,0,0.10145508965273388,0.3024952845593925,0.16063146842564752,0.16061595375766954
2789,ks_toyota_ae86_drift,160,0.4804804804804805,9.3,0.16231562043547265,10,10,0,0,0,0,0,,,,0,0,0,0,0,0,0,0,0.11387909036117469,0.3024952845593925,0.1805125482739679,0.18061043875859595
2789,ks_toyota_ae86_drift,240,0.7207207207207207,9.3,0.16231562043547265,10,10,0,0,0,0,0,,,,0,0,0,0,0,0,0,0,0.15375632273707432,0.31552800586729085,0.2658245858749758,0.2661274087151307
2790,ks_toyota_ae86_drift,80,0.24024024024024024,9.3,0.16231562043547265,10,10,0,0,0,0,0,,,,0,0,0,0,0,0,0,0,0.13141013156776113,0.11234593967613161,0.04355690674480476,0.043555899558706444
2790,ks_toyota_ae86_drift,160,0.4804804804804805,9.3,0.16231562043547265,10,10,0,0,0,0,0,,,,0,0,0,0,0,0,0,0,0.23676551937073012,0.11234593967613161,0.12733441628375436,0.12727872089354966
2790,ks_toyota_ae86_drift,240,0.7207207207207207,9.3,0.16231562043547265,10,10,0,0,0,0,0,,,,0,0,0,0,0,0,0,0,0.27366012019387626,0.11234593967613161,0.18867945348931975,0.18862717319370007
2791,ks_toyota_ae86_drift,80,0.24024024024024024,9.3,0.16231562043547265,10,10,0,0,0,0,0,,,,0,0,0,0,0,0,0,0,0.18986237021641456,0.1496846895583137,0.11054349677686888,0.1105756266804157
2791,ks_toyota_ae86_drift,160,0.4804804804804805,9.3,0.16231562043547265,10,10,0,0,0,0,0,,,,0,0,0,0,0,0,0,0,0.36572520051183016,0.1931880453521893,0.26972670496431583,0.2695649948996305
2791,ks_toyota_ae86_drift,240,0.7207207207207207,9.3,0.16231562043547265,10,10,0,0,0,0,0,,,,0,0,0,0,0,0,0,0,0.5027020296346443,0.34001087230805443,0.420687145793541,0.4203348841231829
2792,ks_toyota_ae86_drift,80,0.24024024024024024,9.3,0.16231562043547265,10,10,0,0,0,0,0,,,,0,0,0,0,0,0,0,0,0.23892900847075813,0.12880724252460446,0.09107717082774824,0.09103482899097946
2792,ks_toyota_ae86_drift,160,0.4804804804804805,9.3,0.16231562043547265,10,10,0,0,0,0,0,,,,0,0,0,0,0,0,0,0,0.3843836231378654,0.20174737961991276,0.25179615105213654,0.25177411301989266
2792,ks_toyota_ae86_drift,240,0.7207207207207207,9.3,0.16231562043547265,10,10,0,0,0,0,0,,,,0,0,0,0,0,0,0,0,0.5525926128184735,0.36304138973526473,0.4380510341284472,0.43753276684474607
2793,ks_toyota_ae86_drift,80,0.24024024024024024,9.3,0.16231562043547265,10,10,0,0,0,0,0,,,,0,0,0,0,0,0,0,0,0.272209211923351,0.08593131030912461,0.14352531301020346,0.14351553463391123
2793,ks_toyota_ae86_drift,160,0.4804804804804805,9.3,0.16231562043547265,10,10,0,0,0,0,0,,,,0,0,0,0,0,0,0,0,0.3289606134067523,0.1728932454711939,0.2352684006016015,0.23519633676977258
2793,ks_toyota_ae86_drift,240,0.7207207207207207,9.3,0.16231562043547265,10,10,0,0,0,0,0,,,,0,0,0,0,0,0,0,0,0.4684489511121476,0.2928468152635297,0.3736988593984383,0.3733909939576852
2794,ks_toyota_ae86_drift,80,0.24024024024024024,9.3,0.16231562043547265,10,10,0,0,0,0,0,,,,0,0,0,0,0,0,0,0,0.3639022070140979,0.16415075007592303,0.19887036253524323,0.1989612093872897
2794,ks_toyota_ae86_drift,160,0.4804804804804805,9.3,0.16231562043547265,10,10,0,0,0,0,0,,,,0,0,0,0,0,0,0,0,0.36421599550952183,0.17283979123681062,0.23332555862827667,0.23318604667839388
2794,ks_toyota_ae86_drift,240,0.7207207207207207,9.3,0.16231562043547265,10,10,0,0,0,0,0,,,,0,0,0,0,0,0,0,0,0.45558295578910635,0.24282728557869002,0.3478928572493963,0.3476901927301173
2795,ks_toyota_ae86_drift,80,0.24024024024024024,9.3,0.16231562043547265,10,10,0,0,0,0,0,,,,0,0,0,0,0,0,0,0,0.3567263195586326,0.17231135871063377,0.28520572789256304,0.2849155782549697
2795,ks_toyota_ae86_drift,160,0.4804804804804805,9.3,0.16231562043547265,10,10,0,0,0,0,0,,,,0,0,0,0,0,0,0,0,0.3567263195586326,0.17231135871063377,0.28520572789256304,0.2849155782549697
2795,ks_toyota_ae86_drift,240,0.7207207207207207,9.3,0.16231562043547265,10,10,0,0,0,0,0,,,,0,0,0,0,0,0,0,0,0.3567263195586326,0.17231135871063377,0.28520572789256304,0.2849155782549697
2796,ks_toyota_ae86_drift,80,0.24024024024024024,9.3,0.16231562043547265,10,10,0,0,0,0,0,,,,0,0,0,0,0,0,0,0,0.4611384609052655,0.28264942287398,0.37673792005312373,0.3766078262937761
2796,ks_toyota_ae86_drift,160,0.4804804804804805,9.3,0.16231562043547265,10,10,0,0,0,0,0,,,,0,0,0,0,0,0,0,0,0.4611384609052655,0.28264942287398,0.37673792005312373,0.3766078262937761
2796,ks_toyota_ae86_drift,240,0.7207207207207207,9.3,0.16231562043547265,10,10,0,0,0,0,0,,,,0,0,0,0,0,0,0,0,0.4611384609052655,0.28264942287398,0.37673792005312373,0.3766078262937761
2797,ks_toyota_ae86_drift,80,0.24024024024024024,9.3,0.16231562043547265,10,10,0,0,0,0,0,,,,0,0,0,0,0,0,0,0,0.5384346445252419,0.3562414828492675,0.4393358300639236,0.43939727508602733
2797,ks_toyota_ae86_drift,160,0.4804804804804805,9.3,0.16231562043547265,10,10,0,0,0,0,0,,,,0,0,0,0,0,0,0,0,0.5384346445252419,0.3562414828492675,0.4393358300639236,0.43939727508602733
2797,ks_toyota_ae86_drift,240,0.7207207207207207,9.3,0.16231562043547265,10,10,0,0,0,0,0,,,,0,0,0,0,0,0,0,0,0.5384346445252419,0.3562414828492675,0.4393358300639236,0.43939727508602733
2798,ks_toyota_ae86_drift,80,0.24024024024024024,9.3,0.16231562043547265,10,10,0,0,0,0,0,,,,0,0,0,0,0,0,0,0,0.3293163968934012,0.16117812368308654,0.2652140043157737,0.2651317752414691
2798,ks_toyota_ae86_drift,160,0.4804804804804805,9.3,0.16231562043547265,10,10,0,0,0,0,0,,,,0,0,0,0,0,0,0,0,0.3293163968934012,0.16117812368308654,0.2652140043157737,0.2651317752414691
2798,ks_toyota_ae86_drift,240,0.7207207207207207,9.3,0.16231562043547265,10,10,0,0,0,0,0,,,,0,0,0,0,0,0,0,0,0.3293163968934012,0.16117812368308654,0.2652140043157737,0.2651317752414691
2799,ks_toyota_ae86_drift,80,0.24024024024024024,9.3,0.16231562043547265,10,10,0,0,0,0,0,,,,0,0,0,0,0,0,0,0,0.399255452921069,0.19670021666881712,0.3094514320226538,0.309260640293143
2799,ks_toyota_ae86_drift,160,0.4804804804804805,9.3,0.16231562043547265,10,10,0,0,0,0,0,,,,0,0,0,0,0,0,0,0,0.399255452921069,0.19670021666881712,0.3094514320226538,0.309260640293143
2799,ks_toyota_ae86_drift,240,0.7207207207207207,9.3,0.16231562043547265,10,10,0,0,0,0,0,,,,0,0,0,0,0,0,0,0,0.399255452921069,0.26883381781289534,0.3094514320226538,0.309260640293143
2800,ks_toyota_ae86_drift,80,0.24024024024024024,9.3,0.16231562043547265,10,10,0,0,0,0,0,,,,0,0,0,0,0,0,0,0,0.5057512822122319,0.31028242058472105,0.4116939477711763,0.41172244246661993
2800,ks_toyota_ae86_drift,160,0.4804804804804805,9.3,0.16231562043547265,10,10,0,0,0,0,0,,,,0,0,0,0,0,0,0,0,0.5057512822122319,0.31028242058472105,0.4116939477711763,0.41172244246661993
2800,ks_toyota_ae86_drift,240,0.7207207207207207,9.3,0.16231562043547265,10,10,0,0,0,0,0,,,,0,0,0,0,0,0,0,0,0.5057512822122319,0.31530610476054477,0.4116939477711763,0.41172244246661993
2801,ks_toyota_ae86_drift,80,0.24024024024024024,9.3,0.16231562043547265,10,10,0,0,0,0,0,,,,0,0,0,0,0,0,0,0,0.27883652313067325,0.10261993706101857,0.22348616420077086,0.22343240314148344
2801,ks_toyota_ae86_drift,160,0.4804804804804805,9.3,0.16231562043547265,10,10,0,0,0,0,0,,,,0,0,0,0,0,0,0,0,0.27883652313067325,0.21708378232859626,0.22348616420077086,0.22343240314148344
2801,ks_toyota_ae86_drift,240,0.7207207207207207,9.3,0.16231562043547265,10,10,0,0,0,0,0,,,,0,0,0,0,0,0,0,0,0.27883652313067325,0.30070876320461104,0.22348616420077086,0.22343240314148344
2802,ks_toyota_ae86_drift,80,0.24024024024024024,9.3,0.16231562043547265,10,10,0,0,0,0,0,,,,0,0,0,0,0,0,0,0,0.30535059711714874,0.10616336449722713,0.2414520963584167,0.24095573370482717
2802,ks_toyota_ae86_drift,160,0.4804804804804805,9.3,0.16231562043547265,10,10,0,0,0,0,0,,,,0,0,0,0,0,0,0,0,0.30535059711714874,0.19355602179372375,0.2414520963584167,0.24095573370482717
2802,ks_toyota_ae86_drift,240,0.7207207207207207,9.3,0.16231562043547265,10,10,0,0,0,0,0,,,,0,0,0,0,0,0,0,0,0.30535059711714874,0.2927208302898547,0.2414520963584167,0.24095573370482717
2803,ks_toyota_ae86_drift,80,0.24024024024024024,9.3,0.16231562043547265,10,10,0,0,0,0,0,,,,0,0,0,0,0,0,0,0,0.30251537492050584,0.1371594166211929,0.23652606254338301,0.2365654695332428
2803,ks_toyota_ae86_drift,160,0.4804804804804805,9.3,0.16231562043547265,10,10,0,0,0,0,0,,,,0,0,0,0,0,0,0,0,0.30251537492050584,0.1853007243255584,0.23652606254338301,0.2365654695332428
2803,ks_toyota_ae86_drift,240,0.7207207207207207,9.3,0.16231562043547265,10,10,0,0,0,0,0,,,,0,0,0,0,0,0,0,0,0.30251537492050584,0.27091513119947164,0.23652606254338301,0.2365654695332428
2804,ks_toyota_ae86_drift,80,0.24024024024024024,9.3,0.16231562043547265,10,10,0,0,0,0,0,,,,0,0,0,0,0,0,0,0,0.17616303845377884,0.1135414895851483,0.13207251317490692,0.13202923752321252
2804,ks_toyota_ae86_drift,160,0.4804804804804805,9.3,0.16231562043547265,10,10,0,0,0,0,0,,,,0,0,0,0,0,0,0,0,0.17616303845377884,0.2337786456301718,0.13207251317490692,0.13202923752321252
2804,ks_toyota_ae86_drift,240,0.7207207207207207,9.3,0.16231562043547265,10,10,0,0,0,0,0,,,,0,0,0,0,0,0,0,0,0.17616303845377884,0.2979957106806615,0.19809082717557586,0.19863043880043332
2805,ks_toyota_ae86_drift,80,0.24024024024024024,9.3,0.16231562043547265,10,10,0,0,0,0,0,,,,0,0,0,0,0,0,0,0,0.14603823565538637,0.11871865291409896,0.07287365614271307,0.0730638875832685
2805,ks_toyota_ae86_drift,160,0.4804804804804805,9.3,0.16231562043547265,10,10,0,0,0,0,0,,,,0,0,0,0,0,0,0,0,0.14603823565538637,0.19440252502376898,0.10316679242165594,0.1032327664461487
2805,ks_toyota_ae86_drift,240,0.7207207207207207,9.3,0.16231562043547265,10,10,0,0,0,0,0,,,,0,0,0,0,0,0,0,0,0.14603823565538637,0.322564541455432,0.20274408031063215,0.20258437127793022
2806,ks_toyota_ae86_drift,80,0.24024024024024024,9.3,0.16231562043547265,10,10,0,0,0,0,0,,,,0,0,0,0,0,0,0,0,0.17677337988914293,0.15478051760724568,0.1253067572347597,0.12528555963594887
2806,ks_toyota_ae86_drift,160,0.4804804804804805,9.3,0.16231562043547265,10,10,0,0,0,0,0,,,,0,0,0,0,0,0,0,0,0.17677337988914293,0.22997767203748617,0.13779923992777915,0.13798390849942072
2806,ks_toyota_ae86_drift,240,0.7207207207207207,9.3,0.16231562043547265,10,10,0,0,0,0,0,,,,0,0,0,0,0,0,0,0,0.17677337988914293,0.3542194533702528,0.24577176412162663,0.24578107559045606
2807,ks_toyota_ae86_drift,80,0.24024024024024024,9.3,0.16231562043547265,10,10,0,0,0,0,0,,,,0,0,0,0,0,0,0,0,0.2503578893037464,0.0734098993637318,0.18696471582188953,0.18696594312150602
2807,ks_toyota_ae86_drift,160,0.4804804804804805,9.3,0.16231562043547265,10,10,0,0,0,0,0,,,,0,0,0,0,0,0,0,0,0.2503578893037464,0.21238458549920103,0.18696471582188953,0.18696594312150602
2807,ks_toyota_ae86_drift,240,0.7207207207207207,9.3,0.16231562043547265,10,10,0,0,0,0,0,,,,0,0,0,0,0,0,0,0,0.2503578893037464,0.2226334844520035,0.18696471582188953,0.18696594312150602
2808,ks_toyota_ae86_drift,80,0.24024024024024024,9.3,0.16231562043547265,10,10,0,0,0,0,0,,,,0,0,0,0,0,0,0,0,0.09026587242039767,0.16979036523645116,0.07721047942012738,0.07716869120220732
2808,ks_toyota_ae86_drift,160,0.4804804804804805,9.3,0.16231562043547265,10,10,0,0,0,0,0,,,,0,0,0,0,0,0,0,0,0.1076548070056295,0.18954934211314434,0.07721047942012738,0.07716869120220732
2808,ks_toyota_ae86_drift,240,0.7207207207207207,9.3,0.16231562043547265,10,10,0,0,0,0,0,,,,0,0,0,0,0,0,0,0,0.1076548070056295,0.18954934211314434,0.07721047942012738,0.07716869120220732
2809,ks_toyota_ae86_drift,80,0.24024024024024024,9.3,0.16231562043547265,10,10,0,0,0,0,0,,,,0,0,0,0,0,0,0,0,0.12753158463518557,0.12097763126037489,0.048848812582737,0.04878864822110271
2809,ks_toyota_ae86_drift,160,0.4804804804804805,9.3,0.16231562043547265,10,10,0,0,0,0,0,,,,0,0,0,0,0,0,0,0,0.12753158463518557,0.12097763126037489,0.048848812582737,0.04878864822110271
2809,ks_toyota_ae86_drift,240,0.7207207207207207,9.3,0.16231562043547265,10,10,0,0,0,0,0,,,,0,0,0,0,0,0,0,0,0.12753158463518557,0.1428301144785299,0.05088095394337447,0.05117791709487127
2810,ks_toyota_ae86_drift,80,0.24024024024024024,9.3,0.16231562043547265,10,10,0,0,0,0,0,,,,0,0,0,0,0,0,0,0,0.1475305519477548,0.11805233594405247,0.057978754460740814,0.057873166673083294
2810,ks_toyota_ae86_drift,160,0.4804804804804805,9.3,0.16231562043547265,10,10,0,0,0,0,0,,,,0,0,0,0,0,0,0,0,0.1475305519477548,0.15450446857502872,0.057978754460740814,0.057873166673083294
2810,ks_toyota_ae86_drift,240,0.7207207207207207,9.3,0.16231562043547265,10,10,0,0,0,0,0,,,,0,0,0,0,0,0,0,0,0.1475305519477548,0.1562480611236596,0.0931566499350064,0.09318944684921436
2811,ks_toyota_ae86_drift,80,0.24024024024024024,9.3,0.16231562043547265,10,10,0,0,0,0,0,,,,0,0,0,0,0,0,0,0,0.1881257812797256,0.07330447165863294,0.09695182053494018,0.09692562035617083
2811,ks_toyota_ae86_drift,160,0.4804804804804805,9.3,0.16231562043547265,10,10,0,0,0,0,0,,,,0,0,0,0,0,0,0,0,0.1881257812797256,0.11078060572668881,0.09695182053494018,0.09692562035617083
2811,ks_toyota_ae86_drift,240,0.7207207207207207,9.3,0.16231562043547265,10,10,0,0,0,0,0,,,,0,0,0,0,0,0,0,0,0.1881257812797256,0.13843205962242347,0.09695182053494018,0.09692562035617083
2812,ks_toyota_ae86_drift,80,0.24024024024024024,9.3,0.16231562043547265,10,10,0,0,0,0,0,,,,0,0,0,0,0,0,0,0,0.15798997280542443,0.1503097986097153,0.08967935660584928,0.08960195668873128
2812,ks_toyota_ae86_drift,160,0.4804804804804805,9.3,0.16231562043547265,10,10,0,0,0,0,0,,,,0,0,0,0,0,0,0,0,0.15798997280542443,0.2160160583426793,0.1310238656938984,0.13110053189928914
2812,ks_toyota_ae86_drift,240,0.7207207207207207,9.3,0.16231562043547265,10,10,0,0,0,0,0,,,,0,0,0,0,0,0,0,0,0.15798997280542443,0.2997317259881819,0.2087940004092503,0.2089972785783375
2813,ks_toyota_ae86_drift,80,0.24024024024024024,9.3,0.16231562043547265,10,10,0,0,0,0,0,,,,0,0,0,0,0,0,0,0,0.11678836408141666,0.13595905089520283,0.06024114790160176,0.06030544105922847
2813,ks_toyota_ae86_drift,160,0.4804804804804805,9.3,0.16231562043547265,10,10,0,0,0,0,0,,,,0,0,0,0,0,0,0,0,0.11678836408141666,0.20671097947538153,0.1106104379668203,0.11120851974623276
2813,ks_toyota_ae86_drift,240,0.7207207207207207,9.3,0.16231562043547265,10,10,0,0,0,0,0,,,,0,0,0,0,0,0,0,0,0.11678836408141666,0.2904916539799182,0.18439733842633166,0.18446174497577078
2814,ks_toyota_ae86_drift,80,0.24024024024024024,9.3,0.16231562043547265,10,10,0,0,0,0,0,,,,0,0,0,0,0,0,0,0,0.23759736170644363,0.12797306565157698,0.22097168075064091,0.22126819366994144
2814,ks_toyota_ae86_drift,160,0.4804804804804805,9.3,0.16231562043547265,10,10,0,0,0,0,0,,,,0,0,0,0,0,0,0,0,0.23759736170644363,0.32390856793761713,0.22690176571387968,0.2272180888498159
2814,ks_toyota_ae86_drift,240,0.7207207207207207,9.3,0.16231562043547265,10,10,0,0,0,0,0,,,,0,0,0,0,0,0,0,0,0.35100640965471713,0.5338583644204805,0.4413352612217391,0.4417349606903171
2815,ks_toyota_ae86_drift,80,0.24024024024024024,9.3,0.16231562043547265,10,10,0,0,0,0,0,,,,0,0,0,0,0,0,0,0,0.17923878469482665,0.18884129695613733,0.14346799011398562,0.14338303963618357
2815,ks_toyota_ae86_drift,160,0.4804804804804805,9.3,0.16231562043547265,10,10,0,0,0,0,0,,,,0,0,0,0,0,0,0,0,0.22368267888175417,0.37259965250931576,0.25037232341445337,0.2505289375176876
2815,ks_toyota_ae86_drift,240,0.7207207207207207,9.3,0.16231562043547265,10,10,0,0,0,0,0,,,,0,0,0,0,0,0,0,0,0.3220926447528929,0.5189866947198356,0.3972283808414562,0.39729236050407213
2816,ks_toyota_ae86_drift,80,0.24024024024024024,9.3,0.16231562043547265,10,10,0,0,0,0,0,,,,0,0,0,0,0,0,0,0,0.14239443645489033,0.11385930682496545,0.06416443123921955,0.06407822011126799
2816,ks_toyota_ae86_drift,160,0.4804804804804805,9.3,0.16231562043547265,10,10,0,0,0,0,0,,,,0,0,0,0,0,0,0,0,0.14239443645489033,0.23759613440682714,0.13557387891882436,0.13576045514095678
2816,ks_toyota_ae86_drift,240,0.7207207207207207,9.3,0.16231562043547265,10,10,0,0,0,0,0,,,,0,0,0,0,0,0,0,0,0.14239443645489033,0.24279273442644325,0.17242749860695042,0.17251630440637383
2817,ks_toyota_ae86_drift,80,0.24024024024024024,9.3,0.16231562043547265,10,10,0,0,0,0,0,,,,0,0,0,0,0,0,0,0,0.04918075377330367,0.16857014927318573,0.07726515428402053,0.07739521469283506
2817,ks_toyota_ae86_drift,160,0.4804804804804805,9.3,0.16231562043547265,10,10,0,0,0,0,0,,,,0,0,0,0,0,0,0,0,0.04918075377330367,0.192109875979319,0.09465989186200423,0.0950082448498881
2817,ks_toyota_ae86_drift,240,0.7207207207207207,9.3,0.16231562043547265,10,10,0,0,0,0,0,,,,0,0,0,0,0,0,0,0,0.05325994084780165,0.21803276507661812,0.15306564653768323,0.15321903230931763
2818,ks_toyota_ae86_drift,80,0.24024024024024024,9.3,0.16231562043547265,10,10,0,0,0,0,0,,,,0,0,0,0,0,0,0,0,0.14665663457953698,0.12731476614967735,0.039396861302910806,0.03953349176673751
2818,ks_toyota_ae86_drift,160,0.4804804804804805,9.3,0.16231562043547265,10,10,0,0,0,0,0,,,,0,0,0,0,0,0,0,0,0.14665663457953698,0.12731476614967735,0.039396861302910806,0.03953349176673751
2818,ks_toyota_ae86_drift,240,0.7207207207207207,9.3,0.16231562043547265,10,10,0,0,0,0,0,,,,0,0,0,0,0,0,0,0,0.14754546630613777,0.12731476614967735,0.039396861302910806,0.03953349176673751
2819,ks_toyota_ae86_drift,80,0.24024024024024024,9.3,0.16231562043547265,10,10,0,0,0,0,0,,,,0,0,0,0,0,0,0,0,0.13681918782316166,0.11237574171247108,0.04551919207890165,0.04548231305944755
2819,ks_toyota_ae86_drift,160,0.4804804804804805,9.3,0.16231562043547265,10,10,0,0,0,0,0,,,,0,0,0,0,0,0,0,0,0.13681918782316166,0.11237574171247108,0.06302971937260492,0.0630072411133247
2819,ks_toyota_ae86_drift,240,0.7207207207207207,9.3,0.16231562043547265,10,10,0,0,0,0,0,,,,0,0,0,0,0,0,0,0,0.1561201418190673,0.11237574171247108,0.06302971937260492,0.0630072411133247
2820,ks_toyota_ae86_drift,80,0.24024024024024024,9.3,0.16231562043547265,10,10,0,0,0,0,0,,,,0,0,0,0,0,0,0,0,0.09975756753046754,0.13096043298002455,0.05803540367619093,0.05808115393743812
2820,ks_toyota_ae86_drift,160,0.4804804804804805,9.3,0.16231562043547265,10,10,0,0,0,0,0,,,,0,0,0,0,0,0,0,0,0.15559395044871188,0.13096043298002455,0.05803540367619093,0.05808115393743812
2820,ks_toyota_ae86_drift,240,0.7207207207207207,9.3,0.16231562043547265,10,10,0,0,0,0,0,,,,0,0,0,0,0,0,0,0,0.15559395044871188,0.13096043298002455,0.05803540367619093,0.05808115393743812
2821,ks_toyota_ae86_drift,80,0.24024024024024024,9.3,0.16231562043547265,10,10,0,0,0,0,0,,,,0,0,0,0,0,0,0,0,0.24476329736284483,0.08104321606049623,0.16475047270156187,0.1646559172702395
2821,ks_toyota_ae86_drift,160,0.4804804804804805,9.3,0.16231562043547265,10,10,0,0,0,0,0,,,,0,0,0,0,0,0,0,0,0.24476329736284483,0.08104321606049623,0.16475047270156187,0.1646559172702395
2821,ks_toyota_ae86_drift,240,0.7207207207207207,9.3,0.16231562043547265,10,10,0,0,0,0,0,,,,0,0,0,0,0,0,0,0,0.24476329736284483,0.08104321606049623,0.16475047270156187,0.1646559172702395
2822,ks_toyota_ae86_drift,80,0.24024024024024024,9.3,0.16231562043547265,10,10,0,0,0,0,0,,,,0,0,0,0,0,0,0,0,0.2567711434496975,0.07197297163666391,0.1328999399000437,0.13283766778472023
2822,ks_toyota_ae86_drift,160,0.4804804804804805,9.3,0.16231562043547265,10,10,0,0,0,0,0,,,,0,0,0,0,0,0,0,0,0.261550274836723,0.10554549918160544,0.1744706856641363,0.17446582982652323
2822,ks_toyota_ae86_drift,240,0.7207207207207207,9.3,0.16231562043547265,10,10,0,0,0,0,0,,,,0,0,0,0,0,0,0,0,0.3123567170191422,0.13332555940291335,0.20299179472996412,0.2028680242316841
2823,ks_toyota_ae86_drift,80,0.24024024024024024,9.3,0.16231562043547265,10,10,0,0,0,0,0,,,,0,0,0,0,0,0,0,0,0.22548137985120792,0.04771419409761492,0.1275045973838361,0.12765766299035314
2823,ks_toyota_ae86_drift,160,0.4804804804804805,9.3,0.16231562043547265,10,10,0,0,0,0,0,,,,0,0,0,0,0,0,0,0,0.3250713276025325,0.11487336313308756,0.207131796501491,0.2070335191506795
2823,ks_toyota_ae86_drift,240,0.7207207207207207,9.3,0.16231562043547265,10,10,0,0,0,0,0,,,,0,0,0,0,0,0,0,0,0.39252515526766774,0.17536938914852185,0.27656535182951175,0.2764237588063662
2824,ks_toyota_ae86_drift,80,0.24024024024024024,9.3,0.16231562043547265,10,10,0,0,0,0,0,,,,0,0,0,0,0,0,0,0,0.355779271141528,0.1749749857445933,0.1890118382419761,0.18851644942395182
2824,ks_toyota_ae86_drift,160,0.4804804804804805,9.3,0.16231562043547265,10,10,0,0,0,0,0,,,,0,0,0,0,0,0,0,0,0.4232030566464858,0.246544829477881,0.2918121216455521,0.29170137119537737
2824,ks_toyota_ae86_drift,240,0.7207207207207207,9.3,0.16231562043547265,10,10,0,0,0,0,0,,,,0,0,0,0,0,0,0,0,0.5332923658538686,0.36456318789885533,0.43662688632564667,0.43630418656779
2825,ks_toyota_ae86_drift,80,0.24024024024024024,9.3,0.16231562043547265,10,10,0,0,0,0,0,,,,0,0,0,0,0,0,0,0,0.3897369173019951,0.19926571309431063,0.20675308118831232,0.20665093517566624
2825,ks_toyota_ae86_drift,160,0.4804804804804805,9.3,0.16231562043547265,10,10,0,0,0,0,0,,,,0,0,0,0,0,0,0,0,0.5530400435699622,0.34368055152220245,0.3896472710691387,0.38941843305151685
2825,ks_toyota_ae86_drift,240,0.7207207207207207,9.3,0.16231562043547265,10,10,0,0,0,0,0,,,,0,0,0,0,0,0,0,0,0.7084952558011582,0.5198285688958926,0.5988078071768954,0.5979793799357669
2826,ks_toyota_ae86_drift,80,0.24024024024024024,9.3,0.16231562043547265,10,10,0,0,0,0,0,,,,0,0,0,0,0,0,0,0,0.38980468558516634,0.21283169608557242,0.2043233881334257,0.20415736917986946
2826,ks_toyota_ae86_drift,160,0.4804804804804805,9.3,0.16231562043547265,10,10,0,0,0,0,0,,,,0,0,0,0,0,0,0,0,0.5234730084266233,0.3607023701096527,0.3876649420646747,0.387313961054786
2826,ks_toyota_ae86_drift,240,0.7207207207207207,9.3,0.16231562043547265,10,10,0,0,0,0,0,,,,0,0,0,0,0,0,0,0,0.6746460655741915,0.5263999579293853,0.5747202379343462,0.5741275055804361
2827,ks_toyota_ae86_drift,80,0.24024024024024024,9.3,0.16231562043547265,10,10,0,0,0,0,0,,,,0,0,0,0,0,0,0,0,0.421873010707758,0.2387087882308781,0.22817957137762743,0.22809523454963362
2827,ks_toyota_ae86_drift,160,0.4804804804804805,9.3,0.16231562043547265,10,10,0,0,0,0,0,,,,0,0,0,0,0,0,0,0,0.5393256106859584,0.3597162348678057,0.4067812541693653,0.4061712862599714
2827,ks_toyota_ae86_drift,240,0.7207207207207207,9.3,0.16231562043547265,10,10,0,0,0,0,0,,,,0,0,0,0,0,0,0,0,0.7210709680844739,0.5305167477299046,0.6149193696553092,0.6141344848701396
2828,ks_toyota_ae86_drift,80,0.24024024024024024,9.3,0.16231562043547265,10,10,0,0,0,0,0,,,,0,0,0,0,0,0,0,0,0.3791972950824308,0.20382399725143466,0.2612264811813821,0.26113414022545467
2828,ks_toyota_ae86_drift,160,0.4804804804804805,9.3,0.16231562043547265,10,10,0,0,0,0,0,,,,0,0,0,0,0,0,0,0,0.3791972950824308,0.20382399725143466,0.2612264811813821,0.26113414022545467
2828,ks_toyota_ae86_drift,240,0.7207207207207207,9.3,0.16231562043547265,10,10,0,0,0,0,0,,,,0,0,0,0,0,0,0,0,0.4141113278092583,0.20781202731392873,0.29802417869567865,0.29753149794093864
2829,ks_toyota_ae86_drift,80,0.24024024024024024,9.3,0.16231562043547265,10,10,0,0,0,0,0,,,,0,0,0,0,0,0,0,0,0.5953221161835146,0.4290223511389102,0.5187454503039166,0.5187894730075515
2829,ks_toyota_ae86_drift,160,0.4804804804804805,9.3,0.16231562043547265,10,10,0,0,0,0,0,,,,0,0,0,0,0,0,0,0,0.5953221161835146,0.4290223511389102,0.5187454503039166,0.5187894730075515
2829,ks_toyota_ae86_drift,240,0.7207207207207207,9.3,0.16231562043547265,10,10,0,0,0,0,0,,,,0,0,0,0,0,0,0,0,0.5953221161835146,0.4290223511389102,0.5187454503039166,0.5187894730075515
2830,ks_toyota_ae86_drift,80,0.24024024024024024,9.3,0.16231562043547265,10,10,0,0,0,0,0,,,,0,0,0,0,0,0,0,0,0.6050090319738851,0.4117440269316142,0.5153095449862829,0.5153128533591621
2830,ks_toyota_ae86_drift,160,0.4804804804804805,9.3,0.16231562043547265,10,10,0,0,0,0,0,,,,0,0,0,0,0,0,0,0,0.6050090319738851,0.4117440269316142,0.5153095449862829,0.5153128533591621
2830,ks_toyota_ae86_drift,240,0.7207207207207207,9.3,0.16231562043547265,10,10,0,0,0,0,0,,,,0,0,0,0,0,0,0,0,0.6050090319738851,0.4117440269316142,0.5153095449862829,0.5153128533591621
2831,ks_toyota_ae86_drift,80,0.24024024024024024,9.3,0.16231562043547265,10,10,0,0,0,0,0,,,,0,0,0,0,0,0,0,0,0.5474131949934882,0.35971404707283716,0.4681581878247461,0.4683015150756106
2831,ks_toyota_ae86_drift,160,0.4804804804804805,9.3,0.16231562043547265,10,10,0,0,0,0,0,,,,0,0,0,0,0,0,0,0,0.5474131949934882,0.35971404707283716,0.4681581878247461,0.4683015150756106
2831,ks_toyota_ae86_drift,240,0.7207207207207207,9.3,0.16231562043547265,10,10,0,0,0,0,0,,,,0,0,0,0,0,0,0,0,0.5474131949934882,0.4491572418840053,0.4681581878247461,0.4683015150756106
2832,ks_toyota_ae86_drift,80,0.24024024024024024,9.3,0.16231562043547265,10,10,0,0,0,0,0,,,,0,0,0,0,0,0,0,0,0.4345642492375822,0.22906530817476056,0.33583610594086927,0.3348970616516983
2832,ks_toyota_ae86_drift,160,0.4804804804804805,9.3,0.16231562043547265,10,10,0,0,0,0,0,,,,0,0,0,0,0,0,0,0,0.4345642492375822,0.22906530817476056,0.33583610594086927,0.3348970616516983
2832,ks_toyota_ae86_drift,240,0.7207207207207207,9.3,0.16231562043547265,10,10,0,0,0,0,0,,,,0,0,0,0,0,0,0,0,0.4345642492375822,0.3149923429455473,0.33583610594086927,0.3348970616516983
2833,ks_toyota_ae86_drift,80,0.24024024024024024,9.3,0.16231562043547265,10,10,0,0,0,0,0,,,,0,0,0,0,0,0,0,0,0.37725370605716546,0.19883679855877498,0.29112595443823025,0.29113094367797554
2833,ks_toyota_ae86_drift,160,0.4804804804804805,9.3,0.16231562043547265,10,10,0,0,0,0,0,,,,0,0,0,0,0,0,0,0,0.37725370605716546,0.19883679855877498,0.29112595443823025,0.29113094367797554
2833,ks_toyota_ae86_drift,240,0.7207207207207207,9.3,0.16231562043547265,10,10,0,0,0,0,0,,,,0,0,0,0,0,0,0,0,0.37725370605716546,0.25411980275211604,0.29112595443823025,0.29113094367797554
2834,ks_toyota_ae86_drift,80,0.24024024024024024,9.3,0.16231562043547265,10,10,0,0,0,0,0,,,,0,0,0,0,0,0,0,0,0.13142802079369273,0.19006652883957448,0.13956552417910179,0.1395785709076336
2834,ks_toyota_ae86_drift,160,0.4804804804804805,9.3,0.16231562043547265,10,10,0,0,0,0,0,,,,0,0,0,0,0,0,0,0,0.3172305105591959,0.4319322518491736,0.3289165106618381,0.32923019243555623
2834,ks_toyota_ae86_drift,240,0.7207207207207207,9.3,0.16231562043547265,10,10,0,0,0,0,0,,,,0,0,0,0,0,0,0,0,0.6401719663990215,0.7398335510953519,0.7188192468141912,0.7199612757877585
2835,ks_toyota_ae86_drift,80,0.24024024024024024,9.3,0.16231562043547265,10,10,0,0,0,0,0,,,,0,0,0,0,0,0,0,0,0.2652749690902014,0.13453818478485507,0.2713441791371395,0.2713316926975631
2835,ks_toyota_ae86_drift,160,0.4804804804804805,9.3,0.16231562043547265,10,10,0,0,0,0,0,,,,0,0,0,0,0,0,0,0,0.2652749690902014,0.3320898805832495,0.2713441791371395,0.2713316926975631
2835,ks_toyota_ae86_drift,240,0.7207207207207207,9.3,0.16231562043547265,10,10,0,0,0,0,0,,,,0,0,0,0,0,0,0,0,0.4455452457518322,0.512999286860379,0.38395580249981404,0.3840199689254151
2836,ks_toyota_ae86_drift,80,0.24024024024024024,9.3,0.16231562043547265,10,10,0,0,0,0,0,,,,0,0,0,0,0,0,0,0,0.0977939081544087,0.2647164677234206,0.1217206010955989,0.12189911982894482
2836,ks_toyota_ae86_drift,160,0.4804804804804805,9.3,0.16231562043547265,10,10,0,0,0,0,0,,,,0,0,0,0,0,0,0,0,0.12487605511065222,0.2647164677234206,0.1782281168008631,0.1782902821944808
2836,ks_toyota_ae86_drift,240,0.7207207207207207,9.3,0.16231562043547265,10,10,0,0,0,0,0,,,,0,0,0,0,0,0,0,0,0.3387439522582964,0.4383264028097898,0.4384648475426148,0.43892876679764675
2837,ks_toyota_ae86_drift,80,0.24024024024024024,9.3,0.16231562043547265,10,10,0,0,0,0,0,,,,0,0,0,0,0,0,0,0,0.19933949781364527,0.2872551048086842,0.1339582857160651,0.13400200159479583
2837,ks_toyota_ae86_drift,160,0.4804804804804805,9.3,0.16231562043547265,10,10,0,0,0,0,0,,,,0,0,0,0,0,0,0,0,0.44379882507799806,0.5085714032875066,0.48647659509616165,0.48721847103390137
2837,ks_toyota_ae86_drift,240,0.7207207207207207,9.3,0.16231562043547265,10,10,0,0,0,0,0,,,,0,0,0,0,0,0,0,0,1.1144662787802306,1.2268747573759502,1.2453828624793923,1.2482853727115304
2838,ks_toyota_ae86_drift,80,0.24024024024024024,9.3,0.16231562043547265,10,10,0,0,0,0,0,,,,0,0,0,0,0,0,0,0,0.21620487572063313,0.28287956823249766,0.10552570230518298,0.10550756628530675
2838,ks_toyota_ae86_drift,160,0.4804804804804805,9.3,0.16231562043547265,10,10,0,0,0,0,0,,,,0,0,0,0,0,0,0,0,0.32722793315253756,0.40913913685647413,0.19843052236507822,0.1985830276826399
2838,ks_toyota_ae86_drift,240,0.7207207207207207,9.3,0.16231562043547265,10,10,0,0,0,0,0,,,,0,0,0,0,0,0,0,0,0.5008405896424042,0.5993585445395806,0.32435229010982997,0.32449377641126975
2839,ks_toyota_ae86_drift,80,0.24024024024024024,9.3,0.16231562043547265,10,10,0,0,0,0,0,,,,0,0,0,0,0,0,0,0,0.5569361328829255,0.6716170367598495,0.16521244428546333,0.16523797745357155
2839,ks_toyota_ae86_drift,160,0.4804804804804805,9.3,0.16231562043547265,10,10,0,0,0,0,0,,,,0,0,0,0,0,0,0,0,0.9447358644620023,1.0509249222098962,0.6825061192049953,0.6835628775356432
2839,ks_toyota_ae86_drift,240,0.7207207207207207,9.3,0.16231562043547265,10,10,0,0,0,0,0,,,,0,0,0,0,0,0,0,0,1.2786042622720997,1.3485723999645929,0.8656200223975992,0.8659059298473877
2840,ks_toyota_ae86_drift,80,0.24024024024024024,9.3,0.16231562043547265,10,10,0,0,0,0,0,,,,0,0,0,0,0,0,0,0,0.9330630711704505,1.046804183706263,0.6077955890726917,0.6094632758080855
2840,ks_toyota_ae86_drift,160,0.4804804804804805,9.3,0.16231562043547265,10,10,0,0,0,0,0,,,,0,0,0,0,0,0,0,0,1.743583370564175,1.8532066260824103,1.5740103707619741,1.5814450316735331
2840,ks_toyota_ae86_drift,240,0.7207207207207207,9.3,0.16231562043547265,10,10,0,0,0,0,0,,,,0,0,0,0,0,0,0,0,2.852656041055917,2.9711845825913796,2.902213118909179,2.9215581356293594
2841,ks_toyota_ae86_drift,80,0.24024024024024024,9.3,0.16231562043547265,10,10,0,0,0,0,0,,,,0,0,0,0,0,0,0,0,0.3934466171558112,0.47668706638568215,0.18489202021305512,0.18496006864070402
2841,ks_toyota_ae86_drift,160,0.4804804804804805,9.3,0.16231562043547265,10,10,0,0,0,0,0,,,,0,0,0,0,0,0,0,0,0.703071605352492,0.7732299211246879,0.5270424759590425,0.5278622053811498
2841,ks_toyota_ae86_drift,240,0.7207207207207207,9.3,0.16231562043547265,10,10,0,0,0,0,0,,,,0,0,0,0,0,0,0,0,1.0806861908577574,1.191238992433349,0.9344500264587862,0.936174862667626
2842,ks_toyota_ae86_drift,80,0.24024024024024024,9.3,0.16231562043547265,10,10,0,0,0,0,0,,,,0,0,0,0,0,0,0,0,0.476187128554949,0.6770023741161401,0.469429830309985,0.4694728925182678
2842,ks_toyota_ae86_drift,160,0.4804804804804805,9.3,0.16231562043547265,10,10,0,0,0,0,0,,,,0,0,0,0,0,0,0,0,0.476187128554949,0.6770023741161401,0.469429830309985,0.4694728925182678
2842,ks_toyota_ae86_drift,240,0.7207207207207207,9.3,0.16231562043547265,10,10,0,0,0,0,0,,,,0,0,0,0,0,0,0,0,0.476187128554949,0.6770023741161401,0.469429830309985,0.4694728925182678
2843,ks_toyota_ae86_drift,80,0.24024024024024024,9.3,0.16231562043547265,10,10,0,0,0,0,0,,,,0,0,0,0,0,0,0,0,1.0135947367446032,1.2062524952809777,0.8502140504769594,0.8502744016015789
2843,ks_toyota_ae86_drift,160,0.4804804804804805,9.3,0.16231562043547265,10,10,0,0,0,0,0,,,,0,0,0,0,0,0,0,0,1.241203533759285,1.3767490647250111,1.2276148724055447,1.2317649593782678
2843,ks_toyota_ae86_drift,240,0.7207207207207207,9.3,0.16231562043547265,10,10,0,0,0,0,0,,,,0,0,0,0,0,0,0,0,1.7434955386003168,1.8980207778873333,1.8606088435954116,1.871505343199109
2844,ks_toyota_ae86_drift,80,0.24024024024024024,9.3,0.16231562043547265,10,10,0,0,0,0,0,,,,0,0,0,0,0,0,0,0,0.8813590194011299,1.054210029757261,0.48432305779519774,0.48428890684934767
2844,ks_toyota_ae86_drift,160,0.4804804804804805,9.3,0.16231562043547265,10,10,0,0,0,0,0,,,,0,0,0,0,0,0,0,0,0.9320050321793332,1.054210029757261,0.5097124717657219,0.5102892492246177
2844,ks_toyota_ae86_drift,240,0.7207207207207207,9.3,0.16231562043547265,10,10,0,0,0,0,0,,,,0,0,0,0,0,0,0,0,1.0047555114632547,1.0973881378125543,0.5097124717657219,0.5102892492246177
2845,ks_toyota_ae86_drift,80,0.24024024024024024,9.3,0.16231562043547265,10,10,0,0,0,0,0,,,,0,0,0,0,0,0,0,0,1.2511664318808065,1.3638466239394456,0.8683076484751463,0.8738096326558561
2845,ks_toyota_ae86_drift,160,0.4804804804804805,9.3,0.16231562043547265,10,10,0,0,0,0,0,,,,0,0,0,0,0,0,0,0,2.386141527582764,2.5387294477447298,2.3435640492876084,2.3624100353115547
2845,ks_toyota_ae86_drift,240,0.7207207207207207,9.3,0.16231562043547265,10,10,0,0,0,0,0,,,,0,0,0,0,0,0,0,0,5.252725391573395,5.458417819088798,6.421990171342932,6.554962855425679
2846,ks_toyota_ae86_drift,80,0.24024024024024024,9.3,0.16231562043547265,10,10,0,0,0,0,0,,,,0,0,0,0,0,0,0,0,1.1644873826102307,1.228178149568659,0.5200003908422007,0.5208863410827453
2846,ks_toyota_ae86_drift,160,0.4804804804804805,9.3,0.16231562043547265,10,10,0,0,0,0,0,,,,0,0,0,0,0,0,0,0,1.5079686313468863,1.6247286874958444,0.9125339771246251,0.9146406635967509
2846,ks_toyota_ae86_drift,240,0.7207207207207207,9.3,0.16231562043547265,10,10,0,0,0,0,0,,,,0,0,0,0,0,0,0,0,1.5734014167087853,1.6691989819647395,0.9151871854520578,0.9165456460449498
2847,ks_toyota_ae86_drift,80,0.24024024024024024,9.3,0.16231562043547265,10,10,0,0,0,0,0,,,,0,0,0,0,0,0,0,0,1.2098393050905865,1.3789227724283677,0.6236993110290961,0.5962055051031205
2847,ks_toyota_ae86_drift,160,0.4804804804804805,9.3,0.16231562043547265,10,10,0,0,0,0,0,,,,0,0,0,0,0,0,0,0,1.2098393050905865,1.3789227724283677,0.6236993110290961,0.5962055051031205
2847,ks_toyota_ae86_drift,240,0.7207207207207207,9.3,0.16231562043547265,10,10,0,0,0,0,0,,,,0,0,0,0,0,0,0,0,1.328325371387148,1.4090807256566185,0.805573908413313,0.8075381747690735
2848,ks_toyota_ae86_drift,80,0.24024024024024024,9.3,0.16231562043547265,10,10,0,0,0,0,0,,,,0,0,0,0,0,0,0,0,2.446868526049936,2.528774447029436,1.0023456286250036,1.0059323317129067
2848,ks_toyota_ae86_drift,160,0.4804804804804805,9.3,0.16231562043547265,10,10,0,0,0,0,0,,,,0,0,0,0,0,0,0,0,3.2337601061751187,3.3414367577799,1.5976929844919356,1.5999696786413713
2848,ks_toyota_ae86_drift,240,0.7207207207207207,9.3,0.16231562043547265,10,10,0,0,0,0,0,,,,0,0,0,0,0,0,0,0,3.2970759597811368,3.3876848224237026,1.6015669824118022,1.6038383404759489
2849,ks_toyota_ae86_drift,80,0.24024024024024024,9.3,0.16231562043547265,10,10,0,0,0,0,0,,,,0,0,0,0,0,0,0,0,2.417163179575904,2.5772519281070134,0.7966858579515694,0.800635574921688
2849,ks_toyota_ae86_drift,160,0.4804804804804805,9.3,0.16231562043547265,10,10,0,0,0,0,0,,,,0,0,0,0,0,0,0,0,3.331534691030674,3.4335392974165835,2.0927272730095945,2.109188028909325
2849,ks_toyota_ae86_drift,240,0.7207207207207207,9.3,0.16231562043547265,10,10,0,0,0,0,0,,,,0,0,0,0,0,0,0,0,4.199803492804916,4.319735638214816,2.9357105010330375,2.9583873694077143
2850,ks_toyota_ae86_drift,80,0.24024024024024024,9.3,0.16231562043547265,10,10,0,0,0,0,0,,,,0,0,0,0,0,0,0,0,3.087648486006794,3.2564384686536765,1.1647384987839344,1.1419375130654335
2850,ks_toyota_ae86_drift,160,0.4804804804804805,9.3,0.16231562043547265,10,10,0,0,0,0,0,,,,0,0,0,0,0,0,0,0,3.681921047574801,3.794508605192822,1.9490070728244206,1.960778263528703
2850,ks_toyota_ae86_drift,240,0.7207207207207207,9.3,0.16231562043547265,10,10,0,0,0,0,0,,,,0,0,0,0,0,0,0,0,4.04798717057575,4.198340124775241,2.1589372058329936,2.171739755101948
2851,ks_toyota_ae86_drift,80,0.24024024024024024,9.3,0.16231562043547265,10,10,0,0,0,0,0,,,,0,0,0,0,0,0,0,0,3.857722859734936,4.032222240197714,1.6337351456901525,1.5662815848292817
2851,ks_toyota_ae86_drift,160,0.4804804804804805,9.3,0.16231562043547265,10,10,0,0,0,0,0,,,,0,0,0,0,0,0,0,0,3.857722859734936,4.032222240197714,1.6337351456901525,1.5662815848292817
2851,ks_toyota_ae86_drift,240,0.7207207207207207,9.3,0.16231562043547265,10,10,0,0,0,0,0,,,,0,0,0,0,0,0,0,0,3.857722859734936,4.032222240197714,1.6337351456901525,1.5662815848292817
2852,ks_toyota_ae86_drift,80,0.24024024024024024,9.3,0.16231562043547265,10,10,0,0,0,0,0,,,,0,0,0,0,0,0,0,0,5.600353845796717,5.776351599008668,2.359210305128815,2.327063166026504
2852,ks_toyota_ae86_drift,160,0.4804804804804805,9.3,0.16231562043547265,10,10,0,0,0,0,0,,,,0,0,0,0,0,0,0,0,5.600353845796717,5.776351599008668,2.359210305128815,2.327063166026504
2852,ks_toyota_ae86_drift,240,0.7207207207207207,9.3,0.16231562043547265,10,10,0,0,0,0,0,,,,0,0,0,0,0,0,0,0,5.600353845796717,5.776351599008668,2.359210305128815,2.327063166026504
2853,ks_toyota_ae86_drift,80,0.24024024024024024,9.3,0.16231562043547265,10,10,0,0,0,0,0,,,,0,0,0,0,0,0,0,0,6.449260982264677,6.615937661693676,2.2685909837590827,2.1948388145446964
2853,ks_toyota_ae86_drift,160,0.4804804804804805,9.3,0.16231562043547265,10,10,0,0,0,0,0,,,,0,0,0,0,0,0,0,0,6.449260982264677,6.615937661693676,2.2685909837590827,2.1948388145446964
2853,ks_toyota_ae86_drift,240,0.7207207207207207,9.3,0.16231562043547265,10,10,0,0,0,0,0,,,,0,0,0,0,0,0,0,0,6.449260982264677,6.615937661693676,2.2685909837590827,2.1948388145446964
2854,ks_toyota_ae86_drift,80,0.24024024024024024,9.3,0.16231562043547265,10,10,0,0,0,0,0,,,,0,0,0,0,0,0,0,0,8.149148217613696,8.321584027173484,2.8709590270408474,2.792223807940114
2854,ks_toyota_ae86_drift,160,0.4804804804804805,9.3,0.16231562043547265,10,10,0,0,0,0,0,,,,0,0,0,0,0,0,0,0,8.149148217613696,8.321584027173484,2.8709590270408474,2.792223807940114
2854,ks_toyota_ae86_drift,240,0.7207207207207207,9.3,0.16231562043547265,10,10,0,0,0,0,0,,,,0,0,0,0,0,0,0,0,8.149148217613696,8.321584027173484,2.8709590270408474,2.792223807940114
2855,ks_toyota_ae86_drift,80,0.24024024024024024,9.3,0.16231562043547265,10,10,0,0,0,0,0,,,,0,0,0,0,0,0,0,0,8.519154079105272,8.698496917463236,3.10220340568468,2.9646796811805887
2855,ks_toyota_ae86_drift,160,0.4804804804804805,9.3,0.16231562043547265,10,10,0,0,0,0,0,,,,0,0,0,0,0,0,0,0,8.519154079105272,8.698496917463236,3.10220340568468,2.9646796811805887
2855,ks_toyota_ae86_drift,240,0.7207207207207207,9.3,0.16231562043547265,10,10,0,0,0,0,0,,,,0,0,0,0,0,0,0,0,8.519154079105272,8.698496917463236,3.10220340568468,2.9646796811805887
2856,ks_toyota_ae86_drift,80,0.24024024024024024,9.3,0.16231562043547265,10,10,0,1,1,1,1,11,16,26,2,21,0,0,2,21,0,0,9.30303354580648,9.5038308621211,3.6004518318153584,3.4635225472124698
2856,ks_toyota_ae86_drift,160,0.4804804804804805,9.3,0.16231562043547265,10,10,0,1,1,1,1,11,16,26,2,21,0,0,2,21,0,0,9.30303354580648,9.5038308621211,3.6004518318153584,3.4635225472124698
2856,ks_toyota_ae86_drift,240,0.7207207207207207,9.3,0.16231562043547265,10,10,0,1,1,1,1,11,16,26,2,21,0,0,2,21,0,0,9.30303354580648,9.5038308621211,3.6004518318153584,3.4635225472124698
2857,ks_toyota_ae86_drift,80,0.24024024024024024,9.3,0.16231562043547265,10,10,0,1,1,1,1,12,17,27,0,31,0,0,0,31,0,0,9.249204824957609,9.453052674510285,3.464984421138264,3.286288316317336
2857,ks_toyota_ae86_drift,160,0.4804804804804805,9.3,0.16231562043547265,10,10,0,1,1,1,1,12,17,27,0,31,0,0,0,31,0,0,9.249204824957609,9.453052674510285,3.464984421138264,3.286288316317336
2857,ks_toyota_ae86_drift,240,0.7207207207207207,9.3,0.16231562043547265,10,10,0,1,1,1,1,12,17,27,0,31,0,0,0,31,0,0,9.249204824957609,9.453052674510285,3.464984421138264,3.286288316317336
2858,ks_toyota_ae86_drift,80,0.24024024024024024,9.3,0.16231562043547265,10,10,0,1,1,1,1,9,14,24,41,47,0,0,41,47,0,0,9.80774610565634,10.000502581770563,4.302126556760877,4.298090341848223
2858,ks_toyota_ae86_drift,160,0.4804804804804805,9.3,0.16231562043547265,10,10,0,1,1,1,1,9,14,24,41,47,0,0,41,47,0,0,9.80774610565634,10.000502581770563,4.302126556760877,4.298090341848223
2858,ks_toyota_ae86_drift,240,0.7207207207207207,9.3,0.16231562043547265,10,10,0,1,1,1,1,9,14,24,41,47,0,0,41,47,0,0,9.80774610565634,10.000502581770563,4.302126556760877,4.298090341848223
2859,ks_toyota_ae86_drift,80,0.24024024024024024,9.3,0.16231562043547265,10,10,0,1,1,1,1,10,15,25,18,31,0,0,18,31,0,0,9.422421837403718,9.628409243713902,4.003621676821933,3.943468627688453
2859,ks_toyota_ae86_drift,160,0.4804804804804805,9.3,0.16231562043547265,10,10,0,1,1,1,1,10,15,25,18,31,0,0,18,31,0,0,9.422421837403718,9.628409243713902,4.003621676821933,3.943468627688453
2859,ks_toyota_ae86_drift,240,0.7207207207207207,9.3,0.16231562043547265,10,10,0,1,1,1,1,10,15,25,18,31,0,0,18,31,0,0,9.422421837403718,9.628409243713902,4.003621676821933,3.943468627688453
2860,ks_toyota_ae86_drift,80,0.24024024024024024,9.3,0.16231562043547265,10,10,0,1,1,1,1,8,13,23,45,48,0,0,45,48,0,0,9.977728169756801,10.150828215213373,5.13590909308549,5.130365967687202
2860,ks_toyota_ae86_drift,160,0.4804804804804805,9.3,0.16231562043547265,10,10,0,1,1,1,1,8,13,23,45,48,0,0,45,48,0,0,9.977728169756801,10.150828215213373,5.13590909308549,5.130365967687202
2860,ks_toyota_ae86_drift,240,0.7207207207207207,9.3,0.16231562043547265,10,10,0,1,1,1,1,8,13,23,45,48,0,0,45,48,0,0,9.977728169756801,10.150828215213373,5.13590909308549,5.130365967687202
2861,ks_toyota_ae86_drift,80,0.24024024024024024,9.3,0.16231562043547265,10,10,0,1,1,1,1,8,13,23,38,41,0,0,38,41,0,0,10.025097239198132,10.218199493639087,5.2439951291536495,5.23812543533567
2861,ks_toyota_ae86_drift,160,0.4804804804804805,9.3,0.16231562043547265,10,10,0,1,1,1,1,8,13,23,38,41,0,0,38,41,0,0,10.025097239198132,10.218199493639087,5.2439951291536495,5.23812543533567
2861,ks_toyota_ae86_drift,240,0.7207207207207207,9.3,0.16231562043547265,10,10,0,1,1,1,1,8,13,23,38,41,0,0,38,41,0,0,10.025097239198132,10.218199493639087,5.2439951291536495,5.23812543533567
2862,ks_toyota_ae86_drift,80,0.24024024024024024,9.3,0.16231562043547265,10,10,0,0,1,0,0,11,,,0,8,0,0,0,8,0,0,9.178352711376128,9.390947471934652,4.506653583249147,4.361844181334768
2862,ks_toyota_ae86_drift,160,0.4804804804804805,9.3,0.16231562043547265,10,10,0,0,1,0,0,11,,,0,8,0,0,0,8,0,0,9.178352711376128,9.390947471934652,4.506653583249147,4.361844181334768
2862,ks_toyota_ae86_drift,240,0.7207207207207207,9.3,0.16231562043547265,10,10,0,0,1,0,0,11,,,0,8,0,0,0,8,0,0,9.178352711376128,9.390947471934652,4.506653583249147,4.361844181334768
2863,ks_toyota_ae86_drift,80,0.24024024024024024,9.3,0.16231562043547265,10,10,0,0,0,0,0,,,,0,0,0,0,0,0,0,0,8.948171921252113,9.151563001904046,4.257434067700545,3.9381696815529925
2863,ks_toyota_ae86_drift,160,0.4804804804804805,9.3,0.16231562043547265,10,10,0,0,0,0,0,,,,0,0,0,0,0,0,0,0,8.948171921252113,9.151563001904046,4.257434067700545,3.994455136068952
2863,ks_toyota_ae86_drift,240,0.7207207207207207,9.3,0.16231562043547265,10,10,0,0,1,0,0,238,,,0,7,0,0,0,7,0,0,9.183603419300576,9.494921734122464,6.6484911970516025,6.897428540410118
2864,ks_toyota_ae86_drift,80,0.24024024024024024,9.3,0.16231562043547265,10,10,0,0,0,0,0,,,,0,0,0,0,0,0,0,0,9.101140837903719,9.297878460530413,3.7868370220944283,3.690119409012932
2864,ks_toyota_ae86_drift,160,0.4804804804804805,9.3,0.16231562043547265,10,10,0,0,0,0,0,,,,0,0,0,0,0,0,0,0,9.101140837903719,9.297878460530413,3.855171357193113,3.9758706182241705
2864,ks_toyota_ae86_drift,240,0.7207207207207207,9.3,0.16231562043547265,10,10,0,1,1,1,1,219,224,234,17,26,0,0,17,26,0,0,9.821614804766051,10.14641249791496,6.4303110492993,6.653893449798259
2865,ks_toyota_ae86_drift,80,0.24024024024024024,9.3,0.16231562043547265,10,10,0,0,0,0,0,,,,0,0,0,0,0,0,0,0,9.061393405802477,9.268337038596462,3.0117742623946495,2.9886781911596634
2865,ks_toyota_ae86_drift,160,0.4804804804804805,9.3,0.16231562043547265,10,10,0,0,0,0,0,,,,0,0,0,0,0,0,0,0,9.061393405802477,9.268337038596462,4.098444766182396,4.240171191460161
2865,ks_toyota_ae86_drift,240,0.7207207207207207,9.3,0.16231562043547265,10,10,0,1,1,1,1,185,190,200,53,60,0,0,53,60,0,0,10.887863683265694,11.201944809606854,6.774914156607131,7.015769678630229
2866,ks_toyota_ae86_drift,80,0.24024024024024024,9.3,0.16231562043547265,10,10,0,0,1,0,0,12,,,0,9,0,0,0,9,0,0,9.199300901560557,9.429301545445213,2.3402317707462887,2.2945136860933966
2866,ks_toyota_ae86_drift,160,0.4804804804804805,9.3,0.16231562043547265,10,10,0,1,1,1,0,12,151,,11,19,0,0,11,28,0,0,9.545783591550611,9.79637384068827,4.560548471555602,4.721539872274211
2866,ks_toyota_ae86_drift,240,0.7207207207207207,9.3,0.16231562043547265,10,10,0,1,1,1,1,12,151,161,91,99,0,0,91,108,0,0,12.139434376968001,12.50598928538143,7.441141053533929,7.7197965499711705
2867,ks_toyota_ae86_drift,80,0.24024024024024024,9.3,0.16231562043547265,10,10,0,1,1,1,1,11,16,26,9,21,0,0,9,21,0,0,9.44513648526224,9.676073718836834,1.9408957962982074,2.0066261217758252
2867,ks_toyota_ae86_drift,160,0.4804804804804805,9.3,0.16231562043547265,10,10,0,1,1,1,1,11,16,26,38,48,0,0,47,69,0,0,10.462313015896282,10.715998194501603,4.89061480187553,5.069608446812176
2867,ks_toyota_ae86_drift,240,0.7207207207207207,9.3,0.16231562043547265,10,10,0,1,1,1,1,11,16,26,118,128,0,0,127,149,0,0,13.185345513440286,13.559058460103886,7.760016118898791,8.047727592401822
2868,ks_toyota_ae86_drift,80,0.24024024024024024,9.3,0.16231562043547265,10,10,0,1,1,1,1,10,15,25,15,36,0,0,15,36,0,0,9.614538837056898,9.83307415464604,1.916281502076774,1.977694080781886
2868,ks_toyota_ae86_drift,160,0.4804804804804805,9.3,0.16231562043547265,10,10,0,1,1,1,1,10,15,25,50,57,0,0,65,93,0,0,10.647459807501464,10.936652578280743,4.926120686502195,5.120622702836179
2868,ks_toyota_ae86_drift,240,0.7207207207207207,9.3,0.16231562043547265,10,10,0,1,1,1,1,10,15,25,130,137,0,0,145,173,0,0,13.294652445822583,13.67953445932645,7.67882992910308,7.972165209613972
2869,ks_toyota_ae86_drift,80,0.24024024024024024,9.3,0.16231562043547265,10,10,0,0,0,0,0,,,,0,0,0,0,0,0,0,0,8.201122542102908,8.40105840080846,2.1491597900361206,2.085190372703897
2869,ks_toyota_ae86_drift,160,0.4804804804804805,9.3,0.16231562043547265,10,10,0,0,0,0,0,,,,0,0,0,0,0,0,0,0,8.932134637080924,9.217950733089276,4.763156214887099,4.959022561507792
2869,ks_toyota_ae86_drift,240,0.7207207207207207,9.3,0.16231562043547265,10,10,0,1,1,1,1,167,172,182,70,78,0,0,70,78,0,0,12.333630315449804,12.798872919633453,8.650435437594796,9.004418529067168
2870,ks_toyota_ae86_drift,80,0.24024024024024024,9.3,0.16231562043547265,10,10,0,0,0,0,0,,,,0,0,0,0,0,0,0,0,3.7757315613908107,3.9667732331365366,2.777321615831615,2.6803839425927976
2870,ks_toyota_ae86_drift,160,0.4804804804804805,9.3,0.16231562043547265,10,10,0,0,0,0,0,,,,0,0,0,0,0,0,0,0,3.7757315613908107,3.9667732331365366,2.777321615831615,2.6803839425927976
2870,ks_toyota_ae86_drift,240,0.7207207207207207,9.3,0.16231562043547265,10,10,0,0,0,0,0,,,,0,0,0,0,0,0,0,0,3.7757315613908107,3.9667732331365366,3.255709559403189,3.342103554997623
2871,ks_toyota_ae86_drift,80,0.24024024024024024,9.3,0.16231562043547265,10,10,0,0,0,0,0,,,,0,0,0,0,0,0,0,0,2.210767456019401,2.4125532287729685,3.2786534454857312,3.176275313129587
2871,ks_toyota_ae86_drift,160,0.4804804804804805,9.3,0.16231562043547265,10,10,0,0,0,0,0,,,,0,0,0,0,0,0,0,0,2.210767456019401,2.4125532287729685,3.2786534454857312,3.176275313129587
2871,ks_toyota_ae86_drift,240,0.7207207207207207,9.3,0.16231562043547265,10,10,0,0,0,0,0,,,,0,0,0,0,0,0,0,0,2.210767456019401,2.4125532287729685,3.2786534454857312,3.176275313129587
2872,ks_toyota_ae86_drift,80,0.24024024024024024,9.3,0.16231562043547265,10,10,0,0,0,0,0,,,,0,0,0,0,0,0,0,0,2.9804309511802844,3.178912406479447,3.662360239565531,3.6511096373420506
2872,ks_toyota_ae86_drift,160,0.4804804804804805,9.3,0.16231562043547265,10,10,0,0,0,0,0,,,,0,0,0,0,0,0,0,0,2.9804309511802844,3.178912406479447,3.662360239565531,3.6511096373420506
2872,ks_toyota_ae86_drift,240,0.7207207207207207,9.3,0.16231562043547265,10,10,0,0,0,0,0,,,,0,0,0,0,0,0,0,0,2.9804309511802844,3.178912406479447,3.662360239565531,3.6511096373420506
2873,ks_toyota_ae86_drift,80,0.24024024024024024,9.3,0.16231562043547265,10,10,0,0,0,0,0,,,,0,0,0,0,0,0,0,0,2.8642925489675033,3.0514992829376784,2.193787392299338,2.168308865704486
2873,ks_toyota_ae86_drift,160,0.4804804804804805,9.3,0.16231562043547265,10,10,0,0,0,0,0,,,,0,0,0,0,0,0,0,0,2.8642925489675033,3.0514992829376784,2.193787392299338,2.168308865704486
2873,ks_toyota_ae86_drift,240,0.7207207207207207,9.3,0.16231562043547265,10,10,0,0,0,0,0,,,,0,0,0,0,0,0,0,0,2.8642925489675033,3.0514992829376784,2.193787392299338,2.188350348276596
2874,ks_toyota_ae86_drift,80,0.24024024024024024,9.3,0.16231562043547265,10,10,0,0,0,0,0,,,,0,0,0,0,0,0,0,0,2.6549457568027313,2.8777064001671735,1.1448070462904851,1.1691842048816723
2874,ks_toyota_ae86_drift,160,0.4804804804804805,9.3,0.16231562043547265,10,10,0,0,0,0,0,,,,0,0,0,0,0,0,0,0,3.4141970554607535,3.626146576586123,2.5950607925941753,2.6502794569391432
2874,ks_toyota_ae86_drift,240,0.7207207207207207,9.3,0.16231562043547265,10,10,0,0,0,0,0,,,,0,0,0,0,0,0,0,0,4.678291541336513,4.932095394478663,4.474008267224248,4.5996145922871365
2875,ks_toyota_ae86_drift,80,0.24024024024024024,9.3,0.16231562043547265,10,10,0,0,0,0,0,,,,0,0,0,0,0,0,0,0,3.0621665443173574,3.24961596344648,1.225986085731908,1.2497493810714402
2875,ks_toyota_ae86_drift,160,0.4804804804804805,9.3,0.16231562043547265,10,10,0,0,0,0,0,,,,0,0,0,0,0,0,0,0,3.607886065840094,3.7808145027937696,2.875236219565156,2.949496384099062
2875,ks_toyota_ae86_drift,240,0.7207207207207207,9.3,0.16231562043547265,10,10,0,0,0,0,0,,,,0,0,0,0,0,0,0,0,5.305749857647497,5.570172947401724,5.031489161054335,5.184896063586468
2876,ks_toyota_ae86_drift,80,0.24024024024024024,9.3,0.16231562043547265,10,10,0,0,0,0,0,,,,0,0,0,0,0,0,0,0,0.9858734535027543,1.115014081296007,1.1721936502630033,1.1284562137477092
2876,ks_toyota_ae86_drift,160,0.4804804804804805,9.3,0.16231562043547265,10,10,0,0,0,0,0,,,,0,0,0,0,0,0,0,0,0.9858734535027543,1.115014081296007,1.1721936502630033,1.1284562137477092
2876,ks_toyota_ae86_drift,240,0.7207207207207207,9.3,0.16231562043547265,10,10,0,0,0,0,0,,,,0,0,0,0,0,0,0,0,0.9858734535027543,1.115014081296007,1.1721936502630033,1.1284562137477092
2877,ks_toyota_ae86_drift,80,0.24024024024024024,9.3,0.16231562043547265,10,10,0,0,0,0,0,,,,0,0,0,0,0,0,0,0,1.4861002866152095,1.6747525660901947,1.849101042060998,1.8093361076000067
2877,ks_toyota_ae86_drift,160,0.4804804804804805,9.3,0.16231562043547265,10,10,0,0,0,0,0,,,,0,0,0,0,0,0,0,0,1.4861002866152095,1.6747525660901947,1.849101042060998,1.8093361076000067
2877,ks_toyota_ae86_drift,240,0.7207207207207207,9.3,0.16231562043547265,10,10,0,0,0,0,0,,,,0,0,0,0,0,0,0,0,1.4861002866152095,1.6747525660901947,1.849101042060998,1.8093361076000067
2878,ks_toyota_ae86_drift,80,0.24024024024024024,9.3,0.16231562043547265,10,10,0,0,0,0,0,,,,0,0,0,0,0,0,0,0,1.2246174865769668,1.3738010910462102,1.51057146702919,1.4730347750632098
2878,ks_toyota_ae86_drift,160,0.4804804804804805,9.3,0.16231562043547265,10,10,0,0,0,0,0,,,,0,0,0,0,0,0,0,0,1.2246174865769668,1.3738010910462102,1.51057146702919,1.4730347750632098
2878,ks_toyota_ae86_drift,240,0.7207207207207207,9.3,0.16231562043547265,10,10,0,0,0,0,0,,,,0,0,0,0,0,0,0,0,1.2246174865769668,1.3738010910462102,1.51057146702919,1.4730347750632098
2879,ks_toyota_ae86_drift,80,0.24024024024024024,9.3,0.16231562043547265,10,10,0,0,0,0,0,,,,0,0,0,0,0,0,0,0,0.8403307667479509,1.00959694164603,1.0888001354266152,1.0521260750084664
2879,ks_toyota_ae86_drift,160,0.4804804804804805,9.3,0.16231562043547265,10,10,0,0,0,0,0,,,,0,0,0,0,0,0,0,0,0.8403307667479509,1.00959694164603,1.0888001354266152,1.0521260750084664
2879,ks_toyota_ae86_drift,240,0.7207207207207207,9.3,0.16231562043547265,10,10,0,0,0,0,0,,,,0,0,0,0,0,0,0,0,0.8403307667479509,1.00959694164603,1.0888001354266152,1.0521260750084664
2880,ks_toyota_ae86_drift,80,0.24024024024024024,9.3,0.16231562043547265,10,10,0,0,0,0,0,,,,0,0,0,0,0,0,0,0,0.5926089302574328,0.7654431853057561,0.7634194749598753,0.7426109301274612
2880,ks_toyota_ae86_drift,160,0.4804804804804805,9.3,0.16231562043547265,10,10,0,0,0,0,0,,,,0,0,0,0,0,0,0,0,0.5926089302574328,0.7654431853057561,0.7634194749598753,0.7426109301274612
2880,ks_toyota_ae86_drift,240,0.7207207207207207,9.3,0.16231562043547265,10,10,0,0,0,0,0,,,,0,0,0,0,0,0,0,0,0.5926089302574328,0.7654431853057561,0.7634194749598753,0.7426109301274612
2881,ks_toyota_ae86_drift,80,0.24024024024024024,9.3,0.16231562043547265,10,10,0,0,0,0,0,,,,0,0,0,0,0,0,0,0,0.3330552851337485,0.4982036563751033,0.477318538718791,0.46227595420633705
2881,ks_toyota_ae86_drift,160,0.4804804804804805,9.3,0.16231562043547265,10,10,0,0,0,0,0,,,,0,0,0,0,0,0,0,0,0.3330552851337485,0.4982036563751033,0.477318538718791,0.46227595420633705
2881,ks_toyota_ae86_drift,240,0.7207207207207207,9.3,0.16231562043547265,10,10,0,0,0,0,0,,,,0,0,0,0,0,0,0,0,0.3330552851337485,0.4982036563751033,0.477318538718791,0.46227595420633705
2882,ks_toyota_ae86_drift,80,0.24024024024024024,9.3,0.16231562043547265,10,10,0,0,0,0,0,,,,0,0,0,0,0,0,0,0,0.09938815034590505,0.27747304661760946,0.2567173290295572,0.2445941701396077
2882,ks_toyota_ae86_drift,160,0.4804804804804805,9.3,0.16231562043547265,10,10,0,0,0,0,0,,,,0,0,0,0,0,0,0,0,0.10686541989849718,0.27747304661760946,0.2567173290295572,0.2445941701396077
2882,ks_toyota_ae86_drift,240,0.7207207207207207,9.3,0.16231562043547265,10,10,0,0,0,0,0,,,,0,0,0,0,0,0,0,0,0.10686541989849718,0.27747304661760946,0.2567173290295572,0.2445941701396077
2883,ks_toyota_ae86_drift,80,0.24024024024024024,9.3,0.16231562043547265,10,10,0,0,0,0,0,,,,0,0,0,0,0,0,0,0,0.11753432212440254,0.2116288891005626,0.13372750002731273,0.12689711075410165
2883,ks_toyota_ae86_drift,160,0.4804804804804805,9.3,0.16231562043547265,10,10,0,0,0,0,0,,,,0,0,0,0,0,0,0,0,0.11753432212440254,0.2116288891005626,0.13372750002731273,0.12689711075410165
2883,ks_toyota_ae86_drift,240,0.7207207207207207,9.3,0.16231562043547265,10,10,0,0,0,0,0,,,,0,0,0,0,0,0,0,0,0.11753432212440254,0.2116288891005626,0.13372750002731273,0.12689711075410165
2884,ks_toyota_ae86_drift,80,0.24024024024024024,9.3,0.16231562043547265,10,10,0,0,0,0,0,,,,0,0,0,0,0,0,0,0,0.16785695479387475,0.12540495454429187,0.06656558290791623,0.06596655397336494
2884,ks_toyota_ae86_drift,160,0.4804804804804805,9.3,0.16231562043547265,10,10,0,0,0,0,0,,,,0,0,0,0,0,0,0,0,0.16785695479387475,0.13129320459886432,0.06656558290791623,0.06596655397336494
2884,ks_toyota_ae86_drift,240,0.7207207207207207,9.3,0.16231562043547265,10,10,0,0,0,0,0,,,,0,0,0,0,0,0,0,0,0.16785695479387475,0.13129320459886432,0.06656558290791623,0.06596655397336494
