request_id,reason,payload_floats,bytes_sent,client_build_ms,client_send_call_ms,client_send_start_to_recv_ms,client_send_end_to_recv_ms,result_parse_ms,optimizer_processing_ms,matrix,model_recv_parse_ms,model_event_wait_ms,model_hotstart_ms,model_stabilize_ms,model_predict_to_80_ms,model_predict_to_160_ms,model_predict_to_240_ms,model_predict_total_ms,model_matrix_build_ms,model_return_send_ms,model_optimizer_processing_ms,model_optimizer_total_ms,model_matrix,comm_sched_residual_ms
257,fallback-10ms,66,264,0.2870999996957835,2.8317999999671883,13.56630000009318,10.73450000012599,0.0092000000222469,13.00409984588623,"[[0, 0], [0, 0], [0, 0]]",0.0244999996539263,0.0248000001192849,0.0190000000657164,5.092200000035518,1.5938999999889347,3.871600000366016,6.364000000303349,7.825700000012148,0.0015000000530562,0.1950000000761065,13.00409999976182,13.199099999837928,"[[0, 0], [0, 0], [0, 0]]",0.36720000025525223
258,scheduled-after-result gen=190,66,264,0.4725000003418245,2.536899999995512,11.80640000029598,9.269500000300468,0.0141999998959363,10.773799896240234,"[[0, 0], [0, 0], [0, 0]]",0.0291000001197971,0.0317000003633438,0.0237000003835419,5.095699999856151,1.696400000128051,3.2805000000735163,4.818800000066403,5.566400000134308,0.0009999998837884,0.0632000001132837,10.773800000151825,10.837000000265109,"[[0, 0], [0, 0], [0, 0]]",0.9694000000308716
259,scheduled-after-result gen=191,66,264,0.4621000002771325,0.0785999995969177,13.295999999627384,13.217400000030466,0.0083999998423678,11.587599754333496,"[[0, 1], [0, 1], [0, 1]]",0.0282000000879634,0.0380000001314329,0.0279000000773521,6.4159999997173145,1.6340000001946464,3.137700000024779,4.592799999954877,5.048200000146608,0.001200000042445,0.0423000001319451,11.587599999984375,11.629900000116322,"[[0, 1], [0, 1], [0, 1]]",1.6660999995110615
260,scheduled-after-result gen=192,66,264,0.2874000001611421,0.7117999998627056,16.08489999989615,15.373100000033446,0.0148999997691134,15.700499534606934,"[[0, 1], [0, 1], [0, 1]]",0.0208999999813386,0.0294000001304084,0.0329000004057888,7.540499999777239,2.389300000231742,4.762900000059744,7.112200000392477,8.041500000217638,0.0018000000636675,0.0820000000203435,15.700500000093598,15.78250000011394,"[[0, 1], [0, 1], [0, 1]]",0.302399999782212
261,scheduled-after-result gen=193,66,264,0.2708000001803157,0.0623000000814499,12.610199999926408,12.547899999844958,0.0158000002556946,10.628999710083008,"[[0, 1], [0, 1], [0, 1]]",0.0193000000763277,0.02840000024662,0.0211000001399952,5.298300000049494,1.6672000001562992,3.2818000004226637,4.773600000135048,5.23700000030658,0.001200000042445,0.069799999891984,10.629000000335507,10.698800000227491,"[[0, 1], [0, 1], [0, 1]]",1.9113999996989168
262,scheduled-after-result gen=194,66,264,0.4558999999062507,1.6169999998965068,11.796199999935196,10.17920000003869,0.0187999999070598,10.964500427246094,"[[0, 1], [0, 1], [0, 1]]",0.0273000000561296,0.0379999996766855,0.0288000001091859,5.881800000224757,1.563499999974738,3.0394000000342203,4.511699999966368,4.957300000114628,0.001099999735743,0.0580000000809377,10.964500000227416,11.022500000308357,"[[0, 1], [0, 1], [0, 1]]",0.7736999996268388
263,scheduled-after-result gen=195,66,264,0.4637000001821434,0.9546999999656692,17.364000000270607,16.40930000030494,0.0150999999277701,9.878499984741213,"[[0, 1], [0, 1], [0, 1]]",0.029499999982363,0.0319999999192077,0.0193999999282823,4.84809999989011,1.5385000001515436,3.008700000009412,4.466599999886967,4.921899999771995,0.0012999998943996,0.0618999997641367,9.878500000013446,9.940399999777584,"[[0, 1], [0, 1], [0, 1]]",7.423600000493023
264,scheduled-after-result gen=196,66,264,0.2822999999807507,1.302799999848503,11.441499999818916,10.138699999970411,0.0084000002971151,11.119199752807615,"[[0, 1], [0, 1], [0, 1]]",0.0277000003734428,0.0308999997287173,0.0199000000975502,4.818999999770313,1.622100000076898,4.099899999800982,5.739100000027975,6.195799999659357,0.0014000002011016,0.0440999997408653,11.119200000393905,11.163300000134768,"[[0, 1], [0, 1], [0, 1]]",0.27819999968414777
265,scheduled-after-result gen=197,66,264,0.2783999998428044,2.245899999707035,12.065699999766366,9.819800000059333,0.0134000001708045,11.121800422668455,"[[0, 1], [0, 1], [0, 1]]",0.0205000001187727,0.0291000001197971,0.0194999997802369,5.148800000370102,1.5696000000389176,3.165600000102131,5.415300000095158,5.879499999991822,0.0012999998943996,0.048000000333559,11.121799999727957,11.169800000061514,"[[0, 1], [0, 1], [0, 1]]",0.8958999997048522
266,scheduled-after-result gen=198,66,264,0.2972000002046115,0.0525999998899351,14.397799999642302,14.345199999752367,0.0112999996417784,10.154800415039062,"[[0, 1], [0, 1], [0, 1]]",0.019099999917671,0.0235999996220925,0.0193000000763277,4.886100000021543,1.5855999999985215,3.155200000037439,4.731799999717623,5.183199999919452,0.001200000042445,0.0425000002906017,10.154799999781972,10.197300000072572,"[[0, 1], [0, 1], [0, 1]]",4.200499999569731
267,scheduled-after-result gen=199,66,264,0.2741000002970395,1.396999999997206,14.496999999664697,13.099999999667489,0.0127000002976274,10.516200065612791,"[[0, 1], [0, 1], [0, 1]]",0.0181999998858373,0.0167999996847356,0.0193000000763277,4.993600000034348,1.7706999997244566,3.521799999816721,5.011499999909574,5.442899999707151,0.001200000042445,0.0438000001850014,10.516199999983655,10.560000000168657,"[[0, 1], [0, 1], [0, 1]]",3.93699999949604
268,scheduled-after-result gen=200,66,264,0.263100000211125,1.2732999998661398,13.50609999963126,12.23279999976512,0.011600000107137,9.871100425720217,"[[0, 1], [0, 1], [0, 1]]",0.0199000000975502,0.0178000000232714,0.0193999999282823,4.935599999953411,1.5732000001662527,3.0159000002640823,4.415100000187522,4.855200000292825,0.0011000001904903,0.051500000154192,9.871100000054868,9.92260000020906,"[[0, 1], [0, 1], [0, 1]]",3.5834999994222
269,scheduled-after-result gen=201,66,264,0.2838999998857616,0.0528000000485917,13.580199999978504,13.527399999929912,0.0129999998534913,10.526300430297852,"[[0, 1], [0, 1], [0, 1]]",0.0202999999601161,0.0262999997175938,0.0184999998964485,5.137300000114919,1.614899999822228,3.189099999872269,4.759099999773753,5.299200000081328,0.0012999998943996,0.0574000000597152,10.526299999582989,10.583699999642704,"[[0, 1], [0, 1], [0, 1]]",2.9965000003358
270,scheduled-after-result gen=202,66,264,0.5072000003565336,0.0949999998738349,20.44979999982388,20.35479999995005,0.0176999997165694,18.10269927978516,"[[0, 1], [0, 1], [0, 1]]",0.032299999929819,0.0840000002426677,0.0306000001728534,9.930899999744724,3.1091000000742497,5.992800000058196,7.48939999994036,7.993400000032125,0.0012999998943996,0.0561000001653155,18.10269999987213,18.158800000037445,"[[0, 1], [0, 1], [0, 1]]",2.290999999786436
271,scheduled-after-result gen=203,66,264,0.2832999998645391,2.1999000000505475,9.963499999685157,7.763599999634607,0.0079999999798019,9.77929973602295,"[[0, 1], [0, 1], [0, 1]]",0.0301999998555402,0.0304000000141968,0.0221999998757382,4.869800000051328,1.5219000001707172,2.926600000137114,4.253500000231725,4.801100000349834,0.0012999998943996,0.0496999996357772,9.779299999991052,9.82899999962683,"[[0, 1], [0, 1], [0, 1]]",0.13450000005832585
272,scheduled-after-result gen=204,66,264,0.2623999998832005,2.7307000000291737,12.960900000052789,10.230200000023617,0.0087999997049337,12.324700355529783,"[[0, 1], [0, 1], [0, 1]]",0.0316000000566418,0.0386000001526554,0.0292999998237064,7.358500000009371,1.5245999998114712,2.92570000010528,4.288099999939732,4.836000000068452,0.001099999735743,0.0446999997620878,12.324700000135635,12.369399999897723,"[[0, 1], [0, 1], [0, 1]]",0.5915000001550652
273,scheduled-after-result gen=205,66,264,0.2943999998024083,0.0503999999637017,12.993199999982608,12.942800000018906,0.0118000002657936,9.360099792480469,"[[0, 0], [0, 0], [0, 1]]",0.0209999998332932,0.020699999822682,0.0196999999388935,4.622400000243943,1.4261000001170032,2.7291999999761174,4.04900000012276,4.652999999962049,0.0011000001904903,0.0414999999520659,9.360099999867089,9.401599999819156,"[[0, 0], [0, 0], [0, 1]]",3.591600000163451
274,scheduled-after-result gen=206,66,264,0.2634000002217362,1.2210999998387706,10.496800000055371,9.275700000216602,0.0095000000328582,9.721199989318848,"[[0, 1], [0, 1], [0, 1]]",0.0208000001293839,0.0246999998125829,0.0191999997696257,4.897499999970023,1.4575000000149885,2.800899999783724,4.200899999887042,4.735299999993003,0.0012999998943996,0.0444000002062239,9.72120000005816,9.765600000264383,"[[0, 1], [0, 1], [0, 1]]",0.7311999997909879
275,scheduled-after-result gen=207,66,264,0.3283000000919855,0.2629000000524684,12.512700000115728,12.24980000006326,0.0085000001490698,10.102899551391602,"[[0, 1], [0, 1], [0, 1]]",0.0291000001197971,0.0323000003845663,0.0209999998332932,4.932000000280823,1.5807999998287414,3.010699999776989,4.511999999976979,5.063300000074378,0.0009999998837884,0.0420999999732885,10.10290000021996,10.14500000019325,"[[0, 1], [0, 1], [0, 1]]",2.367699999922479
276,scheduled-after-result gen=208,66,264,0.4507000003286521,0.0748000002204207,18.93060000020341,18.85579999998299,0.0162999999702151,17.689699172973633,"[[0, 1], [0, 1], [0, 1]]",0.0310999998873739,0.0313000000460306,0.0291000001197971,8.711399999810965,2.7681999999913387,5.342899999959627,7.962599999700615,8.840999999847554,0.0019999997675768,0.0916000003599037,17.6896999996643,17.781300000024203,"[[0, 1], [0, 1], [0, 1]]",1.1493000001792062
277,scheduled-after-result gen=209,66,264,0.4595999998855404,2.6465000000825967,21.90500000006068,19.258499999978085,0.0125999999909254,17.468299865722656,"[[0, 1], [0, 1], [0, 1]]",0.0294000001304084,0.0378999998247309,0.0290000002678425,8.33760000023176,2.715500000249449,5.455200000142213,8.128400000259717,8.988500000214117,0.0019000003703695,0.0794000002315442,17.468300000018644,17.547700000250188,"[[0, 1], [0, 1], [0, 1]]",4.357299999810493
278,scheduled-after-result gen=210,66,264,0.2785000001495064,1.2346000003162771,13.004200000068522,11.769599999752243,0.0108000003820052,11.092300415039062,"[[0, 1], [0, 1], [0, 1]]",0.029600000289065,0.0310000000354193,0.0199000000975502,4.298599999856378,1.7374999997628038,4.251599999861355,5.975999999918713,6.686100000024453,0.0012999998943996,0.0457000001006235,11.09230000020034,11.138000000300964,"[[0, 1], [0, 1], [0, 1]]",1.8661999997675576
279,scheduled-after-result gen=211,66,264,0.2822000001287961,2.250300000014249,19.061899999996967,16.811599999982718,0.0160999998115585,17.13920021057129,"[[0, 1], [0, 1], [0, 1]]",0.0227999998969608,0.0617999999121821,0.0279999999293067,8.57750000022861,2.6880999998866173,5.319100000178878,7.607999999891035,8.40650000009191,0.0018999999156221,0.080199999956676,17.13919999974678,17.219399999703455,"[[0, 1], [0, 1], [0, 1]]",1.8425000002935121
280,scheduled-after-result gen=212,66,264,0.2735999996730243,2.75340000007418,12.44090000000142,9.68749999992724,0.0086000000010244,10.854000091552734,"[[0, 1], [0, 1], [0, 1]]",0.0226999995902588,0.1094999997803825,0.0279999999293067,6.062800000108837,1.4894000000822416,2.816799999891373,4.145800000060262,4.6040000001994486,0.0012999998943996,0.0434000003224355,10.853999999653752,10.897399999976187,"[[0, 1], [0, 1], [0, 1]]",1.543500000025233
281,scheduled-after-result gen=213,66,264,0.4515000000537839,1.1380999999346386,19.98509999975795,18.84699999982331,0.0090999997155449,18.227500915527344,"[[0, 1], [0, 1], [0, 1]]",0.0304999998661514,0.0337999999828753,0.0312000001940759,8.717700000033801,2.7916999997614766,5.570099999658851,8.569399999942107,9.356900000057069,0.0021000000742787,0.0648000000182946,18.22749999973894,18.292299999757237,"[[0, 1], [0, 1], [0, 1]]",1.6928000000007124
282,scheduled-after-result gen=214,66,264,0.2901999996538507,2.707799999825511,15.949499999805994,13.241699999980485,0.0096999997367674,15.61750030517578,"[[0, 1], [0, 1], [0, 1]]",0.0224000000343949,0.0546000001122592,0.0209999998332932,6.383999999798107,2.850100000159728,5.595900000116671,8.302199999889126,9.095399999750953,0.0021999999262334,0.0626000000920612,15.617500000189466,15.680100000281527,"[[0, 1], [0, 1], [0, 1]]",0.2693999995244667
283,scheduled-after-result gen=215,66,264,0.2941000002465443,0.0836000003801018,19.20220000010886,19.11859999972876,0.0165999999808263,15.25819969177246,"[[0, 1], [0, 1], [0, 1]]",0.0230000000556174,0.0267999998868617,0.019099999917671,6.0619999999289575,2.7256000003035297,5.501500000264059,8.258200000000215,9.084100000109174,0.0019999997675768,0.0648999998702493,15.25820000006206,15.32309999993231,"[[0, 1], [0, 1], [0, 1]]",3.8791000001765497
284,scheduled-after-result gen=216,66,264,0.3237999999328167,1.1961000000155764,11.434900000040216,10.23880000002464,0.0110000000859145,10.48610019683838,"[[0, 1], [0, 1], [0, 1]]",0.0254000001405074,0.0222999997276929,0.0200999998014594,4.976900000201567,1.519899999948393,2.879000000120868,4.557499999918946,5.4039000001466775,0.0016999997569655,0.0722999998288287,10.48609999998007,10.558399999808898,"[[0, 1], [0, 1], [0, 1]]",0.8765000002313172
285,scheduled-after-result gen=217,66,264,0.4956000002493965,2.506199999970704,23.37119999992865,20.864999999957945,0.015499999790336,18.23859977722168,"[[0, 1], [0, 1], [0, 1]]",0.0320999997711624,0.0356999998984974,0.0303000001622422,9.006199999930686,2.8900000002067827,5.591100000401639,8.255900000222027,9.090700000342622,0.0019999997675768,0.069799999891984,18.238599999676808,18.308399999568792,"[[0, 1], [0, 1], [0, 1]]",5.062800000359857
286,scheduled-after-result gen=218,66,264,0.2853999999388179,1.2888999999631778,17.142000000148983,15.853100000185805,0.0302999997074948,13.275699615478516,"[[0, 1], [0, 1], [0, 1]]",0.0217000001612177,0.0328999999510415,0.0379000002794782,8.47539999995206,1.3885000003028836,2.7666999999382824,4.152599999997619,4.6781999999439,0.0011000001904903,0.0420999999732885,13.275700000122017,13.317800000095303,"[[0, 1], [0, 1], [0, 1]]",3.824200000053679
287,scheduled-after-result gen=219,66,264,0.2749999998741259,1.2793999999303196,16.54050000024654,15.26110000031622,0.0087000003077264,15.842399597167969,"[[0, 0], [0, 0], [0, 0]]",0.0221000000237836,0.0247999996645376,0.0196999999388935,6.437600000026578,2.59490000007645,5.248899999969581,8.064500000273256,9.293699999943785,0.0016999997569655,0.0649999997222039,15.8424000001105,15.907399999832704,"[[0, 0], [0, 0], [0, 0]]",0.633100000413835
288,scheduled-after-result gen=220,66,264,0.4500000000007276,1.046899999892048,13.19839999996475,12.1515000000727,0.0098000000434694,12.918700218200684,"[[0, 0], [0, 0], [0, 1]]",0.0218000000131723,0.0342999996973958,0.0291999999717518,7.521300000007614,1.5956000002006476,3.2082000002446875,4.58070000013322,5.285000000185391,0.001200000042445,0.0433999998676881,12.918700000227544,12.962100000095234,"[[0, 0], [0, 0], [0, 1]]",0.2362999998695159
289,scheduled-after-result gen=221,66,264,0.294200000098499,0.0847000001158448,9.98280000021623,9.898100000100383,0.008800000159681,9.177599906921388,"[[0, 0], [0, 0], [0, 0]]",0.0309000001834647,0.029399999675661,0.0199000000975502,4.23179999961576,1.3677000001734996,2.708200000142824,4.1258000001107575,4.839900000206399,0.0012999998943996,0.0386999995498626,9.1776000003847,9.216299999934565,"[[0, 0], [0, 0], [0, 0]]",0.7665000002816651
290,scheduled-after-result gen=222,66,264,0.4522999997789156,1.0479000002305838,12.855400000262309,11.807500000031723,0.01029999975799,11.98680019378662,"[[0, 0], [0, 0], [0, 0]]",0.0321000002259097,0.0302000003102875,0.0198000002455955,6.926900000053138,1.4470999999502965,2.836199999819655,4.240099999606173,4.953499999828637,0.0009999998837884,0.043799999730254,11.986800000158835,12.030599999889091,"[[0, 0], [0, 0], [0, 0]]",0.8248000003732177
291,scheduled-after-result gen=223,66,264,0.500099999953818,0.1512999997430597,13.255599999865808,13.104300000122748,0.0103000002127373,10.738499641418455,"[[0, 0], [0, 0], [0, 0]]",0.0238999996327038,0.0285999999505293,0.0197999997908482,4.45850000005521,2.0527000001493434,3.951099999994767,5.462399999942136,6.182900000112568,0.0012999998943996,0.0484000001961248,10.738499999661144,10.786899999857267,"[[0, 0], [0, 0], [0, 0]]",2.468700000008541
292,scheduled-after-result gen=224,66,264,0.303299999814044,1.3082000000395055,11.950199999773758,10.641999999734251,0.0096000003395602,10.359600067138672,"[[0, 0], [0, 0], [0, 0]]",0.0304000000141968,0.0293000002784538,0.0208000001293839,4.593500000282802,1.4804000002186513,2.9481999999916297,4.354600000169739,5.656600000293111,0.0015999999050109,0.0420000001213338,10.359599999901548,10.40160000002288,"[[0, 0], [0, 0], [0, 0]]",1.5485999997508788
293,scheduled-after-result gen=225,66,264,0.4258999997546198,2.7930999999625783,17.92810000006284,15.135000000100264,0.0104999999166466,15.850600242614746,"[[0, 0], [0, 0], [0, 0]]",0.0215000000025611,0.0713000003997876,0.0269000001935637,8.83090000024822,3.2070000002022425,4.642800000056013,6.155900000067049,6.872299999940879,0.0015000000530562,0.0430000000051222,15.850599999794213,15.893599999799337,"[[0, 0], [0, 0], [0, 0]]",2.0345000002635043
294,scheduled-after-result gen=226,66,264,0.2590999997664767,0.0535999997737235,12.03510000004826,11.981500000274536,0.0523000003340712,10.13819980621338,"[[0, 0], [0, 0], [0, 0]]",0.022000000171829,0.027200000204175,0.0191000003724184,4.809900000054768,1.4885999999023625,3.037200000107987,4.505599999902188,5.235799999809387,0.001300000349147,0.0437000003330467,10.138199999801143,10.181900000134192,"[[0, 0], [0, 0], [0, 0]]",1.853199999914068
295,scheduled-after-result gen=227,66,264,0.2749000000221713,1.2687000003097637,23.51630000021032,22.24759999990056,0.0130999997054459,19.84320068359375,"[[0, 0], [0, 0], [0, 0]]",0.0317999997605511,0.0362999999197199,0.0286000004052766,9.58379999974568,3.0105999999250344,5.994000000100641,8.727800000087882,10.120999999799096,0.0018999999156221,0.065900000208785,19.84319999974105,19.90909999994983,"[[0, 0], [0, 0], [0, 0]]",3.607200000260491
296,scheduled-after-result gen=228,66,264,0.283800000033807,0.1041999998960818,22.028100000170525,21.923900000274443,0.0112000002445711,19.462099075317383,"[[0, 0], [0, 0], [0, 0]]",0.0331000001096981,0.1972999998542945,0.0285999999505293,9.17650000019421,2.88460000001578,5.612100000234932,8.4990000000289,9.974500000225817,0.002299999778188,0.0675999999657506,19.462100000055216,19.529700000020966,"[[0, 0], [0, 0], [0, 0]]",2.4984000001495588
297,scheduled-after-result gen=229,66,264,0.2769000002444954,1.235500000348111,19.590400000197405,18.35489999984929,0.0101000000540807,16.09830093383789,"[[0, 0], [0, 0], [0, 0]]",0.0205000001187727,0.1056000000971835,0.0269000001935637,6.228000000191969,3.138300000046001,5.897900000036316,8.525799999915762,9.679700000106097,0.0015999999050109,0.0649999997222039,16.098300000066956,16.16329999978916,"[[0, 0], [0, 0], [0, 0]]",3.4271000004082453
298,scheduled-after-result gen=230,66,264,0.4580000004352769,1.6153000001395412,21.52010000008886,19.90479999994932,0.0098000000434694,19.95120048522949,"[[0, 0], [0, 0], [0, 0]]",0.0234999997701379,0.0635999999758496,0.0295999998343177,9.559900000112975,2.9867000002923305,5.864799999926618,8.94220000009227,10.221200000160025,0.002299999778188,0.0826999998935207,19.95119999992312,20.03389999981664,"[[0, 0], [0, 0], [0, 0]]",1.4862000002722198
299,scheduled-after-result gen=231,66,264,0.2769000002444954,0.0598999999965599,16.508199999861972,16.448299999865412,0.011499999800435,10.63640022277832,"[[0, 0], [0, 0], [0, 0]]",0.0191999997696257,0.0236999999287945,0.0208999999813386,5.589399999735178,1.5090000001691806,2.876300000025367,4.249500000241824,4.959600000347564,0.0012999998943996,0.0430999998570769,10.63639999983934,10.679499999696418,"[[0, 0], [0, 0], [0, 0]]",5.828700000165554
300,scheduled-after-result gen=232,66,264,0.2742000001489941,0.0539999996362894,16.102199999750155,16.048200000113866,0.0085000001490698,11.889599800109863,"[[0, 0], [0, 0], [0, 0]]",0.0205999999707273,0.0490000002173474,0.0273999999080842,6.846799999948416,1.4507999999295862,2.828700000009121,4.183200000170473,4.918300000099407,0.001200000042445,0.0402000000576663,11.88959999990402,11.929799999961688,"[[0, 0], [0, 0], [0, 0]]",4.1723999997884675
301,scheduled-after-result gen=233,66,264,0.2662000001691922,7.4294999999438,11.40239999995174,3.97290000000794,0.0099000003501714,9.780400276184082,"[[0, 0], [0, 0], [0, 0]]",0.0194000003830296,0.0177000001713167,0.0189000002137618,4.630500000075699,1.4227000001483248,2.826500000082888,4.364100000202598,5.069700000149169,0.0012999998943996,0.0408000000788888,9.780400000181544,9.821200000260433,"[[0, 0], [0, 0], [0, 0]]",1.5811999996913073
302,scheduled-after-result gen=234,66,264,0.2823999998327053,1.237299999957031,14.648500000021158,13.411200000064127,0.0093999997261562,9.972700119018556,"[[0, 0], [0, 0], [0, 0]]",0.021899999865127,0.0269000001935637,0.0196000000869389,4.62550000020201,1.606199999969249,3.0317000000650296,4.484200000206329,5.25500000003376,0.001200000042445,0.0408999999308434,9.972700000162147,10.013600000092993,"[[0, 0], [0, 0], [0, 0]]",4.634899999928166
303,scheduled-after-result gen=235,66,264,0.2598000000944012,0.0415999998040206,11.53199999998833,11.490400000184309,0.0089000000116357,9.54360008239746,"[[0, 0], [0, 0], [0, 0]]",0.021899999865127,0.0233999999181833,0.0187999999070598,4.391499999655935,1.513899999736168,2.9522999998334853,4.365199999938341,5.06519999999,0.0012999998943996,0.0436000000263447,9.54360000014276,9.587200000169103,"[[0, 0], [0, 0], [0, 0]]",1.9447999998192262
304,scheduled-after-result gen=236,66,264,0.2673999997568899,1.2451000002329238,11.42870000012408,10.183599999891156,0.0098000000434694,9.527999877929688,"[[0, 0], [0, 0], [0, 0]]",0.0212999998439045,0.0172000000020489,0.0200000004042522,4.407500000070286,1.5275000000656291,2.9178999998293875,4.338400000051479,5.039000000124361,0.001200000042445,0.042599999687809,9.528000000045722,9.570599999733531,"[[0, 0], [0, 0], [0, 0]]",1.8581000003905483
305,scheduled-after-result gen=237,66,264,0.2673999997568899,0.0526000003446824,24.9311000002308,24.87849999988612,0.0113000000965257,18.036800384521484,"[[0, 0], [0, 0], [0, 0]]",0.0219999997170816,0.1004999999167921,0.0287999996544385,8.721300000161136,2.1704000000681845,5.063099999915721,7.909200000085548,9.12319999997635,0.0018000000636675,0.0677000002724526,18.036799999663344,18.1044999999358,"[[0, 0], [0, 0], [0, 0]]",6.826600000294999
306,scheduled-after-result gen=238,66,264,0.338100000135455,4.161299999850598,17.465099999753875,13.303799999903276,0.0288000001091859,15.016200065612791,"[[0, 0], [0, 0], [0, 0]]",0.0306999995700607,0.0272999996013822,0.0215999998545157,5.83699999970122,1.8129999998564017,4.913599999781582,7.802300000093965,9.059399999841844,0.0019999997675768,0.0679999998283165,15.016199999990931,15.084199999819248,"[[0, 0], [0, 0], [0, 0]]",2.380899999934627
307,scheduled-after-result gen=239,66,264,0.2795000000332948,1.2976999996681116,9.94219999984125,8.644500000173139,0.0099999997473787,9.59000015258789,"[[0, 0], [0, 0], [0, 0]]",0.0208999999813386,0.0275000002147862,0.0205000001187727,4.539800000202376,1.4473999999609075,2.8409999999894358,4.250799999681476,4.958399999850371,0.001099999735743,0.0466999999844119,9.59000000011656,9.636700000100973,"[[0, 0], [0, 0], [0, 0]]",0.3054999997402774
308,scheduled-after-result gen=240,66,264,0.2875999998650513,2.806400000281428,20.59970000027533,17.793299999993906,0.0082000001384585,19.214500427246094,"[[0, 0], [0, 0], [0, 0]]",0.0197999997908482,0.0248000001192849,0.0168999999914376,9.404500000073313,2.866299999823241,5.73420000000624,8.49789999983841,9.711700000025305,0.0016999997569655,0.0641000001451175,19.21450000008917,19.27860000023429,"[[0, 0], [0, 0], [0, 0]]",1.3211000000410387
309,scheduled-after-result gen=241,66,264,0.2732000002652057,2.8757000000041444,10.06500000039523,7.189300000391086,0.0073999999585794,9.85990047454834,"[[0, 0], [0, 0], [0, 0]]",0.0195000002349843,0.018000000181928,0.0196999999388935,4.648000000088359,1.5454999997928098,2.981600000111939,4.4250999999349006,5.132799999955751,0.001200000042445,0.0388999997085193,9.859900000265045,9.898799999973562,"[[0, 0], [0, 0], [0, 0]]",0.16620000042166794
310,scheduled-after-result gen=242,66,264,0.2733000001171604,0.0475000001642911,16.874099999768077,16.826599999603786,0.0205000001187727,15.457200050354004,"[[0, 0], [0, 0], [0, 0]]",0.0221999998757382,0.0260000001617299,0.028299999939918,7.042900000215013,2.1216999998614483,4.036100000121223,7.078399999954854,8.294799999930547,0.0019999997675768,0.0688000000081956,15.45719999967332,15.525999999681517,"[[0, 0], [0, 0], [0, 0]]",1.3481000000865606
311,scheduled-after-result gen=243,66,264,0.4681000000346103,0.0898000002962362,22.10590000004231,22.016099999746075,0.0163999998221697,19.360599517822266,"[[0, 0], [0, 0], [0, 0]]",0.0242000000980624,0.0592999999753374,0.0285999999505293,9.56029999997554,2.259399999729794,5.256999999801337,8.34949999989476,9.638099999847327,0.0021999999262334,0.0985000001492153,19.360600000254635,19.45910000040385,"[[0, 0], [0, 0], [0, 0]]",2.6467999996384606
312,scheduled-after-result gen=244,66,264,0.2905000001192093,0.0602000000071711,17.53580000013244,17.47560000012527,0.0110000000859145,14.201700210571287,"[[0, 0], [0, 0], [0, 0]]",0.0321000002259097,0.0344000000040978,0.0205000001187727,4.733300000225427,1.930599999923288,4.986999999800901,8.143699999891396,9.342500000002474,0.0018999999156221,0.0673999998070939,14.2017000002852,14.269100000092294,"[[0, 0], [0, 0], [0, 0]]",3.266700000040146
313,scheduled-after-result gen=245,66,264,0.5184000001463573,0.9936000001289358,17.235300000265852,16.241700000136916,0.0101999999060353,13.039799690246582,"[[0, 0], [0, 0], [0, 0]]",0.0299000002996763,0.0359000000571541,0.0295999998343177,5.911100000048464,1.549099999920145,3.340799999932642,6.023200000072393,6.989299999986542,0.0022000003809807,0.0660999999126943,13.039800000115063,13.10590000002776,"[[0, 0], [0, 0], [0, 0]]",4.129400000238093
314,scheduled-after-result gen=246,66,264,0.2700999998523912,1.1432999999669846,16.921500000080414,15.77820000011343,0.0132000000121479,12.196900367736816,"[[0, 0], [0, 0], [0, 0]]",0.0306000001728534,0.1943999996001366,0.0265000003309978,6.036500000391243,1.544799999919633,3.0017999997653533,4.661399999804416,5.866299999979674,0.0016999997569655,0.1151999999819963,12.196900000162714,12.31210000014471,"[[0, 0], [0, 0], [0, 0]]",4.609399999935704
315,scheduled-after-result gen=247,66,264,0.3298999999969965,2.8185000001030858,18.158800000037445,15.34029999993436,0.0107000000753032,15.432100296020508,"[[0, 0], [0, 0], [0, 0]]",0.0214000001506065,0.0265999997282051,0.0191999997696257,9.290999999848282,2.109099999870523,3.5852999999406165,5.318900000020221,6.047599999874365,0.001200000042445,0.0475000001642911,15.432099999998172,15.479600000162463,"[[0, 0], [0, 0], [0, 0]]",2.6791999998749816
316,scheduled-after-result gen=248,66,264,0.2720000002227607,1.7048999998223735,11.8956999999682,10.190800000145828,0.0099999997473787,9.733200073242188,"[[0, 0], [0, 0], [0, 0]]",0.0219999997170816,0.024299999950017,0.0187000000551051,4.741400000057183,1.45169999996142,2.840599999672122,4.209699999591976,4.9036999998861575,0.0011000001904903,0.042699999994511,9.733200000027864,9.775900000022377,"[[0, 0], [0, 0], [0, 0]]",2.1197999999458226
317,scheduled-after-result gen=249,66,264,0.4625000001396984,1.0933000003205962,25.010300000303687,23.91699999998309,0.0134000001708045,19.06410026550293,"[[0, 0], [0, 0], [0, 0]]",0.0236999999287945,0.0338999998348299,0.0285999999505293,9.013400000185356,3.066000000217173,5.872500000350556,8.66840000026059,9.919800000261604,0.0021000000742787,0.0752000000829866,19.0640999999232,19.139300000006187,"[[0, 0], [0, 0], [0, 0]]",5.871000000297499
318,scheduled-after-result gen=250,66,264,0.2868999999918742,2.784100000098988,13.454100000217297,10.670000000118309,0.0107000000753032,13.099499702453612,"[[0, 0], [0, 0], [0, 0]]",0.0227000000450061,0.0313999998979852,0.0280999997812614,7.708099999945261,1.49280000005092,2.941400000054273,4.548800000065967,5.281300000206102,0.001200000042445,0.0485999999000341,13.099499999952968,13.148099999853002,"[[0, 0], [0, 0], [0, 0]]",0.3060000003642944
319,scheduled-after-result gen=251,66,264,0.4544999997051491,0.559999999950378,14.361900000039896,13.801900000089518,0.0359999999091087,10.732099533081056,"[[0, 0], [0, 0], [0, 0]]",0.0214000001506065,0.0301999998555402,0.0274999997600389,5.366000000321947,1.575899999807007,3.0810999996901955,4.539699999895674,5.260599999928672,0.0010000003385357,0.0435000001743901,10.7321000000411,10.77560000021549,"[[0, 0], [0, 0], [0, 0]]",3.586299999824405
320,scheduled-after-result gen=252,66,264,0.2774999998109706,1.2158999998064246,21.52990000013233,20.314000000325905,0.013899999885325,19.33769989013672,"[[0, 0], [0, 0], [0, 0]]",0.0214000001506065,0.1179000000774976,0.0261999998656392,9.378799999922194,2.849499999683758,5.631499999708467,8.54189999972732,9.749199999987468,0.0020000002223241,0.0704999997651611,19.33770000005097,19.408199999816134,"[[0, 0], [0, 0], [0, 0]]",2.1217000003161957
321,scheduled-after-result gen=253,66,264,0.4472000000532716,2.0454000000427186,19.894799999747192,17.849399999704474,0.0121000002764048,18.967100143432617,"[[0, 0], [0, 0], [0, 0]]",0.0301999998555402,0.1346999997622333,0.0291999999717518,9.073000000171303,2.849500000138505,5.649300000186486,8.488500000112253,9.656700000050478,0.0017000002117129,0.0677000002724526,18.96709999982704,19.03480000009949,"[[0, 0], [0, 0], [0, 0]]",0.8599999996477017
322,scheduled-after-result gen=254,66,264,0.2701999997043458,0.0509000001329695,19.03390000006766,18.98299999993469,0.0091000001702923,18.29159927368164,"[[0, 0], [0, 0], [0, 0]]",0.0291000001197971,0.0672999999551393,0.0279000000773521,7.156300000133342,3.27289999995628,6.649800000104733,9.693299999980807,10.954599999877246,0.00240000008489,0.0629999999546271,18.291599999884056,18.354599999838683,"[[0, 0], [0, 0], [0, 0]]",0.6793000002289773
323,scheduled-after-result gen=255,66,264,0.2967999998872983,1.3263999999253429,17.679300000054354,16.35290000012901,0.011499999800435,15.430500030517578,"[[0, 0], [0, 0], [0, 0]]",0.0225999997383041,0.0202000001081614,0.0194999997802369,6.8462999997791485,2.412499999991269,4.589900000155467,7.203500000287022,8.490799999890442,0.0018999999156221,0.0702999996065045,15.43050000009316,15.500799999699666,"[[0, 0], [0, 0], [0, 0]]",2.1785000003546884
324,scheduled-after-result gen=256,66,264,0.2890999999181076,2.7691000000231725,14.953999999761436,12.184899999738263,0.0120000004244502,12.558600425720217,"[[0, 0], [0, 0], [0, 0]]",0.0216000003092631,0.0256999996963713,0.0177000001713167,4.70599999971455,2.0633999997698997,4.625499999747262,6.988199999796052,7.763299999623996,0.0012999998943996,0.0436999998782994,12.558600000375009,12.602300000253308,"[[0, 0], [0, 0], [0, 0]]",2.351699999508128
325,scheduled-after-result gen=257,66,264,0.2699000001484819,1.231400000051508,18.04659999970681,16.815199999655306,0.0095000000328582,17.277799606323242,"[[0, 0], [0, 0], [0, 0]]",0.021899999865127,0.1518999997642822,0.0284999996438273,9.763399999883404,3.0157999999573804,4.879600000094797,6.55189999997674,7.281700000021374,0.0010000003385357,0.0444000002062239,17.277800000101706,17.32220000030793,"[[0, 0], [0, 0], [0, 0]]",0.7243999993988801
326,scheduled-after-result gen=258,66,264,0.2739999999903375,1.2253999998392828,20.09929999985616,18.873900000016874,0.0110999999378691,19.350000381469727,"[[0, 0], [0, 0], [0, 0]]",0.0317000003633438,0.0329999998029961,0.0199000000975502,8.289500000046246,3.396300000076735,6.585000000086438,9.746700000050623,10.933900000054564,0.0018000000636675,0.0779000001784879,19.350000000031287,19.42790000020977,"[[0, 0], [0, 0], [0, 0]]",0.6713999996463897
327,scheduled-after-result gen=259,66,264,0.2877000001717533,1.3120000003254972,23.28490000036254,21.972900000037043,0.0104000000646919,20.694599151611328,"[[0, 0], [0, 0], [0, 0]]",0.0215000000025611,0.0445000000581785,0.0273999999080842,9.646100000281876,3.127299999960087,6.491699999969569,9.74850000011429,10.91180000003078,0.0017000002117129,0.0663000000713509,20.694599999842467,20.760899999913818,"[[0, 0], [0, 0], [0, 0]]",2.524000000448723
328,scheduled-after-result gen=260,66,264,0.4500000000007276,0.992700000097102,22.43559999988065,21.44289999978355,0.0121999996736121,20.7273006439209,"[[0, 0], [0, 0], [0, 0]]",0.0303000001622422,0.0427999998464656,0.0305000003208988,10.128100000201812,3.1286999997064413,6.194300000061048,9.280999999646156,10.450899999796093,0.0015999999050109,0.0758999999561638,20.7273000000896,20.803200000045763,"[[0, 0], [0, 0], [0, 0]]",1.6323999998348881
329,scheduled-after-result gen=261,66,264,0.2921999998761748,3.7083000001985056,21.66590000024371,17.957600000045204,0.0132000000121479,21.319900512695312,"[[0, 0], [0, 0], [0, 0]]",0.0213000002986518,0.0200999998014594,0.0203999998120707,9.743300000081945,3.3486000002085348,6.708700000217505,10.23510000004535,11.47240000000238,0.0015999999050109,0.0604000001658278,21.319899999980407,21.380300000146235,"[[0, 0], [0, 0], [0, 0]]",0.28560000009747455
330,scheduled-after-result gen=262,66,264,0.2925999997387407,2.7642000000014377,24.246899999980087,21.48269999997865,0.0105999997686012,20.200199127197266,"[[0, 0], [0, 0], [0, 0]]",0.0215000000025611,0.1224999996338738,0.0273999999080842,10.708300000260351,3.292700000201876,6.841400000212161,8.55760000013106,9.291400000165597,0.0014000002011016,0.0405999999202322,20.200200000090263,20.24080000001049,"[[0, 0], [0, 0], [0, 0]]",4.006099999969596
331,scheduled-after-result gen=263,66,264,0.3016000000570784,1.2953000000379689,26.14610000000539,24.85079999996742,0.0089999998635903,21.568099975585938,"[[0, 0], [0, 0], [0, 0]]",0.0290000002678425,0.0393999998777871,0.028299999939918,10.690699999940987,3.267500000220025,6.5094999999928405,9.55919999978505,10.73580000002039,0.0018000000636675,0.0652999997328152,21.56810000042242,21.633400000155238,"[[0, 0], [0, 0], [0, 0]]",4.5126999998501525
332,scheduled-after-result gen=264,66,264,0.4550999997263716,1.059000000168453,23.363700000118115,22.304699999949666,0.0161999996635131,21.268800735473636,"[[0, 0], [0, 0], [0, 0]]",0.0311999997393286,0.0318000002152984,0.0285000000985746,10.637100000167266,3.213899999991554,6.188899999870046,9.781799999927898,10.508799999570329,0.0012999998943996,0.0473000000056345,21.26879999968878,21.316099999694416,"[[0, 0], [0, 0], [0, 0]]",2.0476000004236994
333,scheduled-after-result gen=265,66,264,0.2672000000529806,2.8025999999954365,11.438100000304985,8.635500000309548,0.008699999852979,11.052900314331056,"[[0, 0], [0, 0], [0, 0]]",0.0291999999717518,0.0270000000455183,0.019099999917671,5.505099999936647,1.6491000001224163,3.204699999969307,4.740600000332051,5.448400000204856,0.0011000001904903,0.039900000047055,11.052900000322552,11.092800000369609,"[[0, 0], [0, 0], [0, 0]]",0.3452999999353761
334,scheduled-after-result gen=266,66,264,0.2752000000327825,1.2558999997054343,12.479900000016642,11.224000000311207,0.0082999999904131,11.418999671936035,"[[0, 0], [0, 0], [0, 0]]",0.0224999998863495,0.024199999643315,0.0196000000869389,5.568000000039319,1.669599999786442,3.420999999889318,5.056799999692885,5.7603000000199245,0.001200000042445,0.0401000002057116,11.418999999932566,11.459100000138278,"[[0, 0], [0, 0], [0, 0]]",1.0207999998783635
335,scheduled-after-result gen=267,66,264,0.2899000000979868,1.2198999997963256,22.097699999903853,20.877800000107527,0.0104999999166466,20.965900421142575,"[[0, 0], [0, 0], [0, 0]]",0.0331999999616527,0.0409999997827981,0.0297999999929743,10.05189999978029,3.1088000000636384,6.29849999995713,9.54230000024836,10.757699999885515,0.0017000002117129,0.0728999998500512,20.96590000019205,21.0388000000421,"[[0, 0], [0, 0], [0, 0]]",1.058899999861751
336,scheduled-after-result gen=268,66,264,0.2641000000949134,1.2752999996337169,27.755899999647227,26.48060000001351,0.0110000000859145,21.727100372314453,"[[0, 0], [0, 0], [0, 0]]",0.0301000000035855,0.1225999999405758,0.0279999999293067,10.354500000175904,3.357499999765423,6.557199999861041,10.051299999759069,11.15669999990132,0.001200000042445,0.0586999999541149,21.72710000013467,21.785800000088784,"[[0, 0], [0, 0], [0, 0]]",5.9700999995584425
337,scheduled-after-result gen=269,66,264,0.2687999999579915,2.8068999999959487,15.16859999992448,12.361699999928533,0.0110000000859145,11.2121000289917,"[[0, 0], [0, 0], [0, 0]]",0.0208999999813386,0.0227000000450061,0.019200000224373,5.234299999756331,1.6019999998206913,3.274499999861291,5.155799999556621,5.891299999802868,0.001099999735743,0.04659999967771,11.21210000019346,11.258699999871167,"[[0, 0], [0, 0], [0, 0]]",3.9099000000533124
338,scheduled-after-result gen=270,66,264,0.4607999999279855,0.0742000001991982,22.361000000273638,22.28680000007444,0.0155000002450833,22.019699096679688,"[[0, 0], [0, 0], [0, 0]]",0.0306000001728534,0.0329999998029961,0.0271999997494276,10.38539999990462,3.70359999988068,6.971999999677792,10.268799999721525,11.497699999836186,0.0017000002117129,0.0740000000405416,22.01970000032816,22.0937000003687,"[[0, 0], [0, 0], [0, 0]]",0.2672999999049388
339,scheduled-after-result gen=271,66,264,0.2676999997675011,4.252800000358548,11.86260000031325,7.609799999954703,0.0094000001809035,11.128100395202637,"[[0, 0], [0, 0], [0, 0]]",0.0387999998565646,0.0267000000349071,0.0191999997696257,5.230499999925087,1.719500000035623,3.400699999929202,5.079700000351295,5.789199999981065,0.0011000001904903,0.0442000000475673,11.128099999950791,11.17229999999836,"[[0, 0], [0, 0], [0, 0]]",0.69030000031489
340,scheduled-after-result gen=272,66,264,0.2949999998236308,4.258099999788101,13.381400000071151,9.123300000283052,0.0104999999166466,11.478300094604492,"[[0, 0], [0, 0], [0, 0]]",0.0205000001187727,0.0239000000874511,0.0197999997908482,5.680399999619112,1.716400000077556,3.3934000002773246,5.002500000045984,5.709300000035,0.0009999998837884,0.0414000001001113,11.478299999907904,11.519700000008015,"[[0, 0], [0, 0], [0, 0]]",1.861700000063136
341,scheduled-after-result gen=273,66,264,0.3065000000788132,2.629099999921891,25.61999999988984,22.99089999996795,0.0095999998848128,22.626399993896484,"[[0, 0], [0, 0], [0, 0]]",0.0313999998979852,0.073900000188587,0.0273000000561296,11.005199999999604,3.4403999998176005,6.849500000043918,10.210800000095333,11.44190000013623,0.0021000000742787,0.0657000000501284,22.626400000262947,22.69210000031308,"[[0, 0], [0, 0], [0, 0]]",2.927899999576759
342,scheduled-after-result gen=274,66,264,0.2755000000433938,0.086600000031467,21.528199999920616,21.44159999988915,0.0125999999909254,14.552599906921388,"[[0, 0], [0, 0], [0, 0]]",0.0220999995690363,0.0292999998237064,0.0199999999495048,7.805799999914598,2.595200000087061,4.466999999749532,5.940500000178872,6.649299999935465,0.001200000042445,0.0417999999626772,14.552599999660742,14.59439999962342,"[[0, 0], [0, 0], [0, 0]]",6.933800000297197
343,scheduled-after-result gen=275,66,264,0.3237999999328167,2.668699999958335,17.867500000193104,15.198800000234767,0.0117999998110462,11.22089958190918,"[[0, 0], [0, 0], [0, 0]]",0.0221000000237836,0.0248000001192849,0.0202999999601161,5.728600000111328,1.7023999998855288,3.289199999926496,4.69329999987167,5.402799999956187,0.0011000001904903,0.0405000000682775,11.220899999898393,11.26139999996667,"[[0, 0], [0, 0], [0, 0]]",6.606100000226434
344,scheduled-after-result gen=276,66,264,0.277399999959016,1.2375000001156875,14.250599999741098,13.01309999962541,0.0089000000116357,11.719499588012695,"[[0, 0], [0, 0], [0, 0]]",0.0207000002774293,0.0258000000030733,0.0202000001081614,6.103300000177114,1.8340000001444423,3.332900000259542,4.795600000306877,5.523600000287843,0.0012999998943996,0.0402999999096209,11.719500000253902,11.759800000163525,"[[0, 0], [0, 0], [0, 0]]",2.4907999995775736
345,scheduled-after-result gen=277,66,264,0.2937999997811857,0.0552000001334818,21.54610000025059,21.490900000117108,0.0082000001384585,20.600500106811523,"[[0, 0], [0, 0], [0, 0]]",0.0297000001410197,0.0300000001516309,0.0205999999707273,9.949299999789218,3.2271999998556566,6.282400000145572,9.295400000155496,10.525700000016514,0.0018999999156221,0.0694000000294181,20.600500000000466,20.669900000029884,"[[0, 0], [0, 0], [0, 0]]",0.876200000220706
346,scheduled-after-result gen=278,66,264,0.2577000000201224,1.247800000328425,16.561599999931786,15.31379999960336,0.0351999997292296,14.99209976196289,"[[0, 0], [0, 0], [0, 0]]",0.0212999998439045,0.0259999997069826,0.0208999999813386,5.938700000115205,1.6847000001689594,4.7026000002006185,7.805499999903986,8.955900000273687,0.0013999997463542,0.0458999998045328,14.99210000019957,15.038000000004104,"[[0, 0], [0, 0], [0, 0]]",1.5235999999276828
347,scheduled-after-result gen=279,66,264,0.28489999976955,4.259699999693112,13.410299999577546,9.150599999884436,0.0103000002127373,9.989299774169922,"[[0, 0], [0, 0], [0, 0]]",0.0209999998332932,0.0276000000667409,0.0187999999070598,4.723800000192568,1.4998999999988882,2.936899999895104,4.468099999940023,5.1754999999502616,0.001099999735743,0.0406999997721868,9.989300000142975,10.029999999915162,"[[0, 0], [0, 0], [0, 0]]",3.380299999662384
348,scheduled-after-result gen=280,66,264,0.2775000002657179,0.0505999996676109,20.489900000029596,20.439300000361985,0.01269999984288,17.69879913330078,"[[0, 0], [0, 0], [0, 0]]",0.0235000002248852,0.028199999633216,0.0193000000763277,7.303899999897112,3.0343000003085763,5.939000000125816,8.94590000007156,10.272200000144949,0.0018000000636675,0.0928999997995561,17.69880000028934,17.791700000088895,"[[0, 0], [0, 0], [0, 0]]",2.6981999999407016
349,scheduled-after-result gen=281,66,264,0.2810999999383057,0.0503999999637017,14.925299999958952,14.87489999999525,0.008699999852979,14.715499877929688,"[[0, 0], [0, 0], [0, 0]]",0.0321000002259097,0.0325000000884756,0.0218000000131723,4.930999999942287,2.3990999998204643,5.518999999821972,8.454799999981333,9.655800000018644,0.00240000008489,0.0703000000612519,14.715499999965688,14.78580000002694,"[[0, 0], [0, 0], [0, 0]]",0.13949999993201168
350,scheduled-after-result gen=282,66,264,0.269399999979214,2.7388000003156776,17.426500000055967,14.687699999740287,0.0093000003289489,15.100199699401855,"[[0, 0], [0, 0], [0, 0]]",0.0219999997170816,0.1203000001623877,0.0275000002147862,7.312799999908748,1.7098000002988556,3.279500000189728,6.344899999930931,7.569899999907648,0.0019999997675768,0.0623000000814499,15.100199999778852,15.162499999860302,"[[0, 0], [0, 0], [0, 0]]",2.264000000195665
351,scheduled-after-result gen=283,66,264,0.2766000002338842,0.7357999998021114,20.028200000069774,19.292400000267666,0.0430000000051222,15.504199981689451,"[[0, 0], [0, 0], [0, 0]]",0.0297999999929743,0.1185000000987201,0.0274999997600389,9.451899999930902,2.139299999726063,3.6621999997805688,5.14439999960814,5.848899999818968,0.001200000042445,0.0409000003855908,15.504199999668344,15.545100000053935,"[[0, 0], [0, 0], [0, 0]]",4.483100000015838
352,scheduled-after-result gen=284,66,264,0.2673999997568899,4.659599999740749,15.514700000039738,10.85510000029899,0.008800000159681,10.276599884033203,"[[0, 0], [0, 0], [0, 0]]",0.0202000001081614,0.0175000000126601,0.0207000002774293,4.87520000024233,1.554999999825668,3.181099999892467,4.613499999777559,5.320599999777187,0.0011000001904903,0.0442000000475673,10.276599999997416,10.320800000044985,"[[0, 0], [0, 0], [0, 0]]",5.193899999994754
353,scheduled-after-result gen=285,66,264,0.295299999834242,1.1837999995805149,23.60149999958594,22.417700000005425,0.0095000000328582,20.180700302124023,"[[0, 0], [0, 0], [0, 0]]",0.0227000000450061,0.0301000000035855,0.020699999822682,9.95569999986401,2.869899999950576,6.00399999984802,8.865799999966839,10.106499999892549,0.0022000003809807,0.0661999997646489,20.18069999985528,20.246899999619927,"[[0, 0], [0, 0], [0, 0]]",3.3545999999660125
354,scheduled-after-result gen=286,66,264,0.3050999998777115,1.1609000002863468,11.292300000150137,10.131399999863788,0.0089000000116357,10.221699714660645,"[[0, 0], [0, 0], [0, 0]]",0.0930999999582127,0.0252999998338054,0.0194000003830296,4.847100000006321,1.58419999979742,3.0624999999417923,4.460999999992055,5.207299999710813,0.001200000042445,0.0424999998358543,10.221700000329292,10.264200000165149,"[[0, 0], [0, 0], [0, 0]]",1.0280999999849882
355,scheduled-after-result gen=287,66,264,0.2703000000110478,1.176300000224728,12.90880000033212,11.732500000107391,0.0089999998635903,10.32409954071045,"[[0, 0], [0, 0], [0, 0]]",0.0202000001081614,0.0265999997282051,0.0202000001081614,4.828600000109873,1.7175000002680465,3.212000000075932,4.699500000242551,5.403600000136066,0.001200000042445,0.0399999998990097,10.324100000161708,10.364100000060716,"[[0, 0], [0, 0], [0, 0]]",2.544700000271403
356,scheduled-after-result gen=288,66,264,0.2507999997760635,0.7585999996990722,10.907200000019657,10.148600000320585,0.0081000002865039,9.887399673461914,"[[0, 0], [0, 0], [0, 0]]",0.0211000001399952,0.0258000000030733,0.0176999997165694,4.622099999778584,1.5318000000661414,2.9360000003180176,4.448900000170397,5.172800000309508,0.001200000042445,0.0377000001208216,9.887400000025082,9.925100000145903,"[[0, 0], [0, 0], [0, 0]]",0.9820999998737534
357,scheduled-after-result gen=289,66,264,0.27219999992667,2.7895000002899906,14.978800000335468,12.189300000045478,0.0102000003607827,9.892200469970703,"[[0, 0], [0, 0], [0, 0]]",0.0237000003835419,0.0215000000025611,0.0186000002031505,4.690799999934825,1.4514999998027631,2.853899999990972,4.402099999879283,5.110699999931967,0.0011000001904903,0.0407000002269342,9.892200000194862,9.932900000421796,"[[0, 0], [0, 0], [0, 0]]",5.045899999913672
358,scheduled-after-result gen=290,66,264,0.2633999997669889,4.423599999881844,11.63700000006429,7.213400000182446,0.0083000004451605,9.830100059509276,"[[0, 0], [0, 0], [0, 0]]",0.0199999999495048,0.0237999997807492,0.0179000003299734,4.599599999892234,1.4614000001529348,2.921400000104768,4.430800000136514,5.144499999914842,0.0012999998943996,0.0391999997191305,9.830100000272068,9.8692999999912,"[[0, 0], [0, 0], [0, 0]]",1.7677000000730896
359,scheduled-after-result gen=291,66,264,0.2771999998003593,1.3241999999991094,12.540900000203692,11.216700000204582,0.0100000002021261,10.03849983215332,"[[0, 0], [0, 0], [0, 0]]",0.0211000001399952,0.0181000000338826,0.0188000003618071,4.538900000170543,1.583400000072288,3.1230999998115294,4.646699999739212,5.41350000003149,0.0012999998943996,0.0532999997631122,10.038500000064232,10.091799999827344,"[[0, 0], [0, 0], [0, 0]]",2.4491000003763475
360,scheduled-after-result gen=292,66,264,0.2613999999994121,0.7458000000042375,11.371100000360457,10.62530000035622,0.0085000001490698,10.045000076293944,"[[0, 0], [0, 0], [0, 0]]",0.0307000000248081,0.0294000001304084,0.0197000003936409,4.735600000003615,1.5116999998099343,2.953300000172021,4.481299999952171,5.200399999921501,0.0012999998943996,0.0387999998565646,10.044999999990978,10.083799999847542,"[[0, 0], [0, 0], [0, 0]]",1.2873000005129143
361,scheduled-after-result gen=293,66,264,0.2764000000752276,1.2740999995912716,12.256199999683304,10.982100000092032,0.0086000000010244,10.17099952697754,"[[0, 0], [0, 0], [0, 0]]",0.0229000002036627,0.0258000000030733,0.0193999999282823,4.44470000002184,1.570599999922706,3.1389999999191787,4.929700000047887,5.634399999962625,0.001099999735743,0.0394999997297418,10.17100000035498,10.21050000008472,"[[0, 0], [0, 0], [0, 0]]",2.0456999995985843
362,scheduled-after-result gen=294,66,264,0.2764999999271822,1.2569999998959247,10.64120000000912,9.384200000113196,0.0082999999904131,10.520400047302246,"[[0, 0], [0, 0], [0, 0]]",0.0211999999919498,0.0254000001405074,0.0196999999388935,5.080599999928381,1.5164999999797146,3.042199999981676,4.647899999781657,5.349499999738328,0.001200000042445,0.0435000001743901,10.520399999677466,10.563899999851856,"[[0, 0], [0, 0], [0, 0]]",0.07730000015726368
363,scheduled-after-result gen=295,66,264,0.434199999745033,0.0847000001158448,23.344400000041787,23.259699999925942,0.0102000003607827,17.60379981994629,"[[0, 0], [0, 0], [0, 0]]",0.0222000003304856,0.045200000386103,0.0268999997388164,7.179700000051525,3.230200000416517,6.251200000406243,9.085800000320887,10.282100000040373,0.0017000002117129,0.0716000004103989,17.603799999960756,17.675400000371155,"[[0, 0], [0, 0], [0, 0]]",5.668999999670632
364,scheduled-after-result gen=296,66,264,0.2881999998862738,0.0505999996676109,19.50189999979557,19.45130000012796,0.0141999998959363,19.269899368286133,"[[0, 0], [0, 0], [0, 0]]",0.0316000000566418,0.0350999998772749,0.0264000000242958,9.255099999791128,3.0454000002464454,5.868300000201998,8.700100000169186,9.87280000026658,0.0018000000636675,0.0698999997439386,19.269900000381316,19.33980000012525,"[[0, 0], [0, 0], [0, 0]]",0.16209999967031763
365,scheduled-after-result gen=297,66,264,0.2712000000428816,2.248500000405329,10.92060000019046,8.672099999785132,0.0082999999904131,10.732600212097168,"[[0, 0], [0, 0], [0, 0]]",0.0227000000450061,0.0242000000980624,0.0187999999070598,5.076700000245182,1.6267999999399765,3.30500000018219,4.854499999964901,5.566400000134308,0.0015000000530562,0.0390999998671759,10.73259999975562,10.771699999622795,"[[0, 0], [0, 0], [0, 0]]",0.1489000005676644
366,scheduled-after-result gen=298,66,264,0.275800000054005,2.7914000002056127,12.98610000003464,10.194699999829028,0.0125999999909254,10.289899826049805,"[[0, 0], [0, 0], [0, 0]]",0.0218000000131723,0.0258000000030733,0.0211000001399952,5.106299999624753,1.5373999999610533,2.99829999994472,4.386699999940902,5.090600000130507,0.0009999998837884,0.041399999645364,10.289900000316266,10.33129999996163,"[[0, 0], [0, 0], [0, 0]]",2.65480000007301
367,scheduled-after-result gen=299,66,264,0.2712999998948362,1.2141000001975044,21.244000000024243,20.02989999982674,0.0150000000758154,10.132800102233888,"[[0, 0], [0, 0], [0, 0]]",0.0197999997908482,0.0181000000338826,0.0182999997377919,4.872099999829516,1.5250000001287844,2.9718000000684697,4.47230000008858,5.180900000141264,0.0011000001904903,0.0410999996347527,10.13280000006489,10.173899999699644,"[[0, 0], [0, 0], [0, 0]]",11.070100000324599
368,scheduled-after-result gen=300,66,264,0.2774000004137633,0.0448000000687898,10.365200000251209,10.320400000182415,0.0092999998742016,9.93179988861084,"[[0, 0], [0, 0], [0, 0]]",0.0221999998757382,0.0181999998858373,0.0190000000657164,4.732999999760068,1.50370000028488,2.891399999953137,4.399800000101095,5.107700000280602,0.001200000042445,0.042699999994511,9.931800000231306,9.974500000225817,"[[0, 0], [0, 0], [0, 0]]",0.39070000002539196
369,scheduled-after-result gen=301,66,264,0.2696999999898253,0.7756999998491665,16.214799999943352,15.439100000094186,0.0122999999803141,10.024800300598145,"[[0, 0], [0, 0], [0, 0]]",0.0207000002774293,0.0264000000242958,0.0205999999707273,4.901799999970535,1.4871000003040535,2.871200000299723,4.339000000072701,5.032300000038958,0.001099999735743,0.0446000003648805,10.024799999882816,10.069400000247697,"[[0, 0], [0, 0], [0, 0]]",6.145399999695655
370,scheduled-after-result gen=302,66,264,0.2480999996805621,0.0564000001759268,12.213599999995497,12.157199999819568,0.0089000000116357,10.64009952545166,"[[0, 0], [0, 0], [0, 0]]",0.0209999998332932,0.1416000000062922,0.0267000000349071,5.196499999783555,1.443300000119052,2.857399999811605,4.48099999994156,5.224200000156998,0.0011000001904903,0.1442000002498389,10.64009999981863,10.78430000006847,"[[0, 0], [0, 0], [0, 0]]",1.4292999999270268
371,scheduled-after-result gen=303,66,264,0.2724999999372812,1.293599999826256,11.48509999984526,10.191500000019005,0.007600000117236,10.00629997253418,"[[0, 0], [0, 0], [0, 0]]",0.020400000266818,0.0240999997913604,0.017899999875226,4.733099999612023,1.4888999999129735,2.95239999968544,4.488399999900139,5.188799999814364,0.0009999998837884,0.043900000036956,10.006299999986368,10.050200000023324,"[[0, 0], [0, 0], [0, 0]]",1.434899999821937
372,scheduled-after-result gen=304,66,264,0.2738000002864282,1.2864000000263331,10.058399999707037,8.771999999680702,0.007600000117236,9.793800354003906,"[[0, 0], [0, 0], [0, 0]]",0.0208999999813386,0.0224000000343949,0.0196000000869389,4.437399999915215,1.525099999980739,3.0169999999998254,4.5705000002271845,5.268599999908474,0.0011999995876976,0.0418999998146318,9.7937999998976,9.835699999712231,"[[0, 0], [0, 0], [0, 0]]",0.2226999999948056
373,scheduled-after-result gen=305,66,264,0.2727999999478925,1.402200000029552,11.900599999989936,10.498399999960384,0.0075999996624886,10.429400444030762,"[[0, 0], [0, 0], [0, 0]]",0.0223000001824402,0.0221999998757382,0.0182000003405846,5.074600000170904,1.512800000000425,3.016699999989214,4.533799999990151,5.267300000014075,0.001099999735743,0.0420999999732885,10.42940000024828,10.471500000221567,"[[0, 0], [0, 0], [0, 0]]",1.4290999997683684
374,scheduled-after-result gen=306,66,264,0.3338999999868974,1.2400000000525324,15.18099999975675,13.940999999704218,0.0107000000753032,10.980899810791016,"[[0, 0], [0, 0], [0, 0]]",0.0211999999919498,0.0211000001399952,0.0219999997170816,5.30529999969076,1.6211000001931095,3.1650999999328637,4.832699999951728,5.585200000041368,0.0012999998943996,0.0468000002911139,10.980900000049589,11.0277000003407,"[[0, 0], [0, 0], [0, 0]]",4.153299999416051
375,scheduled-after-result gen=307,66,264,0.2672000000529806,1.2526000000434578,17.454799999995885,16.202199999952427,0.0080999998317565,11.151900291442873,"[[0, 0], [0, 0], [0, 0]]",0.0211000001399952,0.0246999998125829,0.0183000001925393,5.12140000000727,1.688900000317517,3.495299999940471,5.181400000310532,5.942700000105106,0.0013999997463542,0.0409999997827981,11.151900000186288,11.192899999969086,"[[0, 0], [0, 0], [0, 0]]",6.261900000026799
376,scheduled-after-result gen=308,66,264,0.298099999781698,1.2292999999772292,14.698799999678158,13.469499999700927,0.0089999998635903,10.81760025024414,"[[0, 0], [0, 0], [0, 0]]",0.0216999997064704,0.0224000000343949,0.0173999997059581,5.111999999826367,1.8518000001677135,3.4092999999302265,4.886599999736063,5.619999999908032,0.001200000042445,0.0380999999833875,10.817599999882075,10.855699999865465,"[[0, 0], [0, 0], [0, 0]]",3.8430999998126936
377,scheduled-after-result gen=309,66,264,0.2716000003601948,1.2770999996973842,11.92910000008851,10.652000000391126,0.0082999999904131,10.96500015258789,"[[0, 0], [0, 0], [0, 0]]",0.0208999999813386,0.0261000000136846,0.0187999999070598,5.182700000204932,1.7013000001497858,3.445499999997992,4.999100000077306,5.692500000350265,0.0011000001904903,0.0396000000364438,10.964999999941938,11.004599999978382,"[[0, 0], [0, 0], [0, 0]]",0.9245000001101289
378,scheduled-after-result gen=310,66,264,0.2783999998428044,1.210200000059558,13.668399999914982,12.458199999855424,0.0082000001384585,10.602999687194824,"[[0, 0], [0, 0], [0, 0]]",0.0200999998014594,0.0202999999601161,0.0196000000869389,5.279200000131823,1.5922000002319692,3.100200000062614,4.533900000296853,5.240100000264647,0.001099999735743,0.040000000353757,10.602999999719032,10.643000000072789,"[[0, 0], [0, 0], [0, 0]]",3.025399999842193
379,scheduled-after-result gen=311,66,264,0.2747999997154693,2.7758000001085747,13.549799999964309,10.773999999855732,0.0089999998635903,11.149100303649902,"[[0, 0], [0, 0], [0, 0]]",0.0218000000131723,0.020699999822682,0.0184999998964485,5.371799999920768,1.627300000109244,3.2546000002184883,4.974599999968632,5.692499999895517,0.0011000001904903,0.0596999998379033,11.149100000238832,11.208800000076735,"[[0, 0], [0, 0], [0, 0]]",2.3409999998875737
380,scheduled-after-result gen=312,66,264,0.2679999997781124,4.2450999999346095,12.871699999777777,8.626599999843165,0.0097999995887221,10.638699531555176,"[[0, 0], [0, 0], [0, 0]]",0.0219000003198743,0.0255999998444167,0.020400000266818,5.261300000256597,1.5779999998812857,3.1209999997372506,4.5950999997330655,5.285299999741255,0.001200000042445,0.0417999999626772,10.638700000072276,10.680500000034954,"[[0, 0], [0, 0], [0, 0]]",2.191199999742823
381,scheduled-after-result gen=313,66,264,0.2757000002020504,4.162500000347791,15.039100000194594,10.876599999846803,0.0086000000010244,10.20009994506836,"[[0, 0], [0, 0], [0, 0]]",0.0215999998545157,0.0176000003193621,0.019200000224373,4.809700000350858,1.5638999998373038,3.0013000000508328,4.596799999944778,5.308499999955529,0.0011000001904903,0.039900000047055,10.20010000002003,10.240000000067084,"[[0, 0], [0, 0], [0, 0]]",4.79910000012751
382,scheduled-after-result gen=314,66,264,0.2859999999600404,1.232600000093953,19.12640000000465,17.893799999910698,0.0288000001091859,10.427499771118164,"[[0, 0], [0, 0], [0, 0]]",0.0208000001293839,0.0230000000556174,0.0190000000657164,4.88199999972494,1.5558000000055472,3.196099999968282,4.755999999815685,5.458600000110891,0.001099999735743,0.0506000001223583,10.42749999987791,10.478100000000268,"[[0, 0], [0, 0], [0, 0]]",8.648300000004383
383,scheduled-after-result gen=315,66,264,0.2583000000413449,2.765000000181317,12.93970000006084,10.174699999879522,0.0098999998954241,10.082599639892578,"[[0, 0], [0, 0], [0, 0]]",0.0213999996958591,0.0253999996857601,0.0202000001081614,4.626000000371278,1.535500000045431,3.0017999997653533,4.654500000015105,5.365399999845977,0.0011999995876976,0.050300000111747,10.082599999805096,10.132899999916845,"[[0, 0], [0, 0], [0, 0]]",2.806800000143996
384,scheduled-after-result gen=316,66,264,0.266999999894324,0.0494999999318679,17.219199999999546,17.169700000067678,0.0104999999166466,10.69130039215088,"[[0, 0], [0, 0], [0, 0]]",0.0210999996852478,0.0258000000030733,0.0203999998120707,4.704899999978807,1.6001999997570238,3.1493999999838707,4.802299999937532,5.877000000054977,0.0016999997569655,0.0635999999758496,10.691299999962212,10.75489999993806,"[[0, 0], [0, 0], [0, 0]]",6.4643000000614865
385,scheduled-after-result gen=317,66,264,0.3569000000425149,1.155099999778031,12.339800000063406,11.184700000285376,0.0100000002021261,10.681500434875488,"[[0, 0], [0, 0], [0, 0]]",0.0205999999707273,0.0235000002248852,0.0208999999813386,4.708400000254187,1.5217000000120606,3.1017000001156703,5.162999999811291,5.883400000129768,0.001200000042445,0.0405000000682775,10.681499999918742,10.72199999998702,"[[0, 0], [0, 0], [0, 0]]",1.617800000076386
386,scheduled-after-result gen=318,66,264,0.2715000000534928,0.7470999998986372,11.388399999759711,10.641299999861076,0.0084000002971151,10.835000038146973,"[[0, 0], [0, 0], [0, 0]]",0.0215000000025611,0.027099999897473,0.0215000000025611,4.8146999997698,1.6905999996197352,3.4861999997701787,5.215999999563792,5.925899999965623,0.001099999735743,0.0417999999626772,10.835000000042784,10.87680000000546,"[[0, 0], [0, 0], [0, 0]]",0.5115999997542513
387,scheduled-after-result gen=319,66,264,0.2658000003066263,5.797700000130135,11.896299999989424,6.098599999859289,0.0089999998635903,11.370400428771973,"[[0, 0], [0, 0], [0, 0]]",0.0211000001399952,0.0236000000768399,0.0196999999388935,5.3572000001622655,1.8374999999650756,3.555599999799597,5.2001999997628445,5.921800000123767,0.001200000042445,0.0384999998459534,11.370400000032532,11.408899999878486,"[[0, 0], [0, 0], [0, 0]]",0.487400000110938
388,scheduled-after-result gen=320,66,264,0.2736000001277716,0.737300000309915,14.74320000033913,14.005900000029214,0.0091000001702923,11.57009983062744,"[[0, 0], [0, 0], [0, 0]]",0.0194999997802369,0.0198000002455955,0.0201000002562068,5.683400000179972,1.8039000001408567,3.5649999999805004,5.098300000099698,5.803300000025047,0.001200000042445,0.0417000001107226,11.570099999971715,11.61180000008244,"[[0, 0], [0, 0], [0, 0]]",3.13140000025669
389,scheduled-after-result gen=321,66,264,0.2666999998837127,0.0512999999955354,13.144999999894935,13.0936999998994,0.0079999999798019,11.319600105285645,"[[0, 0], [0, 0], [0, 0]]",0.0208000001293839,0.0266000001829525,0.0212999998439045,5.491699999765842,1.7468000000917527,3.482200000235025,5.030600000281993,5.735500000355387,0.0012999998943996,0.042599999687809,11.319600000206265,11.362199999894074,"[[0, 0], [0, 0], [0, 0]]",1.7828000000008615
390,scheduled-after-result gen=322,66,264,0.2849999996215047,1.218599999901926,24.646299999858456,23.42769999995653,0.0161000002663058,22.605899810791016,"[[0, 0], [0, 0], [0, 0]]",0.0245000001086737,0.0242000000980624,0.0196000000869389,11.60710000021936,3.524100000049657,6.598099999791884,9.62100000015198,10.879800000111572,0.0019999997675768,0.0764999999773863,22.60590000014417,22.68240000012156,"[[0, 0], [0, 0], [0, 0]]",1.9638999997368956
391,scheduled-after-result gen=323,66,264,0.4829000004065165,0.9491000000707572,23.91910000005737,22.96999999998661,0.0141000000439817,22.46980094909668,"[[0, 0], [0, 0], [0, 0]]",0.0325999999404302,0.0430999998570769,0.0303000001622422,11.545200000000476,3.5045999998146726,6.560599999829719,9.464700000080484,10.763799999949695,0.0018000000636675,0.0756999997975071,22.46980000018084,22.545499999978347,"[[0, 0], [0, 0], [0, 0]]",1.3736000000790227
392,scheduled-after-result gen=324,66,264,0.4568999997900391,1.086100000065926,23.497300000144605,22.41120000007868,0.0104000000646919,21.33650016784668,"[[0, 0], [0, 0], [0, 0]]",0.0334000001203094,0.0391999997191305,0.0283999997918726,11.340800000198216,3.120200000012119,5.92640000013489,8.638400000108959,9.84310000012556,0.0018000000636675,0.0804000001153326,21.336499999961237,21.416900000076566,"[[0, 0], [0, 0], [0, 0]]",2.080400000068039
393,scheduled-after-result gen=325,66,264,0.4954000000907399,0.9882000003926804,21.398900000349386,20.410699999956705,0.0138000000333704,20.774799346923828,"[[0, 0], [0, 0], [0, 0]]",0.0328999999510415,0.0382000002900895,0.0307000000248081,10.354000000006636,3.2070000002022425,6.054299999959767,8.949800000209507,10.263099999974656,0.0021999999262334,0.0733000001673644,20.774799999799143,20.848099999966507,"[[0, 0], [0, 0], [0, 0]]",0.5508000003828784
394,scheduled-after-result gen=326,66,264,0.2944999996543629,0.0532999997631122,22.765899999740213,22.7125999999771,0.0105000003713939,19.730100631713867,"[[0, 0], [0, 0], [0, 0]]",0.0301999998555402,0.0360999997610633,0.0276999999186955,9.544499999719848,2.975599999899714,5.828800000017509,8.8383000002068,10.056399999939458,0.0012999998943996,0.0435000001743901,19.730099999833328,19.77360000000772,"[[0, 0], [0, 0], [0, 0]]",2.992299999732495
395,scheduled-after-result gen=327,66,264,0.450999999884516,0.085399999989022,23.006100000202423,22.9207000002134,0.011600000107137,19.565000534057617,"[[0, 0], [0, 0], [0, 0]]",0.0332999998136074,0.0330999996549508,0.0280000003840541,9.433899999748974,2.9085000001032317,5.685499999799504,8.765699999912613,9.989600000153589,0.0017999996089201,0.0802999998086306,19.565000000056894,19.64529999986553,"[[0, 0], [0, 0], [0, 0]]",3.3608000003368943
396,scheduled-after-result gen=328,66,264,0.2706999998736137,1.248200000190991,17.483200000242505,16.235000000051514,0.0436000000263447,10.07009983062744,"[[0, 0], [0, 0], [0, 0]]",0.0211999999919498,0.0258000000030733,0.019099999917671,4.485399999794026,1.5309000000343076,3.1450999999833584,4.787899999882939,5.494399999861344,0.001200000042445,0.0399999998990097,10.070100000120874,10.110100000019884,"[[0, 0], [0, 0], [0, 0]]",7.373100000222621
397,scheduled-after-result gen=329,66,264,0.272300000233372,1.2460999996619648,10.047999999642345,8.801899999980378,0.0093000003289489,9.752599716186523,"[[0, 0], [0, 0], [0, 0]]",0.021899999865127,0.0171000001500942,0.0190000000657164,4.50749999981781,1.4581999998881656,2.9392000001280394,4.460499999822787,5.164400000012392,0.0011000001904903,0.0402000000576663,9.752599999956146,9.792800000013813,"[[0, 0], [0, 0], [0, 0]]",0.2551999996285321
398,scheduled-after-result gen=330,66,264,0.4801999998562678,1.0060999998131592,15.357599999788365,14.351499999975204,0.008699999852979,13.961899757385254,"[[0, 0], [0, 0], [0, 0]]",0.0219000003198743,0.0251999999818508,0.0198000002455955,4.891499999757798,1.8857999998544983,4.978200000095967,8.029500000247936,8.975900000223191,0.0014000002011016,0.0537000000804255,13.961900000140304,14.01560000022073,"[[0, 0], [0, 0], [0, 0]]",1.3419999995676353
399,scheduled-after-result gen=331,66,264,0.2827000002980639,1.2864999998782878,19.06349999990198,17.77700000002369,0.008699999852979,16.73699951171875,"[[0, 0], [0, 0], [0, 0]]",0.02840000024662,0.0279999999293067,0.0193999999282823,8.837500000026921,3.0987999998615123,5.483299999923474,7.080899999891699,7.795999999871128,0.001200000042445,0.0397000003431458,16.736999999920954,16.7767000002641,"[[0, 0], [0, 0], [0, 0]]",2.2867999996378785
400,scheduled-after-result gen=332,66,264,0.2652000002854038,5.961700000170822,18.078800000239426,12.117100000068604,0.0095999998848128,16.97369956970215,"[[0, 0], [0, 0], [0, 0]]",0.0239999999394058,0.0568000000384927,0.0279999999293067,6.948300000203744,3.217200000108278,6.102499999997235,8.958399999755784,9.8838999997497,0.0015000000530562,0.0463000001218461,16.973700000107783,17.02000000022963,"[[0, 0], [0, 0], [0, 0]]",1.0588000000097963
401,scheduled-after-result gen=333,66,264,0.3242999996473372,1.1252999997850566,12.868499999967751,11.743200000182696,0.0080999998317565,10.913000106811523,"[[0, 0], [0, 0], [0, 0]]",0.023099999907572,0.0228999997489154,0.0187000000551051,5.478600000060396,1.607400000011694,3.102600000147504,4.639499999939289,5.344799999875249,0.001200000042445,0.0436000000263447,10.913000000073223,10.95660000009957,"[[0, 0], [0, 0], [0, 0]]",1.9118999998681812
402,scheduled-after-result gen=334,66,264,0.2729999996518018,0.0562000000172702,28.79630000006728,28.74010000005001,0.0129000000015366,20.65880012512207,"[[0, 0], [0, 0], [0, 0]]",0.0334000001203094,0.0405000000682775,0.0315000002046872,10.353699999996024,3.1575000002703746,6.085200000143232,8.914099999856262,10.148299999855226,0.0018000000636675,0.0728999998500512,20.65880000009201,20.731699999942062,"[[0, 0], [0, 0], [0, 0]]",8.064600000125218
403,scheduled-after-result gen=335,66,264,0.4864000002271496,0.5299000004015397,23.318100000324197,22.788199999922654,0.0119999999697029,20.117799758911133,"[[0, 0], [0, 0], [0, 0]]",0.0312000001940759,0.0611000000390049,0.0286999998024839,9.661900000082824,3.106600000137405,6.122500000401487,9.038700000019162,10.285800000019664,0.0018000000636675,0.0734000000193191,20.117800000207357,20.191200000226672,"[[0, 0], [0, 0], [0, 0]]",3.1269000000975247
404,scheduled-after-result gen=336,66,264,0.4957000001013512,1.1328999999022926,22.910899999715184,21.77799999981289,0.0095999998848128,19.92639923095703,"[[0, 0], [0, 0], [0, 0]]",0.032199999623117,0.0319999999192077,0.0304999998661514,9.653999999954976,2.961799999866344,5.824599999868951,8.869399999639427,10.12700000001132,0.0021999999262334,0.0669000000925734,19.926399999803834,19.993299999896408,"[[0, 0], [0, 0], [0, 0]]",2.9175999998187763
405,scheduled-after-result gen=337,66,264,0.2819999999701394,2.884999999878346,11.516199999732637,8.631199999854289,0.0090000003183376,10.55869960784912,"[[0, 0], [0, 0], [0, 0]]",0.0215000000025611,0.0203999998120707,0.0199000000975502,5.055699999957142,1.562700000249606,3.23240000034275,4.669400000238966,5.416400000285648,0.001200000042445,0.0436999998782994,10.55869999981951,10.602399999697807,"[[0, 0], [0, 0], [0, 0]]",0.9138000000348292
406,scheduled-after-result gen=338,66,264,0.4566000002341752,1.0546999997131934,23.395700000037323,22.34100000032413,0.0200999998014594,20.17989921569824,"[[0, 0], [0, 0], [0, 0]]",0.0313999998979852,0.0396000000364438,0.0308999997287173,9.628000000247994,3.155300000344141,6.1565999999402266,9.101200000259269,10.392500000307336,0.0023000002329354,0.1035999998748593,20.179900000130147,20.28350000000501,"[[0, 0], [0, 0], [0, 0]]",3.1122000000323133
407,scheduled-after-result gen=339,66,264,0.4957000001013512,1.0565000002316085,20.76729999998861,19.710799999757,0.0097999995887221,20.01619911193848,"[[0, 0], [0, 0], [0, 0]]",0.0341999998454412,0.033499999972264,0.0297000001410197,9.836899999754678,3.091200000199024,5.985400000099617,8.816200000183017,10.03149999996822,0.0018000000636675,0.0772999997025181,20.01620000010007,20.09349999980259,"[[0, 0], [0, 0], [0, 0]]",0.67380000018602
408,scheduled-after-result gen=340,66,264,0.3016000000570784,1.1829000000034284,19.43229999960749,18.249399999604066,0.0079000001278473,18.74370002746582,"[[0, 0], [0, 0], [0, 0]]",0.020699999822682,0.0297000001410197,0.0291000001197971,9.53750000007858,2.9235000001790468,5.690800000138552,8.38160000012067,9.094099999856551,0.0015000000530562,0.0411000000895001,18.743699999959063,18.784800000048563,"[[0, 0], [0, 0], [0, 0]]",0.6474999995589279
409,scheduled-after-result gen=341,66,264,0.2770999999484047,2.7112000002489367,11.866199999985838,9.1549999997369,0.0082999999904131,10.830599784851074,"[[0, 0], [0, 0], [0, 0]]",0.0224999998863495,0.027200000204175,0.0205000001187727,5.652999999711028,1.5656999999009713,2.9927000000498083,4.372399999738263,5.080399999769725,0.0011000001904903,0.0417000001107226,10.830599999735568,10.872299999846293,"[[0, 0], [0, 0], [0, 0]]",0.9939000001395453
410,scheduled-after-result gen=342,66,264,0.2813000000969623,2.718499999900814,10.014999999839349,7.296499999938533,0.0081999996837112,9.702099800109863,"[[0, 0], [0, 0], [0, 0]]",0.0205000001187727,0.0158999996529018,0.019200000224373,4.4132000002719,1.472299999932147,3.0050000000301225,4.500200000165933,5.210199999964971,0.001099999735743,0.0398000001951004,9.70210000014049,9.74190000033559,"[[0, 0], [0, 0], [0, 0]]",0.2730999995037582
411,scheduled-after-result gen=343,66,264,0.258999999914522,4.342700000051991,10.49719999991794,6.154499999865948,0.0087999997049337,9.784000396728516,"[[0, 0], [0, 0], [0, 0]]",0.0231000003623194,0.024299999950017,0.0189000002137618,4.765300000144634,1.481700000113051,2.858000000287575,4.2256000001543725,4.928599999857397,0.001200000042445,0.0399999998990097,9.78400000030888,9.824000000207889,"[[0, 0], [0, 0], [0, 0]]",0.673199999710052
412,scheduled-after-result gen=344,66,264,0.2765999997791368,0.051500000154192,20.714899999802583,20.66339999964839,0.0141000000439817,19.647899627685547,"[[0, 0], [0, 0], [0, 0]]",0.0217000001612177,0.0242000000980624,0.0280999997812614,9.872600000107925,2.885299999888957,5.590400000073714,8.399000000281376,9.647599999880184,0.0019000003703695,0.0798000000941101,19.647900000109075,19.727700000203185,"[[0, 0], [0, 0], [0, 0]]",0.9871999995993974
413,scheduled-after-result gen=345,66,264,0.4841999998461688,2.629999999953725,25.409200000012788,22.779200000059063,0.0158999996529018,18.968299865722656,"[[0, 0], [0, 0], [0, 0]]",0.0308999997287173,0.1041000000441272,0.029399999675661,9.112799999911658,2.972999999656168,5.688799999916228,8.427399999618501,9.637999999995372,0.0018000000636675,0.0746000000617641,18.968299999869487,19.04289999993125,"[[0, 0], [0, 0], [0, 0]]",6.366300000081537
414,scheduled-after-result gen=346,66,264,0.2987000002576678,0.0754999996388505,22.564500000044063,22.489000000405213,0.0156999999489926,19.5093994140625,"[[0, 0], [0, 0], [0, 0]]",0.0331000001096981,0.0328999999510415,0.0211999999919498,9.287400000175694,2.9162999999243766,5.817599999772938,8.780000000115251,10.10069999983898,0.0017000002117129,0.076199999966775,19.50940000006085,19.585600000027625,"[[0, 0], [0, 0], [0, 0]]",2.978900000016438
415,scheduled-after-result gen=347,66,264,0.4829999998037237,2.472800000305142,24.7653999999784,22.292599999673257,0.0101999999060353,20.10020065307617,"[[0, 0], [0, 0], [0, 0]]",0.0312000001940759,0.0356000000465428,0.032299999929819,9.63320000028034,2.965399999993678,5.817899999783549,9.054399999968156,10.306600000149048,0.0019999997675768,0.0684000001456297,20.10019999988799,20.16860000003362,"[[0, 0], [0, 0], [0, 0]]",4.596799999944778
416,scheduled-after-result gen=348,66,264,0.2951000001303328,0.0566000003345834,20.4623000004176,20.405700000083016,0.0100000002021261,19.65559959411621,"[[0, 0], [0, 0], [0, 0]]",0.0325000000884756,0.0970999999481136,0.0286999998024839,9.131100000104198,2.8204999998706626,5.927599999722588,9.085099999992964,10.3132999997797,0.0018000000636675,0.0762999998187297,19.655600000078262,19.731899999897,"[[0, 0], [0, 0], [0, 0]]",0.7304000005206
417,scheduled-after-result gen=349,66,264,0.2672000000529806,1.2311000000408967,22.58189999975002,21.350799999709125,0.0085000001490698,14.95930004119873,"[[0, 1], [0, 1], [0, 1]]",0.0205999999707273,0.0243999998019717,0.0196000000869389,5.253799999991315,2.5734999999258434,5.768699999862292,8.816899999601446,9.595900000022084,0.0018000000636675,0.0663000000713509,14.959299999645737,15.025599999717087,"[[0, 1], [0, 1], [0, 1]]",7.556300000032934
418,scheduled-after-result gen=350,66,264,0.2761999999165709,0.0497000000905245,13.896999999815309,13.847299999724784,0.0094000001809035,9.831600189208984,"[[0, 1], [0, 1], [0, 1]]",0.0208999999813386,0.0325999999404302,0.0191000003724184,4.897300000266114,1.5063000000736793,2.9862999999750173,4.391500000110682,4.836699999941629,0.001200000042445,0.0411000000895001,9.831599999870376,9.872699999959876,"[[0, 1], [0, 1], [0, 1]]",4.024299999855433
419,scheduled-after-result gen=351,66,264,0.4374999998617568,1.5928000002531917,15.219500000057453,13.62669999980426,0.0087999997049337,13.056699752807615,"[[0, 1], [0, 1], [0, 1]]",0.0228999997489154,0.0236999999287945,0.019099999917671,8.059700000103476,1.552800000354182,3.0365000002348097,4.452800000308343,4.905500000404572,0.0010000003385357,0.0466999999844119,13.056699999651755,13.103399999636167,"[[0, 1], [0, 1], [0, 1]]",2.1161000004212855
420,scheduled-after-result gen=352,66,264,0.466599999981554,0.9663999999247608,21.86879999999292,20.902400000068155,0.0150999999277701,20.01259994506836,"[[0, 1], [0, 1], [0, 1]]",0.0320999997711624,0.1637000000300759,0.0304000000141968,9.90849999971033,3.1855000001996814,6.088399999953253,9.014100000058534,9.823700000197276,0.0017000002117129,0.0783999998930085,20.012599999972736,20.090999999865744,"[[0, 1], [0, 1], [0, 1]]",1.7778000001271757
421,scheduled-after-result gen=353,66,264,0.5067000001872657,1.0060999998131592,20.42309999978897,19.41699999997581,0.0147000000652042,18.77109909057617,"[[0, 1], [0, 1], [0, 1]]",0.0224000000343949,0.0321000002259097,0.0285000000985746,9.391000000050552,2.9596999997920648,5.686200000127428,8.410399999775109,9.23819999979969,0.0017000002117129,0.0817999998616869,18.77110000032189,18.85290000018358,"[[0, 1], [0, 1], [0, 1]]",1.5701999996053893
422,scheduled-after-result gen=354,66,264,0.472899999749643,2.547100000356295,20.79400000002352,18.24689999966722,0.0184000000444939,18.868600845336918,"[[0, 1], [0, 1], [0, 1]]",0.025899999855028,0.0542999996469006,0.0272999996013822,9.24799999984316,2.942499999790016,5.768399999851681,8.596699999998236,9.45289999981469,0.0020000002223241,0.0886999996509985,18.868600000132574,18.95729999978357,"[[0, 1], [0, 1], [0, 1]]",1.8367000002399507
423,scheduled-after-result gen=355,66,264,0.2604999999675783,0.0579000002289831,19.99340000020311,19.935499999974127,0.0092000000222469,16.32349967956543,"[[0, 1], [0, 1], [0, 1]]",0.029399999675661,0.1156999996965169,0.0261000000136846,6.451100000049337,2.966000000014901,6.129200000032142,8.843099999921833,9.652700000060577,0.0018000000636675,0.0677999996696598,16.323499999998603,16.391299999668263,"[[0, 1], [0, 1], [0, 1]]",3.602100000534847
424,scheduled-after-result gen=356,66,264,0.4721000000245112,0.0743000000511528,21.939000000202213,21.86470000015106,0.0545000002603046,19.37380027770996,"[[0, 1], [0, 1], [0, 1]]",0.0325000000884756,0.1686000000518106,0.0263000001723412,9.510299999874404,2.9289999997672567,5.942399999639747,8.631400000012945,9.583000000020547,0.0018000000636675,0.0658999997540377,19.373800000266783,19.43970000002082,"[[0, 1], [0, 1], [0, 1]]",2.4993000001813925
425,scheduled-after-result gen=357,66,264,0.2879999997276172,0.0540000000910367,18.44940000000861,18.39539999991757,0.0103000002127373,17.622800827026367,"[[0, 0], [0, 1], [0, 1]]",0.0324999996337282,0.0318000002152984,0.0205999999707273,8.127999999942404,2.8949999996257247,5.583299999670999,8.183199999621138,9.35540000000401,0.0021000000742787,0.0698000003467314,17.622799999571725,17.692599999918457,"[[0, 0], [0, 1], [0, 1]]",0.756800000090152
426,scheduled-after-result gen=358,66,264,0.4595999998855404,0.1171999997495731,18.65439999983209,18.53720000008252,0.0103999996099446,15.415800094604492,"[[0, 0], [0, 1], [0, 1]]",0.0236000000768399,0.0316999999085965,0.0305000003208988,8.97259999965172,2.8934999995726685,4.289299999982177,5.708599999707076,6.324699999822769,0.0009999998837884,0.0438000001850014,15.415800000027955,15.45960000021296,"[[0, 0], [0, 1], [0, 1]]",3.1947999996191303
427,scheduled-after-result gen=359,66,264,0.2757000002020504,1.264900000023772,22.04910000000382,20.784199999980046,0.0094999995781108,17.564899444580078,"[[0, 1], [0, 1], [0, 1]]",0.0305999997181061,0.034700000014709,0.0219000003198743,8.458000000246102,3.005900000061956,5.727500000375585,8.405100000345556,8.987300000171672,0.001200000042445,0.0405999999202322,17.56489999979749,17.605499999717722,"[[0, 1], [0, 1], [0, 1]]",4.4436000002860965
428,scheduled-after-result gen=360,66,264,0.2703000000110478,1.1999999996987754,10.301099999651342,9.101099999952568,0.0121000002764048,9.657899856567385,"[[0, 1], [0, 1], [0, 1]]",0.0214000001506065,0.0262000003203866,0.0198000002455955,4.458200000044599,1.4575000000149885,2.8735999999298656,4.590800000187301,5.107299999963288,0.0012999998943996,0.0418999998146318,9.657900000092924,9.699799999907556,"[[0, 1], [0, 1], [0, 1]]",0.6012999997437856
429,scheduled-after-result gen=361,66,264,0.2902999999605526,0.0612999997429142,20.60200000005352,20.540700000310608,0.0108000003820052,18.38599967956543,"[[0, 1], [0, 1], [0, 1]]",0.0304999998661514,0.0747000003684661,0.0301999998555402,9.00229999979274,2.8122000003349967,5.517800000234274,8.308100000249397,9.194600000228093,0.0018999999156221,0.070999999934429,18.386000000191416,18.457000000125845,"[[0, 1], [0, 1], [0, 1]]",2.1449999999276734
430,scheduled-after-result gen=362,66,264,0.2807999999276944,1.1850000000777072,26.1329999998452,24.94799999976749,0.0104999999166466,18.971900939941406,"[[0, 1], [0, 1], [0, 1]]",0.0231000003623194,0.0355999995917954,0.0287999996544385,8.994100000109029,3.175300000293646,5.93860000026325,8.981299999959447,9.827900000345837,0.0018000000636675,0.0628999996479251,18.97190000045157,19.03480000009949,"[[0, 1], [0, 1], [0, 1]]",7.0981999997457095
431,scheduled-after-result gen=363,66,264,0.2700000000004365,2.7658999997584037,11.496599999645696,8.730699999887293,0.0091000001702923,9.298999786376951,"[[0, 1], [0, 1], [0, 1]]",0.0227000000450061,0.0251999999818508,0.0205999999707273,4.418900000018766,1.395100000081584,2.8420999997251783,4.32539999974324,4.786800000147196,0.001300000349147,0.0412999997934093,9.298999999828084,9.340299999621491,"[[0, 1], [0, 1], [0, 1]]",2.1563000000242045
432,scheduled-after-result gen=364,66,264,0.2690999999686028,1.3227999997980078,14.672499999960564,13.349700000162557,0.0103999996099446,9.399800300598145,"[[0, 1], [0, 1], [0, 1]]",0.0214000001506065,0.0141999998959363,0.0199999999495048,4.628200000297511,1.4221999999790569,2.7863000000252214,4.148200000145152,4.692100000283972,0.001200000042445,0.0409999997827981,9.399800000210234,9.440799999993033,"[[0, 1], [0, 1], [0, 1]]",5.231699999967532
433,scheduled-after-result gen=365,66,264,0.2775000002657179,1.2304000001677196,13.44680000011067,12.21639999994295,0.0161999996635131,9.56130027770996,"[[0, 1], [0, 1], [0, 1]]",0.0229000002036627,0.0251000001298962,0.019099999917671,4.731900000024325,1.4517999998133746,2.8179000000818637,4.201899999770831,4.736699999739358,0.001200000042445,0.0449000003754918,9.56129999985933,9.60620000023482,"[[0, 1], [0, 1], [0, 1]]",3.8405999998758507
434,scheduled-after-result gen=366,66,264,0.2712999998948362,10.366500000145606,11.966099999881408,1.5995999997358012,0.0082000001384585,10.638099670410156,"[[0, 1], [0, 1], [0, 1]]",0.0202999999601161,0.0249999998231942,0.0175000000126601,4.997500000172295,1.6049000000748492,3.537300000061805,4.975600000307168,5.550500000026659,0.0013999997463542,0.0420999999732885,10.638100000051054,10.680200000024342,"[[0, 1], [0, 1], [0, 1]]",1.2858999998570653
435,scheduled-after-result gen=367,66,264,0.2764000000752276,0.735999999960768,14.491999999791004,13.755999999830236,0.0090999997155449,14.259300231933594,"[[0, 1], [0, 1], [0, 1]]",0.0229000002036627,0.2523000002838671,0.0284999996438273,8.077899999989313,1.622100000076898,3.113599999778671,4.928699999709352,5.82910000002812,0.0018000000636675,0.0744999997550621,14.259300000048825,14.333799999803889,"[[0, 1], [0, 1], [0, 1]]",0.1581999999871151
436,scheduled-after-result gen=368,66,264,0.2845999997589388,0.0614000000496162,11.466500000096858,11.40510000004724,0.0094000001809035,10.327199935913086,"[[0, 1], [0, 1], [0, 1]]",0.0241000002461078,0.0267999998868617,0.0221000000237836,4.455399999642395,2.371000000039203,3.7981000000399945,5.190400000174122,5.772299999989627,0.001300000349147,0.0427999998464656,10.327200000119774,10.36999999996624,"[[0, 1], [0, 1], [0, 1]]",1.096500000130618
437,scheduled-after-result gen=369,66,264,0.2895999996326281,2.2859999999127467,19.99519999981203,17.709199999899283,0.0101000000540807,18.861900329589844,"[[0, 1], [0, 1], [0, 1]]",0.0231999997595266,0.1135999996222381,0.029499999982363,9.650999999848864,2.874100000099133,5.610199999864562,8.16530000020066,8.991100000002916,0.0018999999156221,0.0664999997752602,18.86190000004717,18.92839999982243,"[[0, 1], [0, 1], [0, 1]]",1.0667999999895983
438,scheduled-after-result gen=370,66,264,0.4825999999411579,2.114299999902869,21.921500000189557,19.807200000286684,0.0411000000895001,17.927400588989258,"[[0, 1], [0, 1], [0, 1]]",0.0328999999510415,0.0408999999308434,0.0304000000141968,8.612199999788572,2.7899000001525565,5.479200000081619,8.307600000080129,9.155900000223482,0.0018000000636675,0.0651999998808605,17.927399999734916,17.992599999615777,"[[0, 1], [0, 1], [0, 1]]",3.9289000005737797
439,scheduled-after-result gen=371,66,264,0.2804999999170832,2.632699999594479,20.98679999971864,18.354100000124163,0.0453999996352649,17.9424991607666,"[[0, 1], [0, 1], [0, 1]]",0.0457999999525782,0.0430999998570769,0.0205999999707273,8.17830000005415,3.0083000001468463,5.747400000018388,8.736700000099518,9.599400000297464,0.0020000002223241,0.0688000000081956,17.942499999662687,18.011299999670882,"[[0, 1], [0, 1], [0, 1]]",2.9755000000477594
440,scheduled-after-result gen=372,66,264,0.2622000001792912,0.0546999999642139,19.472899999982477,19.41820000001826,0.0095000000328582,19.00489997863769,"[[0, 0], [0, 0], [0, 0]]",0.0301000000035855,0.1302000000578118,0.0288000001091859,8.869699999650038,2.9555000000982545,5.768500000158383,8.730399999876681,9.896200000184765,0.0016000003597582,0.076199999966775,19.004899999799814,19.081099999766597,"[[0, 0], [0, 0], [0, 0]]",0.3918000002158806
441,scheduled-after-result gen=373,66,264,0.4595000000335858,0.5283000000417815,14.232600000013916,13.704299999972136,0.0104999999166466,12.223299980163574,"[[0, 0], [0, 0], [0, 1]]",0.0294000001304084,0.1939999997375707,0.0265000003309978,6.471000000146887,1.5174000000115484,3.031100000043807,4.600900000241381,5.473000000165484,0.001200000042445,0.0577999999222811,12.22330000018701,12.28110000010929,"[[0, 0], [0, 0], [0, 1]]",1.951499999904625
442,scheduled-after-result gen=374,66,264,0.2905999999711639,0.0857999998515879,21.54030000019702,21.454500000345437,0.0121000002764048,15.79170036315918,"[[0, 0], [0, 0], [0, 0]]",0.023099999907572,0.024400000256719,0.0196999999388935,5.235800000264135,3.1132000003708526,6.12120000005234,9.140999999999622,10.43470000013258,0.0019000003703695,0.0689999997121049,15.791700000136188,15.860699999848292,"[[0, 0], [0, 0], [0, 0]]",5.67960000034873
443,scheduled-after-result gen=375,66,264,0.4699999999502324,0.0758000001042091,21.42069999990781,21.3448999998036,0.0168999999914376,19.95680046081543,"[[0, 0], [0, 0], [0, 0]]",0.0251999999818508,0.0761000001148204,0.0303000001622422,9.023600000091392,3.115800000159652,6.168800000068586,9.536900000057358,10.744199999862758,0.0020000002223241,0.0703999999132065,19.95679999981803,20.02719999973124,"[[0, 0], [0, 0], [0, 0]]",1.3935000001765694
444,scheduled-after-result gen=376,66,264,0.2892999996220169,1.1790999997174367,15.906399999948915,14.72730000023148,0.0132000000121479,13.615099906921388,"[[0, 0], [0, 0], [0, 0]]",0.0237999997807492,0.0261000000136846,0.0216000003092631,7.604700000229059,1.7008999998324723,3.282300000137184,4.757499999868742,5.891599999813479,0.0020000002223241,0.0700999999025953,13.615099999697122,13.685199999599718,"[[0, 0], [0, 0], [0, 0]]",2.2212000003491976
445,scheduled-after-result gen=377,66,264,0.2587999997558654,0.0512999999955354,14.450199999828328,14.398899999832793,0.0098000000434694,11.98069953918457,"[[0, 0], [0, 0], [0, 0]]",0.0314999997499398,0.0396000000364438,0.0264000000242958,6.453500000134227,1.656400000229041,3.1292000003304565,4.63579999996,5.397100000209321,0.0012999998943996,0.0417999999626772,11.980700000094656,12.022500000057336,"[[0, 0], [0, 0], [0, 0]]",2.427699999770992
446,scheduled-after-result gen=378,66,264,0.2927000000454427,0.055500000144093,20.521200000075623,20.46569999993153,0.0089999998635903,19.505199432373047,"[[0, 0], [0, 0], [0, 0]]",0.0309000001834647,0.0509999999849242,0.0282000000879634,10.32420000001366,3.122099999927741,5.038299999796436,7.78649999983827,9.014299999762445,0.0019999997675768,0.0626999999440158,19.50520000036704,19.567900000311056,"[[0, 0], [0, 0], [0, 0]]",0.9532999997645675
447,scheduled-after-result gen=379,66,264,0.2696999999898253,0.0532999997631122,14.354699999785224,14.301400000022111,0.0084999996943224,13.003600120544434,"[[0, 0], [0, 0], [0, 0]]",0.0218000000131723,0.0245000001086737,0.0181000000338826,7.260800000040035,1.8666000000848728,3.312199999982113,4.767599999922823,5.492700000104378,0.003600000127335,0.0681999999869731,13.0036000000473,13.071800000034273,"[[0, 0], [0, 0], [0, 0]]",1.282899999750951
448,scheduled-after-result gen=380,66,264,0.4463999998733925,1.0768000001917244,11.966000000029451,10.889199999837729,0.0108999997792125,10.25100040435791,"[[0, 0], [0, 0], [0, 0]]",0.0219999997170816,0.0236999999287945,0.0187999999070598,4.903799999738112,1.5635000004294852,3.0860000001666776,4.537300000265532,5.257000000256085,0.001200000042445,0.0411000000895001,10.250999999698251,10.292099999787752,"[[0, 0], [0, 0], [0, 0]]",1.6739000002416997
449,scheduled-after-result gen=381,66,264,0.27460000001156,0.0562000000172702,23.585200000070472,23.5290000000532,0.0089000000116357,19.60860061645508,"[[0, 0], [0, 0], [0, 0]]",0.0311999997393286,0.0373000002582557,0.0279999999293067,9.277000000111002,3.019000000222149,5.878100000245468,8.940400000028603,10.180799999943702,0.0021000000742787,0.0686999997014936,19.608600000083243,19.677299999784736,"[[0, 0], [0, 0], [0, 0]]",3.9079000002857356
450,scheduled-after-result gen=382,66,264,0.3219999998691492,0.7144999999582069,12.430299999778072,11.715799999819865,0.0113999999484804,10.206000328063965,"[[0, 0], [0, 0], [0, 0]]",0.0205000001187727,0.0334000001203094,0.0202000001081614,4.639199999928678,1.4765999999326596,2.8941000000486383,4.352299999936804,5.444599999918864,0.0020000002223241,0.0632000001132837,10.205999999925552,10.269200000038836,"[[0, 0], [0, 0], [0, 0]]",2.1610999997392355
451,scheduled-after-result gen=383,66,264,0.4589999998643179,0.071100000241131,18.21090000021286,18.13979999997173,0.0122999999803141,17.86829948425293,"[[0, 0], [0, 0], [0, 0]]",0.0316999999085965,0.1820999996198224,0.0261999998656392,7.258699999965756,3.127800000129355,6.026499999734369,9.068999999726657,10.315200000150073,0.0019999997675768,0.068700000156241,17.868299999918236,17.937000000074477,"[[0, 0], [0, 0], [0, 0]]",0.2739000001383829
452,scheduled-after-result gen=384,66,264,0.2865999999812629,1.224700000420853,15.937699999994948,14.712999999574096,0.0122000001283595,14.309599876403809,"[[0, 0], [0, 0], [0, 0]]",0.024299999950017,0.0253000002885528,0.0198000002455955,5.648800000017218,1.533499999823107,4.260900000190304,7.311100000151782,8.540799999991577,0.0018000000636675,0.0673999998070939,14.309600000160572,14.376999999967666,"[[0, 0], [0, 0], [0, 0]]",1.560700000027282
453,scheduled-after-result gen=385,66,264,0.4797000001417473,0.0842000004013243,25.918900000306166,25.83469999990484,0.0163999998221697,19.375200271606445,"[[0, 0], [0, 0], [0, 0]]",0.0284999996438273,0.0286000004052766,0.0199000000975502,9.158599999864236,2.941600000212929,5.9052000001429406,8.827099999962229,10.08559999991121,0.0018000000636675,0.0779999995756952,19.375200000013137,19.453199999588836,"[[0, 0], [0, 0], [0, 0]]",6.46570000071733
454,scheduled-after-result gen=386,66,264,0.3182999998898594,1.1226999999962572,11.96509999999762,10.842400000001362,0.0089999998635903,10.05459976196289,"[[0, 0], [0, 0], [0, 0]]",0.0205000001187727,0.019200000224373,0.0190000000657164,4.651499999908992,1.5753000002405315,3.06380000029094,4.591700000219134,5.320600000231934,0.0011000001904903,0.0395000001844891,10.05459999987579,10.09410000006028,"[[0, 0], [0, 0], [0, 0]]",1.8709999999373395
455,scheduled-after-result gen=387,66,264,0.2888000003622437,2.723000000059983,20.517100000233768,17.794100000173785,0.0098000000434694,20.27750015258789,"[[0, 0], [0, 0], [0, 0]]",0.0208999999813386,0.0247000002673303,0.0197999997908482,9.700300000076822,3.0579999997826235,6.086299999878975,9.2291999999361,10.458700000071984,0.0018000000636675,0.0675000001137959,20.277500000247528,20.345000000361324,"[[0, 0], [0, 0], [0, 0]]",0.17209999987244373
456,scheduled-after-result gen=388,66,264,0.2769999996417027,2.716099999815924,13.869699999759176,11.153599999943252,0.0092999998742016,12.119500160217283,"[[0, 0], [0, 0], [0, 0]]",0.0219999997170816,0.0254000001405074,0.0211999999919498,5.378900000323483,3.0385000000023865,4.464599999664642,5.915299999742274,6.643799999892508,0.001300000349147,0.0408000000788888,12.119499999698746,12.160299999777637,"[[0, 0], [0, 0], [0, 0]]",1.7093999999815388
457,scheduled-after-result gen=389,66,264,0.2766000002338842,0.0598999999965599,15.98469999998997,15.924799999993413,0.0119000001177482,15.04319953918457,"[[0, 0], [0, 0], [0, 0]]",0.0217000001612177,0.0264999998762505,0.0200999998014594,5.3725999996459,2.529699999740842,5.407399999967311,8.256099999925937,9.54860000001645,0.0021000000742787,0.0660999999126943,15.04320000003645,15.109299999949144,"[[0, 0], [0, 0], [0, 0]]",0.8754000000408269
458,scheduled-after-result gen=390,66,264,0.2752999998847372,1.201399999899877,12.935599999764236,11.73419999986436,0.0404000002163229,11.190400123596191,"[[0, 0], [0, 0], [0, 0]]",0.0225999997383041,0.1392999997733568,0.0271999997494276,5.803000000014436,1.5530000000580912,2.984900000228663,4.454400000213354,5.167100000107894,0.001200000042445,0.0408999999308434,11.19040000003224,11.231299999963085,"[[0, 0], [0, 0], [0, 0]]",1.704299999801151
459,scheduled-after-result gen=391,66,264,0.2764999999271822,1.1926000001949433,21.541399999932764,20.34879999973782,0.0114000004032277,19.5310001373291,"[[0, 0], [0, 0], [0, 0]]",0.0233000000662286,0.0335999998242186,0.0315000002046872,9.51119999990624,2.9992999998285086,5.771199999799137,8.672399999795743,9.873599999991711,0.0018000000636675,0.0680000002830638,19.53099999991537,19.59900000019843,"[[0, 0], [0, 0], [0, 0]]",1.9423999997343344
460,scheduled-after-result gen=392,66,264,0.2743999998529034,0.0517000003128487,22.065099999963422,22.013399999650574,0.0134999995680118,18.48360061645508,"[[0, 0], [0, 0], [0, 0]]",0.0317999997605511,0.0364999996236292,0.0294000001304084,8.830499999930908,2.766899999642192,5.608699999811506,8.328599999913422,9.498799999619225,0.0018999999156221,0.068599999849539,18.48359999985405,18.55219999970359,"[[0, 0], [0, 0], [0, 0]]",3.512900000259833
461,scheduled-after-result gen=393,66,264,0.2602999998089217,1.7434000001230745,21.06229999981224,19.318899999689165,0.0106000002233486,17.522499084472656,"[[0, 0], [0, 0], [0, 0]]",0.0239999999394058,0.0353000000359315,0.0297999999929743,9.433499999886408,2.8677000000243424,5.788699999811797,7.243799999741896,7.967199999711738,0.001300000349147,0.0434000003224355,17.52249999981359,17.565900000136025,"[[0, 0], [0, 0], [0, 0]]",3.496399999676214
462,scheduled-after-result gen=394,66,264,0.2915999998549523,1.2661999999181717,17.98110000027009,16.714900000351918,0.0101999999060353,16.970800399780273,"[[0, 0], [0, 0], [0, 0]]",0.023200000214274,0.0261000000136846,0.0200999998014594,6.8941999998060055,2.935299999990093,5.81579999970927,8.685399999649235,9.949999999662396,0.0018000000636675,0.0770999999986088,16.970800000308373,17.04790000030698,"[[0, 0], [0, 0], [0, 0]]",0.933199999963108
463,scheduled-after-result gen=395,66,264,0.2703999998630024,2.7678999999807274,13.03250000000844,10.264600000027713,0.0107999999272578,10.474200248718262,"[[0, 0], [0, 0], [0, 0]]",0.0221000000237836,0.0280999997812614,0.0196999999388935,4.90910000007716,1.5270000003511086,3.002800000103889,4.5162000001255365,5.443300000024465,0.0026000002435466,0.0949000000218802,10.47419999986232,10.569099999884202,"[[0, 0], [0, 0], [0, 0]]",2.4634000001242384
464,scheduled-after-result gen=396,66,264,0.2931999997599632,0.0935000002755259,28.191400000196158,28.097899999920628,0.0169999998433922,19.904199600219727,"[[0, 0], [0, 0], [0, 0]]",0.0236999999287945,0.1541999999972176,0.0291000001197971,9.113999999954103,2.8850999997303006,6.125899999915418,9.268799999972543,10.527800000090792,0.0021000000742787,0.0718000001143082,19.904199999928096,19.976000000042404,"[[0, 0], [0, 0], [0, 0]]",8.215400000153753
465,scheduled-after-result gen=397,66,264,0.2776999999696272,1.6470999999000924,20.37930000005872,18.732200000158628,0.0104999999166466,19.90019989013672,"[[0, 0], [0, 0], [0, 0]]",0.0302999997074948,0.0371999999515537,0.0306000001728534,9.475500000007742,2.977599999667291,5.902200000036828,9.006199999930686,10.267999999996391,0.00240000008489,0.0676999998177052,19.900199999938195,19.9678999997559,"[[0, 0], [0, 0], [0, 0]]",0.41140000030281954
466,scheduled-after-result gen=398,66,264,0.2596999997876992,0.0488000000586907,22.614299999986542,22.56549999992785,0.015499999790336,18.172700881958008,"[[0, 0], [0, 0], [0, 0]]",0.0328000000990869,0.0468999996883212,0.0201999996534141,8.334699999977602,3.1517999996140134,5.372499999793945,8.489699999699951,9.682799999609417,0.0021000000742787,0.0678999999763618,18.17269999992277,18.24059999989913,"[[0, 0], [0, 0], [0, 0]]",4.373700000087414
467,scheduled-after-result gen=399,66,264,0.269399999979214,0.0518000001648033,22.19920000015918,22.147399999994377,0.01029999975799,16.29159927368164,"[[0, 0], [0, 0], [0, 0]]",0.0212999998439045,0.0259999997069826,0.0393999998777871,8.931699999720877,3.065800000058516,4.742699999951583,6.512399999792251,7.24450000006982,0.0012999998943996,0.0430000000051222,16.29159999993135,16.334599999936472,"[[0, 0], [0, 0], [0, 0]]",5.864600000222708
468,scheduled-after-result gen=400,66,264,0.2746999998635147,1.7709000003378603,20.991200000025856,19.220299999687995,0.0085000001490698,19.877500534057617,"[[0, 0], [0, 0], [0, 0]]",0.0233999999181833,0.1255000001947337,0.0301000000035855,9.483599999839498,2.996600000187754,5.952200000137964,8.973900000000867,10.159200000089186,0.0018000000636675,0.0650000001769512,19.87749999989319,19.94250000007014,"[[0, 0], [0, 0], [0, 0]]",1.0486999999557156
469,scheduled-after-result gen=401,66,264,0.2875000000130967,1.1905000001206645,14.533399999891117,13.342899999770452,0.0205999999707273,12.797900199890137,"[[0, 0], [0, 0], [0, 0]]",0.0233999999181833,0.0253999996857601,0.0198999996428028,5.520599999726983,1.6078000003290072,3.8813999999547377,6.454500000018015,7.184000000052038,0.0011000001904903,0.1857000002019049,12.79789999989589,12.983600000097796,"[[0, 0], [0, 0], [0, 0]]",1.5497999997933203
470,scheduled-after-result gen=402,66,264,0.4653999999391089,0.9658999997554928,22.94279999978244,21.976900000026944,0.0115000002551823,20.14739990234375,"[[0, 0], [0, 0], [0, 0]]",0.0309000001834647,0.1222000000780099,0.02840000024662,9.442000000035478,3.119800000149553,6.178300000101444,9.17699999990873,10.462700000061886,0.0021999999262334,0.0681000001350184,20.14740000004167,20.21550000017669,"[[0, 0], [0, 0], [0, 0]]",2.7272999996057514
471,scheduled-after-result gen=403,66,264,0.2875999998650513,1.1684000000968808,25.06850000008853,23.900099999991653,0.0094000001809035,19.50550079345703,"[[0, 0], [0, 0], [0, 0]]",0.0209999998332932,0.0769000002946995,0.0273000000561296,10.44389999970008,3.1754999999975557,6.3030999999682535,8.165400000052614,8.904599999823404,0.0014999995983089,0.0500999999530904,19.505499999922904,19.555599999875994,"[[0, 0], [0, 0], [0, 0]]",5.512900000212536
472,scheduled-after-result gen=404,66,264,0.2747999997154693,1.149899999745685,19.36070000010659,18.210800000360905,0.0110999999378691,16.792600631713867,"[[0, 0], [0, 0], [0, 0]]",0.0229000002036627,0.0881000000845233,0.0279000000773521,6.329199999981938,2.67710000025545,5.715799999961746,9.081300000161718,10.270600000239938,0.0019000003703695,0.0718000001143082,16.792599999917,16.86440000003131,"[[0, 0], [0, 0], [0, 0]]",2.49630000007528
473,scheduled-after-result gen=405,66,264,0.4644999999072752,1.0495999999875494,21.83419999983016,20.78459999984261,0.0150999999277701,20.71579933166504,"[[0, 0], [0, 0], [0, 0]]",0.0317999997605511,0.0333000002683547,0.0276999999186955,10.272399999848858,3.09030000016719,5.981700000120327,9.081499999865628,10.29500000004191,0.0018999999156221,0.0755999999455525,20.715799999834417,20.79139999977997,"[[0, 0], [0, 0], [0, 0]]",1.0428000000501925
474,scheduled-after-result gen=406,66,264,0.2892000002248096,0.7654000000911765,17.00440000013259,16.239000000041415,0.0131000001601933,14.969300270080566,"[[0, 0], [0, 0], [0, 0]]",0.0236000000768399,0.0274999997600389,0.0223000001824402,5.200699999932112,1.940499999818712,5.126999999902182,8.419299999786745,9.647299999869574,0.0016999997569655,0.0686000003042863,14.969299999847864,15.037900000152147,"[[0, 0], [0, 0], [0, 0]]",1.966499999980444
475,scheduled-after-result gen=407,66,264,0.2902999999605526,1.139300000431831,11.816300000191404,10.676999999759571,0.0095999998848128,11.100199699401855,"[[0, 0], [0, 0], [0, 0]]",0.0208999999813386,0.0201000002562068,0.0202999999601161,5.270599999676051,1.6648999999233638,3.350500000124157,5.020699999931821,5.742100000134087,0.001200000042445,0.0466999999844119,11.10019999987344,11.146899999857853,"[[0, 0], [0, 0], [0, 0]]",0.6694000003335514
476,scheduled-after-result gen=408,66,264,0.4956999996466038,0.9938000002875924,21.769599999970524,20.77579999968293,0.0093000003289489,21.30719947814941,"[[0, 0], [0, 0], [0, 0]]",0.0302000003102875,0.0405000000682775,0.0310000000354193,9.909899999911431,3.455799999755982,6.768100000044797,9.99359999968874,11.238399999911053,0.0016999997569655,0.0638999999864609,21.307200000137527,21.371100000123988,"[[0, 0], [0, 0], [0, 0]]",0.3984999998465355
477,scheduled-after-result gen=409,66,264,0.2795999998852494,0.0543999999536026,20.48330000025089,20.42890000029729,0.0141000000439817,20.12700080871582,"[[0, 0], [0, 0], [0, 0]]",0.0288000001091859,0.0267999998868617,0.0205999999707273,8.929199999784032,3.3561999998710235,6.567399999767076,9.833900000103313,11.068499999964844,0.0022000003809807,0.068700000156241,20.126999999774853,20.195699999931094,"[[0, 0], [0, 0], [0, 0]]",0.28760000031979516
478,scheduled-after-result gen=410,66,264,0.2782000001388951,0.0539000002390821,24.91860000009183,24.864699999852743,0.0098999998954241,20.92480087280273,"[[0, 0], [0, 0], [0, 0]]",0.0317999997605511,0.0339999996867845,0.0291000001197971,11.131199999908858,3.524600000218925,6.8280000000413565,8.92420000036509,9.665400000358204,0.0011000001904903,0.045100000079401,20.924799999647803,20.969899999727204,"[[0, 0], [0, 0], [0, 0]]",3.9487000003646244
479,scheduled-after-result gen=411,66,264,0.2810999999383057,1.1746000000130152,19.56689999997252,18.392299999959505,0.0164000002769171,19.29800033569336,"[[0, 0], [0, 0], [0, 0]]",0.0214000001506065,0.0254999999924621,0.0199000000975502,7.96970000010333,3.374800000074174,6.642899999860674,9.937400000126216,11.206799999854413,0.0020000002223241,0.0988000001598266,19.29800000016257,19.3968000003224,"[[0, 0], [0, 0], [0, 0]]",0.17009999965011957
480,scheduled-after-result gen=412,66,264,0.4615999996531172,2.607500000067376,23.983400000361144,21.37590000029377,0.0084000002971151,22.521299362182617,"[[0, 0], [0, 0], [0, 0]]",0.033499999972264,0.039900000047055,0.0307000000248081,11.23600000028091,3.662899999653746,6.822299999839743,9.938799999872572,11.124199999812843,0.0015000000530562,0.0660999999126943,22.52130000033503,22.58740000024773,"[[0, 0], [0, 0], [0, 0]]",1.396000000113414
481,scheduled-after-result gen=413,66,264,0.4744000002574466,0.080199999956676,26.336599999922328,26.25639999996565,0.0159999999596038,21.499900817871094,"[[0, 0], [0, 0], [0, 0]]",0.0319999999192077,0.0416000002587679,0.0295999998343177,10.92369999969378,3.358100000241393,6.380100000114908,9.216700000251876,10.418100000151751,0.0017000002117129,0.0661999997646489,21.4998999999807,21.566099999745347,"[[0, 0], [0, 0], [0, 0]]",4.77050000017698
482,scheduled-after-result gen=414,66,264,0.2779000001282838,1.253299999916635,17.059300000255462,15.806000000338829,0.0091000001702923,13.21280002593994,"[[0, 0], [0, 0], [0, 0]]",0.0210000002880406,0.0237000003835419,0.0194999997802369,7.818299999598821,1.7043999996531056,3.1501999997090024,4.589099999975588,5.303499999627093,0.0011000001904903,0.0442000000475673,13.212800000019342,13.25700000006691,"[[0, 0], [0, 0], [0, 0]]",3.802300000188552
483,scheduled-after-result gen=415,66,264,0.2688000004127389,1.188700000056997,13.399099999787722,12.210399999730726,0.0091000001702923,11.45330047607422,"[[0, 0], [0, 0], [0, 0]]",0.0205999999707273,0.016800000139483,0.0182000003405846,5.666100000325969,1.6848999998728686,3.218999999717198,4.985600000054546,5.704599999717175,0.0012999998943996,0.0361000002158107,11.453299999629962,11.489399999845771,"[[0, 0], [0, 0], [0, 0]]",1.9096999999419513
484,scheduled-after-result gen=416,66,264,0.2801000000545173,0.055399999837391,24.30770000000848,24.25230000017109,0.0079999999798019,21.03420066833496,"[[0, 0], [0, 0], [0, 0]]",0.0306000001728534,0.0402000000576663,0.0299000002996763,10.205499999756285,3.268399999797112,6.233600000086881,9.474200000113342,10.668399999758549,0.0019000003703695,0.0651999998808605,21.034200000030975,21.09939999991184,"[[0, 0], [0, 0], [0, 0]]",3.208300000096642
485,scheduled-after-result gen=417,66,264,0.2846000002136861,1.187500000014552,22.56469999974797,21.37719999973342,0.0141000000439817,19.93910026550293,"[[0, 0], [0, 0], [0, 0]]",0.0223000001824402,0.0248999999712395,0.0193000000763277,9.601300000213088,3.0237999999371823,5.95000000021173,8.981299999959447,10.217000000011469,0.0018000000636675,0.0765999998293409,19.93910000010146,20.015699999930803,"[[0, 0], [0, 0], [0, 0]]",2.548999999817166
486,scheduled-after-result gen=418,66,264,0.2672000000529806,1.224899999670015,23.596699999870907,22.37180000020089,0.0109000002339598,20.09429931640625,"[[0, 0], [0, 0], [0, 0]]",0.0227999998969608,0.0389000001632666,0.0294000001304084,9.519499999896652,2.978700000312529,6.124500000169064,9.205700000165962,10.42230000030031,0.0018999999156221,0.0713999997969949,20.094299999982468,20.165699999779463,"[[0, 0], [0, 0], [0, 0]]",3.4310000000914442
487,scheduled-after-result gen=419,66,264,0.4616000001078646,0.0749000000723754,19.804800000201794,19.72990000012942,0.0098999998954241,18.67200088500977,"[[0, 0], [0, 0], [0, 0]]",0.0307000000248081,0.0341999998454412,0.0207999996746366,8.3266999999978,2.736899999945308,5.9547000000748085,8.95810000019992,10.20379999999932,0.0020000002223241,0.0810000001365551,18.672000000151456,18.75300000028801,"[[0, 0], [0, 0], [0, 0]]",1.0517999999137828
488,scheduled-after-result gen=420,66,264,0.316099999963626,1.229800000146497,19.968300000073214,18.73849999992672,0.0117999998110462,14.512700080871582,"[[0, 0], [0, 0], [0, 0]]",0.021899999865127,0.0344000000040978,0.0288999999611405,7.913099999768747,1.617299999907118,3.333999999995285,5.716399999982968,6.482300000243413,0.001200000042445,0.0559000000066589,14.512700000068437,14.568600000075094,"[[0, 0], [0, 0], [0, 0]]",5.39969999999812
489,scheduled-after-result gen=421,66,264,0.4690999999183987,5.071000000043568,19.90909999994983,14.838099999906262,0.0104999999166466,19.190000534057617,"[[0, 0], [0, 0], [0, 0]]",0.0304999998661514,0.0390999998671759,0.0301999998555402,10.502800000267598,3.2680999997865,5.768799999714247,7.561299999906623,8.552199999940058,0.0012999998943996,0.0444000002062239,19.1899999999805,19.234400000186724,"[[0, 0], [0, 0], [0, 0]]",0.6746999997631065
490,scheduled-after-result gen=422,66,264,0.2749999998741259,1.2231999999130494,18.035300000065035,16.812100000151986,0.0086000000010244,14.293499946594238,"[[0, 0], [0, 0], [0, 0]]",0.0224999998863495,0.1581999999871186,0.0286999998024839,8.714600000075734,1.6224000000875094,3.1690999999227643,4.629600000043865,5.339600000297651,0.001200000042445,0.0433000000157335,14.293499999894266,14.33679999991,"[[0, 0], [0, 0], [0, 0]]",3.698500000155036
491,scheduled-after-result gen=423,66,264,0.2626999998938117,0.7487999996556027,15.476499999749649,14.727700000094046,0.0084999996943224,14.182100296020508,"[[0, 0], [0, 0], [0, 0]]",0.0301999998555402,0.0692000003255088,0.0295999998343177,7.968199999595527,1.8320999997740728,3.553000000010797,5.133300000125018,6.051400000160356,0.0014000002011016,0.0399999998990097,14.182099999743514,14.222099999642523,"[[0, 0], [0, 0], [0, 0]]",1.2544000001071254
492,scheduled-after-result gen=424,66,264,0.4467000003387511,2.516499999728694,20.3415999999379,17.825100000209204,0.0104000000646919,19.851900100708008,"[[0, 0], [0, 0], [0, 0]]",0.0311999997393286,0.0344000000040978,0.0318000002152984,9.99759999967864,3.033599999980652,5.773199999566714,8.503099999870756,9.702399999696354,0.0020999996195314,0.0703999999132065,19.85190000004877,19.92229999996198,"[[0, 0], [0, 0], [0, 0]]",0.4192999999759195
493,scheduled-after-result gen=425,66,264,0.2687999999579915,0.1253000000360771,12.929200000144192,12.803900000108117,0.0089999998635903,11.862700462341309,"[[0, 0], [0, 0], [0, 0]]",0.0230000000556174,0.09070000032807,0.0284999996438273,6.205499999850872,1.5637999999853491,2.9739000001427485,4.579100000228209,5.48079999998663,0.0015000000530562,0.043799999730254,11.862700000165203,11.90649999989546,"[[0, 0], [0, 0], [0, 0]]",1.0227000002487312
494,scheduled-after-result gen=426,66,264,0.2604999999675783,1.262400000086927,12.897000000066328,11.6345999999794,0.0086000000010244,10.091699600219728,"[[0, 0], [0, 0], [0, 0]]",0.0218000000131723,0.0269000001935637,0.0207999996746366,4.863000000113971,1.476399999774003,2.9356000000007043,4.421399999955611,5.132499999945139,0.001099999735743,0.0460999999631894,10.09169999997539,10.13779999993858,"[[0, 0], [0, 0], [0, 0]]",2.7592000001277484
495,scheduled-after-result gen=427,66,264,0.4536000001280627,0.9843999996519416,22.00129999982892,21.01690000017697,0.0159999999596038,20.131799697875977,"[[0, 0], [0, 0], [0, 0]]",0.0278000002253975,0.0264999998762505,0.028199999633216,9.229999999661231,3.145000000131404,6.3083000000006,9.481200000209355,10.763199999928474,0.0020000002223241,0.0670000003992754,20.131799999944636,20.19880000034391,"[[0, 0], [0, 0], [0, 0]]",1.8024999994850113
496,scheduled-after-result gen=428,66,264,0.4903999997623032,0.9893000001284236,22.407299999940733,21.41799999981231,0.0170000002981396,20.104799270629883,"[[0, 0], [0, 0], [0, 0]]",0.036000000363856,0.0359000000571541,0.032299999929819,9.688199999800418,3.0175000001690933,6.036499999936495,9.00339999998323,10.248000000046886,0.0017000002117129,0.0713999997969949,20.104800000353865,20.176200000150857,"[[0, 0], [0, 0], [0, 0]]",2.231099999789876
497,scheduled-after-result gen=429,66,264,0.2899000000979868,0.1028000001497275,16.96170000013808,16.858899999988353,0.0089999998635903,15.252300262451172,"[[0, 0], [0, 0], [0, 0]]",0.0302000003102875,0.0337000001309206,0.029499999982363,8.839499999794498,2.3482999999941967,3.9764999996805273,5.5554999999003485,6.288000000040483,0.0009999998837884,0.0537000000804255,15.252300000156538,15.306000000236963,"[[0, 0], [0, 0], [0, 0]]",1.6556999999011168
498,scheduled-after-result gen=430,66,264,0.4837999999836029,0.0845999998091429,26.542699999936303,26.45810000012716,0.0093999997261562,19.95789909362793,"[[0, 0], [0, 0], [0, 0]]",0.0339000002895772,0.1495999999860942,0.0285999999505293,9.418900000127906,3.0470000001514563,5.9052000001429406,8.935700000165525,10.272200000144949,0.0023000002329354,0.0746000000617641,19.95790000000852,20.03250000007029,"[[0, 0], [0, 0], [0, 0]]",6.510199999866014
499,scheduled-after-result gen=431,66,264,0.2892999996220169,1.1516999998093524,23.56839999993099,22.41670000012164,0.0930999999582127,19.80220031738281,"[[0, 0], [0, 0], [0, 0]]",0.0218000000131723,0.0552000001334818,0.0288000001091859,9.896999999909896,3.1145000002652523,6.02500000013606,8.780500000284519,9.739600000102657,0.002299999778188,0.0648000000182946,19.802199999958248,19.866999999976542,"[[0, 0], [0, 0], [0, 0]]",3.7013999999544467
500,scheduled-after-result gen=432,66,264,0.4603000002134649,0.0777000000198313,16.88700000022436,16.80930000020453,0.01029999975799,16.671899795532227,"[[0, 0], [0, 0], [0, 0]]",0.0335999998242186,0.034700000014709,0.0288999999611405,8.966999999756808,1.6735000003791356,3.273400000125548,6.249900000057096,7.549000000381056,0.0019999997675768,0.0777999998717859,16.671899999892048,16.749699999763834,"[[0, 0], [0, 0], [0, 0]]",0.13730000046052737
501,scheduled-after-result gen=433,66,264,0.3169000001435051,1.2320000000727305,15.989300000001094,14.757299999928364,0.0079999999798019,10.045299530029297,"[[0, 0], [0, 0], [0, 0]]",0.0221999998757382,0.0269000001935637,0.0191000003724184,4.815100000087114,1.5846999999666878,3.0428999998548534,4.450599999927363,5.136400000083086,0.0009999998837884,0.042699999994511,10.045300000001587,10.0879999999961,"[[0, 0], [0, 0], [0, 0]]",5.901300000004994
502,scheduled-after-result gen=434,66,264,0.4763000001730688,1.0282999996888975,23.51249999992433,22.484200000235436,0.0110000000859145,20.418399810791016,"[[0, 0], [0, 0], [0, 0]]",0.0326999997923849,0.033600000278966,0.0298999998449289,9.961899999780144,3.067099999952916,6.039500000042608,9.009400000195456,10.3027000000111,0.0016999997569655,0.0713999997969949,20.418399999925896,20.48979999972289,"[[0, 0], [0, 0], [0, 0]]",3.0227000002014393
503,scheduled-after-result gen=435,66,264,0.5111000000397325,2.5335999998787884,20.88529999991806,18.351700000039276,0.0141000000439817,19.922800064086918,"[[0, 0], [0, 0], [0, 0]]",0.0308999997287173,0.0352000001839769,0.0295999998343177,9.852600000158418,3.0956000000514905,6.135399999948277,9.140299999671695,9.941699999671982,0.001200000042445,0.0528000000485917,19.9227999996765,19.97559999972509,"[[0, 0], [0, 0], [0, 0]]",0.90970000019297
504,scheduled-after-result gen=436,66,264,0.2875000000130967,0.0543999999536026,28.19969999973182,28.145299999778217,0.0154000003931287,19.71980094909668,"[[0, 0], [0, 0], [0, 0]]",0.0335999998242186,0.0403000003643683,0.0313999998979852,9.468700000070385,3.07699999984834,5.927299999711977,8.904599999823404,10.088799999721232,0.0017000002117129,0.0700000000506406,19.71979999962059,19.78979999967123,"[[0, 0], [0, 0], [0, 0]]",8.409900000060588
505,scheduled-after-result gen=437,66,264,0.270700000328361,1.2680999998337938,11.357700000189652,10.089600000355858,0.0082999999904131,10.940400123596191,"[[0, 0], [0, 0], [0, 0]]",0.0225999997383041,0.1263000003746128,0.0282000000879634,5.400799999733863,1.49280000005092,3.0302000000119733,4.5872000000599655,5.337300000064715,0.001300000349147,0.0393999998777871,10.94039999998131,10.979799999859097,"[[0, 0], [0, 0], [0, 0]]",0.3779000003305555
506,scheduled-after-result gen=438,66,264,0.456199999916862,1.042100000177015,16.23520000021017,15.193100000033157,0.0107000000753032,15.990699768066406,"[[0, 0], [0, 0], [0, 0]]",0.0297999999929743,0.0346000001627544,0.029399999675661,9.38990000031481,1.6154999998434505,4.213400000026013,5.7488000002194894,6.478899999819987,0.0014000002011016,0.044999999772699,15.990700000202196,16.035699999974895,"[[0, 0], [0, 0], [0, 0]]",0.19950000023527537
507,scheduled-after-result gen=439,66,264,0.2970999998979096,1.2812999998459418,22.562599999673694,21.281299999827752,0.0110999999378691,19.72260093688965,"[[0, 0], [0, 0], [0, 0]]",0.0219000003198743,0.0288999999611405,0.0297999999929743,9.580900000401016,2.9529999997066625,5.887699999675533,8.724899999833724,9.994000000006054,0.0018999999156221,0.090600000021368,19.722600000022798,19.81320000004416,"[[0, 0], [0, 0], [0, 0]]",2.749399999629535
508,scheduled-after-result gen=440,66,264,0.4639999997380073,0.5847000002177083,21.53520000001663,20.95049999979892,0.0119000001177482,19.38610076904297,"[[0, 0], [0, 0], [0, 0]]",0.0307999998767627,0.0371999999515537,0.0293000002784538,9.31350000018938,3.1000000003587047,5.990700000438665,8.703700000296521,9.9171000001661,0.0016999997569655,0.0809000002846005,19.38609999979235,19.46700000007695,"[[0, 0], [0, 0], [0, 0]]",2.0681999999396794
509,scheduled-after-result gen=441,66,264,0.2769000002444954,1.2123000001338369,24.91020000024946,23.697900000115624,0.0104999999166466,20.053300857543945,"[[0, 0], [0, 0], [0, 0]]",0.0225000003410968,0.0340000001415319,0.0285000000985746,9.99969999975292,3.267900000082591,6.223299999874143,8.936499999890657,9.93109999990338,0.0018000000636675,0.0417999999626772,20.05330000019967,20.095100000162347,"[[0, 0], [0, 0], [0, 0]]",4.815100000087114
510,scheduled-after-result gen=442,66,264,0.2712999998948362,1.6621000004306552,11.818000000403115,10.155899999972462,0.0089000000116357,10.8818998336792,"[[0, 0], [0, 0], [0, 0]]",0.0216000003092631,0.0197000003936409,0.0213000002986518,5.25100000004386,1.65850000030332,3.336100000069564,4.821500000161905,5.543400000078691,0.0011999995876976,0.0485999999000341,10.881900000185851,10.930500000085884,"[[0, 0], [0, 0], [0, 0]]",0.8875000003172318
511,scheduled-after-result gen=443,66,264,0.2819000001181848,0.0545000002603046,11.917600000288076,11.86310000002777,0.0107000000753032,11.523099899291992,"[[0, 0], [0, 0], [0, 0]]",0.0234999997701379,0.0259000003097753,0.0190000000657164,5.189399999835587,1.604999999926804,3.0664000000797387,4.849999999805732,6.212899999809451,0.0020000002223241,0.070999999934429,11.523099999976694,11.594099999911124,"[[0, 0], [0, 0], [0, 0]]",0.32350000037695104
512,scheduled-after-result gen=444,66,264,0.2776000001176726,1.2195999997857143,12.921300000016345,11.70170000023063,0.0079000001278473,11.237299919128418,"[[0, 0], [0, 0], [0, 0]]",0.0227000000450061,0.065900000208785,0.0280999997812614,6.093399999826943,1.500400000168156,2.9288000000633474,4.307900000185327,4.995799999960582,0.001099999735743,0.0405000000682775,11.23730000017531,11.277800000243587,"[[0, 0], [0, 0], [0, 0]]",1.6434999997727573
513,scheduled-after-result gen=445,66,264,0.2658999997038336,0.0497000000905245,16.93359999990207,16.883899999811547,0.0095000000328582,13.2746000289917,"[[0, 0], [0, 0], [0, 0]]",0.0294000001304084,0.0288999999611405,0.0188999997590144,4.625200000191398,1.5527999998994346,4.3862999996235885,7.262499999797001,8.526299999630282,0.0021999999262334,0.0697000000400294,13.274600000386272,13.3443000004263,"[[0, 0], [0, 0], [0, 0]]",3.589299999475772
514,scheduled-after-result gen=446,66,264,0.2604999999675783,5.350399999770161,27.768200000082288,22.417800000312127,0.0187999999070598,19.19930076599121,"[[0, 0], [0, 0], [0, 0]]",0.029499999982363,0.1364999998259009,0.0267000000349071,9.247099999811326,2.896599999985483,5.651399999806017,8.481800000026851,9.704000000056112,0.0017999996089201,0.0722999998288287,19.199299999854706,19.27159999968353,"[[0, 0], [0, 0], [0, 0]]",8.496600000398757
515,scheduled-after-result gen=447,66,264,0.4747999996652652,1.0228999999526422,20.36690000022645,19.34400000027381,0.0116999999590916,19.039100646972656,"[[0, 0], [0, 0], [0, 0]]",0.0291000001197971,0.1004999999167921,0.0288000001091859,9.153799999694456,2.8615999999601627,5.57089999983873,8.438800000021729,9.668799999872135,0.0016999997569655,0.0681999999869731,19.039100000100007,19.10730000008698,"[[0, 0], [0, 0], [0, 0]]",1.2596000001394714
516,scheduled-after-result gen=448,66,264,0.2730000001065491,1.2168000002930055,26.53660000032687,25.319800000033865,0.0230000000556174,19.643600463867188,"[[0, 0], [0, 0], [0, 0]]",0.0306000001728534,0.1090999999178166,0.0264999998762505,9.530400000130612,2.9442999998536834,5.77049999992596,8.57529999984763,9.888000000046304,0.0021000000742787,0.0738999997338396,19.643600000108563,19.717499999842403,"[[0, 0], [0, 0], [0, 0]]",6.819100000484468
517,scheduled-after-result gen=449,66,264,0.3135000001748267,0.047799999720155,15.332999999827734,15.28520000010758,0.0153000000864267,10.325499534606934,"[[0, 0], [0, 0], [0, 0]]",0.0209999998332932,0.0264999998762505,0.020699999822682,4.579100000228209,1.5614999997524135,2.984899999773916,4.425899999660032,5.620299999918643,0.0026000002435466,0.0789000000622763,10.32549999990806,10.404399999970336,"[[0, 0], [0, 0], [0, 0]]",4.928599999857399
518,scheduled-after-result gen=450,66,264,0.2645999998094339,4.204899999876943,14.324399999622983,10.11949999974604,0.0095000000328582,10.660799980163574,"[[0, 0], [0, 0], [0, 0]]",0.0233000000662286,0.0276999999186955,0.0179000003299734,5.1949999997304985,1.795000000129221,3.225100000236125,4.651200000353128,5.3676000002269575,0.001300000349147,0.042699999994511,10.66080000009606,10.703500000090571,"[[0, 0], [0, 0], [0, 0]]",3.620899999532412
519,scheduled-after-result gen=451,66,264,0.2917000001616543,0.0701000003573426,22.88309999994453,22.81299999958719,0.0144000000545929,19.816200256347656,"[[0, 0], [0, 0], [0, 0]]",0.0332999998136074,0.0365999999303312,0.0300000001516309,9.37389999990046,2.988300000197341,5.7913999999072985,9.036899999955494,10.287999999945896,0.0020000002223241,0.0658999997540377,19.816200000150275,19.882099999904312,"[[0, 0], [0, 0], [0, 0]]",3.001000000040218
520,scheduled-after-result gen=452,66,264,0.4662999999709427,1.001500000256783,28.385699999944336,27.384199999687556,0.0165000001288717,20.19230079650879,"[[0, 0], [0, 0], [0, 0]]",0.0315000002046872,0.0451999999313557,0.0322000000778643,9.660100000019156,3.0675999996674364,5.994399999963207,9.05479999983072,10.35890000002837,0.0016999997569655,0.0746999999137187,20.19229999996241,20.26699999987613,"[[0, 0], [0, 0], [0, 0]]",8.118700000068205
521,scheduled-after-result gen=453,66,264,0.2896999999393301,0.2553999997871869,27.994399999897723,27.739000000110536,0.0107000000753032,19.61910057067871,"[[0, 0], [0, 0], [0, 0]]",0.0202000001081614,0.0317999997605511,0.0299000002996763,8.801599999969767,2.8607000003830763,6.0932000001230335,9.45640000009007,10.671300000012709,0.0019999997675768,0.0696000001880747,19.61909999999989,19.688700000187964,"[[0, 0], [0, 0], [0, 0]]",8.30569999970976
522,scheduled-after-result gen=454,66,264,0.2821999996740487,1.256200000170793,24.55680000002758,23.300599999856782,0.0167999996847356,18.906200408935547,"[[0, 0], [0, 0], [0, 0]]",0.0228999997489154,0.0261000000136846,0.0199999999495048,8.7162999998327,2.9588000002149784,5.875600000308623,8.755500000006577,10.052600000108214,0.0023000002329354,0.0797999996393628,18.906199999946693,18.985999999586056,"[[0, 0], [0, 0], [0, 0]]",5.570800000441523
523,scheduled-after-result gen=455,66,264,0.4642999997486186,1.1401000001569628,20.798200000172077,19.65810000001511,0.0396999998883984,19.64249992370605,"[[0, 0], [0, 0], [0, 0]]",0.0307999998767627,0.1022999999804596,0.0307000000248081,9.2650000001413,3.2314000000042142,6.071000000247295,8.940400000028603,10.149600000204371,0.0017000002117129,0.0889000002644024,19.642499999918076,19.731400000182475,"[[0, 0], [0, 0], [0, 0]]",1.0667999999896018
524,scheduled-after-result gen=456,66,264,0.286200000118697,1.296500000080414,27.669699999933076,26.37319999985266,0.0101000000540807,19.34589958190918,"[[0, 0], [0, 0], [0, 0]]",0.0224999998863495,0.0378999998247309,0.0297000001410197,9.356600000046456,2.974499999709224,5.780099999810773,8.603599999787548,9.841600000072503,0.0018000000636675,0.0675000001137959,19.345899999734684,19.41339999984848,"[[0, 0], [0, 0], [0, 0]]",8.256300000084597
525,scheduled-after-result gen=457,66,264,0.2711000001909269,0.0578999997742357,19.04789999980494,18.990000000030705,0.0101000000540807,12.950300216674805,"[[0, 0], [0, 0], [0, 0]]",0.0300000001516309,0.1004000000648375,0.0261999998656392,5.886399999781133,3.085200000441546,4.589100000430335,6.153400000130205,6.878800000322372,0.001099999735743,0.0431999997090315,12.950300000284187,12.99349999999322,"[[0, 0], [0, 0], [0, 0]]",6.05439999981172
526,scheduled-after-result gen=458,66,264,0.5000000001018634,0.9962999997696896,23.440999999820637,22.444700000050943,0.0093999997261562,20.135499954223636,"[[0, 0], [0, 0], [0, 0]]",0.0332000004164001,0.0336999996761733,0.0304999998661514,9.129200000188575,3.3124000001407694,6.5574000000196975,9.6189000000777,10.850099999970553,0.0020000002223241,0.0703999999132065,20.13550000037867,20.20590000029188,"[[0, 0], [0, 0], [0, 0]]",3.2350999995287566
527,scheduled-after-result gen=459,66,264,0.2990000002682791,0.702499999988504,18.522699999721222,17.820199999732722,0.0104000000646919,15.574999809265137,"[[0, 0], [0, 0], [0, 0]]",0.0261000000136846,0.0460000001112348,0.0303000001622422,9.910599999784608,1.749399999880552,3.302900000107911,4.780899999786925,5.528199999844219,0.0012999998943996,0.0623000000814499,15.574999999898864,15.637299999980314,"[[0, 0], [0, 0], [0, 0]]",2.8853999997409083
528,scheduled-after-result gen=460,66,264,0.4896000000371714,2.1001000000069325,20.75809999996636,18.65799999995943,0.0153000000864267,17.902999877929688,"[[0, 0], [0, 0], [0, 0]]",0.0348999997186183,0.0299999996968836,0.0297999999929743,9.717099999761558,3.1168000000434404,5.785299999843119,7.296799999949144,8.055899999817484,0.001200000042445,0.0506999999743129,17.902999999932945,17.953699999907258,"[[0, 0], [0, 0], [0, 0]]",2.8044000000591005
529,scheduled-after-result gen=461,66,264,0.2905000001192093,1.194700000269222,13.905700000123034,12.710999999853811,0.0437000003330467,10.838199615478516,"[[0, 0], [0, 0], [0, 0]]",0.0211000001399952,0.0251999999818508,0.0182999997377919,5.144300000210933,1.7790000001696171,3.343100000165577,4.884800000127143,5.602100000032806,0.001099999735743,0.0430999998570769,10.838200000307552,10.881300000164629,"[[0, 0], [0, 0], [0, 0]]",3.024399999958405
530,scheduled-after-result gen=462,66,264,0.2647999999680905,0.0509000001329695,16.017899999951624,15.966999999818654,0.0110999999378691,12.061800003051758,"[[0, 0], [0, 0], [0, 0]]",0.0224000000343949,0.0665000002300075,0.0277999997706501,6.280500000229949,1.5368999997917854,3.290999999990163,4.8570999997537,5.632699999750912,0.0009999998837884,0.0402000000576663,12.061800000083169,12.102000000140832,"[[0, 0], [0, 0], [0, 0]]",3.915899999810792
531,scheduled-after-result gen=463,66,264,0.30849999984639,1.1217999999644237,20.405700000083016,19.283900000118592,0.0131000001601933,17.56290054321289,"[[0, 0], [0, 0], [0, 0]]",0.0221000000237836,0.0251000001298962,0.0184000000444939,8.814199999960692,2.672000000075059,4.192599999896629,7.317500000226573,8.627199999864388,0.0021000000742787,0.0800000002527667,17.562900000029913,17.64290000028268,"[[0, 0], [0, 0], [0, 0]]",2.762799999800336
532,scheduled-after-result gen=464,66,264,0.4825999999411579,1.014599999962229,24.536199999602104,23.521599999639875,0.0187999999070598,20.500600814819336,"[[0, 0], [0, 0], [0, 0]]",0.0354000003426335,0.0393000000258325,0.0303000001622422,9.865999999874475,3.1008000000838365,6.120999999893684,9.145600000010743,10.466100000030565,0.0023000002329354,0.0801000001047214,20.500600000104896,20.580700000209617,"[[0, 0], [0, 0], [0, 0]]",3.9554999993924866
533,scheduled-after-result gen=465,66,264,0.4951999999320833,4.021799999918585,22.823399999651883,18.8015999997333,0.0165999999808263,20.2903995513916,"[[0, 0], [0, 0], [0, 0]]",0.0322000000778643,0.0374000001102103,0.0291000001197971,9.731200000260287,3.053100000215636,6.0713000002579065,9.098600000015722,10.404099999959726,0.0018000000636675,0.0742999995964055,20.290400000249065,20.36469999984547,"[[0, 0], [0, 0], [0, 0]]",2.458699999806413
534,scheduled-after-result gen=466,66,264,0.5755000001954613,0.0939000001380918,22.774500000195985,22.680600000057893,0.0194999997802369,20.646499633789062,"[[0, 0], [0, 0], [0, 0]]",0.032299999929819,0.0353999998878862,0.0302000003102875,9.578400000009424,3.2577000001765555,6.580800000392628,9.615500000109025,10.909800000263203,0.0021000000742787,0.0734000000193191,20.6465000001117,20.71990000013102,"[[0, 0], [0, 0], [0, 0]]",2.0546000000649656
535,scheduled-after-result gen=467,66,264,0.2866999998332176,1.0825999997905456,24.390300000050047,23.3077000002595,0.011600000107137,20.66990089416504,"[[0, 0], [0, 0], [0, 0]]",0.0228999997489154,0.0526000003446824,0.0277000003734428,10.017600000082894,3.2284999997500563,6.3983999998527,9.265599999707774,10.490499999832537,0.0018000000636675,0.0737000000299303,20.669899999575136,20.743599999605067,"[[0, 0], [0, 0], [0, 0]]",3.64670000044498
536,scheduled-after-result gen=468,66,264,0.4850999998780025,0.9731999998621176,21.31459999964136,20.34139999977924,0.0149000002238608,20.457000732421875,"[[0, 0], [0, 0], [0, 0]]",0.0317999997605511,0.0347999998666637,0.0301999998555402,9.8269000000073,3.160100000059174,6.15220000008776,9.143600000243168,10.4710000000523,0.0018000000636675,0.0838000000840111,20.45700000007855,20.54080000016256,"[[0, 0], [0, 0], [0, 0]]",0.7737999994788005
537,scheduled-after-result gen=469,66,264,0.4736000000775675,1.002599999992526,21.7569999999796,20.754399999987072,0.0105999997686012,20.13360023498535,"[[0, 0], [0, 0], [0, 0]]",0.0322000000778643,0.029499999982363,0.0301000000035855,9.843899999850692,3.0011000003469235,5.971100000351726,8.867500000178552,10.141400000065914,0.0021999999262334,0.0718999999662628,20.1336000000083,20.205499999974563,"[[0, 0], [0, 0], [0, 0]]",1.5515000000050385
538,scheduled-after-result gen=470,66,264,0.2991000001202337,2.6829000003090187,21.073600000363516,18.39070000005449,0.0096000003395602,19.820499420166016,"[[0, 0], [0, 0], [0, 0]]",0.0244999996539263,0.099699999736913,0.0295999998343177,9.331700000075216,3.0286000001069624,6.015099999785889,8.967600000232778,10.276299999986804,0.0018000000636675,0.0794000002315442,19.82049999969604,19.899899999927584,"[[0, 0], [0, 0], [0, 0]]",1.1737000004359324
539,scheduled-after-result gen=471,66,264,0.4663999998228973,1.5592999998261805,10.656899999958114,9.097600000131932,0.0111999997898237,9.929699897766112,"[[0, 0], [0, 0], [0, 0]]",0.0234000003729306,0.0181000000338826,0.020699999822682,4.7507999997833394,1.52909999997064,2.9588000002149784,4.384100000152102,5.090500000278553,0.001099999735743,0.0460000001112348,9.929700000157029,9.975700000268262,"[[0, 0], [0, 0], [0, 0]]",0.6811999996898521
540,scheduled-after-result gen=472,66,264,0.4450999999789928,1.047300000209361,20.423899999968853,19.37659999975949,0.0132999998641025,17.077199935913086,"[[0, 0], [0, 0], [0, 1]]",0.0300000001516309,0.027200000204175,0.0297000001410197,9.192699999857725,3.1266999999388645,5.45719999990979,7.01230000004216,7.76049999967654,0.0014999995983089,0.0564000001759268,17.077200000130688,17.133600000306615,"[[0, 0], [0, 0], [0, 1]]",3.2902999996622384
541,scheduled-after-result gen=473,66,264,0.4621999996743398,5.12799999978597,20.388099999763654,15.260099999977683,0.0141000000439817,19.047100067138672,"[[0, 0], [0, 0], [0, 1]]",0.0337999999828753,0.0689999997121049,0.0302999997074948,8.968900000127178,2.871799999866198,5.7653999997455685,8.662699999604229,9.88599999982398,0.0018000000636675,0.0623000000814499,19.04709999962506,19.10939999970651,"[[0, 0], [0, 0], [0, 1]]",1.2787000000571425
542,scheduled-after-result gen=474,66,264,0.2816000001075736,1.2231000000610948,12.893399999938993,11.670299999877898,0.0097000001915148,10.986900329589844,"[[0, 0], [0, 0], [0, 1]]",0.0307999998767627,0.158200000441866,0.0287000002572312,5.725099999835948,1.511300000402116,2.945500000350876,4.330100000061066,5.011800000374933,0.0011000001904903,0.0405999999202322,10.986900000261812,11.027500000182044,"[[0, 0], [0, 0], [0, 1]]",1.865899999756948
543,scheduled-after-result gen=475,66,264,0.2827999996952712,1.2693999997281935,9.859199999937118,8.589800000208925,0.0089999998635903,9.671299934387209,"[[0, 0], [0, 1], [0, 1]]",0.0228000003517081,0.0199999999495048,0.0214000001506065,4.563400000279216,1.4590000000680448,2.8645000002143206,4.331099999944854,5.017100000259234,0.0009999998837884,0.0456999996458762,9.671300000263727,9.716999999909604,"[[0, 0], [0, 1], [0, 1]]",0.14220000002751476
544,scheduled-after-result gen=476,66,264,0.2812000002450077,1.099300000078074,11.311700000078416,10.212400000000343,0.0084000002971151,11.181400299072266,"[[0, 0], [0, 0], [0, 1]]",0.0226999995902588,0.0745000002098095,0.0280000003840541,5.964599999970233,1.5052999997351435,2.936500000032538,4.351099999894359,5.06150000001071,0.001200000042445,0.0476999998682003,11.181399999713904,11.229099999582104,"[[0, 0], [0, 0], [0, 1]]",0.08260000049631167
545,scheduled-after-result gen=477,66,264,0.2775000002657179,0.085399999989022,12.831199999709495,12.745799999720475,0.0093999997261562,9.80109977722168,"[[0, 0], [0, 0], [0, 1]]",0.0214000001506065,0.0259000003097753,0.0211000001399952,4.8194999999395804,1.452500000141299,2.8330000000096334,4.175999999915803,4.885599999852275,0.0011000001904903,0.0396000000364438,9.801100000004226,9.84070000004067,"[[0, 0], [0, 0], [0, 1]]",2.9904999996688257
546,scheduled-after-result gen=478,66,264,0.277399999959016,1.3294000000314554,14.477199999873848,13.147799999842391,0.011499999800435,10.514100074768066,"[[0, 0], [0, 0], [0, 0]]",0.0236000000768399,0.0742000001991982,0.0278000002253975,5.403699999988021,1.4448000001721084,2.77570000025662,4.149600000346254,4.937600000175735,0.001200000042445,0.0441999995928199,10.514100000364124,10.558299999956944,"[[0, 0], [0, 0], [0, 0]]",3.9188999999169045
547,scheduled-after-result gen=479,66,264,0.2854999997907725,1.2696000003415977,12.453800000002955,11.18419999966136,0.0119000001177482,9.932299613952637,"[[0, 0], [0, 0], [0, 0]]",0.0239999999394058,0.0273000000561296,0.020400000266818,4.756899999847519,1.5508000001318578,2.90160000031392,4.349799999999959,5.075000000033469,0.0012999998943996,0.0485000000480795,9.932299999945826,9.980799999993906,"[[0, 0], [0, 0], [0, 0]]",2.4730000000090495
548,scheduled-after-result gen=480,66,264,0.275800000054005,0.0509999999849242,11.875699999563947,11.824699999579025,0.0104999999166466,9.175200462341309,"[[0, 0], [0, 0], [0, 0]]",0.0224000000343949,0.0245999999606283,0.0183000001925393,4.367299999557872,1.3837000001331037,2.688300000045274,4.013000000213651,4.715100000339589,0.0009999998837884,0.0426000001425563,9.175199999845065,9.21779999998762,"[[0, 0], [0, 0], [0, 0]]",2.657899999576328
549,scheduled-after-result gen=481,66,264,0.470200000108889,0.9930000001077132,18.853699999908716,17.860699999801,0.0122000001283595,18.406099319458008,"[[0, 0], [0, 0], [0, 0]]",0.0323000003845663,0.1620999996703176,0.0303000001622422,8.78149999971356,2.769199999875127,5.445499999950698,8.122499999899446,9.345699999812496,0.0015000000530562,0.0746000000617641,18.406099999992875,18.48070000005464,"[[0, 0], [0, 0], [0, 0]]",0.37299999985407695
550,scheduled-after-result gen=482,66,264,0.2875999998650513,0.0672999999551393,29.74759999960952,29.68029999965438,0.0122000001283595,18.47800064086914,"[[0, 0], [0, 0], [0, 0]]",0.03080000033151,0.14759999976377,0.0285000000985746,8.72899999967558,2.9632999999194,5.731199999900127,8.442599999852973,9.503000000222528,0.0015000000530562,0.0421000004280358,18.477999999959135,18.52010000038717,"[[0, 0], [0, 0], [0, 0]]",11.22749999922235
551,scheduled-after-result gen=483,66,264,0.2725999997892359,1.26479999971707,14.444599999933416,13.179800000216346,0.0107000000753032,10.476300239562988,"[[0, 0], [0, 0], [0, 0]]",0.0240999997913604,0.0246999998125829,0.019200000224373,5.244199999651755,1.4824999998381827,2.962399999887566,4.421199999796954,5.136700000093697,0.0013999997463542,0.0409999997827981,10.4762999999366,10.517299999719398,"[[0, 0], [0, 0], [0, 0]]",3.927300000214018
552,scheduled-after-result gen=484,66,264,0.2804999999170832,0.0512999999955354,10.443099999974947,10.391799999979412,0.0090000003183376,9.438799858093262,"[[0, 0], [0, 0], [0, 0]]",0.0215999998545157,0.0241000002461078,0.0190000000657164,4.464800000278046,1.3979000000290398,2.80720000000656,4.166199999872333,4.881500000010419,0.0011000001904903,0.0416000002587679,9.438799999770708,9.480400000029476,"[[0, 0], [0, 0], [0, 0]]",0.9626999999454711
553,scheduled-after-result gen=485,66,264,0.2626999998938117,2.7238999996370694,9.90349999983664,7.179600000199571,0.0090999997155449,9.022000312805176,"[[0, 0], [0, 0], [0, 0]]",0.0212999998439045,0.0156000000970379,0.0175000000126601,4.206999999951222,1.3620999998238403,2.6774999996632687,4.018300000097952,4.734699999971781,0.001200000042445,0.0412999997934093,9.02200000018638,9.06329999997979,"[[0, 0], [0, 0], [0, 0]]",0.8401999998568499
554,scheduled-after-result gen=486,66,264,0.2672000000529806,2.75210000017978,9.86190000003262,7.109799999852839,0.007499999810534,9.27530002593994,"[[0, 0], [0, 0], [0, 0]]",0.0221999998757382,0.0238999996327038,0.0181999998858373,4.38460000032137,1.3632999998662854,2.75099999998929,4.088799999863113,4.800400000021909,0.0014000002011016,0.0399999998990097,9.275299999899287,9.3152999997983,"[[0, 0], [0, 0], [0, 0]]",0.546600000234319
555,scheduled-after-result gen=487,66,264,0.4567999999380845,0.0697000000400294,15.839400000004389,15.76969999996436,0.0170000002981396,9.788399696350098,"[[0, 0], [0, 0], [0, 0]]",0.0251000001298962,0.0318000002152984,0.020699999822682,4.367999999885797,1.3952999997854931,2.762699999948381,4.09669999999096,5.283399999825633,0.00240000008489,0.0755999999455525,9.788400000161346,9.864000000106898,"[[0, 0], [0, 0], [0, 0]]",5.9753999998974905
556,scheduled-after-result gen=488,66,264,0.2793999997265928,1.2672999996539147,9.857199999714794,8.58990000006088,0.0079999999798019,9.369600296020508,"[[0, 0], [0, 0], [0, 0]]",0.0218000000131723,0.0257000001511187,0.0190000000657164,4.3580999999903725,1.401399999849673,2.8381000001900247,4.168599999957223,4.915500000151951,0.0013999997463542,0.043799999730254,9.369599999899949,9.4133999996302,"[[0, 0], [0, 0], [0, 0]]",0.44380000008459497
557,scheduled-after-result gen=489,66,264,0.2791000001707289,1.210099999752856,18.51749999968888,17.307399999936024,0.0109000002339598,17.900800704956055,"[[0, 0], [0, 0], [0, 0]]",0.0230000000556174,0.024299999950017,0.0199000000975502,8.316599999943719,2.7954000001955137,5.4544999998142885,8.156899999903544,9.45850000016435,0.0019000003703695,0.065799999902083,17.90080000000671,17.966599999908794,"[[0, 0], [0, 0], [0, 0]]",0.5508999997800856
558,scheduled-after-result gen=490,66,264,0.4635999998754414,0.0753000003896886,24.4262000001072,24.350899999717512,0.0099999997473787,17.89189910888672,"[[0, 0], [0, 0], [0, 0]]",0.0331000001096981,0.1136000000769854,0.0276999999186955,8.445100000244565,2.7399000000514206,5.371000000195636,7.992100000137725,9.221199999956298,0.0015999999050109,0.0703999999132065,17.891899999995076,17.962299999908282,"[[0, 0], [0, 0], [0, 0]]",6.463900000198919
559,scheduled-after-result gen=491,66,264,0.2774999998109706,1.2224000001879176,11.537800000041898,10.31539999985398,0.0431000003118242,9.590700149536133,"[[0, 0], [0, 0], [0, 0]]",0.0391000003219232,0.0256999996963713,0.0208999999813386,4.554499999812833,1.4413999997486826,2.870999999686319,4.215999999814812,4.923899999994319,0.001099999735743,0.0407000002269342,9.590699999989738,9.631400000216672,"[[0, 0], [0, 0], [0, 0]]",1.9063999998252257
560,scheduled-after-result gen=492,66,264,0.2664999997250561,1.2914999997519772,19.084099999872706,17.79260000012073,0.0414999999520659,16.31060028076172,"[[0, 0], [0, 0], [0, 0]]",0.0229000002036627,0.0248000001192849,0.0203999998120707,6.439599999794154,2.8805000001739245,5.662400000346679,8.45980000030977,9.745000000293658,0.0020000002223241,0.0706999999238178,16.310599999997066,16.381299999920884,"[[0, 0], [0, 0], [0, 0]]",2.7027999999518215
561,scheduled-after-result gen=493,66,264,0.2770999999484047,2.685899999960384,11.356500000147207,8.670600000186823,0.0101000000540807,11.17039966583252,"[[0, 0], [0, 0], [0, 0]]",0.0214000001506065,0.0341999998454412,0.0301000000035855,6.148599999960425,1.456399999824498,2.845500000148604,4.203200000119978,4.903600000034203,0.0012999998943996,0.042699999994511,11.170400000082736,11.213100000077247,"[[0, 0], [0, 0], [0, 0]]",0.1434000000699598
562,scheduled-after-result gen=494,66,264,0.2878999998756626,0.0572000003558059,13.990599999942788,13.933399999586982,0.0125999999909254,10.373499870300291,"[[0, 0], [0, 0], [0, 0]]",0.0305999997181061,0.0420999999732885,0.0282000000879634,5.317900000136433,1.4573000003110792,2.820400000018708,4.185600000255363,4.921100000046863,0.001099999735743,0.0464999998257553,10.373499999786873,10.419999999612628,"[[0, 0], [0, 0], [0, 0]]",3.5706000003301597
563,scheduled-after-result gen=495,66,264,0.4605999997693288,1.034599999911734,18.278300000019957,17.24370000010822,0.0113999999484804,15.19760036468506,"[[0, 0], [0, 0], [0, 0]]",0.0331000001096981,0.032400000236521,0.0285999999505293,7.908199999747012,3.0271999999058608,5.073000000265893,6.442500000048312,7.160900000144466,0.0012999998943996,0.0445999999101331,15.197600000192324,15.242200000102455,"[[0, 0], [0, 0], [0, 0]]",3.036099999917502
564,scheduled-after-result gen=496,66,264,0.2782999999908497,1.2462999998206217,12.938100000155828,11.691800000335206,0.0091000001702923,12.648200035095217,"[[0, 0], [0, 0], [0, 0]]",0.0233000000662286,0.0408000000788888,0.0264999998762505,7.597400000122434,1.4293999997789797,2.844599999662023,4.203999999845109,4.927499999666907,0.001200000042445,0.0465000002805027,12.64820000005784,12.694700000338344,"[[0, 0], [0, 0], [0, 0]]",0.24339999981748406
565,scheduled-after-result gen=497,66,264,0.2841000000444182,1.1931999997614184,22.03579999968497,20.84259999992355,0.0106000002233486,17.20050048828125,"[[0, 0], [0, 0], [0, 0]]",0.0230000000556174,0.0261000000136846,0.0195000002349843,6.9913000002088665,3.051900000173191,6.069400000342284,8.855700000367506,10.084900000038033,0.0017999996089201,0.0753000003896886,17.20049999994444,17.27580000033413,"[[0, 0], [0, 0], [0, 0]]",4.759999999350839
566,scheduled-after-result gen=498,66,264,0.4725999997390318,1.0344000002078246,18.83420000012848,17.79979999992065,0.0101000000540807,17.0762996673584,"[[0, 0], [0, 0], [0, 0]]",0.0246999998125829,0.1167999998870072,0.0288999999611405,6.981699999869306,2.958000000035099,5.840700000135257,8.643499999834603,9.864399999969464,0.0022000003809807,0.0706999999238178,17.076299999644107,17.146999999567925,"[[0, 0], [0, 0], [0, 0]]",1.687200000560555
567,scheduled-after-result gen=499,66,264,0.2650000001267472,1.2308000000302854,11.943799999698967,10.712999999668682,0.007600000117236,9.763400077819824,"[[0, 0], [0, 0], [0, 0]]",0.0239999999394058,0.0265999997282051,0.0205000001187727,4.263799999989715,1.5699999999014835,3.044699999918521,4.664500000217231,5.401200000051176,0.0011000001904903,0.0459000002592802,9.763399999883404,9.809300000142684,"[[0, 0], [0, 0], [0, 0]]",2.134499999556283
568,scheduled-after-result gen=500,66,264,0.294099999791797,1.2153000002399494,19.434199999977864,18.218899999737918,0.0103000002127373,10.921899795532228,"[[0, 0], [0, 0], [0, 0]]",0.0310000000354193,0.0292999998237064,0.019099999917671,5.734700000175508,1.624799999717652,2.998699999807286,4.3580999999903725,5.076899999949092,0.001200000042445,0.043799999730254,10.92190000008486,10.965699999815117,"[[0, 0], [0, 0], [0, 0]]",8.468500000162747
569,scheduled-after-result gen=501,66,264,0.4485999997996259,0.4013999996459461,20.844599999691127,20.44320000004518,0.0114000004032277,18.67650032043457,"[[0, 0], [0, 0], [0, 0]]",0.0309000001834647,0.2035000002251763,0.0267999998868617,8.878099999947153,2.8624999999919964,5.53459999991901,8.309800000006362,9.480299999722774,0.0020000002223241,0.0749000000723754,18.67649999985588,18.751399999928253,"[[0, 0], [0, 0], [0, 0]]",2.0931999997628736
570,scheduled-after-result gen=502,66,264,0.2789000000120722,1.2714999998024723,11.871899999732705,10.600399999930232,0.008800000159681,11.46619987487793,"[[0, 0], [0, 0], [0, 0]]",0.0216000003092631,0.0796999997874081,0.027099999897473,6.318799999917246,1.5220999998746263,2.922899999703077,4.274899999927584,4.988400000002002,0.001200000042445,0.0473000000056345,11.466200000086246,11.51350000009188,"[[0, 0], [0, 0], [0, 0]]",0.3583999996408238
571,scheduled-after-result gen=503,66,264,0.269299999672512,2.8152999998383166,14.07759999983682,11.262299999998504,0.0104000000646919,10.057600021362305,"[[0, 0], [0, 0], [0, 0]]",0.0221000000237836,0.0186000002031505,0.0179999997271806,4.934399999910966,1.539599999887287,2.9147000000193657,4.324999999880674,5.03679999974338,0.001200000042445,0.0432000001637788,10.057599999981903,10.100800000145682,"[[0, 0], [0, 0], [0, 0]]",3.9767999996911385
572,scheduled-after-result gen=504,66,264,0.2843000002030749,0.0549999999748251,17.59749999973792,17.542499999763095,0.0106000002233486,13.851499557495115,"[[0, 0], [0, 0], [0, 0]]",0.0218000000131723,0.1716000001579232,0.0291000001197971,8.500200000071345,1.5298999996957718,2.9663000000255124,4.372699999748875,5.09299999976065,0.001300000349147,0.0426000001425563,13.85149999987334,13.894100000015897,"[[0, 0], [0, 0], [0, 0]]",3.7033999997220235
573,scheduled-after-result gen=505,66,264,0.2821999996740487,0.0611000000390049,20.272100000056525,20.21100000001752,0.0111999997898237,11.82830047607422,"[[0, 0], [0, 0], [0, 0]]",0.0221000000237836,0.0552000001334818,0.0198999996428028,4.786399999829882,1.4417999996112485,3.291199999694072,6.01059999962672,6.914299999607465,0.001200000042445,0.0455999997939216,11.828300000161107,11.873899999955029,"[[0, 0], [0, 0], [0, 0]]",8.398200000101497
574,scheduled-after-result gen=506,66,264,0.2711000001909269,1.2627999999494932,19.67540000032386,18.41260000037437,0.0112000002445711,15.314000129699709,"[[0, 0], [0, 0], [0, 0]]",0.023200000214274,0.0219000003198743,0.0208000001293839,8.570899999995163,2.926200000274548,4.294900000331836,5.7783000002018525,6.624800000281539,0.0019999997675768,0.0657000000501284,15.314000000216764,15.379700000266894,"[[0, 0], [0, 0], [0, 0]]",4.295700000056968
575,scheduled-after-result gen=507,66,264,0.320099999953527,0.0500000001011358,13.82080000030328,13.770800000202144,0.0113999999484804,10.067500114440918,"[[0, 0], [0, 0], [0, 0]]",0.0227000000450061,0.0397000003431458,0.0184999998964485,4.556800000045769,1.4860999999655178,2.835099999629165,4.653999999845837,5.402099999628263,0.0014000002011016,0.0461999998151441,10.067500000332076,10.11370000014722,"[[0, 0], [0, 0], [0, 0]]",3.707100000156059
576,scheduled-after-result gen=508,66,264,0.2890999999181076,0.0629999999546271,19.06650000000809,19.003500000053464,0.0100000002021261,16.3262996673584,"[[0, 0], [0, 0], [0, 0]]",0.0248000001192849,0.0251000001298962,0.0191999997696257,6.6386999997121166,2.942399999938061,5.5749999996805855,8.335900000020047,9.564699999828008,0.0018999999156221,0.0673000004098867,16.32629999994606,16.393600000355946,"[[0, 0], [0, 0], [0, 0]]",2.672899999652145
577,scheduled-after-result gen=509,66,264,0.2849999996215047,1.152000000274711,21.910400000251684,20.758399999976973,0.0107999999272578,18.40839958190918,"[[0, 0], [0, 0], [0, 0]]",0.0231999997595266,0.0251999999818508,0.0196999999388935,8.707800000138377,2.882999999656022,5.680599999777769,8.361199999853852,9.580199999618344,0.0019000003703695,0.0677000002724526,18.408399999771063,18.47610000004352,"[[0, 0], [0, 0], [0, 0]]",3.4343000002081645
578,scheduled-after-result gen=510,66,264,0.2684999999473803,1.3072000001557171,15.986100000191072,14.678900000035355,0.0113999999484804,12.339799880981444,"[[0, 0], [0, 0], [0, 0]]",0.0217000001612177,0.0248999999712395,0.0191999997696257,4.61829999994734,2.2089999997660925,3.8196999998945103,6.391899999925954,7.603000000017346,0.0015999999050109,0.0642999998490267,12.339800000063406,12.404099999912432,"[[0, 0], [0, 0], [0, 0]]",3.58200000027864
579,scheduled-after-result gen=511,66,264,0.2595000000837899,0.0537000000804255,17.587100000127975,17.53340000004755,0.0077999998211453,15.703900337219238,"[[0, 0], [0, 0], [0, 0]]",0.0223000001824402,0.1803000000109023,0.0274999997600389,6.766200000129174,2.6556999996500963,5.433499999980995,7.931399999961286,8.672299999943789,0.0012999998943996,0.0470999998469778,15.703900000062276,15.750999999909254,"[[0, 0], [0, 0], [0, 0]]",1.836100000218721
580,scheduled-after-result gen=512,66,264,0.4977000003236753,0.14999999984866,16.162599999915983,16.012600000067323,0.0110000000859145,13.583399772644045,"[[0, 0], [0, 0], [0, 0]]",0.0301000000035855,0.0395999995816964,0.0301000000035855,8.093099999769038,1.516000000265194,3.0406000000766653,4.523300000073505,5.3544000002148096,0.001300000349147,0.0466999999844119,13.583399999788526,13.630099999772938,"[[0, 0], [0, 0], [0, 0]]",2.5325000001430453
581,scheduled-after-result gen=513,66,264,0.4868000000897154,1.0537000002841523,20.8015000002888,19.747800000004645,0.0131000001601933,16.61319923400879,"[[0, 0], [0, 0], [0, 0]]",0.03080000033151,0.0385000003007007,0.0202000001081614,7.231200000205717,2.8152999998383166,5.468299999847659,8.041500000217638,9.231699999872944,0.0021999999262334,0.0781999997343518,16.61320000039268,16.691400000127032,"[[0, 0], [0, 0], [0, 0]]",4.1101000001617685
582,scheduled-after-result gen=514,66,264,0.2868000001399196,1.2179000000287488,12.92299999977331,11.705099999744562,0.0162999999702151,11.534099578857422,"[[0, 0], [0, 0], [0, 0]]",0.0239999999394058,0.0273999999080842,0.0205999999707273,4.908800000066549,1.6190999999707856,3.062700000100449,5.302800000208663,6.520900000396068,0.0015999999050109,0.054199999794946,11.534100000062608,11.588299999857554,"[[0, 0], [0, 0], [0, 0]]",1.334699999915756
583,scheduled-after-result gen=515,66,264,0.2791000001707289,2.782000000024709,16.02339999999458,13.241399999969872,0.0079999999798019,11.726300239562988,"[[0, 0], [0, 0], [0, 0]]",0.0221000000237836,0.0995000000330037,0.0675999999657506,6.176600000344479,1.5770999998494517,3.143599999930302,4.546099999970465,5.298399999901449,0.0015000000530562,0.0390999998671759,11.72630000019126,11.765400000058436,"[[0, 0], [0, 0], [0, 0]]",4.257999999936144
584,scheduled-after-result gen=516,66,264,0.4873000002589833,1.9892000000254484,10.634199999913108,8.64499999988766,0.0248999999712395,10.09749984741211,"[[0, 0], [0, 0], [0, 0]]",0.0316999999085965,0.0355000001945882,0.0214000001506065,4.960100000062084,1.5183999998953368,2.921400000104768,4.241000000092754,5.017800000132411,0.0011000001904903,0.0457000001006235,10.097500000028958,10.143200000129582,"[[0, 0], [0, 0], [0, 0]]",0.4909999997835257
585,scheduled-after-result gen=517,66,264,0.2841000000444182,0.0556999998480023,20.630900000014663,20.57520000016666,0.0197999997908482,17.864200592041016,"[[0, 0], [0, 0], [0, 0]]",0.0236999999287945,0.0468000002911139,0.0295000004371104,8.577200000218,2.7188000003661728,5.305399999997462,7.859400000143069,9.125800000219895,0.002299999778188,0.0731999998606625,17.86420000007638,17.937399999937043,"[[0, 0], [0, 0], [0, 0]]",2.69350000007762
586,scheduled-after-result gen=518,66,264,0.2887000000555417,1.198599999952421,20.67020000004049,19.471600000088078,0.0107000000753032,18.34449958801269,"[[0, 0], [0, 0], [0, 0]]",0.0253999996857601,0.0817000000097323,0.0301000000035855,8.865799999966839,2.6569000001472887,5.21519999983866,8.031800000026124,9.282399999847256,0.0016999997569655,0.0767999999879975,18.344499999784603,18.4212999997726,"[[0, 0], [0, 0], [0, 0]]",2.2489000002678914
587,scheduled-after-result gen=519,66,264,0.2744000003076507,1.2664000000768283,10.435400000005757,9.168999999928928,0.0095999998848128,9.1628999710083,"[[0, 0], [0, 0], [0, 0]]",0.0223000001824402,0.0239999999394058,0.0185999997484032,4.2374999998173735,1.331200000095123,2.666800000042713,4.114600000320934,4.834200000004785,0.0011000001904903,0.042599999687809,9.162900000319496,9.205500000007303,"[[0, 0], [0, 0], [0, 0]]",1.2298999999984535
588,scheduled-after-result gen=520,66,264,0.2621000003273366,2.728200000092329,10.453599999891594,7.725399999799265,0.0082000001384585,9.115799903869627,"[[0, 0], [0, 0], [0, 0]]",0.0208999999813386,0.0247000002673303,0.0185999997484032,4.287299999759853,1.3910000002397285,2.7048000001741457,4.0365000004385365,4.738300000099116,0.001200000042445,0.0405000000682775,9.11580000001777,9.156300000086048,"[[0, 0], [0, 0], [0, 0]]",1.2972999998055457
589,scheduled-after-result gen=521,66,264,0.2991000001202337,1.228600000104052,16.018199999962235,14.789599999858185,0.0111999997898237,8.994199752807617,"[[0, 0], [0, 0], [0, 0]]",0.0208000001293839,0.021899999865127,0.0191000003724184,4.175799999757146,1.3241999999991094,2.644700000018929,4.010600000128761,4.729000000224914,0.001099999735743,0.0395000001844891,8.994199999960983,9.033700000145473,"[[0, 0], [0, 0], [0, 0]]",6.984499999816762
590,scheduled-after-result gen=522,66,264,0.2690000001166481,0.0460000001112348,10.45590000012453,10.409900000013296,0.0095999998848128,9.314800262451172,"[[0, 0], [0, 0], [0, 0]]",0.0207000002774293,0.0237000003835419,0.0178000000232714,4.402500000196596,1.362999999855674,2.7534999999261345,4.112500000246655,4.824000000098749,0.001200000042445,0.0444000002062239,9.314800000083778,9.359200000290002,"[[0, 0], [0, 0], [0, 0]]",1.0966999998345273
591,scheduled-after-result gen=523,66,264,0.2672000000529806,1.727500000015425,13.916100000187726,12.1886000001723,0.0089000000116357,12.030400276184082,"[[0, 0], [0, 0], [0, 0]]",0.0223000001824402,0.0494000000799133,0.0276999999186955,6.496099999822036,1.5522999997301667,3.034999999727006,4.61700000005294,5.4025999997975305,0.0009999998837884,0.0411999999414547,12.030400000185182,12.071600000126637,"[[0, 0], [0, 0], [0, 0]]",1.844500000061089
592,scheduled-after-result gen=524,66,264,0.2996000002895016,1.269000000320375,9.912600000006933,8.643599999686558,0.0094999995781108,9.077500343322754,"[[0, 0], [0, 0], [0, 0]]",0.0203999998120707,0.0212999998439045,0.0196000000869389,4.2037000002892455,1.4705999997204344,2.765599999747792,4.079299999830255,4.785900000115362,0.001300000349147,0.0405000000682775,9.077499999875728,9.117999999944004,"[[0, 0], [0, 0], [0, 0]]",0.7946000000629283
593,scheduled-after-result gen=525,66,264,0.2882999997382285,2.120800000284362,12.258900000233552,10.13809999994919,0.0127999996948346,9.797100067138672,"[[0, 0], [0, 0], [0, 0]]",0.0208999999813386,0.0429000001531676,0.0365000000783766,4.593499999828055,1.4790000000175496,3.008900000168069,4.33259999999791,5.07130000005418,0.0015000000530562,0.0437000003330467,9.797100000014323,9.840800000347372,"[[0, 0], [0, 0], [0, 0]]",2.4180999998861807
594,scheduled-after-result gen=526,66,264,0.4662999999709427,2.5728000000526663,21.91589999983989,19.343099999787228,0.0095999998848128,18.065200805664062,"[[0, 0], [0, 0], [0, 0]]",0.0300000001516309,0.0319999999192077,0.0301000000035855,8.536299999832409,2.732599999944796,5.474300000059884,8.147099999860075,9.376800000154615,0.0018999999156221,0.0721999999768741,18.065199999909964,18.13739999988684,"[[0, 0], [0, 0], [0, 0]]",3.778499999953052
595,scheduled-after-result gen=527,66,264,0.2730000001065491,0.0580000000809377,20.479400000112943,20.42140000003201,0.0466999999844119,18.228900909423828,"[[0, 0], [0, 0], [0, 0]]",0.0233999999181833,0.1179999999294523,0.02840000024662,8.482700000058685,2.816100000018196,5.970000000161235,8.225600000059785,9.516800000255898,0.0021999999262334,0.0652000003356079,18.22889999994004,18.294100000275648,"[[0, 0], [0, 0], [0, 0]]",2.1852999998372944
596,scheduled-after-result gen=528,66,264,0.4601999999067629,4.047599999921658,17.800699999952485,13.753100000030829,0.0112000002445711,16.745500564575195,"[[0, 0], [0, 0], [0, 0]]",0.0244999996539263,0.03870000000461,0.021899999865127,8.529499999895052,2.484300000105577,3.970599999775004,6.121599999914906,8.086100000127772,0.0018999999156221,0.073900000188587,16.745499999615276,16.819399999803863,"[[0, 0], [0, 0], [0, 0]]",0.9813000001486216
597,scheduled-after-result gen=529,66,264,0.4572000002553977,1.0652000000845874,14.242600000216044,13.177400000131456,0.0122000001283595,9.492300033569336,"[[0, 0], [0, 0], [0, 0]]",0.029600000289065,0.0307000000248081,0.0205999999707273,4.526000000169006,1.4128000002529006,2.79930000033346,4.135900000164838,4.853599999933067,0.001200000042445,0.0522000000273692,9.492300000147225,9.544500000174594,"[[0, 0], [0, 0], [0, 0]]",4.69810000004145
598,scheduled-after-result gen=530,66,264,0.2807000000757398,1.2606999998752144,11.898400000063702,10.637700000188488,0.0103000002127373,9.40659999847412,"[[0, 0], [0, 0], [0, 0]]",0.0205000001187727,0.0315000002046872,0.0282000000879634,4.438000000391185,1.4025000000401633,2.811500000007072,4.157200000008743,4.857100000208448,0.001099999735743,0.0405999999202322,9.406600000147591,9.447200000067824,"[[0, 0], [0, 0], [0, 0]]",2.451199999995879
599,scheduled-after-result gen=531,66,264,0.2779000001282838,1.246799999989889,11.904599999979837,10.657799999989948,0.0113999999484804,9.20419979095459,"[[0, 0], [0, 0], [0, 0]]",0.0235999996220925,0.0262999997175938,0.019099999917671,4.233000000112952,1.3592999998763844,2.834699999766599,4.17909999987387,4.873399999723915,0.001200000042445,0.0422000002799904,9.204199999658158,9.246399999938149,"[[0, 0], [0, 0], [0, 0]]",2.6582000000416883
600,scheduled-after-result gen=532,66,264,0.2880999995795719,2.278400000250258,19.031600000289476,16.753200000039215,0.0082999999904131,15.928199768066406,"[[0, 0], [0, 0], [0, 0]]",0.0312000001940759,0.039900000047055,0.0312000001940759,8.427899999787769,2.7503999999680677,5.312899999807996,6.662999999662134,7.361699999819393,0.001200000042445,0.0465000002805027,15.92819999996209,15.974700000242592,"[[0, 0], [0, 0], [0, 0]]",3.056900000046884
601,scheduled-after-result gen=533,66,264,0.2786999998534156,0.6385000001500885,14.837900000202351,14.199400000052265,0.0147999999171588,14.134699821472168,"[[0, 0], [0, 0], [0, 0]]",0.023099999907572,0.0286999998024839,0.0193000000763277,4.766700000345736,2.8498000001491164,5.520000000160508,8.138500000313797,9.244000000308006,0.0016999997569655,0.0673999998070939,14.134699999885925,14.20209999969302,"[[0, 0], [0, 0], [0, 0]]",0.6358000005093309
602,scheduled-after-result gen=534,66,264,0.2622000001792912,1.232600000093953,14.885300000059942,13.65269999996599,0.01269999984288,9.925000190734863,"[[0, 0], [0, 0], [0, 0]]",0.0221000000237836,0.0254999999924621,0.0199000000975502,4.72170000011829,1.48010000020804,3.0031000001145003,4.408100000091508,5.107300000418036,0.001099999735743,0.0403000003643683,9.9249999998392,9.96530000020357,"[[0, 0], [0, 0], [0, 0]]",4.919999999856373
603,scheduled-after-result gen=535,66,264,0.4504999997152481,3.092899999955989,16.253799999958574,13.160900000002584,0.0080999998317565,14.958999633789062,"[[0, 0], [0, 0], [0, 0]]",0.0307000000248081,0.1652999999350868,0.0287999996544385,8.565600000110862,2.756799999588111,4.107099999600905,5.450799999834999,6.132199999683508,0.0011000001904903,0.0433999998676881,14.959000000089873,15.00239999995756,"[[0, 0], [0, 0], [0, 0]]",1.2514000000010128
604,scheduled-after-result gen=536,66,264,0.453399999969406,2.0520000002761662,19.500300000345305,17.44830000006914,0.0092000000222469,17.50040054321289,"[[0, 0], [0, 0], [0, 0]]",0.0306000001728534,0.0419000002693792,0.0301000000035855,8.602500000051805,2.4912999997468432,4.92789999998422,7.597499999974389,8.730999999897904,0.00240000008489,0.0433000000157335,17.500400000244554,17.543700000260287,"[[0, 0], [0, 0], [0, 0]]",1.956600000085018
605,scheduled-after-result gen=537,66,264,0.273500000275817,1.2796999999409309,13.406600000053004,12.126900000112071,0.0104000000646919,10.173399925231934,"[[0, 0], [0, 0], [0, 0]]",0.0212999998439045,0.0267000000349071,0.0198000002455955,4.634200000054989,1.4146000003165682,2.758999999969092,4.284600000119099,5.4205999999794585,0.0017999996089201,0.0666000000819622,10.173399999985122,10.240000000067084,"[[0, 0], [0, 0], [0, 0]]",3.1665999999859196
606,scheduled-after-result gen=538,66,264,0.2819999999701394,2.744200000051933,10.380400000030932,7.636199999978999,0.0098000000434694,9.689599990844728,"[[0, 0], [0, 0], [0, 0]]",0.0307999998767627,0.0297999999929743,0.0191999997696257,4.7247999996216095,1.444099999844184,2.798999999868101,4.175900000063848,4.8569999999017455,0.001200000042445,0.0439999998889106,9.68960000000152,9.73359999989043,"[[0, 0], [0, 0], [0, 0]]",0.6468000001405017
607,scheduled-after-result gen=539,66,264,0.4596000003402878,5.052199999681761,17.3477999996976,12.295600000015838,0.0105000003713939,14.200499534606934,"[[0, 0], [0, 0], [0, 0]]",0.0223000001824402,0.070899999627727,0.0273000000561296,8.798299999853043,1.7937999996320286,3.1540999998469488,4.571199999645614,5.248899999969581,0.0011000001904903,0.0457999999525782,14.200500000242757,14.246300000195331,"[[0, 0], [0, 0], [0, 0]]",3.101499999502268
608,scheduled-after-result gen=540,66,264,0.2778000002763292,1.2162000002717832,11.416400000143769,10.200199999871984,0.0095000000328582,9.085200309753418,"[[0, 0], [0, 0], [0, 0]]",0.0227000000450061,0.0252999998338054,0.0183000001925393,4.238400000303955,1.396199999817327,2.7366999997866515,4.073999999945954,4.753799999889452,0.0011000001904903,0.0396000000364438,9.085199999844916,9.12479999988136,"[[0, 0], [0, 0], [0, 0]]",2.2916000002624095
609,scheduled-after-result gen=541,66,264,0.2761999999165709,0.0860000000102445,10.375599999861151,10.289599999850909,0.0089999998635903,9.190400123596191,"[[0, 0], [0, 0], [0, 0]]",0.0211000001399952,0.0211999999919498,0.0174000001607055,4.265399999894726,1.4255000000957807,2.787599999919621,4.126799999994546,4.835300000195275,0.0014999995983089,0.0405000000682775,9.190400000079537,9.230900000147813,"[[0, 0], [0, 0], [0, 0]]",1.144699999713339
610,scheduled-after-result gen=542,66,264,0.2803999996103812,1.2387000001581328,10.311000000001512,9.07229999984338,0.0095999998848128,10.134300231933594,"[[0, 0], [0, 0], [0, 0]]",0.0219000003198743,0.0313999998979852,0.0196999999388935,4.857200000060402,1.5911999998934334,3.124899999875197,4.479100000025937,5.176200000278186,0.0014000002011016,0.0402000000576663,10.134300000117946,10.174500000175613,"[[0, 0], [0, 0], [0, 0]]",0.1364999998258991
611,scheduled-after-result gen=543,66,264,0.2679999997781124,2.260699999624194,19.113199999992503,16.85250000036831,0.0112000002445711,13.485600471496582,"[[0, 0], [0, 0], [0, 0]]",0.0306000001728534,0.2065000003312889,0.0274999997600389,7.1262000001297565,1.5703999997640494,3.003499999977066,4.862599999796657,6.03419999970356,0.0020999996195314,0.0817999998616869,13.485599999967237,13.567399999828922,"[[0, 0], [0, 0], [0, 0]]",5.545800000163581
612,scheduled-after-result gen=544,66,264,0.2678000000742031,0.7267000000865664,16.127400000186753,15.400700000100189,0.0115999996523896,14.63379955291748,"[[0, 0], [0, 0], [0, 0]]",0.0313999998979852,0.0402999999096209,0.0292999998237064,8.521400000063295,1.53760000011971,3.2849999997779378,5.272200000035809,5.972899999960646,0.0013999997463542,0.0427999998464656,14.633799999955954,14.67659999980242,"[[0, 0], [0, 0], [0, 0]]",1.4508000003843335
613,scheduled-after-result gen=545,66,264,0.2845999997589388,2.203699999881792,16.98930000020482,14.78560000032303,0.011700000413839,14.384300231933594,"[[0, 0], [0, 0], [0, 0]]",0.0221999998757382,0.0592000001233827,0.0283000003946654,8.777399999871704,1.9124000000374508,3.32250000019485,4.775800000061281,5.462699999952747,0.0015000000530562,0.043900000036956,14.38430000007429,14.428200000111246,"[[0, 0], [0, 0], [0, 0]]",2.5611000000935746
614,scheduled-after-result gen=546,66,264,0.2761999999165709,0.0559000000066589,14.989500000410771,14.933600000404113,0.0113999999484804,9.304800033569336,"[[0, 0], [0, 0], [0, 0]]",0.0216000003092631,0.0239000000874511,0.020400000266818,4.397199999857548,1.403400000071997,2.746899999692687,4.14039999986926,4.809000000022934,0.001200000042445,0.0428999996984202,9.3048000003364,9.34770000003482,"[[0, 0], [0, 0], [0, 0]]",5.641800000375952
615,scheduled-after-result gen=547,66,264,0.278600000001461,0.0463000001218461,14.479500000106782,14.433199999984936,0.0091000001702923,14.298800468444824,"[[0, 0], [0, 0], [0, 0]]",0.0291999999717518,0.0273999999080842,0.0199000000975502,7.767000000058033,2.7538999997887004,4.261399999904825,5.742299999837996,6.42249999964406,0.001300000349147,0.047900000026857,14.298800000233314,14.34670000026017,"[[0, 0], [0, 0], [0, 0]]",0.13279999984661117
616,scheduled-after-result gen=548,66,264,0.2822999999807507,4.198900000119465,13.309700000263549,9.11080000014408,0.0111000003926164,11.080400466918944,"[[0, 0], [0, 0], [0, 0]]",0.0226000001930515,0.025899999855028,0.0200999998014594,4.717199999959121,1.4387000001079286,2.8472999997575243,5.528799999865441,6.262500000048021,0.0015000000530562,0.0430999998570769,11.08040000008259,11.123499999939668,"[[0, 0], [0, 0], [0, 0]]",2.186200000323881
617,scheduled-after-result gen=549,66,264,0.2839999997377163,2.8330000000096334,13.493800000105692,10.66080000009606,0.0081999996837112,13.213700294494627,"[[0, 0], [0, 0], [0, 0]]",0.0433999998676881,0.0256999996963713,0.0198999996428028,6.2313999997059,2.1126000001459038,4.453700000340177,6.087400000069465,6.860599999981787,0.0013999997463542,0.0436000000263447,13.213700000051176,13.25730000007752,"[[0, 0], [0, 0], [0, 0]]",0.2365000000281725
618,scheduled-after-result gen=550,66,264,0.2780999998321931,1.2547000001177366,13.371600000027684,12.116899999909949,0.0099000003501714,12.54360008239746,"[[0, 0], [0, 0], [0, 0]]",0.0325000000884756,0.0304999998661514,0.0196000000869389,4.836099999920407,1.5106000000741917,4.015399999843794,6.804999999985739,7.592099999783386,0.001200000042445,0.040000000353757,12.543599999844446,12.583600000198205,"[[0, 0], [0, 0], [0, 0]]",0.7879999998294789
619,scheduled-after-result gen=551,66,264,0.275800000054005,2.7694999998857384,24.076599999716564,21.307099999830825,0.0129000000015366,18.128700256347656,"[[0, 0], [0, 0], [0, 0]]",0.0224999998863495,0.1357000001007691,0.0278000002253975,8.7561000000278,1.8346000001656648,5.177000000003318,7.951500000217493,9.129900000061753,0.0021999999262334,0.0660000000607397,18.12870000003386,18.1947000000946,"[[0, 0], [0, 0], [0, 0]]",5.8818999996219645
620,scheduled-after-result gen=552,66,264,0.3274000000601518,1.1150000000270666,11.786400000346475,10.671400000319409,0.0106000002233486,10.878499984741213,"[[0, 0], [0, 0], [0, 0]]",0.0233000000662286,0.0248000001192849,0.0207999996746366,5.088500000056229,1.4646999998149113,2.87499999967622,4.999999999654392,5.689199999778793,0.0015000000530562,0.042699999994511,10.878499999762424,10.921199999756936,"[[0, 0], [0, 0], [0, 0]]",0.8652000005895388
621,scheduled-after-result gen=553,66,264,0.3340999996908067,0.1280000001315784,15.898699999979726,15.770699999848148,0.011499999800435,9.917699813842772,"[[0, 0], [0, 0], [0, 0]]",0.0221000000237836,0.0245000001086737,0.0208999999813386,4.882800000359566,1.4659000003121037,2.8692000000773987,4.268099999990227,4.9392999999327,0.0013999997463542,0.0472000001536798,9.917700000187324,9.964900000341004,"[[0, 0], [0, 0], [0, 0]]",5.9337999996387225
622,scheduled-after-result gen=554,66,264,0.2908000001298205,1.3229000001047098,16.002899999875808,14.679999999771098,0.0106000002233486,13.75510025024414,"[[0, 0], [0, 0], [0, 0]]",0.0224999998863495,0.0237000003835419,0.0199999999495048,7.803200000125798,1.6270000000986329,3.303100000266568,4.777100000410428,5.829900000207999,0.0021000000742787,0.0730000001567532,13.755099999798404,13.828099999955157,"[[0, 0], [0, 0], [0, 0]]",2.1747999999206513
623,scheduled-after-result gen=555,66,264,0.2856000000974745,0.0539000002390821,20.158400000127585,20.104499999888503,0.0184999998964485,17.114099502563477,"[[0, 0], [0, 0], [0, 0]]",0.0341999998454412,0.0506000001223583,0.0313999998979852,9.153699999842502,2.857099999800994,5.561800000123185,7.04009999981281,7.806600000094477,0.0012999998943996,0.0430999998570769,17.11410000007163,17.157199999928707,"[[0, 0], [0, 0], [0, 0]]",3.001200000198878
624,scheduled-after-result gen=556,66,264,0.4684000000452215,1.0495999999875494,18.7964000001557,17.74680000016815,0.0090999997155449,17.6875,"[[0, 0], [0, 0], [0, 0]]",0.0303000001622422,0.1586999997016391,0.0288000001091859,8.800200000223413,2.87499999967622,4.780299999765703,7.552399999894988,8.608099999946717,0.0021000000742787,0.0622000002294953,17.687499999738066,17.74969999996756,"[[0, 0], [0, 0], [0, 0]]",1.0467000001881388
625,scheduled-after-result gen=557,66,264,0.2941000002465443,2.2708999999849766,12.932199999795555,10.66129999981058,0.0086000000010244,11.20740032196045,"[[0, 0], [0, 0], [0, 0]]",0.0245999999606283,0.0259999997069826,0.0205000001187727,4.809999999906722,2.1118000004207715,4.186200000276585,5.60780000023442,6.296600000041508,0.001200000042445,0.0432000001637788,11.207399999875634,11.250600000039412,"[[0, 0], [0, 0], [0, 0]]",1.681599999756143
626,scheduled-after-result gen=558,66,264,0.4859000000578817,0.2266000001327484,19.99019999993834,19.763599999805592,0.0144999999065476,16.146099090576172,"[[0, 0], [0, 0], [0, 0]]",0.0233000000662286,0.0371999999515537,0.0208999999813386,6.499000000076194,2.9583000000457105,5.646900000101596,8.29680000015287,9.507200000371084,0.0019999997675768,0.0774000000092201,16.14610000024186,16.22350000025108,"[[0, 0], [0, 0], [0, 0]]",3.766699999687262
627,scheduled-after-result gen=559,66,264,0.4771999997501552,1.953599999978905,23.322799999732524,21.36919999975362,0.0104999999166466,18.985200881958008,"[[0, 0], [0, 0], [0, 0]]",0.0311000003421213,0.0726000002941873,0.0289999998130952,8.998899999824062,2.935399999842048,5.822600000101375,8.638400000108959,9.797300000172982,0.0020000002223241,0.0671999996484373,18.985200000315672,19.05239999996411,"[[0, 0], [0, 0], [0, 0]]",4.270399999768415
628,scheduled-after-result gen=560,66,264,0.282599999991362,2.7248000001236505,15.981500000179947,13.256700000056298,0.0107999999272578,15.48960018157959,"[[0, 0], [0, 0], [0, 0]]",0.0314999997499398,0.0484000001961248,0.0301000000035855,6.472300000041287,2.312599999640952,5.009399999835296,7.677299999613751,8.842799999911222,0.0018999999156221,0.0721000001249194,15.489599999909842,15.561700000034762,"[[0, 0], [0, 0], [0, 0]]",0.4198000001451856
629,scheduled-after-result gen=561,66,264,0.2736999999797262,1.2078000004294154,10.87660000030155,9.668799999872135,0.0083999998423678,8.923399925231934,"[[0, 0], [0, 0], [0, 0]]",0.021899999865127,0.0252999998338054,0.0190000000657164,4.172899999957735,1.3591000001724751,2.670700000180659,3.981100000146398,4.65680000024804,0.0012999998943996,0.0418999998146318,8.923400000185211,8.965299999999843,"[[0, 0], [0, 0], [0, 0]]",1.9113000003017078
630,scheduled-after-result gen=562,66,264,0.3102999999100575,0.0615000003563181,18.08170000003884,18.02019999968252,0.0152000002344721,17.458599090576172,"[[0, 0], [0, 0], [0, 0]]",0.0358999996024067,0.0343000001521431,0.0267000000349071,8.075400000052468,2.765000000181317,5.404800000178511,8.043700000143872,9.223400000337278,0.0023000002329354,0.068700000156241,17.45859999982713,17.52729999998337,"[[0, 0], [0, 0], [0, 0]]",0.5544000000554696
631,scheduled-after-result gen=563,66,264,0.4935000001751177,1.0334999997212435,21.30989999977828,20.27640000005704,0.01029999975799,18.72520065307617,"[[0, 0], [0, 0], [0, 0]]",0.0322000000778643,0.0373000002582557,0.0296999996862723,8.71259999985341,2.9374999999163265,5.768600000010338,8.579199999985576,9.84859999971377,0.0022000003809807,0.0771999998505634,18.72520000006261,18.802399999913177,"[[0, 0], [0, 0], [0, 0]]",2.5074999998651037
632,scheduled-after-result gen=564,66,264,0.286200000118697,0.0570000001971493,19.70310000024256,19.646100000045408,0.0123999998322688,16.419099807739258,"[[0, 0], [0, 0], [0, 0]]",0.0311000003421213,0.2012999998441955,0.027200000204175,9.037999999691236,2.6697000002968707,5.076700000245182,6.407400000171037,7.085800000368181,0.0014000002011016,0.0463999999738007,16.419100000348408,16.46550000032221,"[[0, 0], [0, 0], [0, 0]]",3.237599999920352
633,scheduled-after-result gen=565,66,264,0.4854000003433611,0.1580999996804166,18.42759999999544,18.26950000031502,0.0147000000652042,17.921199798583984,"[[0, 0], [0, 0], [0, 0]]",0.0325999999404302,0.0359999999091087,0.0283999997918726,8.431300000211195,2.858700000160752,5.519900000308553,8.190700000341167,9.332999999969616,0.0019000003703695,0.0700000000506406,17.921199999818782,17.991199999869423,"[[0, 0], [0, 0], [0, 0]]",0.4364000001260173
634,scheduled-after-result gen=566,66,264,0.3185999999004707,2.221800000370422,15.404100000068864,13.182299999698444,0.0092000000222469,14.68280029296875,"[[0, 0], [0, 0], [0, 0]]",0.0240999997913604,0.1154000001406529,0.0275000002147862,7.577500000024884,2.679700000044249,4.836800000248331,6.21869999986302,6.904000000304222,0.0013999997463542,0.0430999998570769,14.682800000173302,14.72590000003038,"[[0, 0], [0, 0], [0, 0]]",0.6782000000384834
635,scheduled-after-result gen=567,66,264,0.5468000003929774,2.495799999906012,19.186900000022437,16.69110000011642,0.0104999999166466,17.984800338745117,"[[0, 0], [0, 0], [0, 0]]",0.0237999997807492,0.1013000000966712,0.0285999999505293,8.502599999701488,2.73399999969115,5.4100999996080645,8.089599999948405,9.269899999708286,0.0019999997675768,0.0660999999126943,17.98479999979463,18.05089999970733,"[[0, 0], [0, 0], [0, 0]]",1.1360000003151072
636,scheduled-after-result gen=568,66,264,0.3338999999868974,0.5863999999746738,15.28359999974782,14.697199999773147,0.0120999998216575,14.76360034942627,"[[0, 0], [0, 0], [0, 0]]",0.0261999998656392,0.0232999996114813,0.0202999999601161,4.972900000211666,2.9663000000255124,5.744600000070932,8.46640000008847,9.663499999987836,0.0018999999156221,0.0758999999561638,14.7636000001512,14.839500000107364,"[[0, 0], [0, 0], [0, 0]]",0.4440999996404553
637,scheduled-after-result gen=569,66,264,0.278600000001461,0.1142000000982079,15.01349999989543,14.899299999797222,0.0103000002127373,13.023900032043455,"[[0, 0], [0, 0], [0, 0]]",0.0236000000768399,0.0265999997282051,0.0193999999282823,4.620100000011007,1.5904000001683016,4.2669999997997365,7.126800000150979,8.28319999982341,0.0016999997569655,0.0734000000193191,13.023900000007416,13.097300000026737,"[[0, 0], [0, 0], [0, 0]]",1.9161999998686934
638,scheduled-after-result gen=570,66,264,0.2872000000024854,4.303000000163593,15.010399999937365,10.70739999977377,0.0079999999798019,11.269000053405762,"[[0, 0], [0, 0], [0, 0]]",0.0227999998969608,0.0626999999440158,0.0267999998868617,6.242699999802426,1.448399999844696,2.825200000188488,4.206999999951222,4.881700000169076,0.0011000001904903,0.0449000003754918,11.26899999962916,11.31390000000465,"[[0, 0], [0, 0], [0, 0]]",3.6964999999327137
639,scheduled-after-result gen=571,66,264,0.4512999998951272,0.0635999999758496,18.89370000026247,18.83010000028662,0.0131000001601933,16.978900909423828,"[[0, 0], [0, 0], [0, 0]]",0.027200000204175,0.0258000000030733,0.0202000001081614,7.550900000296679,2.810800000133895,5.492100000083156,8.1465000002936,9.297000000060509,0.0019999997675768,0.0701999997545499,16.97890000014013,17.04909999989468,"[[0, 0], [0, 0], [0, 0]]",1.844600000367791
640,scheduled-after-result gen=572,66,264,0.4665000001295993,1.0592999997243169,19.95249999981752,18.8932000000932,0.0160999998115585,18.855100631713867,"[[0, 0], [0, 0], [0, 0]]",0.0281000002360087,0.0396000000364438,0.0315000002046872,9.147400000074413,2.849900000001071,5.576600000040344,8.315399999901274,9.541299999909825,0.0027000000955013,0.0982999999905587,18.85510000010981,18.953400000100373,"[[0, 0], [0, 0], [0, 0]]",0.9990999997171457
641,scheduled-after-result gen=573,66,264,0.4748999999719672,1.0686000000532658,21.894500000144035,20.82590000009077,0.0162999999702151,18.776100158691406,"[[0, 0], [0, 0], [0, 0]]",0.0211000001399952,0.0317000003633438,0.0288000001091859,8.838000000196189,2.943299999969895,5.76199999977689,8.570200000121986,9.795599999961269,0.0018999999156221,0.0704000003679539,18.77609999974084,18.84650000010879,"[[0, 0], [0, 0], [0, 0]]",3.0480000000352447
642,scheduled-after-result gen=574,66,264,0.2739000001383829,1.2450999997781764,13.06899999963207,11.823899999853891,0.0097000001915148,10.074799537658691,"[[0, 0], [0, 0], [0, 0]]",0.0230000000556174,0.0273000000561296,0.0208999999813386,4.495199999837496,1.6319000001203676,3.272900000411028,4.758300000048621,5.476300000282208,0.001200000042445,0.0456000002486689,10.074799999983952,10.12040000023262,"[[0, 0], [0, 0], [0, 0]]",2.94859999939945
643,scheduled-after-result gen=575,66,264,0.2749000000221713,1.1936999999306863,11.372599999958766,10.17890000002808,0.0089000000116357,9.434200286865234,"[[0, 0], [0, 0], [0, 0]]",0.0221000000237836,0.0208000001293839,0.0191999997696257,4.441999999926338,1.4095000001361768,2.733100000114064,4.216400000132126,4.8996999998962565,0.001200000042445,0.044999999772699,9.434200000214332,9.479199999987031,"[[0, 0], [0, 0], [0, 0]]",1.8933999999717344
644,scheduled-after-result gen=576,66,264,0.2708000001803157,0.049100000069302,14.877400000386842,14.82830000031754,0.0110999999378691,9.352899551391602,"[[0, 0], [0, 0], [0, 0]]",0.0213999996958591,0.0243999998019717,0.0181000000338826,4.388700000163226,1.4146999997137757,2.791200000046956,4.1428999998061045,4.871399999956338,0.0011000001904903,0.040000000353757,9.352899999612418,9.392899999966176,"[[0, 0], [0, 0], [0, 0]]",5.484500000420667
645,scheduled-after-result gen=577,66,264,0.2776000001176726,1.3063000001238834,12.422000000242406,11.115700000118522,0.0092000000222469,10.35200023651123,"[[0, 0], [0, 0], [0, 0]]",0.0307999998767627,0.0242000000980624,0.0199999999495048,5.0006999999823165,1.7796000001908396,3.173600000081933,4.562100000384817,5.243699999937235,0.0014000002011016,0.0444000002062239,10.351999999784312,10.396399999990535,"[[0, 0], [0, 0], [0, 0]]",2.0256000002518704
646,scheduled-after-result gen=578,66,264,0.2757000002020504,0.0482999998894229,15.46779999989667,15.419500000007249,0.0098999998954241,14.690299987792969,"[[0, 0], [0, 0], [0, 0]]",0.0215000000025611,0.0339999996867845,0.0208000001293839,5.323199999565986,2.868599999601429,5.49460000002,8.105999999770575,9.236699999746634,0.0018999999156221,0.0646999997115926,14.690299999983836,14.754999999695428,"[[0, 0], [0, 0], [0, 0]]",0.7128000002012413
647,scheduled-after-result gen=579,66,264,0.2670000003490713,0.0506000001223583,14.790499999890017,14.739899999767658,0.0524000001860258,13.26609992980957,"[[0, 0], [0, 0], [0, 0]]",0.0219999997170816,0.0250000002779415,0.020699999822682,4.549300000235235,2.322599999843078,5.126099999870348,7.9193000001396285,8.616499999789085,0.0014000002011016,0.0443000003542692,13.266099999782456,13.310400000136724,"[[0, 0], [0, 0], [0, 0]]",1.4800999997532926
648,scheduled-after-result gen=580,66,264,0.256700000136334,2.7426999999988766,13.401799999883224,10.659099999884347,0.0093999997261562,10.437100410461426,"[[0, 0], [0, 0], [0, 0]]",0.0203999998120707,0.0199999999495048,0.0374000001102103,4.63690000015049,1.4640000003964817,2.858199999991484,4.445100000339153,5.663500000082422,0.0020999996195314,0.0641000001451175,10.437099999762722,10.50119999990784,"[[0, 0], [0, 0], [0, 0]]",2.900599999975384
649,scheduled-after-result gen=581,66,264,0.3093999998782237,2.1772000000055414,9.851100000105362,7.67390000009982,0.0091000001702923,9.42099952697754,"[[0, 0], [0, 0], [0, 0]]",0.0221000000237836,0.0245000001086737,0.0191999997696257,4.378599999654398,1.423400000021502,2.837499999714055,4.256799999893701,4.946600000039325,0.0013999997463542,0.0467999998363666,9.421000000202184,9.467800000038553,"[[0, 0], [0, 0], [0, 0]]",0.383300000066809
650,scheduled-after-result gen=582,66,264,0.2741000002970395,1.162199999725999,22.09279999988212,20.93060000015612,0.0120999998216575,17.704599380493164,"[[0, 0], [0, 0], [0, 0]]",0.0214000001506065,0.0289999998130952,0.0197000003936409,8.474600000226928,2.750499999820022,5.37739999981568,7.973199999923963,9.1032999998788,0.0020000002223241,0.0789000000622763,17.704600000342907,17.783500000405184,"[[0, 0], [0, 0], [0, 0]]",4.309299999476938
651,scheduled-after-result gen=583,66,264,0.4498999996940256,2.4951999998847896,19.2323999999644,16.73720000007961,0.0120999998216575,18.608800888061523,"[[0, 0], [0, 0], [0, 0]]",0.033399999665562,0.0428999996984202,0.0304999998661514,9.114400000271417,2.796400000079302,5.469900000207417,8.154300000114745,9.323199999926146,0.0021000000742787,0.0719999998182174,18.608800000038173,18.68079999985639,"[[0, 0], [0, 0], [0, 0]]",0.5516000001080101
652,scheduled-after-result gen=584,66,264,0.2909999998337298,1.1695999996845785,11.429099999986647,10.259500000302069,0.0425000002906017,10.359100341796877,"[[0, 0], [0, 0], [0, 0]]",0.0246999998125829,0.0321000002259097,0.019099999917671,4.450899999937974,2.023300000018935,3.5505999999259075,5.100299999867275,5.80020000006698,0.0011000001904903,0.0414999999520659,10.359100000187029,10.400600000139091,"[[0, 0], [0, 0], [0, 0]]",1.028499999847556
653,scheduled-after-result gen=585,66,264,0.2674000002116372,1.268500000151107,25.73690000008355,24.468399999932444,0.0089000000116357,18.21339988708496,"[[0, 0], [0, 0], [0, 0]]",0.0240999997913604,0.1521999997748935,0.0275000002147862,7.526100000177394,3.2037000000855187,6.361499999911757,9.317000000010012,10.443199999826902,0.0014000002011016,0.0404000002163229,18.21339999969496,18.25379999991128,"[[0, 0], [0, 0], [0, 0]]",7.483100000172271
654,scheduled-after-result gen=586,66,264,0.4484000000957167,2.0865000001322187,19.897099999980128,17.81059999984791,0.0093999997261562,19.096399307250977,"[[0, 0], [0, 0], [0, 0]]",0.0344000000040978,0.0710999997863837,0.0258000000030733,8.97709999981089,3.26630000017758,6.124800000179675,8.840599999984988,9.93670000025304,0.0021000000742787,0.0632999999652383,19.096400000307767,19.15970000027301,"[[0, 0], [0, 0], [0, 0]]",0.7373999997071188
655,scheduled-after-result gen=587,66,264,0.2855000002455199,0.0512000001435808,17.3464999998032,17.29529999965962,0.0099999997473787,13.149999618530272,"[[0, 1], [0, 1], [0, 1]]",0.0224000000343949,0.0528000000485917,0.0273999999080842,8.112599999549275,1.5367999999398307,3.043900000193389,4.432400000041525,4.902300000139803,0.0012999998943996,0.0411999999414547,13.150000000223372,13.191200000164828,"[[0, 1], [0, 1], [0, 1]]",4.1552999996383715
656,scheduled-after-result gen=588,66,264,0.2802999997584265,1.1992999998255982,19.01320000024498,17.81390000041938,0.0108000003820052,18.10460090637207,"[[0, 1], [0, 1], [0, 1]]",0.0301000000035855,0.1659999998082639,0.0283999997918726,8.748499999910564,2.785799999855953,5.499899999904301,8.228499999859196,9.066099999927246,0.002299999778188,0.0804000001153326,18.10459999978775,18.184999999903084,"[[0, 1], [0, 1], [0, 1]]",0.8282000003418943
657,scheduled-after-result gen=589,66,264,0.2822000001287961,0.0471000003017252,18.51710000028106,18.469999999979336,0.0146000002132495,16.572399139404297,"[[0, 0], [0, 0], [0, 0]]",0.0239000000874511,0.0355000001945882,0.0280999997812614,9.007899999687652,2.786500000183878,4.267300000265095,6.232900000213704,7.419099999879108,0.0018000000636675,0.0638999999864609,16.57240000031379,16.636300000300253,"[[0, 0], [0, 0], [0, 0]]",1.880799999980809
658,scheduled-after-result gen=590,66,264,0.2821999996740487,1.2432999997145089,20.58889999989333,19.34560000017882,0.0111999997898237,18.162399291992188,"[[0, 1], [0, 1], [0, 1]]",0.0223000001824402,0.0257000001511187,0.0195000002349843,8.944000000155938,3.015499999946769,5.73530000019673,8.370300000024145,9.09750000027998,0.0017000002117129,0.0657000000501284,18.16240000016478,18.22810000021491,"[[0, 1], [0, 1], [0, 1]]",2.36079999967842
659,scheduled-after-result gen=591,66,264,0.4750999996758764,0.9603999997125356,21.816599999965547,20.85620000025301,0.0108999997792125,18.64539909362793,"[[0, 1], [0, 1], [0, 1]]",0.0306000001728534,0.118899999961286,0.0293000002784538,8.834599999772763,2.739199999723496,5.723399999624235,8.826099999623693,9.57559999960722,0.0017000002117129,0.0678999999763618,18.645399999968504,18.713299999944866,"[[0, 1], [0, 1], [0, 1]]",3.103300000020681
660,scheduled-after-result gen=592,66,264,0.2813999999489169,0.0603999997110804,9.799800000109826,9.739400000398746,0.0132999998641025,9.072199821472168,"[[0, 1], [0, 1], [0, 1]]",0.0248000001192849,0.0279999999293067,0.020699999822682,4.435899999862158,1.3986999997541716,2.7581999997892126,4.111199999897508,4.531300000053307,0.001200000042445,0.0485000000480795,9.072199999991426,9.120700000039506,"[[0, 1], [0, 1], [0, 1]]",0.6791000000703207
661,scheduled-after-result gen=593,66,264,0.2925999997387407,0.0635999999758496,19.58979999972144,19.526199999745582,0.0337999999828753,17.09950065612793,"[[0, 1], [0, 1], [0, 1]]",0.0314999997499398,0.0326999997923849,0.0223000001824402,7.840799999939918,2.7164000002812827,5.62660000014148,8.373000000119646,9.111700000175915,0.0021000000742787,0.0694999998813727,17.09949999985838,17.168999999739754,"[[0, 1], [0, 1], [0, 1]]",2.4207999999816856
662,scheduled-after-result gen=594,66,264,0.2807000000757398,0.05440000040835,9.948700000222743,9.894299999814391,0.0107999999272578,9.185999870300291,"[[0, 1], [0, 1], [0, 1]]",0.0233000000662286,0.0245000001086737,0.020400000266818,4.426599999987957,1.4166999999360996,2.7736000001823413,4.234300000007352,4.662400000142952,0.001200000042445,0.0394000003325345,9.18599999977232,9.225400000104855,"[[0, 1], [0, 1], [0, 1]]",0.723300000117888
663,scheduled-after-result gen=595,66,264,0.2958999998554645,0.0582000002395943,18.906800000422663,18.84860000018307,0.0157999998009472,17.864599227905273,"[[0, 1], [0, 1], [0, 1]]",0.0310000000354193,0.0350999998772749,0.0213000002986518,8.44890000007581,2.972499999941647,5.713099999866245,8.462000000236003,9.263500000088245,0.0020000002223241,0.0820000000203435,17.864599999938946,17.94659999995929,"[[0, 1], [0, 1], [0, 1]]",0.9602000004633737
664,scheduled-after-result gen=596,66,264,0.2752999998847372,0.6917000000612461,18.938599999728467,18.24689999966722,0.0099000003501714,15.802599906921388,"[[0, 1], [0, 1], [0, 1]]",0.0302999997074948,0.0373000002582557,0.0285000000985746,7.492900000215741,2.889299999878858,4.715399999895453,7.702800000060961,8.177599999726226,0.0013999997463542,0.0455999997939216,15.8025999999154,15.848199999709324,"[[0, 1], [0, 1], [0, 1]]",3.0904000000191427
665,scheduled-after-result gen=597,66,264,0.2736999999797262,3.2252999999400345,10.296999999809486,7.071699999869452,0.0092000000222469,9.164600372314451,"[[0, 1], [0, 1], [0, 1]]",0.0209999998332932,0.0278000002253975,0.0194000003830296,4.338299999744777,1.4340000002448503,2.930600000127015,4.310799999984738,4.73069999998188,0.0012999998943996,0.0406000003749795,9.164599999621714,9.205199999996694,"[[0, 1], [0, 1], [0, 1]]",1.0917999998127925
666,scheduled-after-result gen=598,66,264,0.3277999999227177,1.219400000081805,12.8816999999799,11.662299999898096,0.0097000001915148,10.38640022277832,"[[0, 0], [0, 0], [0, 0]]",0.023099999907572,0.0242000000980624,0.0187999999070598,4.835999999613705,1.640500000121392,3.1829999998080893,4.708299999947485,5.450900000141701,0.001300000349147,0.0417999999626772,10.38639999978841,10.428199999751088,"[[0, 0], [0, 0], [0, 0]]",2.4535000002288108
667,scheduled-after-result gen=599,66,264,0.2887000000555417,1.2265000000297732,14.930100000128732,13.70360000009896,0.0092000000222469,14.181400299072266,"[[0, 1], [0, 1], [0, 1]]",0.0493000002279586,0.033499999972264,0.0264999998762505,7.287599999926897,1.5103999999155349,3.041100000245933,5.826600000091275,6.728400000156398,0.0017999996089201,0.061900000218884,14.181399999870337,14.24330000008922,"[[0, 1], [0, 1], [0, 1]]",0.6868000000395114
668,scheduled-after-result gen=600,66,264,0.2743000000009488,0.0528999999005463,15.108299999610608,15.055399999710062,0.0085000001490698,9.355299949645996,"[[0, 0], [0, 1], [0, 1]]",0.0317999997605511,0.017899999875226,0.0194999997802369,4.385300000194548,1.44929999987653,2.895300000091084,4.298299999845767,4.869800000051328,0.0015000000530562,0.0447000002168351,9.355299999697309,9.399999999914144,"[[0, 0], [0, 1], [0, 1]]",5.7082999996964645
669,scheduled-after-result gen=601,66,264,0.2788000001601176,2.198500000304193,9.89400000025853,7.695499999954336,0.0077999998211453,9.770899772644045,"[[0, 0], [0, 0], [0, 1]]",0.0221999998757382,0.0247999996645376,0.0189000002137618,4.649699999845325,1.521099999990838,2.9232000001684355,4.373600000235456,5.022400000143534,0.001200000042445,0.0519000000167579,9.770899999693938,9.822799999710696,"[[0, 0], [0, 0], [0, 1]]",0.07120000054783304
670,scheduled-after-result gen=602,66,264,0.2638999999362568,4.294400000162568,12.010300000383722,7.715900000221154,0.0082000001384585,9.595999717712402,"[[0, 0], [0, 1], [0, 1]]",0.0223000001824402,0.0148999997691134,0.0195000002349843,4.611299999851326,1.4303000002655608,2.880800000184536,4.252600000199891,4.8986000001605134,0.0012999998943996,0.0394999997297418,9.596000000328786,9.635500000058528,"[[0, 0], [0, 1], [0, 1]]",2.3748000003251946
671,scheduled-after-result gen=603,66,264,0.262899999597721,0.6907000001774577,9.838599999966393,9.147899999788931,0.0081999996837112,9.592700004577637,"[[0, 0], [0, 1], [0, 1]]",0.0213999996958591,0.023099999907572,0.0200999998014594,4.626699999789707,1.5217000000120606,2.847499999916181,4.3098000001009495,4.868099999839615,0.001200000042445,0.0411999999414547,9.592699999757317,9.63389999969877,"[[0, 0], [0, 1], [0, 1]]",0.20470000026762314
672,scheduled-after-result gen=604,66,264,0.2832999998645391,2.2484999999505817,20.09150000003501,17.84300000008443,0.0112000002445711,18.024999618530277,"[[0, 1], [0, 1], [0, 1]]",0.0238000002354965,0.136099999963335,0.0829999999041319,9.313300000030722,3.0277000000751286,5.533100000320701,7.586500000343221,8.408600000166189,0.0018999999156221,0.0823000000309548,18.025000000307045,18.107300000338,"[[0, 1], [0, 1], [0, 1]]",1.984199999697008
673,scheduled-after-result gen=605,66,264,0.2754000001914392,4.316099999869039,13.020399999732035,8.704299999862997,0.0142999997478909,12.199299812316896,"[[0, 0], [0, 1], [0, 1]]",0.0229000002036627,0.0617999999121821,0.0268999997388164,7.126900000002934,1.457700000173645,2.8437999999368917,4.36119999994844,4.925300000195421,0.0013999997463542,0.0473000000056345,12.199300000247604,12.246600000253238,"[[0, 0], [0, 1], [0, 1]]",0.773799999478797
674,scheduled-after-result gen=606,66,264,0.2865000001293083,2.679100000023027,20.957799999905543,18.27869999988252,0.0112000002445711,18.26320075988769,"[[0, 1], [0, 1], [0, 1]]",0.0234999997701379,0.0268999997388164,0.0205999999707273,8.623499999885098,3.021800000169605,5.785299999843119,8.540700000139623,9.506999999757682,0.0020999996195314,0.0660000000607397,18.26319999963744,18.329199999698176,"[[0, 1], [0, 1], [0, 1]]",2.628600000207367
675,scheduled-after-result gen=607,66,264,0.4592999998749292,1.021300000047631,20.25210000010702,19.23080000005939,0.0093999997261562,17.14259910583496,"[[0, 1], [0, 1], [0, 1]]",0.0311999997393286,0.1111000001401407,0.0265000003309978,8.691300000009505,2.753199999915523,5.533900000045833,7.803200000125798,8.248099999946135,0.001200000042445,0.0425000002906017,17.142599999715458,17.18510000000606,"[[0, 1], [0, 1], [0, 1]]",3.067000000100961
676,scheduled-after-result gen=608,66,264,0.4705999999714549,0.0828000002002227,19.739600000320934,19.65680000012071,0.0157999998009472,18.57460021972656,"[[0, 0], [0, 1], [0, 1]]",0.0320999997711624,0.0340999999934865,0.034700000014709,8.791199999905075,2.9659000001629465,5.760900000041147,8.61380000014833,9.605700000065552,0.0020000002223241,0.0706000000718631,18.574599999737984,18.645199999809847,"[[0, 0], [0, 1], [0, 1]]",1.0944000005110865
677,scheduled-after-result gen=609,66,264,0.3050999998777115,1.265999999759515,16.115999999783526,14.85000000002401,0.0090000003183376,12.035599708557127,"[[0, 0], [0, 1], [0, 1]]",0.0246000004153756,0.0226000001930515,0.0414000001001113,6.3289999998232815,2.033700000083627,3.536400000029971,4.934600000069622,5.58420000015758,0.0012999998943996,0.0426000001425563,12.035600000217528,12.078200000360084,"[[0, 0], [0, 1], [0, 1]]",4.0377999994234415
678,scheduled-after-result gen=610,66,264,0.4589999998643179,1.10210000002553,17.76160000008531,16.65950000005978,0.0169999998433922,13.147100448608398,"[[0, 0], [0, 1], [0, 1]]",0.0251000001298962,0.0248999999712395,0.0209999998332932,4.882400000042253,1.739499999985128,4.279100000076141,7.126799999696232,8.13609999977416,0.00240000008489,0.0658999997540377,13.147099999969214,13.212999999723252,"[[0, 0], [0, 1], [0, 1]]",4.5486000003620575
679,scheduled-after-result gen=611,66,264,0.288899999759451,2.7172000000064145,17.45570000002772,14.738500000021304,0.0175999998646148,13.44200038909912,"[[0, 0], [0, 1], [0, 1]]",0.0294000001304084,0.0298999998449289,0.0196999999388935,6.291300000157207,1.5113999997993233,3.4187999999630847,5.77949999978955,7.023499999831984,0.0019000003703695,0.0583999999435036,13.44199999994089,13.500399999884394,"[[0, 0], [0, 1], [0, 1]]",3.9553000001433247
680,scheduled-after-result gen=612,66,264,0.3008999997291539,1.2335999999777414,20.02540000012232,18.791800000144576,0.0183000001925393,18.53510093688965,"[[0, 0], [0, 1], [0, 1]]",0.0227999998969608,0.1197000001411652,0.0283999997918726,8.905499999855238,2.814199999647826,5.570599999828119,8.375999999771011,9.397399999670595,0.0021000000742787,0.0757999996494618,18.53510000000824,18.610899999657704,"[[0, 0], [0, 1], [0, 1]]",1.414500000464617
681,scheduled-after-result gen=613,66,264,0.4665000001295993,1.0298000001967011,17.31400000016947,16.28419999997277,0.0457999999525782,13.194600105285645,"[[0, 1], [0, 1], [0, 1]]",0.0305000003208988,0.0387999998565646,0.029499999982363,8.08790000019144,1.467099999899801,2.905099999679805,4.449499999736872,4.973099999915576,0.001200000042445,0.0433000000157335,13.194600000133503,13.23790000014924,"[[0, 1], [0, 1], [0, 1]]",4.076100000020231
682,scheduled-after-result gen=614,66,264,0.2552999999352323,2.795700000206125,14.493399999992109,11.697699999785982,0.0097000001915148,9.32919979095459,"[[0, 1], [0, 1], [0, 1]]",0.0214000001506065,0.0255999998444167,0.0205000001187727,4.367499999716529,1.4103999997132632,2.7960999996139435,4.3499999997038685,4.865899999913381,0.001099999735743,0.0427999998464656,9.329200000138371,9.371999999984835,"[[0, 1], [0, 1], [0, 1]]",5.121400000007274
683,scheduled-after-result gen=615,66,264,0.4556999997475941,1.0900999996010796,20.49689999967086,19.40680000006978,0.0107999999272578,18.330299377441406,"[[0, 1], [0, 1], [0, 1]]",0.0265000003309978,0.024400000256719,0.0848999998197541,8.910699999887584,3.083900000092399,5.795600000055856,8.47490000023754,9.231700000327692,0.0017000002117129,0.0611000000390049,18.330299999888663,18.39139999992767,"[[0, 1], [0, 1], [0, 1]]",2.105499999743188
684,scheduled-after-result gen=616,66,264,0.2782999999908497,1.2225999998918269,13.45579999997426,12.233200000082434,0.0087999997049337,10.598999977111816,"[[0, 1], [0, 1], [0, 1]]",0.023099999907572,0.0249999998231942,0.0194999997802369,5.6005999999797496,1.480600000377308,2.9598999999507214,4.450200000064797,4.9008999999387015,0.0011000001904903,0.0487999996039434,10.599000000183878,10.64779999978782,"[[0, 1], [0, 1], [0, 1]]",2.808000000186441
685,scheduled-after-result gen=617,66,264,0.2586000000519561,3.2426000002487854,12.399700000059966,9.15709999981118,0.0082000001384585,9.642399787902832,"[[0, 1], [0, 1], [0, 1]]",0.0218000000131723,0.024400000256719,0.0189000002137618,4.61810000024343,1.5680000001339067,2.984400000059395,4.430299999967247,4.930000000058499,0.0012999998943996,0.0485000000480795,9.64239999984784,9.69089999989592,"[[0, 1], [0, 1], [0, 1]]",2.708800000164045
686,scheduled-after-result gen=618,66,264,0.2776999999696272,1.1757000002035056,10.30590000027587,9.130200000072364,0.01029999975799,9.76140022277832,"[[0, 0], [0, 0], [0, 1]]",0.0216000003092631,0.0221999998757382,0.0211999999919498,4.738300000099116,1.4966000003369118,2.8669000002992107,4.255700000157958,4.9258000003646885,0.001200000042445,0.0442999998995219,9.761400000115827,9.80570000001535,"[[0, 0], [0, 0], [0, 1]]",0.50020000026052
687,scheduled-after-result gen=619,66,264,0.2611999998407555,1.1957000001530105,14.51919999999518,13.32349999984217,0.0117999998110462,10.307600021362305,"[[0, 0], [0, 0], [0, 1]]",0.0219000003198743,0.0245999999606283,0.0192999996215803,4.7064999998838175,1.8278999996255152,3.296899999895686,4.779500000040571,5.509599999641068,0.0014000002011016,0.0432000001637788,10.307600000032837,10.350800000196614,"[[0, 0], [0, 0], [0, 1]]",4.168399999798567
688,scheduled-after-result gen=620,66,264,0.2794000001813401,2.696300000025076,11.780199999975594,9.083899999950518,0.0086000000010244,9.487199783325195,"[[0, 0], [0, 1], [0, 1]]",0.0226999995902588,0.0236999999287945,0.0189000002137618,4.601399999955902,1.4250999997784677,2.801499999804946,4.1635999996287865,4.793299999619194,0.001200000042445,0.0431999997090315,9.487199999966831,9.530399999675865,"[[0, 0], [0, 1], [0, 1]]",2.2498000002997287
689,scheduled-after-result gen=621,66,264,0.2776000001176726,2.7711000002454966,14.502900000024963,11.731799999779469,0.0086000000010244,9.346799850463867,"[[0, 0], [0, 0], [0, 0]]",0.0216999997064704,0.0253999996857601,0.0188000003618071,4.3114000000059605,1.472100000228238,2.858000000287575,4.269100000328763,4.940900000292459,0.0011999995876976,0.0414999999520659,9.346800000002986,9.388299999955052,"[[0, 0], [0, 0], [0, 0]]",5.1146000000699114
690,scheduled-after-result gen=622,66,264,0.27460000001156,2.7374999999665306,13.02029999988008,10.28279999991355,0.0096000003395602,10.199299812316896,"[[0, 0], [0, 0], [0, 0]]",0.0209999998332932,0.0229000002036627,0.0183000001925393,4.731099999844446,1.6476999999213149,3.124899999875197,4.675700000007055,5.372300000090036,0.001200000042445,0.0475000001642911,10.19929999984015,10.24680000000444,"[[0, 0], [0, 0], [0, 0]]",2.773499999875641
691,scheduled-after-result gen=623,66,264,0.2794000001813401,2.7658999997584037,10.311900000033347,7.546000000274944,0.0079999999798019,10.039999961853027,"[[0, 0], [0, 0], [0, 0]]",0.0220999995690363,0.0226000001930515,0.0187999999070598,4.640799999833689,1.636099999814178,3.1186999999590626,4.619599999841739,5.303199999616481,0.0010000003385357,0.0414000001001113,10.03999999966254,10.081399999762652,"[[0, 0], [0, 0], [0, 0]]",0.23050000027069473
692,scheduled-after-result gen=624,66,264,0.2724999999372812,2.2471000002042274,10.308299999906012,8.061199999701785,0.0089000000116357,9.393199920654297,"[[0, 0], [0, 0], [0, 0]]",0.0227000000450061,0.0227000000450061,0.018000000181928,4.463700000087556,1.420499999767344,2.7993999997306678,4.1648999999779335,4.833299999972951,0.0011000001904903,0.0419000002693792,9.393199999976789,9.435100000246166,"[[0, 0], [0, 0], [0, 0]]",0.8731999996598461
693,scheduled-after-result gen=625,66,264,0.2678000000742031,1.2910999998894113,12.076100000285804,10.785000000396394,0.0125000001389707,9.887200355529783,"[[0, 0], [0, 0], [0, 0]]",0.0213000002986518,0.0251000001298962,0.0196999999388935,4.544000000350934,1.5844999998080311,3.0723999998372165,4.571899999973539,5.247099999905913,0.0009999998837884,0.053100000059203,9.887200000321172,9.940300000380375,"[[0, 0], [0, 0], [0, 0]]",2.1357999999054282
694,scheduled-after-result gen=626,66,264,0.2712000000428816,2.748200000041834,12.896899999759626,10.148699999717792,0.0083999998423678,9.812399864196776,"[[0, 0], [0, 0], [0, 0]]",0.0214000001506065,0.0248999999712395,0.019200000224373,4.6575000001212175,1.4588000003641357,2.9105000003255554,4.400499999974272,5.06100000029619,0.0011000001904903,0.0405000000682775,9.812400000100752,9.85290000016903,"[[0, 0], [0, 0], [0, 0]]",3.0439999995905964
695,scheduled-after-result gen=627,66,264,0.2745000001596054,1.2323999999352964,16.008900000088033,14.776500000152735,0.008699999852979,10.535699844360352,"[[0, 0], [0, 0], [0, 0]]",0.0221000000237836,0.0254999999924621,0.0185000003511959,4.900099999758822,1.543500000025233,2.9807000000801054,4.422299999987445,5.517500000223663,0.0016999997569655,0.0621999997747479,10.53570000021864,10.597899999993388,"[[0, 0], [0, 0], [0, 0]]",5.411000000094646
696,scheduled-after-result gen=628,66,264,0.2844000000550295,1.222200000029261,16.02520000005825,14.803000000028987,0.0092000000222469,10.03600025177002,"[[0, 0], [0, 0], [0, 0]]",0.0203999998120707,0.0248000001192849,0.0193000000763277,4.632399999991321,1.564199999847915,3.1222999996316503,4.634200000054989,5.311099999744329,0.0014000002011016,0.044000000343658,10.03599999967264,10.080000000016298,"[[0, 0], [0, 0], [0, 0]]",5.94520000004195
697,scheduled-after-result gen=629,66,264,0.2728999997998471,1.2628999998014478,12.944799999786484,11.681899999985037,0.0091999995674996,10.025799751281738,"[[0, 0], [0, 0], [0, 0]]",0.0224999998863495,0.024400000256719,0.0188999997590144,4.728800000066258,1.4873999998599174,2.972199999931036,4.500699999880453,5.199099999572354,0.0014000002011016,0.0409000003855908,10.025799999766605,10.066700000152196,"[[0, 0], [0, 0], [0, 0]]",2.878099999634289
698,scheduled-after-result gen=630,66,264,0.2874000001611421,1.237299999957031,11.864900000091438,10.627600000134407,0.0101999999060353,10.666199684143066,"[[0, 0], [0, 0], [0, 0]]",0.0233999999181833,0.0237999997807492,0.0187000000551051,4.977099999905477,1.776600000084727,3.382800000053976,4.91039999997156,5.592699999851902,0.001099999735743,0.0513999998474901,10.666199999832315,10.717599999679804,"[[0, 0], [0, 0], [0, 0]]",1.1473000004116347
699,scheduled-after-result gen=631,66,264,0.2661999997144448,2.7317999997649167,17.421600000034232,14.689800000269315,0.0079000001278473,11.53730010986328,"[[0, 0], [0, 0], [0, 0]]",0.0208999999813386,0.0572000003558059,0.0387999998565646,5.7005000003300665,1.7745000000104485,3.398000000288448,4.988099999991391,5.685999999968772,0.001300000349147,0.0427999998464656,11.53729999987263,11.580099999719096,"[[0, 0], [0, 0], [0, 0]]",5.841500000315136
700,scheduled-after-result gen=632,66,264,0.4585000001497974,1.119799999742099,13.39559999996709,12.27580000022499,0.0104999999166466,10.22480010986328,"[[0, 0], [0, 0], [0, 0]]",0.023200000214274,0.0274999997600389,0.0199999999495048,4.907500000172149,1.6008000002329936,3.0881000002409564,4.540299999916897,5.212399999891204,0.0014000002011016,0.0442000000475673,10.22480000028736,10.269000000334929,"[[0, 0], [0, 0], [0, 0]]",3.1265999996321607
701,scheduled-after-result gen=633,66,264,0.2771999998003593,1.2732999998661398,13.45339999988937,12.18010000002323,0.0103999996099446,10.17710018157959,"[[0, 0], [0, 0], [0, 0]]",0.0216000003092631,0.0218000000131723,0.0190000000657164,4.912500000045839,1.5234000002237735,3.0461000001196226,4.499500000292755,5.1732000001720735,0.001300000349147,0.0414000001001113,10.177099999964412,10.218500000064523,"[[0, 0], [0, 0], [0, 0]]",3.2348999998248473
702,scheduled-after-result gen=634,66,264,0.2691999998205574,1.210599999922124,13.515799999822775,12.305199999900651,0.0420999999732885,10.515399932861328,"[[0, 0], [0, 0], [0, 0]]",0.0217000001612177,0.0255999998444167,0.0194999997802369,4.90669999999227,1.673199999913777,3.2848000000740285,4.823599999781436,5.510500000127649,0.0013999997463542,0.0481000001855136,10.515399999803776,10.56349999998929,"[[0, 0], [0, 0], [0, 0]]",2.9522999998334853
703,scheduled-after-result gen=635,66,264,0.273399999969115,1.2292000001252743,12.86309999977675,11.633899999651476,0.0095000000328582,9.921099662780762,"[[0, 0], [0, 0], [0, 0]]",0.0207000002774293,0.0243000004047644,0.0211999999919498,4.688600000008592,1.5811000002941,3.0303000003186757,4.47840000015276,5.13890000001993,0.0014000002011016,0.0399999998990097,9.921100000156002,9.961100000055012,"[[0, 0], [0, 0], [0, 0]]",2.9019999997217383
704,scheduled-after-result gen=636,66,264,0.2727000000959378,4.246899999998277,14.99790000025314,10.751000000254862,0.0082000001384585,10.708600044250488,"[[0, 0], [0, 0], [0, 0]]",0.0214000001506065,0.023099999907572,0.0181999998858373,5.081499999960215,1.534499999706895,3.197600000021339,4.816499999833468,5.531299999802286,0.0015000000530562,0.039799999740353,10.708600000270962,10.748400000011316,"[[0, 0], [0, 0], [0, 0]]",4.249500000241824
705,scheduled-after-result gen=637,66,264,0.2800000002025626,0.0889000002644024,11.90790000009656,11.818999999832158,0.0092999998742016,10.627699851989746,"[[0, 0], [0, 0], [0, 0]]",0.0210999996852478,0.2054000001407985,0.0270000000455183,5.227300000115065,1.5371999998023966,3.00199999992401,4.4459000000642845,5.115800000112358,0.0015000000530562,0.0433999998676881,10.627699999986362,10.67109999985405,"[[0, 0], [0, 0], [0, 0]]",1.2368000002425106
706,scheduled-after-result gen=638,66,264,0.2813000000969623,1.1786999998548708,13.316499999746156,12.137799999891286,0.0095000000328582,10.692399978637695,"[[0, 0], [0, 0], [0, 0]]",0.0222999997276929,0.0261000000136846,0.019200000224373,5.101300000205811,1.6243000000031316,3.240999999889027,4.8153999996429775,5.491599999913888,0.0012999998943996,0.0471999996989325,10.692400000152702,10.739599999851634,"[[0, 0], [0, 0], [0, 0]]",2.576899999894522
707,scheduled-after-result gen=639,66,264,0.2561000001151114,1.2595000002875167,12.859100000241597,11.59959999995408,0.0095000000328582,10.049500465393066,"[[0, 0], [0, 0], [0, 0]]",0.0218000000131723,0.0227999998969608,0.0177000001713167,4.8986000001605134,1.5127000001484705,2.9424000003928086,4.373400000076799,5.056599999988976,0.0013999997463542,0.03870000000461,10.049500000150148,10.088200000154757,"[[0, 0], [0, 0], [0, 0]]",2.77090000008684
708,scheduled-after-result gen=640,66,264,0.3030999996553873,1.1648999998215004,11.32309999957215,10.15819999975065,0.0090000003183376,10.25220012664795,"[[0, 0], [0, 0], [0, 0]]",0.0224000000343949,0.0258000000030733,0.0190000000657164,4.913200000373763,1.5147999997680015,2.9704999997193227,4.554099999950267,5.238999999619409,0.001200000042445,0.042800000301213,10.252199999740697,10.29500000004191,"[[0, 0], [0, 0], [0, 0]]",1.028099999530241
709,scheduled-after-result gen=641,66,264,0.2801000000545173,0.6749999997737177,13.1295000001046,12.45450000033088,0.0106000002233486,10.937000274658203,"[[0, 0], [0, 0], [0, 0]]",0.0226000001930515,0.0251000001298962,0.0196000000869389,5.155199999990145,1.6774999999142892,3.365300000041316,4.992300000139949,5.683400000179972,0.001200000042445,0.039900000047055,10.937000000012633,10.976900000059686,"[[0, 0], [0, 0], [0, 0]]",2.152600000044913
710,scheduled-after-result gen=642,66,264,0.2691999998205574,1.2655999998969492,18.487700000150653,17.222100000253704,0.0113999999484804,10.451700210571287,"[[0, 0], [0, 0], [0, 0]]",0.0215999998545157,0.0137000001814158,0.0196999999388935,5.08220000028814,1.6458999998576471,3.168400000049587,4.613900000094873,5.285100000037346,0.0014000002011016,0.0423000001319451,10.451699999975972,10.494000000107915,"[[0, 0], [0, 0], [0, 0]]",7.993700000042738
711,scheduled-after-result gen=643,66,264,0.2781000002869405,1.343899999938003,12.828800000079356,11.484900000141351,0.0086000000010244,10.775500297546388,"[[0, 0], [0, 0], [0, 0]]",0.0215000000025611,0.019099999917671,0.0193000000763277,5.279599999994389,1.6203000000132306,3.1023999999888474,4.684999999881256,5.404800000178511,0.0015999999050109,0.0463999999738007,10.775500000363536,10.821900000337337,"[[0, 0], [0, 0], [0, 0]]",2.0068999997420196
712,scheduled-after-result gen=644,66,264,0.2766000002338842,0.0469000001430686,12.110600000141858,12.06369999999879,0.0085000001490698,10.383899688720703,"[[0, 0], [0, 0], [0, 0]]",0.0454999999419669,0.0247999996645376,0.0323999997817736,5.062300000190589,1.5387999997074076,2.962000000025,4.506899999796588,5.183899999792629,0.0015000000530562,0.0395000001844891,10.383899999851565,10.423400000036054,"[[0, 0], [0, 0], [0, 0]]",1.687200000105804
713,scheduled-after-result gen=645,66,264,0.3068000000894244,2.7378999998290965,11.376999999811233,8.639099999982136,0.0080999998317565,10.903499603271484,"[[0, 0], [0, 0], [0, 0]]",0.0239999999394058,0.2230999998573679,0.0365000000783766,5.425600000307895,1.5545999999631022,3.0266000003393856,4.483600000185106,5.15350000023318,0.001200000042445,0.044000000343658,10.90349999958562,10.947499999929278,"[[0, 0], [0, 0], [0, 0]]",0.42949999988195486
714,scheduled-after-result gen=646,66,264,0.2753999997366918,1.2870999998995103,11.982699999862234,10.695599999962724,0.0091000001702923,9.984999656677246,"[[0, 0], [0, 0], [0, 0]]",0.021899999865127,0.0257000001511187,0.021899999865127,4.856000000017957,1.5186000000539934,2.923099999861733,4.361600000265753,5.0265999998373445,0.001200000042445,0.0406999997721868,9.985000000142463,10.02569999991465,"[[0, 0], [0, 0], [0, 0]]",1.956999999947584
715,scheduled-after-result gen=647,66,264,0.2620000000206346,1.3148000002729532,10.505300000204445,9.19049999993149,0.0091000001702923,10.288999557495115,"[[0, 0], [0, 0], [0, 0]]",0.0210000002880406,0.0247999996645376,0.019099999917671,4.94780000008177,1.5772000001561537,3.089400000135356,4.5767999999952735,5.247399999916524,0.0011000001904903,0.0514999996994447,10.289000000284432,10.340499999983876,"[[0, 0], [0, 0], [0, 0]]",0.16480000022056807
716,scheduled-after-result gen=648,66,264,0.2912999998443411,1.3095000003886526,10.606499999994412,9.29699999960576,0.0078000002758926,10.192700386047363,"[[0, 0], [0, 0], [0, 0]]",0.0213999996958591,0.0194999997802369,0.0176000003193621,4.765199999837932,1.463300000068557,3.294600000117498,4.660799999783194,5.33850000010716,0.001200000042445,0.0402000000576663,10.192699999606702,10.232899999664369,"[[0, 0], [0, 0], [0, 0]]",0.37360000033004326
717,scheduled-after-result gen=649,66,264,0.2830000003086752,1.2127999998483574,10.368199999902572,9.155400000054216,0.0084000002971151,9.884099960327148,"[[0, 0], [0, 0], [0, 0]]",0.0223000001824402,0.0235000002248852,0.019099999917671,4.778499999702035,1.5309999998862622,2.948500000002241,4.345800000010058,5.011600000216276,0.001300000349147,0.0466999999844119,9.884099999908358,9.93079999989277,"[[0, 0], [0, 0], [0, 0]]",0.43740000000980217
718,scheduled-after-result gen=650,66,264,0.2684000000954256,1.3271999996504746,17.04589999962991,15.718699999979435,0.011600000107137,10.11769962310791,"[[0, 0], [0, 0], [0, 0]]",0.0215999998545157,0.0562999998692248,0.0207999996746366,4.888699999810342,1.5003000003162017,2.966500000184169,4.411400000208232,5.098600000110309,0.001200000042445,0.0426000001425563,10.117699999682372,10.160299999824929,"[[0, 0], [0, 0], [0, 0]]",6.885599999804981
719,scheduled-after-result gen=651,66,264,0.4536000001280627,0.0772000003053108,10.75910000008662,10.681899999781308,0.0095000000328582,9.48900032043457,"[[0, 0], [0, 0], [0, 0]]",0.0319000000672531,0.0399999998990097,0.0215000000025611,4.499500000292755,1.4506999996228842,2.826299999924231,4.192299999886018,4.865199999585457,0.001200000042445,0.0462000002698914,9.4890000000305,9.535200000300392,"[[0, 0], [0, 0], [0, 0]]",1.2238999997862283
720,scheduled-after-result gen=652,66,264,0.2770000000964501,1.244099999894388,12.991000000056374,11.746900000161986,0.0093999997261562,9.916799545288086,"[[0, 0], [0, 0], [0, 0]]",0.0216999997064704,0.0211999999919498,0.0182999997377919,4.657299999962561,1.462900000205991,2.865500000098109,4.476200000226527,5.166100000224105,0.0013999997463542,0.048000000333559,9.916799999700745,9.964800000034302,"[[0, 0], [0, 0], [0, 0]]",3.0262000000220723
721,scheduled-after-result gen=653,66,264,0.4558000000542961,1.0579999998299172,23.62269999957789,22.56469999974797,0.0135000000227591,18.74469947814941,"[[0, 0], [0, 0], [0, 0]]",0.0259000003097753,0.0475000001642911,0.0279000000773521,9.050800000295569,2.8965000001335284,5.631699999867124,8.310899999742105,9.529299999940122,0.002299999778188,0.0718999999662628,18.7447000002976,18.81660000026386,"[[0, 0], [0, 0], [0, 0]]",4.8060999993140285
722,scheduled-after-result gen=654,66,264,0.4641000000447093,0.0795999999354535,22.467999999662425,22.38839999972697,0.016800000139483,19.332599639892575,"[[0, 0], [0, 0], [0, 0]]",0.0329999998029961,0.0430000000051222,0.0318000002152984,9.56029999997554,3.02430000010645,5.769700000200828,8.481400000164285,9.598600000117584,0.0021999999262334,0.0921999999263789,19.33259999987058,19.42479999979696,"[[0, 0], [0, 0], [0, 0]]",3.0431999998654646
723,scheduled-after-result gen=655,66,264,0.2838999998857616,1.2231999999130494,21.52960000012172,20.30640000020867,0.0113999999484804,19.38990020751953,"[[0, 0], [0, 0], [0, 0]]",0.0224999998863495,0.0546999999642139,0.028299999939918,9.203500000239728,3.135299999939889,6.125399999746151,8.854100000007747,10.02199999993536,0.0020000002223241,0.070899999627727,19.38990000007834,19.46079999970607,"[[0, 0], [0, 0], [0, 0]]",2.068800000415653
724,scheduled-after-result gen=656,66,264,0.329199999669072,2.186499999879743,10.858099999950356,8.671600000070612,0.0097000001915148,9.697099685668944,"[[0, 0], [0, 0], [0, 0]]",0.021899999865127,0.0227999998969608,0.019099999917671,4.529599999841594,1.4571000001524226,2.935399999842048,4.379500000140979,5.073799999991024,0.001300000349147,0.0442999998995219,9.697099999812052,9.741399999711575,"[[0, 0], [0, 0], [0, 0]]",1.1167000002387812
725,scheduled-after-result gen=657,66,264,0.2865000001293083,1.3604000000668748,11.259699999754956,9.899299999688084,0.0079000001278473,9.48740005493164,"[[0, 0], [0, 0], [0, 0]]",0.0207999996746366,0.0211999999919498,0.0175000000126601,4.377499999918655,1.3559999997596606,2.752299999883689,4.324600000018108,5.021800000122312,0.001200000042445,0.0407000002269342,9.487399999670744,9.528099999897677,"[[0, 0], [0, 0], [0, 0]]",1.7315999998572789
726,scheduled-after-result gen=658,66,264,0.2715999999054475,1.2750999999298074,11.90679999990607,10.631699999976265,0.0085000001490698,9.496100425720217,"[[0, 0], [0, 0], [0, 0]]",0.0208000001293839,0.0230000000556174,0.0169999998433922,4.513500000030035,1.4155999997456092,2.799200000026758,4.212299999835523,4.892299999937677,0.0012999998943996,0.0420999999732885,9.496099999978467,9.538199999951756,"[[0, 0], [0, 0], [0, 0]]",2.3685999999543146
727,scheduled-after-result gen=659,66,264,0.2871000001505308,0.7177000002229761,19.94210000020757,19.2243999999846,0.0082999999904131,18.96109962463379,"[[0, 0], [0, 0], [0, 0]]",0.0307999998767627,0.0343000001521431,0.0196999999388935,9.44439999966562,2.800400000069203,5.551100000047882,8.2406000001356,9.380200000123295,0.0018000000636675,0.0634000002719403,18.961099999614817,19.02449999988676,"[[0, 0], [0, 0], [0, 0]]",0.9176000003208102
728,scheduled-after-result gen=660,66,264,0.4712999998446321,2.479300000231888,22.146300000258638,19.667000000026743,0.0105000003713939,18.352399826049805,"[[0, 0], [0, 0], [0, 0]]",0.0319999999192077,0.0405000000682775,0.0297000001410197,8.558099999845581,2.7244000002610846,5.759600000146747,8.48100000030172,9.626800000205549,0.0021000000742787,0.0850000001264561,18.35239999991245,18.437400000038902,"[[0, 0], [0, 0], [0, 0]]",3.708900000219735
729,scheduled-after-result gen=661,66,264,0.2888000003622437,0.0530000002072483,23.593200000050278,23.540199999843026,0.0129999998534913,17.43199920654297,"[[0, 0], [0, 0], [0, 0]]",0.0291999999717518,0.0513999998474901,0.0205999999707273,7.568699999865203,2.9285999999046908,5.701999999928376,8.52759999997943,9.701200000108656,0.0021999999262334,0.0823000000309548,17.432000000098924,17.51430000012988,"[[0, 0], [0, 0], [0, 0]]",6.078899999920399
730,scheduled-after-result gen=662,66,264,0.4484000000957167,4.0416000001641805,17.19630000025063,13.15470000008645,0.0112000002445711,9.834099769592283,"[[0, 0], [0, 0], [0, 0]]",0.0215000000025611,0.0168999999914376,0.0188999997590144,4.836099999920407,1.428200000191282,2.814800000123796,4.231700000218552,4.9113000000033935,0.001200000042445,0.0418999998146318,9.834099999807222,9.875999999621854,"[[0, 0], [0, 0], [0, 0]]",7.320300000628777
731,scheduled-after-result gen=663,66,264,0.4297999998925661,1.0792999996738215,18.885899999986577,17.806600000312756,0.0089999998635903,18.53030014038086,"[[0, 0], [0, 0], [0, 0]]",0.022000000171829,0.0380000001314329,0.029499999982363,8.859800000209361,2.8772999999091557,5.565999999816995,8.346899999651214,9.52259999985472,0.0019000003703695,0.0667999997858714,18.53030000029321,18.59710000007908,"[[0, 0], [0, 0], [0, 0]]",0.2887999999074964
732,scheduled-after-result gen=664,66,264,0.2776999999696272,1.274900000225898,18.69329999999536,17.418399999769463,0.0104999999166466,17.132299423217773,"[[0, 0], [0, 0], [0, 0]]",0.0222000003304856,0.0245999999606283,0.0191000003724184,8.594899999934569,2.8075000000171717,4.236700000092242,7.236500000090018,8.40939999989132,0.0023000002329354,0.0958999999056686,17.132300000412215,17.228200000317884,"[[0, 0], [0, 0], [0, 0]]",1.4650999996774772
733,scheduled-after-result gen=665,66,264,0.2834000001712411,0.1253000000360771,18.901399999776917,18.77609999974084,0.0109999996311671,16.809499740600586,"[[0, 0], [0, 0], [0, 0]]",0.0227000000450061,0.0259000003097753,0.0191999997696257,8.403200000429933,2.7977999998256564,5.56959999994433,7.538100000147097,8.304800000132673,0.0014000002011016,0.0391000003219232,16.80949999990844,16.848600000230363,"[[0, 0], [0, 0], [0, 0]]",2.0527999995465542
734,scheduled-after-result gen=666,66,264,0.2779999999802385,1.7338000002382614,17.00380000011137,15.269999999873107,0.0098000000434694,12.178199768066406,"[[0, 0], [0, 0], [0, 0]]",0.0237999997807492,0.2449999997224949,0.0271999997494276,5.126300000029005,2.3599999999532884,4.656899999645248,6.052499999896099,6.719900000007328,0.0012999998943996,0.0402000000576663,12.17819999965286,12.218399999710527,"[[0, 0], [0, 0], [0, 0]]",4.785400000400841
735,scheduled-after-result gen=667,66,264,0.2835999998751504,0.6745999999111518,14.319899999918562,13.64530000000741,0.011499999800435,9.891200065612791,"[[0, 0], [0, 0], [0, 0]]",0.0227000000450061,0.0222999997276929,0.0182000003405846,4.845899999963876,1.5193999997791252,2.9278999995767663,4.262499999640568,4.950699999881181,0.0012999998943996,0.0428999996984202,9.891200000311072,9.934100000009494,"[[0, 0], [0, 0], [0, 0]]",4.385799999909068
736,scheduled-after-result gen=668,66,264,0.2687999999579915,0.0499999996463884,11.876199999733217,11.826200000086828,0.0079999999798019,9.957200050354004,"[[0, 0], [0, 0], [0, 0]]",0.0210999996852478,0.034700000014709,0.0184000000444939,4.819299999780924,1.5554000001429813,2.972600000248349,4.362199999832228,5.034400000113237,0.0012999998943996,0.0405999999202322,9.957199999917066,9.997799999837298,"[[0, 0], [0, 0], [0, 0]]",1.8783999998959189
737,scheduled-after-result gen=669,66,264,0.2762000003713183,1.6744999998081769,12.632899999971414,10.958400000163238,0.0092999998742016,10.48840045928955,"[[0, 0], [0, 0], [0, 0]]",0.0223000001824402,0.0264000000242958,0.0188999997590144,5.016600000089966,1.5442999997503648,3.2049999999799184,4.666999999699328,5.37369999983639,0.001200000042445,0.0410999996347527,10.488400000213003,10.529499999847758,"[[0, 0], [0, 0], [0, 0]]",2.1034000001236564
738,scheduled-after-result gen=670,66,264,0.428999999712687,2.128500000253553,11.198300000160089,9.069799999906536,0.0091000001702923,9.812399864196776,"[[0, 0], [0, 0], [0, 0]]",0.0205999999707273,0.0199000000975502,0.0198000002455955,4.637399999865011,1.5098000003490597,2.956100000119477,4.400000000259752,5.083500000182539,0.001300000349147,0.0455999997939216,9.812400000100752,9.857999999894671,"[[0, 0], [0, 0], [0, 0]]",1.340300000265417
739,scheduled-after-result gen=671,66,264,0.2598000000944012,0.0473000000056345,12.03010000017457,11.982800000168936,0.008699999852979,9.730299949645996,"[[0, 0], [0, 0], [0, 0]]",0.0227000000450061,0.0237999997807492,0.0191000003724184,4.560700000183715,1.5364999999292197,2.990800000134186,4.386900000099558,5.074600000170904,0.0015000000530562,0.0433000000157335,9.730300000228452,9.773600000244189,"[[0, 0], [0, 0], [0, 0]]",2.256499999930382
740,scheduled-after-result gen=672,66,264,0.260300000263669,2.774499999759428,11.970699999892531,9.196200000133103,0.0092000000222469,9.67490005493164,"[[0, 0], [0, 0], [0, 0]]",0.0213000002986518,0.0249999998231942,0.0211999999919498,4.500599999573751,1.547500000015134,2.9392000001280394,4.387500000120781,5.07549999974799,0.0014000002011016,0.0436000000263447,9.674899999936317,9.71849999996266,"[[0, 0], [0, 0], [0, 0]]",2.2521999999298714
741,scheduled-after-result gen=673,66,264,0.2672000000529806,0.7373999997071223,14.403399999991962,13.66600000028484,0.0111999997898237,9.956100463867188,"[[0, 0], [0, 0], [0, 0]]",0.0198000002455955,0.0171000001500942,0.0194999997802369,4.574699999920995,1.550099999803933,3.0702999997629377,4.601899999670422,5.293299999721057,0.0012999998943996,0.0538999997843347,9.956100000181324,10.009999999965656,"[[0, 0], [0, 0], [0, 0]]",4.393400000026306
742,scheduled-after-result gen=674,66,264,0.2786999998534156,1.23940000003131,14.377699999840845,13.138299999809531,0.0101000000540807,9.597399711608888,"[[0, 0], [0, 0], [0, 0]]",0.021899999865127,0.0234000003729306,0.019200000224373,4.504900000029011,1.559600000291539,2.9459000002134417,4.320000000006985,4.997500000172295,0.0013999997463542,0.0416000002587679,9.597399999620391,9.63899999987916,"[[0, 0], [0, 0], [0, 0]]",4.7386999999616854
743,scheduled-after-result gen=675,66,264,0.2745000001596054,1.2354999998933636,11.873899999955029,10.638400000061663,0.0099999997473787,9.593299865722656,"[[0, 0], [0, 0], [0, 0]]",0.0225000003410968,0.0273000000561296,0.0194999997802369,4.546600000139733,1.448799999707262,2.915399999892543,4.273399999874528,4.947500000071159,0.001200000042445,0.0418999998146318,9.593300000233285,9.635200000047917,"[[0, 0], [0, 0], [0, 0]]",2.238699999907112
744,scheduled-after-result gen=676,66,264,0.278600000001461,1.3490000001183944,13.177599999835364,11.828599999716973,0.0124000002870161,9.905400276184082,"[[0, 0], [0, 0], [0, 0]]",0.0213000002986518,0.0194999997802369,0.017899999875226,4.778299999998126,1.5106000000741917,2.9740000004494505,4.340400000273803,5.040900000039983,0.0013999997463542,0.0379999996766855,9.90540000020701,9.943399999883695,"[[0, 0], [0, 0], [0, 0]]",3.2341999999516684
745,scheduled-after-result gen=677,66,264,0.2795999998852494,0.0536000002284708,9.98200000003635,9.92839999980788,0.0081000002865039,9.45069980621338,"[[0, 0], [0, 0], [0, 0]]",0.0233000000662286,0.0254000001405074,0.0201999996534141,4.503699999986566,1.4443999998547952,2.7912999998989108,4.182700000001205,4.846899999847665,0.0009999998837884,0.0415000004068133,9.450699999888457,9.49220000029527,"[[0, 0], [0, 0], [0, 0]]",0.4897999997410807
746,scheduled-after-result gen=678,66,264,0.269299999672512,1.3899999999011925,10.554899999988264,9.164900000087073,0.0079000001278473,10.116000175476074,"[[0, 0], [0, 0], [0, 0]]",0.022000000171829,0.0240999997913604,0.0190000000657164,4.9048999999286025,1.4678000002277258,2.9577999998764426,4.428900000220892,5.112499999995634,0.001200000042445,0.0393000000258325,10.116000000380154,10.155300000405989,"[[0, 0], [0, 0], [0, 0]]",0.399599999582275
747,scheduled-after-result gen=679,66,264,0.2677999996194558,0.1035000000229047,14.372099999945933,14.268599999923026,0.0121999996736121,10.135600090026855,"[[0, 0], [0, 0], [0, 0]]",0.0233999999181833,0.0236000000768399,0.0181000000338826,4.7591000002285,1.5919999996185652,3.0598999996982457,4.550799999833544,5.279900000005,0.0012999998943996,0.0414999999520659,10.135600000012346,10.177099999964412,"[[0, 0], [0, 0], [0, 0]]",4.194999999981521
748,scheduled-after-result gen=680,66,264,0.2681000000848144,2.7718999999706284,12.897399999928894,10.125499999958263,0.0089000000116357,9.677300453186035,"[[0, 0], [0, 0], [0, 0]]",0.0207000002774293,0.0267999998868617,0.0198999996428028,4.433000000062748,1.4843999997538049,2.892099999826314,4.456699999991542,5.146499999682419,0.0015000000530562,0.0478000001749023,9.677300000021203,9.725100000196107,"[[0, 0], [0, 0], [0, 0]]",3.172299999732786
749,scheduled-after-result gen=681,66,264,0.2647000001161359,1.2734000001728418,11.411400000270078,10.138000000097236,0.0080999998317565,10.04669952392578,"[[0, 0], [0, 0], [0, 0]]",0.0223000001824402,0.1428000000487372,0.0212999998439045,4.5992000000296684,1.4668999997411447,2.895300000091084,4.538400000001275,5.230899999787653,0.0012999998943996,0.0430999998570769,10.04670000020269,10.089800000059768,"[[0, 0], [0, 0], [0, 0]]",1.32160000021031
750,scheduled-after-result gen=682,66,264,0.2595999999357445,2.805199999784236,14.57380000010744,11.768600000323204,0.0089000000116357,10.033300399780272,"[[0, 0], [0, 0], [0, 0]]",0.0238000002354965,0.0238000002354965,0.0193000000763277,4.852600000049279,1.437400000213529,2.852400000392663,4.378500000257191,5.082000000129483,0.001300000349147,0.0444000002062239,10.033300000031886,10.07770000023811,"[[0, 0], [0, 0], [0, 0]]",4.49609999986933
751,scheduled-after-result gen=683,66,264,0.2689000002646935,1.2167999998382584,12.9228000000694,11.706000000231144,0.0082999999904131,10.88539981842041,"[[0, 0], [0, 0], [0, 0]]",0.0213999996958591,0.0243999998019717,0.0193000000763277,4.64479999982359,1.617299999907118,3.952299999582465,5.44999999965512,6.144799999674433,0.0014000002011016,0.0451999999313557,10.885400000006484,10.93059999993784,"[[0, 0], [0, 0], [0, 0]]",1.9922000001315592
752,scheduled-after-result gen=684,66,264,0.269399999979214,1.765399999840156,13.345599999865954,11.580200000025798,0.01029999975799,9.913700103759766,"[[0, 0], [0, 0], [0, 0]]",0.0228000003517081,0.0273000000561296,0.0208999999813386,4.844699999921431,1.4871999997012608,2.891799999815703,4.246799999691575,4.965599999650294,0.0013999997463542,0.0402999999096209,9.913700000197425,9.954000000107044,"[[0, 0], [0, 0], [0, 0]]",3.3915999997589097
753,scheduled-after-result gen=685,66,264,0.2729000002545945,1.2073999996573548,12.440199999673496,11.23280000001614,0.0082000001384585,10.231599807739258,"[[0, 0], [0, 0], [0, 0]]",0.0225999997383041,0.0244999996539263,0.0211000001399952,5.084800000076939,1.6344000000572123,3.0256999998528045,4.382600000099046,5.0498000000516186,0.0012999998943996,0.0417000001107226,10.23159999976997,10.273299999880692,"[[0, 0], [0, 0], [0, 0]]",2.166899999792804
754,scheduled-after-result gen=686,66,264,0.2738000002864282,0.0513999998474901,11.373699999694509,11.32229999984702,0.0110000000859145,10.154399871826172,"[[0, 0], [0, 0], [0, 0]]",0.0215000000025611,0.0236000000768399,0.0183000001925393,4.856900000049791,1.458399999592075,2.912799999648996,4.517599999871891,5.2042999996047,0.0013999997463542,0.0454999999419669,10.154399999919406,10.199899999861373,"[[0, 0], [0, 0], [0, 0]]",1.173799999833136
755,scheduled-after-result gen=687,66,264,0.3134999997200793,1.11239999978352,14.36650000005102,13.2541000002675,0.008699999852979,10.435199737548828,"[[0, 0], [0, 0], [0, 0]]",0.0221000000237836,0.0239000000874511,0.019200000224373,5.0914000003103865,1.7261000002690707,3.160799999932351,4.535300000043208,5.24730000006457,0.001099999735743,0.0392000001738779,10.4351999998471,10.474400000020978,"[[0, 0], [0, 0], [0, 0]]",3.8921000000300428
756,scheduled-after-result gen=688,66,264,0.2979999999297433,2.2447000001193373,13.992900000175725,11.748200000056386,0.042800000301213,10.964400291442873,"[[0, 0], [0, 0], [0, 0]]",0.0212999998439045,0.0276999999186955,0.0211999999919498,4.953399999976682,1.4576000003216905,3.860000000258879,5.205400000249938,5.907000000206608,0.001300000349147,0.0418999998146318,10.964399999920715,11.006299999735347,"[[0, 0], [0, 0], [0, 0]]",2.9866000004403777
757,scheduled-after-result gen=689,66,264,0.4572000002553977,1.0741999999481775,15.937399999984336,14.86320000003616,0.0141999998959363,10.360199928283691,"[[0, 0], [0, 0], [0, 0]]",0.0311000003421213,0.0367000002370332,0.0405000000682775,4.727099999854545,1.7652999999882013,3.261100000145234,4.777499999818247,5.487699999775941,0.0011000001904903,0.0457999999525782,10.360200000377516,10.406000000330096,"[[0, 0], [0, 0], [0, 0]]",5.531399999654241
758,scheduled-after-result gen=690,66,264,0.2604999999675783,1.283300000068266,11.404400000174064,10.121100000105798,0.008699999852979,9.604299545288086,"[[0, 0], [0, 0], [0, 0]]",0.0202999999601161,0.0159999999596038,0.019200000224373,4.434299999957148,1.3946999997642706,2.7517999997144216,4.351099999894359,5.085499999950116,0.0012999998943996,0.0395000001844891,9.604299999864452,9.64380000004894,"[[0, 0], [0, 0], [0, 0]]",1.760600000125125
759,scheduled-after-result gen=691,66,264,0.2849000002242974,1.2257000003046414,14.473100000031993,13.24739999972735,0.0186999996003578,11.674099922180176,"[[0, 0], [0, 0], [0, 0]]",0.0195999996321916,0.0254000001405074,0.0203999998120707,5.981899999824236,1.9869000002472603,3.484899999875779,4.870799999935116,5.593800000042393,0.0015000000530562,0.0468000002911139,11.674099999709142,11.720900000000256,"[[0, 0], [0, 0], [0, 0]]",2.7522000000317366
760,scheduled-after-result gen=692,66,264,0.2662000001691922,3.245800000058807,13.603999999759251,10.358199999700446,0.0451999999313557,9.844599723815918,"[[0, 0], [0, 0], [0, 0]]",0.0233000000662286,0.0484999995933321,0.0188999997590144,4.725700000108191,1.498300000093877,2.941299999747571,4.304799999772513,4.997199999706936,0.0012999998943996,0.0423000001319451,9.844599999723869,9.886899999855814,"[[0, 0], [0, 0], [0, 0]]",3.7170999999034375
761,scheduled-after-result gen=693,66,264,0.2660000000105356,3.2567999996899744,12.011799999982031,8.755000000292057,0.0092999998742016,9.336700439453123,"[[0, 0], [0, 0], [0, 0]]",0.0221999998757382,0.021899999865127,0.0208000001293839,4.387899999983347,1.3748999999734224,2.7050000003328023,4.188800000065385,4.854700000123557,0.0012999998943996,0.0485999999000341,9.336699999948904,9.38529999984894,"[[0, 0], [0, 0], [0, 0]]",2.626500000133092
762,scheduled-after-result gen=694,66,264,0.2845999997589388,1.2214999997013365,16.480700000101933,15.259200000400597,0.0395000001844891,10.145899772644045,"[[0, 0], [0, 0], [0, 0]]",0.0221000000237836,0.0261999998656392,0.019099999917671,4.71979999974792,1.5698000001975745,2.996300000177144,4.631499999959488,5.3272000000106345,0.001200000042445,0.0403999997615756,10.145900000225083,10.18629999998666,"[[0, 0], [0, 0], [0, 0]]",6.294400000115273
763,scheduled-after-result gen=695,66,264,0.2702000001590932,1.7628000000513566,12.82779999974082,11.064999999689462,0.0092000000222469,9.540599822998049,"[[0, 0], [0, 0], [0, 0]]",0.0212999998439045,0.0245999999606283,0.0181000000338826,4.624100000000908,1.5149000000747035,2.843100000063714,4.152100000283099,4.823300000225572,0.001200000042445,0.0402999999096209,9.540600000036648,9.580899999946269,"[[0, 0], [0, 0], [0, 0]]",3.246899999794552
764,scheduled-after-result gen=696,66,264,0.2795000000332948,0.0623000000814499,11.433099999976548,11.370799999895098,0.0098000000434694,10.17300033569336,"[[0, 0], [0, 0], [0, 0]]",0.0221000000237836,0.0185000003511959,0.0207000002774293,4.474100000152248,1.4200000000528237,3.2172999999602325,4.910499999823514,5.604899999980262,0.001300000349147,0.0430000000051222,10.173000000122556,10.21600000012768,"[[0, 0], [0, 0], [0, 0]]",1.2170999998488679
765,scheduled-after-result gen=697,66,264,0.2592000000731786,1.2800999998034968,12.879599999905622,11.599500000102124,0.0101000000540807,10.577500343322754,"[[0, 0], [0, 0], [0, 0]]",0.0239000000874511,0.0473000000056345,0.0267000000349071,5.146499999682419,1.5322000003834546,3.172900000208756,4.557200000363082,5.296500000440574,0.0013999997463542,0.0463000001218461,10.57749999972657,10.623799999848416,"[[0, 0], [0, 0], [0, 0]]",2.2558000000572065
766,scheduled-after-result gen=698,66,264,0.4493000001275504,1.051400000051217,11.2568999998075,10.205499999756285,0.0089000000116357,10.428299903869627,"[[0, 0], [0, 0], [0, 0]]",0.0224999998863495,0.0259000003097753,0.0191999997696257,5.060599999978876,1.4409999998861167,3.135799999654409,4.586499999732041,5.264399999759917,0.0014000002011016,0.0422999996771977,10.428300000057789,10.470599999734986,"[[0, 0], [0, 0], [0, 0]]",0.7863000000725133
767,scheduled-after-result gen=699,66,264,0.2765999997791368,0.2576000001681677,16.078600000128063,15.820999999959897,0.0105999997686012,13.603699684143066,"[[0, 0], [0, 0], [0, 0]]",0.0215000000025611,0.0248000001192849,0.0193999999282823,4.883200000222132,2.8268999999454536,5.690299999969284,7.930199999918841,8.62409999990632,0.001300000349147,0.0454999999419669,13.603699999748642,13.649199999690609,"[[0, 0], [0, 0], [0, 0]]",2.429400000437454
768,scheduled-after-result gen=700,66,264,0.2664000003278488,1.245299999936833,20.550700000057983,19.305400000121157,0.0157999998009472,18.327899932861328,"[[0, 0], [0, 0], [0, 0]]",0.0224000000343949,0.0239000000874511,0.0202000001081614,8.43319999967207,2.840399999968213,5.663500000082422,8.56549999980416,9.76859999991575,0.002299999778188,0.0810999999885098,18.327900000258524,18.409000000247037,"[[0, 0], [0, 0], [0, 0]]",2.141699999810946
769,scheduled-after-result gen=701,66,264,0.4822999999305466,2.587400000265916,22.348299999976007,19.76089999971009,0.0132000000121479,19.719900131225582,"[[0, 0], [0, 0], [0, 0]]",0.0309000001834647,0.0313999998979852,0.0288999999611405,9.068500000012136,2.8742999998030427,6.085399999847141,9.318500000063068,10.501299999759794,0.0023000002329354,0.0710000003891764,19.719899999927293,19.79090000031647,"[[0, 0], [0, 0], [0, 0]]",2.5573999996595376
770,scheduled-after-result gen=702,66,264,0.2901000002566434,1.2426999996932864,19.01559999987512,17.772900000181835,0.0211999999919498,16.48430061340332,"[[0, 0], [0, 0], [0, 0]]",0.0342000003001885,0.045100000079401,0.0305000003208988,6.393099999968399,3.062599999793747,5.98409999975047,8.799400000043534,9.92019999966942,0.0021999999262334,0.0667999997858714,16.48430000022927,16.55110000001514,"[[0, 0], [0, 0], [0, 0]]",2.4644999998599815
771,scheduled-after-result gen=703,66,264,0.2676000003702938,2.2625999999945634,23.571799999899667,21.309199999905104,0.0093000003289489,19.598899841308597,"[[0, 0], [0, 0], [0, 0]]",0.0308999997287173,0.0352999995811842,0.0279999999293067,9.23819999979969,3.01209999997809,6.074200000057317,8.993000000373286,10.206900000412134,0.0023999996301427,0.0715999999556515,19.598899999891728,19.67049999984738,"[[0, 0], [0, 0], [0, 0]]",3.901300000052288
772,scheduled-after-result gen=704,66,264,0.2783999998428044,1.2294999996811384,17.550999999912165,16.321500000231026,0.008699999852979,10.446399688720703,"[[0, 0], [0, 0], [0, 0]]",0.0227999998969608,0.0249999998231942,0.0199000000975502,5.081999999674736,1.5508999999838124,3.035900000213587,4.577100000005885,5.265599999802362,0.001200000042445,0.0402999999096209,10.446400000091671,10.486700000001292,"[[0, 0], [0, 0], [0, 0]]",7.064299999910872
773,scheduled-after-result gen=705,66,264,0.5021000001761422,1.0494999996808474,26.98119999968185,25.931700000001,0.0149000002238608,24.63999938964844,"[[0, 0], [0, 0], [0, 0]]",0.0322000000778643,0.0804000001153326,0.0313999998979852,11.185800000021118,4.133400000227994,7.963500000187196,11.696000000029017,13.233600000148726,0.0021999999262334,0.0973999999587249,24.640000000090367,24.73740000004909,"[[0, 0], [0, 0], [0, 0]]",2.24379999963276
774,scheduled-after-result gen=706,66,264,0.263100000211125,1.273999999739317,11.964599999828351,10.690600000089034,0.0095000000328582,10.119600296020508,"[[0, 0], [0, 0], [0, 0]]",0.0237999997807492,0.0251999999818508,0.0203999998120707,4.914400000416208,1.6405999999733467,3.0479999995804974,4.423899999892456,5.104799999571696,0.0013999997463542,0.0460000001112348,10.119600000052742,10.165600000163977,"[[0, 0], [0, 0], [0, 0]]",1.7989999996643746
775,scheduled-after-result gen=707,66,264,0.2764000000752276,1.1983999997937644,14.934100000118631,13.735700000324869,0.0202000001081614,9.853099822998049,"[[0, 0], [0, 0], [0, 0]]",0.0221000000237836,0.0230000000556174,0.0185999997484032,4.723000000012689,1.5392999998766754,3.004700000019511,4.370699999981298,5.036500000187516,0.001200000042445,0.0463000001218461,9.853099999872938,9.899399999994785,"[[0, 0], [0, 0], [0, 0]]",5.034700000123847
776,scheduled-after-result gen=708,66,264,0.4708999999820662,1.1033999999199295,21.91840000023149,20.81500000031156,0.0113000000965257,19.3838005065918,"[[0, 0], [0, 0], [0, 0]]",0.0240999997913604,0.0611999998909595,0.02840000024662,9.271199999602686,3.1452000002900604,6.0988999998699,8.787199999915174,9.938200000306097,0.0019999997675768,0.0651999998808605,19.38380000001416,19.448999999895022,"[[0, 0], [0, 0], [0, 0]]",2.469400000336467
777,scheduled-after-result gen=709,66,264,0.288899999759451,0.0531999999111576,19.640800000161107,19.58760000024995,0.0098999998954241,16.41939926147461,"[[0, 0], [0, 0], [0, 0]]",0.0208000001293839,0.0986000000011699,0.0282000000879634,9.10119999980452,2.842699999746401,5.036499999732769,6.426899999951274,7.135199999993347,0.0014000002011016,0.0500000001011358,16.41939999990427,16.469400000005407,"[[0, 0], [0, 0], [0, 0]]",3.1714000001556997
778,scheduled-after-result gen=710,66,264,0.2727999999478925,2.8262000000722765,10.333299999729206,7.50709999965693,0.0094999995781108,9.934499740600586,"[[0, 0], [0, 0], [0, 0]]",0.0230000000556174,0.0227000000450061,0.0193000000763277,4.870299999765848,1.5199999998003475,2.8757000000041444,4.244799999923998,4.976199999873643,0.0014000002011016,0.0401000002057116,9.93449999987206,9.974600000077771,"[[0, 0], [0, 0], [0, 0]]",0.35869999965143506
779,scheduled-after-result gen=711,66,264,0.4662999999709427,0.0752000000829866,22.3587000000407,22.283499999957712,0.0171000001500942,18.61849975585937,"[[0, 0], [0, 0], [0, 0]]",0.0317000003633438,0.0337000001309206,0.0288999999611405,8.972800000265124,2.754499999809923,5.471699999816337,8.306100000027072,9.490599999935512,0.0018999999156221,0.0706999999238178,18.618500000229687,18.689200000153505,"[[0, 0], [0, 0], [0, 0]]",3.6694999998871936
780,scheduled-after-result gen=712,66,264,0.2974999997604755,1.2068999999428345,17.54949999985911,16.342599999916274,0.0115000002551823,11.501500129699709,"[[0, 0], [0, 0], [0, 0]]",0.0211999999919498,0.0251999999818508,0.019099999917671,5.790699999579374,2.229700000043522,3.565600000001723,4.92420000000493,5.613199999970675,0.0012999998943996,0.0420000001213338,11.501500000122178,11.543500000243512,"[[0, 0], [0, 0], [0, 0]]",6.005999999615597
781,scheduled-after-result gen=713,66,264,0.273500000275817,0.0722999998288287,14.678799999728652,14.606499999899825,0.0098999998954241,13.003000259399414,"[[0, 0], [0, 0], [0, 0]]",0.021899999865127,0.0657000000501284,0.0342999996973958,7.296100000075967,1.5892999999778112,3.270599999723345,4.8269999997501145,5.520100000012462,0.0014000002011016,0.051500000154192,13.003000000026075,13.05450000018027,"[[0, 0], [0, 0], [0, 0]]",1.6242999995483824
782,scheduled-after-result gen=714,66,264,0.4469000000426604,0.9872999999060994,14.358800000081828,13.371500000175727,0.008699999852979,13.377099990844728,"[[0, 0], [0, 0], [0, 0]]",0.033399999665562,0.0482999998894229,0.0291999999717518,5.999500000143598,1.4347999999699823,2.9368000000431493,6.040999999640917,7.209399999737798,0.0018000000636675,0.0598999999965599,13.37710000007064,13.4370000000672,"[[0, 0], [0, 0], [0, 0]]",0.9218000000146276
783,scheduled-after-result gen=715,66,264,0.2724000000853266,1.3020000001233711,12.912799999867277,11.610799999743904,0.0125000001389707,10.078700065612791,"[[0, 0], [0, 0], [0, 0]]",0.0224999998863495,0.0266000001829525,0.0198999996428028,4.707000000053085,1.5103000000635802,2.9411000000436616,4.472399999940535,5.24840000025506,0.0016000003597582,0.0469000001430686,10.078699999667151,10.12559999981022,"[[0, 0], [0, 0], [0, 0]]",2.787200000057057
784,scheduled-after-result gen=716,66,264,0.2776999999696272,2.7428000003055786,10.424200000215931,7.681399999910354,0.0076999999691906,9.792400360107422,"[[0, 0], [0, 0], [0, 0]]",0.0227000000450061,0.0245000001086737,0.0202999999601161,4.668300000048475,1.543500000025233,2.9067999998915184,4.35860000015964,5.024900000080379,0.0014000002011016,0.0425000002906017,9.7923999996965,9.8348999999871,"[[0, 0], [0, 0], [0, 0]]",0.5893000002288318
785,scheduled-after-result gen=717,66,264,0.2864000002773537,1.2083999999958903,11.396200000035606,10.187800000039717,0.0098000000434694,9.824899673461914,"[[0, 0], [0, 0], [0, 0]]",0.0227999998969608,0.027099999897473,0.0203000004148634,4.567599999973027,1.4352000002872956,3.0283999999483058,4.4527000000016415,5.155600000307459,0.0014000002011016,0.0522000000273692,9.824899999784977,9.877099999812344,"[[0, 0], [0, 0], [0, 0]]",1.5191000002232613
786,scheduled-after-result gen=718,66,264,0.5087999998067971,2.549699999690347,22.303499999907217,19.75380000021687,0.0163999998221697,18.214099884033203,"[[0, 0], [0, 0], [0, 0]]",0.0318000002152984,0.0408999999308434,0.0301000000035855,8.472399999845948,2.973600000132137,5.7105999999294,8.366900000055466,9.570700000040231,0.0021999999262334,0.0721999999768741,18.21410000002288,18.28629999999976,"[[0, 0], [0, 0], [0, 0]]",4.017199999907458
787,scheduled-after-result gen=719,66,264,0.2771999998003593,0.7418000000143365,12.929299999996148,12.18749999998181,0.0095000000328582,11.749300003051758,"[[0, 0], [0, 0], [0, 0]]",0.0227999998969608,0.1191999999718973,0.0272999996013822,5.853500000284839,2.118200000040815,3.593399999772373,4.980499999874155,5.688600000212318,0.0011999995876976,0.0469999999950232,11.749299999792129,11.796299999787152,"[[0, 0], [0, 0], [0, 0]]",1.1330000002089964
788,scheduled-after-result gen=720,66,264,0.4803000001629698,0.1225999999405758,19.43749999963984,19.314899999699264,0.0100000002021261,18.433000564575195,"[[0, 0], [0, 0], [0, 0]]",0.0303000001622422,0.1228000000992324,0.0307000000248081,8.848699999816745,2.699899999697664,5.488199999945209,8.189199999833363,9.339899999758927,0.0018999999156221,0.0648999998702493,18.43300000018644,18.49790000005669,"[[0, 0], [0, 0], [0, 0]]",0.9395999995831517
789,scheduled-after-result gen=721,66,264,0.2859000001080858,1.2914999997519772,15.00369999985196,13.712200000099983,0.0099999997473787,13.210000038146973,"[[0, 0], [0, 0], [0, 0]]",0.0234999997701379,0.0984999996944679,0.0271999997494276,5.787900000086665,2.1959000000606466,4.082599999946979,6.066899999950692,7.216499999685766,0.0018000000636675,0.0734999998712737,13.210000000071886,13.28349999994316,"[[0, 0], [0, 0], [0, 0]]",1.7201999999088002
790,scheduled-after-result gen=722,66,264,0.2912999998443411,1.18190000011964,19.986100000096485,18.804199999976845,0.0110999999378691,18.348100662231445,"[[0, 0], [0, 0], [0, 0]]",0.0247999996645376,0.0339999996867845,0.0306000001728534,8.97560000021258,2.7460000001156004,5.44080000008762,8.093899999948917,9.222300000146788,0.0016999997569655,0.0738999997338396,18.348099999911938,18.421999999645777,"[[0, 0], [0, 0], [0, 0]]",1.5641000004507077
791,scheduled-after-result gen=723,66,264,0.2749999998741259,1.2086000001545472,11.315300000205752,10.106700000051204,0.0110000000859145,9.22029972076416,"[[0, 0], [0, 0], [0, 0]]",0.0216000003092631,0.0255999998444167,0.0187000000551051,4.335099999934755,1.3920999999754713,2.754099999947357,4.112500000246655,4.791400000158319,0.0009000000318337,0.0437000003330467,9.220299999924464,9.26400000025751,"[[0, 0], [0, 0], [0, 0]]",2.0512999999482417
792,scheduled-after-result gen=724,66,264,0.4672000000027765,1.0338999995838094,17.74699999987206,16.71310000028825,0.0104999999166466,16.85059928894043,"[[0, 0], [0, 0], [0, 0]]",0.0310999998873739,0.157999999828462,0.0269000001935637,7.872300000144605,2.523700000438112,5.340000000160217,7.542800000010175,8.701400000063586,0.0021999999262334,0.0660000000607397,16.85059999999794,16.91660000005868,"[[0, 0], [0, 0], [0, 0]]",0.8303999998133804
793,scheduled-after-result gen=725,66,264,0.2828000001500186,1.240499999767053,12.85699999971257,11.616499999945518,0.0082999999904131,10.038999557495115,"[[0, 0], [0, 0], [0, 0]]",0.0217000001612177,0.0168999999914376,0.0183000001925393,4.597399999966001,1.6181000000869972,3.1681999998909305,4.632600000149978,5.354099999749451,0.001200000042445,0.044999999772699,10.0390000002335,10.0840000000062,"[[0, 0], [0, 0], [0, 0]]",2.7729999997063715
794,scheduled-after-result gen=726,66,264,0.2790999997159815,1.701899999716261,10.316899999907037,8.615000000190776,0.0137000001814158,9.496999740600586,"[[0, 0], [0, 0], [0, 0]]",0.0211000001399952,0.025899999855028,0.0187000000551051,4.526100000020961,1.4049000001250531,2.7743000000555185,4.158000000188622,4.872099999829516,0.001200000042445,0.0365999999303312,9.497000000010305,9.533599999940634,"[[0, 0], [0, 0], [0, 0]]",0.7832999999664025
795,scheduled-after-result gen=727,66,264,0.4982000000381958,5.587399999967602,17.911299999923358,12.323899999955756,0.0104999999166466,17.598499298095703,"[[0, 0], [0, 0], [0, 0]]",0.027099999897473,0.1806000000215135,0.0298999998449289,9.092899999814108,2.840399999968213,5.491599999913888,7.0548000003327616,8.208400000057736,0.0021000000742787,0.0734000000193191,17.59849999962171,17.671899999641028,"[[0, 0], [0, 0], [0, 0]]",0.23940000028233044
796,scheduled-after-result gen=728,66,264,0.2613999999994121,2.717400000165071,17.375599999922997,14.658199999757926,0.0167000002875283,15.017900466918944,"[[0, 0], [0, 0], [0, 0]]",0.0221999998757382,0.025600000299164,0.0208000001293839,5.681399999957648,2.8876999999738477,5.687800000032439,8.459499999844411,9.234099999957834,0.0015000000530562,0.0476999998682003,15.017900000202644,15.065600000070845,"[[0, 0], [0, 0], [0, 0]]",2.3099999998521525
797,scheduled-after-result gen=729,66,264,0.2653999999893131,1.216999999996915,17.484800000147516,16.2678000001506,0.0138000000333704,9.94130039215088,"[[0, 0], [0, 0], [0, 0]]",0.0211000001399952,0.0258000000030733,0.0210000002880406,4.435399999692891,1.4316000001599605,2.770099999906961,4.085999999915657,5.383799999890471,0.00240000008489,0.0909000000319792,9.941299999809416,10.032199999841396,"[[0, 0], [0, 0], [0, 0]]",7.45260000030612
798,scheduled-after-result gen=730,66,264,0.2747999997154693,1.2068999999428345,11.283699999694363,10.076799999751527,0.0103000002127373,9.427599906921388,"[[0, 0], [0, 0], [0, 0]]",0.0221000000237836,0.0248000001192849,0.0193000000763277,4.496800000197254,1.4291000002231158,2.780100000109087,4.152599999997619,4.833200000120996,0.0014999995983089,0.0440999997408653,9.427599999980885,9.47169999972175,"[[0, 0], [0, 0], [0, 0]]",1.8119999999726133
799,scheduled-after-result gen=731,66,264,0.4721000000245112,0.0731999998606625,20.459800000026007,20.386600000165345,0.0125999999909254,18.52779960632324,"[[0, 0], [0, 0], [0, 0]]",0.0319000000672531,0.0266000001829525,0.0283999997918726,8.782099999734783,2.7300000001559965,5.473600000186707,8.346000000074127,9.6030000004248,0.0022000003809807,0.0963000002229819,18.527799999901617,18.6241000001246,"[[0, 0], [0, 0], [0, 0]]",1.8356999999014079
800,scheduled-after-result gen=732,66,264,0.2804000000651285,0.0509999999849242,19.73760000009861,19.686600000113685,0.0117999998110462,17.61359977722168,"[[0, 0], [0, 0], [0, 0]]",0.0285000000985746,0.0290999996650498,0.0187999999070598,7.903199999873323,2.9690999999729684,5.827899999985675,8.450600000287523,9.57620000008319,0.0019999997675768,0.0700999999025953,17.613600000004226,17.68369999990682,"[[0, 0], [0, 0], [0, 0]]",2.0539000001917884
801,scheduled-after-result gen=733,66,264,0.2792999998746381,1.2620999996215687,14.983399999891844,13.721300000270276,0.0111999997898237,9.205499649047852,"[[0, 0], [0, 0], [0, 0]]",0.0214000001506065,0.0239999999394058,0.0188000003618071,4.286800000045332,1.3542000001507404,2.6603999999679218,4.112399999939953,4.822800000056304,0.0015000000530562,0.0377000001208216,9.205500000007303,9.243200000128128,"[[0, 0], [0, 0], [0, 0]]",5.740199999763716
802,scheduled-after-result gen=734,66,264,0.2612000002955028,4.280999999991764,10.429800000110845,6.148800000119081,0.0112000002445711,9.379799842834473,"[[0, 0], [0, 0], [0, 0]]",0.0205999999707273,0.0138000000333704,0.0197999997908482,4.474099999697501,1.4653000002908811,2.8062999999747262,4.140700000334618,4.820500000278116,0.0010000003385357,0.0454000000900123,9.379799999805982,9.425199999895996,"[[0, 0], [0, 0], [0, 0]]",1.0046000002148485
803,scheduled-after-result gen=735,66,264,0.264099999640166,4.772899999807123,11.934199999814156,7.161300000007032,0.0118999996630009,9.990400314331056,"[[0, 0], [0, 0], [0, 0]]",0.0234999997701379,0.0229000002036627,0.0187999999070598,4.5936000001347566,1.6263000002254555,2.995700000155921,4.440000000158761,5.280200000015611,0.0018999999156221,0.0648999998702493,9.99039999987872,10.055299999748968,"[[0, 0], [0, 0], [0, 0]]",1.8789000000651885
804,scheduled-after-result gen=736,66,264,0.2772000002551067,1.2401999997564417,11.958000000049651,10.71780000029321,0.0098000000434694,9.000100135803223,"[[0, 0], [0, 0], [0, 0]]",0.0227999998969608,0.0254999999924621,0.0187000000551051,4.203500000130589,1.3515999999071937,2.673899999990681,4.023699999834207,4.698799999914627,0.001099999735743,0.0442000000475673,9.000099999866507,9.044299999914074,"[[0, 0], [0, 0], [0, 0]]",2.9137000001355773
805,scheduled-after-result gen=737,66,264,0.4620999998223851,2.485299999989365,20.41639999970357,17.931099999714206,0.0156000000970379,18.54179954528809,"[[0, 0], [0, 0], [0, 0]]",0.0325000000884756,0.0421999998252431,0.029499999982363,8.667099999911443,2.842700000201148,5.702500000097643,8.475699999962671,9.704900000087946,0.0020999996195314,0.0943999998526123,18.541800000093644,18.636199999946257,"[[0, 0], [0, 0], [0, 0]]",1.7801999997573148
806,scheduled-after-result gen=738,66,264,0.425100000029488,0.0634000002719403,20.441800000298823,20.37840000002689,0.0092999998742016,18.360200881958008,"[[0, 1], [0, 1], [0, 1]]",0.0313000000460306,0.0392000001738779,0.0319999999192077,9.009299999888754,2.978699999857781,5.701699999917764,8.463499999834312,9.187499999825375,0.0021000000742787,0.0718999999662628,18.360200000188343,18.432100000154605,"[[0, 1], [0, 1], [0, 1]]",2.0097000001442176
807,scheduled-after-result gen=739,66,264,0.2819999999701394,1.2939000002916146,25.06710000034218,23.773200000050565,0.0089000000116357,18.03039932250977,"[[0, 1], [0, 1], [0, 1]]",0.0205999999707273,0.0320000003739551,0.0297000001410197,8.894799999779934,2.887900000132504,5.590499999925669,8.234100000208855,8.991700000024139,0.0017999996089201,0.0755000000935979,18.0304000000433,18.1059000001369,"[[0, 1], [0, 1], [0, 1]]",6.961200000205281
808,scheduled-after-result gen=740,66,264,0.2749999998741259,2.1966999997857783,18.98899999969217,16.79229999990639,0.0106000002233486,16.543899536132812,"[[0, 1], [0, 1], [0, 1]]",0.0211999999919498,0.0241000002461078,0.0190000000657164,8.289800000056857,1.996799999687937,4.382099999929778,7.138999999824591,8.134199999858538,0.0021999999262334,0.0654000000395171,16.543900000215217,16.609300000254734,"[[0, 1], [0, 1], [0, 1]]",2.3796999994374346
809,scheduled-after-result gen=741,66,264,0.2875000000130967,2.282999999806634,16.987599999993108,14.704600000186474,0.0123999998322688,11.242199897766112,"[[0, 0], [0, 0], [0, 1]]",0.0215999998545157,0.0295999998343177,0.0286999998024839,6.37109999979657,1.4160999999148771,2.757400000064081,4.140700000334618,4.75800000003801,0.0014000002011016,0.0518000001648033,11.242199999742295,11.2939999999071,"[[0, 0], [0, 0], [0, 1]]",5.693600000086008
810,scheduled-after-result gen=742,66,264,0.4651999997804523,1.0353000002396584,20.378700000037497,19.34339999979784,0.0160000004143512,18.985700607299805,"[[0, 0], [0, 0], [0, 1]]",0.0316000000566418,0.060599999869737,0.0306000001728534,9.019199999784178,2.944100000149774,5.7330999998157495,8.55409999985568,9.778900000128488,0.0021999999262334,0.0804000001153326,18.985700000030192,19.066100000145525,"[[0, 0], [0, 0], [0, 1]]",1.3125999998919724
811,scheduled-after-result gen=743,66,264,0.4574999998112616,3.011899999819434,20.310399999743822,17.29849999992439,0.0091000001702923,17.968799591064453,"[[0, 0], [0, 0], [0, 1]]",0.0315000002046872,0.0399999998990097,0.0297000001410197,8.301700000174606,2.783999999792286,5.393200000071374,8.200400000077934,9.496499999841037,0.00240000008489,0.0722999998288287,17.968800000289775,18.041100000118604,"[[0, 0], [0, 0], [0, 1]]",2.2692999996252183
812,scheduled-after-result gen=744,66,264,0.2945000001091102,1.1855999996441824,12.866499999745429,11.680900000101246,0.0135000000227591,11.142900466918944,"[[0, 0], [0, 1], [0, 1]]",0.0195000002349843,0.0162999999702151,0.0196999999388935,4.730799999833835,1.6670999998495972,3.310900000087713,5.632599999898957,6.288900000072317,0.0012999998943996,0.0498000003972265,11.14289999986795,11.192700000265177,"[[0, 0], [0, 1], [0, 1]]",1.6737999994802522
813,scheduled-after-result gen=745,66,264,0.2687000001060369,1.231400000051508,15.92530000016268,14.69390000011117,0.0129999998534913,9.208999633789062,"[[0, 0], [0, 1], [0, 1]]",0.0219000003198743,0.022000000171829,0.0208000001293839,4.45129999980054,1.424499999757245,2.7625999996416795,4.113199999665085,4.661799999666982,0.001200000042445,0.0453999996352649,9.209000000282686,9.25439999991795,"[[0, 0], [0, 1], [0, 1]]",6.67090000024473
814,scheduled-after-result gen=746,66,264,0.295400000140944,1.20249999963562,17.934599999989587,16.732100000353967,0.0104000000646919,17.57360076904297,"[[0, 1], [0, 1], [0, 1]]",0.0228000003517081,0.0266000001829525,0.0199000000975502,8.39189999987866,2.761700000064593,5.404900000030466,8.158300000104646,9.054699999978766,0.00240000008489,0.0743999999031075,17.573600000105216,17.648000000008324,"[[0, 1], [0, 1], [0, 1]]",0.28659999998126295
815,scheduled-after-result gen=747,66,264,0.2822000001287961,0.0507999998262675,18.97259999987,18.92180000004373,0.0089000000116357,17.969499588012695,"[[0, 1], [0, 1], [0, 1]]",0.0301000000035855,0.125599999591941,0.0297999999929743,8.568499999910273,2.7540000000954024,5.431399999906716,8.307999999942695,9.155900000223482,0.0018999999156221,0.0688999998601502,17.969500000162952,18.038400000023103,"[[0, 1], [0, 1], [0, 1]]",0.9341999998468964
816,scheduled-after-result gen=748,66,264,0.4771999997501552,6.160799999634037,19.356599999809987,13.19580000017595,0.0196999999388935,18.79450035095215,"[[0, 1], [0, 1], [0, 1]]",0.0321000002259097,0.0448000000687898,0.0323000003845663,8.991799999876093,2.902599999742961,5.740199999763718,8.68609999997716,9.62649999974019,0.00240000008489,0.076099999660073,18.79450000024008,18.87059999990015,"[[0, 1], [0, 1], [0, 1]]",0.48599999990983633
817,scheduled-after-result gen=749,66,264,0.4533000001174514,0.9294999999838184,16.102199999750155,15.172699999766335,0.0112999996417784,10.992899894714355,"[[0, 1], [0, 1], [0, 1]]",0.0340000001415319,0.0321000002259097,0.0212999998439045,5.633000000216271,1.682500000242726,3.246799999942596,4.742699999951583,5.240100000264647,0.0012999998943996,0.0415000004068133,10.99290000001929,11.034400000426103,"[[0, 1], [0, 1], [0, 1]]",5.067799999324052
818,scheduled-after-result gen=750,66,264,0.2664999997250561,0.725599999896076,12.287499999729334,11.561899999833258,0.0142999997478909,9.442399978637695,"[[0, 1], [0, 1], [0, 1]]",0.0229000002036627,0.0205000001187727,0.0457000001006235,4.533100000116974,1.4191000000209897,2.8566000000864733,4.354000000148517,4.790200000115874,0.001300000349147,0.0429000001531676,9.442399999898043,9.485300000051213,"[[0, 1], [0, 1], [0, 1]]",2.8021999996781215
819,scheduled-after-result gen=751,66,264,0.2814999998008716,0.0516000000061467,12.860499999987953,12.808899999981804,0.0083999998423678,10.125200271606444,"[[0, 1], [0, 1], [0, 1]]",0.0227000000450061,0.0240999997913604,0.0177000001713167,4.775100000188104,1.4686999998048125,3.176400000029389,4.689399999733723,5.253799999991315,0.0011999995876976,0.039799999740353,10.125199999947654,10.164999999688009,"[[0, 1], [0, 1], [0, 1]]",2.695500000299944
820,scheduled-after-result gen=752,66,264,0.2916000003096997,2.2591000001739303,20.683400000052643,18.424299999878716,0.015499999790336,18.581100463867188,"[[0, 1], [0, 1], [0, 1]]",0.0230000000556174,0.0248999999712395,0.0197999997908482,8.7124000001495,2.977999999984604,5.879899999854388,8.842899999763176,9.741200000007666,0.00240000008489,0.0708000002305198,18.58110000011948,18.65190000035,"[[0, 1], [0, 1], [0, 1]]",2.0314999997026426
821,scheduled-after-result gen=753,66,264,0.4632000000128755,0.0801000001047214,21.897600000102106,21.81749999999738,0.0141000000439817,20.08370018005371,"[[0, 1], [0, 1], [0, 1]]",0.033499999972264,0.0431000003118242,0.0298999998449289,9.824500000377157,3.1420000000252912,6.14480000012918,9.183000000120956,10.089200000038543,0.0020999996195314,0.0823999998829094,20.083700000213867,20.166100000096776,"[[0, 1], [0, 1], [0, 1]]",1.7315000000053296
822,scheduled-after-result gen=754,66,264,0.4994000000806409,0.0886999996509985,22.51720000003843,22.42850000038743,0.0165000001288717,20.041400909423828,"[[0, 1], [0, 1], [0, 1]]",0.0321000002259097,0.0367999996342405,0.0308999997287173,9.635500000058528,3.1281999999919208,6.253300000025774,9.34910000023592,10.250400000131776,0.0016999997569655,0.0665000002300075,20.04140000008192,20.10790000031193,"[[0, 1], [0, 1], [0, 1]]",2.4092999997264997
823,scheduled-after-result gen=755,66,264,0.4831000001104257,0.1081000000340282,18.77680000006876,18.668700000034733,0.0095999998848128,17.23259925842285,"[[0, 1], [0, 1], [0, 1]]",0.024199999643315,0.0256999996963713,0.0202000001081614,8.748100000047998,3.197300000010728,5.854199999703269,7.511499999964144,8.276199999727396,0.0131000001601933,0.0860000000102445,17.232599999715603,17.318599999725848,"[[0, 1], [0, 1], [0, 1]]",1.458200000342913
824,scheduled-after-result gen=756,66,264,0.2817000004142755,0.6963000000723696,15.89849999982107,15.2021999997487,0.0172000000020489,13.22719955444336,"[[0, 1], [0, 1], [0, 1]]",0.0221999998757382,0.0578999997742357,0.0284999996438273,7.667100000162463,1.611299999694893,3.153799999836337,4.96049999992465,5.414599999767233,0.0015999999050109,0.0538999997843347,13.227200000073935,13.28109999985827,"[[0, 1], [0, 1], [0, 1]]",2.6173999999627995
825,scheduled-after-result gen=757,66,264,0.2839999997377163,0.0506999999743129,19.07250000022032,19.021800000246003,0.016699999832781,18.541000366210938,"[[0, 0], [0, 0], [0, 1]]",0.0301000000035855,0.0276999999186955,0.0189000002137618,7.844299999760551,2.7239999999437714,5.560499999774038,9.36539999975139,10.563599999841244,0.0023000002329354,0.0709000000824744,18.540999999913765,18.61189999999624,"[[0, 0], [0, 0], [0, 1]]",0.46060000022407976
826,scheduled-after-result gen=758,66,264,0.2776999999696272,2.791100000195001,21.23680000022432,18.44570000002932,0.0102000003607827,19.79129981994629,"[[0, 0], [0, 0], [0, 0]]",0.0313000000460306,0.0343000001521431,0.0284999996438273,10.122799999862764,3.2735999998294574,6.563899999946443,8.820799999739393,9.536199999729432,0.0012999998943996,0.0352000001839769,19.791300000179035,19.82650000036301,"[[0, 0], [0, 0], [0, 0]]",1.4102999998613122
827,scheduled-after-result gen=759,66,264,0.2754000001914392,0.7629000001543318,22.00700000003053,21.2440999998762,0.0167999996847356,16.727399826049805,"[[0, 0], [0, 0], [0, 0]]",0.0231000003623194,0.0278000002253975,0.0207000002774293,6.000599999879341,2.6909000002888206,6.190000000060536,9.37130000011166,10.600000000067666,0.00240000008489,0.0726000002941873,16.72740000003614,16.80000000033033,"[[0, 0], [0, 0], [0, 0]]",5.206999999700201
828,scheduled-after-result gen=760,66,264,0.2884000000449305,1.2537000002339482,26.55330000015965,25.299599999925704,0.0130999997054459,22.62299919128418,"[[0, 0], [0, 0], [0, 0]]",0.0316000000566418,0.039900000047055,0.0307000000248081,10.662700000011682,3.4236999999848194,7.069999999657739,10.530300000027635,11.790000000019065,0.0019999997675768,0.0874000002113462,22.62299999983952,22.710400000050868,"[[0, 0], [0, 0], [0, 0]]",3.8429000001087807
829,scheduled-after-result gen=761,66,264,0.475400000141235,0.8946999996624072,24.717899999814108,23.8232000001517,0.0119999999697029,23.336299896240234,"[[0, 0], [0, 0], [0, 0]]",0.0310000000354193,0.1161000000138301,0.028299999939918,11.053600000195727,3.622899999754736,7.493999999951484,10.871299999962504,12.048499999764315,0.0018999999156221,0.0672000001031847,23.33630000021003,23.403500000313212,"[[0, 0], [0, 0], [0, 0]]",1.3143999995008961
830,scheduled-after-result gen=762,66,264,0.4698000002463232,1.0486999999557156,13.257200000225566,12.20850000026985,0.008699999852979,12.405099868774414,"[[0, 0], [0, 0], [0, 0]]",0.0325999999404302,0.0293000002784538,0.0210999996852478,6.1836999998377,2.093900000090798,3.827900000032969,5.421800000021904,6.1064000001351815,0.001200000042445,0.0423999999838997,12.40509999979622,12.44749999978012,"[[0, 0], [0, 0], [0, 0]]",0.8097000004454458
831,scheduled-after-result gen=763,66,264,0.2904000002672546,2.740899999935209,26.17959999997765,23.438700000042445,0.017899999875226,22.304000854492188,"[[0, 0], [0, 0], [0, 0]]",0.0245999999606283,0.025600000299164,0.0201999996534141,10.811799999828509,3.911800000423682,7.127200000013545,10.128400000212425,11.359400000401363,0.0018999999156221,0.0785000001997104,22.303999999621738,22.382499999821448,"[[0, 0], [0, 0], [0, 0]]",3.7971000001562025
832,scheduled-after-result gen=764,66,264,0.4990999996152823,0.8702999998604355,22.93460000009873,22.06430000023829,0.0119000001177482,22.713699340820312,"[[0, 0], [0, 0], [0, 0]]",0.0343000001521431,0.0426000001425563,0.0323999997817736,11.843400000088876,3.393700000287936,6.522200000290468,9.494300000369549,10.695400000258816,0.0018999999156221,0.0833000003694905,22.713699999712844,22.79700000008233,"[[0, 0], [0, 0], [0, 0]]",0.13760000001639838
833,scheduled-after-result gen=765,66,264,0.2790000003187742,2.7109999996355327,14.879299999847715,12.168300000212184,0.0159999999596038,11.67490005493164,"[[0, 0], [0, 0], [0, 0]]",0.021899999865127,0.0273000000561296,0.0186999996003578,5.855400000200461,1.7466999997850507,3.4187999999630847,5.022399999688787,5.707599999823287,0.0014000002011016,0.0395000001844891,11.67489999988902,11.71440000007351,"[[0, 0], [0, 0], [0, 0]]",3.164899999774205
834,scheduled-after-result gen=766,66,264,0.2781000002869405,1.224999999976717,18.987499999639116,17.762499999662396,0.0115000002551823,13.80519962310791,"[[0, 0], [0, 0], [0, 0]]",0.0223000001824402,0.2844999999069841,0.027099999897473,6.230999999843334,1.6815999997561448,3.3266999998886604,5.914599999869097,7.166599999891332,0.0018999999156221,0.0660000000607397,13.80520000020624,13.87120000026698,"[[0, 0], [0, 0], [0, 0]]",5.116299999372137
835,scheduled-after-result gen=767,66,264,0.4668999999921652,0.9867000003396242,19.712100000106147,18.725399999766523,0.0082000001384585,19.23979949951172,"[[0, 0], [0, 0], [0, 0]]",0.0307000000248081,0.1049000002240063,0.028299999939918,11.312000000089029,3.207100000054197,4.79429999995773,6.579800000054092,7.706299999881594,0.0015999999050109,0.0736000001779757,19.23979999992298,19.313400000100955,"[[0, 0], [0, 0], [0, 0]]",0.3987000000051921
836,scheduled-after-result gen=768,66,264,0.3034999999727006,0.045200000386103,14.905500000168104,14.860299999782,0.0105999997686012,13.684499740600586,"[[0, 0], [0, 0], [0, 0]]",0.0203999998120707,0.0258000000030733,0.0185000003511959,7.528699999966193,2.3252999999385797,3.930700000182696,5.368799999814655,6.057399999917834,0.0014000002011016,0.0488999999106454,13.684500000181288,13.733400000091931,"[[0, 0], [0, 0], [0, 0]]",1.1721000000761723
837,scheduled-after-result gen=769,66,264,0.2617000000100233,0.0494999999318679,21.5926999999283,21.543199999996432,0.0132999998641025,20.075899124145508,"[[0, 0], [0, 0], [0, 0]]",0.0257000001511187,0.0391000003219232,0.0302000003102875,10.170300000027057,3.0702000003657304,5.914300000313233,8.59340000033626,9.749100000135511,0.0021000000742787,0.089399999978923,20.07589999993797,20.165299999916897,"[[0, 0], [0, 0], [0, 0]]",1.4274000000114029
838,scheduled-after-result gen=770,66,264,0.4745000001094013,0.6488999997600331,21.75979999992705,21.11090000016702,0.0104000000646919,19.77280044555664,"[[0, 0], [0, 0], [0, 0]]",0.0280000003840541,0.0399999998990097,0.0325000000884756,9.838099999797125,3.0557000000044354,5.861999999979162,8.520800000042072,9.767200000169396,0.002299999778188,0.0686999997014936,19.772800000282587,19.84149999998408,"[[0, 0], [0, 0], [0, 0]]",1.9182999999429704
839,scheduled-after-result gen=771,66,264,0.47420000009879,0.9485000000495348,13.154900000245108,12.206400000195572,0.0159000001076492,11.088600158691406,"[[0, 0], [0, 0], [0, 0]]",0.0285999999505293,0.0264999998762505,0.0476999998682003,5.529399999886664,1.659300000028452,3.1018999998195795,4.7078000002329645,5.422900000212394,0.0016999997569655,0.0455999997939216,11.08860000022105,11.134200000014973,"[[0, 0], [0, 0], [0, 0]]",2.0207000002301356
840,scheduled-after-result gen=772,66,264,0.4699000000982778,0.0745000002098095,19.749099999899045,19.674599999689235,0.0116999999590916,19.010900497436523,"[[0, 0], [0, 0], [0, 0]]",0.0322000000778643,0.0415999998040206,0.0299999996968836,9.50749999992695,2.968600000258448,5.67300000011528,8.415700000114157,9.359700000004525,0.001200000042445,0.0454999999419669,19.010900000012043,19.05639999995401,"[[0, 0], [0, 0], [0, 0]]",0.6926999999450345
841,scheduled-after-result gen=773,66,264,0.4949000003762194,0.9254999999939172,13.189900000270429,12.26440000027651,0.0089000000116357,12.777899742126465,"[[0, 0], [0, 0], [0, 0]]",0.0214000001506065,0.0362999999197199,0.020400000266818,4.587800000081188,2.1443000000545,4.8606000000290805,7.4128000001110195,8.081599999968603,0.001200000042445,0.0398000001951004,12.777899999946383,12.817700000141484,"[[0, 0], [0, 0], [0, 0]]",0.37220000012894516
842,scheduled-after-result gen=774,66,264,0.2860999998119951,0.6989999997131235,10.432099999889031,9.73310000017591,0.0101000000540807,9.856399536132812,"[[0, 0], [0, 0], [0, 0]]",0.0227000000450061,0.0254999999924621,0.0190000000657164,4.926399999931164,1.4175999999679334,2.754600000116625,4.081999999925756,4.830299999866838,0.001200000042445,0.043900000036956,9.856399999989662,9.900300000026618,"[[0, 0], [0, 0], [0, 0]]",0.5317999998624128
843,scheduled-after-result gen=775,66,264,0.270700000328361,1.2082999996891886,9.8732999999811,8.665000000291911,0.0082999999904131,9.493800163269045,"[[0, 0], [0, 0], [0, 0]]",0.020699999822682,0.0242000000980624,0.0195000002349843,4.456900000150199,1.3793000002806366,2.8680000000349537,4.250200000115001,4.9413000001550245,0.0015000000530562,0.0420000001213338,9.493799999745534,9.535799999866867,"[[0, 0], [0, 0], [0, 0]]",0.33750000011423253
844,scheduled-after-result gen=776,66,264,0.2871000001505308,1.1841000000458737,12.854800000241084,11.670700000195213,0.008800000159681,9.27869987487793,"[[0, 0], [0, 0], [0, 0]]",0.021899999865127,0.0251999999818508,0.0197999997908482,4.32490000002872,1.476500000080705,2.7823000000353204,4.128000000036991,4.855200000292825,0.0015000000530562,0.0436000000263447,9.278699999867968,9.322299999894312,"[[0, 0], [0, 0], [0, 0]]",3.532500000346772
845,scheduled-after-result gen=777,66,264,0.2670999997462786,7.489999999961583,13.62429999971937,6.134299999757786,0.0098999998954241,9.312700271606444,"[[0, 0], [0, 0], [0, 0]]",0.0208999999813386,0.0255999998444167,0.0187999999070598,4.490199999963807,1.3564999999289284,2.684499999759282,4.057499999817082,4.72959999979139,0.0009999998837884,0.0410999996347527,9.3127000000095,9.353799999644252,"[[0, 0], [0, 0], [0, 0]]",4.270500000075117
846,scheduled-after-result gen=778,66,264,0.306899999941379,1.1452999997345614,15.88629999969271,14.740999999958149,0.0087000003077264,9.836799621582031,"[[0, 0], [0, 0], [0, 0]]",0.0224999998863495,0.0242000000980624,0.0197999997908482,4.613200000221696,1.4954000002944667,3.110900000137917,4.436600000190083,5.122400000345806,0.0015999999050109,0.0405000000682775,9.836799999902723,9.877299999971,"[[0, 0], [0, 0], [0, 0]]",6.008999999721711
847,scheduled-after-result gen=779,66,264,0.269399999979214,0.1191999999718973,12.428499999714404,12.309299999742509,0.0089999998635903,8.996899604797363,"[[0, 0], [0, 0], [0, 0]]",0.0215000000025611,0.0252999998338054,0.0182000003405846,4.239700000198354,1.3613999999506632,2.68499999992855,4.002000000127737,4.665500000101019,0.0010000003385357,0.0384999998459534,8.996900000056485,9.035399999902438,"[[0, 0], [0, 0], [0, 0]]",3.393099999811966
848,scheduled-after-result gen=780,66,264,0.332799999796407,4.1702000003169815,13.32589999992706,9.15569999961008,0.0101999999060353,9.541199684143066,"[[0, 0], [0, 0], [0, 0]]",0.0214000001506065,0.0241000002461078,0.0181000000338826,4.489700000249286,1.443300000119052,2.8250000000298314,4.258500000105414,4.954100000304607,0.0015000000530562,0.0429000001531676,9.54120000005787,9.584100000211038,"[[0, 0], [0, 0], [0, 0]]",3.7417999997160223
849,scheduled-after-result gen=781,66,264,0.380800000129966,1.1546000000635104,15.357499999936408,14.202899999872898,0.0092999998742016,9.468199729919434,"[[0, 0], [0, 0], [0, 0]]",0.0219999997170816,0.0205999999707273,0.0196000000869389,4.630600000382401,1.4133999998193758,2.7614999999059364,4.087399999662011,4.746899999645393,0.0009000000318337,0.0408999999308434,9.468199999901117,9.50909999983196,"[[0, 0], [0, 0], [0, 0]]",5.848400000104448
850,scheduled-after-result gen=782,66,264,0.2672999999049352,1.2639000001399836,12.066199999935634,10.80229999979565,0.0086000000010244,10.433899879455566,"[[0, 0], [0, 0], [0, 0]]",0.0236999999287945,0.0243999998019717,0.019200000224373,4.325200000039331,1.9250999998803309,3.732399999989866,5.268399999749818,6.0014000000592205,0.0015000000530562,0.0415999998040206,10.4338999999527,10.47549999975672,"[[0, 0], [0, 0], [0, 0]]",1.5907000001789147
851,scheduled-after-result gen=783,66,264,0.2731999998104584,2.761400000053982,12.829000000238011,10.06760000018403,0.0084999996943224,9.396100044250488,"[[0, 0], [0, 0], [0, 0]]",0.0211000001399952,0.0231999997595266,0.0193999999282823,4.510900000241236,1.4148000000204777,2.745100000083766,4.112399999939953,4.791199999999662,0.0011000001904903,0.0430999998570769,9.396100000230945,9.439200000088022,"[[0, 0], [0, 0], [0, 0]]",3.3898000001499895
852,scheduled-after-result gen=784,66,264,0.2865999999812629,0.0616000002082728,15.628800000285992,15.56720000007772,0.0098000000434694,9.430399894714355,"[[0, 0], [0, 0], [0, 0]]",0.0227999998969608,0.018000000181928,0.0195000002349843,4.276100000424776,1.396999999997206,2.8231000001142093,4.345700000158104,5.044699999871227,0.0025999997887993,0.0431999997090315,9.43039999992834,9.473599999637372,"[[0, 0], [0, 0], [0, 0]]",6.15520000064862
853,scheduled-after-result gen=785,66,264,0.2737999998316809,6.796800000302028,14.425600000322447,7.628800000020419,0.0095999998848128,9.272700309753418,"[[0, 0], [0, 0], [0, 0]]",0.0212999998439045,0.0254999999924621,0.0208999999813386,4.322400000091875,1.353600000129518,2.8718000003209454,4.186000000117929,4.854300000260992,0.0014000002011016,0.0410999996347527,9.27270000011049,9.313799999745244,"[[0, 0], [0, 0], [0, 0]]",5.111800000577203
854,scheduled-after-result gen=786,66,264,0.2847999999175954,1.377399999910267,11.71070000009422,10.333300000183954,0.0089999998635903,9.36520004272461,"[[0, 0], [0, 0], [0, 0]]",0.0227000000450061,0.0243999998019717,0.0196000000869389,4.368800000065676,1.4517999998133746,2.820699999574572,4.216999999698601,4.897299999811366,0.0014000002011016,0.0413000002481567,9.36520000004748,9.406500000295637,"[[0, 0], [0, 0], [0, 0]]",2.304199999798584
855,scheduled-after-result gen=787,66,264,0.4457000000002153,0.0719999998182174,27.126200000111567,27.05420000029335,0.021899999865127,15.278200149536133,"[[0, 0], [0, 0], [0, 0]]",0.0325999999404302,0.0423000001319451,0.020699999822682,6.805199999689648,2.3624000000381784,4.666599999836762,6.924499999968248,8.330999999998312,0.0021000000742787,0.0629999999546271,15.278200000011566,15.341199999966191,"[[0, 0], [0, 0], [0, 0]]",11.785000000145375
856,scheduled-after-result gen=788,66,264,0.4896000000371714,1.0402000002613931,29.01900000006208,27.978799999800685,0.0422000002799904,18.72249984741211,"[[0, 0], [0, 0], [0, 0]]",0.033399999665562,0.0712000000930856,0.0297999999929743,8.835000000090076,2.987899999880028,5.746099999669241,8.498799999870243,9.691599999769096,0.0018000000636675,0.0737000000299303,18.722499999967116,18.796199999997043,"[[0, 0], [0, 0], [0, 0]]",10.222800000065035
857,scheduled-after-result gen=789,66,264,0.4768000003423367,1.0617000002639545,22.985200000221084,21.92349999995713,0.0094000001809035,18.18950080871582,"[[0, 0], [0, 0], [0, 0]]",0.0322000000778643,0.0434000003224355,0.0304999998661514,8.935199999996257,2.742099999977654,5.3572000001622655,7.92749999982334,9.092100000088976,0.0020000002223241,0.0617999999121821,18.189500000062253,18.251299999974435,"[[0, 0], [0, 0], [0, 0]]",4.733900000246649
858,scheduled-after-result gen=790,66,264,0.2745000001596054,4.290500000024622,19.06909999979689,14.778599999772268,0.0136000003294611,18.381999969482425,"[[0, 0], [0, 0], [0, 0]]",0.0320000003739551,0.0394000003325345,0.0297999999929743,8.668499999657797,2.938099999937549,5.701300000055198,8.389699999952427,9.551199999805249,0.0022000003809807,0.0673999998070939,18.382000000201515,18.44940000000861,"[[0, 0], [0, 0], [0, 0]]",0.6196999997882813
859,scheduled-after-result gen=791,66,264,0.2700000000004365,0.0461000004179368,18.933300000298917,18.887199999880977,0.0095000000328582,14.286999702453612,"[[0, 0], [0, 0], [0, 0]]",0.0286999998024839,0.0325000000884756,0.0202000001081614,7.831200000055105,2.8618000001188197,4.257200000211014,5.662400000346679,6.341700000120909,0.0014000002011016,0.042699999994511,14.28699999996752,14.329699999962031,"[[0, 0], [0, 0], [0, 0]]",4.603600000336886
860,scheduled-after-result gen=792,66,264,0.2867000002879649,0.0536000002284708,17.086199999994278,17.032599999765807,0.0150999999277701,16.53459930419922,"[[0, 0], [0, 0], [0, 0]]",0.0242000000980624,0.0328000000990869,0.0297000001410197,8.934799999678944,2.7083999998467334,5.327399999714544,6.742000000031112,7.47430000001259,0.0014000002011016,0.050300000111747,16.534599999886268,16.584899999998015,"[[0, 0], [0, 0], [0, 0]]",0.5012999999962631
861,scheduled-after-result gen=793,66,264,0.2872000000024854,1.2183999997432693,23.73589999979231,22.51750000004904,0.0118000002657936,16.136499404907227,"[[0, 0], [0, 0], [0, 0]]",0.032400000236521,0.0393000000258325,0.0286000004052766,8.926900000005844,1.5812000001460549,3.103800000189949,5.878200000097422,7.050199999866891,0.0024999999368446,0.0666000000819622,16.1364999999023,16.20309999998426,"[[0, 0], [0, 0], [0, 0]]",7.532799999808049
862,scheduled-after-result gen=794,66,264,0.2791000001707289,0.0564000001759268,13.399600000411738,13.34320000023581,0.0116999999590916,11.16510009765625,"[[0, 0], [0, 0], [0, 0]]",0.023099999907572,0.0338999998348299,0.0288000001091859,5.759399999988091,1.4590000000680448,3.0716000001120847,4.574000000047818,5.285000000185391,0.001200000042445,0.0439999998889106,11.165100000198436,11.209100000087346,"[[0, 0], [0, 0], [0, 0]]",2.1905000003243913
863,scheduled-after-result gen=795,66,264,0.4555999998956395,0.0873999997565988,29.44119999983741,29.35380000008081,0.0155000002450833,18.852399826049805,"[[0, 0], [0, 0], [0, 0]]",0.0267000000349071,0.0626999999440158,0.0285999999505293,8.983700000044337,2.8692000000773987,5.7240000001002045,8.494700000028388,9.690400000181398,0.00240000008489,0.0738999997338396,18.852400000014317,18.926299999748156,"[[0, 0], [0, 0], [0, 0]]",10.514900000089252
864,scheduled-after-result gen=796,66,264,0.4877000001215492,1.0479999996277911,18.312999999579915,17.264999999952124,0.0132000000121479,18.07990074157715,"[[0, 0], [0, 0], [0, 0]]",0.0310000000354193,0.0344999998560524,0.0288999999611405,8.94109999990178,2.8258000002097106,5.204300000059448,7.554000000254746,8.997800000088318,0.0021999999262334,0.0804999999672873,18.07989999997517,18.160399999942456,"[[0, 0], [0, 0], [0, 0]]",0.1525999996374594
865,scheduled-after-result gen=797,66,264,0.4696000000876665,0.0804000001153326,21.903999999722146,21.823599999606813,0.0106000002233486,18.283599853515625,"[[0, 0], [0, 0], [0, 0]]",0.0248999999712395,0.0290999996650498,0.020699999822682,8.859199999733391,2.7283999997962383,5.388699999912205,7.997300000170071,9.292899999763904,0.0021000000742787,0.0681999999869731,18.28359999990425,18.351799999891227,"[[0, 0], [0, 0], [0, 0]]",3.5521999998309184
866,scheduled-after-result gen=798,66,264,0.4566000002341752,0.076199999966775,22.78260000002774,22.706400000060967,0.0155000002450833,15.512800216674805,"[[0, 0], [0, 0], [0, 0]]",0.0319000000672531,0.0322000000778643,0.0200999998014594,5.926199999976234,2.974500000163971,5.623999999897933,8.286400000088179,9.440600000289123,0.0019999997675768,0.0794000002315442,15.512800000124116,15.59220000035566,"[[0, 0], [0, 0], [0, 0]]",7.190399999672081
867,scheduled-after-result gen=799,66,264,0.2632000000630796,1.2870999998995103,15.927599999940869,14.640500000041357,0.0113999999484804,13.996800422668455,"[[0, 0], [0, 0], [0, 0]]",0.0215999998545157,0.0356000000465428,0.0278999996226048,5.699599999843485,2.034699999967416,4.338400000051479,7.000000000061846,8.153400000082911,0.0019000003703695,0.0658000003568304,13.996799999858922,14.062600000215753,"[[0, 0], [0, 0], [0, 0]]",1.864999999725116
868,scheduled-after-result gen=800,66,264,0.470200000108889,0.0870000003487803,18.810800000210293,18.723799999861512,0.0111999997898237,18.205299377441406,"[[0, 0], [0, 0], [0, 0]]",0.0251999999818508,0.0269000001935637,0.0216999997064704,8.561199999803648,2.8388999999151565,5.660400000124355,8.356800000001385,9.511700000075509,0.0018999999156221,0.0704999997651611,18.205300000317948,18.27580000008311,"[[0, 0], [0, 0], [0, 0]]",0.5350000001271837
869,scheduled-after-result gen=801,66,264,0.4719999997178092,1.0401999998066458,23.914999999760767,22.87479999995412,0.0172000000020489,18.17009925842285,"[[0, 0], [0, 0], [0, 0]]",0.0253999996857601,0.0911000001906359,0.0288999999611405,8.734499999718537,2.800500000375905,5.384800000229006,7.969600000251376,9.25280000001294,0.0018999999156221,0.073900000188587,18.170099999679223,18.24399999986781,"[[0, 0], [0, 0], [0, 0]]",5.670999999892956
870,scheduled-after-result gen=802,66,264,0.279800000043906,0.8406000001741631,23.06399999997666,22.223399999802496,0.012800000149582,18.47529983520508,"[[0, 0], [0, 0], [0, 0]]",0.0248000001192849,0.025899999855028,0.0208000001293839,8.751700000175333,2.826800000093499,5.560799999784649,8.388700000068638,9.585799999968003,0.0021000000742787,0.072300000283576,18.47529999986364,18.547600000147213,"[[0, 0], [0, 0], [0, 0]]",4.516399999829446
871,scheduled-after-result gen=803,66,264,0.2808000003824418,1.2328000002526096,10.143399999833491,8.910599999580882,0.0078000002758926,9.6181001663208,"[[0, 0], [0, 0], [0, 0]]",0.0221000000237836,0.0237999997807492,0.0193000000763277,4.562399999940681,1.4953999998397194,2.9319000000214146,4.281699999864941,4.961299999649782,0.0012999998943996,0.0427999998464656,9.618099999897822,9.660899999744288,"[[0, 0], [0, 0], [0, 0]]",0.48250000008920324
872,scheduled-after-result gen=804,66,264,0.2812000002450077,1.26540000019304,11.908500000117783,10.643099999924743,0.0105999997686012,9.479900360107422,"[[0, 0], [0, 0], [0, 0]]",0.0211000001399952,0.0136000003294611,0.019099999917671,4.504099999849132,1.430899999832036,2.7685999998539046,4.192299999886018,4.891099999895232,0.0013999997463542,0.044999999772699,9.479900000314956,9.524900000087657,"[[0, 0], [0, 0], [0, 0]]",2.3836000000301265
873,scheduled-after-result gen=805,66,264,0.2659000001585809,5.744500000218977,13.341000000309576,7.5965000000906,0.0106000002233486,9.2677001953125,"[[0, 0], [0, 0], [0, 0]]",0.0211999999919498,0.0211000001399952,0.0184999998964485,4.504900000029011,1.3646000002154324,2.701800000068033,4.000800000085292,4.673700000239478,0.0011000001904903,0.0398000001951004,9.267699999782051,9.307499999977152,"[[0, 0], [0, 0], [0, 0]]",4.033500000332424
874,scheduled-after-result gen=806,66,264,0.295299999834242,1.246499999979278,12.402400000155469,11.155900000176189,0.0089000000116357,9.458100318908691,"[[0, 0], [0, 0], [0, 0]]",0.0202000001081614,0.0239999999394058,0.0183000001925393,4.585099999985687,1.4295999999376363,2.791599999909522,4.116099999919243,4.776899999797024,0.001099999735743,0.0435000001743901,9.458099999847036,9.501600000021426,"[[0, 0], [0, 0], [0, 0]]",2.9008000001340424
875,scheduled-after-result gen=807,66,264,0.2635000000736909,1.232700000400655,12.937299999975949,11.704599999575294,0.0094000001809035,10.324600219726562,"[[0, 0], [0, 0], [0, 0]]",0.0215000000025611,0.0239000000874511,0.0199000000975502,4.389199999877746,2.322599999843078,3.8104000000203087,5.129000000124506,5.839299999934156,0.001200000042445,0.0423000001319451,10.324599999876227,10.366900000008172,"[[0, 0], [0, 0], [0, 0]]",2.5703999999677762
876,scheduled-after-result gen=808,66,264,0.4595000000335858,0.9746000000632192,22.400500000003376,21.42589999994016,0.0150999999277701,18.3927001953125,"[[0, 0], [0, 0], [0, 0]]",0.0329999998029961,0.0362000000677653,0.0301999998555402,8.83940000039729,2.939299999979994,5.64940000003844,8.224000000154774,9.3896000003042,0.0021999999262334,0.0807999999778985,18.39269999982207,18.47349999979997,"[[0, 0], [0, 0], [0, 0]]",3.9270000002034067
877,scheduled-after-result gen=809,66,264,0.3146999997625244,1.352599999790982,20.57409999997617,19.221500000185188,0.0086000000010244,18.274599075317383,"[[0, 0], [0, 0], [0, 0]]",0.0208999999813386,0.0246999998125829,0.0291999999717518,8.777800000189018,2.883900000142603,5.588800000168703,8.223200000429642,9.361800000078802,0.00240000008489,0.0697000000400294,18.27459999958592,18.344299999625942,"[[0, 0], [0, 0], [0, 0]]",2.2298000003502274
878,scheduled-after-result gen=810,66,264,0.2712000000428816,5.774700000074517,15.920899999855465,10.146199999780949,0.0151000003825174,14.514399528503418,"[[0, 0], [0, 0], [0, 0]]",0.0235000002248852,0.0544999998055573,0.028299999939918,8.742099999835773,2.2152000001369743,3.5391000001254724,4.94410000010248,5.6282000000464905,0.0012999998943996,0.0436000000263447,14.514400000280148,14.558000000306492,"[[0, 0], [0, 0], [0, 0]]",1.3628999995489721
879,scheduled-after-result gen=811,66,264,0.2886000002035871,1.189900000099442,17.949399999906746,16.759499999807304,0.0156999999489926,13.383500099182127,"[[0, 0], [0, 0], [0, 0]]",0.0217000001612177,0.0838999999359657,0.0276999999186955,8.403899999848363,1.3788999999633234,2.735300000040297,4.134100000101171,4.813900000044669,0.001300000349147,0.0423999999838997,13.383500000145432,13.425900000129332,"[[0, 0], [0, 0], [0, 0]]",4.523499999777414
880,scheduled-after-result gen=812,66,264,0.2754999995886464,0.0926000002436922,11.388500000066417,11.295899999822725,0.0086000000010244,10.69279956817627,"[[0, 0], [0, 0], [0, 0]]",0.0302000003102875,0.1025999999910709,0.0294000001304084,5.208399999901303,1.5131000000110362,3.134799999770621,4.602499999691645,5.281899999772577,0.001300000349147,0.0408999999308434,10.692800000015268,10.733699999946111,"[[0, 0], [0, 0], [0, 0]]",0.6548000001203054
881,scheduled-after-result gen=813,66,264,0.3411999996387749,0.061900000218884,17.45200000004843,17.390099999829545,0.0188000003618071,10.866399765014648,"[[0, 0], [0, 0], [0, 0]]",0.020699999822682,0.0246999998125829,0.0264999998762505,5.444200000056298,1.7494000003352994,3.1693999999333755,4.630400000223744,5.317800000284478,0.0014999995983089,0.0513999998474901,10.866399999940768,10.917799999788258,"[[0, 0], [0, 0], [0, 0]]",6.534200000260171
882,scheduled-after-result gen=814,66,264,0.4494999998314597,1.1195000001862354,23.93549999987954,22.815999999693304,0.0106000002233486,17.90850067138672,"[[0, 0], [0, 0], [0, 0]]",0.0304000000141968,0.0602999998591258,0.0307000000248081,8.456000000023778,2.785700000003999,5.442500000299333,8.122800000364805,9.268700000120589,0.0018999999156221,0.0737000000299303,17.908499999975902,17.982200000005832,"[[0, 0], [0, 0], [0, 0]]",5.953299999873707
883,scheduled-after-result gen=815,66,264,0.4632000000128755,4.069600000093487,20.33030000029612,16.260700000202633,0.0141999998959363,17.626100540161133,"[[0, 0], [0, 0], [0, 0]]",0.0299000002996763,0.0735999997232284,0.0291000001197971,8.84070000029169,2.8939999997419363,5.658000000039465,7.911299999705079,8.61559999975725,0.0014000002011016,0.0463999999738007,17.626100000143197,17.672500000116997,"[[0, 0], [0, 0], [0, 0]]",2.6578000001791224
884,scheduled-after-result gen=816,66,264,0.2879000003304099,2.654000000347878,22.472000000107077,19.817999999759195,0.0130000003082386,18.065099716186523,"[[0, 0], [0, 0], [0, 0]]",0.0216000003092631,0.0679999998283165,0.0265000003309978,9.172300000045652,1.7259999999623687,4.716599999937898,7.529699999849981,8.716199999980745,0.0021000000742787,0.0995999998849583,18.06510000005801,18.164699999942968,"[[0, 0], [0, 0], [0, 0]]",4.307300000164108
885,scheduled-after-result gen=817,66,264,0.4530000001068401,2.0659999995586986,12.3289999996814,10.263000000122702,0.0101000000540807,9.494400024414062,"[[0, 0], [0, 0], [0, 0]]",0.0215000000025611,0.023200000214274,0.0195000002349843,4.563099999813858,1.4243999999052903,2.7921999999307445,4.16380000024219,4.840600000079576,0.0013999997463542,0.0417999999626772,9.494400000221503,9.53620000018418,"[[0, 0], [0, 0], [0, 0]]",2.7927999994972197
886,scheduled-after-result gen=818,66,264,0.2827999996952712,0.0509000001329695,22.431000000324275,22.380100000191305,0.011499999800435,17.774599075317383,"[[0, 0], [0, 0], [0, 0]]",0.0335999998242186,0.0339000002895772,0.0208000001293839,8.326199999828532,2.779200000077253,5.415699999957724,8.008799999970506,9.300799999891751,0.0022000003809807,0.0736000001779757,17.7745999999388,17.848200000116776,"[[0, 0], [0, 0], [0, 0]]",4.582800000207499
887,scheduled-after-result gen=819,66,264,0.2924999998867861,0.0624999997853592,24.609099999906903,24.546600000121543,0.0101999999060353,18.99139976501465,"[[0, 0], [0, 0], [0, 0]]",0.0335000004270114,0.0408999999308434,0.03080000033151,9.029300000293006,3.0019000000720557,5.882200000087323,8.61860000031811,9.786800000256337,0.0019999997675768,0.0755000000935979,18.99140000023181,19.066900000325404,"[[0, 0], [0, 0], [0, 0]]",5.542199999581499
888,scheduled-after-result gen=820,66,264,0.2684999999473803,2.791700000216224,16.009099999791943,13.21739999957572,0.0091000001702923,14.34160041809082,"[[0, 0], [0, 0], [0, 0]]",0.0303000001622422,0.0327000002471322,0.0285000000985746,8.874200000263954,2.013199999964854,3.3607000000301923,4.66180000012173,5.332700000053592,0.0017000002117129,0.0399999998990097,14.34160000007978,14.38159999997879,"[[0, 0], [0, 0], [0, 0]]",1.6274999998131534
889,scheduled-after-result gen=821,66,264,0.2842999997483275,2.75099999998929,21.0149000004094,18.263900000420108,0.0097000001915148,18.031099319458008,"[[0, 0], [0, 0], [0, 0]]",0.0307000000248081,0.1704999999674328,0.0288999999611405,9.750499999881868,2.8557000000546395,5.43950000019322,7.319900000311463,8.012000000235275,0.0012999998943996,0.0454999999419669,18.03109999991648,18.076599999858445,"[[0, 0], [0, 0], [0, 0]]",2.9383000005509565
890,scheduled-after-result gen=822,66,264,0.3053000000363681,1.246899999841844,13.384800000039832,12.137900000197988,0.0091000001702923,10.31060028076172,"[[0, 0], [0, 0], [0, 0]]",0.0205999999707273,0.0229000002036627,0.0185999997484032,4.8764999996819824,1.7423999997845383,3.080599999975675,4.6431000000666245,5.341699999917182,0.0011000001904903,0.0540000000910367,10.3105999996842,10.364599999775235,"[[0, 0], [0, 0], [0, 0]]",3.0202000002645963
891,scheduled-after-result gen=823,66,264,0.4606000002240762,2.0643000002564804,17.3399000000245,15.27559999976802,0.0121000002764048,16.582700729370117,"[[0, 0], [0, 0], [0, 0]]",0.0329999998029961,0.0329999998029961,0.0211000001399952,7.286700000349811,2.553400000124384,5.423900000096182,8.004499999969994,9.153599999990549,0.0018999999156221,0.0762999998187297,16.58270000007178,16.65899999989051,"[[0, 0], [0, 0], [0, 0]]",0.6809000001339882
892,scheduled-after-result gen=824,66,264,0.4340000000411237,1.0723999998845102,18.83829999997033,17.76590000008582,0.0101000000540807,16.191099166870117,"[[0, 0], [0, 0], [0, 0]]",0.0328000000990869,0.069900000198686,0.0303000001622422,7.964199999605626,2.762300000085816,5.631200000152603,7.323600000290753,8.052900000166119,0.0014000002011016,0.0454000000900123,16.191100000014558,16.23650000010457,"[[0, 0], [0, 0], [0, 0]]",2.6017999998657615
893,scheduled-after-result gen=825,66,264,0.4558999999062507,2.011000000038621,16.786799999863433,14.775799999824812,0.0101999999060353,14.749099731445312,"[[0, 0], [0, 0], [0, 0]]",0.0240999997913604,0.0755999999455525,0.0285000000985746,7.356099999924481,1.5108999996300554,3.2041999998000392,5.994599999667116,7.203499999832275,0.0020000002223241,0.0849000002745015,14.749099999789903,14.834000000064409,"[[0, 0], [0, 0], [0, 0]]",1.9527999997990246
894,scheduled-after-result gen=826,66,264,0.4659999999603315,0.0742000001991982,18.886100000145237,18.81189999994604,0.0130999997054459,17.695999145507812,"[[0, 0], [0, 0], [0, 0]]",0.0320000003739551,0.0390000000152213,0.0289000004158879,8.783300000231975,2.657500000168511,5.227600000125676,7.828300000255695,8.775000000241562,0.001200000042445,0.0407999996241414,17.696000000341883,17.736799999966024,"[[0, 0], [0, 0], [0, 0]]",1.1493000001792133
895,scheduled-after-result gen=827,66,264,0.2690000001166481,1.226300000325864,22.124000000076197,20.89769999975033,0.011499999800435,16.9591007232666,"[[0, 0], [0, 0], [0, 0]]",0.0236999999287945,0.065699999595381,0.0264999998762505,7.92139999975916,2.2400000002562592,4.974000000402157,7.680700000037177,8.865700000114884,0.0018999999156221,0.0684999999975843,16.959099999894534,17.027599999892118,"[[0, 0], [0, 0], [0, 0]]",5.0964000001840795
896,scheduled-after-result gen=828,66,264,0.2896000000873755,1.2337000002844434,21.59239999991769,20.358699999633245,0.0137000001814158,15.474200248718262,"[[0, 0], [0, 0], [0, 0]]",0.0301999998555402,0.0326999997923849,0.0215000000025611,6.067199999961304,2.837900000031368,5.525200000192854,8.081599999968603,9.2637000002469,0.0018999999156221,0.0743000000511528,15.47419999997146,15.548500000022614,"[[0, 0], [0, 0], [0, 0]]",6.043899999895075
897,scheduled-after-result gen=829,66,264,0.4631000001609209,2.0466999999371183,23.34270000028482,21.296000000347703,0.0168999999914376,17.365400314331055,"[[0, 0], [0, 0], [0, 0]]",0.0224000000343949,0.0859000001582899,0.0278000002253975,8.292099999835045,2.617600000121456,5.192300000089745,7.72850000021208,8.879299999989598,0.0018999999156221,0.0716999998076062,17.36540000001696,17.437099999824568,"[[0, 0], [0, 0], [0, 0]]",5.905600000460254
898,scheduled-after-result gen=830,66,264,0.2844000000550295,1.1973000000580214,19.01300000008632,17.8157000000283,0.0145999997585022,17.61989974975586,"[[0, 0], [0, 0], [0, 0]]",0.0227999998969608,0.0332999998136074,0.0291999999717518,8.427199999914592,2.710099999603699,5.342799999652925,7.861399999910645,9.048099999745318,0.0018999999156221,0.0716000004103989,17.619899999772315,17.691500000182714,"[[0, 0], [0, 0], [0, 0]]",1.3214999999036046
899,scheduled-after-result gen=831,66,264,0.2936999999292311,1.260900000033871,12.877099999968776,11.616199999934906,0.0108000003820052,8.95419979095459,"[[0, 0], [0, 0], [0, 0]]",0.021899999865127,0.0224999998863495,0.0197999997908482,4.192399999737972,1.3586000000032072,2.6652999999896565,3.9385000000038417,4.668599999604339,0.0011000001904903,0.0445000000581785,8.954199999607226,8.998699999665405,"[[0, 0], [0, 0], [0, 0]]",3.8784000003033707
900,scheduled-after-result gen=832,66,264,0.2633999997669889,1.2401000003592344,11.899600000106147,10.659499999746911,0.0118999996630009,9.69130039215088,"[[0, 0], [0, 0], [0, 0]]",0.0186999996003578,0.0182000003405846,0.0184000000444939,4.568299999846204,1.4384000000973174,2.7982999999949243,4.190200000266486,5.012600000100065,0.0027000000955013,0.0846000002638902,9.691299999758485,9.775900000022377,"[[0, 0], [0, 0], [0, 0]]",2.1237000000837707
901,scheduled-after-result gen=833,66,264,0.5068000000392203,2.5090999997701147,14.65250000001106,12.143400000240945,0.0160999998115585,13.25529956817627,"[[0, 0], [0, 0], [0, 0]]",0.0312000001940759,0.0407000002269342,0.0209999998332932,4.4938000000911416,2.136600000085309,4.727699999875767,7.379600000149367,8.630299999822455,0.001300000349147,0.056700000186538,13.255299999855197,13.312000000041737,"[[0, 0], [0, 0], [0, 0]]",1.3404999999693228
902,scheduled-after-result gen=834,66,264,0.3424000001359673,1.67669999973441,21.984299999985524,20.307600000251117,0.0150999999277701,17.38680076599121,"[[0, 0], [0, 0], [0, 0]]",0.0235999996220925,0.0234999997701379,0.0196000000869389,7.964500000070984,2.7231999997638923,5.376499999783846,8.029299999634532,9.294999999838184,0.0021000000742787,0.0849000002745015,17.38679999971282,17.471699999987322,"[[0, 0], [0, 0], [0, 0]]",4.512599999998201
903,scheduled-after-result gen=835,66,264,0.4469000000426604,2.4757999999565072,20.694999999705036,18.219199999748525,0.0129000000015366,15.446999549865724,"[[0, 0], [0, 0], [0, 0]]",0.0299000002996763,0.1572000001033302,0.0287999996544385,8.30679999990025,2.7245000001130397,4.406600000038452,5.761200000051758,6.865400000151567,0.0021000000742787,0.0715000001036969,15.447000000222031,15.51850000032573,"[[0, 0], [0, 0], [0, 0]]",5.176499999379306
904,scheduled-after-result gen=836,66,264,0.4632000000128755,0.0761000001148204,18.83660000021337,18.760500000098546,0.008699999852979,17.63990020751953,"[[0, 0], [0, 0], [0, 0]]",0.0349000001733657,0.0346000001627544,0.0293000002784538,8.359999999811407,2.630500000122993,5.324400000063179,7.861300000058691,9.014600000227802,0.002500000391592,0.0417999999626772,17.639900000176567,17.681700000139244,"[[0, 0], [0, 0], [0, 0]]",1.1549000000741252
905,scheduled-after-result gen=837,66,264,0.4582999999911408,1.0852000000340922,18.84390000031999,17.7587000002859,0.013899999885325,15.27869987487793,"[[0, 0], [0, 0], [0, 0]]",0.0328000000990869,0.0402000000576663,0.0211000001399952,7.974899999680929,2.64149999975416,5.138399999850662,6.501899999875604,7.173599999987346,0.0012999998943996,0.0407000002269342,15.278699999726086,15.31939999995302,"[[0, 0], [0, 0], [0, 0]]",3.52450000036697
906,scheduled-after-result gen=838,66,264,0.5473999999594525,1.016200000321987,17.435700000078214,16.419499999756226,0.0106000002233486,14.72130012512207,"[[0, 0], [0, 0], [0, 0]]",0.0259000003097753,0.0350000000253203,0.029499999982363,5.22480000017822,2.6643999999578227,5.500100000062957,8.148000000346656,9.346199999981764,0.0020000002223241,0.0757000002522545,14.721300000019257,14.79700000027151,"[[0, 0], [0, 0], [0, 0]]",2.638699999806704
907,scheduled-after-result gen=839,66,264,0.2835000000231957,2.7380000001357985,19.45270000032906,16.71470000019326,0.0104000000646919,17.585800170898438,"[[0, 0], [0, 0], [0, 0]]",0.0218000000131723,0.0669999999445281,0.0276999999186955,8.401800000228832,2.7430999998614425,5.332799999905546,7.83659999979136,9.010099999613884,0.0020000002223241,0.0695000003361201,17.58579999977883,17.65530000011495,"[[0, 0], [0, 0], [0, 0]]",1.797400000214111
908,scheduled-after-result gen=840,66,264,0.2879000003304099,1.2166999999863035,17.48410000027434,16.267400000288035,0.0109000002339598,10.836799621582031,"[[0, 0], [0, 0], [0, 0]]",0.0298999998449289,0.029600000289065,0.0218000000131723,4.235599999901751,1.3707999996768194,2.688600000055885,5.2883999996993225,6.460999999944761,0.0018000000636675,0.0675000001137959,10.836799999651705,10.9042999997655,"[[0, 0], [0, 0], [0, 0]]",6.579800000508838
909,scheduled-after-result gen=841,66,264,0.4931000003125518,1.059800000348332,19.878000000062457,18.818199999714125,0.0161000002663058,17.911100387573242,"[[0, 0], [0, 0], [0, 0]]",0.0310000000354193,0.0304999998661514,0.0290999996650498,8.413400000335969,2.7788000002146878,5.483100000219565,8.129800000006071,9.350700000140932,0.00240000008489,0.0845999998091429,17.91110000021945,17.99570000002859,"[[0, 0], [0, 0], [0, 0]]",1.8823000000338652
910,scheduled-after-result gen=842,66,264,0.2680000002328597,0.7624999998370185,19.143999999869266,18.381500000032247,0.011499999800435,12.184800148010254,"[[0, 0], [0, 0], [0, 0]]",0.0306000001728534,0.168399999893154,0.0279999999293067,7.197200000064186,1.362299999982497,2.686400000129652,4.046399999879213,4.724800000076357,0.0011000001904903,0.0431000003118242,12.184799999886309,12.227900000198131,"[[0, 0], [0, 0], [0, 0]]",6.916099999671134
911,scheduled-after-result gen=843,66,264,0.275800000054005,1.226599999881728,16.49509999970178,15.268499999820053,0.0103000002127373,13.08650016784668,"[[0, 0], [0, 0], [0, 0]]",0.0236999999287945,0.0575999997636245,0.0282000000879634,8.076600000094913,1.5132999997149454,2.863299999717128,4.189199999927951,4.866499999934604,0.001200000042445,0.0432000001637788,13.08649999964473,13.129699999808508,"[[0, 0], [0, 0], [0, 0]]",3.3653999998932704
912,scheduled-after-result gen=844,66,264,0.2724000000853266,1.2047999998685557,9.947099999862983,8.74229999999443,0.0101999999060353,8.879799842834473,"[[0, 0], [0, 0], [0, 0]]",0.0233999999181833,0.024299999950017,0.0186000002031505,4.1869000001497625,1.3441999999486145,2.6338000002397166,3.916300000128104,4.595700000209035,0.0011000001904903,0.0477000003229477,8.879799999704119,8.927500000027067,"[[0, 0], [0, 0], [0, 0]]",1.0195999998359166
913,scheduled-after-result gen=845,66,264,0.3280000000813743,0.6683000001430628,19.424800000251707,18.756500000108645,0.0091000001702923,18.125999450683597,"[[0, 0], [0, 0], [0, 0]]",0.0300000001516309,0.1013999999486259,0.0292999998237064,8.655799999814917,2.751699999862467,5.4110999999466,8.100199999717006,9.248500000012427,0.0016999997569655,0.0696000001880747,18.12599999993836,18.195600000126436,"[[0, 0], [0, 0], [0, 0]]",1.229200000125271
914,scheduled-after-result gen=846,66,264,0.2972000002046115,2.774499999759428,13.48569999981919,10.711200000059762,0.0084000002971151,12.66860008239746,"[[0, 0], [0, 0], [0, 0]]",0.0333000002683547,0.0343000001521431,0.0199999999495048,4.326100000071165,1.6083999998954823,4.178899999715213,6.95289999976012,8.196699999643897,0.0021000000742787,0.0675000001137959,12.668599999869912,12.736099999983708,"[[0, 0], [0, 0], [0, 0]]",0.7495999998354819
915,scheduled-after-result gen=847,66,264,0.2681000000848144,1.216199999817036,11.91339999968477,10.697199999867737,0.0090000003183376,9.942700386047363,"[[0, 0], [0, 0], [0, 0]]",0.0224000000343949,0.0234999997701379,0.0189000002137618,4.721899999822199,1.5726000001450302,2.905300000293209,4.420799999934388,5.124000000250817,0.0015000000530562,0.0487000002067361,9.942700000010518,9.991400000217254,"[[0, 0], [0, 0], [0, 0]]",1.9219999994675163
916,scheduled-after-result gen=848,66,264,0.4551000001811189,1.092500000140717,22.925000000213917,21.8325000000732,0.0091000001702923,17.77400016784668,"[[0, 0], [0, 0], [0, 0]]",0.0270000000455183,0.0900999998521001,0.028299999939918,8.45900000012989,2.6462000000719854,5.159100000128092,8.000100000117527,9.132700000009208,0.0015000000530562,0.0423999999838997,17.773999999917578,17.816399999901478,"[[0, 0], [0, 0], [0, 0]]",5.108600000312439
917,scheduled-after-result gen=849,66,264,0.4681000000346103,1.0242000003017893,15.8808000001045,14.856599999802713,0.0095000000328582,14.59409999847412,"[[0, 0], [0, 0], [0, 0]]",0.0315000002046872,0.0445999999101331,0.0278000002253975,8.279899999706686,2.6477000001250417,4.131600000164326,5.484599999817874,6.1774000000696105,0.0011000001904903,0.0442999998995219,14.594100000067556,14.638399999967078,"[[0, 0], [0, 0], [0, 0]]",1.2424000001374225
918,scheduled-after-result gen=850,66,264,0.2737999998316809,0.0495999997838225,15.970399999787332,15.92080000000351,0.0136999997266684,11.430399894714355,"[[0, 0], [0, 0], [0, 0]]",0.0218000000131723,0.0253999996857601,0.0197999997908482,4.996499999833759,1.429299999927025,4.1027000002031855,5.623200000172801,6.335200000194163,0.0013999997463542,0.0466999999844119,11.430399999881049,11.47709999986546,"[[0, 0], [0, 0], [0, 0]]",4.493299999921872
919,scheduled-after-result gen=851,66,264,0.2777999998215819,1.238499999999476,25.096700000176497,23.85820000017702,0.011600000107137,17.839500427246094,"[[0, 0], [0, 0], [0, 0]]",0.0227000000450061,0.1993999999285733,0.0280999997812614,8.512600000358361,2.646699999786506,5.25100000004386,7.834500000171829,9.016800000154037,0.0018999999156221,0.0743999999031075,17.839500000263797,17.913900000166905,"[[0, 0], [0, 0], [0, 0]]",7.182800000009593
920,scheduled-after-result gen=852,66,264,0.4684000000452215,0.0742000001991982,18.278600000030565,18.204399999831367,0.0109999996311671,17.918500900268555,"[[0, 0], [0, 0], [0, 0]]",0.0227999998969608,0.034599999708007,0.0286999998024839,8.689300000241929,2.71950000023935,5.30720000006113,7.90080000024318,9.08060000028854,0.0021000000742787,0.0752000000829866,17.91849999972328,17.993699999806267,"[[0, 0], [0, 0], [0, 0]]",0.2849000002242974
921,scheduled-after-result gen=853,66,264,0.2607000001262349,0.0652999997328152,16.415499999766325,16.35020000003351,0.012800000149582,11.788000106811523,"[[0, 0], [0, 0], [0, 0]]",0.022000000171829,0.0267000000349071,0.0199999999495048,4.767900000388181,1.469599999836646,2.849399999831803,5.740099999911763,6.897899999785295,0.0021999999262334,0.0736000001779757,11.78799999979674,11.861599999974716,"[[0, 0], [0, 0], [0, 0]]",4.553899999791609
922,scheduled-after-result gen=854,66,264,0.4769000001942913,2.0402000000103726,22.334700000101293,20.29450000009092,0.0125999999909254,17.90169906616211,"[[0, 0], [0, 0], [0, 0]]",0.0321000002259097,0.117699999918841,0.0298999998449289,8.579100000133622,2.640000000155851,5.198500000005879,7.972500000050786,9.081500000320377,0.0018999999156221,0.0641000001451175,17.901700000038545,17.965800000183663,"[[0, 0], [0, 0], [0, 0]]",4.36889999991763
923,scheduled-after-result gen=855,66,264,0.2868999999918742,1.2098000001969922,19.44460000004256,18.234799999845563,0.0134999995680118,17.008100509643555,"[[0, 0], [0, 0], [0, 0]]",0.0300000001516309,0.0405000000682775,0.0306000001728534,7.641400000011345,2.4407000000792323,5.156700000043202,8.05450000007113,9.204899999986084,0.0019999997675768,0.0760000002628658,17.00810000011188,17.084100000374747,"[[0, 0], [0, 0], [0, 0]]",2.3604999996678124
924,scheduled-after-result gen=856,66,264,0.4681000000346103,7.092699999702745,19.354099999873142,12.261400000170395,0.0135000000227591,17.377099990844727,"[[0, 0], [0, 0], [0, 0]]",0.0313000000460306,0.1170000000456639,0.0279999999293067,8.261200000106328,2.1001000000069325,4.986300000382471,7.742200000393495,8.880900000349357,0.0017000002117129,0.0684999999975843,17.377099999976053,17.445599999973638,"[[0, 0], [0, 0], [0, 0]]",1.9084999998995045
925,scheduled-after-result gen=857,66,264,0.2763999996204802,0.0518000001648033,11.854200000016135,11.802399999851332,0.0134000001708045,9.502699851989746,"[[0, 0], [0, 0], [0, 0]]",0.0210999996852478,0.0238000002354965,0.0185000003511959,4.423899999892456,1.5226000000438944,2.8624999999919964,4.302700000152981,4.985800000213203,0.0013999997463542,0.0461999998151441,9.50269999975717,9.548899999572312,"[[0, 0], [0, 0], [0, 0]]",2.3053000004438235
926,scheduled-after-result gen=858,66,264,0.2687999999579915,0.0511999996888334,17.6048999996965,17.553700000007666,0.0097000001915148,12.770600318908691,"[[0, 0], [0, 0], [0, 0]]",0.0227999998969608,0.1050999999279156,0.0268999997388164,7.730700000138313,1.4138999999886437,2.823600000283477,4.17230000039126,4.85160000016549,0.0009999998837884,0.0430000000051222,12.77059999983976,12.813599999844882,"[[0, 0], [0, 0], [0, 0]]",4.791299999851617
927,scheduled-after-result gen=859,66,264,0.2862999999706517,1.1814000004051195,19.528400000126567,18.346999999721447,0.0107999999272578,18.674299240112305,"[[0, 0], [0, 0], [0, 0]]",0.0246999998125829,0.0448999999207444,0.0284999996438273,8.80940000024566,2.8431999999156687,5.565099999785161,8.52549999990515,9.70740000002479,0.0022000003809807,0.0654000000395171,18.674299999929644,18.73969999996916,"[[0, 0], [0, 0], [0, 0]]",0.7887000001574052
928,scheduled-after-result gen=860,66,264,0.4510999997364706,0.0721000001249194,22.829900000033376,22.757799999908457,0.0123999998322688,16.48390007019043,"[[0, 0], [0, 0], [0, 0]]",0.0239000000874511,0.1043000002027838,0.0282000000879634,8.869499999946129,2.7328000001034525,5.313999999998487,6.723599999986618,7.421899999826564,0.001200000042445,0.0442999998995219,16.483899999911955,16.528199999811477,"[[0, 0], [0, 0], [0, 0]]",6.301700000221899
929,scheduled-after-result gen=861,66,264,0.4500000000007276,2.615799999603041,19.840299999941635,17.224500000338594,0.0193999999282823,15.228500366210938,"[[0, 0], [0, 0], [0, 0]]",0.0271999997494276,0.0330000002577435,0.027099999897473,7.0201000003180525,2.2034999997231357,4.412699999647884,6.817299999966053,8.063399999628018,0.0020000002223241,0.0737000000299303,15.22849999992104,15.302199999950972,"[[0, 0], [0, 0], [0, 0]]",4.5380999999906635
930,scheduled-after-result gen=862,66,264,0.4711000001407228,0.0780999998823972,22.665999999844644,22.587899999962247,0.0141000000439817,18.076499938964844,"[[0, 0], [0, 0], [0, 0]]",0.0337999999828753,0.0359000000571541,0.0207000002774293,8.414400000219757,2.8253000000404427,5.545200000142359,8.308899999974528,9.508900000128053,0.0021000000742787,0.0740999998924962,18.07650000000649,18.150599999898983,"[[0, 0], [0, 0], [0, 0]]",4.515399999945661
931,scheduled-after-result gen=863,66,264,0.2720000002227607,0.093000000106258,19.50299999998606,19.4099999998798,0.011700000413839,19.044700622558597,"[[0, 0], [0, 0], [0, 0]]",0.0230000000556174,0.102200000128505,0.0279000000773521,9.205399999700605,2.8658000001087203,5.644500000016706,8.435000000190485,9.62600000002567,0.0023000002329354,0.0669000000925734,19.04469999999492,19.11160000008749,"[[0, 0], [0, 0], [0, 0]]",0.3913999998985709
932,scheduled-after-result gen=864,66,264,0.4878999998254585,6.636100000378065,15.293900000415306,8.657800000037241,0.0098000000434694,14.12279987335205,"[[0, 0], [0, 0], [0, 0]]",0.0297999999929743,0.0367999996342405,0.0313000000460306,9.054999999989375,1.4614000001529348,2.841500000158703,4.24730000031559,4.933100000016566,0.0009999998837884,0.0512999999955354,14.122799999768176,14.174099999763712,"[[0, 0], [0, 0], [0, 0]]",1.119800000651594
933,scheduled-after-result gen=865,66,264,0.2658000003066263,1.2415000001055887,19.038800000089395,17.797299999983807,0.0116999999590916,15.649299621582031,"[[0, 0], [0, 0], [0, 0]]",0.024299999950017,0.0264000000242958,0.020400000266818,7.560099999864178,2.84590000001117,5.678200000147626,7.274999999935972,7.984700000179146,0.0012999998943996,0.0468999996883212,15.649299999950015,15.696199999638338,"[[0, 0], [0, 0], [0, 0]]",3.342600000451057
934,scheduled-after-result gen=866,66,264,0.2736999999797262,1.2319000002207758,17.07410000017262,15.842199999951845,0.0107999999272578,12.222100257873535,"[[0, 0], [0, 0], [0, 0]]",0.0218000000131723,0.017899999875226,0.0193000000763277,4.498299999795563,1.4996999998402316,3.6448000000746106,6.452999999964959,7.610199999817269,0.0021000000742787,0.0682999998389277,12.222100000144565,12.290399999983492,"[[0, 0], [0, 0], [0, 0]]",4.783700000189128
935,scheduled-after-result gen=867,66,264,0.2994999999827996,0.0624000003881519,20.40320000014617,20.34079999975802,0.0139999997372797,18.44669914245605,"[[0, 0], [0, 0], [0, 0]]",0.023099999907572,0.0250000002779415,0.0202000001081614,8.483399999931862,2.9699000001528475,5.891600000268227,8.682000000135304,9.835300000304414,0.0021999999262334,0.075100000231032,18.446699999913108,18.52180000014414,"[[0, 0], [0, 0], [0, 0]]",1.8814000000020314
936,scheduled-after-result gen=868,66,264,0.2774999998109706,2.749000000221713,17.596799999864743,14.84779999964303,0.0440999997408653,12.34119987487793,"[[0, 0], [0, 0], [0, 0]]",0.020699999822682,0.0257000001511187,0.0177000001713167,5.498800000168558,2.8975999998692714,4.42590000011478,6.041900000127498,6.746300000031624,0.0015000000530562,0.0521000001754146,12.34119999980976,12.393299999985176,"[[0, 0], [0, 0], [0, 0]]",5.203499999879567
937,scheduled-after-result gen=869,66,264,0.5774999999630381,0.7235999996737519,20.62630000000354,19.902700000329787,0.0147000000652042,19.41550064086914,"[[0, 0], [0, 0], [0, 0]]",0.0342999996973958,0.0703000000612519,0.0291000001197971,9.286599999995817,2.875299999686831,5.748300000050222,8.703699999841774,9.934400000020103,0.0021000000742787,0.0792000000728876,19.41549999992276,19.49469999999565,"[[0, 0], [0, 0], [0, 0]]",1.1316000000078894
938,scheduled-after-result gen=870,66,264,0.2762999997685256,2.181599999858008,10.823199999776987,8.64159999991898,0.0096000003395602,10.18929958343506,"[[0, 0], [0, 0], [0, 1]]",0.021899999865127,0.016800000139483,0.019099999917671,4.848499999752676,1.5045000000100115,2.9718999999204243,4.566600000089238,5.252699999800825,0.001200000042445,0.0874000002113462,10.189299999638024,10.27669999984937,"[[0, 0], [0, 0], [0, 1]]",0.546499999927617
939,scheduled-after-result gen=871,66,264,0.2673999997568899,1.3498000002982735,11.453999999957889,10.104199999659611,0.0096000003395602,9.909000396728516,"[[0, 0], [0, 0], [0, 1]]",0.0239999999394058,0.0279000000773521,0.019099999917671,4.718700000012177,1.556300000174815,2.9942000001028646,4.426100000273436,5.088400000204274,0.0009999998837884,0.0485999999000341,9.908999999879596,9.957599999779632,"[[0, 0], [0, 0], [0, 1]]",1.496400000178257
940,scheduled-after-result gen=872,66,264,0.4826999997931125,0.0817999998616869,23.890099999789527,23.80829999992784,0.0165000001288717,19.171499252319336,"[[0, 0], [0, 0], [0, 0]]",0.0311999997393286,0.0414999999520659,0.029600000289065,9.021200000006502,2.9810999999426717,5.899700000099983,8.786100000179431,9.983700000248064,0.0019999997675768,0.0752999999349413,19.17150000008405,19.246800000018997,"[[0, 0], [0, 0], [0, 0]]",4.64329999977053
941,scheduled-after-result gen=873,66,264,0.3023000003850029,1.2203999999655937,17.572500000369473,16.35210000040388,0.0155000002450833,17.343599319458008,"[[0, 0], [0, 0], [0, 0]]",0.0254000001405074,0.0178000000232714,0.020699999822682,6.759100000181206,3.012699999999313,6.127699999979086,9.300600000187842,10.460200000125042,0.0023999996301427,0.0734999998712737,17.34360000000379,17.417099999875063,"[[0, 0], [0, 0], [0, 0]]",0.15540000049441005
942,scheduled-after-result gen=874,66,264,0.2847000000656408,0.0540000000910367,21.066400000108843,21.01240000001781,0.0095000000328582,19.39249992370605,"[[0, 0], [0, 0], [0, 0]]",0.0246999998125829,0.0417000001107226,0.0275000002147862,9.350899999844842,3.055600000152481,5.876000000171189,8.698999999978696,9.88560000041616,0.0018999999156221,0.068599999849539,19.39249999986714,19.46109999971668,"[[0, 0], [0, 0], [0, 0]]",1.6053000003921625
943,scheduled-after-result gen=875,66,264,0.2853000000868633,0.0744999997550621,11.32289999986824,11.24840000011318,0.0090999997155449,11.11680030822754,"[[0, 0], [0, 0], [0, 0]]",0.021899999865127,0.0246999998125829,0.0188999997590144,5.009900000004564,1.5631999999641266,3.274300000157382,5.294699999922159,6.005900000218389,0.0015000000530562,0.0412999997934093,11.116799999854264,11.158099999647677,"[[0, 0], [0, 0], [0, 0]]",0.16480000022056274
944,scheduled-after-result gen=876,66,264,0.2844000000550295,1.249199999620032,19.129199999952107,17.880000000332075,0.01269999984288,18.08889961242676,"[[0, 0], [0, 0], [0, 0]]",0.0223999995796475,0.0244999996539263,0.0193000000763277,7.945599999857222,3.0018000002201006,5.926900000304158,8.789700000306766,10.017000000061673,0.0021000000742787,0.0691999998707615,18.08889999983876,18.15809999970952,"[[0, 0], [0, 0], [0, 0]]",0.9711000002425862
945,scheduled-after-result gen=877,66,264,0.2858000002561311,0.0540000000910367,21.989100000155304,21.935100000064267,0.016800000139483,19.600500106811523,"[[0, 0], [0, 0], [0, 0]]",0.0247000002673303,0.1436999996258237,0.0272999996013822,9.323700000095414,2.999199999976554,6.028600000263396,8.884300000318035,10.021000000051572,0.0020000002223241,0.0652999997328152,19.60050000025149,19.6657999999843,"[[0, 0], [0, 0], [0, 0]]",2.3233000001710025
946,scheduled-after-result gen=878,66,264,0.2721000000747153,1.2243999999554944,17.513899999812566,16.28949999985707,0.0121000002764048,15.468199729919434,"[[0, 0], [0, 0], [0, 0]]",0.0319999999192077,0.0414000001001113,0.0312000001940759,9.932400000252528,1.6156000001501525,3.1355999999505,4.699699999946461,5.394100000103208,0.0012999998943996,0.0448000000687898,15.468199999759236,15.512999999828024,"[[0, 0], [0, 0], [0, 0]]",2.000899999984542
947,scheduled-after-result gen=879,66,264,0.2684000000954256,2.8162000003248977,18.107900000359223,15.291700000034323,0.0100000002021261,17.387800216674805,"[[0, 0], [0, 0], [0, 0]]",0.0227000000450061,0.0254999999924621,0.0181000000338826,7.069399999636516,3.255799999806186,6.210000000010041,9.033399999680114,10.19529999985025,0.0018999999156221,0.0682999998389277,17.387800000051357,17.456099999890284,"[[0, 0], [0, 0], [0, 0]]",0.6518000004689384
948,scheduled-after-result gen=880,66,264,0.4493999999795051,0.0729999997020058,17.686199999843666,17.61320000014166,0.0111999997898237,11.587900161743164,"[[0, 0], [0, 0], [0, 0]]",0.0310000000354193,0.0385000003007007,0.0282000000879634,5.865499999799795,1.577399999860063,3.275600000051781,4.761199999848031,5.587199999808945,0.001200000042445,0.0435000001743901,11.587899999994988,11.631400000169378,"[[0, 0], [0, 0], [0, 0]]",6.054799999674287
949,scheduled-after-result gen=881,66,264,0.2830999997058825,2.70310000041718,12.871500000073866,10.168399999656684,0.0097000001915148,9.86460018157959,"[[0, 0], [0, 0], [0, 0]]",0.022000000171829,0.0167000002875283,0.019200000224373,4.677200000060111,1.484100000197941,2.894199999900593,4.42460000022038,5.101300000205811,0.001200000042445,0.0407000002269342,9.86460000012812,9.905300000355057,"[[0, 0], [0, 0], [0, 0]]",2.9661999997188087
950,scheduled-after-result gen=882,66,264,0.2716999997574021,0.0936999999794352,12.968199999704666,12.87449999972523,0.0100000002021261,10.107999801635742,"[[0, 0], [0, 0], [0, 0]]",0.0239999999394058,0.0297999999929743,0.0202000001081614,4.594300000007934,1.4522000001306878,2.814500000113185,4.431100000147126,5.400000000008731,0.0016999997569655,0.0450000002274464,10.107999999945603,10.153000000173051,"[[0, 0], [0, 0], [0, 0]]",2.8151999995316146
951,scheduled-after-result gen=883,66,264,0.2870000002985762,2.771699999811972,13.449999999920692,10.67830000010872,0.0087999997049337,10.643799781799316,"[[0, 0], [0, 0], [0, 0]]",0.0236999999287945,0.0414000001001113,0.0297000001410197,5.560300000070129,1.4739000002919056,2.8697000002466666,4.278899999917485,4.953099999966071,0.0011000001904903,0.0445000000581785,10.64379999979792,10.6882999998561,"[[0, 0], [0, 0], [0, 0]]",2.7617000000645913
952,scheduled-after-result gen=884,66,264,0.2731999998104584,2.244199999950069,13.046999999914988,10.802799999964918,0.0112999996417784,9.81980037689209,"[[0, 0], [0, 0], [0, 0]]",0.0226999995902588,0.0242000000980624,0.0199000000975502,4.625099999884696,1.4697999999953026,2.858399999695393,4.401499999858061,5.096099999718717,0.0009999998837884,0.0415000004068133,9.819799999604584,9.861300000011395,"[[0, 0], [0, 0], [0, 0]]",3.1856999999035924
953,scheduled-after-result gen=885,66,264,0.4774999997607665,0.0826999998935207,17.351500000131637,17.268800000238116,0.0115000002551823,16.136199951171875,"[[0, 0], [0, 0], [0, 0]]",0.0242000000980624,0.1830999999583582,0.0274999997600389,7.617400000071939,3.063799999836192,5.770199999915349,7.211999999981344,8.22699999980614,0.0021000000742787,0.0640999996903701,16.136200000346435,16.200300000036805,"[[0, 0], [0, 0], [0, 0]]",1.151200000094832
954,scheduled-after-result gen=886,66,264,0.3228999999009829,1.3644999999087304,17.726899999615853,16.362399999707122,0.0087999997049337,16.853099822998047,"[[0, 0], [0, 0], [0, 0]]",0.0221000000237836,0.0323999997817736,0.0291999999717518,8.170699999936915,3.0751999997846724,6.089399999837042,7.81860000006418,8.557599999676313,0.0015000000530562,0.0469000001430686,16.853099999934784,16.900000000077853,"[[0, 0], [0, 0], [0, 0]]",0.826899999538
955,scheduled-after-result gen=887,66,264,0.2779000001282838,0.7436999999299587,13.964300000225194,13.220600000295237,0.0095999998848128,9.876500129699709,"[[0, 0], [0, 0], [0, 0]]",0.0202000001081614,0.0249999998231942,0.0175000000126601,4.672300000038376,1.4593999999306106,2.8576999998222163,4.384200000004057,5.10809999968842,0.001200000042445,0.0426000001425563,9.876499999791122,9.919099999933678,"[[0, 0], [0, 0], [0, 0]]",4.045200000291516
956,scheduled-after-result gen=888,66,264,0.5014999997001723,0.9509999999863794,29.378599999745347,28.427599999758968,0.017899999875226,20.06220054626465,"[[0, 0], [0, 0], [0, 0]]",0.0310999998873739,0.0332999998136074,0.022000000171829,9.789400000045134,3.0905000003258465,6.0026000001016655,8.888300000307936,10.122900000169466,0.00240000008489,0.0871999995979422,20.062200000211305,20.149399999809248,"[[0, 0], [0, 0], [0, 0]]",9.2291999999361
957,scheduled-after-result gen=889,66,264,0.4718999998658546,1.0219000000688538,22.98319999999876,21.961299999929903,0.0091999995674996,19.58580017089844,"[[0, 0], [0, 0], [0, 0]]",0.0301000000035855,0.0405999999202322,0.028199999633216,9.34899999992922,3.1586000000061176,5.9187000001657,8.867600000030507,10.073500000089552,0.0023000002329354,0.0626999999440158,19.58579999973153,19.64849999967555,"[[0, 0], [0, 0], [0, 0]]",3.3347000003232097
958,scheduled-after-result gen=890,66,264,0.268300000243471,0.0700000000506406,21.6019999998025,21.53199999975186,0.0185000003511959,18.291000366210938,"[[0, 0], [0, 0], [0, 0]]",0.0281000002360087,0.0247999996645376,0.0215999998545157,8.179200000085984,2.9544999997597188,5.789899999854242,8.757199999763543,9.97559999996156,0.0019999997675768,0.0913000003492925,18.290999999862837,18.38230000021213,"[[0, 0], [0, 0], [0, 0]]",3.2196999995903717
959,scheduled-after-result gen=891,66,264,0.4653999999391089,1.1088000001109322,21.920300000147108,20.811500000036176,0.0110999999378691,19.10090065002441,"[[0, 0], [0, 0], [0, 0]]",0.0309000001834647,0.0390000000152213,0.0308999997287173,9.105800000270392,2.9886000002079527,5.802099999982602,8.710600000085833,9.832100000039643,0.0017999996089201,0.0690000001668522,19.10090000001219,19.16990000017904,"[[0, 0], [0, 0], [0, 0]]",2.7503999999680673
960,scheduled-after-result gen=892,66,264,0.2785000001495064,1.3718000000153552,16.45830000006754,15.086500000052183,0.0095999998848128,14.513799667358398,"[[0, 0], [0, 0], [0, 0]]",0.0238000002354965,0.0344999998560524,0.0281000002360087,9.17959999969753,1.510100000359671,2.964499999961845,4.49590000016542,5.220900000040274,0.0015000000530562,0.0421999998252431,14.513800000258923,14.556000000084168,"[[0, 0], [0, 0], [0, 0]]",1.90229999998337
961,scheduled-after-result gen=893,66,264,0.2713999997467908,1.2515000003077148,15.938700000333483,14.687200000025769,0.012800000149582,9.905799865722656,"[[0, 0], [0, 0], [0, 0]]",0.0219000003198743,0.0187000000551051,0.0187999999070598,4.775599999902624,1.4339999997901032,2.8689000000667875,4.370499999822641,5.042100000082428,0.0010000003385357,0.0390000000152213,9.905800000069576,9.944800000084795,"[[0, 0], [0, 0], [0, 0]]",5.993900000248688
962,scheduled-after-result gen=894,66,264,0.2823999998327053,1.243700000031822,11.88799999999901,10.644299999967188,0.0098000000434694,10.03499984741211,"[[0, 0], [0, 0], [0, 0]]",0.021899999865127,0.0275000002147862,0.0196000000869389,4.502799999954732,1.586299999871699,3.1506999998782703,4.752599999847007,5.430100000012317,0.0011999995876976,0.0417000001107226,10.034999999788852,10.076699999899574,"[[0, 0], [0, 0], [0, 0]]",1.8113000000994361
963,scheduled-after-result gen=895,66,264,0.2666000000317581,1.2848999999732769,11.87740000023041,10.592500000257132,0.0098000000434694,10.484399795532228,"[[0, 0], [0, 0], [0, 0]]",0.020699999822682,0.0228999997489154,0.0184000000444939,5.023600000185979,1.6246000000137428,3.171199999997043,4.653699999835226,5.359799999951065,0.0013999997463542,0.0450000002274464,10.484399999768357,10.529399999995803,"[[0, 0], [0, 0], [0, 0]]",1.348000000234606
964,scheduled-after-result gen=896,66,264,0.3036999996766099,2.7116000001115026,11.801499999819498,9.089899999707995,0.0093000003289489,10.1427001953125,"[[0, 0], [0, 0], [0, 0]]",0.0208000001293839,0.016699999832781,0.0198000002455955,4.843899999741552,1.5507000002799032,3.037899999981164,4.542200000287266,5.208900000070571,0.001200000042445,0.0392000001738779,10.142699999960314,10.181900000134192,"[[0, 0], [0, 0], [0, 0]]",1.619599999685306
965,scheduled-after-result gen=897,66,264,0.309699999888835,1.2063999997735664,10.452399999849147,9.246000000075584,0.0072999996518774,10.233699798583984,"[[0, 0], [0, 0], [0, 0]]",0.0218000000131723,0.0227000000450061,0.0182999997377919,4.8595000002933375,1.6376000003219815,3.155300000344141,4.599400000188325,5.282800000259158,0.0012999998943996,0.039900000047055,10.233700000298995,10.27360000034605,"[[0, 0], [0, 0], [0, 0]]",0.17879999950309688
966,scheduled-after-result gen=898,66,264,0.2713999997467908,1.248200000190991,12.945599999966362,11.69739999977537,0.0107999999272578,11.524100303649902,"[[0, 0], [0, 0], [0, 0]]",0.021899999865127,0.0245999999606283,0.0195000002349843,6.270400000175869,1.6216000003623776,3.058700000110548,4.472200000236626,5.1524000000426895,0.0011000001904903,0.0520000003234599,11.524099999860482,11.576100000183942,"[[0, 0], [0, 0], [0, 0]]",1.3694999997824198
967,scheduled-after-result gen=899,66,264,0.2972999996018188,1.2327999997978625,13.479300000199146,12.246500000401284,0.0079999999798019,12.818699836730955,"[[0, 0], [0, 0], [0, 0]]",0.0226000001930515,0.2846999996108934,0.028199999633216,7.36559999995734,1.538800000162155,2.9954000001453096,4.423200000019278,5.084400000214373,0.0015999999050109,0.0451999999313557,12.818700000025274,12.86389999995663,"[[0, 0], [0, 0], [0, 0]]",0.6154000002425164
968,scheduled-after-result gen=900,66,264,0.2776999999696272,1.2366999999358086,12.566899999910676,11.330199999974866,0.0089999998635903,11.397899627685549,"[[0, 0], [0, 0], [0, 0]]",0.0243999998019717,0.0249999998231942,0.0193000000763277,5.540200000268669,1.643800000238116,3.241500000058295,4.765900000165857,5.739500000345288,0.0018999999156221,0.0709000000824744,11.397899999792571,11.468799999875046,"[[0, 0], [0, 0], [0, 0]]",1.0981000000356307
969,scheduled-after-result gen=901,66,264,0.2879000003304099,2.699299999676441,17.989599999964412,15.29030000028797,0.0175999998646148,14.301300048828123,"[[0, 0], [0, 0], [0, 0]]",0.0247000002673303,0.0340999999934865,0.0210000002880406,4.853800000091724,2.160800000183372,5.212999999912427,8.101200000055542,9.313100000326813,0.0021999999262334,0.0780000000304426,14.301300000170158,14.3793000002006,"[[0, 0], [0, 0], [0, 0]]",3.6102999997638126
970,scheduled-after-result gen=902,66,264,0.2797000001919514,0.1667999999881431,20.02219999985755,19.855399999869405,0.0122000001283595,19.081300735473636,"[[0, 0], [0, 0], [0, 0]]",0.0225999997383041,0.1302000000578118,0.0271999997494276,9.030299999722049,2.967599999919912,5.818200000248908,8.623300000181189,9.813099999973929,0.0021999999262334,0.0733000001673644,19.08129999992525,19.15460000009261,"[[0, 0], [0, 0], [0, 0]]",0.8675999997649377
971,scheduled-after-result gen=903,66,264,0.2659000001585809,1.2156000002505607,15.997200000128942,14.78159999987838,0.0162000001182605,11.388099670410156,"[[0, 0], [0, 0], [0, 0]]",0.0233999999181833,0.0331000001096981,0.0283999997918726,6.053099999917322,1.4987999998083978,2.9619000001730456,4.496900000049209,5.212999999912427,0.0016999997569655,0.054300000101648,11.388099999749102,11.44239999985075,"[[0, 0], [0, 0], [0, 0]]",4.554800000278192
972,scheduled-after-result gen=904,66,264,0.2893000000767642,2.742299999681564,17.99429999982749,15.252000000145928,0.0098000000434694,15.110400199890137,"[[0, 0], [0, 0], [0, 0]]",0.0218000000131723,0.0254000001405074,0.0195000002349843,5.141600000115432,3.05160000016258,5.8394000002408575,8.627600000181701,9.841399999913849,0.0027000000955013,0.0832999999147432,15.110400000139634,15.193700000054378,"[[0, 0], [0, 0], [0, 0]]",2.8005999997731124
973,scheduled-after-result gen=905,66,264,0.4638999998860527,1.053199999660137,20.215499999721946,19.162300000061805,0.0129000000015366,16.689300537109375,"[[0, 0], [0, 0], [0, 0]]",0.0328000000990869,0.03870000000461,0.0302000003102875,9.04229999969175,2.9399000000012165,5.021099999794387,6.610899999941466,7.502699999804463,0.0013999997463542,0.0430000000051222,16.689300000052754,16.732300000057876,"[[0, 0], [0, 0], [0, 0]]",3.4831999996640697
974,scheduled-after-result gen=906,66,264,0.2730000001065491,2.797999999984313,12.909600000057251,10.11160000007294,0.0108000003820052,9.642600059509276,"[[0, 0], [0, 0], [0, 0]]",0.0214000001506065,0.0196000000869389,0.0199000000975502,4.579899999953341,1.455800000258023,2.876300000025367,4.2931000002681685,4.971199999999953,0.001200000042445,0.0413000002481567,9.642600000006496,9.683900000254653,"[[0, 0], [0, 0], [0, 0]]",3.2256999998025986
975,scheduled-after-result gen=907,66,264,0.2674000002116372,1.1676999997689563,12.7477999999428,11.580100000173845,0.0101000000540807,9.562000274658203,"[[0, 0], [0, 0], [0, 0]]",0.0205999999707273,0.0147999999171588,0.0198999996428028,4.450299999916751,1.5257000000019616,2.9371999999057152,4.356999999799882,5.02760000017588,0.0015000000530562,0.0460999999631894,9.562000000187254,9.608100000150444,"[[0, 0], [0, 0], [0, 0]]",3.139699999792356
976,scheduled-after-result gen=908,66,264,0.2722000003814173,1.2444000003597466,11.331200000313402,10.086799999953657,0.008800000159681,9.925100326538086,"[[0, 0], [0, 0], [0, 0]]",0.0224000000343949,0.0239999999394058,0.0199000000975502,4.712699999799952,1.437299999906827,2.907399999912741,4.390900000089459,5.111399999805144,0.0012999998943996,0.0386000001526554,9.925100000145903,9.96370000029856,"[[0, 0], [0, 0], [0, 0]]",1.3675000000148412
977,scheduled-after-result gen=909,66,264,0.2512000000933767,2.33059999982288,11.90299999962008,9.5723999997972,0.0101000000540807,9.857399940490724,"[[0, 0], [0, 0], [0, 0]]",0.0226000001930515,0.0231999997595266,0.0195999996321916,4.56739999981437,1.5609000001859386,3.024399999958405,4.527600000074017,5.194100000153412,0.001200000042445,0.0419000002693792,9.85739999987345,9.89930000014283,"[[0, 0], [0, 0], [0, 0]]",2.0036999994772504
978,scheduled-after-result gen=910,66,264,0.2733000001171604,4.210700000385259,10.843600000043809,6.632899999658548,0.0097000001915148,10.403400421142578,"[[0, 0], [0, 0], [0, 0]]",0.0211999999919498,0.0215000000025611,0.0183999995897465,5.23029999976643,1.4453999997385836,2.925599999798578,4.40889999981664,5.081099999642902,0.001099999735743,0.0464999998257553,10.403400000086547,10.449899999912304,"[[0, 0], [0, 0], [0, 0]]",0.3937000001315045
979,scheduled-after-result gen=911,66,264,0.4518000000643951,0.0759999998081184,24.73959999997533,24.663600000167207,0.0134000001708045,19.325000762939453,"[[0, 0], [0, 0], [0, 0]]",0.0299000002996763,0.0404999996135302,0.0297000001410197,9.257800000341376,2.912699999797041,5.761899999924935,8.709499999895343,9.90460000002713,0.0021000000742787,0.0740999998924962,19.32500000020809,19.39910000010059,"[[0, 0], [0, 0], [0, 0]]",5.340499999874741
980,scheduled-after-result gen=912,66,264,0.2708000001803157,0.0747000003684661,19.621200000074168,19.546499999705706,0.008800000159681,19.207799911499023,"[[0, 0], [0, 0], [0, 0]]",0.0233000000662286,0.0359000000571541,0.0304999998661514,9.084700000130397,2.9053999996904167,5.82559999975274,8.81889999982377,9.953799999948387,0.0023000002329354,0.0613000001976615,19.20780000000377,19.269100000201437,"[[0, 0], [0, 0], [0, 0]]",0.3520999998727312
981,scheduled-after-result gen=913,66,264,0.293000000056054,1.2385999998514308,17.4339999998665,16.19540000001507,0.0164999996741244,15.62660026550293,"[[0, 0], [0, 0], [0, 0]]",0.0223999995796475,0.0359999999091087,0.0299999996968836,7.467500000075233,2.7528000000529573,5.732099999931961,7.28449999996883,8.03349999978309,0.0012999998943996,0.0549999999748251,15.626599999905013,15.681599999879836,"[[0, 0], [0, 0], [0, 0]]",1.7523999999866646
982,scheduled-after-result gen=914,66,264,0.2706999998736137,1.1804000000665835,20.60829999982161,19.427899999755027,0.0101000000540807,19.433000564575195,"[[0, 0], [0, 0], [0, 0]]",0.0233999999181833,0.0466999999844119,0.0283999997918726,9.060100000169768,2.9143000001568,6.01730000016687,9.047000000009575,10.210900000402034,0.0021000000742787,0.0796999997874081,19.43299999993542,19.512699999722827,"[[0, 0], [0, 0], [0, 0]]",1.0956000000987842
983,scheduled-after-result gen=915,66,264,0.4653000000871543,2.555000000029395,24.381199999879755,21.82619999985036,0.0111999997898237,19.51449966430664,"[[0, 0], [0, 0], [0, 0]]",0.0211000001399952,0.0967000000855478,0.0273000000561296,8.793799999693874,3.3058999997592764,6.340099999761151,9.316099999978178,10.515099999793163,0.0018000000636675,0.0645000000076834,19.51449999978649,19.578999999794178,"[[0, 0], [0, 0], [0, 0]]",4.802200000085577
984,scheduled-after-result gen=916,66,264,0.2666999998837127,1.230099999702361,17.570900000009715,16.340800000307354,0.0097000001915148,10.437600135803224,"[[0, 0], [0, 0], [0, 0]]",0.0224000000343949,0.0263000001723412,0.0208999999813386,4.86799999998766,1.6404000002694374,3.087600000071689,4.707300000063697,5.470000000059372,0.001200000042445,0.0405000000682775,10.43759999993199,10.478100000000268,"[[0, 0], [0, 0], [0, 0]]",7.092800000009447
985,scheduled-after-result gen=917,66,264,0.5135999999765772,3.959499999837135,25.227000000086264,21.26750000024913,0.0108999997792125,20.704700469970703,"[[0, 0], [0, 0], [0, 0]]",0.0310000000354193,0.1101000002563523,0.0261000000136846,10.153600000194274,3.0200999999578926,5.970300000171847,8.949800000209507,10.326999999961116,0.0023000002329354,0.0718000001143082,20.704699999896548,20.776500000010856,"[[0, 0], [0, 0], [0, 0]]",4.450500000075408
986,scheduled-after-result gen=918,66,264,0.4872000004070287,0.0746000000617641,12.22349999989092,12.148899999829156,0.0148999997691134,11.384699821472168,"[[0, 0], [0, 0], [0, 0]]",0.0246999998125829,0.0270000000455183,0.0211999999919498,4.551900000024034,2.0715000000564032,4.044700000122248,5.654600000070786,6.704200000058336,0.0020000002223241,0.0698000003467314,11.384699999780423,11.454500000127156,"[[0, 0], [0, 0], [0, 0]]",0.7689999997637642
987,scheduled-after-result gen=919,66,264,0.4354000002422253,1.1506000000736094,21.42150000008769,20.27090000001408,0.0113000000965257,19.68600082397461,"[[0, 0], [0, 0], [0, 0]]",0.0306000001728534,0.1741999999467225,0.027099999897473,8.971799999926588,3.182399999786867,6.271100000049046,9.27929999988919,10.424099999909233,0.0019999997675768,0.0691999998707615,19.686000000092463,19.755199999963224,"[[0, 0], [0, 0], [0, 0]]",1.6663000001244654
988,scheduled-after-result gen=920,66,264,0.4758000000038009,1.0308999999324442,20.83970000012414,19.80880000019169,0.0091000001702923,20.00909996032715,"[[0, 0], [0, 0], [0, 0]]",0.0305000003208988,0.042699999994511,0.0297999999929743,9.113799999795448,3.2138000001395994,6.440000000111468,9.563000000071042,10.726500000146189,0.0017999996089201,0.0754000002416432,20.009100000152102,20.084500000393746,"[[0, 0], [0, 0], [0, 0]]",0.7551999997303938
989,scheduled-after-result gen=921,66,264,0.3038999998352665,0.6149999999252032,24.55630000031306,23.94130000038785,0.0110999999378691,20.618600845336918,"[[0, 0], [0, 0], [0, 0]]",0.0336999996761733,0.0423999999838997,0.0306000001728534,9.899900000164052,3.170399999817164,6.216999999651307,9.256099999674916,10.539800000060495,0.0023000002329354,0.0658999997540377,20.61860000003435,20.684499999788382,"[[0, 0], [0, 0], [0, 0]]",3.8718000005246758
990,scheduled-after-result gen=922,66,264,0.2755000000433938,0.0503999999637017,16.976100000192673,16.92570000022897,0.0104000000646919,10.99120044708252,"[[0, 0], [0, 0], [0, 0]]",0.0216999997064704,0.0266000001829525,0.0211000001399952,5.476700000144774,1.7530999998598418,3.291300000000774,4.741099999591825,5.412099999830389,0.001300000349147,0.0405999999202322,10.991199999807575,11.03179999972781,"[[0, 0], [0, 0], [0, 0]]",5.944300000464864
991,scheduled-after-result gen=923,66,264,0.2802999997584265,1.2080000001333246,20.00750000024709,18.799500000113767,0.0132999998641025,19.61870002746582,"[[0, 0], [0, 0], [0, 0]]",0.0254000001405074,0.0262999997175938,0.0203999998120707,9.60460000032981,3.266499999881489,6.408599999758735,8.718600000065635,9.88710000001447,0.0018000000636675,0.0666000000819622,19.618700000137324,19.68530000021929,"[[0, 0], [0, 0], [0, 0]]",0.32220000002780225
992,scheduled-after-result gen=924,66,264,0.4337000000305124,1.2499999997999112,20.41469999994661,19.16470000014669,0.0148999997691134,19.68429946899414,"[[0, 0], [0, 0], [0, 0]]",0.0310000000354193,0.0557000003027496,0.0294000001304084,9.53010000012,3.1574999998156272,5.997799999931885,8.77989999980855,9.97300000017276,0.0021999999262334,0.0804000001153326,19.68429999988075,19.764699999996083,"[[0, 0], [0, 0], [0, 0]]",0.649999999950527
993,scheduled-after-result gen=925,66,264,0.500099999953818,2.0471000002544315,22.974900000008347,20.927799999753915,0.0319999999192077,20.678699493408203,"[[0, 0], [0, 0], [0, 0]]",0.0285999999505293,0.0367000002370332,0.0301999998555402,10.24779999988823,3.151100000195584,6.068300000151794,9.021200000006502,10.271800000282385,0.0018999999156221,0.0883000002431799,20.678699999734818,20.766999999978,"[[0, 0], [0, 0], [0, 0]]",2.207900000030346
994,scheduled-after-result gen=926,66,264,0.480600000173581,1.0181000002376095,23.345400000380323,22.327300000142717,0.0122999999803141,19.865699768066406,"[[0, 1], [0, 1], [0, 1]]",0.02299999960087,0.0346000001627544,0.0304999998661514,9.99569999976302,3.065500000047905,5.929599999944912,8.990600000288396,9.723699999995006,0.0021000000742787,0.0640000002931628,19.865699999627395,19.92969999992056,"[[0, 1], [0, 1], [0, 1]]",3.4157000004597613
995,scheduled-after-result gen=927,66,264,0.2825000001394073,1.185099999929662,14.36550000016723,13.180400000237569,0.0133000003188499,10.38319969177246,"[[0, 1], [0, 1], [0, 1]]",0.0233999999181833,0.0249999998231942,0.0199000000975502,5.003300000225863,1.6123000000334289,3.1355000000985456,4.808200000297802,5.276600000343024,0.0015999999050109,0.049200000376004,10.383199999978387,10.432400000354392,"[[0, 1], [0, 1], [0, 1]]",3.933099999812839
996,scheduled-after-result gen=928,66,264,0.2948000001197215,0.0433000000157335,16.29529999991064,16.251999999894906,0.0127000002976274,14.141799926757812,"[[0, 1], [0, 1], [0, 1]]",0.0208000001293839,0.0340999999934865,0.0202000001081614,4.699199999777193,2.1990000000187138,5.452999999761232,8.53129999995872,9.314200000062556,0.0021000000742787,0.0655999997434264,14.14180000028864,14.207400000032068,"[[0, 1], [0, 1], [0, 1]]",2.0878999998785712
997,scheduled-after-result gen=929,66,264,0.4679999997279083,1.0415000001557928,11.23250000000553,10.190999999849735,0.0089000000116357,10.21560001373291,"[[0, 1], [0, 1], [0, 1]]",0.0215999998545157,0.0505000002704036,0.0397000003431458,5.230499999925087,1.5496000000894128,3.024199999799748,4.4214999998075655,4.841800000122021,0.001200000042445,0.0481000001855136,10.215599999810363,10.26369999999588,"[[0, 1], [0, 1], [0, 1]]",0.968800000009649
998,scheduled-after-result gen=930,66,264,0.3500000002532033,1.14869999970324,11.829600000055509,10.680900000352269,0.042800000301213,9.997400283813477,"[[0, 1], [0, 1], [0, 1]]",0.0224000000343949,0.0242000000980624,0.0195000002349843,4.893000000265602,1.660500000070897,3.213500000128988,4.598500000156491,5.007300000215764,0.001200000042445,0.0395000001844891,9.997399999974732,10.03690000015922,"[[0, 1], [0, 1], [0, 1]]",1.7926999998962891
999,scheduled-after-result gen=931,66,264,0.2838999998857616,0.7775999997647887,11.415399999805231,10.637800000040444,0.01029999975799,10.305500030517578,"[[0, 1], [0, 1], [0, 1]]",0.0222999997276929,0.0173999997059581,0.0198000002455955,5.386299999827315,1.5450000000782893,3.0025999999452324,4.400499999974272,4.8295000001417066,0.0017000002117129,0.0454000000900123,10.305499999958556,10.350900000048568,"[[0, 1], [0, 1], [0, 1]]",1.0644999997566629
1000,scheduled-after-result gen=932,66,264,0.4724000000351225,0.9670000004007306,22.20370000031835,21.23669999991762,0.0120999998216575,19.27280044555664,"[[0, 1], [0, 1], [0, 1]]",0.0295999998343177,0.1004999999167921,0.0275999996119935,9.919000000081724,2.9862999999750173,5.727499999920838,8.349599999746715,9.130399999776271,0.0021999999262334,0.0857999998515879,19.272800000180723,19.35860000003231,"[[0, 1], [0, 1], [0, 1]]",2.8451000002860383
1001,scheduled-after-result gen=933,66,264,0.5171000002519577,2.569400000083988,20.79200000025594,18.22260000017195,0.0148999997691134,18.492700576782227,"[[0, 1], [0, 1], [0, 1]]",0.0307000000248081,0.0292999998237064,0.0307000000248081,9.275699999761857,2.863499999875785,5.565299999943818,8.242500000051223,9.06570000006468,0.0023000002329354,0.0832999999147432,18.492700000024342,18.57599999993909,"[[0, 1], [0, 1], [0, 1]]",2.21600000031685
1002,scheduled-after-result gen=934,66,264,0.4859000000578817,0.1913000000968168,21.839300000010557,21.647999999913736,0.0104000000646919,19.3710994720459,"[[0, 0], [0, 0], [0, 0]]",0.0493000002279586,0.1097999997909937,0.0307999998767627,9.579499999745169,2.9426999999486725,5.618799999865587,8.305700000164506,9.541299999909825,0.0020999996195314,0.0752000000829866,19.37110000017128,19.44630000025427,"[[0, 0], [0, 0], [0, 0]]",2.392999999756288
1003,scheduled-after-result gen=935,66,264,0.4449999996722908,1.0810999997374893,14.856599999802713,13.775500000065222,0.0175000000126601,12.67650032043457,"[[0, 1], [0, 1], [0, 1]]",0.032299999929819,0.0471999996989325,0.0301000000035855,6.975299999794515,1.713099999960832,3.354699999817967,5.11000000005879,5.553999999847292,0.0012999998943996,0.0460999999631894,12.67649999999776,12.722599999960948,"[[0, 1], [0, 1], [0, 1]]",2.1339999998417643
1004,scheduled-after-result gen=936,66,264,0.4797000001417473,0.0869999998940329,20.54439999983515,20.45739999994112,0.0132999998641025,18.936399459838867,"[[0, 1], [0, 1], [0, 1]]",0.0313000000460306,0.0443999997514765,0.0297999999929743,9.150800000043091,3.077399999710906,6.077600000025996,8.850400000028458,9.620100000120146,0.0021999999262334,0.0770999999986088,18.936399999802237,19.01349999980084,"[[0, 1], [0, 1], [0, 1]]",1.5309000000343111
1005,scheduled-after-result gen=937,66,264,0.44579999985217,2.633999999943626,18.979899999976624,16.345900000032998,0.0095999998848128,18.673999786376957,"[[0, 1], [0, 1], [0, 1]]",0.0238000002354965,0.0277999997706501,0.0304999998661514,9.168699999918315,2.9285999999046908,5.765100000189705,8.585900000070978,9.365500000058091,0.0021000000742787,0.0755000000935979,18.673999999919037,18.74950000001263,"[[0, 1], [0, 1], [0, 1]]",0.23039999996399274
1006,scheduled-after-result gen=938,66,264,0.2659000001585809,1.2919000000692904,14.56419999976788,13.272299999698587,0.0119999999697029,9.701600074768066,"[[0, 1], [0, 1], [0, 1]]",0.0228999997489154,0.0272999996013822,0.0211000001399952,4.451499999959196,1.4391999998224492,2.9708000001846813,4.623299999821029,5.146200000126555,0.0014000002011016,0.0436000000263447,9.701599999971222,9.745199999997569,"[[0, 1], [0, 1], [0, 1]]",4.818999999770311
1007,scheduled-after-result gen=939,66,264,0.4694999997809645,0.0759000004109111,25.54660000032527,25.47069999991436,0.0104000000646919,18.26959991455078,"[[0, 1], [0, 1], [0, 1]]",0.034700000014709,0.0359999999091087,0.0288999999611405,9.023400000387484,2.853200000117795,5.547400000068592,8.233699999891542,9.08849999996164,0.0018999999156221,0.0656000001981738,18.269599999712227,18.3351999999104,"[[0, 1], [0, 1], [0, 1]]",7.211400000414869
1008,scheduled-after-result gen=940,66,264,0.4641999998966639,2.049199999873963,21.769099999801256,19.719899999927293,0.0116999999590916,16.215499877929688,"[[0, 0], [0, 0], [0, 1]]",0.0221999998757382,0.0294000001304084,0.0290999996650498,9.084300000267833,2.7488000000630564,5.082499999844004,6.432399999994232,7.01340000023265,0.001200000042445,0.0414999999520659,16.21549999981653,16.256999999768595,"[[0, 0], [0, 0], [0, 1]]",5.51210000003266
1009,scheduled-after-result gen=941,66,264,0.4709999998340208,2.76850000000195,21.533699999963574,18.765199999961624,0.0175999998646148,18.730100631713867,"[[0, 1], [0, 1], [0, 1]]",0.0224000000343949,0.0305999997181061,0.0294000001304084,9.026499999890802,3.050400000120135,5.798600000161969,8.593800000198826,9.538400000110414,0.0018999999156221,0.079100000220933,18.73010000008435,18.80920000030528,"[[0, 1], [0, 1], [0, 1]]",2.724499999658292
1010,scheduled-after-result gen=942,66,264,0.2837000001818524,2.780499999971653,21.646400000008725,18.865900000037072,0.0158999996529018,15.97469997406006,"[[0, 1], [0, 1], [0, 1]]",0.0222000003304856,0.0279000000773521,0.0197999997908482,6.541899999774614,2.872199999728764,5.52560000005542,8.422200000040903,9.303799999997864,0.0021000000742787,0.073900000188587,15.974700000242592,16.04860000043118,"[[0, 1], [0, 1], [0, 1]]",5.597799999577546
1011,scheduled-after-result gen=943,66,264,0.4603999996106722,1.047199999902659,18.751599999632163,17.704399999729503,0.0103999996099446,17.73889923095703,"[[0, 1], [0, 1], [0, 1]]",0.0306000001728534,0.0380000001314329,0.0286999998024839,8.636900000055903,2.8163000001768523,5.509600000095816,8.186700000351266,8.944100000007893,0.0018000000636675,0.0638000001345062,17.738900000040303,17.80270000017481,"[[0, 1], [0, 1], [0, 1]]",0.9488999994573533
1012,scheduled-after-result gen=944,66,264,0.270700000328361,0.0507999998262675,12.44829999996,12.397500000133732,0.0101000000540807,10.076000213623049,"[[0, 1], [0, 1], [0, 1]]",0.0224000000343949,0.024299999950017,0.019099999917671,4.35139999990497,2.182000000175321,3.757700000278419,5.1846999999725085,5.628299999898445,0.0014000002011016,0.043900000036956,10.076000000026395,10.119900000063351,"[[0, 1], [0, 1], [0, 1]]",2.3283999998966483
1013,scheduled-after-result gen=945,66,264,0.3100999997514009,1.2158999998064246,19.25810000011552,18.04220000030909,0.0147000000652042,18.72529983520508,"[[0, 1], [0, 1], [0, 1]]",0.0340999999934865,0.0830000003588793,0.0303000001622422,9.064999999736756,2.9554000002463,5.755900000167458,8.574500000122498,9.446900000057212,0.0024999999368446,0.0856999999996332,18.72529999991457,18.8109999999142,"[[0, 1], [0, 1], [0, 1]]",0.44710000020132057
1014,scheduled-after-result gen=946,66,264,0.2722999997786246,1.2450000003809691,18.22230000016134,16.97729999978037,0.0089000000116357,12.140700340270996,"[[0, 1], [0, 1], [0, 1]]",0.0221000000237836,0.0306000001728534,0.0195000002349843,4.96549999979834,2.1250999998301268,5.044699999871227,6.596000000172353,7.059600000047794,0.0073999999585794,0.0467999998363666,12.140700000145443,12.18749999998181,"[[0, 1], [0, 1], [0, 1]]",6.03480000017953
1015,scheduled-after-result gen=947,66,264,0.2884999998968851,0.7202000001598208,9.831900000335736,9.111700000175915,0.0096000003395602,9.325799942016602,"[[0, 1], [0, 1], [0, 1]]",0.0214000001506065,0.0169999998433922,0.0196000000869389,4.439199999978882,1.4972000003581345,2.8430000002117595,4.363800000191986,4.799600000296778,0.0011999995876976,0.0401000002057116,9.325800000169693,9.365900000375404,"[[0, 1], [0, 1], [0, 1]]",0.4659999999603315
1016,scheduled-after-result gen=948,66,264,0.2749000000221713,1.3327000001481792,11.969499999850086,10.636799999701909,0.0120000004244502,9.975500106811523,"[[0, 1], [0, 1], [0, 1]]",0.0212999998439045,0.0197000003936409,0.0207999996746366,4.574699999920995,1.4309999996839906,2.8440999999475025,4.851499999858788,5.304199999955017,0.0013999997463542,0.0519000000167579,9.975499999654858,10.027399999671616,"[[0, 1], [0, 1], [0, 1]]",1.9421000001784705
1017,scheduled-after-result gen=949,66,264,0.2687999999579915,0.0508000002810149,11.369700000159355,11.31889999987834,0.0079999999798019,9.494799613952637,"[[0, 0], [0, 0], [0, 0]]",0.0297000001410197,0.0322000000778643,0.0208000001293839,4.460699999981443,1.3932000001659617,2.8058000002602057,4.25710000035906,4.919500000141852,0.0012999998943996,0.0390000000152213,9.49480000008407,9.53380000009929,"[[0, 0], [0, 0], [0, 0]]",1.8359000000600645
1018,scheduled-after-result gen=950,66,264,0.4902999999103485,1.0132000002158748,21.83240000022124,20.819200000005367,0.0158999996529018,19.77720069885254,"[[0, 0], [0, 0], [0, 1]]",0.0313000000460306,0.0431999997090315,0.033399999665562,9.369100000185426,2.9015999998591724,5.926700000145502,9.054399999968156,10.238599999865984,0.0018000000636675,0.0694999998813727,19.777200000135053,19.846700000016423,"[[0, 0], [0, 0], [0, 1]]",1.9857000002048188
1019,scheduled-after-result gen=951,66,264,0.2913999996962957,0.719199999821285,18.65429999998014,17.935100000158855,0.0109999996311671,17.215299606323242,"[[0, 0], [0, 0], [0, 0]]",0.023099999907572,0.1018000002659391,0.028299999939918,9.03939999989234,3.448200000093493,5.5372000001625565,7.26940000004106,7.976599999892642,0.0012999998943996,0.0468999996883212,17.215300000316347,17.26220000000467,"[[0, 0], [0, 0], [0, 0]]",1.3920999999754713
1020,scheduled-after-result gen=952,66,264,0.2819999999701394,1.1929000002055543,14.48770000024524,13.294800000039686,0.0101999999060353,13.176799774169922,"[[0, 0], [0, 0], [0, 0]]",0.0304000000141968,0.0309000001834647,0.0202000001081614,5.262099999981729,3.018100000190316,5.092599999898084,7.093799999893236,7.798900000125286,0.0013999997463542,0.0414000001001113,13.176800000110234,13.218200000210343,"[[0, 0], [0, 0], [0, 0]]",1.2695000000348973
1021,scheduled-after-result gen=953,66,264,0.461399999949208,1.0448000002725166,18.542100000104256,17.49729999983174,0.0098000000434694,17.601499557495117,"[[0, 0], [0, 0], [0, 0]]",0.0234999997701379,0.0365000000783766,0.0305999997181061,7.366199999978562,2.000500000121974,5.374599999868224,8.930400000281224,10.088600000017324,0.0021000000742787,0.0725000004422327,17.60149999972782,17.674000000170054,"[[0, 0], [0, 0], [0, 0]]",0.8680999999342021
1022,scheduled-after-result gen=954,66,264,0.2951999999822874,2.744399999755842,26.25140000009196,23.50700000033612,0.0119999999697029,21.501399993896484,"[[0, 0], [0, 0], [0, 0]]",0.0205999999707273,0.0337999999828753,0.0312000001940759,10.46649999989313,3.379199999926641,6.637299999965762,9.723599999688304,10.881599999720493,0.0020000002223241,0.0659999996059923,21.501400000033755,21.567399999639747,"[[0, 0], [0, 0], [0, 0]]",4.684000000452212
1023,scheduled-after-result gen=955,66,264,0.2759999997579143,0.9568999998919026,15.23109999970984,14.274199999817938,0.0162000001182605,11.372400283813477,"[[0, 0], [0, 0], [0, 0]]",0.0208000001293839,0.0138000000333704,0.0197999997908482,5.329400000391615,1.9726999998965769,3.655200000139303,5.291700000270794,5.959200000233977,0.0013999997463542,0.0414000001001113,11.372400000254856,11.413800000354968,"[[0, 0], [0, 0], [0, 0]]",3.817299999354873
1024,scheduled-after-result gen=956,66,264,0.299400000130845,0.0522000000273692,20.52880000019286,20.47660000016549,0.0096999997367674,19.37339973449707,"[[0, 0], [0, 0], [0, 0]]",0.0237000003835419,0.0923999996302882,0.0262999997175938,7.729500000095868,3.649100000075123,6.993100000272534,10.494999999991704,11.463300000286836,0.001200000042445,0.0446000003648805,19.37339999994947,19.41800000031435,"[[0, 0], [0, 0], [0, 0]]",1.110799999878509
1025,scheduled-after-result gen=957,66,264,0.4549000000224623,1.040899999679823,23.30669999992097,22.265800000241143,0.0119000001177482,21.40839958190918,"[[0, 0], [0, 0], [0, 0]]",0.0306000001728534,0.0992000000223924,0.0276999999186955,10.7215000002725,3.3462000001236447,6.287800000336574,9.357200000067678,10.474900000190246,0.0018999999156221,0.0641999999970721,21.408400000382244,21.47260000037932,"[[0, 0], [0, 0], [0, 0]]",1.8340999995416496
1026,scheduled-after-result gen=958,66,264,0.2807999999276944,2.7940999998463667,19.518199999765784,16.724099999919417,0.0149000002238608,18.88419914245605,"[[0, 0], [0, 0], [0, 0]]",0.029499999982363,0.0255999998444167,0.0272999996013822,11.320200000227487,3.176799999891955,5.067099999905622,6.762600000001839,7.446699999945849,0.0011000001904903,0.0426000001425563,18.88420000022961,18.926800000372168,"[[0, 0], [0, 0], [0, 0]]",0.5913999993936159
1027,scheduled-after-result gen=959,66,264,0.4537999998319719,0.9454000000914676,26.03820000013002,25.09280000003855,0.0150999999277701,21.648799896240234,"[[0, 0], [0, 0], [0, 0]]",0.0291999999717518,0.0382000002900895,0.0290999996650498,10.401200000160316,3.243799999836483,6.532500000048458,9.973100000024717,11.10819999985324,0.0015000000530562,0.050199999805045,21.648800000093612,21.69899999989866,"[[0, 0], [0, 0], [0, 0]]",4.339200000231358
1028,scheduled-after-result gen=960,66,264,0.2706999998736137,1.2480000000323344,17.530600000100094,16.28260000006776,0.0083999998423678,16.635000228881836,"[[0, 0], [0, 0], [0, 0]]",0.0205999999707273,0.0230000000556174,0.0188000003618071,10.036000000127387,1.8286999998053943,4.173799999989569,5.834399999912421,6.50359999963257,0.0011000001904903,0.0443999997514765,16.634999999951106,16.679399999702582,"[[0, 0], [0, 0], [0, 0]]",0.8512000003975118
1029,scheduled-after-result gen=961,66,264,0.2672000000529806,0.7032000003164285,13.72830000036629,13.02510000004986,0.0085000001490698,11.537500381469728,"[[0, 0], [0, 0], [0, 0]]",0.0217000001612177,0.0306999995700607,0.0209999998332932,5.485499999849708,1.801400000204012,3.519000000324013,5.261700000119163,5.9444000003168185,0.001099999735743,0.0438000001850014,11.537500000031288,11.581300000216288,"[[0, 0], [0, 0], [0, 0]]",2.147000000150001
1030,scheduled-after-result gen=962,66,264,0.2804000000651285,7.247200000165321,16.476300000249466,9.229100000084143,0.008699999852979,15.404999732971191,"[[0, 0], [0, 0], [0, 0]]",0.0237999997807492,0.2451999998811516,0.0210000002880406,6.030900000041584,3.224099999897589,5.642399999942427,8.347299999968527,9.050199999819595,0.001200000042445,0.050199999805045,15.4050000001007,15.455199999905744,"[[0, 0], [0, 0], [0, 0]]",1.021100000343722
1031,scheduled-after-result gen=963,66,264,0.2660000000105356,1.222899999902438,18.35799999980736,17.135099999904924,0.0444000002062239,11.289400100708008,"[[0, 0], [0, 0], [0, 0]]",0.0226000001930515,0.0247000002673303,0.0189000002137618,5.54069999998319,1.745900000059919,3.344299999753275,4.968899999767018,5.635799999708979,0.0021999999262334,0.0884999999470892,11.289400000350724,11.377900000297814,"[[0, 0], [0, 0], [0, 0]]",6.980099999509548
1032,scheduled-after-result gen=964,66,264,0.4423999998834915,1.0138000002370973,16.467600000396487,15.45380000015939,0.0100000002021261,12.4552001953125,"[[0, 0], [0, 0], [0, 0]]",0.0209999998332932,0.0238000002354965,0.0199999999495048,5.813199999920471,2.476300000125775,4.10230000034062,5.857999999989261,6.543500000134372,0.001200000042445,0.0426000001425563,12.455199999749311,12.497799999891868,"[[0, 0], [0, 0], [0, 0]]",3.9698000005046197
1033,scheduled-after-result gen=965,66,264,0.2717000002121494,1.1573000001590117,14.836500000001251,13.67919999984224,0.0095000000328582,11.47920036315918,"[[0, 0], [0, 0], [0, 0]]",0.0216000003092631,0.0178000000232714,0.0196000000869389,5.658999999923253,1.7166000002362125,3.3075000001190347,5.023799999889889,5.725600000005215,0.0012999998943996,0.0397000003431458,11.479199999939738,11.518900000282883,"[[0, 0], [0, 0], [0, 0]]",3.317599999718368
1034,scheduled-after-result gen=966,66,264,0.4415999997036124,2.5243000000045868,14.242600000216044,11.718300000211457,0.0110999999378691,11.132800102233888,"[[0, 0], [0, 0], [0, 0]]",0.0223000001824402,0.0226000001930515,0.0190000000657164,5.689799999800016,1.611700000012206,3.183499999977357,4.683699999986857,5.34700000025623,0.0012999998943996,0.041399999645364,11.132800000268617,11.17419999991398,"[[0, 0], [0, 0], [0, 0]]",3.068400000302063
1035,scheduled-after-result gen=967,66,264,0.2810999999383057,1.20310000011159,11.855900000227848,10.652800000116258,0.008800000159681,10.544500350952148,"[[0, 0], [0, 0], [0, 0]]",0.0217000001612177,0.0184000000444939,0.0197999997908482,5.103200000121433,1.6438999996353232,3.188199999840436,4.697399999713525,5.350799999632727,0.0011000001904903,0.0424999998358543,10.54450000037832,10.587000000214177,"[[0, 0], [0, 0], [0, 0]]",1.2689000000136712
1036,scheduled-after-result gen=968,66,264,0.3342999998494633,1.1669999998957792,11.384599999928469,10.21760000003269,0.0080999998317565,11.16469955444336,"[[0, 0], [0, 0], [0, 0]]",0.0211999999919498,0.0277999997706501,0.0205000001187727,5.459099999825412,1.7190999997183098,3.2489000000168744,4.9203999997189385,5.601399999704881,0.0011999995876976,0.0423000001319451,11.164699999881122,11.207000000013068,"[[0, 0], [0, 0], [0, 0]]",0.17759999991540099
1037,scheduled-after-result gen=969,66,264,0.3045000003112363,3.671599999961472,15.368800000032934,11.697200000071462,0.0085000001490698,11.31149959564209,"[[0, 0], [0, 0], [0, 0]]",0.0233000000662286,0.0281000002360087,0.0208000001293839,5.46200000007957,1.8574000000626256,3.42240000009042,5.078000000139582,5.744600000070932,0.0014000002011016,0.0430000000051222,11.31149999991976,11.354499999924885,"[[0, 0], [0, 0], [0, 0]]",4.014300000108049
1038,scheduled-after-result gen=970,66,264,0.2803000002131739,1.2389999997139969,14.887899999848742,13.648900000134743,0.0098000000434694,11.091699600219728,"[[0, 0], [0, 0], [0, 0]]",0.0251000001298962,0.0741999997444509,0.0243999998019717,5.530500000077154,1.635400000395748,3.195200000391196,4.716200000075332,5.378100000143604,0.001099999735743,0.0413000002481567,11.091700000179117,11.133000000427272,"[[0, 0], [0, 0], [0, 0]]",3.75489999942147
1039,scheduled-after-result gen=971,66,264,0.3030000002581801,0.6390000003193563,12.876000000233034,12.236999999913678,0.008699999852979,10.527099609375,"[[0, 0], [0, 0], [0, 0]]",0.0297000001410197,0.0279999999293067,0.0213999996958591,5.124499999965337,1.6141999999490508,3.131699999812554,4.622399999789195,5.291399999805435,0.0009999998837884,0.051500000154192,10.527099999762868,10.57859999991706,"[[0, 0], [0, 0], [0, 0]]",2.2974000003159745
1040,scheduled-after-result gen=972,66,264,0.2988999999615771,0.068700000156241,10.873499999888736,10.804799999732497,0.0072999996518774,10.582599639892578,"[[0, 0], [0, 0], [0, 0]]",0.0226000001930515,0.0251000001298962,0.0188999997590144,5.12879999996585,1.623000000108732,3.1797999999980675,4.679400000441092,5.356400000437134,0.0011000001904903,0.0405999999202322,10.582600000361708,10.62320000028194,"[[0, 0], [0, 0], [0, 0]]",0.2502999996067956
1041,scheduled-after-result gen=973,66,264,0.3163999999742373,1.2206999999762047,11.456100000032166,10.23540000005596,0.0092999998742016,11.068499565124512,"[[0, 0], [0, 0], [0, 0]]",0.0226000001930515,0.1399000002493267,0.0213999996958591,5.386100000123406,1.7388999999639054,3.368500000306085,4.778500000156782,5.467000000408007,0.0012999998943996,0.0452999997833103,11.06850000041959,11.1138000002029,"[[0, 0], [0, 0], [0, 0]]",0.3422999998292653
1042,scheduled-after-result gen=974,66,264,0.2821000002768414,4.233199999816861,12.958499999967898,8.725300000151037,0.0101000000540807,10.921899795532228,"[[0, 0], [0, 0], [0, 0]]",0.0222999997276929,0.0257000001511187,0.0215999998545157,5.600899999990361,1.6829000001052918,3.204399999958696,4.554800000278192,5.219399999987218,0.0015000000530562,0.0526000003446824,10.921899999630114,10.974499999974796,"[[0, 0], [0, 0], [0, 0]]",1.9839999999931024
1043,scheduled-after-result gen=975,66,264,0.2626999998938117,2.775399999791261,14.428699999825769,11.653300000034506,0.0099999997473787,10.43000030517578,"[[0, 0], [0, 0], [0, 0]]",0.0221000000237836,0.0182999997377919,0.0208999999813386,5.193700000290846,1.569500000186963,3.036699999938719,4.466299999876355,5.14500000008411,0.0009999998837884,0.0457999999525782,10.429999999814754,10.475799999767332,"[[0, 0], [0, 0], [0, 0]]",3.9529000000584364
1044,scheduled-after-result gen=976,66,264,0.2549000000726664,1.2496999997893,13.52520000000368,12.27550000021438,0.0095999998848128,10.896699905395508,"[[0, 0], [0, 0], [0, 0]]",0.0212999998439045,0.0202000001081614,0.0194999997802369,5.438799999865296,1.6258999999081425,3.092899999955989,4.6423999997387,5.364999999983411,0.001200000042445,0.0466000001324573,10.896699999648265,10.94329999978072,"[[0, 0], [0, 0], [0, 0]]",2.5819000002229604
1045,scheduled-after-result gen=977,66,264,0.2581999997346429,1.2145000000600703,12.937999999849126,11.723499999789055,0.0103999996099446,10.513699531555176,"[[0, 0], [0, 0], [0, 0]]",0.020699999822682,0.0257000001511187,0.020699999822682,5.15460000042367,1.7324000000371598,3.1303000000662,4.578099999889673,5.259300000034273,0.0012999998943996,0.0416999996559752,10.51370000004681,10.555399999702786,"[[0, 0], [0, 0], [0, 0]]",2.38260000014634
1046,scheduled-after-result gen=978,66,264,0.2580999998826883,3.319299999930081,14.232999999876483,10.913699999946402,0.0095999998848128,10.161499977111816,"[[0, 0], [0, 0], [0, 0]]",0.0221999998757382,0.0286999998024839,0.0201000002562068,5.067399999916233,1.540599999771075,2.928500000052736,4.307799999878625,4.992499999843858,0.001200000042445,0.0410000002375454,10.161499999867374,10.20250000010492,"[[0, 0], [0, 0], [0, 0]]",4.030499999771564
1047,scheduled-after-result gen=979,66,264,0.2532999997129082,1.2286999999560066,12.990700000045765,11.762000000089756,0.0098000000434694,10.490099906921388,"[[0, 0], [0, 0], [0, 0]]",0.022000000171829,0.0199999999495048,0.0196000000869389,4.998200000045472,1.5502000001106353,3.0397000000448315,4.515500000252359,5.398600000262377,0.001099999735743,0.0422000002799904,10.49009999996997,10.53230000024996,"[[0, 0], [0, 0], [0, 0]]",2.4583999997958053
1048,scheduled-after-result gen=980,66,264,0.4843000001528708,2.0454000000427186,25.02449999974488,22.97909999970216,0.0178000000232714,19.899200439453125,"[[0, 0], [0, 0], [0, 0]]",0.0288999999611405,0.0405000000682775,0.0297000001410197,9.650500000134343,3.096499999628577,5.893099999866536,8.85229999994408,10.08430000001681,0.0021999999262334,0.0883000002431799,19.899200000054407,19.987500000297587,"[[0, 0], [0, 0], [0, 0]]",5.036999999447293
1049,scheduled-after-result gen=981,66,264,0.4641999998966639,1.0649999999259308,23.914399999739544,22.849399999813613,0.0135000000227591,18.720199584960938,"[[0, 0], [0, 0], [0, 0]]",0.0331000001096981,0.0353000000359315,0.0288999999611405,9.293199999774515,2.831300000252668,5.468700000164972,8.14280000031431,9.270800000194868,0.0017999996089201,0.0731000000087078,18.720199999734177,18.793299999742885,"[[0, 0], [0, 0], [0, 0]]",5.121099999996659
1050,scheduled-after-result gen=982,66,264,0.473100000363047,2.531399999952555,20.488600000135197,17.957200000182638,0.0159999999596038,19.481000900268555,"[[0, 0], [0, 0], [0, 0]]",0.033499999972264,0.0475000001642911,0.0310000000354193,9.441400000014257,2.946600000086619,5.744900000081543,8.676899999954912,9.866299999885086,0.0018000000636675,0.0752000000829866,19.481000000268978,19.556200000351964,"[[0, 0], [0, 0], [0, 0]]",0.9323999997832324
1051,scheduled-after-result gen=983,66,264,0.2764000000752276,0.0602000000071711,18.555099999957747,18.494899999950576,0.0108999997792125,17.96780014038086,"[[0, 0], [0, 0], [0, 0]]",0.0350999998772749,0.0662000002193963,0.0278999996226048,9.066099999927246,2.5279999999838765,4.954600000019127,7.420900000397523,8.717600000181847,0.0018999999156221,0.0697000000400294,17.96779999995124,18.03749999999127,"[[0, 0], [0, 0], [0, 0]]",0.5175999999664782
1052,scheduled-after-result gen=984,66,264,0.2764000000752276,1.0380000003351595,20.447500000045693,19.409499999710533,0.0104000000646919,14.18910026550293,"[[0, 0], [0, 0], [0, 0]]",0.0224999998863495,0.0252999998338054,0.019200000224373,5.513799999789626,2.880600000025879,5.663800000093033,7.876500000293163,8.57380000024932,0.001200000042445,0.0587999998060695,14.189100000294276,14.247900000100344,"[[0, 0], [0, 0], [0, 0]]",6.199599999945349
1053,scheduled-after-result gen=985,66,264,0.2748000001702166,5.708400000003167,26.018000000021857,20.30960000001869,0.0116999999590916,18.68899917602539,"[[0, 0], [0, 0], [0, 0]]",0.0286999998024839,0.1735999999255,0.0289999998130952,8.784499999819673,2.912799999648996,5.653799999890907,8.44779999988532,9.615199999643664,0.0020000002223241,0.0829000000521773,18.68899999999485,18.771900000047022,"[[0, 0], [0, 0], [0, 0]]",7.246099999974835
1054,scheduled-after-result gen=986,66,264,0.4632999998648301,0.0788000002103217,20.3337000002648,20.25490000005448,0.0135000000227591,19.163000106811523,"[[0, 0], [0, 0], [0, 0]]",0.0316000000566418,0.0317000003633438,0.0216000003092631,9.224899999935587,2.9085000001032317,5.903700000089884,8.667900000091322,9.794999999940046,0.0019000003703695,0.0657000000501284,19.162999999934986,19.22869999998511,"[[0, 0], [0, 0], [0, 0]]",1.1050000002796878
1055,scheduled-after-result gen=987,66,264,0.2741999996942468,1.2212999999974272,13.652900000124646,12.43160000012722,0.0107000000753032,10.54069995880127,"[[0, 0], [0, 0], [0, 0]]",0.0216000003092631,0.024299999950017,0.0182999997377919,4.966399999830173,1.471199999741657,3.1088000000636384,4.596799999944778,5.477400000017951,0.0012999998943996,0.0405000000682775,10.540700000092327,10.581200000160608,"[[0, 0], [0, 0], [0, 0]]",3.0716999999640375
1056,scheduled-after-result gen=988,66,264,0.3458999999566003,1.2798000002476329,14.359300000251096,13.079500000003463,0.0089999998635903,11.05720043182373,"[[0, 0], [0, 0], [0, 0]]",0.0233999999181833,0.1778999999260122,0.0274000003628316,5.076500000086526,1.9977000001745184,3.46529999978884,5.0243000000591564,5.715700000109791,0.0013999997463542,0.0460999999631894,11.057199999868317,11.103299999831506,"[[0, 0], [0, 0], [0, 0]]",3.25600000041959
1057,scheduled-after-result gen=989,66,264,0.2596000003904919,1.235400000041409,10.34830000025977,9.11290000021836,0.0089000000116357,9.94499969482422,"[[0, 0], [0, 0], [0, 0]]",0.0218000000131723,0.0248999999712395,0.0191999997696257,4.487799999878916,1.5820000003259338,3.1403000002683257,4.689700000199082,5.360600000130944,0.0011000001904903,0.0406000003749795,9.944999999788706,9.985600000163686,"[[0, 0], [0, 0], [0, 0]]",0.3627000000960834
1058,scheduled-after-result gen=990,66,264,0.4545000001598964,0.072300000283576,19.720000000233995,19.64769999995042,0.0172000000020489,18.887500762939453,"[[0, 0], [0, 0], [0, 0]]",0.0291999999717518,0.0912999998945451,0.0295999998343177,8.927800000037678,2.918000000136089,5.691100000149163,8.48889999997482,9.738299999753508,0.0021999999262334,0.0927999999476014,18.88749999989159,18.98029999983919,"[[0, 0], [0, 0], [0, 0]]",0.7397000003948051
1059,scheduled-after-result gen=991,66,264,0.4647000000659318,0.0789000000622763,19.40680000006978,19.327900000007503,0.013899999885325,19.1427001953125,"[[0, 0], [0, 0], [0, 0]]",0.0321000002259097,0.0924999999369902,0.0288000001091859,9.219900000061898,2.9859000001124514,5.816200000026583,8.600799999840092,9.711600000173348,0.0021999999262334,0.0696000001880747,19.142699999974862,19.21230000016294,"[[0, 0], [0, 0], [0, 0]]",0.19449999990683864
1060,scheduled-after-result gen=992,66,264,0.2865999999812629,2.754200000254059,18.01030000024184,15.256099999987782,0.0093999997261562,10.676600456237791,"[[0, 0], [0, 0], [0, 0]]",0.0223000001824402,0.0625000002401066,0.0190000000657164,5.475099999785016,1.4814999999543943,2.915599999596452,4.350799999883748,5.056299999978364,0.0015999999050109,0.0414000001001113,10.676599999897007,10.71799999999712,"[[0, 0], [0, 0], [0, 0]]",7.292300000244721
1061,scheduled-after-result gen=993,66,264,0.2802000003612193,1.2499999997999112,10.36999999996624,9.120000000166328,0.0092999998742016,9.948399543762209,"[[0, 0], [0, 0], [0, 0]]",0.0218000000131723,0.0248999999712395,0.0188000003618071,4.729300000235526,1.4743000001544715,2.9128000001037435,4.441799999767682,5.123699999785458,0.001300000349147,0.0425000002906017,9.948399999757385,9.990900000047986,"[[0, 0], [0, 0], [0, 0]]",0.37909999991825316
1062,scheduled-after-result gen=994,66,264,0.2604000001156237,1.275199999781762,13.00249999985681,11.727300000075047,0.0140999995892343,9.681900024414062,"[[0, 0], [0, 0], [0, 0]]",0.0202000001081614,0.0177000001713167,0.0187999999070598,4.472500000247237,1.4717999997628797,2.8815999999096675,4.436599999735336,5.122900000060326,0.001099999735743,0.0391000003219232,9.681900000032329,9.721000000354252,"[[0, 0], [0, 0], [0, 0]]",3.2814999995025573
1063,scheduled-after-result gen=995,66,264,0.2727999999478925,2.751399999851856,11.908899999980347,9.157500000128492,0.0119999999697029,9.63599967956543,"[[0, 0], [0, 0], [0, 0]]",0.0215999998545157,0.1421999995727674,0.0205000001187727,4.38960000019506,1.5149999999266583,2.927500000168948,4.36100000024453,5.030899999837857,0.001200000042445,0.0407000002269342,9.635999999773048,9.676699999999984,"[[0, 0], [0, 0], [0, 0]]",2.232199999980363
1064,scheduled-after-result gen=996,66,264,0.285000000076252,1.2501999999585678,13.480399999934887,12.23019999997632,0.0107000000753032,12.47920036315918,"[[0, 0], [0, 0], [0, 0]]",0.0230000000556174,0.0269000001935637,0.0194999997802369,4.719999999906577,1.552199999878212,3.3888999996634084,6.43209999998362,7.63039999992543,0.0021000000742787,0.0887000001057458,12.479200000143464,12.56790000024921,"[[0, 0], [0, 0], [0, 0]]",0.9124999996856769
1065,scheduled-after-result gen=997,66,264,0.2749000000221713,1.2283000000934408,21.08459999999468,19.85629999990124,0.0120999998216575,16.469900131225586,"[[0, 0], [0, 0], [0, 0]]",0.0229000002036627,0.0269000001935637,0.0190000000657164,6.308500000159256,3.005999999913911,6.022199999733857,8.852999999817257,10.031299999809562,0.0021999999262334,0.0799999997980194,16.469900000174675,16.549899999972695,"[[0, 0], [0, 0], [0, 0]]",4.534700000021985
1066,scheduled-after-result gen=998,66,264,0.4764000000250235,2.637199999753648,24.753899999723217,22.11669999996957,0.0112000002445711,19.217500686645508,"[[0, 0], [0, 0], [0, 0]]",0.0297999999929743,0.0347999998666637,0.0313999998979852,9.207600000081584,2.888199999688368,5.701199999748496,8.726799999749346,9.851499999967928,0.0016999997569655,0.0628000002507178,19.21749999974054,19.280299999991257,"[[0, 0], [0, 0], [0, 0]]",5.4735999997319595
1067,scheduled-after-result gen=999,66,264,0.2624999997351551,1.321899999766174,19.149400000060268,17.827500000294094,0.0101000000540807,18.71389961242676,"[[0, 0], [0, 0], [0, 0]]",0.0298999998449289,0.0283999997918726,0.0214000001506065,8.743099999719561,2.847900000233494,5.7005000003300665,8.682900000167137,9.833699999944656,0.0021000000742787,0.0758999999561638,18.713899999966088,18.78979999992225,"[[0, 0], [0, 0], [0, 0]]",0.35960000013801974
1068,scheduled-after-result gen=1000,66,264,0.2610000001368462,1.2303999997129722,17.507600000044476,16.277200000331504,0.0103000002127373,16.47170066833496,"[[0, 0], [0, 0], [0, 0]]",0.0304999998661514,0.0311999997393286,0.0175000000126601,9.102600000005625,2.89310000016485,4.899099999875034,6.518500000311178,7.255200000145123,0.001200000042445,0.0478999995721096,16.471700000238343,16.519599999810453,"[[0, 0], [0, 0], [0, 0]]",0.9880000002340239
1069,scheduled-after-result gen=1001,66,264,0.2616000001580687,1.6790999998193,11.82699999981196,10.14789999999266,0.0104999999166466,9.772700309753418,"[[0, 0], [0, 0], [0, 0]]",0.0236000000768399,0.0228999997489154,0.0188000003618071,4.53830000014932,1.470100000005914,2.947199999653094,4.376500000034866,5.133799999839539,0.0014000002011016,0.043900000036956,9.772699999757606,9.816599999794562,"[[0, 0], [0, 0], [0, 0]]",2.0104000000173983
1070,scheduled-after-result gen=1002,66,264,0.3074000001106469,1.1327000001983831,10.32950000035271,9.196800000154326,0.0104000000646919,10.030599594116213,"[[0, 0], [0, 0], [0, 0]]",0.0227999998969608,0.0264000000242958,0.0201999996534141,4.703300000073796,1.6131000002133078,3.101600000263716,4.552800000055868,5.226700000093842,0.001300000349147,0.0436000000263447,10.030599999936385,10.07419999996273,"[[0, 0], [0, 0], [0, 0]]",0.2553000003899797
1071,scheduled-after-result gen=1003,66,264,0.2650999999787018,1.204300000154035,14.40420000017184,13.199900000017806,0.0279999999293067,12.22469997406006,"[[0, 0], [0, 0], [0, 0]]",0.0248000001192849,0.0268000003416091,0.0202999999601161,4.785399999946094,2.072000000225671,3.7961000002724177,6.626500000038504,7.335300000249845,0.0013999997463542,0.0460000001112348,12.224699999933364,12.2707000000446,"[[0, 0], [0, 0], [0, 0]]",2.13350000012724
1072,scheduled-after-result gen=1004,66,264,0.2690999999686028,0.7225999997899635,12.42069999989326,11.698100000103295,0.0092999998742016,9.918499946594238,"[[0, 0], [0, 0], [0, 0]]",0.0212999998439045,0.0594999996792466,0.023099999907572,4.800599999725819,1.4892999997755396,2.8926999998475367,4.291100000045844,4.958399999850371,0.0011000001904903,0.0413000002481567,9.918499999912456,9.959800000160612,"[[0, 0], [0, 0], [0, 0]]",2.460899999732648
1073,scheduled-after-result gen=1005,66,264,0.2724999999372812,1.2528000002021145,11.960499999986496,10.70769999978438,0.0110000000859145,10.26959991455078,"[[0, 0], [0, 0], [0, 0]]",0.0222000003304856,0.0225000003410968,0.0187000000551051,4.8894000001382665,1.6106999996736704,3.048899999612331,4.611399999703281,5.28729999996358,0.0014000002011016,0.0442000000475673,10.269599999901402,10.31379999994897,"[[0, 0], [0, 0], [0, 0]]",1.6467000000375265
1074,scheduled-after-result gen=1006,66,264,0.4797999999937019,0.0777000000198313,23.328499999934134,23.250799999914307,0.0104000000646919,19.1205997467041,"[[0, 0], [0, 0], [0, 0]]",0.0231999997595266,0.0380000001314329,0.0276000000667409,9.284099999604225,2.8888000001643377,5.697399999917252,8.5002999999233,9.686599999895408,0.0020000002223241,0.0817000000097323,19.12059999995108,19.20229999996081,"[[0, 0], [0, 0], [0, 0]]",4.126199999973323
1075,scheduled-after-result gen=1007,66,264,0.2641000000949134,0.7709999999860884,20.508000000063475,19.737000000077387,0.0101999999060353,15.374899864196776,"[[0, 0], [0, 0], [0, 0]]",0.0227999998969608,0.0727999999980966,0.0271000003522203,9.365700000216748,1.796300000023621,3.318200000194338,4.836000000068452,5.852499999946303,0.001099999735743,0.0414000001001113,15.374900000097114,15.416300000197223,"[[0, 0], [0, 0], [0, 0]]",5.091699999866252
1076,scheduled-after-result gen=1008,66,264,0.2789999998640269,0.0434999997196428,13.4885999996186,13.445099999898956,0.0285999999505293,10.166899681091309,"[[0, 0], [0, 0], [0, 0]]",0.0227000000450061,0.0237999997807492,0.0199999999495048,4.784799999924871,1.4894000000822416,2.9448000000229517,4.568199999994249,5.282200000237936,0.0009999998837884,0.0402000000576663,10.166900000058376,10.207100000116045,"[[0, 0], [0, 0], [0, 0]]",3.2814999995025556
1077,scheduled-after-result gen=1009,66,264,0.2717000002121494,1.2309999997341947,13.361100000111035,12.130100000376842,0.0104999999166466,10.642999649047852,"[[0, 0], [0, 0], [0, 0]]",0.0207999996746366,0.0210000002880406,0.0185999997484032,5.134799999723327,1.6505000003235182,3.1919000002744724,4.690300000220304,5.4181999998945685,0.001200000042445,0.0404000002163229,10.64299999961804,10.683399999834364,"[[0, 0], [0, 0], [0, 0]]",2.677700000276671
1078,scheduled-after-result gen=1010,66,264,0.2893999999287189,0.0563000003239722,11.959100000240142,11.90279999991617,0.0110000000859145,11.156800270080566,"[[0, 0], [0, 0], [0, 0]]",0.0228000003517081,0.0253000002885528,0.0200999998014594,4.725199999938923,1.4937000000827538,3.7345999999161,5.617899999833753,6.32820000009815,0.0015000000530562,0.0451999999313557,11.156800000208024,11.202000000139378,"[[0, 0], [0, 0], [0, 0]]",0.7571000001007633
1079,scheduled-after-result gen=1011,66,264,0.2956000002996006,0.0598999999965599,20.99589999988893,20.93599999989237,0.0092999998742016,19.388999938964844,"[[0, 0], [0, 0], [0, 0]]",0.0233999999181833,0.0409000003855908,0.0303000001622422,9.756299999935436,2.970900000036636,5.848599999808357,8.776699999998527,9.487399999670744,0.0020999996195314,0.0423000001319451,19.389000000046508,19.431300000178453,"[[0, 0], [0, 0], [0, 0]]",1.5645999997104774
1080,scheduled-after-result gen=1012,66,264,0.2776999999696272,1.2120999999751805,12.059099999987666,10.847000000012486,0.0078999996730999,10.495400428771973,"[[0, 0], [0, 0], [0, 0]]",0.0231999997595266,0.0224999998863495,0.0187000000551051,4.858599999806756,1.5927999997984443,3.221799999664654,4.817300000013347,5.524100000002363,0.0025999997887993,0.0408000000788888,10.495399999854271,10.53619999993316,"[[0, 0], [0, 0], [0, 0]]",1.5229000000545057
1081,scheduled-after-result gen=1013,66,264,0.2606999996714876,1.268500000151107,13.487799999893468,12.21929999974236,0.0125000001389707,10.287799835205078,"[[0, 0], [0, 0], [0, 0]]",0.0207999996746366,0.0193000000763277,0.0212999998439045,5.111599999963801,1.5195000000858272,2.987999999731983,4.420199999913166,5.085299999791459,0.001200000042445,0.0414000001001113,10.28779999978724,10.32919999988735,"[[0, 0], [0, 0], [0, 0]]",3.1586000000061176
1082,scheduled-after-result gen=1014,66,264,0.4708000001301116,2.0640999996430764,20.808299999771407,18.74420000012833,0.0089000000116357,20.0447998046875,"[[0, 0], [0, 0], [0, 0]]",0.0231999997595266,0.0260000001617299,0.020699999822682,9.193500000037602,3.205099999831873,6.445399999847723,9.53769999978249,10.723800000050687,0.0021999999262334,0.0707000003785651,20.044799999595853,20.115499999974418,"[[0, 0], [0, 0], [0, 0]]",0.6927999997969891
1083,scheduled-after-result gen=1015,66,264,0.2662000001691922,4.301599999962491,11.39740000007805,7.09580000011556,0.0086000000010244,10.05090045928955,"[[0, 0], [0, 0], [0, 0]]",0.0221999998757382,0.020699999822682,0.0188999997590144,4.749900000206253,1.5333000001191976,3.014800000073592,4.528099999788537,5.208199999742647,0.0012999998943996,0.0436000000263447,10.0508999998965,10.094499999922846,"[[0, 0], [0, 0], [0, 0]]",1.302900000155205
1084,scheduled-after-result gen=1016,66,264,0.2629000000524684,0.1240000001416774,18.607500000143773,18.483500000002092,0.0107999999272578,16.01409912109375,"[[0, 0], [0, 0], [0, 0]]",0.0237999997807492,0.0352999995811842,0.0288999999611405,7.490500000130851,3.1613999999535736,6.104499999764812,7.693000000017491,8.398500000112108,0.001200000042445,0.0516999998581013,16.01410000012038,16.06579999997848,"[[0, 0], [0, 0], [0, 0]]",2.5417000001652923
1085,scheduled-after-result gen=1017,66,264,0.4622999999810417,1.0336000000279455,21.33099999991828,20.29739999989033,0.0100999995993333,19.09970092773437,"[[0, 0], [0, 0], [0, 0]]",0.0344999998560524,0.0386999995498626,0.0289999998130952,10.108699999818782,3.109499999936816,6.066700000246783,8.141199999954551,8.849499999996624,0.0014999995983089,0.0460000001112348,19.099699999969744,19.14570000008098,"[[0, 0], [0, 0], [0, 0]]",2.1852999998373015
1086,scheduled-after-result gen=1018,66,264,0.4573000001073524,0.1480999999330379,22.23619999995208,22.08810000001904,0.0110000000859145,20.644699096679688,"[[0, 0], [0, 0], [0, 0]]",0.0310000000354193,0.0335999998242186,0.0292999998237064,10.1316999998744,3.1386999999085674,6.200299999818526,9.166800000002697,10.358199999700446,0.0020000002223241,0.0754000002416432,20.644700000048037,20.72010000028968,"[[0, 0], [0, 0], [0, 0]]",1.5160999996624014
1087,scheduled-after-result gen=1019,66,264,0.255100000231323,1.8083999998452784,12.37230000015188,10.563900000306605,0.0101000000540807,9.723099708557127,"[[0, 0], [0, 0], [0, 0]]",0.020400000266818,0.0196999999388935,0.019200000224373,4.658199999994395,1.4692999998260348,2.886199999920791,4.307199999857403,4.969999999957508,0.0012999998943996,0.0411000000895001,9.723099999973783,9.764200000063283,"[[0, 0], [0, 0], [0, 0]]",2.608100000088596
1088,scheduled-after-result gen=1020,66,264,0.2734999998210696,1.2703000002147746,11.418699999921955,10.14839999970718,0.0081000002865039,10.370400428771973,"[[0, 0], [0, 0], [0, 0]]",0.0218000000131723,0.0253999996857601,0.0184000000444939,4.826099999718281,1.5960000000632135,3.169600000092032,4.744599999867205,5.445400000098744,0.0015999999050109,0.0408999999308434,10.370400000283553,10.411300000214396,"[[0, 0], [0, 0], [0, 0]]",1.007399999707559
1089,scheduled-after-result gen=1021,66,264,0.2795000000332948,1.2431000000105996,11.87019999997574,10.62709999996514,0.0099999997473787,10.755800247192385,"[[0, 0], [0, 0], [0, 0]]",0.0243999998019717,0.1099000000976957,0.0279999999293067,5.433399999674293,1.531399999748828,3.0237999999371823,4.454599999917264,5.122499999743013,0.0015000000530562,0.0420000001213338,10.755799999969897,10.797800000091229,"[[0, 0], [0, 0], [0, 0]]",1.072399999884512
1090,scheduled-after-result gen=1022,66,264,0.2907999996750732,0.6779999998798303,10.953500000141505,10.275500000261673,0.0084000002971151,10.482600212097168,"[[0, 0], [0, 0], [0, 0]]",0.0223000001824402,0.0236999999287945,0.0182999997377919,5.312399999638728,1.544799999919633,2.9890000000705186,4.409599999689817,5.0760999997692124,0.0012999998943996,0.0429000001531676,10.482600000159437,10.525500000312604,"[[0, 0], [0, 0], [0, 0]]",0.42799999982890036
1091,scheduled-after-result gen=1023,66,264,0.2734999998210696,0.0521000001754146,16.50370000015755,16.451599999982136,0.0086000000010244,10.161199569702148,"[[0, 0], [0, 0], [0, 0]]",0.0203999998120707,0.0167999996847356,0.0196999999388935,4.901900000277237,1.528500000404165,3.025500000148895,4.481400000258873,5.1720000001296285,0.0012999998943996,0.0411999999414547,10.161199999856764,10.202399999798216,"[[0, 0], [0, 0], [0, 0]]",6.301300000359335
1092,scheduled-after-result gen=1024,66,264,0.2752000000327825,1.1787999997068257,11.954899999636837,10.776099999930013,0.0093999997261562,10.555299758911133,"[[0, 0], [0, 0], [0, 0]]",0.0224000000343949,0.0543999999536026,0.027099999897473,5.348899999717105,1.533099999960541,2.9598999999507214,4.397299999709503,5.067999999937456,0.0009999998837884,0.0475000001642911,10.555299999850831,10.602800000015122,"[[0, 0], [0, 0], [0, 0]]",1.3520999996217142
1093,scheduled-after-result gen=1025,66,264,0.2740999998422921,1.258499999948981,17.421600000034232,16.16310000008525,0.0101999999060353,9.7052001953125,"[[0, 0], [0, 0], [0, 0]]",0.0205000001187727,0.023099999907572,0.0181000000338826,4.700899999988906,1.4498000000457978,2.8483999999480147,4.237099999954808,4.913199999919016,0.0011000001904903,0.0439999998889106,9.705200000098555,9.749199999987468,"[[0, 0], [0, 0], [0, 0]]",7.672400000046764
1094,scheduled-after-result gen=1026,66,264,0.2578999997240316,2.7534999999261345,13.38209999994433,10.628600000018196,0.0110000000859145,9.752799987792969,"[[0, 0], [0, 0], [0, 0]]",0.0227000000450061,0.0246000004153756,0.0201000002562068,4.628900000170688,1.4889999997649284,2.936399999725836,4.356799999641225,5.025899999964167,0.0013999997463542,0.0414000001001113,9.752800000114805,9.794200000214914,"[[0, 0], [0, 0], [0, 0]]",3.587899999729416
1095,scheduled-after-result gen=1027,66,264,0.2823999998327053,2.73460000016712,11.414200000217534,8.679600000050414,0.0100000002021261,9.940699577331545,"[[0, 0], [0, 0], [0, 0]]",0.0234999997701379,0.0276000000667409,0.0211999999919498,4.75300000016432,1.5361000000666536,2.9527000001507986,4.416499999933876,5.0862000002780405,0.0011999995876976,0.0405000000682775,9.940699999788194,9.981199999856472,"[[0, 0], [0, 0], [0, 0]]",1.4330000003610621
1096,scheduled-after-result gen=1028,66,264,0.2703000000110478,1.1983999997937644,12.379299999793147,11.180899999999385,0.0421999998252431,10.262399673461914,"[[0, 0], [0, 0], [0, 0]]",0.0218000000131723,0.0248999999712395,0.0183000001925393,4.955500000050961,1.656899999943562,3.1334000000242668,4.535699999905773,5.210100000113016,0.0012999998943996,0.0430000000051222,10.26240000010148,10.305400000106602,"[[0, 0], [0, 0], [0, 0]]",2.073899999686546
1097,scheduled-after-result gen=1029,66,264,0.2724000000853266,1.2784999998984858,11.35759999988295,10.079099999984464,0.0084000002971151,9.860600471496582,"[[0, 0], [0, 0], [0, 0]]",0.0196000000869389,0.0156999999489926,0.0186000002031505,4.843300000175077,1.4489999998659189,2.8404999998201674,4.236499999933585,4.934799999773532,0.0014000002011016,0.0406999997721868,9.86060000013822,9.901299999910409,"[[0, 0], [0, 0], [0, 0]]",1.4562999999725417
1098,scheduled-after-result gen=1030,66,264,0.3212000001440174,1.114500000312546,11.36220000034882,10.247700000036277,0.0083999998423678,9.463800430297852,"[[0, 0], [0, 0], [0, 0]]",0.0212999998439045,0.0266000001829525,0.0202000001081614,4.563999999845692,1.4287999997577572,2.7797999996437284,4.132899999603978,4.799800000000687,0.001200000042445,0.042699999994511,9.46380000004865,9.50650000004316,"[[0, 0], [0, 0], [0, 0]]",1.85570000030566
1099,scheduled-after-result gen=1031,66,264,0.2765000003819295,0.6862999998702435,18.92189999989569,18.235600000025443,0.0108000003820052,18.214599609375,"[[0, 0], [0, 0], [0, 0]]",0.0314000003527326,0.0520000003234599,0.0264000000242958,8.875599999555561,2.803200000016659,5.518500000107451,8.442500000001019,9.184400000322055,0.0015999999050109,0.055399999837391,18.21460000019215,18.27000000002954,"[[0, 0], [0, 0], [0, 0]]",0.6518999998661492
1100,scheduled-after-result gen=1032,66,264,0.2742000001489941,1.226599999881728,17.51349999995,16.28690000006827,0.0101000000540807,16.27869987487793,"[[0, 0], [0, 0], [0, 0]]",0.0233999999181833,0.0866999998834217,0.0277000003734428,8.688400000210095,1.4627000000473345,3.537600000072416,6.266999999752443,7.39579999981288,0.0018000000636675,0.0602999998591258,16.278699999929813,16.33899999978894,"[[0, 0], [0, 0], [0, 0]]",1.1745000001610606
1101,scheduled-after-result gen=1033,66,264,0.2782999999908497,2.785399999993388,13.68000000002212,10.894600000028731,0.0120999998216575,13.023799896240234,"[[0, 0], [0, 0], [0, 0]]",0.0219999997170816,0.0248999999712395,0.019099999917671,4.548500000055356,1.4696999996886009,4.188699999758683,7.152399999995396,8.352500000000873,0.0020000002223241,0.0840000002426677,13.023799999700714,13.10779999994338,"[[0, 0], [0, 0], [0, 0]]",0.5722000000787411
1102,scheduled-after-result gen=1034,66,264,0.4727999998976884,0.0782000001890992,21.763000000191823,21.684800000002724,0.0098999998954241,17.676799774169922,"[[0, 0], [0, 0], [0, 0]]",0.0334000001203094,0.0443000003542692,0.0209999998332932,7.848400000057154,2.9967000000397093,5.768900000020949,8.525700000063807,9.671300000263727,0.0018999999156221,0.0740000000405416,17.67680000011751,17.75080000015805,"[[0, 0], [0, 0], [0, 0]]",4.012200000033772
1103,scheduled-after-result gen=1035,66,264,0.4550000003291643,0.0728999998500512,26.04590000009921,25.97300000024916,0.0105999997686012,18.592100143432617,"[[0, 0], [0, 0], [0, 0]]",0.0288999999611405,0.0790999997661856,0.0282000000879634,8.98410000036165,2.8575999999702617,5.533200000172656,8.260600000085105,9.415800000169838,0.0015999999050109,0.0657000000501284,18.592099999750644,18.657799999800773,"[[0, 0], [0, 0], [0, 0]]",7.3881000002984365
1104,scheduled-after-result gen=1036,66,264,0.4505999995672027,0.9253999996872152,19.788099999914262,18.86270000022705,0.0112000002445711,18.7903995513916,"[[0, 0], [0, 0], [0, 0]]",0.0318000002152984,0.0301999998555402,0.0207999996746366,8.669299999837676,2.9237999997349107,5.777799999577837,8.751899999879242,9.970099999918602,0.0018000000636675,0.0666999999339168,18.790400000398225,18.85710000033214,"[[0, 0], [0, 0], [0, 0]]",0.9309999995821236
1105,scheduled-after-result gen=1037,66,264,0.2896999999393301,2.778399999897374,26.52099999977509,23.74259999987771,0.0160999998115585,18.20599937438965,"[[0, 0], [0, 0], [0, 0]]",0.0238000002354965,0.0740000000405416,0.0294000001304084,8.829599999899074,2.754099999947357,5.425299999842537,8.048099999996339,9.188800000174524,0.0027999999474559,0.0759999998081184,18.206000000191125,18.281999999999243,"[[0, 0], [0, 0], [0, 0]]",8.238999999775846
1106,scheduled-after-result gen=1038,66,264,0.2779000001282838,2.7118999996673665,25.65229999981966,22.94040000015229,0.0436000000263447,18.151500701904297,"[[0, 0], [0, 0], [0, 0]]",0.0224999998863495,0.0330000002577435,0.0302000003102875,8.637000000362605,2.7441000001999782,5.541600000015023,8.241999999881955,9.367000000111148,0.0020999996195314,0.0688999998601502,18.15149999993082,18.22039999979097,"[[0, 0], [0, 0], [0, 0]]",7.431900000028691
1107,scheduled-after-result gen=1039,66,264,0.2756000003500958,1.1686999996527447,16.392499999710708,15.223800000057963,0.0101000000540807,15.33530044555664,"[[0, 0], [0, 0], [0, 0]]",0.029600000289065,0.0385000003007007,0.027099999897473,8.64259999980277,2.8404999998201674,4.369799999949464,5.868700000064564,6.562600000052044,0.0015000000530562,0.2180999999836785,15.33530000006067,15.553400000044348,"[[0, 0], [0, 0], [0, 0]]",0.8390999996663595
1108,scheduled-after-result gen=1040,66,264,0.2915999998549523,0.1393000002281041,11.448900000232245,11.30960000000414,0.0092000000222469,10.100500106811523,"[[0, 0], [0, 0], [0, 0]]",0.0208999999813386,0.0172000000020489,0.0196000000869389,4.931200000100944,1.4882000000397966,2.9650000001311128,4.405600000154664,5.080500000076427,0.001200000042445,0.0403999997615756,10.10050000013507,10.140899999896646,"[[0, 0], [0, 0], [0, 0]]",1.308000000335598
1109,scheduled-after-result gen=1041,66,264,0.2653000001373584,1.174199999695702,14.962700000069162,13.78850000037346,0.0103000002127373,13.730600357055664,"[[0, 0], [0, 0], [0, 0]]",0.0218000000131723,0.0247000002673303,0.0185999997484032,4.960899999787216,1.4854999999442953,4.446999999800028,7.347899999786023,8.652299999994284,0.0021999999262334,0.0710999997863837,13.730600000144475,13.80169999993086,"[[0, 0], [0, 0], [0, 0]]",1.1610000001383032
1110,scheduled-after-result gen=1042,66,264,0.4581000002872315,7.663899999897694,24.980199999845357,17.31629999994766,0.0159000001076492,19.140600204467773,"[[0, 0], [0, 0], [0, 0]]",0.0293000002784538,0.0356999998984974,0.028299999939918,9.011199999804376,2.7642000000014377,5.666300000029878,8.796600000096078,9.977499999877182,0.002299999778188,0.0798999999460647,19.14060000035533,19.2205000003014,"[[0, 0], [0, 0], [0, 0]]",5.759699999543958
1111,scheduled-after-result gen=1043,66,264,0.2862999999706517,1.1915000000044529,10.826900000211026,9.635400000206571,0.0097000001915148,9.848999977111816,"[[0, 0], [0, 0], [0, 0]]",0.023200000214274,0.0333000002683547,0.0305000003208988,4.610699999830104,1.4995000001363223,2.969699999994191,4.406900000049063,5.115200000091136,0.001099999735743,0.0469999999950232,9.849000000031085,9.896000000026106,"[[0, 0], [0, 0], [0, 0]]",0.9309000001849199
1112,scheduled-after-result gen=1044,66,264,0.3218000001652399,1.7552999997860752,25.59969999992973,23.84440000014365,0.0415999998040206,19.220199584960938,"[[0, 0], [0, 0], [0, 0]]",0.0238000002354965,0.0420999999732885,0.0290999996650498,8.882999999968888,2.8641000003517547,5.880500000330358,8.99760000038441,10.151500000119997,0.0021999999262334,0.0679999998283165,19.220200000290788,19.288200000119105,"[[0, 0], [0, 0], [0, 0]]",6.311499999810625
1113,scheduled-after-result gen=1045,66,264,0.282599999991362,2.1811999999954423,20.486200000050303,18.30500000005486,0.0109999996311671,19.50029945373535,"[[0, 0], [0, 0], [0, 0]]",0.0445000000581785,0.0368000000889878,0.0296999996862723,9.494000000358938,3.1358999999611115,5.9390999999777705,8.703199999672506,9.834399999817832,0.0021000000742787,0.0740999998924962,19.500300000345305,19.5744000002378,"[[0, 0], [0, 0], [0, 0]]",0.9117999998125015
1114,scheduled-after-result gen=1046,66,264,0.2892000002248096,1.7136999999820546,19.557000000077096,17.84330000009504,0.0138000000333704,18.43149948120117,"[[0, 0], [0, 0], [0, 0]]",0.0221000000237836,0.024199999643315,0.0193000000763277,7.941600000322069,3.3483000001979235,6.383200000072975,9.235399999852234,10.36629999998695,0.0018999999156221,0.0777999998717859,18.431500000133383,18.50930000000517,"[[0, 0], [0, 0], [0, 0]]",1.0477000000719272
1115,scheduled-after-result gen=1047,66,264,0.2915000000029977,1.2968000000910251,20.56309999989025,19.26629999979923,0.0107000000753032,19.161300659179688,"[[0, 0], [0, 0], [0, 0]]",0.0322000000778643,0.0391999997191305,0.0291999999717518,9.329800000159594,2.88589999991018,5.613499999981286,8.401300000059564,9.670599999935805,0.0021999999262334,0.0757000002522545,19.16129999972327,19.236999999975524,"[[0, 0], [0, 0], [0, 0]]",1.326099999914728
1116,scheduled-after-result gen=1048,66,264,0.2667999997356673,1.2497999996412543,17.395200000009936,16.14540000036868,0.0109000002339598,16.96500015258789,"[[0, 0], [0, 0], [0, 0]]",0.0221000000237836,0.0509000001329695,0.0275000002147862,7.037299999865354,2.960799999982555,5.808800000068004,8.670599999732076,9.770900000148686,0.0016999997569655,0.0731999998606625,16.964999999800057,17.03819999966072,"[[0, 0], [0, 0], [0, 0]]",0.35700000034921686
1117,scheduled-after-result gen=1049,66,264,0.2699000001484819,1.190299999962008,17.538900000090507,16.3486000001285,0.0107000000753032,16.361799240112305,"[[0, 0], [0, 0], [0, 0]]",0.0226999995902588,0.1777999996193102,0.0273000000561296,9.352900000067166,2.843299999767624,4.579199999625416,6.0635999998339685,6.747199999608711,0.0014000002011016,0.0487000002067361,16.3617999996859,16.410499999892636,"[[0, 0], [0, 0], [0, 0]]",1.1284000001978711
1118,scheduled-after-result gen=1050,66,264,0.2824000002874527,1.183399999717949,17.849200000000565,16.665800000282616,0.0104000000646919,13.687999725341797,"[[0, 0], [0, 0], [0, 0]]",0.023099999907572,0.1274999999623105,0.0287000002572312,8.275099999991653,1.4790999998695042,2.9330999996091123,4.490799999985029,5.196199999772944,0.0015000000530562,0.0429000001531676,13.68800000000192,13.730900000155088,"[[0, 0], [0, 0], [0, 0]]",4.118299999845476
1119,scheduled-after-result gen=1051,66,264,0.2779000001282838,0.7123000000319735,15.914300000076764,15.20200000004479,0.0402999999096209,10.351499557495115,"[[0, 0], [0, 0], [0, 0]]",0.034700000014709,0.0212999998439045,0.0196000000869389,4.873100000168051,1.5951999998833344,3.154500000164262,4.692400000294583,5.373899999995047,0.001200000042445,0.0500000001011358,10.351500000069793,10.401500000170929,"[[0, 0], [0, 0], [0, 0]]",5.512799999905836
1120,scheduled-after-result gen=1052,66,264,0.2865999999812629,0.6914000000506348,13.391699999829145,12.700299999778508,0.0094000001809035,10.245800018310549,"[[0, 0], [0, 0], [0, 0]]",0.0221000000237836,0.0235000002248852,0.0196999999388935,4.948899999817513,1.5520000001743028,3.068200000143406,4.509600000346836,5.199800000355026,0.001200000042445,0.0424999998358543,10.245800000120653,10.288299999956507,"[[0, 0], [0, 0], [0, 0]]",3.1033999998726376
1121,scheduled-after-result gen=1053,66,264,0.3050000000257569,1.1583000000428,17.564799999945535,16.406499999902735,0.0101999999060353,10.38819980621338,"[[0, 0], [0, 0], [0, 0]]",0.0213000002986518,0.0236999999287945,0.0191999997696257,5.068299999948067,1.563100000112172,3.032699999948818,4.551200000150857,5.226499999935186,0.001099999735743,0.0416999996559752,10.388200000306824,10.4298999999628,"[[0, 0], [0, 0], [0, 0]]",7.134899999982736
1122,scheduled-after-result gen=1054,66,264,0.2624999997351551,1.1991999999736436,10.070299999824783,8.87109999985114,0.008699999852979,9.848299980163574,"[[0, 0], [0, 0], [0, 0]]",0.020699999822682,0.0217000001612177,0.0183999995897465,4.589199999827542,1.5416000001096108,3.023899999789137,4.488099999889528,5.167599999822414,0.0011000001904903,0.0457000001006235,9.848299999703158,9.893999999803782,"[[0, 0], [0, 0], [0, 0]]",0.17630000002100132
1123,scheduled-after-result gen=1055,66,264,0.2699000001484819,1.283999999941443,12.592900000072405,11.30890000013096,0.0079000001278473,10.560799598693848,"[[0, 0], [0, 0], [0, 0]]",0.0202000001081614,0.0181000000338826,0.0179999997271806,5.137000000104308,1.6630999998596965,3.1855000001996814,4.663100000016129,5.338200000096549,0.0012999998943996,0.0411000000895001,10.560799999893788,10.601899999983289,"[[0, 0], [0, 0], [0, 0]]",1.991000000089116
1124,scheduled-after-result gen=1056,66,264,0.2935999996225291,0.2772000002551067,21.92610000020068,21.64889999994557,0.0104999999166466,20.09819984436035,"[[0, 0], [0, 0], [0, 0]]",0.0365999999303312,0.0624999997853592,0.0311999997393286,9.677000000010594,3.1445999998140906,6.092499999795109,9.034999999585123,10.227499999928114,0.0021000000742787,0.072300000283576,20.098199999665667,20.170499999949243,"[[0, 0], [0, 0], [0, 0]]",1.7556000002514374
1125,scheduled-after-result gen=1057,66,264,0.4334000000199012,0.1036999997268139,20.754699999997683,20.65100000027087,0.0092000000222469,20.44750022888184,"[[0, 0], [0, 0], [0, 0]]",0.0291999999717518,0.033499999972264,0.0279000000773521,10.042399999747431,3.049500000088301,6.044299999757641,9.04679999985092,10.223799999948824,0.0018999999156221,0.0648999998702493,20.447500000045693,20.512399999915942,"[[0, 0], [0, 0], [0, 0]]",0.24230000008174102
1126,scheduled-after-result gen=1058,66,264,0.470200000108889,0.0818000003164343,26.65870000009818,26.576899999781745,0.013899999885325,20.057100296020508,"[[0, 0], [0, 0], [0, 0]]",0.0335999998242186,0.0544999998055573,0.0288999999611405,9.799100000236647,3.0364999997800624,5.907599999773083,8.839799999805109,10.076200000185054,0.0021000000742787,0.0957000002017594,20.057100000030918,20.152800000232677,"[[0, 0], [0, 0], [0, 0]]",6.505899999865502
1127,scheduled-after-result gen=1059,66,264,0.2856000000974745,0.0540999999429914,20.01799999970899,19.963899999766,0.0089000000116357,19.451099395751957,"[[0, 0], [0, 0], [0, 0]]",0.0332999998136074,0.1926999998431711,0.0273999999080842,9.074499999769614,3.0503999996653874,5.950099999608938,8.936299999732,10.06680000000415,0.0018999999156221,0.0669000000925734,19.4510999999693,19.518000000061875,"[[0, 0], [0, 0], [0, 0]]",0.49999999964711606
1128,scheduled-after-result gen=1060,66,264,0.2822000001287961,8.33409999995638,12.893999999960217,4.559900000003836,0.0107000000753032,11.26830005645752,"[[0, 0], [0, 0], [0, 0]]",0.0307000000248081,0.0318000002152984,0.0198000002455955,5.030700000133948,1.6489999998157143,3.1696999999439868,4.881199999999808,6.098199999996723,0.00240000008489,0.0695999997333274,11.26830000021073,11.337899999944057,"[[0, 0], [0, 0], [0, 0]]",1.5561000000161602
1129,scheduled-after-result gen=1061,66,264,0.2779000001282838,2.295300000241696,19.03889999994135,16.743599999699654,0.0095000000328582,17.03219985961914,"[[0, 0], [0, 0], [0, 0]]",0.0245000001086737,0.058300000091549,0.0280000003840541,9.92530000030456,3.0105999999250344,4.5120999998289335,6.0762999996768485,6.941299999652983,0.0023999996301427,0.0626000000920612,17.03219999990324,17.094799999995303,"[[0, 0], [0, 0], [0, 0]]",1.9440999999460473
1130,scheduled-after-result gen=1062,66,264,0.2743000000009488,0.1104999996641709,17.467799999849376,17.357300000185205,0.0079999999798019,15.970600128173828,"[[0, 0], [0, 0], [0, 0]]",0.0212999998439045,0.0961999999162799,0.0272999996013822,9.799299999940558,2.2046999997655803,3.753099999812548,5.311099999744329,5.989499999941472,0.001200000042445,0.0451999999313557,15.970599999945987,16.015799999877345,"[[0, 0], [0, 0], [0, 0]]",1.4519999999720312
1131,scheduled-after-result gen=1063,66,264,0.4622000001290871,0.0737000000299303,18.29490000000078,18.22119999997085,0.0071999997999228,16.904499053955078,"[[0, 0], [0, 0], [0, 0]]",0.0239000000874511,0.0363999997716746,0.029499999982363,9.801300000162882,2.1631999998135143,3.8281999995888327,5.778699999609671,6.941199999801029,0.0025999997887993,0.0457000001006235,16.90450000023702,16.950200000337645,"[[0, 0], [0, 0], [0, 0]]",1.3446999996631348
1132,scheduled-after-result gen=1064,66,264,0.4691999997703533,2.031999999871914,24.93129999993471,22.899300000062794,0.0097000001915148,20.302600860595703,"[[0, 0], [0, 0], [0, 0]]",0.0301000000035855,0.1411000002917717,0.0268999997388164,9.370900000249094,3.3104999997704,6.311600000117323,9.318599999915024,10.67269999975906,0.0020000002223241,0.0669999999445281,20.302600000377424,20.369600000321952,"[[0, 0], [0, 0], [0, 0]]",4.561699999612756
1133,scheduled-after-result gen=1065,66,264,0.4604000000654196,1.0591999998723622,19.79669999991529,18.737500000042928,0.0120999998216575,17.99139976501465,"[[0, 0], [0, 0], [0, 0]]",0.0297000001410197,0.033399999665562,0.0283999997918726,8.837100000164355,3.408199999739736,5.4528999999092775,8.30550000000585,9.023099999922124,0.0012999998943996,0.0462000002698914,17.99140000002808,18.03760000029797,"[[0, 0], [0, 0], [0, 0]]",1.7590999996173196
1134,scheduled-after-result gen=1066,66,264,0.4425000001901935,1.021399999899586,20.96949999986464,19.94809999996505,0.0103000002127373,19.719200134277344,"[[0, 0], [0, 0], [0, 0]]",0.0297999999929743,0.0242000000980624,0.029499999982363,9.784899999885964,3.394800000023679,5.275600000004488,8.621400000265567,9.770699999990027,0.0018999999156221,0.0740999998924962,19.71920000005412,19.79329999994661,"[[0, 0], [0, 0], [0, 0]]",1.1761999999180333
1135,scheduled-after-result gen=1067,66,264,0.2751000001808279,0.1037000001815613,12.9228000000694,12.81909999988784,0.0090999997155449,10.849499702453612,"[[0, 0], [0, 0], [0, 0]]",0.0227999998969608,0.0252000004365982,0.0187999999070598,5.119800000102259,1.7248999997718784,3.2836000000315835,4.940100000112579,5.632399999740301,0.0013999997463542,0.0434999997196428,10.84949999994933,10.892999999668971,"[[0, 0], [0, 0], [0, 0]]",2.029800000400428
1136,scheduled-after-result gen=1068,66,264,0.4739999999401334,0.0804999999672873,20.45780000025843,20.377300000291143,0.0134000001708045,19.357200622558597,"[[0, 0], [0, 0], [0, 0]]",0.034700000014709,0.0436000000263447,0.0310000000354193,9.694000000308732,3.183700000136014,6.147999999939202,8.447900000192021,9.489399999893068,0.0024999999368446,0.0758999999561638,19.35719999983121,19.433099999787373,"[[0, 0], [0, 0], [0, 0]]",1.0247000004710571
1137,scheduled-after-result gen=1069,66,264,0.2782000001388951,1.1804000000665835,14.373500000147033,13.193100000080449,0.008699999852979,11.390700340270996,"[[0, 0], [0, 0], [0, 0]]",0.0215000000025611,0.0242000000980624,0.0187000000551051,5.563799999890762,1.888400000098045,3.532799999902636,5.059699999947043,5.727299999762181,0.0012999998943996,0.044999999772699,11.390699999992648,11.435699999765347,"[[0, 0], [0, 0], [0, 0]]",2.937800000381685
1138,scheduled-after-result gen=1070,66,264,0.2672000000529806,0.0430000000051222,12.95110000000932,12.908100000004197,0.008800000159681,11.059499740600586,"[[0, 0], [0, 0], [0, 0]]",0.020699999822682,0.0192999996215803,0.0190000000657164,5.171499999960361,1.595400000041991,3.4191999998256506,5.1075999999739,5.798600000161969,0.001099999735743,0.0396999998883984,11.059500000101252,11.09919999998965,"[[0, 0], [0, 0], [0, 0]]",1.8519000000196701
1139,scheduled-after-result gen=1071,66,264,0.2853000000868633,2.7735000003303867,13.511399999970308,10.737899999639922,0.0090999997155449,10.494000434875488,"[[0, 0], [0, 0], [0, 0]]",0.022000000171829,0.0208000001293839,0.0196000000869389,5.030099999657978,1.555499999994936,3.094600000167702,4.652099999930215,5.362900000363879,0.001200000042445,0.0435000001743901,10.494000000107915,10.537500000282307,"[[0, 0], [0, 0], [0, 0]]",2.973899999688001
1140,scheduled-after-result gen=1072,66,264,0.2652999996826111,1.26239999963218,17.961799999739014,16.699400000106834,0.0107999999272578,10.353599548339844,"[[0, 0], [0, 0], [0, 0]]",0.0231999997595266,0.0242000000980624,0.0184999998964485,5.070199999863689,1.5923999999358784,3.0861000000186323,4.5134000001780805,5.184300000109943,0.0011000001904903,0.050300000111747,10.353599999689322,10.40389999980107,"[[0, 0], [0, 0], [0, 0]]",7.557899999937945
1141,scheduled-after-result gen=1073,66,264,0.2636999997776001,1.158699999905366,14.280800000051386,13.12210000014602,0.011600000107137,10.420499801635742,"[[0, 0], [0, 0], [0, 0]]",0.0218000000131723,0.0195000002349843,0.0202999999601161,4.985500000202592,1.7041000000972415,3.234700000120938,4.636000000118656,5.338899999969726,0.0012999998943996,0.0368000000889878,10.420499999781896,10.457299999870884,"[[0, 0], [0, 0], [0, 0]]",3.823500000180502
1142,scheduled-after-result gen=1074,66,264,0.2727000000959378,4.287000000203989,11.48319999992964,7.19619999972565,0.0092999998742016,10.45740032196045,"[[0, 0], [0, 0], [0, 0]]",0.0224000000343949,0.024400000256719,0.0194000003830296,5.123899999944115,1.5644000000065716,3.0728000001545297,4.5108999997864885,5.243099999916012,0.0012999998943996,0.0460999999631894,10.457400000177586,10.503500000140775,"[[0, 0], [0, 0], [0, 0]]",0.9796999997888651
1143,scheduled-after-result gen=1075,66,264,0.482200000078592,2.496099999916624,21.774599999844213,19.27849999992759,0.0183000001925393,19.701499938964844,"[[0, 0], [0, 0], [0, 0]]",0.0317000003633438,0.1933000003191409,0.0227999998969608,9.391800000230432,3.008799999861367,5.80679999984568,8.829299999888462,9.999100000186443,0.0021999999262334,0.0810999999885098,19.701500000337543,19.782600000326056,"[[0, 0], [0, 0], [0, 0]]",1.991999999518157
1144,scheduled-after-result gen=1076,66,264,0.2823999998327053,0.0890999999683117,20.83919999995487,20.75009999998656,0.008800000159681,13.703900337219238,"[[0, 0], [0, 0], [0, 0]]",0.0223000001824402,0.0208999999813386,0.0195000002349843,8.244000000104279,1.5613000000485044,3.1091999999262043,4.66599999981554,5.362899999909132,0.0014000002011016,0.0436999998782994,13.70390000010957,13.74759999998787,"[[0, 0], [0, 0], [0, 0]]",7.091599999967002
1145,scheduled-after-result gen=1077,66,264,0.450999999884516,4.152399999838963,21.968099999867263,17.8157000000283,0.0099000003501714,19.50469970703125,"[[0, 0], [0, 0], [0, 0]]",0.0301999998555402,0.0920000002224696,0.028299999939918,9.747200000219893,2.9196000000411004,5.772600000000239,8.706900000106543,9.56610000002911,0.0014000002011016,0.0433000000157335,19.504699999743025,19.54799999975876,"[[0, 0], [0, 0], [0, 0]]",2.420100000108505
1146,scheduled-after-result gen=1078,66,264,0.4673000003094785,0.0727000001461419,16.877600000043458,16.804899999897316,0.0104000000646919,16.512699127197266,"[[0, 0], [0, 0], [0, 0]]",0.0326999997923849,0.0340999999934865,0.0200999998014594,9.690800000043964,2.5139999997918494,4.124300000057701,5.98149999996167,6.696699999793054,0.0012999998943996,0.0421999998252431,16.51270000002114,16.554899999846384,"[[0, 0], [0, 0], [0, 0]]",0.3227000001970737
1147,scheduled-after-result gen=1079,66,264,0.2768999997897481,2.77090000008684,17.608600000130537,14.837700000043696,0.0084000002971151,15.922200202941896,"[[0, 0], [0, 0], [0, 0]]",0.029499999982363,0.0342999996973958,0.0208999999813386,5.415799999809678,3.056800000194926,6.14430000041466,9.17390000040541,10.36850000036793,0.0019999997675768,0.0622000002294953,15.922199999749864,15.98439999997936,"[[0, 0], [0, 0], [0, 0]]",1.624200000151177
1148,scheduled-after-result gen=1080,66,264,0.4844000000048254,0.0745000002098095,24.393199999849458,24.318699999639648,0.0190000000657164,19.747900009155277,"[[0, 0], [0, 0], [0, 0]]",0.0234000003729306,0.1249000001735112,0.0311000003421213,8.860299999923882,3.448599999956059,6.48170000022219,9.45929999988948,10.64619999988281,0.0019999997675768,0.063399999817193,19.747900000311347,19.81130000012854,"[[0, 0], [0, 0], [0, 0]]",4.5818999997209175
1149,scheduled-after-result gen=1081,66,264,0.288899999759451,2.0746000000144704,19.79769999979908,17.72309999978461,0.0114000004032277,16.07990074157715,"[[0, 0], [0, 0], [0, 0]]",0.0307000000248081,0.0384999998459534,0.0198999996428028,5.76439999986178,3.3128000000033357,6.322199999885925,9.150899999895046,10.188400000060938,0.0015999999050109,0.0465000002805027,16.079900000022462,16.126400000302965,"[[0, 0], [0, 0], [0, 0]]",3.6712999994961137
1150,scheduled-after-result gen=1082,66,264,0.2700000000004365,1.1957000001530105,15.98550000016985,14.78980000001684,0.0115000002551823,10.6875,"[[0, 0], [0, 0], [0, 0]]",0.021899999865127,0.0254000001405074,0.019200000224373,5.072699999800534,1.6666000001350767,3.151500000058149,4.768800000420015,5.51820000009684,0.001300000349147,0.0420000001213338,10.68749999967622,10.729499999797554,"[[0, 0], [0, 0], [0, 0]]",5.256000000372296
1151,scheduled-after-result gen=1083,66,264,0.2898000002460321,0.7055999999465712,20.57730000024094,19.871700000294368,0.0141000000439817,19.609699249267575,"[[0, 0], [0, 0], [0, 0]]",0.0227000000450061,0.1443999999537482,0.0279000000773521,9.736299999985931,3.3235000000786385,6.29190000017843,8.830800000396266,9.640800000397576,0.0013999997463542,0.0454000000900123,19.609700000273733,19.655100000363745,"[[0, 0], [0, 0], [0, 0]]",0.9221999998771935
1152,scheduled-after-result gen=1084,66,264,0.4794999999830907,0.0912999998945451,20.323799999914627,20.23250000002008,0.0144000000545929,19.96109962463379,"[[0, 0], [0, 0], [0, 0]]",0.0327000002471322,0.0399999998990097,0.0310000000354193,9.85820000005333,3.166699999837874,5.800899999940157,8.745099999941885,9.935099999893282,0.0021000000742787,0.0818999997136415,19.96110000027329,20.04299999998693,"[[0, 0], [0, 0], [0, 0]]",0.280799999927698
1153,scheduled-after-result gen=1085,66,264,0.2818000002662302,1.261299999896437,21.004199999879347,19.74289999998291,0.0109999996311671,16.749900817871094,"[[0, 0], [0, 0], [0, 0]]",0.021899999865127,0.0789000000622763,0.028299999939918,9.52499999993961,2.8682999995908176,4.700899999988906,6.336399999781861,7.056599999941682,0.0013999997463542,0.0623000000814499,16.74989999992249,16.81220000000394,"[[0, 0], [0, 0], [0, 0]]",4.1919999998754065
1154,scheduled-after-result gen=1086,66,264,0.2779999999802385,1.2206999999762047,17.99140000002808,16.770700000051875,0.0127999996948346,15.908699989318848,"[[0, 0], [0, 0], [0, 0]]",0.0232999996114813,0.0551999996787344,0.0261999998656392,7.553500000085478,2.988100000038685,5.819800000153919,7.506700000249111,8.214999999836436,0.0011999995876976,0.0466000001324573,15.908699999727103,15.955299999859562,"[[0, 0], [0, 0], [0, 0]]",2.036100000168517
1155,scheduled-after-result gen=1087,66,264,0.2789000000120722,0.0666999999339168,19.56219999965469,19.495499999720774,0.0100000002021261,16.45789909362793,"[[0, 0], [0, 0], [0, 0]]",0.0234999997701379,0.024299999950017,0.0199999999495048,5.830699999933131,3.096799999639188,6.02519999983997,9.328399999958492,10.503499999686028,0.0015999999050109,0.0660000000607397,16.457899999750225,16.523899999810965,"[[0, 0], [0, 0], [0, 0]]",3.0382999998437263
1156,scheduled-after-result gen=1088,66,264,0.3628999997999926,1.1460999999144406,23.94419999973252,22.79809999981808,0.0151999997797247,18.60409927368164,"[[0, 0], [0, 0], [0, 0]]",0.0328000000990869,0.0279999999293067,0.0198999996428028,8.39059999998426,2.9676999997718667,5.884100000002945,9.046399999988353,10.09379999959492,0.0015999999050109,0.0465000002805027,18.604099999720347,18.65060000000085,"[[0, 0], [0, 0], [0, 0]]",5.2935999997316685
1157,scheduled-after-result gen=1089,66,264,0.3359000002092216,0.0482000000374682,11.307199999919249,11.25899999988178,0.0081999996837112,10.243399620056152,"[[0, 0], [0, 0], [0, 0]]",0.0239000000874511,0.0176999997165694,0.0197999997908482,4.72349999972721,1.5808000002834888,3.176000000166823,4.740600000332051,5.429900000308408,0.001200000042445,0.0420000001213338,10.243400000035765,10.285400000157097,"[[0, 0], [0, 0], [0, 0]]",1.0217999997621519
1158,scheduled-after-result gen=1090,66,264,0.2604999999675783,1.244099999894388,22.543099999893457,21.29899999999907,0.0147000000652042,19.80590057373047,"[[0, 0], [0, 0], [0, 0]]",0.0246999998125829,0.0310000000354193,0.0291999999717518,9.431100000256263,2.964499999961845,5.990900000142574,8.958400000210531,10.224900000139314,0.0020000002223241,0.0723999996807833,19.805899999937537,19.87829999961832,"[[0, 0], [0, 0], [0, 0]]",2.664800000275136
1159,scheduled-after-result gen=1091,66,264,0.506899999891175,1.008099999580736,21.91499999980806,20.906900000227324,0.0163999998221697,20.172199249267575,"[[0, 0], [0, 0], [0, 0]]",0.0320999997711624,0.0436000000263447,0.0309000001834647,9.54100000035396,3.0978999998296786,6.17149999970934,9.23160000002099,10.476500000095257,0.0018999999156221,0.0568000000384927,20.17219999970621,20.2289999997447,"[[0, 0], [0, 0], [0, 0]]",1.686000000063359
1160,scheduled-after-result gen=1092,66,264,0.4604999999173742,1.5524999998888234,25.01540000002933,23.462900000140507,0.0095000000328582,21.4064998626709,"[[0, 0], [0, 0], [0, 0]]",0.0352000001839769,0.0372999998035084,0.0297999999929743,10.37049999968076,3.276200000073004,6.490199999916513,9.666899999956511,10.851500000171654,0.0027999999474559,0.0752000000829866,21.406500000011874,21.48170000009486,"[[0, 0], [0, 0], [0, 0]]",3.53369999993447
1161,scheduled-after-result gen=1093,66,264,0.2795000000332948,2.73109999989174,13.918000000103348,11.186900000211608,0.0101000000540807,10.934800148010254,"[[0, 0], [0, 0], [0, 0]]",0.0224000000343949,0.0802999998086306,0.0273999999080842,5.479399999785528,1.6382999997404113,3.135499999643798,4.592599999796221,5.274899999676563,0.001099999735743,0.0423999999838997,10.934800000086398,10.977200000070296,"[[0, 0], [0, 0], [0, 0]]",2.940800000033052
1162,scheduled-after-result gen=1094,66,264,0.4711999999926775,0.0795999999354535,21.76490000010745,21.685300000171992,0.0170999996953469,18.66360092163086,"[[0, 0], [0, 0], [0, 0]]",0.0319999999192077,0.0344000000040978,0.0281000002360087,10.287699999935285,3.098899999713467,6.029199999829871,7.537399999819172,8.246399999734422,0.001200000042445,0.0451999999313557,18.66359999985434,18.708799999785697,"[[0, 0], [0, 0], [0, 0]]",3.056100000321752
1163,scheduled-after-result gen=1095,66,264,0.4587999997056613,1.0142999999516178,23.51459999999861,22.50030000004699,0.0184000000444939,20.99489974975586,"[[0, 0], [0, 0], [0, 0]]",0.0227000000450061,0.0681000001350184,0.0283000003946654,10.31150000017078,3.1735999996271858,6.297999999787862,9.315799999967568,10.500200000024051,0.002299999778188,0.0735999997232284,20.994900000005146,21.06849999972837,"[[0, 0], [0, 0], [0, 0]]",2.4461000002702384
1164,scheduled-after-result gen=1096,66,264,0.4651999997804523,0.0796999997874081,22.38020000004326,22.30050000025585,0.0095999998848128,20.083499908447266,"[[0, 0], [0, 0], [0, 0]]",0.023200000214274,0.0295999998343177,0.0278999996226048,9.913200000028157,2.9822000001331617,5.955200000244076,8.888700000170502,10.030900000401743,0.0017000002117129,0.0638000001345062,20.08350000005521,20.14730000018972,"[[0, 0], [0, 0], [0, 0]]",2.23289999985354
1165,scheduled-after-result gen=1097,66,264,0.4540999998425832,0.5744000000049709,23.583199999848148,23.008799999843177,0.0099999997473787,20.280500411987305,"[[0, 0], [0, 0], [0, 0]]",0.0328000000990869,0.0336999996761733,0.0299000002996763,9.631600000375329,3.102199999830191,6.141700000171113,9.261700000024575,10.487800000191784,0.00240000008489,0.0705000002199085,20.280499999898893,20.3510000001188,"[[0, 0], [0, 0], [0, 0]]",3.2321999997293496
1166,scheduled-after-result gen=1098,66,264,0.5083999999442312,2.5521000002299843,23.50830000023052,20.956200000000536,0.0172000000020489,20.93269920349121,"[[0, 0], [0, 0], [0, 0]]",0.0339999996867845,0.0638000001345062,0.0286999998024839,10.343700000248646,3.177200000209268,6.219700000201556,9.178799999972398,10.40370000009716,0.0018999999156221,0.0776000001678767,20.93269999977565,21.010299999943527,"[[0, 0], [0, 0], [0, 0]]",2.498000000286993
1167,scheduled-after-result gen=1099,66,264,0.2770999999484047,1.7428000001018518,28.248600000097213,26.50579999999536,0.0162999999702151,16.757400512695312,"[[0, 0], [0, 0], [0, 0]]",0.0216999997064704,0.0248999999712395,0.0195000002349843,5.735400000048685,3.271600000061881,6.618400000206748,9.674100000211183,10.897400000430936,0.0021999999262334,0.0995000000330037,16.757399999733025,16.85689999976603,"[[0, 0], [0, 0], [0, 0]]",11.391700000331184
1168,scheduled-after-result gen=1100,66,264,0.4165000000284635,2.5918999999703374,26.533799999924668,23.94189999995433,0.0116999999590916,20.38570022583008,"[[0, 0], [0, 0], [0, 0]]",0.0317000003633438,0.0347999998666637,0.029499999982363,9.9171000001661,3.1412000003001594,6.040100000063831,8.889400000043679,10.312600000361272,0.0021000000742787,0.0921000000744243,20.38570000013351,20.47780000020793,"[[0, 0], [0, 0], [0, 0]]",6.055999999716736
1169,scheduled-after-result gen=1101,66,264,0.2614999998513667,1.309899999796471,15.028099999653932,13.71819999985746,0.0094000001809035,13.669099807739258,"[[0, 0], [0, 0], [0, 0]]",0.0297000001410197,0.0308999997287173,0.0208999999813386,7.356099999924481,2.152999999907479,3.651600000011968,5.152600000201346,6.175900000016554,0.0020000002223241,0.0683999996908824,13.669100000242906,13.737499999933789,"[[0, 0], [0, 0], [0, 0]]",1.2905999997201434
1170,scheduled-after-result gen=1102,66,264,0.4754999999931897,0.077500000315922,14.66500000015003,14.587499999834108,0.0098000000434694,12.87279987335205,"[[0, 0], [0, 0], [0, 0]]",0.0236000000768399,0.0371999999515537,0.029499999982363,7.514500000070257,1.5518999998676009,3.0148999999255466,4.551399999854766,5.232800000158022,0.001300000349147,0.0442000000475673,12.872799999968263,12.917000000015832,"[[0, 0], [0, 0], [0, 0]]",1.7480000001341978
1171,scheduled-after-result gen=1103,66,264,0.2760000002126617,1.228600000104052,11.616300000241608,10.387700000137556,0.008800000159681,10.565199851989746,"[[0, 0], [0, 0], [0, 0]]",0.0223000001824402,0.0237999997807492,0.0192999996215803,5.189900000004855,1.6000999999050691,3.0741000000489294,4.604700000072626,5.275799999708397,0.0012999998943996,0.0473999998575891,10.565200000201004,10.612600000058592,"[[0, 0], [0, 0], [0, 0]]",1.0037000001830165
1172,scheduled-after-result gen=1104,66,264,0.2780999998321931,0.0528000000485917,18.00050000019837,17.94770000014978,0.0148000003719062,16.904199600219727,"[[0, 0], [0, 0], [0, 0]]",0.0224999998863495,0.0255999998444167,0.0195999996321916,6.502899999759393,3.1856999999035907,6.147099999907368,9.114400000271417,10.277599999881204,0.0018000000636675,0.0651000000289059,16.904199999771663,16.96929999980057,"[[0, 0], [0, 0], [0, 0]]",1.0312000003978028
1173,scheduled-after-result gen=1105,66,264,0.4712999998446321,0.0786000000516651,16.370199999983015,16.29159999993135,0.0082999999904131,16.160400390625,"[[0, 0], [0, 0], [0, 0]]",0.0325999999404302,0.0371000000995991,0.0310000000354193,8.221200000207318,3.086399999574496,5.599599999641214,7.1121999999377294,7.798199999797362,0.001300000349147,0.043900000036956,16.16039999998975,16.204300000026706,"[[0, 0], [0, 0], [0, 0]]",0.16589999995630933
1174,scheduled-after-result gen=1106,66,264,0.2660999998624902,4.313099999762926,18.907000000126573,14.593900000363648,0.0156000000970379,16.16629981994629,"[[0, 0], [0, 0], [0, 0]]",0.0240999997913604,0.0273999999080842,0.0205999999707273,7.685699999910867,3.0924000002414687,6.015200000092591,7.587000000057742,8.370300000024145,0.0015000000530562,0.0482000000374682,16.166299999895273,16.21449999993274,"[[0, 0], [0, 0], [0, 0]]",2.6925000001938315
1175,scheduled-after-result gen=1107,66,264,0.4583999998430954,4.142299999784882,24.4988999997986,20.356600000013717,0.021899999865127,20.670799255371094,"[[0, 0], [0, 0], [0, 0]]",0.0327000002471322,0.0370000002476444,0.0293000002784538,10.123500000190688,3.4362000001237902,6.508200000098441,9.232800000063436,10.391700000127456,0.0020000002223241,0.070999999934429,20.67080000006172,20.741799999996147,"[[0, 0], [0, 0], [0, 0]]",3.7570999998024526
1176,scheduled-after-result gen=1108,66,264,0.3381999999874097,1.1110000000371656,14.271399999870482,13.160399999833317,0.0107000000753032,11.650099754333496,"[[0, 0], [0, 0], [0, 0]]",0.0229000002036627,0.1349999997728446,0.0278000002253975,6.1604999996234255,1.6583000001446635,3.146900000047026,4.568199999994249,5.265700000109064,0.0012999998943996,0.0412999997934093,11.650100000224484,11.691400000017891,"[[0, 0], [0, 0], [0, 0]]",2.579999999852591
1177,scheduled-after-result gen=1109,66,264,0.2843000002030749,5.86010000006354,19.604600000093345,13.744500000029802,0.0112999996417784,18.42609977722168,"[[0, 0], [0, 0], [0, 0]]",0.0219999997170816,0.0221000000237836,0.0198000002455955,8.481299999857583,3.1341999997493986,5.858099999841215,8.56500000008964,9.825499999806198,0.0017000002117129,0.0716999998076062,18.42609999994238,18.497799999749983,"[[0, 0], [0, 0], [0, 0]]",1.1068000003433625
1178,scheduled-after-result gen=1110,66,264,0.2719999997680133,0.0440999997408653,12.98110000016095,12.937000000420085,0.0092000000222469,10.95139980316162,"[[0, 0], [0, 0], [0, 0]]",0.0202999999601161,0.0608000000283937,0.027200000204175,5.693300000075396,1.5665000000808504,3.01709999985178,4.45129999980054,5.111399999805144,0.001300000349147,0.0423000001319451,10.951400000067224,10.99370000019917,"[[0, 0], [0, 0], [0, 0]]",1.9873999999617808
1179,scheduled-after-result gen=1111,66,264,0.2629000000524684,1.2693000003309862,17.448999999942316,16.17969999961133,0.0106000002233486,13.228699684143066,"[[0, 0], [0, 0], [0, 0]]",0.0231999997595266,0.0543999999536026,0.0285000000985746,8.051399999658315,1.4651000001322243,2.9064000000289525,4.326100000071165,5.036300000028859,0.0014000002011016,0.0404000002163229,13.228699999672244,13.269099999888567,"[[0, 0], [0, 0], [0, 0]]",4.179900000053749
1180,scheduled-after-result gen=1112,66,264,0.4791000001205248,0.5220000002736924,22.845800000141026,22.323799999867333,0.0150000000758154,19.56719970703125,"[[0, 0], [0, 0], [0, 0]]",0.0317999997605511,0.0395999995816964,0.0306000001728534,9.279800000058458,3.036399999928108,5.967999999938911,8.909199999834527,10.12029999992592,0.0021000000742787,0.0921000000744243,19.56719999998313,19.65930000005756,"[[0, 0], [0, 0], [0, 0]]",3.1865000000834662
1181,scheduled-after-result gen=1113,66,264,0.2776999999696272,2.2724999998899875,21.62399999997433,19.351500000084343,0.016699999832781,19.760099411010746,"[[0, 0], [0, 0], [0, 0]]",0.0309000001834647,0.0423999999838997,0.029600000289065,9.465199999795004,3.082499999891297,5.974999999580177,8.937999999943713,10.128399999757676,0.0021000000742787,0.0774999998611747,19.760100000439703,19.83760000030088,"[[0, 0], [0, 0], [0, 0]]",1.7863999996734492
1182,scheduled-after-result gen=1114,66,264,0.2715999999054475,2.6695999999901687,12.797000000318803,10.127400000328636,0.0089999998635903,10.67770004272461,"[[0, 0], [0, 0], [0, 0]]",0.0215000000025611,0.0236000000768399,0.0188999997590144,4.915099999834638,1.4923999997336068,2.943199999663193,4.412099999626662,5.64959999974235,0.0016999997569655,0.0614999999015708,10.677700000087498,10.739199999989069,"[[0, 0], [0, 0], [0, 0]]",2.0578000003297348
1183,scheduled-after-result gen=1115,66,264,0.2658999997038336,1.232200000231387,17.485299999862036,16.25309999963065,0.0110000000859145,14.949600219726562,"[[0, 0], [0, 0], [0, 0]]",0.0236999999287945,0.0261000000136846,0.0201999996534141,4.561899999771413,3.190300000369461,6.1359000001175446,9.054600000126811,10.268200000155048,0.0021000000742787,0.065799999902083,14.949599999908967,15.015399999811052,"[[0, 0], [0, 0], [0, 0]]",2.469900000050984
1184,scheduled-after-result gen=1116,66,264,0.2776000001176726,1.2489999999161228,18.991099999766448,17.742099999850325,0.0171000001500942,16.902299880981445,"[[0, 0], [0, 0], [0, 0]]",0.0291000001197971,0.0307999998767627,0.0215000000025611,6.484600000021601,3.192399999988993,5.825499999900785,9.071200000107638,10.27780000003986,0.0020000002223241,0.0679999998283165,16.902300000310788,16.970300000139105,"[[0, 0], [0, 0], [0, 0]]",2.020799999627343
1185,scheduled-after-result gen=1117,66,264,0.2656000001479697,2.834100000200124,23.753800000122283,20.91969999992216,0.0417999999626772,19.873699188232425,"[[0, 0], [0, 0], [0, 0]]",0.0228000003517081,0.0345000003107998,0.0285999999505293,9.348799999770565,3.0879000000823,5.941599999914615,8.956900000157475,10.377800000242132,0.00240000008489,0.064599999859638,19.873700000061945,19.938299999921583,"[[0, 0], [0, 0], [0, 0]]",3.8155000002007
1186,scheduled-after-result gen=1118,66,264,0.2608999998301442,1.189399999930174,15.944299999773648,14.754899999843474,0.0086000000010244,15.605199813842772,"[[0, 0], [0, 0], [0, 0]]",0.021899999865127,0.0651999998808605,0.0280000003840541,7.860300000174902,2.402200000233279,5.17100000024584,6.796699999995326,7.594499999868276,0.0015000000530562,0.0382999996872968,15.605200000209152,15.643499999896449,"[[0, 0], [0, 0], [0, 0]]",0.3007999998771993
1187,scheduled-after-result gen=1119,66,264,0.3897999999935564,0.0497000000905245,21.889399999963643,21.83969999987312,0.0092000000222469,20.3966007232666,"[[0, 0], [0, 0], [0, 0]]",0.0219999997170816,0.036000000363856,0.0299000002996763,9.431299999960174,3.1959000002643734,6.286000000272907,9.64220000014393,10.818200000358049,0.0018999999156221,0.0651000000289059,20.396599999912723,20.46169999994163,"[[0, 0], [0, 0], [0, 0]]",1.4277000000220141
1188,scheduled-after-result gen=1120,66,264,0.270700000328361,1.236099999914586,19.68329999999696,18.447200000082372,0.0108999997792125,16.969100952148438,"[[0, 0], [0, 0], [0, 0]]",0.0236000000768399,0.0234999997701379,0.0205999999707273,6.424600000173086,2.692600000045786,5.836299999828043,9.258300000055897,10.42360000019471,0.0018000000636675,0.0758000001042091,16.96910000009666,17.04490000020087,"[[0, 0], [0, 0], [0, 0]]",2.6383999997960927
1189,scheduled-after-result gen=1121,66,264,0.2749999998741259,0.0620999999227933,21.790799999962477,21.72870000003968,0.0084999996943224,19.94939994812012,"[[0, 0], [0, 0], [0, 0]]",0.0313999998979852,0.0365999999303312,0.0288000001091859,9.376800000154615,3.0480999998872,6.170399999973597,9.26179999987653,10.413399999833928,0.0021000000742787,0.0678000001244072,19.94939999985945,20.01719999998386,"[[0, 0], [0, 0], [0, 0]]",1.773599999978618
1190,scheduled-after-result gen=1122,66,264,0.2828000001500186,3.7320000001273,15.524400000231251,11.792400000103951,0.0095000000328582,12.48550033569336,"[[0, 0], [0, 0], [0, 0]]",0.0233999999181833,0.1078999998753715,0.0277999997706501,6.806299999880139,1.5987000001587148,3.171300000303745,4.799199999979464,5.485900000167021,0.0012999998943996,0.0429000001531676,12.485499999911552,12.52840000006472,"[[0, 0], [0, 0], [0, 0]]",2.996000000166532
1191,scheduled-after-result gen=1123,66,264,0.4780000003847817,0.9574999999131252,22.8836000001138,21.92610000020068,0.0153000000864267,21.25860023498535,"[[0, 0], [0, 0], [0, 0]]",0.0315000002046872,0.1011999997899693,0.0290000002678425,10.28279999991355,3.283099999862316,6.43579999996291,9.529499999644033,10.756799999853683,0.0018000000636675,0.0749000000723754,21.258600000237493,21.33350000030987,"[[0, 0], [0, 0], [0, 0]]",1.5500999998039298
1192,scheduled-after-result gen=1124,66,264,0.4669999998441199,0.0896000001375796,23.365999999896303,23.276399999758723,0.0147000000652042,20.736799240112305,"[[0, 0], [0, 0], [0, 0]]",0.0335000004270114,0.0901000003068475,0.0311000003421213,10.03020000007382,3.2016999998631945,6.2136999999893305,9.216599999945174,10.484499999620311,0.0020000002223241,0.0783000000410538,20.736800000122457,20.81510000016351,"[[0, 0], [0, 0], [0, 0]]",2.550899999732792
1193,scheduled-after-result gen=1125,66,264,0.266999999894324,0.0546000001122592,20.12109999986933,20.06649999975707,0.014000000192027,17.275400161743164,"[[0, 0], [0, 0], [0, 0]]",0.0226000001930515,0.0231000003623194,0.0194999997802369,6.897499999922729,2.676699999938137,5.916699999943376,9.112799999911658,10.2588999998261,0.0018999999156221,0.0642999998490267,17.275400000016816,17.339699999865843,"[[0, 0], [0, 0], [0, 0]]",2.7814000000034866
1194,scheduled-after-result gen=1126,66,264,0.2944000002571556,0.076300000273477,17.587600000297243,17.511300000023766,0.0432000001637788,11.274900436401367,"[[0, 0], [0, 0], [0, 0]]",0.0213000002986518,0.0182000003405846,0.0185999997484032,5.747899999732908,1.601400000254216,3.275500000199827,4.750400000375521,5.437799999981507,0.0012999998943996,0.0423999999838997,11.27489999998943,11.31729999997333,"[[0, 0], [0, 0], [0, 0]]",6.270300000323914
1195,scheduled-after-result gen=1127,66,264,0.2686000002540822,1.228999999966618,22.121599999991304,20.89260000002469,0.0171000001500942,16.4591007232666,"[[0, 0], [0, 0], [0, 0]]",0.023200000214274,0.0267999998868617,0.019200000224373,8.51650000004156,3.141300000152114,5.443999999897642,7.12710000016159,7.8379000001405075,0.001200000042445,0.050199999805045,16.459100000247417,16.509300000052463,"[[0, 0], [0, 0], [0, 0]]",5.612299999938841
1196,scheduled-after-result gen=1128,66,264,0.2809000002343964,0.0546000001122592,14.462900000125956,14.408300000013696,0.0396000000364438,10.548100471496582,"[[0, 0], [0, 0], [0, 0]]",0.0215999998545157,0.0205999999707273,0.0184999998964485,4.90540000009787,1.6697999999450983,3.337300000112009,4.850100000112434,5.552199999783625,0.001300000349147,0.0466999999844119,10.548100000050908,10.59480000003532,"[[0, 0], [0, 0], [0, 0]]",3.868100000090635
1197,scheduled-after-result gen=1129,66,264,0.4566000002341752,2.040400000169029,26.90010000014809,24.859699999979057,0.0104999999166466,18.812299728393555,"[[0, 0], [0, 0], [0, 0]]",0.0227000000450061,0.027200000204175,0.021899999865127,8.574599999974453,3.0062000000725675,6.165499999951862,9.259400000246387,10.128700000223034,0.0012999998943996,0.0494000000799133,18.8122999998086,18.861699999888515,"[[0, 0], [0, 0], [0, 0]]",8.038400000259575
1198,scheduled-after-result gen=1130,66,264,0.2950000002783781,2.80960000009145,22.062799999730487,19.25319999963904,0.0094999995781108,19.934200286865234,"[[0, 0], [0, 0], [0, 0]]",0.0237999997807492,0.1594000000295636,0.0289999998130952,9.501099999852158,3.0237999999371823,5.990900000142574,8.930200000122568,10.155399999803194,0.0018999999156221,0.0714000002517423,19.93419999962498,20.00559999987672,"[[0, 0], [0, 0], [0, 0]]",2.0571999998537684
1199,scheduled-after-result gen=1131,66,264,0.2822999999807507,0.0532999997631122,16.941299999871262,16.88800000010815,0.0118999996630009,10.417200088500977,"[[0, 0], [0, 0], [0, 0]]",0.0212999998439045,0.0221000000237836,0.0195999996321916,4.9062000002777495,1.540800000384479,3.00260000039998,4.4136000001344655,5.398700000114332,0.0018000000636675,0.076300000273477,10.417199999665172,10.49349999993865,"[[0, 0], [0, 0], [0, 0]]",6.447799999932613
1200,scheduled-after-result gen=1132,66,264,0.4478999999264488,2.6333000000704487,22.34490000000733,19.71159999993688,0.0172000000020489,19.716699600219727,"[[0, 0], [0, 0], [0, 0]]",0.0227999998969608,0.0261999998656392,0.1262999999198655,9.663199999977223,2.936299999873881,5.914200000006531,8.749499999794352,9.840299999723356,0.001300000349147,0.0485000000480795,19.716699999662524,19.765199999710603,"[[0, 0], [0, 0], [0, 0]]",2.579700000296725
1201,scheduled-after-result gen=1133,66,264,0.4140000000916188,0.0846999996610975,18.42879999958313,18.34409999992204,0.0104000000646919,17.11370086669922,"[[0, 0], [0, 0], [0, 0]]",0.0338999998348299,0.1302999999097664,0.0283999997918726,9.49350000018967,2.985300000091229,5.14980000025389,6.67780000003404,7.391900000129681,0.001200000042445,0.0467999998363666,17.113700000209064,17.16050000004543,"[[0, 0], [0, 0], [0, 0]]",1.2682999995376996
1202,scheduled-after-result gen=1134,66,264,0.4626999998436076,1.0559000002103858,20.298899999943387,19.242999999733,0.0156000000970379,16.25909996032715,"[[0, 0], [0, 0], [0, 0]]",0.0320999997711624,0.0382999996872968,0.0297999999929743,6.911999999829277,1.8691000000217173,4.858199999944191,8.019700000204466,9.184100000311446,0.0018999999156221,0.0682999998389277,16.259099999842874,16.327399999681802,"[[0, 0], [0, 0], [0, 0]]",3.9715000002615852
1203,scheduled-after-result gen=1135,66,264,0.2737999998316809,2.2455000002992165,11.970600000040577,9.72509999974136,0.008699999852979,10.82859992980957,"[[0, 0], [0, 0], [0, 0]]",0.0227000000450061,0.0252999998338054,0.0202999999601161,5.600499999673048,1.477600000271195,2.960799999982555,4.45239999999103,5.129000000124506,0.001200000042445,0.0437000003330467,10.828599999967992,10.872300000301038,"[[0, 0], [0, 0], [0, 0]]",1.0982999997395382
1204,scheduled-after-result gen=1136,66,264,0.2575999997134204,1.259800000298128,11.399700000310986,10.139900000012858,0.0092000000222469,10.3100004196167,"[[0, 0], [0, 0], [0, 0]]",0.0199999999495048,0.0254999999924621,0.0211000001399952,4.689299999881769,1.4896000002408982,3.150000000005093,4.826299999876937,5.522500000097352,0.0012999998943996,0.0384999998459534,10.310000000117723,10.348499999963678,"[[0, 0], [0, 0], [0, 0]]",1.0512000003473077
1205,scheduled-after-result gen=1137,66,264,0.4708000001301116,0.0816000001577776,20.423399999799585,20.341799999641808,0.0176000003193621,19.81999969482422,"[[0, 0], [0, 0], [0, 0]]",0.0316999999085965,0.0933999999688239,0.0287999996544385,9.275500000057946,3.048300000045856,5.992899999910151,9.090099999866652,10.32500000019354,0.0021999999262334,0.102099999821803,19.81999999998152,19.92209999980332,"[[0, 0], [0, 0], [0, 0]]",0.5012999999962666
1206,scheduled-after-result gen=1138,66,264,0.2761000000646163,4.241199999796663,14.932799999769486,10.691599999972825,0.0119000001177482,10.3548002243042,"[[0, 0], [0, 0], [0, 0]]",0.0221999998757382,0.0248999999712395,0.019099999917671,4.867900000135705,1.6269999996438855,3.106999999999971,4.707199999756995,5.389299999933428,0.0012999998943996,0.0417999999626772,10.354799999731767,10.396599999694445,"[[0, 0], [0, 0], [0, 0]]",4.536200000075041
1207,scheduled-after-result gen=1139,66,264,0.2564999999776773,0.0486999997519888,11.867799999890847,11.81910000013886,0.0083999998423678,10.8725004196167,"[[0, 0], [0, 0], [0, 0]]",0.020400000266818,0.0276000000667409,0.0195000002349843,5.240800000137824,1.7071000002033545,3.259200000229612,4.851800000324147,5.533800000193878,0.001200000042445,0.0420000001213338,10.872500000004948,10.914500000126282,"[[0, 0], [0, 0], [0, 0]]",0.9532999997645657
1208,scheduled-after-result gen=1140,66,264,0.2639000003910041,0.0798999999460647,26.68579999999565,26.605900000049587,0.0158999996529018,20.166000366210938,"[[0, 0], [0, 0], [0, 0]]",0.0239999999394058,0.0377999999727762,0.0279000000773521,9.69279999981154,3.169300000081421,6.123399999978574,9.1483999999582,10.322699999960603,0.0018000000636675,0.0668000002406188,20.165999999790078,20.232800000030693,"[[0, 0], [0, 0], [0, 0]]",6.452999999964955
1209,scheduled-after-result gen=1141,66,264,0.298099999781698,1.263599999674625,14.003699999648234,12.740099999973609,0.011499999800435,11.904199600219728,"[[0, 0], [0, 0], [0, 0]]",0.0224999998863495,0.1233000002685003,0.02840000024662,6.170200000269688,1.5494999997827108,3.2384999999521824,4.8246999999719264,5.525300000044808,0.0013999997463542,0.0467999998363666,11.904200000117273,11.950999999953638,"[[0, 0], [0, 0], [0, 0]]",2.052699999694596
1210,scheduled-after-result gen=1142,66,264,0.461399999949208,0.0979000001279928,23.485900000196125,23.38800000006813,0.0137000001814158,20.32719993591309,"[[0, 0], [0, 0], [0, 0]]",0.0325999999404302,0.0347999998666637,0.0285000000985746,9.868599999663276,3.0714999998053827,6.247299999813549,9.136299999681796,10.297299999820098,0.0021999999262334,0.0694000000294181,20.327199999883305,20.396599999912723,"[[0, 0], [0, 0], [0, 0]]",3.0893000002834015
1211,scheduled-after-result gen=1143,66,264,0.2755000000433938,1.2217999997119475,17.16779999969731,15.94599999998536,0.0090999997155449,15.490599632263184,"[[0, 0], [0, 0], [0, 0]]",0.0227000000450061,0.0246999998125829,0.0193999999282823,10.117600000285163,1.7291999997723906,3.1649999996261613,4.608599999755825,5.274399999962043,0.001200000042445,0.0423999999838997,15.490600000248378,15.533000000232278,"[[0, 0], [0, 0], [0, 0]]",1.6347999994650309
1212,scheduled-after-result gen=1144,66,264,0.3196000002390065,3.743100000065169,16.38550000006944,12.642400000004272,0.0098000000434694,11.050700187683104,"[[0, 0], [0, 0], [0, 0]]",0.0215999998545157,0.0279000000773521,0.0216000003092631,5.366500000036467,1.6550999998798943,3.365600000051927,4.905499999949825,5.580300000019633,0.0012999998943996,0.0428999996984202,11.050699999941571,11.093599999639991,"[[0, 0], [0, 0], [0, 0]]",5.29190000042945
1213,scheduled-after-result gen=1145,66,264,0.2743000000009488,1.3014999999541033,13.39079999979731,12.089299999843206,0.0087000003077264,11.479499816894531,"[[0, 0], [0, 0], [0, 0]]",0.0215000000025611,0.0349000001733657,0.0285999999505293,5.910800000037852,1.751799999965442,3.3110999997916224,4.74999999960346,5.450199999813776,0.001200000042445,0.1169000001937092,11.479499999950349,11.596400000144058,"[[0, 0], [0, 0], [0, 0]]",1.7943999996532511
1214,scheduled-after-result gen=1146,66,264,0.4840000001422595,0.2954999999928986,15.534799999841198,15.2392999998483,0.0110000000859145,13.609600067138672,"[[0, 0], [0, 0], [0, 0]]",0.0225999997383041,0.1409999999850697,0.0409000003855908,7.6878999998371,1.7342000001008273,3.248299999995652,4.997500000172295,5.680600000232516,0.0014000002011016,0.0416999996559752,13.609600000108912,13.651299999764888,"[[0, 0], [0, 0], [0, 0]]",1.8835000000763102
1215,scheduled-after-result gen=1147,66,264,0.4664000002776447,0.0774000000092201,20.307900000261725,20.230500000252505,0.0181000000338826,19.39889907836914,"[[0, 0], [0, 0], [0, 0]]",0.032299999929819,0.0390999998671759,0.0297000001410197,9.3550999999934,2.8768000001946348,5.701999999928376,8.704900000338966,9.881400000267604,0.0021999999262334,0.0820000000203435,19.39889999994193,19.48089999996228,"[[0, 0], [0, 0], [0, 0]]",0.8270000002994458
1216,scheduled-after-result gen=1148,66,264,0.541599999905884,0.0715000001036969,29.419599999982893,29.3480999998792,0.01269999984288,19.61870002746582,"[[0, 0], [0, 0], [0, 0]]",0.0235999996220925,0.0343000001521431,0.0288000001091859,9.313700000348035,3.06430000000546,6.206699999893317,8.934200000112469,10.157100000014909,0.0022000003809807,0.0715999999556515,19.618699999682576,19.690299999638228,"[[0, 0], [0, 0], [0, 0]]",9.729300000344665
1217,scheduled-after-result gen=1149,66,264,0.2823999998327053,1.7652999999882013,15.103700000054232,13.33840000006603,0.0094000001809035,11.99020004272461,"[[0, 0], [0, 0], [0, 0]]",0.0304000000141968,0.0356999998984974,0.0278000002253975,6.667300000117393,1.538400000299589,2.979200000027049,4.511200000251847,5.194400000164023,0.0012999998943996,0.0410000002375454,11.990199999672768,12.031199999910314,"[[0, 0], [0, 0], [0, 0]]",3.0725000001439184
1218,scheduled-after-result gen=1150,66,264,0.4827999996450671,1.0172000002057755,20.91180000024906,19.894600000043283,0.0093999997261562,19.97879981994629,"[[0, 0], [0, 0], [0, 0]]",0.0313999998979852,0.0310000000354193,0.0285999999505293,9.43360000019311,3.28860000036002,6.259700000100565,9.214800000336254,10.395600000265404,0.0022000003809807,0.0623000000814499,19.97879999998986,20.04110000007131,"[[0, 0], [0, 0], [0, 0]]",0.8707000001777487
1219,scheduled-after-result gen=1151,66,264,0.2861999996639497,1.2532000000646804,20.56399999992209,19.31079999985741,0.0135000000227591,14.623900413513184,"[[0, 0], [0, 0], [0, 0]]",0.0224000000343949,0.0155000002450833,0.0193000000763277,4.91039999997156,2.579999999852589,5.532700000003388,8.38179999982458,9.60029999987455,0.0021000000742787,0.0918999999157677,14.62390000006053,14.715799999976298,"[[0, 0], [0, 0], [0, 0]]",5.848199999945791
1220,scheduled-after-result gen=1152,66,264,0.4784999996445549,0.0865000001795124,20.368100000268896,20.281600000089384,0.0125000001389707,19.444599151611328,"[[0, 0], [0, 0], [0, 0]]",0.0328999999510415,0.0332000004164001,0.0217000001612177,9.221900000284222,3.058599999803846,5.937099999755446,8.923700000195822,10.07579999986774,0.0020999996195314,0.0648000000182946,19.44460000004256,19.50940000006085,"[[0, 0], [0, 0], [0, 0]]",0.8587000002080458
1221,scheduled-after-result gen=1153,66,264,0.4620999998223851,0.1127000000451516,25.089199999911216,24.976499999866064,0.0103999996099446,18.903400421142575,"[[0, 0], [0, 0], [0, 0]]",0.0268999997388164,0.0869000000420783,0.0290000002678425,9.011000000100466,2.878799999962212,5.69130000030782,8.501900000283058,9.692600000107632,0.0018000000636675,0.0639999998384155,18.90339999999924,18.967399999837653,"[[0, 0], [0, 0], [0, 0]]",6.121800000073563
1222,scheduled-after-result gen=1154,66,264,0.2788000001601176,1.1899999999513966,18.446100000346632,17.256100000395236,0.0103000002127373,17.20039939880371,"[[0, 0], [0, 0], [0, 0]]",0.0301000000035855,0.1483999999436491,0.0275999996119935,8.77859999991415,1.59990000020116,4.040400000121736,6.993299999976443,8.157300000220857,0.0019999997675768,0.0639999998384155,17.200400000092486,17.2643999999309,"[[0, 0], [0, 0], [0, 0]]",1.1817000004157308
1223,scheduled-after-result gen=1155,66,264,0.5128000002514455,1.0818999999173684,12.758599999870055,11.676699999952689,0.0105999997686012,12.198599815368652,"[[0, 0], [0, 0], [0, 0]]",0.0319999999192077,0.0328999999510415,0.020400000266818,5.089400000088062,2.2106999999778054,4.748600000311853,6.282000000283006,6.989599999997154,0.0011999995876976,0.0439999998889106,12.19859999991968,12.24259999980859,"[[0, 0], [0, 0], [0, 0]]",0.5160000000614655
1224,scheduled-after-result gen=1156,66,264,0.2816999999595282,0.0518000001648033,24.99840000018594,24.94660000002113,0.011600000107137,20.257099151611328,"[[0, 0], [0, 0], [0, 0]]",0.0306000001728534,0.0372999998035084,0.0302000003102875,10.020499999882304,3.078899999763962,5.932899999606889,8.892399999695044,10.078099999645929,0.0021999999262334,0.0897999998414889,20.25709999998071,20.3468999998222,"[[0, 0], [0, 0], [0, 0]]",4.65150000036374
1225,scheduled-after-result gen=1157,66,264,0.4708000001301116,2.069199999823468,20.86439999993672,18.79520000011325,0.0110000000859145,19.842199325561523,"[[0, 0], [0, 0], [0, 0]]",0.0227999998969608,0.034800000321411,0.0215999998545157,9.371399999963614,3.130099999907543,6.026499999734369,9.176300000035551,10.33259999985603,0.0019000003703695,0.0508000002810149,19.842199999857257,19.893000000138272,"[[0, 0], [0, 0], [0, 0]]",0.9713999997984466
1226,scheduled-after-result gen=1158,66,264,0.2857999998013838,1.1426000000938077,20.618300000023737,19.47569999992993,0.0155000002450833,19.05270004272461,"[[0, 0], [0, 0], [0, 0]]",0.023200000214274,0.0266000001829525,0.0196000000869389,9.076100000129372,2.791000000343047,5.577300000368268,8.712900000318768,9.85430000037013,0.0020000002223241,0.0658000003568304,19.05269999997472,19.11850000033155,"[[0, 0], [0, 0], [0, 0]]",1.4997999996921862
1227,scheduled-after-result gen=1159,66,264,0.2755000000433938,4.222499999741558,16.34280000007493,12.120300000333373,0.0096000003395602,15.695199966430664,"[[0, 0], [0, 0], [0, 0]]",0.0214000001506065,0.0247999996645376,0.0188000003618071,7.545999999820195,2.8916999999637483,5.822699999953329,7.360499999776948,8.054399999764428,0.001200000042445,0.0424999998358543,15.695200000209296,15.737700000045152,"[[0, 0], [0, 0], [0, 0]]",0.605100000029779
1228,scheduled-after-result gen=1160,66,264,0.2896999999393301,1.1755999998968036,24.123499999859632,22.94789999996283,0.0098000000434694,17.012500762939453,"[[0, 0], [0, 0], [0, 0]]",0.0224000000343949,0.0653000001875625,0.0273000000561296,9.141199999703533,1.5576999999211694,3.862200000185112,6.403299999874434,7.699499999944237,0.0020000002223241,0.0709000000824744,17.012499999964348,17.083400000046822,"[[0, 0], [0, 0], [0, 0]]",7.04009999981281
1229,scheduled-after-result gen=1161,66,264,0.2825000001394073,1.257699999769102,12.86519999985103,11.607500000081927,0.0086000000010244,12.577099800109863,"[[0, 0], [0, 0], [0, 0]]",0.0230000000556174,0.1222000000780099,0.0288999999611405,6.578600000011647,1.810499999919557,3.41759999992064,5.1045000000158325,5.789899999854242,0.0012999998943996,0.0487000002067361,12.57709999981671,12.625800000023446,"[[0, 0], [0, 0], [0, 0]]",0.2393999998275831
1230,scheduled-after-result gen=1162,66,264,0.2695999996831233,2.840199999809556,12.89779999979146,10.057599999981903,0.0104000000646919,10.639900207519531,"[[0, 0], [0, 0], [0, 0]]",0.0215000000025611,0.0262000003203866,0.0197999997908482,5.195999999614287,1.6898000003493507,3.2049999999799184,4.682300000240502,5.345800000213785,0.001099999735743,0.0408000000788888,10.63990000011472,10.68070000019361,"[[0, 0], [0, 0], [0, 0]]",2.217099999597849
1231,scheduled-after-result gen=1163,66,264,0.2790000003187742,2.76129999974728,21.478399999978137,18.717100000230857,0.01029999975799,20.471200942993164,"[[0, 0], [0, 0], [0, 1]]",0.0248999999712395,0.0600999997004692,0.0306000001728534,9.833399999934043,3.0375999999705527,6.072900000162917,9.32390000025407,10.463000000072498,0.0020999996195314,0.0694999998813727,20.471199999974488,20.54069999985586,"[[0, 0], [0, 0], [0, 1]]",0.9377000001222768
1232,scheduled-after-result gen=1164,66,264,0.4889000001639942,0.0884000000951346,22.952299999815292,22.86389999972016,0.0175000000126601,20.7406005859375,"[[0, 0], [0, 0], [0, 0]]",0.0328999999510415,0.0297999999929743,0.0332999998136074,9.958600000118167,3.135399999791844,6.226299999980256,9.429400000044552,10.626899999806485,0.0019999997675768,0.0727000001461419,20.7405999999537,20.813300000099844,"[[0, 0], [0, 0], [0, 0]]",2.1389999997154483
1233,scheduled-after-result gen=1165,66,264,0.2586000000519561,1.2981999998373794,16.490999999859923,15.192800000022544,0.0431000003118242,10.850799560546877,"[[0, 0], [0, 0], [0, 0]]",0.0214000001506065,0.0252999998338054,0.0196000000869389,5.462299999635434,1.5805000002728775,3.1025000002955494,4.577500000323198,5.299100000229373,0.0011000001904903,0.0445999999101331,10.850800000298475,10.89540000020861,"[[0, 0], [0, 0], [0, 0]]",5.595599999651313
1234,scheduled-after-result gen=1166,66,264,0.2730000001065491,2.254100000300241,16.09650000000329,13.842399999703048,0.0113000000965257,15.056599617004396,"[[0, 0], [0, 0], [0, 0]]",0.0218000000131723,0.0249999998231942,0.019200000224373,5.069800000001123,2.710600000227714,5.779399999937596,8.70729999996911,9.861999999884574,0.0018999999156221,0.0754000002416432,15.056599999752509,15.13199999999415,"[[0, 0], [0, 0], [0, 0]]",0.9645000000091386
1235,scheduled-after-result gen=1167,66,264,0.4607999999279855,0.2257999999528692,22.48639999970692,22.26059999975405,0.0112000002445711,18.549400329589844,"[[0, 1], [0, 1], [0, 1]]",0.0251999999818508,0.0831000002108339,0.0275000002147862,8.345299999746203,3.173699999933888,6.239299999833747,9.168399999907706,10.005999999975757,0.002299999778188,0.0924999999369902,18.54940000021088,18.64190000014787,"[[0, 1], [0, 1], [0, 1]]",3.844499999559048
1236,scheduled-after-result gen=1168,66,264,0.2712000000428816,2.799899999899935,14.86879999993107,12.068900000031135,0.0082999999904131,13.66919994354248,"[[0, 1], [0, 1], [0, 1]]",0.0406999997721868,0.152799999796116,0.0276000000667409,8.266999999705149,1.6999000004034317,3.204800000276009,4.709600000296632,5.145400000401423,0.0015999999050109,0.0425000002906017,13.669199999640114,13.711699999930715,"[[0, 1], [0, 1], [0, 1]]",1.157100000000355
1237,scheduled-after-result gen=1169,66,264,0.466599999981554,0.0773000001572654,21.930800000063755,21.85349999990649,0.0133999997160572,19.50589942932129,"[[0, 1], [0, 1], [0, 1]]",0.0475000001642911,0.0361000002158107,0.0304000000141968,9.768900000381109,3.017600000021048,5.91149999991103,8.804800000234536,9.56159999986994,0.0018999999156221,0.0678000001244072,19.505900000240217,19.573700000364624,"[[0, 1], [0, 1], [0, 1]]",2.3570999996991304
1238,scheduled-after-result gen=1170,66,264,0.2847000000656408,0.0573000002077606,12.884300000223448,12.827000000015689,0.0089999998635903,10.177300453186035,"[[0, 1], [0, 1], [0, 1]]",0.0310000000354193,0.0329999998029961,0.020699999822682,5.106599999635364,1.5182000001914275,2.9865999999856285,4.45239999999103,4.954400000315218,0.001099999735743,0.0424999998358543,10.177300000123068,10.219799999958925,"[[0, 1], [0, 1], [0, 1]]",2.664500000264523
1239,scheduled-after-result gen=1171,66,264,0.2730999999585037,1.3111999996908708,13.50769999999102,12.196500000300148,0.0098000000434694,12.367600440979004,"[[0, 1], [0, 1], [0, 1]]",0.0211999999919498,0.0211999999919498,0.019200000224373,6.765699999959907,1.6257000002042332,3.1251000000338536,4.736400000183494,5.48560000015641,0.0020999996195314,0.0719999998182174,12.367599999834056,12.439599999652271,"[[0, 1], [0, 1], [0, 1]]",1.0681000003387489
1240,scheduled-after-result gen=1172,66,264,0.2684000000954256,0.0436000000263447,16.442199999801232,16.398599999774888,0.0121999996736121,12.493599891662598,"[[0, 1], [0, 1], [0, 1]]",0.0223999995796475,0.0258000000030733,0.0186000002031505,4.677000000356202,2.1934999999757565,4.728599999907601,6.94019999991724,7.698400000208494,0.0019999997675768,0.0724000001355307,12.49359999974331,12.56599999987884,"[[0, 1], [0, 1], [0, 1]]",3.8761999999223917
1241,scheduled-after-result gen=1173,66,264,0.2869999998438288,1.2979000002815155,19.181500000286174,17.883600000004662,0.01269999984288,16.015300750732422,"[[0, 1], [0, 1], [0, 1]]",0.0297999999929743,0.0285000000985746,0.0193000000763277,9.020299999974668,2.9773999999633816,4.98890000017127,6.45329999997557,6.857200000013108,0.0016999997569655,0.0436000000263447,16.015300000162824,16.05890000018917,"[[0, 1], [0, 1], [0, 1]]",3.1226000000970053
1242,scheduled-after-result gen=1174,66,264,0.2892000002248096,0.0863000000208558,22.0208000000639,21.934500000043045,0.0101999999060353,17.62809944152832,"[[0, 1], [0, 1], [0, 1]]",0.0337999999828753,0.0312000001940759,0.0277000003734428,9.824100000059843,3.0352999997376173,5.772500000148284,7.244599999921775,7.668199999898206,0.001200000042445,0.0487000002067361,17.628099999910773,17.67680000011751,"[[0, 1], [0, 1], [0, 1]]",4.343999999946391
1243,scheduled-after-result gen=1175,66,264,0.4555999998956395,2.4755999997978506,21.862099999907517,19.386500000109663,0.0113999999484804,19.265199661254883,"[[0, 1], [0, 1], [0, 1]]",0.0313000000460306,0.0415000004068133,0.0304999998661514,9.773000000222964,3.058100000089325,5.891799999972136,8.596799999850191,9.328399999958492,0.0018999999156221,0.0749000000723754,19.265200000063487,19.340100000135863,"[[0, 1], [0, 1], [0, 1]]",2.521999999771655
1244,scheduled-after-result gen=1176,66,264,0.2730999999585037,2.2519000003740075,18.5710000000654,16.31909999969139,0.0191000003724184,16.81879997253418,"[[0, 1], [0, 1], [0, 1]]",0.021899999865127,0.0280999997812614,0.0205999999707273,7.861900000079913,2.306600000338221,5.448600000363513,8.20270000031087,8.823600000141596,0.0027999999474559,0.0469999999950232,16.81880000023739,16.86580000023241,"[[0, 1], [0, 1], [0, 1]]",1.7051999998329883
1245,scheduled-after-result gen=1177,66,264,0.2749999998741259,2.725800000007439,12.867699999787874,10.141899999780437,0.0104000000646919,11.791500091552734,"[[0, 1], [0, 1], [0, 1]]",0.0235000002248852,0.022000000171829,0.0217000001612177,6.488899999567366,1.7117000002144778,3.329000000121596,4.767900000388181,5.203700000038225,0.0015000000530562,0.0429000001531676,11.79150000007212,11.834400000225289,"[[0, 1], [0, 1], [0, 1]]",1.0332999995625851
1246,scheduled-after-result gen=1178,66,264,0.2613000001474574,2.7369999997972627,23.028099999919505,20.29110000012224,0.0092999998742016,16.03030014038086,"[[0, 1], [0, 1], [0, 1]]",0.0207000002774293,0.0250000002779415,0.0211000001399952,6.450700000186771,2.956699999685952,5.740199999763718,8.735999999771593,9.460199999921317,0.0015999999050109,0.0721000001249194,16.03030000023864,16.10240000036356,"[[0, 1], [0, 1], [0, 1]]",6.925699999555945
1247,scheduled-after-result gen=1179,66,264,0.2726999996411905,5.321499999809021,13.971599999877071,8.65010000006805,0.0226000001930515,10.477700233459473,"[[0, 0], [0, 0], [0, 1]]",0.020699999822682,0.0225999997383041,0.0190000000657164,4.9788000001171895,1.6274999998131534,3.2348999998248478,4.81179999997039,5.406700000094133,0.001200000042445,0.0416999996559752,10.477700000137702,10.519399999793675,"[[0, 0], [0, 0], [0, 1]]",3.452200000083396
1248,scheduled-after-result gen=1180,66,264,0.2810999999383057,1.175899999907415,11.967299999923853,10.791400000016438,0.0101999999060353,11.478599548339844,"[[0, 1], [0, 1], [0, 1]]",0.0237000003835419,0.0838000000840111,0.0275000002147862,6.310699999630742,1.677199999903678,3.071900000122696,4.480399999920337,4.998899999918649,0.0015000000530562,0.0453999996352649,11.478600000373262,11.524000000008527,"[[0, 1], [0, 1], [0, 1]]",0.4432999999153253
1249,scheduled-after-result gen=1181,66,264,0.269399999979214,0.6305000001702865,13.371400000323774,12.740900000153488,0.0077999998211453,10.005399703979492,"[[0, 1], [0, 1], [0, 1]]",0.0213999996958591,0.0237999997807492,0.0184000000444939,4.936499999985244,1.6275000002679008,2.985500000249885,4.391100000248116,4.973699999936798,0.001300000349147,0.0399999998990097,10.005399999954534,10.045399999853544,"[[0, 1], [0, 1], [0, 1]]",3.3260000004702306
1250,scheduled-after-result gen=1182,66,264,0.2804999999170832,1.261299999896437,19.477099999676284,18.215799999779847,0.0116999999590916,14.913200378417969,"[[0, 0], [0, 0], [0, 1]]",0.022000000171829,0.023200000214274,0.0183000001925393,5.398900000272988,2.958000000035099,5.6282000000464905,8.367099999759375,9.390700000039942,0.0016999997569655,0.0749000000723754,14.913200000137294,14.98810000020967,"[[0, 0], [0, 0], [0, 1]]",4.488999999466614
1251,scheduled-after-result gen=1183,66,264,0.2640000002429588,1.1072000002059212,18.95080000031157,17.843600000105653,0.0110000000859145,15.039899826049805,"[[0, 1], [0, 1], [0, 1]]",0.0239999999394058,0.155199999881006,0.0269000001935637,6.79760000002716,1.46679999988919,4.316999999900872,7.127200000013545,7.9790999998294865,0.0018999999156221,0.0658999997540377,15.039900000374471,15.10580000012851,"[[0, 1], [0, 1], [0, 1]]",3.8450000001830595
1252,scheduled-after-result gen=1184,66,264,0.2534000000196101,1.2707000000773403,15.961000000061176,14.690299999983836,0.0113999999484804,9.159700393676758,"[[0, 0], [0, 0], [0, 1]]",0.0223999995796475,0.0250000002779415,0.0182000003405846,4.437600000073871,1.3842999996995786,2.6966999998876418,4.042599999593222,4.625899999609828,0.0015000000530562,0.0432000001637788,9.15969999959998,9.202899999763758,"[[0, 0], [0, 0], [0, 1]]",6.758100000297418
1253,scheduled-after-result gen=1185,66,264,0.2660000000105356,2.7488000000630564,13.335199999801262,10.586399999738203,0.0105999997686012,9.785099983215332,"[[0, 1], [0, 1], [0, 1]]",0.022000000171829,0.0176999997165694,0.0184999998964485,4.663000000164175,1.4697999999953026,2.917400000114867,4.265500000201428,5.016100000375445,0.0020000002223241,0.0595999999859486,9.785100000044622,9.84470000003057,"[[0, 1], [0, 1], [0, 1]]",3.490499999770691
1254,scheduled-after-result gen=1186,66,264,0.2862999999706517,1.2826000001950888,13.60770000019329,12.3250999999982,0.014000000192027,10.44729995727539,"[[0, 1], [0, 1], [0, 1]]",0.0233999999181833,0.029399999675661,0.020699999822682,4.242099999828497,1.3926999999966938,3.3847999998215528,5.2480999997897015,6.075400000099762,0.0018000000636675,0.0712999999450403,10.447300000123503,10.518600000068544,"[[0, 1], [0, 1], [0, 1]]",3.0891000001247466
1255,scheduled-after-result gen=1187,66,264,0.4451999998309475,1.1150999998790212,19.37580000003436,18.26070000015534,0.0113999999484804,14.410599708557127,"[[0, 1], [0, 1], [0, 1]]",0.0322000000778643,0.0336999996761733,0.0209000004360859,5.009099999824684,2.977499999815336,5.756300000030024,8.486700000048586,9.257700000034674,0.0018000000636675,0.0706000000718631,14.410599999791884,14.481199999863748,"[[0, 1], [0, 1], [0, 1]]",4.8946000001706125
1256,scheduled-after-result gen=1188,66,264,0.4598999998961517,1.079300000128569,20.941899999797897,19.862599999669328,0.0179000003299734,18.56220054626465,"[[0, 1], [0, 1], [0, 1]]",0.0297000001410197,0.0359000000571541,0.0307000000248081,8.942899999965448,2.928399999746034,5.775000000085129,8.622299999842653,9.459599999900092,0.0019999997675768,0.0875999999152554,18.562200000360463,18.64980000027572,"[[0, 1], [0, 1], [0, 1]]",2.2920999995221756
1257,scheduled-after-result gen=1189,66,264,0.4842999996981234,3.531199999997625,18.824400000085006,15.29320000008738,0.0135999998747138,18.16320037841797,"[[0, 1], [0, 1], [0, 1]]",0.0308999997287173,0.0408999999308434,0.0314999997499398,8.901400000013382,2.748100000189879,5.446099999971921,8.154300000114745,9.096499999941445,0.0017999996089201,0.0712000000930856,18.163199999889912,18.234399999983,"[[0, 1], [0, 1], [0, 1]]",0.5900000001020054
1258,scheduled-after-result gen=1190,66,264,0.4406999996717786,0.0716999998076062,19.975899999735702,19.904199999928096,0.0153000000864267,15.63010025024414,"[[0, 1], [0, 1], [0, 1]]",0.0218000000131723,0.0245999999606283,0.0199999999495048,6.066200000077515,2.9541000003519,5.832199999986187,8.658000000195898,9.437500000331056,0.0019000003703695,0.0721999999768741,15.630099999725644,15.702299999702518,"[[0, 1], [0, 1], [0, 1]]",4.273600000033184
1259,scheduled-after-result gen=1191,66,264,0.466599999981554,0.9473999998590444,20.24959999971543,19.302199999856384,0.0165999999808263,18.358699798583984,"[[0, 1], [0, 1], [0, 1]]",0.0304999998661514,0.0352000001839769,0.0301000000035855,9.018799999921612,2.897100000154751,5.639399999836314,8.3718000000772,9.183300000131569,0.0021999999262334,0.080199999956676,18.358700000135286,18.43890000009196,"[[0, 1], [0, 1], [0, 1]]",1.8106999996234698
1260,scheduled-after-result gen=1192,66,264,0.2868000001399196,2.716300000429328,19.417400000293128,16.7010999998638,0.0101999999060353,18.517099380493164,"[[0, 1], [0, 1], [0, 1]]",0.0239000000874511,0.0351999997292296,0.0286000004052766,9.143400000084512,2.9406999997263483,5.579099999977188,8.485899999868707,9.22549999995681,0.0018999999156221,0.0632999999652383,18.51710000028106,18.5804000002463,"[[0, 1], [0, 1], [0, 1]]",0.8370000000468281
1261,scheduled-after-result gen=1193,66,264,0.2630999997563776,0.0422000002799904,9.80329999993046,9.761099999650469,0.0084000002971151,8.907099723815918,"[[0, 1], [0, 1], [0, 1]]",0.0224000000343949,0.0257000001511187,0.0178000000232714,4.318299999795272,1.3956000002508515,2.733900000293943,4.091799999969226,4.49590000016542,0.001200000042445,0.0401999996029189,8.907100000214996,8.947299999817915,"[[0, 1], [0, 1], [0, 1]]",0.8560000001125445
1262,scheduled-after-result gen=1194,66,264,0.2809000002343964,1.1810000000878065,12.336400000094727,11.15540000000692,0.0100000002021261,9.402099609375,"[[0, 1], [0, 1], [0, 1]]",0.02299999960087,0.0254999999924621,0.0199999999495048,4.43360000008397,1.4806999997745152,2.998099999786064,4.445799999757583,4.8686000000088825,0.001200000042445,0.0392999995710852,9.402099999988422,9.441399999559508,"[[0, 1], [0, 1], [0, 1]]",2.8950000005352194
1263,scheduled-after-result gen=1195,66,264,0.2910999996856844,0.6714999999530846,11.34460000002946,10.673100000076374,0.0104000000646919,9.336899757385254,"[[0, 1], [0, 1], [0, 1]]",0.022000000171829,0.0239000000874511,0.0194999997802369,4.536299999926996,1.49520000013581,2.9327000002012937,4.277600000023085,4.703300000073796,0.0014000002011016,0.0492999997732113,9.336900000107562,9.386199999880771,"[[0, 1], [0, 1], [0, 1]]",1.9584000001486892
1264,scheduled-after-result gen=1196,66,264,0.2699000001484819,1.1868999999933294,11.786199999733071,10.599299999739742,0.0101000000540807,8.856300354003906,"[[0, 1], [0, 1], [0, 1]]",0.0221999998757382,0.0210000002880406,0.0195000002349843,4.187500000170985,1.333899999735877,2.8121999998802494,4.117099999803031,4.574099999899772,0.0014000002011016,0.0426000001425563,8.85629999993398,8.898900000076537,"[[0, 1], [0, 1], [0, 1]]",2.887299999656534
1265,scheduled-after-result gen=1197,66,264,0.4394000002321263,0.8806000000731729,12.146300000040355,11.265699999967184,0.0101000000540807,9.219200134277344,"[[0, 1], [0, 1], [0, 1]]",0.0229000002036627,0.0229000002036627,0.0187000000551051,4.579200000080164,1.4507999999295862,2.781700000014098,4.114100000151666,4.543600000033621,0.001300000349147,0.0405999999202322,9.21920000018872,9.259800000108951,"[[0, 1], [0, 1], [0, 1]]",2.886499999931404
1266,scheduled-after-result gen=1198,66,264,0.2797000001919514,1.2247999998180603,10.497400000076595,9.272600000258535,0.0107000000753032,9.001299858093262,"[[0, 1], [0, 1], [0, 1]]",0.0214000001506065,0.0230000000556174,0.0184000000444939,4.468500000257336,1.3583999998445506,2.675499999895692,4.033199999867065,4.440299999714625,0.001300000349147,0.0430000000051222,9.001299999908952,9.044299999914074,"[[0, 1], [0, 1], [0, 1]]",1.4531000001625216
1267,scheduled-after-result gen=1199,66,264,0.2798999998958607,0.0534999999217689,24.104300000090007,24.05080000016824,0.0125000001389707,13.9197998046875,"[[0, 1], [0, 1], [0, 1]]",0.0240000003941531,0.0180999995791353,0.0200999998014594,7.729100000233302,1.6620999999759078,4.292000000077678,5.652000000281987,6.0960000000704895,0.0012999998943996,0.0450000002274464,13.919800000167015,13.964800000394462,"[[0, 1], [0, 1], [0, 1]]",10.139499999695545
1268,scheduled-after-result gen=1200,66,264,0.2847000000656408,1.3211000000410422,12.97660000000178,11.65549999996074,0.0092999998742016,11.3725004196167,"[[0, 1], [0, 1], [0, 1]]",0.0221999998757382,0.0557000003027496,0.0279999999293067,5.830300000070565,1.9660000002659217,3.405100000236416,4.9465000001873705,5.400100000315433,0.001200000042445,0.0424999998358543,11.372500000106813,11.414999999942664,"[[0, 1], [0, 1], [0, 1]]",1.5616000000591157
1269,scheduled-after-result gen=1201,66,264,0.2670000003490713,2.132199999778095,18.849000000045635,16.71680000026754,0.0101999999060353,16.582599639892578,"[[0, 1], [0, 1], [0, 1]]",0.029499999982363,0.0402000000576663,0.0293000002784538,8.717600000181847,2.2512999998980376,4.015800000161107,6.92220000019006,7.708900000125141,0.0019000003703695,0.0654000000395171,16.58259999976508,16.647999999804597,"[[0, 1], [0, 1], [0, 1]]",2.201000000241038
1270,scheduled-after-result gen=1202,66,264,0.3283999999439402,5.645400000048539,12.718800000129704,7.073400000081165,0.0125999999909254,9.376099586486816,"[[0, 1], [0, 1], [0, 1]]",0.0297000001410197,0.0359999999091087,0.0196000000869389,4.513300000326126,1.518100000339473,2.916100000220468,4.330400000071677,4.746300000078918,0.0012999998943996,0.0366000003850786,9.376099999826693,9.412700000211771,"[[0, 1], [0, 1], [0, 1]]",3.306099999917933
1271,scheduled-after-result gen=1203,66,264,0.2819000001181848,1.3002000000597036,14.98150000043097,13.681300000371266,0.008699999852979,10.01389980316162,"[[0, 0], [0, 0], [0, 1]]",0.0224000000343949,0.0251000001298962,0.0209999998332932,4.682600000251114,1.4687999996567669,2.970799999729934,4.485699999804638,5.231699999967532,0.0013999997463542,0.0445999999101331,10.013900000103604,10.058500000013735,"[[0, 0], [0, 0], [0, 1]]",4.923000000417234
1272,scheduled-after-result gen=1204,66,264,0.2749000000221713,0.0560999997105682,18.053299999792216,17.997200000081648,0.008699999852979,15.04860019683838,"[[0, 0], [0, 1], [0, 1]]",0.0306000001728534,0.0325000000884756,0.0224000000343949,8.29390000035346,2.285400000346272,4.560000000310538,5.996000000322965,6.633899999997084,0.0015999999050109,0.0409999997827981,15.048600000227452,15.08960000001025,"[[0, 0], [0, 1], [0, 1]]",2.9636999997819657
1273,scheduled-after-result gen=1205,66,264,0.4694999997809645,1.0978000000250177,22.408000000268657,21.31020000024364,0.0116999999590916,18.140899658203125,"[[0, 0], [0, 0], [0, 1]]",0.0297000001410197,0.0300000001516309,0.0294000001304084,9.24669999994876,2.862400000140042,5.56540000025052,8.08450000022276,8.766700000251149,0.0012999998943996,0.043900000036956,18.14090000016222,18.18480000019917,"[[0, 0], [0, 0], [0, 1]]",4.223200000069486
1274,scheduled-after-result gen=1206,66,264,0.2669000000423693,1.7551999999341206,18.539199999850094,16.783999999915977,0.0129000000015366,17.09910011291504,"[[0, 0], [0, 0], [0, 0]]",0.0224000000343949,0.025600000299164,0.0197999997908482,7.058299999698647,2.8471999999055697,5.815099999836093,8.739399999740272,9.90670000010141,0.0023000002329354,0.0762999998187297,17.099099999995815,17.175399999814545,"[[0, 0], [0, 0], [0, 0]]",1.3638000000355497
1275,scheduled-after-result gen=1207,66,264,0.5094999996799743,0.9909999998853892,12.661300000218034,11.670300000332643,0.0089999998635903,9.58780002593994,"[[0, 0], [0, 0], [0, 0]]",0.0224000000343949,0.0254000001405074,0.0202999999601161,4.571199999645614,1.4420000002246525,2.822700000251644,4.252400000041234,4.919200000131241,0.0012999998943996,0.0452999997833103,9.587800000190327,9.633099999973638,"[[0, 0], [0, 0], [0, 0]]",3.0282000002443965
1276,scheduled-after-result gen=1208,66,264,0.2750000003288733,1.2044999998579442,11.427899999944202,10.223400000086258,0.0104000000646919,9.675800323486328,"[[0, 0], [0, 0], [0, 0]]",0.0215999998545157,0.0261000000136846,0.017899999875226,4.541999999673863,1.4307000001281267,2.806599999985337,4.334900000230846,5.03740000021935,0.0012999998943996,0.0443999997514765,9.675799999968149,9.720199999719624,"[[0, 0], [0, 0], [0, 0]]",1.7077000002245786
1277,scheduled-after-result gen=1209,66,264,0.2854000003935653,2.725800000007439,21.53969999972105,18.81389999971361,0.011600000107137,15.038200378417969,"[[0, 0], [0, 0], [0, 0]]",0.0226000001930515,0.0205000001187727,0.019200000224373,7.469200000286946,1.9259999999121649,3.687599999921076,6.289599999945494,7.450499999777094,0.0019999997675768,0.0767999999879975,15.03820000016276,15.115000000150758,"[[0, 0], [0, 0], [0, 0]]",6.424699999570294
1278,scheduled-after-result gen=1210,66,264,0.467800000023999,2.4849000001268,22.2036999998636,19.7187999997368,0.0165999999808263,19.430200576782227,"[[0, 0], [0, 0], [0, 0]]",0.0229000002036627,0.0202999999601161,0.0198999996428028,9.274900000036723,3.22760000017297,6.040100000063831,8.867000000009284,10.036300000138,0.0021999999262334,0.0734000000193191,19.430199999987963,19.50360000000728,"[[0, 0], [0, 0], [0, 0]]",2.70009999985632
1279,scheduled-after-result gen=1211,66,264,0.5012000001443084,1.0344000002078246,19.891500000085216,18.85709999987739,0.0100999995993333,19.266700744628903,"[[0, 0], [0, 0], [0, 0]]",0.0313999998979852,0.0398000001951004,0.0316999999085965,9.18790000014269,3.069899999900372,6.047100000159844,8.757900000091468,9.91729999987001,0.0020000002223241,0.0666999999339168,19.266700000116543,19.33340000005046,"[[0, 0], [0, 0], [0, 0]]",0.5581000000347558
1280,scheduled-after-result gen=1212,66,264,0.272300000233372,2.738899999712885,20.96369999981107,18.224800000098185,0.0144999999065476,17.65239906311035,"[[0, 0], [0, 0], [0, 0]]",0.0222999997276929,0.0337999999828753,0.0346000001627544,7.917899999938527,2.8612999999495514,5.620700000235956,8.389699999952427,9.5790999998826,0.0026999996407539,0.0696000001880747,17.65239999986079,17.722000000048865,"[[0, 0], [0, 0], [0, 0]]",3.2416999997622042
1281,scheduled-after-result gen=1213,66,264,0.2770999999484047,3.246199999921373,13.48809999990408,10.241899999982708,0.0109000002339598,11.127799987792969,"[[0, 0], [0, 0], [0, 0]]",0.0218000000131723,0.0239999999394058,0.0186000002031505,6.095799999911833,1.458799999909388,2.830299999914132,4.249499999787076,4.941099999996368,0.0017000002117129,0.0506000001223583,11.12779999994018,11.178400000062538,"[[0, 0], [0, 0], [0, 0]]",2.3096999998415413
1282,scheduled-after-result gen=1214,66,264,0.2578999997240316,1.2692000000242842,12.876700000106212,11.607500000081927,0.0092000000222469,9.477700233459473,"[[0, 0], [0, 0], [0, 0]]",0.023099999907572,0.024299999950017,0.0202999999601161,4.418100000293634,1.3945000000603611,2.8492999999798485,4.271799999969517,4.960999999639171,0.001200000042445,0.0482000000374682,9.477699999933977,9.525899999971443,"[[0, 0], [0, 0], [0, 0]]",3.350800000134768
1283,scheduled-after-result gen=1215,66,264,0.4650999999284977,1.0290999998687766,11.66960000000472,10.640500000135944,0.0093999997261562,9.24619960784912,"[[0, 0], [0, 0], [0, 0]]",0.0211999999919498,0.0184000000444939,0.0199000000975502,4.380599999876722,1.383699999678356,2.731300000050396,4.101600000012695,4.778900000019348,0.0009999998837884,0.0443999997514765,9.24620000023424,9.290599999985716,"[[0, 0], [0, 0], [0, 0]]",2.379000000019005
1284,scheduled-after-result gen=1216,66,264,0.2779999999802385,0.0585000002502056,14.458099999956175,14.39959999970597,0.0093000003289489,14.09969997406006,"[[0, 0], [0, 0], [0, 0]]",0.0306000001728534,0.038599999697908,0.0295999998343177,8.647499999824504,1.5579999999317806,3.0881000002409564,4.614899999978661,5.318699999861565,0.001200000042445,0.0460999999631894,14.099699999860604,14.145799999823794,"[[0, 0], [0, 0], [0, 0]]",0.3123000001323817
1285,scheduled-after-result gen=1217,66,264,0.28489999976955,2.718599999752769,19.00339999974676,16.284799999993993,0.0113000000965257,16.003299713134766,"[[0, 0], [0, 0], [0, 0]]",0.0230000000556174,0.0862999995661084,0.0279999999293067,7.217000000309781,3.091900000072201,4.583800000091287,7.455299999946874,8.59230000014577,0.0019999997675768,0.0696000001880747,16.00330000019312,16.072900000381196,"[[0, 0], [0, 0], [0, 0]]",2.9304999993655656
1286,scheduled-after-result gen=1218,66,264,0.2879000003304099,1.2229000003571855,11.976900000263411,10.753999999906227,0.0095999998848128,11.1899995803833,"[[0, 0], [0, 0], [0, 0]]",0.0304000000141968,0.0288999999611405,0.0199000000975502,5.937000000358239,1.5369000002465327,2.981600000111939,4.457500000171422,5.143000000316533,0.0009999998837884,0.0427999998464656,11.190000000169675,11.23280000001614,"[[0, 0], [0, 0], [0, 0]]",0.744100000247272
1287,scheduled-after-result gen=1219,66,264,0.2770000000964501,1.2556000001495704,13.069000000086817,11.813399999937246,0.0104999999166466,12.442500114440918,"[[0, 0], [0, 0], [0, 0]]",0.0224999998863495,0.0341999998454412,0.02840000024662,7.325799999762239,1.5164999999797146,2.90469999981724,4.317999999784661,4.997300000013638,0.0011000001904903,0.0442000000475673,12.442499999906431,12.486699999953998,"[[0, 0], [0, 0], [0, 0]]",0.5823000001328182
1288,scheduled-after-result gen=1220,66,264,0.2806999996209924,4.308300000047893,21.03430000033768,16.726000000289787,0.0131000001601933,16.4906005859375,"[[0, 0], [0, 0], [0, 0]]",0.0221999998757382,0.0278999996226048,0.0208000001293839,9.359300000141957,2.795200000036857,4.87150000026304,6.318500000361382,7.022100000085629,0.0012999998943996,0.0412999997934093,16.490599999997357,16.531899999790767,"[[0, 0], [0, 0], [0, 0]]",4.502400000546913
1289,scheduled-after-result gen=1221,66,264,0.3481999997347884,1.183500000024651,17.559999999775755,16.376499999751104,0.0092999998742016,16.449899673461914,"[[0, 0], [0, 0], [0, 0]]",0.0217000001612177,0.0261999998656392,0.0199999999495048,5.94230000024254,3.256199999668752,6.16119999995135,9.24669999994876,10.383299999830342,0.0018999999156221,0.0675999999657506,16.449899999770423,16.517499999736174,"[[0, 0], [0, 0], [0, 0]]",1.0425000000395812
1290,scheduled-after-result gen=1222,66,264,0.2847000000656408,1.2252000001353736,13.5152000002563,12.290000000120926,0.0096999997367674,11.86620044708252,"[[0, 0], [0, 0], [0, 0]]",0.0236000000768399,0.0277999997706501,0.0202000001081614,5.178500000056374,2.976399999624846,4.401399999551359,5.901300000004994,6.583699999737291,0.001200000042445,0.0444000002062239,11.866199999985838,11.910600000192062,"[[0, 0], [0, 0], [0, 0]]",1.604600000064238
1291,scheduled-after-result gen=1223,66,264,0.335800000357267,0.0522999998793238,14.32810000005702,14.275800000177696,0.0104000000646919,13.292499542236328,"[[0, 0], [0, 0], [0, 0]]",0.0329999998029961,0.0517000003128487,0.020699999822682,5.126300000029005,1.4894999999341962,4.539200000181154,7.316400000036083,8.027599999877566,0.0014999995983089,0.0620000000708387,13.29249999980675,13.35449999987759,"[[0, 0], [0, 0], [0, 0]]",0.9736000001794309
1292,scheduled-after-result gen=1224,66,264,0.2851999997801613,1.1919999997189734,11.806299999989278,10.614300000270305,0.0099000003501714,10.065799713134766,"[[0, 0], [0, 0], [0, 0]]",0.0227000000450061,0.0258000000030733,0.0193000000763277,4.73500000043714,1.488800000061019,2.934499999810214,4.462800000055722,5.229899999903864,0.0014000002011016,0.0495999997838225,10.065800000120362,10.115399999904184,"[[0, 0], [0, 0], [0, 0]]",1.6909000000850938
1293,scheduled-after-result gen=1225,66,264,0.2918000000136089,0.0540999999429914,13.420400000086374,13.366300000143385,0.0089000000116357,11.836799621582031,"[[0, 0], [0, 0], [0, 0]]",0.0219000003198743,0.1808000001801701,0.028299999939918,6.357400000069902,1.591499999904045,3.099099999872124,4.53769999967335,5.216099999870494,0.001200000042445,0.0497999999424791,11.836800000310175,11.886600000252656,"[[0, 0], [0, 0], [0, 0]]",1.5337999998337182
1294,scheduled-after-result gen=1226,66,264,0.2755999998953484,0.0590999998166807,22.52360000011322,22.46450000029654,0.0116999999590916,17.098899841308594,"[[0, 0], [0, 0], [0, 0]]",0.0228999997489154,0.0328999999510415,0.0202999999601161,7.193400000232941,2.7279000000817177,5.704700000023877,8.670100000017555,9.776999999758118,0.0017000002117129,0.0672000001031847,17.09889999983716,17.166099999940343,"[[0, 0], [0, 0], [0, 0]]",5.357500000172877
1295,scheduled-after-result gen=1227,66,264,0.2795000000332948,5.819299999984651,12.952099999893107,7.132799999908457,0.0098000000434694,9.73349952697754,"[[0, 0], [0, 0], [0, 0]]",0.0222000003304856,0.024299999950017,0.0199999999495048,4.693200000019715,1.4759000000594824,2.8652000000874978,4.251199999998789,4.942000000028202,0.0015000000530562,0.0423000001319451,9.733500000038475,9.77580000017042,"[[0, 0], [0, 0], [0, 0]]",3.176299999722687
1296,scheduled-after-result gen=1228,66,264,0.2727999999478925,1.277000000300177,11.956300000292686,10.679299999992509,0.0294000001304084,10.012999534606934,"[[0, 0], [0, 0], [0, 0]]",0.0313999998979852,0.0316000000566418,0.0207000002774293,4.793099999915285,1.482399999986228,2.9024000000390515,4.416599999785831,5.104599999867787,0.0012999998943996,0.0522999998793238,10.01300000007177,10.065299999951094,"[[0, 0], [0, 0], [0, 0]]",1.8910000003415917
1297,scheduled-after-result gen=1229,66,264,0.3430000001571898,1.15589999995791,12.970599999789556,11.814699999831646,0.0106000002233486,10.488200187683104,"[[0, 0], [0, 0], [0, 0]]",0.0302000003102875,0.1098999996429483,0.0287000002572312,5.295199999636679,1.4726999997947132,2.905299999838462,4.31750000007014,4.989600000044447,0.001099999735743,0.0466000001324573,10.488200000054348,10.534800000186806,"[[0, 0], [0, 0], [0, 0]]",2.43579999960275
1298,scheduled-after-result gen=1230,66,264,0.2816000001075736,1.2227999995957362,16.049699999712175,14.82690000011644,0.0147000000652042,15.77970027923584,"[[0, 0], [0, 0], [0, 0]]",0.0236999999287945,0.0251999999818508,0.0218000000131723,6.241800000225339,2.616900000248279,5.285000000185391,8.232700000007753,9.40519999994649,0.0022000003809807,0.0847000001158448,15.779699999711738,15.864399999827585,"[[0, 0], [0, 0], [0, 0]]",0.1852999998845899
1299,scheduled-after-result gen=1231,66,264,0.2773000001070613,0.0521000001754146,18.508900000142603,18.45679999996719,0.0136999997266684,17.78420066833496,"[[0, 0], [0, 0], [0, 0]]",0.0309000001834647,0.0333000002683547,0.0191999997696257,8.000599999832048,3.202699999746983,6.091199999900709,8.959799999956886,9.665699999914068,0.0015000000530562,0.0414000001001113,17.78420000027836,17.825600000378472,"[[0, 0], [0, 0], [0, 0]]",0.6832999997641309
1300,scheduled-after-result gen=1232,66,264,0.2807000000757398,0.065900000208785,22.11800000031872,22.05210000010993,0.0269000001935637,17.40880012512207,"[[0, 0], [0, 0], [0, 0]]",0.0243999998019717,0.0337999999828753,0.0299999996968836,7.808700000168756,2.851100000043516,5.595200000243494,8.330000000114524,9.45140000021638,0.0020999996195314,0.06710000025123,17.40879999988465,17.47590000013588,"[[0, 0], [0, 0], [0, 0]]",4.64210000018284
1301,scheduled-after-result gen=1233,66,264,0.275800000054005,1.240499999767053,21.995699999934004,20.75520000016695,0.0147999999171588,18.83880043029785,"[[0, 0], [0, 0], [0, 0]]",0.0224000000343949,0.034700000014709,0.0286999998024839,9.361099999750875,2.9027999999016174,5.683600000338629,8.196900000257301,9.336500000244996,0.0018999999156221,0.0801000001047214,18.83879999968485,18.918899999789573,"[[0, 0], [0, 0], [0, 0]]",3.0768000001444307
1302,scheduled-after-result gen=1234,66,264,0.3676000001178181,0.0565999998798361,18.88619999999719,18.829600000117352,0.0141000000439817,15.782999992370604,"[[0, 0], [0, 0], [0, 0]]",0.0241000002461078,0.0295999998343177,0.0205000001187727,5.658699999912642,3.010100000210514,6.002500000249711,8.841300000312913,9.99290000027031,0.0021000000742787,0.0718000001143082,15.78300000028321,15.854800000397518,"[[0, 0], [0, 0], [0, 0]]",3.031399999599671
1303,scheduled-after-result gen=1235,66,264,0.2749000000221713,1.6950000003816967,14.893100000335837,13.198099999954138,0.0098000000434694,14.518699645996094,"[[0, 0], [0, 0], [0, 0]]",0.0224000000343949,0.1325999996879545,0.0292999998237064,9.022500000355649,1.542800000152056,3.0277999999270837,4.601300000103947,5.279699999846343,0.0015000000530562,0.06470000016634,14.518699999825913,14.583399999992253,"[[0, 0], [0, 0], [0, 0]]",0.30970000034358414
1304,scheduled-after-result gen=1236,66,264,0.4618000002665212,1.03670000044076,15.211400000225694,14.174699999784934,0.0092999998742016,11.402199745178224,"[[0, 0], [0, 0], [0, 0]]",0.0305999997181061,0.0396000000364438,0.0297000001410197,5.972200000087469,1.5213000001494947,2.976299999772891,4.534499999863328,5.2780999999413325,0.0019999997675768,0.0728999998500512,11.402199999793083,11.475099999643136,"[[0, 0], [0, 0], [0, 0]]",3.736300000582558
1305,scheduled-after-result gen=1237,66,264,0.2564999999776773,1.2326999999459076,11.344699999881414,10.111999999935506,0.0086000000010244,10.01509952545166,"[[0, 0], [0, 0], [0, 0]]",0.0218000000131723,0.0221999998757382,0.0193000000763277,4.57830000004833,1.5323000002354092,3.110500000275352,4.679800000303658,5.346200000076351,0.0011000001904903,0.0411000000895001,10.0150999996913,10.056199999780802,"[[0, 0], [0, 0], [0, 0]]",1.288500000100612
1306,scheduled-after-result gen=1238,66,264,0.4478000000744941,5.5785999998079205,11.801199999808889,6.222600000000966,0.0098000000434694,10.053099632263184,"[[0, 0], [0, 0], [0, 0]]",0.0211999999919498,0.0254000001405074,0.0191999997696257,4.65570000005755,1.511200000095414,3.0529000000569795,4.621600000064063,5.302000000028784,0.0009999998837884,0.0445999999101331,10.053099999822734,10.097699999732868,"[[0, 0], [0, 0], [0, 0]]",1.703500000076021
1307,scheduled-after-result gen=1239,66,264,0.2820999998220941,2.174400000058085,15.368600000329025,13.19420000027094,0.0144000000545929,11.04699993133545,"[[0, 0], [0, 0], [0, 0]]",0.0239999999394058,0.0246999998125829,0.0196000000869389,5.200900000090769,1.6847000001689594,3.4114000000045053,5.049500000041007,5.744399999912275,0.0012999998943996,0.0445000000581785,11.04699999996228,11.09150000002046,"[[0, 0], [0, 0], [0, 0]]",4.277100000308565
1308,scheduled-after-result gen=1240,66,264,0.2875000000130967,2.7720999996745377,15.90619999979026,13.134100000115724,0.0098999998954241,14.211700439453123,"[[0, 0], [0, 0], [0, 0]]",0.0226000001930515,0.0182999997377919,0.0193000000763277,4.969300000084331,2.3517000004176225,5.660800000441668,7.977500000379223,9.123600000293663,0.002299999778188,0.0727000001461419,14.21170000003258,14.28440000017872,"[[0, 0], [0, 0], [0, 0]]",1.6217999996115395
1309,scheduled-after-result gen=1241,66,264,0.2823999998327053,3.768900000068242,23.16179999979795,19.392899999729707,0.0145000003612949,20.276599884033203,"[[0, 0], [0, 0], [0, 0]]",0.0227000000450061,0.027099999897473,0.020699999822682,9.584500000073604,3.239799999846582,6.324599999970815,9.42399999985355,10.56399999970381,0.0018999999156221,0.0780999998823972,20.27660000021569,20.35470000009809,"[[0, 0], [0, 0], [0, 0]]",2.807099999699858
1310,scheduled-after-result gen=1242,66,264,0.2682999997887236,1.2271000000509955,26.48720000024696,25.26010000019596,0.0107000000753032,21.104900360107425,"[[0, 0], [0, 0], [0, 0]]",0.0224999998863495,0.0603000003138731,0.0301000000035855,10.2668999998059,3.292599999895174,6.358499999805645,9.523599999738508,10.670199999822216,0.0019999997675768,0.0630999998065817,21.1048999999548,21.167999999761378,"[[0, 0], [0, 0], [0, 0]]",5.3192000004855835
1311,scheduled-after-result gen=1243,66,264,0.2825000001394073,2.7110999999422347,23.616599999968457,20.905500000026223,0.0104000000646919,21.072799682617188,"[[0, 0], [0, 0], [0, 0]]",0.0233999999181833,0.1462999998693703,0.0307999998767627,10.804099999859318,3.2981999997900857,6.441399999857822,9.073299999727167,10.009099999933824,0.00240000008489,0.0638999999864609,21.07279999972889,21.136699999715347,"[[0, 0], [0, 0], [0, 0]]",2.47990000025311
1312,scheduled-after-result gen=1244,66,264,0.2736999999797262,1.2426999996932864,24.707499999749416,23.46480000005613,0.0147000000652042,19.522300720214844,"[[0, 0], [0, 0], [0, 0]]",0.0299000002996763,0.0363000003744673,0.0202999999601161,8.113700000194513,3.33279999995284,6.558399999903486,10.095199999796025,11.26720000002024,0.0021999999262334,0.0660999999126943,19.522300000062387,19.58839999997508,"[[0, 0], [0, 0], [0, 0]]",5.119099999774335
1313,scheduled-after-result gen=1245,66,264,0.277399999959016,5.892199999834702,11.91919999973834,6.026999999903637,0.0095000000328582,11.519700050354004,"[[0, 0], [0, 0], [0, 0]]",0.0225999997383041,0.025899999855028,0.019099999917671,5.5865999997877225,1.801199999590608,3.476999999747932,5.1430999997137405,5.834499999764375,0.0009999998837884,0.042699999994511,11.519700000008015,11.562400000002526,"[[0, 0], [0, 0], [0, 0]]",0.35679999973581467
1314,scheduled-after-result gen=1246,66,264,0.2668000001904147,0.0486000003547815,14.88340000014432,14.83479999978954,0.0095000000328582,11.241399765014648,"[[0, 0], [0, 0], [0, 0]]",0.0238000002354965,0.0259000003097753,0.0199000000975502,5.490099999860831,1.830100000006496,3.432299999985844,4.977800000233401,5.653199999869685,0.0014000002011016,0.0419000002693792,11.241400000017164,11.283300000286545,"[[0, 0], [0, 0], [0, 0]]",3.6000999998577754
1315,scheduled-after-result gen=1247,66,264,0.4785000000993022,0.0987999997050792,24.852699999883043,24.753900000177964,0.0167999996847356,21.675199508666992,"[[0, 0], [0, 0], [0, 0]]",0.0319000000672531,0.0342999996973958,0.0292999998237064,11.174599999776548,3.1966000001375505,6.184899999880145,9.173999999802618,10.339899999962654,0.0023000002329354,0.0806000002739892,21.67520000011791,21.7558000003919,"[[0, 0], [0, 0], [0, 0]]",3.096899999491143
1316,scheduled-after-result gen=1248,66,264,0.2933999999186198,5.275799999708397,20.46310000014273,15.187300000434334,0.008800000159681,14.7298002243042,"[[0, 0], [0, 0], [0, 0]]",0.0215999998545157,0.0235000002248852,0.0195000002349843,5.1638999998431245,3.5646000001179345,6.6207999998368905,8.742499999698339,9.46539999995366,0.0017000002117129,0.0442999998995219,14.729799999713578,14.7740999996131,"[[0, 0], [0, 0], [0, 0]]",5.6890000005296315
1317,scheduled-after-result gen=1249,66,264,0.2647999999680905,0.0876999997672101,14.89259999971182,14.80489999994461,0.0154000003931287,12.971799850463867,"[[0, 0], [0, 0], [0, 0]]",0.0239000000874511,0.0227999998969608,0.0184000000444939,6.288699999913661,1.659300000028452,3.972699999849283,5.879899999854388,6.577500000275904,0.0014000002011016,0.0566000003345834,12.971799999832,13.028400000166585,"[[0, 0], [0, 0], [0, 0]]",1.8641999995452352
1318,scheduled-after-result gen=1250,66,264,0.3453999997873325,1.1037999997824954,14.376499999798398,13.272700000015902,0.0101999999060353,12.734299659729004,"[[0, 0], [0, 0], [0, 0]]",0.0318999996125057,0.038599999697908,0.0197999997908482,5.220499999722961,2.3817999999664607,4.027500000120199,6.698199999846111,7.393400000182737,0.0013999997463542,0.0468999996883212,12.73429999992004,12.78119999960836,"[[0, 0], [0, 0], [0, 0]]",1.5953000001900381
1319,scheduled-after-result gen=1251,66,264,0.2761000000646163,0.1296000000365893,12.849400000050082,12.719800000013493,0.0106000002233486,11.408300399780272,"[[0, 0], [0, 0], [0, 0]]",0.0365000000783766,0.0207000002774293,0.0197999997908482,5.475100000239763,1.7066000000340864,3.45980000020063,5.134200000156852,5.825500000355532,0.0011000001904903,0.0448000000687898,11.408299999857263,11.453099999926051,"[[0, 0], [0, 0], [0, 0]]",1.3963000001240307
1320,scheduled-after-result gen=1252,66,264,0.2598999999463558,0.0872999999046442,14.918700000180252,14.831400000275607,0.0104000000646919,13.48550033569336,"[[0, 0], [0, 0], [0, 0]]",0.0307000000248081,0.0298999998449289,0.0224999998863495,7.356600000093749,1.73899999981586,3.606899999795132,5.321300000105111,6.012899999859656,0.001300000349147,0.0435000001743901,13.48550000011528,13.52900000028967,"[[0, 0], [0, 0], [0, 0]]",1.3896999998905812
1321,scheduled-after-result gen=1253,66,264,0.282599999991362,1.248200000190991,15.948000000207683,14.699800000016694,0.0145999997585022,12.547800064086914,"[[0, 0], [0, 0], [0, 0]]",0.0219000003198743,0.0228999997489154,0.0191999997696257,5.576000000019121,1.9160000001647857,3.63340000012613,5.668799999966723,6.842000000233384,0.0020999996195314,0.0632999999652383,12.547799999993003,12.611099999958242,"[[0, 0], [0, 0], [0, 0]]",3.3369000002494413
1322,scheduled-after-result gen=1254,66,264,0.2743000000009488,2.757700000074692,15.98310000008496,13.225400000010268,0.0098999998954241,14.372099876403809,"[[0, 0], [0, 0], [0, 0]]",0.0240000003941531,0.0247999996645376,0.0196000000869389,7.494899999983318,2.4366000002373767,4.324200000155543,6.072800000310963,6.768200000351499,0.0029000002541579,0.1394999999320134,14.372100000400678,14.511600000332692,"[[0, 0], [0, 0], [0, 0]]",1.4714999997522682
1323,scheduled-after-result gen=1255,66,264,0.2732000002652057,1.1724999999387364,22.039699999822915,20.86719999988418,0.0101000000540807,21.69070053100586,"[[0, 0], [0, 0], [0, 0]]",0.0201000002562068,0.0268000003416091,0.0293000002784538,11.247899999943913,3.3074999996642878,5.5254999997487175,9.07199999983277,10.306199999831732,0.0021999999262334,0.0752000000829866,21.690699999908247,21.765899999991237,"[[0, 0], [0, 0], [0, 0]]",0.27379999983167735
1324,scheduled-after-result gen=1256,66,264,0.273399999969115,0.7863999999244697,23.56490000011036,22.77850000018589,0.0144000000545929,20.933399200439453,"[[0, 0], [0, 0], [0, 0]]",0.0233999999181833,0.093000000106258,0.0287999996544385,11.636300000191111,2.8617000002668647,5.044300000008661,7.891400000062276,9.115900000324473,0.0018999999156221,0.0686000003042863,20.933399999648827,21.001999999953117,"[[0, 0], [0, 0], [0, 0]]",2.562900000157242
1325,scheduled-after-result gen=1257,66,264,0.4958999998052604,1.0010000000875152,14.848599999822907,13.847599999735394,0.014000000192027,12.884099960327148,"[[0, 0], [0, 0], [0, 0]]",0.0316999999085965,0.0423999999838997,0.0319999999192077,7.076699999743141,1.7889000000650412,3.460599999925762,4.941600000165636,5.657200000314333,0.0016999997569655,0.0579000002289831,12.884100000064793,12.942000000293774,"[[0, 0], [0, 0], [0, 0]]",1.9065999995291332
1326,scheduled-after-result gen=1258,66,264,0.2867000002879649,1.142699999945762,23.641799999950308,22.499100000004542,0.0108999997792125,21.20330047607422,"[[0, 0], [0, 0], [0, 0]]",0.0310000000354193,0.0330999996549508,0.0291999999717518,10.702600000058736,3.313199999865901,6.349300000238145,9.174000000257363,10.348199999953067,0.0024999999368446,0.078899999607529,21.203300000252057,21.282199999859586,"[[0, 0], [0, 0], [0, 0]]",2.3596000000907225
1327,scheduled-after-result gen=1259,66,264,0.2696999999898253,2.7654999998958374,23.54879999984405,20.783299999948213,0.0106000002233486,21.03300094604492,"[[0, 0], [0, 0], [0, 0]]",0.0223000001824402,0.1524999997855047,0.0288000001091859,9.696900000108144,3.9359000002150415,6.71520000014425,9.834800000135148,11.065700000017388,0.0024999999368446,0.0807000001259439,21.032999999988533,21.11370000011448,"[[0, 0], [0, 0], [0, 0]]",2.4350999997295695
1328,scheduled-after-result gen=1260,66,264,0.270600000021659,0.0666000000819622,12.402900000324736,12.336300000242773,0.0091000001702923,10.614100456237791,"[[0, 0], [0, 0], [0, 0]]",0.0214000001506065,0.0239000000874511,0.0190000000657164,5.406399999628775,1.5797000000929984,2.987200000006851,4.442700000254263,5.115100000239181,0.0012999998943996,0.0463000001218461,10.614100000111648,10.660400000233494,"[[0, 0], [0, 0], [0, 0]]",1.7425000000912423
1329,scheduled-after-result gen=1261,66,264,0.5000000001018634,0.0817999998616869,23.026699999718403,22.94489999985672,0.0162999999702151,20.93930053710937,"[[0, 0], [0, 0], [0, 0]]",0.0365000000783766,0.0434000003224355,0.0339999996867845,10.283699999945384,3.103500000179338,6.077800000184652,9.212400000251364,10.476800000105868,0.002500000391592,0.0850999999784107,20.939300000009094,21.02439999998751,"[[0, 0], [0, 0], [0, 0]]",2.0022999997308943
1330,scheduled-after-result gen=1262,66,264,0.2844000000550295,1.1944000002586108,20.48350000040955,19.28910000015094,0.0098999998954241,19.367300033569336,"[[0, 0], [0, 0], [0, 0]]",0.0229000002036627,0.0328000000990869,0.0298999998449289,9.068599999864093,2.8646000000662752,5.896799999845825,9.074799999780224,10.171899999932066,0.0020000002223241,0.0665000002300075,19.36729999988529,19.433800000115298,"[[0, 0], [0, 0], [0, 0]]",1.0497000002942514
1331,scheduled-after-result gen=1263,66,264,0.2921999998761748,0.0696000001880747,21.615799999835872,21.5461999996478,0.0144000000545929,19.465900421142575,"[[0, 0], [0, 0], [0, 0]]",0.0221000000237836,0.0332999998136074,0.029499999982363,9.162800000012794,3.0432999997174197,6.082999999762251,8.998400000109541,10.15819999975065,0.0019999997675768,0.0688999998601502,19.465900000341207,19.53480000020136,"[[0, 0], [0, 0], [0, 0]]",2.0809999996345105
1332,scheduled-after-result gen=1264,66,264,0.4516999997576931,1.062499999989086,23.28480000005584,22.222300000066756,0.0098000000434694,16.537500381469727,"[[0, 0], [0, 0], [0, 0]]",0.0307000000248081,0.0973000001067703,0.0309000001834647,10.022500000104628,2.4783999997453066,4.025299999739218,5.631799999719078,6.320299999970303,0.0015000000530562,0.045100000079401,16.537500000140426,16.582600000219827,"[[0, 0], [0, 0], [0, 0]]",6.702199999836012
1333,scheduled-after-result gen=1265,66,264,0.2763000002232729,0.0525000000379805,24.702199999865115,24.64969999982713,0.0131000001601933,10.531499862670898,"[[0, 0], [0, 0], [0, 0]]",0.0229000002036627,0.0247999996645376,0.0203999998120707,5.015900000216789,1.5693000000283064,3.06189999992057,4.7273000000132015,5.417099999704078,0.0012999998943996,0.0429000001531676,10.531500000070082,10.57440000022325,"[[0, 0], [0, 0], [0, 0]]",14.127799999641866
1334,scheduled-after-result gen=1266,66,264,0.482200000078592,0.982199999725708,22.77340000000549,21.791200000279787,0.017899999875226,20.241300582885746,"[[0, 0], [0, 0], [0, 0]]",0.0337999999828753,0.034700000014709,0.0304000000141968,10.213000000021566,3.073800000038318,5.9246999999231775,8.72239999989688,9.869900000012422,0.0021000000742787,0.0690000001668522,20.241300000179763,20.31030000034661,"[[0, 0], [0, 0], [0, 0]]",2.46309999965888
1335,scheduled-after-result gen=1267,66,264,0.4847000000154366,0.0809999996818078,26.918499999737836,26.837500000056025,0.0194999997802369,20.92849922180176,"[[0, 0], [0, 0], [0, 0]]",0.0328000000990869,0.037399999655463,0.0310000000354193,10.636199999680684,3.140100000109669,6.080900000142719,8.936600000197359,10.134500000276605,0.0018000000636675,0.0692999997227161,20.92850000008184,20.99779999980456,"[[0, 0], [0, 0], [0, 0]]",5.920699999933277
1336,scheduled-after-result gen=1268,66,264,0.2865999999812629,1.2378999999782536,22.545899999840916,21.30799999986266,0.0214000001506065,18.500099182128903,"[[0, 0], [0, 0], [0, 0]]",0.0310999998873739,0.0371999999515537,0.0209999998332932,8.800899999641842,2.956499999982043,5.729100000280596,8.419300000241492,9.55210000029183,0.0018999999156221,0.0670999997964827,18.50009999998292,18.567199999779405,"[[0, 0], [0, 0], [0, 0]]",3.9787000000615116
1337,scheduled-after-result gen=1269,66,264,0.283900000340509,0.7218000000648317,16.05920000019978,15.337400000134949,0.0098999998954241,11.043100357055664,"[[0, 0], [0, 0], [0, 0]]",0.0218000000131723,0.0258000000030733,0.0202000001081614,4.8928999999589,1.5704000002187968,3.852800000004208,5.362200000035955,6.052400000044145,0.0013999997463542,0.0436999998782994,11.043099999824337,11.086799999702636,"[[0, 0], [0, 0], [0, 0]]",4.972400000497144
1338,scheduled-after-result gen=1270,66,264,0.2979000000777887,5.200900000090769,12.32720000007248,7.126299999981711,0.0119999999697029,10.16219997406006,"[[0, 0], [0, 0], [0, 0]]",0.0199000000975502,0.0789000000622763,0.0196999999388935,4.871399999956338,1.5734000003249091,3.0570000003535824,4.444100000000617,5.143900000348367,0.0012999998943996,0.0409999997827981,10.162200000195298,10.203199999978096,"[[0, 0], [0, 0], [0, 0]]",2.1240000000943837
1339,scheduled-after-result gen=1271,66,264,0.2666999998837127,0.0725999998394399,10.434100000111355,10.361500000271915,0.0175999998646148,9.77929973602295,"[[0, 0], [0, 0], [0, 0]]",0.0225999997383041,0.024299999950017,0.0190000000657164,4.725199999938923,1.4718000002176268,2.848699999958626,4.271900000276219,4.957900000135851,0.0011000001904903,0.0415999998040206,9.779299999991052,9.820899999795074,"[[0, 0], [0, 0], [0, 0]]",0.6132000003162812
1340,scheduled-after-result gen=1272,66,264,0.2817999998114828,1.2907000000268454,10.3001000002223,9.009400000195456,0.0082000001384585,9.659700393676758,"[[0, 0], [0, 0], [0, 0]]",0.0236000000768399,0.0267999998868617,0.0202999999601161,4.609399999935704,1.4555000002474117,2.8503000003183843,4.277300000012474,4.948200000399083,0.0011000001904903,0.0459999996564874,9.65970000015659,9.705699999813078,"[[0, 0], [0, 0], [0, 0]]",0.5944000004092231
1341,scheduled-after-result gen=1273,66,264,0.283800000033807,1.2053000000378231,13.907900000049269,12.702600000011444,0.011499999800435,10.677499771118164,"[[0, 0], [0, 0], [0, 0]]",0.0228000003517081,0.0288999999611405,0.0211999999919498,5.255300000044372,1.6998000000967295,3.142799999750423,4.635400000097434,5.31379999983983,0.0015000000530562,0.0442999998995219,10.677500000383588,10.72180000028311,"[[0, 0], [0, 0], [0, 0]]",3.1860999997661583
1342,scheduled-after-result gen=1274,66,264,0.4727000000457337,1.0718999997152423,18.39539999991757,17.32350000020233,0.0079999999798019,17.182899475097656,"[[0, 0], [0, 0], [0, 0]]",0.0310999998873739,0.0365999999303312,0.0305000003208988,9.371099999953003,2.970700000332726,5.34460000017134,6.99830000030488,7.676100000026054,0.001200000042445,0.0383999999939987,17.182900000079826,17.221300000073825,"[[0, 0], [0, 0], [0, 0]]",1.1740999998437438
1343,scheduled-after-result gen=1275,66,264,0.2988999999615771,1.1828000001514738,17.422200000055454,16.23939999990398,0.0101000000540807,15.565400123596191,"[[0, 0], [0, 0], [0, 0]]",0.0239999999394058,0.0503999999637017,0.0275000002147862,7.140000000163127,3.081399999700807,5.929800000103569,7.586199999877863,8.284600000024511,0.0014000002011016,0.0433999998676881,15.565400000014051,15.60879999988174,"[[0, 0], [0, 0], [0, 0]]",1.813400000173715
1344,scheduled-after-result gen=1276,66,264,0.2690000001166481,2.7402999999139865,14.9344999999812,12.194200000067212,0.0089000000116357,11.757100105285645,"[[0, 0], [0, 0], [0, 0]]",0.0209000004360859,0.0380999999833875,0.0296999996862723,6.230299999970157,1.6763000003265915,3.3000000003085006,4.739800000152172,5.402199999934965,0.0015000000530562,0.0443000003542692,11.75710000006802,11.80140000042229,"[[0, 0], [0, 0], [0, 0]]",3.13309999955891
1345,scheduled-after-result gen=1277,66,264,0.2757000002020504,2.8053999999428925,10.429800000110845,7.624400000167952,0.0083999998423678,10.182100296020508,"[[0, 0], [0, 0], [0, 0]]",0.0420000001213338,0.0246999998125829,0.0198000002455955,4.935099999784143,1.4758000002075278,2.9752999998891028,4.420499999923777,5.129399999987072,0.0012999998943996,0.039799999740353,10.182100000292849,10.221900000033202,"[[0, 0], [0, 0], [0, 0]]",0.2079000000776432
1346,scheduled-after-result gen=1278,66,264,0.2844000000550295,0.7195000002866436,12.391300000217598,11.671799999930954,0.0084000002971151,10.268500328063965,"[[0, 0], [0, 0], [0, 0]]",0.0214000001506065,0.0236999999287945,0.0198000002455955,4.848199999742064,1.6444000002593384,3.123800000139454,4.65089999988777,5.323500000031345,0.0015999999050109,0.0430000000051222,10.26850000016566,10.31150000017078,"[[0, 0], [0, 0], [0, 0]]",2.079800000046818
1347,scheduled-after-result gen=1279,66,264,0.2704999997149571,0.061900000218884,12.32849999996688,12.266599999747996,0.0110000000859145,10.53969955444336,"[[0, 0], [0, 0], [0, 0]]",0.0219999997170816,0.0264999998762505,0.0189000002137618,4.849399999784509,1.6860999999153137,3.2390000001214503,4.885099999683007,5.592599999999948,0.0013999997463542,0.0516999998581013,10.539699999753791,10.591399999611896,"[[0, 0], [0, 0], [0, 0]]",1.7371000003549835
1348,scheduled-after-result gen=1280,66,264,0.2570999999988999,1.2402999996083963,12.89169999972728,11.651400000118883,0.0077999998211453,10.265600204467772,"[[0, 0], [0, 0], [0, 0]]",0.0215000000025611,0.0230000000556174,0.019200000224373,5.188000000089232,1.516799999990326,2.9526999996960512,4.322700000102486,4.985600000054546,0.001099999735743,0.0415999998040206,10.2655999999115,10.307199999715522,"[[0, 0], [0, 0], [0, 0]]",2.584500000011758
1349,scheduled-after-result gen=1281,66,264,0.3609000000324158,1.1359000000084052,14.309599999705824,13.17369999969742,0.0106000002233486,10.593600273132324,"[[0, 0], [0, 0], [0, 0]]",0.0221999998757382,0.0233999999181833,0.0196999999388935,5.007299999761017,1.5139000001909153,3.227000000151748,4.817200000161392,5.487800000082643,0.0012999998943996,0.0463999999738007,10.593599999992875,10.639999999966676,"[[0, 0], [0, 0], [0, 0]]",3.669599999739148
1350,scheduled-after-result gen=1282,66,264,0.4793000002791814,0.0780999998823972,21.902899999986403,21.824800000104005,0.0485999999000341,19.4064998626709,"[[0, 0], [0, 0], [0, 0]]",0.0316000000566418,0.0411000000895001,0.0325000000884756,9.4014999999672,3.0424999999922875,5.825099999583472,8.613099999820406,9.837599999627855,0.0021000000742787,0.0783999998930085,19.406500000059168,19.484899999952177,"[[0, 0], [0, 0], [0, 0]]",2.418000000034226
1351,scheduled-after-result gen=1283,66,264,0.4715000000032887,2.584800000022369,22.52730000009251,19.94250000007014,0.0135000000227591,20.72529983520508,"[[0, 0], [0, 0], [0, 0]]",0.0353999998878862,0.0352000001839769,0.0325000000884756,10.314600000128848,3.214400000160822,6.1128000002099725,9.027300000070682,10.24520000009943,0.0021999999262334,0.0722999998288287,20.725299999867275,20.797599999696104,"[[0, 0], [0, 0], [0, 0]]",1.7297000003964058
1352,scheduled-after-result gen=1284,66,264,0.289000000066153,1.2764999996761617,20.64979999977368,19.373300000097515,0.0098999998954241,17.781400680541992,"[[0, 0], [0, 0], [0, 0]]",0.0234999997701379,0.0350999998772749,0.0295999998343177,9.545599999910335,2.85379999968427,5.452800000057323,7.409800000004907,8.111499999813532,0.001200000042445,0.0445000000581785,17.781399999876157,17.825899999934336,"[[0, 0], [0, 0], [0, 0]]",2.8238999998393446
1353,scheduled-after-result gen=1285,66,264,0.2834000001712411,0.6917999999132007,18.495400000119844,17.803600000206643,0.0129000000015366,13.833200454711914,"[[0, 0], [0, 0], [0, 0]]",0.0225000003410968,0.0255999998444167,0.0208000001293839,4.529899999852205,2.4917000000641565,5.068100000244158,8.024400000067544,9.180099999866798,0.0020000002223241,0.0645000000076834,13.833200000135548,13.897700000143232,"[[0, 0], [0, 0], [0, 0]]",4.597699999976612
1354,scheduled-after-result gen=1286,66,264,0.2611999998407555,1.3051000000814383,17.52889999988838,16.223799999806943,0.0133999997160572,14.74370002746582,"[[0, 0], [0, 0], [0, 0]]",0.0311999997393286,0.0394000003325345,0.0312000001940759,8.760700000038923,1.995300000089628,3.5392999998293817,5.137000000104308,5.8430999997654,0.0016999997569655,0.0509999999849242,14.743699999598904,14.794699999583829,"[[0, 0], [0, 0], [0, 0]]",2.7342000003045523
1355,scheduled-after-result gen=1287,66,264,0.4610999999385967,0.0882000003912253,20.45769999995173,20.369499999560503,0.0116999999590916,19.610300064086918,"[[0, 0], [0, 0], [0, 0]]",0.0294000001304084,0.081500000305823,0.0288000001091859,8.986299999833136,3.1761999998707324,6.160899999940739,9.250499999780004,10.424899999634365,0.0021000000742787,0.0878999999258667,19.61030000029496,19.698200000220822,"[[0, 0], [0, 0], [0, 0]]",0.759499999730906
1356,scheduled-after-result gen=1288,66,264,0.2883999995901831,2.7510999998412444,24.736599999869213,21.98550000002797,0.0142999997478909,19.90819931030273,"[[0, 0], [0, 0], [0, 0]]",0.0233000000662286,0.0382000002900895,0.0310000000354193,9.32909999983167,3.103400000327383,6.115099999988161,9.282200000143348,10.426900000311434,0.0021000000742787,0.0720999996701721,19.908200000372744,19.98030000004292,"[[0, 0], [0, 0], [0, 0]]",4.756299999826293
1357,scheduled-after-result gen=1289,66,264,0.4374000000098021,1.1275000001660374,24.267799999961422,23.14029999979539,0.0107000000753032,19.88159942626953,"[[0, 0], [0, 0], [0, 0]]",0.0309000001834647,0.034800000321411,0.0282000000879634,9.879100000034668,2.997499999764841,5.987999999888416,8.854199999859702,9.872799999811832,0.0018000000636675,0.0428999996984202,19.881600000189792,19.92449999988821,"[[0, 0], [0, 0], [0, 0]]",4.343300000073214
1358,scheduled-after-result gen=1290,66,264,0.4652000002351997,1.0623000002851768,23.391600000195467,22.32929999991029,0.0107999999272578,15.109600067138672,"[[0, 0], [0, 0], [0, 0]]",0.0236999999287945,0.0298999998449289,0.0210000002880406,5.109299999730865,2.580599999873812,5.716600000141625,8.685700000114593,9.865300000001298,0.002299999778188,0.0746999999137187,15.109599999959755,15.184299999873474,"[[0, 0], [0, 0], [0, 0]]",8.207300000321993
1359,scheduled-after-result gen=1291,66,264,0.471900000320602,0.9571000000505592,21.72599999994418,20.76889999989362,0.0138000000333704,20.09550094604492,"[[0, 0], [0, 0], [0, 0]]",0.0303000001622422,0.1062999999703606,0.0296999996862723,9.786499999790976,3.066599999783648,5.926999999701366,8.835899999667163,10.082499999953145,0.0023999996301427,0.0712999999450403,20.095500000024916,20.166799999969957,"[[0, 0], [0, 0], [0, 0]]",1.559199999974222
1360,scheduled-after-result gen=1292,66,264,0.4662999999709427,1.1134000001220556,16.822500000216678,15.709100000094622,0.0107000000753032,12.1318998336792,"[[0, 0], [0, 0], [0, 0]]",0.032299999929819,0.037600000268867,0.03080000033151,6.6934999999830325,1.6816000002108922,3.1650999999328637,4.618200000095385,5.301000000144995,0.0013999997463542,0.0497999999424791,12.131899999985762,12.181699999928242,"[[0, 0], [0, 0], [0, 0]]",4.640800000288436
1361,scheduled-after-result gen=1293,66,264,0.2793999997265928,0.1053999999385268,10.916000000179338,10.810600000240813,0.0141999998959363,10.39080047607422,"[[0, 0], [0, 0], [0, 0]]",0.0219999997170816,0.0285999999505293,0.0199999999495048,5.147200000010344,1.5558999998575018,3.0376999998225074,4.453600000033475,5.143400000179099,0.0012999998943996,0.0444999996034312,10.390800000095624,10.435299999699057,"[[0, 0], [0, 0], [0, 0]]",0.4807000004802813
1362,scheduled-after-result gen=1294,66,264,0.2818000002662302,1.2738000000354075,12.875200000053155,11.601400000017748,0.0135999998747138,10.070799827575684,"[[0, 0], [0, 0], [0, 0]]",0.022000000171829,0.0254999999924621,0.0193000000763277,4.867300000114483,1.4998000001469336,2.921199999946112,4.378600000109145,5.106500000238157,0.0014000002011016,0.0411999999414547,10.070799999994051,10.111999999935506,"[[0, 0], [0, 0], [0, 0]]",2.7632000001176493
1363,scheduled-after-result gen=1295,66,264,0.2718000000641041,1.1584999997467094,13.393099999575496,12.234599999828788,0.0207999996746366,10.1850004196167,"[[0, 0], [0, 0], [0, 0]]",0.0226000001930515,0.024299999950017,0.0187000000551051,4.84439999991082,1.6526999997950045,3.1131000000641507,4.576899999847228,5.247699999927136,0.001200000042445,0.0402000000576663,10.18500000009226,10.225200000149924,"[[0, 0], [0, 0], [0, 0]]",3.167899999425572
1364,scheduled-after-result gen=1296,66,264,0.444300000253861,4.134199999953125,17.30379999980869,13.169599999855564,0.0104999999166466,10.331899642944336,"[[0, 0], [0, 0], [0, 0]]",0.0227999998969608,0.0228999997489154,0.0208000001293839,4.793699999936507,1.560199999858014,3.0570999997507897,4.5860000000175205,5.415899999661633,0.0030000001061125,0.0630999998065817,10.331899999982852,10.394999999789434,"[[0, 0], [0, 0], [0, 0]]",6.908800000019255
1365,scheduled-after-result gen=1297,66,264,0.264099999640166,1.2523000000328466,11.464499999874532,10.212199999841689,0.0092999998742016,10.62660026550293,"[[0, 0], [0, 0], [0, 0]]",0.022000000171829,0.0266000001829525,0.0214000001506065,5.001800000172807,1.670900000135589,3.2728000001043256,4.85530000014478,5.525699999907374,0.0012999998943996,0.0448999999207444,10.62660000025062,10.671500000171363,"[[0, 0], [0, 0], [0, 0]]",0.7929999997031683
1366,scheduled-after-result gen=1298,66,264,0.2773000001070613,2.7193000000806933,11.342100000092614,8.622800000011921,0.0082999999904131,10.707900047302246,"[[0, 0], [0, 0], [0, 0]]",0.0227000000450061,0.0196000000869389,0.0185999997484032,5.080699999780336,1.473599999826547,3.183599999829312,4.822599999897648,5.532700000003388,0.0018999999156221,0.0402999999096209,10.707899999943038,10.74819999985266,"[[0, 0], [0, 0], [0, 0]]",0.5939000002399535
1367,scheduled-after-result gen=1299,66,264,0.2772000002551067,2.8058000002602057,12.910400000237132,10.104599999976926,0.0106000002233486,10.612500190734863,"[[0, 0], [0, 0], [0, 0]]",0.0222000003304856,0.0262000003203866,0.0193999999282823,4.930699999931676,1.627300000109244,3.224300000056246,4.922099999930651,5.582600000252569,0.0015000000530562,0.0445999999101331,10.612500000206635,10.65710000011677,"[[0, 0], [0, 0], [0, 0]]",2.253300000120362
1368,scheduled-after-result gen=1300,66,264,0.2921000000242202,1.2297999996917497,15.845299999909912,14.615500000218162,0.0135999998747138,10.95460033416748,"[[0, 0], [0, 0], [0, 0]]",0.0215000000025611,0.0233000000662286,0.0201000002562068,4.894799999874522,1.5489000002162356,3.3035999999810883,5.290999999942869,5.964299999959621,0.0015000000530562,0.0564000001759268,10.954599999877246,11.011000000053173,"[[0, 0], [0, 0], [0, 0]]",4.834299999856739
1369,scheduled-after-result gen=1301,66,264,0.4364000001260137,1.0016999999606924,18.28509999995731,17.283399999996618,0.0104000000646919,11.213000297546388,"[[0, 0], [0, 0], [0, 0]]",0.0226000001930515,0.0267999998868617,0.0208999999813386,5.19220000023779,1.689899999746558,3.4469999995963008,5.21409999964817,5.918699999710952,0.0013999997463542,0.0402000000576663,11.212999999770544,11.253199999828212,"[[0, 0], [0, 0], [0, 0]]",7.031900000129099
1370,scheduled-after-result gen=1302,66,264,0.4601999999067629,0.952699999743345,23.374800000055984,22.42210000031264,0.0157999998009472,21.281700134277344,"[[0, 0], [0, 0], [0, 0]]",0.0315999996018945,0.0721000001249194,0.0307999998767627,10.1715000000695,3.405200000088371,6.754699999873992,9.82609999982742,10.917699999936303,0.0018999999156221,0.0720000002729648,21.28169999969032,21.353699999963283,"[[0, 0], [0, 0], [0, 0]]",2.0211000000927015
1371,scheduled-after-result gen=1303,66,264,0.4564000000755186,0.0764999999773863,26.49239999982456,26.41589999984717,0.0165000001288717,21.8351993560791,"[[0, 0], [0, 0], [0, 0]]",0.0334000001203094,0.1710000001367007,0.0316999999085965,10.526600000048347,3.4338000000389,6.7205999998805055,9.775399999853107,11.009899999862682,0.0024999999368446,0.0982999999905587,21.835200000168697,21.933500000159256,"[[0, 0], [0, 0], [0, 0]]",4.558899999665304
1372,scheduled-after-result gen=1304,66,264,0.5135000001246226,1.9851000001835928,17.844800000148098,15.859699999964503,0.0187000000551051,15.668399810791016,"[[0, 0], [0, 0], [0, 0]]",0.0307999998767627,0.0310999998873739,0.0186999996003578,6.717899999785004,1.820999999836204,4.649500000141416,7.652400000097259,8.815000000140572,0.0020999996195314,0.0721000001249194,15.668399999867688,15.740499999992608,"[[0, 0], [0, 0], [0, 0]]",2.10430000015549
1373,scheduled-after-result gen=1305,66,264,0.2737999998316809,0.0540999999429914,13.935999999830528,13.881899999887535,0.0084000002971151,11.094799995422363,"[[0, 0], [0, 0], [0, 0]]",0.0215999998545157,0.0244999996539263,0.0196000000869389,5.586800000401127,1.7362000003231517,3.3019000002241228,4.734600000119826,5.413800000042102,0.001200000042445,0.0416000002587679,11.094799999682436,11.136399999941204,"[[0, 0], [0, 0], [0, 0]]",2.799599999889324
1374,scheduled-after-result gen=1306,66,264,0.2653999999893131,1.3036999998803367,17.422500000066066,16.11880000018573,0.0104999999166466,11.41349983215332,"[[0, 0], [0, 0], [0, 0]]",0.0213999996958591,0.0243999998019717,0.018000000181928,6.063700000140671,1.7254999997931009,3.216000000065833,4.589000000123633,5.252299999938259,0.0012999998943996,0.0409999997827981,11.41349999988961,11.454499999672407,"[[0, 0], [0, 0], [0, 0]]",5.968000000393658
1375,scheduled-after-result gen=1307,66,264,0.2570999999988999,3.753999999844382,13.41420000017024,9.660200000325858,0.008800000159681,10.473099708557127,"[[0, 0], [0, 0], [0, 0]]",0.0221999998757382,0.0209999998332932,0.0198000002455955,5.191499999909865,1.5732000001662527,3.008000000136235,4.499199999827397,5.188199999793142,0.0014000002011016,0.045200000386103,10.473099999671833,10.518300000057934,"[[0, 0], [0, 0], [0, 0]]",2.895900000112306
1376,scheduled-after-result gen=1308,66,264,0.2726000002439832,1.7195999998875775,10.493299999779993,8.773699999892415,0.0100000002021261,10.31350040435791,"[[0, 0], [0, 0], [0, 0]]",0.020699999822682,0.0229000002036627,0.0187000000551051,4.951800000071671,1.5816000000086206,3.1341000003521917,4.570700000385841,5.269100000077742,0.0015000000530562,0.0626000000920612,10.313499999938358,10.37610000003042,"[[0, 0], [0, 0], [0, 0]]",0.11719999974957318
1377,scheduled-after-result gen=1309,66,264,0.2776999999696272,1.241299999946932,26.312500000130967,25.071200000184035,0.0094000001809035,19.79360008239746,"[[0, 0], [0, 0], [0, 0]]",0.0307999998767627,0.0395000001844891,0.0302000003102875,9.6624999996493,3.061700000216661,5.815399999846704,8.764499999870168,9.968899999876156,0.002299999778188,0.0707999997757724,19.793599999957223,19.864399999733,"[[0, 0], [0, 0], [0, 0]]",6.448100000397968
1378,scheduled-after-result gen=1310,66,264,0.3153999996357015,1.207799999974668,10.336900000311289,9.12910000033662,0.0089999998635903,9.857199668884276,"[[0, 0], [0, 0], [0, 0]]",0.022000000171829,0.0181000000338826,0.0212999998439045,4.571599999962928,1.533200000267243,2.970400000322116,4.525700000158395,5.195400000047812,0.0014000002011016,0.0384999998459534,9.85720000016954,9.895700000015497,"[[0, 0], [0, 0], [0, 0]]",0.4412000002957921
1379,scheduled-after-result gen=1311,66,264,0.4634000001715321,0.0792999999248422,20.28980000022784,20.210500000303,0.0095999998848128,18.8518009185791,"[[0, 0], [0, 0], [0, 0]]",0.0305999997181061,0.0227999998969608,0.0284999996438273,8.896100000129081,2.841499999703956,5.713900000046124,8.696099999724538,9.819399999742018,0.0020000002223241,0.0632999999652383,18.85179999999309,18.91509999995833,"[[0, 0], [0, 0], [0, 0]]",1.3747000002695096
1380,scheduled-after-result gen=1312,66,264,0.2752000000327825,2.794799999719544,11.998599999969883,9.20380000025034,0.0099000003501714,9.592399597167969,"[[0, 0], [0, 0], [0, 0]]",0.0656000001981738,0.0325999999404302,0.0181999998858373,4.419400000188034,1.4291000002231158,2.9030999999122287,4.35749999996915,5.025400000249647,0.001200000042445,0.0380000001314329,9.592400000201453,9.630400000332884,"[[0, 0], [0, 0], [0, 0]]",2.3681999996369996
1381,scheduled-after-result gen=1313,66,264,0.2727000000959378,4.651299999750336,11.788199999955395,7.13690000020506,0.0084999996943224,10.314200401306152,"[[0, 0], [0, 0], [0, 0]]",0.0208999999813386,0.0175000000126601,0.0181000000338826,4.81420000005528,1.5679999996791594,3.138399999897956,4.64959999999337,5.407299999660609,0.0019000003703695,0.0435000001743901,10.314199999811535,10.357699999985924,"[[0, 0], [0, 0], [0, 0]]",1.4304999999694719
1382,scheduled-after-result gen=1314,66,264,0.2762999997685256,2.754600000116625,14.446399999997084,11.69179999988046,0.0099999997473787,10.10949993133545,"[[0, 0], [0, 0], [0, 0]]",0.0235999996220925,0.0247999996645376,0.0195000002349843,4.69810000004145,1.5690999998696498,3.071799999815994,4.603899999892747,5.310999999892374,0.0015000000530562,0.0399999998990097,10.10949999999866,10.149499999897673,"[[0, 0], [0, 0], [0, 0]]",4.296900000099411
1383,scheduled-after-result gen=1315,66,264,0.4885000003014283,2.0555000000968,23.02520000012009,20.96970000002329,0.011499999800435,20.10260009765625,"[[0, 0], [0, 0], [0, 0]]",0.0288999999611405,0.0431000003118242,0.0319000000672531,9.855400000105874,3.1412000003001594,5.985000000237051,8.866399999988062,10.08060000003752,0.0021999999262334,0.0890000001163571,20.10259999997288,20.19160000008924,"[[0, 0], [0, 0], [0, 0]]",2.8336000000308488
1384,scheduled-after-result gen=1316,66,264,0.2841999998963729,1.2682000001404958,14.382600000317325,13.114400000176827,0.0110000000859145,11.513699531555176,"[[0, 0], [0, 0], [0, 0]]",0.0303000001622422,0.0297999999929743,0.0188999997590144,5.786400000033609,1.587900000231457,3.5016000001633074,4.933200000323268,5.616500000087399,0.0015000000530562,0.0442999998995219,11.513700000250536,11.55800000015006,"[[0, 0], [0, 0], [0, 0]]",2.8246000001672655
1385,scheduled-after-result gen=1317,66,264,0.2761999999165709,1.384300000154326,11.408200000005309,10.023899999850984,0.0082999999904131,9.938400268554688,"[[0, 0], [0, 0], [0, 0]]",0.0205000001187727,0.0221000000237836,0.0182999997377919,4.866499999934604,1.4888999999129735,2.9027999999016174,4.311899999720481,4.978999999821099,0.001200000042445,0.0421999998252431,9.938400000010006,9.980599999835247,"[[0, 0], [0, 0], [0, 0]]",1.4276000001700613
1386,scheduled-after-result gen=1318,66,264,0.4606999996212835,0.0701999997545499,28.94229999992604,28.87210000017149,0.0197999997908482,20.1289005279541,"[[0, 0], [0, 0], [0, 0]]",0.0338999998348299,0.0448000000687898,0.0317000003633438,9.786600000097678,3.078899999763962,5.965599999854021,8.944899999733025,10.1715000000695,0.00240000008489,0.1036999997268139,20.128900000145222,20.23259999987204,"[[0, 0], [0, 0], [0, 0]]",8.709700000054
1387,scheduled-after-result gen=1319,66,264,0.3294000002824759,2.606200000172976,14.708100000007107,12.101899999834131,0.0101000000540807,9.945199966430664,"[[0, 0], [0, 0], [0, 0]]",0.0239999999394058,0.0256999996963713,0.020400000266818,4.7469000001001405,1.502500000242435,2.9706000000260246,4.39249999999447,5.0942000002578425,0.0016999997569655,0.0419000002693792,9.945199999947365,9.987100000216742,"[[0, 0], [0, 0], [0, 0]]",4.720999999790365
1388,scheduled-after-result gen=1320,66,264,0.4288000000087777,2.6941000000988424,22.940299999845596,20.24619999974675,0.0162999999702151,20.177400588989254,"[[0, 0], [0, 0], [0, 0]]",0.0325999999404302,0.0380999999833875,0.032400000236521,9.671000000253116,3.1248000000232423,6.151300000055926,9.103000000322936,10.340000000269356,0.002299999778188,0.0810999999885098,20.177399999738554,20.258499999727064,"[[0, 0], [0, 0], [0, 0]]",2.681800000118532
1389,scheduled-after-result gen=1321,66,264,0.4960000001119624,0.0856999999996332,26.36249999977736,26.27679999977772,0.0143999995998456,20.064599990844727,"[[0, 0], [0, 0], [0, 0]]",0.0332999998136074,0.0386000001526554,0.0322000000778643,9.584500000073604,3.1277000002774,6.138600000213046,9.065100000043458,10.310100000424429,0.002299999778188,0.0914000002012471,20.064599999841448,20.15600000004269,"[[0, 0], [0, 0], [0, 0]]",6.2064999997346675
1390,scheduled-after-result gen=1322,66,264,0.2807000000757398,2.7595999999903142,13.529100000141623,10.76950000015131,0.0111999997898237,11.87969970703125,"[[0, 0], [0, 0], [0, 0]]",0.0291999999717518,0.0370000002476444,0.0301999998555402,6.605600000057166,1.5991000000212807,2.999199999976554,4.448199999842473,5.14149999980873,0.0013999997463542,0.0560999997105682,11.879700000008595,11.935799999719164,"[[0, 0], [0, 0], [0, 0]]",1.5933000004224596
1391,scheduled-after-result gen=1323,66,264,0.2719000003708061,1.7554999999447318,12.468800000078772,10.71330000013404,0.0401000002057116,10.028300285339355,"[[0, 0], [0, 0], [0, 0]]",0.0199000000975502,0.0264000000242958,0.019200000224373,4.945700000007491,1.468100000238337,2.9340000000956934,4.31460000027073,4.9902999999176245,0.0009999998837884,0.0415999998040206,10.028300000158197,10.069899999962216,"[[0, 0], [0, 0], [0, 0]]",2.398900000116557
1392,scheduled-after-result gen=1324,66,264,0.274700000318262,1.2091999997210223,10.421599999972386,9.212400000251364,0.0082000001384585,9.79360008239746,"[[0, 0], [0, 0], [0, 0]]",0.0215000000025611,0.0248999999712395,0.020699999822682,4.645499999696767,1.560700000027282,2.9861999996683157,4.3707999998332525,5.050799999935407,0.001200000042445,0.0398000001951004,9.793599999738944,9.833399999934043,"[[0, 0], [0, 0], [0, 0]]",0.5882000000383432
1393,scheduled-after-result gen=1325,66,264,0.2725999997892359,2.7436000000307104,10.427600000184611,7.684000000153901,0.0099999997473787,9.792499542236328,"[[0, 0], [0, 0], [0, 0]]",0.0660999999126943,0.0261999998656392,0.0199999999495048,4.616699999587581,1.5612000001965498,2.990599999975529,4.35379999998986,5.032500000197615,0.0014000002011016,0.0385000003007007,9.7925000000032,9.831000000303902,"[[0, 0], [0, 0], [0, 0]]",0.5965999998807092
1394,scheduled-after-result gen=1326,66,264,0.273399999969115,2.7546999999685795,10.26369999999588,7.509000000027299,0.0095999998848128,9.94629955291748,"[[0, 0], [0, 0], [0, 0]]",0.0211999999919498,0.0196999999388935,0.0178000000232714,4.769499999838445,1.490299999659328,2.92459999991479,4.406900000049063,5.089099999622704,0.001200000042445,0.0400999997509643,9.946300000137851,9.986399999888818,"[[0, 0], [0, 0], [0, 0]]",0.2773000001070631
1395,scheduled-after-result gen=1327,66,264,0.2856000000974745,1.6630000000077416,13.131800000337536,11.468800000329791,0.0106000002233486,9.793399810791016,"[[0, 0], [0, 0], [0, 0]]",0.0230000000556174,0.0258000000030733,0.0197000003936409,4.775299999892013,1.44319999981235,2.871300000151677,4.253399999925023,4.920100000163075,0.0015999999050109,0.0399999998990097,9.793400000035035,9.833399999934043,"[[0, 0], [0, 0], [0, 0]]",3.2984000004034932
1396,scheduled-after-result gen=1328,66,264,0.2521999999771651,3.837300000213872,15.487300000131654,11.649999999917782,0.0104999999166466,9.663000106811523,"[[0, 0], [0, 0], [0, 0]]",0.0231000003623194,0.0264000000242958,0.0177000001713167,4.458200000044599,1.480600000377308,2.8409999999894358,4.424400000061723,5.105900000216934,0.0013999997463542,0.0399999998990097,9.663000000273314,9.703000000172324,"[[0, 0], [0, 0], [0, 0]]",5.78429999995933
1397,scheduled-after-result gen=1329,66,264,0.2623999998832005,5.789700000150333,10.440300000027491,4.650599999877159,0.0079999999798019,9.544500350952148,"[[0, 0], [0, 0], [0, 0]]",0.0210000002880406,0.0171000001500942,0.018000000181928,4.498799999964831,1.4294999996309343,2.8044999999110587,4.267199999958393,4.960799999935261,0.0013999997463542,0.0400999997509643,9.544500000174594,9.584599999925558,"[[0, 0], [0, 0], [0, 0]]",0.8557000001019333
1398,scheduled-after-result gen=1330,66,264,0.4543000000012398,0.0834000002214452,26.01070000036998,25.92730000014853,0.0162000001182605,18.982200622558597,"[[0, 0], [0, 0], [0, 0]]",0.0328999999510415,0.2096000002893561,0.0292999998237064,8.951499999966472,2.8692000000773987,5.646499999784282,8.515099999840459,9.69749999967462,0.0021000000742787,0.0783999998930085,18.98220000020956,19.060600000102568,"[[0, 0], [0, 0], [0, 0]]",6.950100000267412
1399,scheduled-after-result gen=1331,66,264,0.4901000002064393,0.9860000000116996,20.44459999979153,19.458599999779835,0.0156999999489926,19.82900047302246,"[[0, 0], [0, 0], [0, 0]]",0.0317000003633438,0.0786999999036197,0.027099999897473,9.392100000241044,2.9997999999977765,6.043899999895075,9.016699999847331,10.24360000019442,0.0021999999262334,0.0804999999672873,19.829000000299857,19.909500000267144,"[[0, 0], [0, 0], [0, 0]]",0.5350999995243875
1400,scheduled-after-result gen=1332,66,264,0.4490000001169392,2.611599999909231,21.996799999669747,19.38519999976052,0.0115999996523896,19.26889991760254,"[[0, 1], [0, 1], [0, 1]]",0.0248999999712395,0.1366000001326028,0.0295999998343177,9.116899999753514,3.020900000137772,6.082200000037119,9.053100000073757,9.893599999941216,0.0021999999262334,0.0860999998621991,19.268900000042777,19.354999999904976,"[[0, 1], [0, 1], [0, 1]]",2.641799999764771
1401,scheduled-after-result gen=1333,66,264,0.2745000001596054,2.749300000232324,20.143799999914336,17.39449999968201,0.0105999997686012,16.399700164794922,"[[0, 1], [0, 1], [0, 1]]",0.0225999997383041,0.0838999999359657,0.0316999999085965,9.193699999741511,1.9761999997172095,4.92789999998422,6.568399999650865,7.010499999978492,0.0015000000530562,0.0474999997095437,16.399699999965378,16.447199999674922,"[[0, 1], [0, 1], [0, 1]]",3.696600000239414
1402,scheduled-after-result gen=1334,66,264,0.2954999999928986,1.247999999577587,16.588599999977305,15.340600000399718,0.0110000000859145,16.409500122070312,"[[0, 1], [0, 1], [0, 1]]",0.0221000000237836,0.0278000002253975,0.021899999865127,8.886000000075,1.810600000226259,4.30129999995188,6.651900000179012,7.384900000033667,0.0017000002117129,0.0995000000330037,16.409500000008848,16.50900000004185,"[[0, 1], [0, 1], [0, 1]]",0.07959999993545352
1403,scheduled-after-result gen=1335,66,264,0.262999999904423,2.788199999940844,11.951700000281562,9.16350000034072,0.0084000002971151,9.594200134277344,"[[0, 1], [0, 1], [0, 1]]",0.0224000000343949,0.0239999999394058,0.0191999997696257,4.815400000097725,1.4771000001019274,2.847900000233494,4.205300000194256,4.684800000177347,0.0015999999050109,0.037499999962165,9.594200000265118,9.631700000227283,"[[0, 1], [0, 1], [0, 1]]",2.3200000000542786
1404,scheduled-after-result gen=1336,66,264,0.2815000002556189,1.7978999999286316,11.935600000015256,10.137700000086625,0.01029999975799,9.79580020904541,"[[0, 1], [0, 1], [0, 1]]",0.0228000003517081,0.0278000002253975,0.0195000002349843,4.952000000230328,1.5056999995977094,2.923000000009779,4.3448999999782245,4.739900000004127,0.0015000000530562,0.0424999998358543,9.795800000119923,9.83829999995578,"[[0, 1], [0, 1], [0, 1]]",2.0973000000594766
1405,scheduled-after-result gen=1337,66,264,0.4754999999931897,0.0807999999778985,19.83250000012049,19.75170000014259,0.0113999999484804,19.180200576782227,"[[0, 1], [0, 1], [0, 1]]",0.0325999999404302,0.068599999849539,0.0306000001728534,9.555100000397942,2.977199999804725,5.821000000196364,8.660999999847263,9.430900000097608,0.0021999999262334,0.0884999999470892,19.18019999993703,19.26869999988412,"[[0, 1], [0, 1], [0, 1]]",0.5638000002363697
1406,scheduled-after-result gen=1338,66,264,0.4773999999088119,0.0768999998399522,22.968199999922945,22.891300000082992,0.01029999975799,18.397199630737305,"[[0, 1], [0, 1], [0, 1]]",0.0316999999085965,0.0317999997605511,0.0297999999929743,9.14150000016889,2.8824999999415013,5.694699999821751,8.382500000152504,9.108400000059191,0.0017000002117129,0.0669000000925734,18.39719999998124,18.464100000073813,"[[0, 1], [0, 1], [0, 1]]",4.504099999849132
1407,scheduled-after-result gen=1339,66,264,0.2805000003718305,1.276600000437611,11.906100000032891,10.629499999595282,0.0085000001490698,10.497699737548828,"[[0, 1], [0, 1], [0, 1]]",0.0222000003304856,0.0178000000232714,0.0205000001187727,5.610100000012608,1.5389999998660642,2.9813999999532825,4.383699999834789,4.800499999873864,0.001200000042445,0.045100000079401,10.497700000087208,10.542800000166608,"[[0, 1], [0, 1], [0, 1]]",1.3632999998662836
1408,scheduled-after-result gen=1340,66,264,0.2675000000635918,2.70379999983561,10.269699999753357,7.565899999917747,0.0093000003289489,9.84179973602295,"[[0, 0], [0, 1], [0, 1]]",0.02299999960087,0.0251999999818508,0.0196000000869389,4.507999999987078,1.4347000001180277,3.0557000000044354,4.589500000292901,5.234100000052422,0.0012999998943996,0.0484000001961248,9.841799999776413,9.890199999972538,"[[0, 0], [0, 1], [0, 1]]",0.37949999978081905
1409,scheduled-after-result gen=1341,66,264,0.2931999997599632,0.0830000003588793,18.99980000007417,18.91679999971529,0.0109999996311671,14.553500175476074,"[[0, 0], [0, 1], [0, 1]]",0.0230000000556174,0.0273999999080842,0.0194999997802369,7.835199999590259,2.917600000273524,4.62050000032832,6.031299999904149,6.615700000111247,0.0012999998943996,0.045100000079401,14.553499999692576,14.598599999771976,"[[0, 0], [0, 1], [0, 1]]",4.401200000302195
1410,scheduled-after-result gen=1342,66,264,0.2911999999923864,0.1116000003094086,24.595700000190845,24.48409999988144,0.0122999999803141,18.74659919738769,"[[0, 0], [0, 1], [0, 1]]",0.0238000002354965,0.1087000000552507,0.0288999999611405,9.017700000185869,2.788900000268768,5.470600000080594,8.273700000245299,9.506100000180597,0.002299999778188,0.0666000000819622,18.74660000021322,18.813200000295183,"[[0, 0], [0, 1], [0, 1]]",5.782499999895663
1411,scheduled-after-result gen=1343,66,264,0.3410999997868202,4.192399999737972,11.856999999963593,7.664600000225619,0.0080999998317565,9.121899604797363,"[[0, 1], [0, 1], [0, 1]]",0.0224999998863495,0.0254999999924621,0.0186999996003578,4.426699999839912,1.4487000003100547,2.831600000263279,4.151500000261876,4.599400000188325,0.0017000002117129,0.0408999999308434,9.12190000008195,9.162800000012794,"[[0, 1], [0, 1], [0, 1]]",2.694199999950799
1412,scheduled-after-result gen=1344,66,264,0.2660000000105356,2.8383000003486814,11.421300000165502,8.58299999981682,0.0093999997261562,9.149800300598145,"[[0, 1], [0, 1], [0, 1]]",0.0207000002774293,0.0177000001713167,0.0206000004254747,4.516100000273582,1.417799999671843,2.7546999999685795,4.103299999769661,4.545899999811809,0.001200000042445,0.0412999997934093,9.149800000159305,9.191099999952712,"[[0, 1], [0, 1], [0, 1]]",2.2302000002127897
1413,scheduled-after-result gen=1345,66,264,0.2867000002879649,1.1660999998639454,18.96679999981643,17.800699999952485,0.012800000149582,9.21269989013672,"[[0, 1], [0, 1], [0, 1]]",0.0224999998863495,0.0215000000025611,0.0197999997908482,4.589900000155467,1.3861000002179935,2.720899999985704,4.088900000169815,4.530700000032084,0.001200000042445,0.0433000000157335,9.212699999807228,9.25599999982296,"[[0, 1], [0, 1], [0, 1]]",9.71079999999347
1414,scheduled-after-result gen=1346,66,264,0.2725000003920286,1.213000000007014,11.40499999974054,10.191999999733524,0.0096000003395602,9.463600158691406,"[[0, 1], [0, 1], [0, 1]]",0.0223000001824402,0.0279000000773521,0.0196999999388935,4.562999999961903,1.4815000004091416,2.8692000000773987,4.377500000373402,4.799499999990076,0.001200000042445,0.0455000003967143,9.463599999889992,9.509100000286708,"[[0, 1], [0, 1], [0, 1]]",1.8958999994538317
1415,scheduled-after-result gen=1347,66,264,0.2557000002525456,0.0519000000167579,14.03779999964172,13.985899999624962,0.029499999982363,8.855600357055664,"[[0, 1], [0, 1], [0, 1]]",0.0224999998863495,0.0265999997282051,0.0216999997064704,4.251700000168057,1.3732000002164568,2.7164000002812827,4.037500000322325,4.510900000241236,0.0015000000530562,0.0457000001006235,8.855599999606056,8.90129999970668,"[[0, 1], [0, 1], [0, 1]]",5.13649999993504
1416,scheduled-after-result gen=1348,66,264,0.3042000003006251,1.2778000000253087,17.494199999873672,16.216399999848363,0.0180999995791353,17.3031005859375,"[[0, 1], [0, 1], [0, 1]]",0.0245999999606283,0.0306000001728534,0.0203999998120707,8.482700000058685,2.7277000003778085,5.309900000156631,7.863600000291626,8.687100000315695,0.0021000000742787,0.0801000001047214,17.30309999993551,17.383200000040233,"[[0, 1], [0, 1], [0, 1]]",0.11099999983343878
1417,scheduled-after-result gen=1349,66,264,0.2660999998624902,1.2827000000470434,11.445199999798206,10.162499999751162,0.0092000000222469,9.1943998336792,"[[0, 1], [0, 1], [0, 1]]",0.0215000000025611,0.0269000001935637,0.0208000001293839,4.481299999952171,1.4265999998315235,2.767699999822071,4.0987000002132845,4.61089999998876,0.001200000042445,0.0430999998570769,9.194400000069436,9.237499999926513,"[[0, 1], [0, 1], [0, 1]]",2.207699999871693
1418,scheduled-after-result gen=1350,66,264,0.2793000003293855,2.7083999998467334,11.443099999723929,8.734699999877193,0.0098000000434694,11.162099838256836,"[[0, 1], [0, 1], [0, 1]]",0.023099999907572,0.0236999999287945,0.0193999999282823,4.704799999672105,1.441699999759294,2.7786999999079853,5.4136999997354,6.32580000001326,0.0026000002435466,0.0972000002548156,11.162099999637576,11.259299999892391,"[[0, 1], [0, 1], [0, 1]]",0.18379999983153716
1419,scheduled-after-result gen=1351,66,264,0.2749999998741259,0.0584999997954582,14.422699999613542,14.364199999818084,0.0082999999904131,14.27530002593994,"[[0, 1], [0, 1], [0, 1]]",0.0227999998969608,0.1296000000365893,0.0274999997600389,8.639000000130181,2.21140000030573,3.5585000000537548,4.880800000137242,5.419800000254327,0.0016999997569655,0.0357999997504521,14.275300000008428,14.31109999975888,"[[0, 1], [0, 1], [0, 1]]",0.11159999985466129
1420,scheduled-after-result gen=1352,66,264,0.2767000000858388,1.232600000093953,17.483399999946414,16.25079999985246,0.01029999975799,14.256099700927734,"[[0, 1], [0, 1], [0, 1]]",0.0303000001622422,0.0331000001096981,0.0464999998257553,8.635700000013458,2.244900000277994,3.68849999995291,5.033800000092015,5.47580000011294,0.001200000042445,0.0423999999838997,14.256100000238805,14.298500000222704,"[[0, 1], [0, 1], [0, 1]]",3.1848999997237097
1421,scheduled-after-result gen=1353,66,264,0.2776999999696272,2.842400000190537,22.096400000009453,19.25399999981892,0.0145000003612949,17.686800003051758,"[[0, 1], [0, 1], [0, 1]]",0.0224000000343949,0.0371000000995991,0.02840000024662,8.551899999929446,2.766600000086328,5.4632999999739695,8.180299999821727,8.989299999939249,0.0021999999262334,0.0796999997874081,17.68679999986489,17.766499999652297,"[[0, 1], [0, 1], [0, 1]]",4.329900000357156
1422,scheduled-after-result gen=1354,66,264,0.3039999996872211,1.1750999997275358,19.535699999778444,18.36060000005091,0.0132000000121479,17.928499221801758,"[[0, 1], [0, 1], [0, 1]]",0.0227000000450061,0.1257000003533903,0.0275000002147862,8.603199999924982,2.716599999985192,5.379400000038004,8.278899999822897,9.079599999950004,0.0023999996301427,0.0991000001704378,17.928499999925407,18.027600000095845,"[[0, 1], [0, 1], [0, 1]]",1.5080999996825994
1423,scheduled-after-result gen=1355,66,264,0.4507999997258594,0.1306999997723323,22.491700000045967,22.361000000273638,0.0159999999596038,18.6658992767334,"[[0, 1], [0, 1], [0, 1]]",0.0285999999505293,0.0600999997004692,0.0314000003527326,8.866300000136107,2.7647000001707056,5.510100000265084,8.773500000188506,9.617700000035256,0.0023000002329354,0.0977000004240835,18.66589999963253,18.763600000056613,"[[0, 1], [0, 1], [0, 1]]",3.728099999989354
1424,scheduled-after-result gen=1356,66,264,0.3004000000146334,0.0665000002300075,28.130200000305194,28.063700000075187,0.0110999999378691,18.68600082397461,"[[0, 0], [0, 0], [0, 1]]",0.0301999998555402,0.0368000000889878,0.0312000001940759,8.757099999911588,2.718499999900814,5.882999999812455,9.162599999854136,9.797299999718234,0.0012999998943996,0.0409999997827981,18.685999999888736,18.72699999967153,"[[0, 0], [0, 0], [0, 1]]",9.403200000633664
1425,scheduled-after-result gen=1357,66,264,0.2800000002025626,0.7411000001411594,13.992800000323768,13.251700000182607,0.0103000002127373,9.699899673461914,"[[0, 0], [0, 0], [0, 0]]",0.0209999998332932,0.022000000171829,0.0189999996109691,4.5921000000817,1.4139999998405983,2.8524999997898703,4.351300000053016,5.018100000143022,0.0012999998943996,0.0443999997514765,9.699900000214257,9.744299999965731,"[[0, 0], [0, 0], [0, 0]]",4.248500000358037
1426,scheduled-after-result gen=1358,66,264,0.3231000000596395,1.2363999999251971,28.087499999855936,26.85109999993074,0.0100000002021261,18.93409919738769,"[[0, 0], [0, 0], [0, 1]]",0.0318000002152984,0.0713000003997876,0.0291999999717518,8.805800000118325,2.9381000003922964,5.9184000001550885,8.790700000190554,9.931600000072647,0.0020999996195314,0.0722999998288287,18.93410000002405,19.006399999852874,"[[0, 0], [0, 0], [0, 1]]",9.081100000003062
1427,scheduled-after-result gen=1359,66,264,0.2993000002788903,2.7161000002706714,23.06640000006155,20.35029999979088,0.0127999996948346,20.074800491333008,"[[0, 0], [0, 0], [0, 0]]",0.023200000214274,0.1394999999320134,0.0297000001410197,9.263200000077632,2.962399999887566,6.010300000070856,9.417100000064238,10.563400000137335,0.0019999997675768,0.0721000001249194,20.07480000020223,20.14690000032715,"[[0, 0], [0, 0], [0, 0]]",2.9194999997343984
1428,scheduled-after-result gen=1360,66,264,0.4092999997737934,0.0635999999758496,24.600899999768444,24.537299999792594,0.0164000002769171,18.49760055541992,"[[0, 0], [0, 0], [0, 0]]",0.0264000000242958,0.0237000003835419,0.0175000000126601,7.970699999987119,3.367199999956938,6.319799999801035,9.197400000175548,10.403600000245206,0.002299999778188,0.0798000000941101,18.49760000004608,18.577400000140187,"[[0, 0], [0, 0], [0, 0]]",6.023499999628257
1429,scheduled-after-result gen=1361,66,264,0.2555999999458436,0.0533999996150669,22.587099999782367,22.5337000001673,0.0149999996210681,20.92659950256348,"[[0, 0], [0, 0], [0, 0]]",0.0302999997074948,0.0514999996994447,0.0299000002996763,10.702200000196171,3.20640000018102,6.067799999982526,8.907400000225607,10.05440000017188,0.0021000000742787,0.0752999999349413,20.92659999971147,21.00189999964641,"[[0, 0], [0, 0], [0, 0]]",1.5852000001359556
1430,scheduled-after-result gen=1362,66,264,0.2983999997923092,0.0494999999318679,24.154899999757617,24.10539999982575,0.0093999997261562,18.44770050048828,"[[0, 0], [0, 0], [0, 0]]",0.0223000001824402,0.0258000000030733,0.0303000001622422,10.57360000004337,3.2606999998279207,5.493399999977555,7.068499999604683,7.758899999771529,0.0012999998943996,0.0415999998040206,18.447700000251643,18.489300000055664,"[[0, 0], [0, 0], [0, 0]]",5.6655999997019535
1431,scheduled-after-result gen=1363,66,264,0.446999999894615,0.090600000021368,26.47449999994933,26.38389999992796,0.0188999997590144,19.3617000579834,"[[0, 0], [0, 0], [0, 0]]",0.0316000000566418,0.0423999999838997,0.03080000033151,9.458100000301783,2.993200000219076,5.78559999985373,8.559299999888026,9.738199999901552,0.00240000008489,0.0844000001052336,19.36169999999038,19.44610000009561,"[[0, 0], [0, 0], [0, 0]]",7.028399999853722
1432,scheduled-after-result gen=1364,66,264,0.279699999737204,1.2553000001389591,14.433199999984936,13.177899999845977,0.0113999999484804,9.967100143432615,"[[0, 0], [0, 0], [0, 0]]",0.0301000000035855,0.0288999999611405,0.0192999996215803,4.838100000142731,1.4788999997108476,2.896499999678781,4.3252999998912856,5.018899999868154,0.0014000002011016,0.0508999996782222,9.967100000267235,10.01799999994546,"[[0, 0], [0, 0], [0, 0]]",4.415200000039476
1433,scheduled-after-result gen=1365,66,264,0.4610999999385967,2.47269999999844,18.793400000049587,16.320700000051147,0.0108999997792125,17.931400299072266,"[[0, 0], [0, 0], [0, 0]]",0.0328999999510415,0.0412999997934093,0.028299999939918,9.227799999734998,2.9183999999986554,5.339300000287039,7.364900000084162,8.544600000277569,0.0018999999156221,0.0756999997975071,17.931400000179565,18.007099999977072,"[[0, 0], [0, 0], [0, 0]]",0.7863000000725151
1434,scheduled-after-result gen=1366,66,264,0.2906999998231185,0.056700000186538,16.567500000292057,16.51080000010552,0.0129000000015366,10.8996000289917,"[[0, 0], [0, 0], [0, 0]]",0.0236999999287945,0.024299999950017,0.0197999997908482,5.024199999752455,1.7729000001054374,3.432400000292546,5.07130000005418,5.775800000265008,0.0015000000530562,0.054300000101648,10.89959999990242,10.953900000004069,"[[0, 0], [0, 0], [0, 0]]",5.613600000287988
1435,scheduled-after-result gen=1367,66,264,0.2798999998958607,0.0524000001860258,10.936900000160676,10.88449999997465,0.0110000000859145,10.025400161743164,"[[0, 0], [0, 0], [0, 0]]",0.0224000000343949,0.0202999999601161,0.0201000002562068,4.737000000204716,1.5837000000828994,3.0366000000867643,4.521399999703135,5.197499999667343,0.0015999999050109,0.0430000000051222,10.025400000358786,10.068400000363908,"[[0, 0], [0, 0], [0, 0]]",0.868499999796768
1436,scheduled-after-result gen=1368,66,264,0.4784999996445549,0.3223000003345078,27.834600000005597,27.51229999967109,0.0132000000121479,19.38689994812012,"[[0, 0], [0, 0], [0, 0]]",0.0345000003107998,0.0670999997964827,0.0293000002784538,9.40760000003138,2.979200000027049,5.828700000165554,8.655699999962962,9.792100000140636,0.0021999999262334,0.087800000073912,19.38689999997223,19.47470000004614,"[[0, 0], [0, 0], [0, 0]]",8.359899999959456
1437,scheduled-after-result gen=1369,66,264,0.4272000001037668,2.667899999778456,20.52419999972699,17.856299999948533,0.0111000003926164,19.723899841308597,"[[0, 0], [0, 0], [0, 0]]",0.0311999997393286,0.1127999998971063,0.0308999997287173,9.219400000347376,3.030599999874539,6.167200000163575,9.113500000239585,10.271500000271772,0.0022000003809807,0.068599999849539,19.723899999917197,19.792499999766733,"[[0, 0], [0, 0], [0, 0]]",0.7316999999602558
1438,scheduled-after-result gen=1370,66,264,0.2684999999473803,0.0531999999111576,21.213699999862,21.160499999950844,0.0116999999590916,19.796300888061523,"[[0, 0], [0, 0], [0, 0]]",0.0309000001834647,0.0539000002390821,0.0297000001410197,9.879600000203936,2.9927000000498083,5.859200000031706,8.544700000129524,9.741400000166324,0.00240000008489,0.0756999997975071,19.796300000052724,19.87199999985023,"[[0, 0], [0, 0], [0, 0]]",1.3417000000117696
1439,scheduled-after-result gen=1371,66,264,0.2767000000858388,1.2288000002627086,20.92979999997624,19.70099999971353,0.0103000002127373,20.29010009765625,"[[0, 0], [0, 0], [0, 0]]",0.0218000000131723,0.0341999998454412,0.0301999998555402,9.907599999678496,2.997600000071543,5.945300000348652,8.952500000305008,10.240000000067084,0.0022000003809807,0.0635999999758496,20.290099999783703,20.35369999975956,"[[0, 0], [0, 0], [0, 0]]",0.5761000002166803
1440,scheduled-after-result gen=1372,66,264,0.3210999998373154,1.1865000001307635,20.077600000149687,18.891100000018923,0.0103999996099446,13.72760009765625,"[[0, 0], [0, 0], [0, 0]]",0.0321000002259097,0.0353000000359315,0.029399999675661,8.372100000087812,1.6264000000774104,3.0953000000408792,4.521700000168494,5.224400000315654,0.0015000000530562,0.0402999999096209,13.727600000038365,13.767899999947986,"[[0, 0], [0, 0], [0, 0]]",6.309700000201701
1441,scheduled-after-result gen=1373,66,264,0.2738999996836355,1.4787000000069384,14.658499999768535,13.1797999997616,0.011499999800435,11.739299774169922,"[[0, 0], [0, 0], [0, 0]]",0.022000000171829,0.0175000000126601,0.0201000002562068,6.483699999989767,1.6175999999177293,2.990599999975529,4.49239999989004,5.165999999917403,0.001200000042445,0.0474999997095437,11.73930000004475,11.786799999754294,"[[0, 0], [0, 0], [0, 0]]",2.8717000000142416
1442,scheduled-after-result gen=1374,66,264,0.467800000023999,0.0789000000622763,20.33050000000003,20.251599999937756,0.0141000000439817,19.22330093383789,"[[0, 0], [0, 0], [0, 0]]",0.0299999996968836,0.0396999998883984,0.0285999999505293,9.242099999937636,2.930300000116404,5.787200000213488,8.586899999954767,9.81580000006943,0.0027999999474559,0.0853000001370674,19.223299999794108,19.30859999993117,"[[0, 0], [0, 0], [0, 0]]",1.0219000000688574
1443,scheduled-after-result gen=1375,66,264,0.3500000002532033,1.199699999688164,16.956399999799032,15.756700000110868,0.0107999999272578,11.94909954071045,"[[0, 0], [0, 0], [0, 0]]",0.0227000000450061,0.0236000000768399,0.0197999997908482,6.259100000079343,1.6933999995671911,3.234099999644968,4.793599999629805,5.590699999629578,0.0018999999156221,0.0519000000167579,11.949100000038015,12.001000000054772,"[[0, 0], [0, 0], [0, 0]]",4.955399999744261
1444,scheduled-after-result gen=1376,66,264,0.2546000000620552,1.2897999999950116,9.914800000387912,8.625000000392902,0.0089999998635903,9.692099571228027,"[[0, 0], [0, 0], [0, 0]]",0.0214000001506065,0.0245000001086737,0.0199000000975502,4.5315999996091705,1.5517000001636916,2.9708000001846813,4.401600000164763,5.065800000011222,0.0014000002011016,0.0411000000895001,9.692099999938364,9.733200000027864,"[[0, 0], [0, 0], [0, 0]]",0.18160000036004753
1445,scheduled-after-result gen=1377,66,264,0.2859000001080858,2.7190999999220367,11.392200000045705,8.673100000123668,0.0099000003501714,10.43809986114502,"[[0, 0], [0, 0], [0, 0]]",0.0224000000343949,0.0278999996226048,0.0469999999950232,4.888999999820953,1.6184000000976084,3.1322999998337764,4.718900000170834,5.416500000137603,0.0015999999050109,0.0424999998358543,10.438100000101258,10.480599999937112,"[[0, 0], [0, 0], [0, 0]]",0.9116000001085922
1446,scheduled-after-result gen=1378,66,264,0.3173999998580257,2.21559999999954,14.391100000011647,12.175500000012107,0.0118000002657936,12.834600448608398,"[[0, 0], [0, 0], [0, 0]]",0.0221999998757382,0.0221000000237836,0.019200000224373,5.223900000146386,1.8463000001247565,4.699199999777193,6.820600000082777,7.515499999954045,0.0015000000530562,0.0452999997833103,12.834600000132925,12.879899999916232,"[[0, 0], [0, 0], [0, 0]]",1.5112000000954158
1447,scheduled-after-result gen=1379,66,264,0.2664999997250561,5.263000000013562,19.027400000140915,13.764400000127353,0.0103000002127373,18.64620018005371,"[[0, 0], [0, 0], [0, 0]]",0.0240999997913604,0.0460000001112348,0.0286999998024839,9.02089999999589,2.935900000011316,6.023299999924348,8.761300000060146,9.488499999861231,0.0015000000530562,0.045200000386103,18.64619999969364,18.69140000007974,"[[0, 0], [0, 0], [0, 0]]",0.33600000006117625
1448,scheduled-after-result gen=1380,66,264,0.4374000000098021,0.0580999999328923,13.297200000124576,13.239100000191684,0.0110000000859145,11.034700393676758,"[[0, 0], [0, 0], [0, 0]]",0.0310000000354193,0.0317999997605511,0.0205000001187727,4.60910000037984,2.656699999988632,4.113500000130443,5.618199999844364,6.310599999778788,0.0013999997463542,0.0507999998262675,11.034699999981967,11.085499999808237,"[[0, 0], [0, 0], [0, 0]]",2.2117000003163394
1449,scheduled-after-result gen=1381,66,264,0.2795000000332948,2.0136999996793747,23.71159999984229,21.69790000016292,0.0101000000540807,19.75029945373535,"[[0, 0], [0, 0], [0, 0]]",0.0246999998125829,0.0359000000571541,0.0311000003421213,9.420600000339618,2.934099999947648,5.883999999696243,8.960899999692629,10.17599999977392,0.00240000008489,0.0758999999561638,19.75029999994149,19.826199999897653,"[[0, 0], [0, 0], [0, 0]]",3.885399999944635
1450,scheduled-after-result gen=1382,66,264,0.2580000000307336,2.800299999762501,13.421899999684683,10.621599999922182,0.0185999997484032,11.901599884033203,"[[0, 0], [0, 0], [0, 0]]",0.0207999996746366,0.0261000000136846,0.0196999999388935,4.999000000225351,1.6661999998177637,3.4646999997676176,5.616299999928742,6.78250000009939,0.0025999997887993,0.3495999999358901,11.901599999873724,12.251199999809614,"[[0, 0], [0, 0], [0, 0]]",1.170699999875069
1451,scheduled-after-result gen=1383,66,264,0.2731999998104584,0.0576000002183718,14.999400000306196,14.941800000087824,0.0082999999904131,13.309499740600586,"[[0, 0], [0, 0], [0, 0]]",0.0232999996114813,0.024400000256719,0.019200000224373,6.841899999926682,2.615999999761698,4.11549999989802,5.689999999958673,6.36819999999716,0.001300000349147,0.0430000000051222,13.309499999650145,13.352499999655263,"[[0, 0], [0, 0], [0, 0]]",1.6469000006509322
1452,scheduled-after-result gen=1384,66,264,0.3191000000697386,3.6391999997249513,14.392399999906049,10.753200000181096,0.023099999907572,12.896900177001951,"[[0, 0], [0, 0], [0, 0]]",0.0227000000450061,0.0246999998125829,0.0213999996958591,7.222100000035425,1.6454999999950817,3.2866999999896507,4.896500000086235,5.574900000283378,0.0015000000530562,0.0448999999207444,12.896900000214371,12.941800000135116,"[[0, 0], [0, 0], [0, 0]]",1.4505999997709331
1453,scheduled-after-result gen=1385,66,264,0.2734999998210696,4.241499999807274,11.863999999604856,7.622499999797583,0.0091000001702923,10.70460033416748,"[[0, 0], [0, 0], [0, 0]]",0.0221000000237836,0.0273000000561296,0.0196999999388935,5.021399999804999,1.6959999998107378,3.3008000000336324,4.856099999869912,5.583399999977701,0.001200000042445,0.0439999998889106,10.704600000281062,10.748600000169972,"[[0, 0], [0, 0], [0, 0]]",1.1153999994348833
1454,scheduled-after-result gen=1386,66,264,0.2656000001479697,1.283000000057655,15.456000000085623,14.173000000027969,0.0278000002253975,10.527400016784668,"[[0, 0], [0, 0], [0, 0]]",0.0211999999919498,0.0231999997595266,0.0193000000763277,5.039299999680225,1.7010000001391743,3.2426000002487854,4.72170000011829,5.397400000219932,0.001200000042445,0.0493000002279586,10.52739999977348,10.576700000001438,"[[0, 0], [0, 0], [0, 0]]",4.879300000084186
1455,scheduled-after-result gen=1387,66,264,0.2650999999787018,4.236199999922974,16.935900000135007,12.699700000212031,0.0094000001809035,10.319499969482422,"[[0, 0], [0, 0], [0, 0]]",0.0237000003835419,0.0243999998019717,0.019099999917671,5.029999999806023,1.5812000001460549,3.070799999932205,4.531600000063918,5.191700000068522,0.001200000042445,0.0417000001107226,10.319500000150583,10.361200000261306,"[[0, 0], [0, 0], [0, 0]]",6.574699999873701
1456,scheduled-after-result gen=1388,66,264,0.2749999998741259,1.23940000003131,15.929000000141968,14.68960000011066,0.0104000000646919,10.553000450134276,"[[0, 0], [0, 0], [0, 0]]",0.0234000003729306,0.019099999917671,0.020400000266818,5.020300000069256,1.636899999994057,3.14410000009957,4.7591000002285,5.440899999939575,0.001200000042445,0.0434000003224355,10.553000000072643,10.59640000039508,"[[0, 0], [0, 0], [0, 0]]",5.332599999746888
1457,scheduled-after-result gen=1389,66,264,0.3099999998994462,0.7227000000966655,12.83640000019659,12.113700000099923,0.0101999999060353,10.88539981842041,"[[0, 0], [0, 0], [0, 0]]",0.0222000003304856,0.025899999855028,0.0196999999388935,5.076399999779824,1.6725999998925545,3.2780999999886262,5.03309999976409,5.711299999802577,0.0014000002011016,0.0460000001112348,10.885400000006484,10.93140000011772,"[[0, 0], [0, 0], [0, 0]]",1.9050000000788714
1458,scheduled-after-result gen=1390,66,264,0.2812000002450077,0.1563000000714964,12.964999999894644,12.808699999823148,0.0082000001384585,11.553000450134276,"[[0, 0], [0, 0], [0, 0]]",0.0224999998863495,0.0239000000874511,0.0195000002349843,5.627799999729177,1.6998000000967295,3.428900000017165,5.124599999817292,5.82559999975274,0.0015999999050109,0.0410000002375454,11.552999999821624,11.594000000059168,"[[0, 0], [0, 0], [0, 0]]",1.370999999835476
1459,scheduled-after-result gen=1391,66,264,0.2865999999812629,2.186600000186445,12.351700000181154,10.165099999994707,0.0089999998635903,11.219300270080566,"[[0, 0], [0, 0], [0, 0]]",0.0238000002354965,0.0245999999606283,0.019200000224373,5.370400000174413,1.723699999729433,3.393399999822577,5.081999999674736,5.749999999807187,0.0012999998943996,0.0433000000157335,11.219299999993382,11.262600000009115,"[[0, 0], [0, 0], [0, 0]]",1.0891000001720386
1460,scheduled-after-result gen=1392,66,264,0.2696999999898253,2.857999999832828,13.4330000000773,10.575000000244472,0.0086000000010244,10.810999870300291,"[[0, 0], [0, 0], [0, 0]]",0.0219000003198743,0.0236999999287945,0.0199999999495048,4.914300000109506,1.6544000000067172,3.337699999974575,5.079400000340684,5.798500000310014,0.001200000042445,0.0405000000682775,10.811000000103377,10.851500000171654,"[[0, 0], [0, 0], [0, 0]]",2.5814999999056454
1461,scheduled-after-result gen=1393,66,264,0.2777000004243746,1.471199999741657,12.97389999990628,11.502700000164625,0.0094000001809035,11.09939956665039,"[[0, 0], [0, 0], [0, 0]]",0.0212999998439045,0.0202999999601161,0.0214000001506065,5.347700000129407,1.714300000003277,3.3376000001226203,4.975299999841809,5.655200000092009,0.0014000002011016,0.0472000001536798,11.09939999969356,11.14659999984724,"[[0, 0], [0, 0], [0, 0]]",1.82730000005904
1462,scheduled-after-result gen=1394,66,264,0.3101000002061482,1.1466000000837084,15.391200000067329,14.24459999998362,0.0105000003713939,12.31999969482422,"[[0, 0], [0, 0], [0, 0]]",0.023099999907572,0.0243999998019717,0.0192999996215803,5.402400000093621,2.59860000005574,4.336099999818543,6.127499999820429,6.820699999934732,0.001200000042445,0.0461999998151441,12.320000000272556,12.3662000000877,"[[0, 0], [0, 0], [0, 0]]",3.024999999979629
1463,scheduled-after-result gen=1395,66,264,0.2696000001378706,5.806300000131159,14.927300000181276,9.121000000050117,0.0092999998742016,14.15659999847412,"[[0, 0], [0, 0], [0, 0]]",0.0224999998863495,0.0289999998130952,0.0211999999919498,5.413999999746011,1.7010000001391743,4.725299999790877,7.876300000134506,8.638299999802257,0.0015999999050109,0.047900000026857,14.1566000002058,14.204500000232656,"[[0, 0], [0, 0], [0, 0]]",0.7227999999486201
1464,scheduled-after-result gen=1396,66,264,0.2546000000620552,1.236600000083854,13.461600000027827,12.224999999943975,0.0117999998110462,11.791399955749512,"[[0, 0], [0, 0], [0, 0]]",0.0295999998343177,0.0323999997817736,0.0208999999813386,5.987699999877805,1.8604000001687384,3.5533999998733634,5.019600000196078,5.687100000159262,0.0015999999050109,0.0466999999844119,11.791400000220165,11.838100000204577,"[[0, 0], [0, 0], [0, 0]]",1.6234999998232507
1465,scheduled-after-result gen=1397,66,264,0.2749999998741259,2.732099999775528,11.945799999921292,9.213700000145764,0.0079000001278473,11.350000381469728,"[[0, 0], [0, 0], [0, 0]]",0.022000000171829,0.0233999999181833,0.0187999999070598,5.784099999800674,1.73960000029183,3.328100000089762,4.793100000370032,5.471800000123039,0.0011000001904903,0.0430999998570769,11.350000000220462,11.393100000077538,"[[0, 0], [0, 0], [0, 0]]",0.5526999998437532
1466,scheduled-after-result gen=1398,66,264,0.388800000109768,2.612100000078499,15.335500000219326,12.723400000140828,0.0104000000646919,10.930399894714355,"[[0, 0], [0, 0], [0, 0]]",0.0216000003092631,0.0243999998019717,0.0195000002349843,5.555100000037783,1.702999999906751,3.171599999859609,4.60849999990387,5.280899999888788,0.0014999995983089,0.0460999999631894,10.93040000023393,10.97650000019712,"[[0, 0], [0, 0], [0, 0]]",4.359000000022206
1467,scheduled-after-result gen=1399,66,264,0.2820999998220941,2.752500000042346,12.859599999956115,10.107099999913771,0.0095000000328582,11.035799980163574,"[[0, 0], [0, 0], [0, 0]]",0.0205999999707273,0.0155999996422906,0.0198999996428028,5.606400000033318,1.6284000002997343,3.1380000000353903,4.655900000216207,5.336700000043493,0.0012999998943996,0.0547999998161685,11.035800000172458,11.090599999988626,"[[0, 0], [0, 0], [0, 0]]",1.7689999999674892
1468,scheduled-after-result gen=1400,66,264,0.2666999998837127,1.223900000240974,11.453000000074098,10.229099999833124,0.0084000002971151,11.218099594116213,"[[0, 0], [0, 0], [0, 0]]",0.0210000002880406,0.0257000001511187,0.0211000001399952,5.43599999991784,1.676800000041112,3.123199999663484,4.692299999987881,5.667200000061712,0.0023000002329354,0.0714000002517423,11.218099999950937,11.28950000020268,"[[0, 0], [0, 0], [0, 0]]",0.1634999998714175
1469,scheduled-after-result gen=1401,66,264,0.2813000000969623,1.2332000001151755,11.388800000077026,10.15559999996185,0.0113000000965257,10.500399589538574,"[[0, 0], [0, 0], [0, 0]]",0.0216000003092631,0.027099999897473,0.0184000000444939,5.0798000002032495,1.5325999997912731,3.055499999845779,4.644199999802368,5.322200000136945,0.0014000002011016,0.0460000001112348,10.500400000182708,10.546400000293945,"[[0, 0], [0, 0], [0, 0]]",0.8423999997830816
1470,scheduled-after-result gen=1402,66,264,0.2687999999579915,1.2543000002551707,13.545100000101227,12.290799999846058,0.0101999999060353,11.101099967956545,"[[0, 0], [0, 0], [0, 0]]",0.0223000001824402,0.0241000002461078,0.0199000000975502,5.628899999919668,1.6774999999142892,3.1756999997014645,4.683199999817589,5.376399999931891,0.0012999998943996,0.0411000000895001,11.101099999905273,11.142199999994771,"[[0, 0], [0, 0], [0, 0]]",2.402900000106456
1471,scheduled-after-result gen=1403,66,264,0.2617000000100233,1.2422999998307205,11.362499999904683,10.120200000073964,0.0095999998848128,10.116600036621094,"[[0, 0], [0, 0], [0, 0]]",0.0207999996746366,0.0227999998969608,0.0186000002031505,4.70050000012634,1.49829999963913,3.020399999968504,4.626699999789707,5.324599999767088,0.001200000042445,0.0403999997615756,10.11659999994663,10.156999999708203,"[[0, 0], [0, 0], [0, 0]]",1.20550000019648
1472,scheduled-after-result gen=1404,66,264,0.2531999998609535,1.2606000000232598,12.99909999988813,11.738499999864873,0.0101999999060353,10.413800239562988,"[[0, 0], [0, 0], [0, 0]]",0.0222999997276929,0.0262000003203866,0.0198000002455955,4.818700000214449,1.6645999999127523,3.2115999997586187,4.720299999917188,5.496700000094279,0.0012999998943996,0.0423999999838997,10.413799999696494,10.456199999680392,"[[0, 0], [0, 0], [0, 0]]",2.542900000207739
1473,scheduled-after-result gen=1405,66,264,0.2715000000534928,2.774200000203564,14.93609999988621,12.161899999682646,0.0110000000859145,10.548299789428713,"[[0, 0], [0, 0], [0, 0]]",0.0213999996958591,0.0249999998231942,0.0202000001081614,4.870600000231207,1.566599999932805,3.19069999977728,4.888699999810342,5.580399999871588,0.0012999998943996,0.0390000000152213,10.548299999754818,10.58729999977004,"[[0, 0], [0, 0], [0, 0]]",4.348800000116169
1474,scheduled-after-result gen=1406,66,264,0.2819000001181848,3.796799999690848,12.900599999738915,9.103800000048068,0.0095000000328582,10.577699661254885,"[[0, 0], [0, 0], [0, 0]]",0.0242000000980624,0.0260000001617299,0.0186000002031505,4.9816999999166,1.7095000002882443,3.346899999996822,4.821300000003248,5.498200000147335,0.0015000000530562,0.0407999996241414,10.577700000339972,10.618499999964117,"[[0, 0], [0, 0], [0, 0]]",2.2820999997747986
1475,scheduled-after-result gen=1407,66,264,0.2816999999595282,2.702899999803776,14.898599999924045,12.195700000120269,0.0108000003820052,11.692700386047363,"[[0, 0], [0, 0], [0, 0]]",0.0224000000343949,0.0202000001081614,0.0211999999919498,4.998900000373396,1.5352999998867745,3.464899999926274,5.894599999919592,6.599499999992986,0.0014000002011016,0.0462000002698914,11.692699999912293,11.738900000182184,"[[0, 0], [0, 0], [0, 0]]",3.1596999997418607
1476,scheduled-after-result gen=1408,66,264,0.2534000000196101,0.0493000002279586,10.368900000230497,10.319600000002538,0.0083999998423678,10.12049961090088,"[[0, 0], [0, 0], [0, 0]]",0.0231000003623194,0.0253000002885528,0.0195999996321916,4.949000000124215,1.5506999998251558,3.00199999992401,4.368199999589706,5.074599999716156,0.001300000349147,0.0396000000364438,10.120500000084576,10.16010000012102,"[[0, 0], [0, 0], [0, 0]]",0.20880000010947697
1477,scheduled-after-result gen=1409,66,264,0.2685999997993349,1.754599999912898,12.407799999891722,10.653199999978824,0.0110000000859145,10.73449993133545,"[[0, 0], [0, 0], [0, 0]]",0.0204999996640253,0.0248000001192849,0.0189000002137618,5.024800000228424,1.6679000000294764,3.5410000000410946,4.931500000111555,5.612500000097498,0.0014000002011016,0.0526000003446824,10.734499999671243,10.787100000015926,"[[0, 0], [0, 0], [0, 0]]",1.6206999998757965
1478,scheduled-after-result gen=1410,66,264,0.3661999999167165,1.2486999999055115,11.71040000008361,10.461700000178098,0.0095000000328582,10.233099937438965,"[[0, 0], [0, 0], [0, 0]]",0.0213000002986518,0.0184999998964485,0.0199000000975502,5.034600000271894,1.6164000003300316,2.995199999986653,4.444300000159274,5.111300000407937,0.0012999998943996,0.0419999996665865,10.233100000277773,10.27509999994436,"[[0, 0], [0, 0], [0, 0]]",1.4353000001392502
1479,scheduled-after-result gen=1411,66,264,0.2677000002222485,1.2597999998433806,11.964599999828351,10.70479999998497,0.0104000000646919,9.951899528503418,"[[0, 0], [0, 0], [0, 0]]",0.0228999997489154,0.0252999998338054,0.0182000003405846,4.723500000181957,1.5770999998494517,2.98339999972086,4.432100000030914,5.130600000029517,0.0015000000530562,0.0381999998353421,9.951900000032763,9.990099999868107,"[[0, 0], [0, 0], [0, 0]]",1.9744999999602442
1480,scheduled-after-result gen=1412,66,264,0.2755999998953484,1.2005000003227906,15.96640000025218,14.765899999929388,0.0414999999520659,10.246000289916992,"[[0, 0], [0, 0], [0, 0]]",0.0215000000025611,0.0276000000667409,0.0188999997590144,4.6661999999741965,1.5422000001308334,3.186299999924813,4.797500000222499,5.481199999849196,0.0009000000318337,0.0466999999844119,10.245999999824562,10.292699999808974,"[[0, 0], [0, 0], [0, 0]]",5.6737000004432065
1481,scheduled-after-result gen=1413,66,264,0.267100000201026,0.0537999999323801,14.405200000055627,14.351400000123247,0.0091000001702923,10.856599807739258,"[[0, 0], [0, 0], [0, 0]]",0.0227999998969608,0.0216999997064704,0.0187000000551051,4.773799999838957,2.4068000002444023,3.855599999951664,5.316100000072765,5.991500000163796,0.0011000001904903,0.0413000002481567,10.856599999897298,10.897900000145455,"[[0, 0], [0, 0], [0, 0]]",3.507299999910172
1482,scheduled-after-result gen=1414,66,264,0.2945999999610649,1.206200000069657,22.019300000010844,20.813099999941187,0.0170999996953469,16.931800842285156,"[[0, 0], [0, 0], [0, 0]]",0.0245000001086737,0.0261000000136846,0.0208000001293839,6.687999999940075,3.0805000001237204,6.012400000145135,8.897200000319572,10.110200000326586,0.0023000002329354,0.0770999999986088,16.931799999838404,17.008899999837013,"[[0, 0], [0, 0], [0, 0]]",5.010400000173831
1483,scheduled-after-result gen=1415,66,264,0.4536000001280627,0.0984000002972607,23.612600000433304,23.514200000136043,0.016800000139483,19.781299591064453,"[[0, 0], [0, 0], [0, 0]]",0.0310000000354193,0.0325000000884756,0.0273999999080842,9.587999999894237,3.0102000000624685,5.934700000125304,8.897900000192749,10.045300000001587,0.0021000000742787,0.0755000000935979,19.78129999997691,19.856800000070507,"[[0, 0], [0, 0], [0, 0]]",3.7558000003627967
1484,scheduled-after-result gen=1416,66,264,0.4761000000144122,1.0044999999081483,22.864600000048085,21.860100000139937,0.0116999999590916,19.962400436401367,"[[0, 0], [0, 0], [0, 0]]",0.0312000001940759,0.0352000001839769,0.0282000000879634,9.459399999741436,2.941800000371586,5.763300000126037,9.072200000446172,10.353200000281504,0.0020999996195314,0.0725999998394399,19.96240000016769,20.03500000000713,"[[0, 0], [0, 0], [0, 0]]",2.829600000040955
1485,scheduled-after-result gen=1417,66,264,0.2770000000964501,5.323899999893911,13.014000000111992,7.690100000218081,0.0113000000965257,11.273699760437012,"[[0, 0], [0, 0], [0, 0]]",0.0215000000025611,0.0259000003097753,0.0209999998332932,5.028000000038446,1.5726000001450302,3.133200000320357,4.718800000318879,6.125800000063464,0.0021999999262334,0.0637999996797589,11.273700000401732,11.33750000008149,"[[0, 0], [0, 0], [0, 0]]",1.6765000000305008
1486,scheduled-after-result gen=1418,66,264,0.2849000002242974,0.7737999999335443,14.575499999864403,13.80169999993086,0.0410999996347527,10.07610034942627,"[[0, 0], [0, 0], [0, 0]]",0.0240999997913604,0.0254999999924621,0.0193000000763277,4.935399999794754,1.511200000095414,2.950900000087131,4.363700000340032,5.040600000029372,0.0014999995983089,0.0426000001425563,10.076099999878352,10.118700000020908,"[[0, 0], [0, 0], [0, 0]]",4.456799999843495
1487,scheduled-after-result gen=1419,66,264,0.4537999998319719,1.0419000000183587,20.028800000091,18.98690000007264,0.0119999999697029,19.74340057373047,"[[0, 0], [0, 0], [0, 0]]",0.0288999999611405,0.1391000000694475,0.0276000000667409,9.615699999812932,3.049599999940256,5.958200000350189,8.76330000028247,9.879100000034668,0.0021999999262334,0.0750000003790773,19.74339999969743,19.818400000076508,"[[0, 0], [0, 0], [0, 0]]",0.21040000001449144
1488,scheduled-after-result gen=1420,66,264,0.2724999999372812,1.3332000003174471,11.426500000197848,10.0932999998804,0.0089999998635903,10.553899765014648,"[[0, 0], [0, 0], [0, 0]]",0.021899999865127,0.0251999999818508,0.0193999999282823,5.079999999907159,1.7219000001205131,3.1994000000850065,4.67449999996461,5.373500000132481,0.0016999997569655,0.0446000003648805,10.55389999964973,10.59850000001461,"[[0, 0], [0, 0], [0, 0]]",0.8280000001832377
1489,scheduled-after-result gen=1421,66,264,0.3071999999519903,0.0614000000496162,21.05810000011843,20.996700000068813,0.01029999975799,20.1427001953125,"[[0, 0], [0, 0], [0, 0]]",0.0325999999404302,0.1587000001563865,0.0307999998767627,9.742199999891454,3.097400000115158,5.876500000340457,8.97030000032828,10.113799999999172,0.0079999999798019,0.068700000156241,20.142699999723845,20.211399999880086,"[[0, 0], [0, 0], [0, 0]]",0.8467000002383429
1490,scheduled-after-result gen=1422,66,264,0.2588000002106128,1.267599999664526,11.887599999681695,10.620000000017171,0.0102000003607827,10.247300148010254,"[[0, 0], [0, 0], [0, 0]]",0.0202999999601161,0.0182000003405846,0.0176999997165694,4.913899999792193,1.528299999790761,3.0744999999114957,4.578299999593583,5.245999999715423,0.001200000042445,0.0522999998793238,10.24730000017371,10.299600000053031,"[[0, 0], [0, 0], [0, 0]]",1.5879999996286642
1491,scheduled-after-result gen=1423,66,264,0.4722999997284205,0.0752999999349413,23.37600000009843,23.300700000163488,0.0164999996741244,19.84259986877441,"[[0, 0], [0, 0], [0, 0]]",0.033600000278966,0.0751999996282393,0.0298999998449289,9.34929999993983,3.048300000045856,6.050699999832432,9.080099999664526,10.299699999904988,0.00240000008489,0.0875000000633008,19.84260000017457,19.93010000023787,"[[0, 0], [0, 0], [0, 0]]",3.4458999998605577
1492,scheduled-after-result gen=1424,66,264,0.4709999998340208,1.0187999996560393,20.48229999991236,19.46350000025632,0.0172000000020489,20.104799270629883,"[[0, 0], [0, 0], [0, 0]]",0.0319999999192077,0.0394000003325345,0.0322000000778643,9.706700000151612,3.06380000029094,6.0843999999633525,9.034900000187918,10.231199999907403,0.0021000000742787,0.0743000000511528,20.104799999899114,20.179099999950267,"[[0, 0], [0, 0], [0, 0]]",0.3031999999620929
1493,scheduled-after-result gen=1425,66,264,0.283699999727105,0.0950999997257895,23.04409999987911,22.94900000015332,0.0108999997792125,20.25779914855957,"[[0, 0], [0, 0], [0, 0]]",0.0221000000237836,0.0291000001197971,0.0451999999313557,9.536600000046748,3.495500000099128,6.637700000283076,9.428700000171377,10.55530000030558,0.0018000000636675,0.0648000000182946,20.257799999853887,20.322599999872185,"[[0, 0], [0, 0], [0, 0]]",2.721500000006923
1494,scheduled-after-result gen=1426,66,264,0.2850999999282066,2.7981999996882223,20.72790000011082,17.9297000004226,0.0144999999065476,18.006399154663086,"[[0, 0], [0, 0], [0, 0]]",0.0301000000035855,0.0390000000152213,0.0203999998120707,7.827299999917159,2.867900000182999,5.914100000154576,8.748100000047998,10.02020000032644,0.0021999999262334,0.0974999998106795,18.006400000103895,18.10389999991457,"[[0, 0], [0, 0], [0, 0]]",2.6240000001962507
1495,scheduled-after-result gen=1427,66,264,0.4269000000931555,1.6052000000854605,20.922300000165706,19.317100000080245,0.0175000000126601,20.65660095214844,"[[0, 0], [0, 0], [0, 0]]",0.0362000000677653,0.0528000000485917,0.0333000002683547,10.177199999816366,3.204399999958696,6.181199999900855,9.055699999862554,10.295999999925698,0.0021000000742787,0.0755999999455525,20.65660000016578,20.73220000011133,"[[0, 0], [0, 0], [0, 0]]",0.19010000005437533
1496,scheduled-after-result gen=1428,66,264,0.4632000000128755,3.605400000196824,20.85690000012619,17.251499999929365,0.0090999997155449,20.250200271606445,"[[0, 0], [0, 0], [0, 0]]",0.0297999999929743,0.0339000002895772,0.0297000001410197,10.102700000061304,3.052699999898323,5.813899999793648,8.623899999747664,9.994499999720574,0.0021999999262334,0.0639999998384155,20.2502000001914,20.31420000002981,"[[0, 0], [0, 0], [0, 0]]",0.542700000096378
1497,scheduled-after-result gen=1429,66,264,0.2570999999988999,1.2022999999317108,12.3674999999821,11.16520000005039,0.0098999998954241,10.260199546813965,"[[0, 0], [0, 0], [0, 0]]",0.0212999998439045,0.0239999999394058,0.0199000000975502,4.83650000023772,1.5716000002612418,3.1509999998888816,4.635499999949388,5.329099999926257,0.0014000002011016,0.0462999996670987,10.260200000175246,10.306499999842345,"[[0, 0], [0, 0], [0, 0]]",2.061000000139755
1498,scheduled-after-result gen=1430,66,264,0.4800000001523585,0.0860999998621991,20.377599999847007,20.291499999984808,0.0163999998221697,19.422399520874023,"[[0, 0], [0, 0], [0, 0]]",0.0306000001728534,0.1096000000870844,0.03080000033151,9.27110000020548,3.040100000362145,5.964400000266323,8.737099999962084,9.918600000219158,0.0019999997675768,0.078999999914231,19.422400000166817,19.50140000008105,"[[0, 0], [0, 0], [0, 0]]",0.8761999997659586
1499,scheduled-after-result gen=1431,66,264,0.4693000000770553,0.0939999999900464,21.943900000223948,21.8499000002339,0.0174000001607055,18.920900344848636,"[[0, 0], [0, 0], [0, 0]]",0.0313000000460306,0.0291999999717518,0.0273999999080842,9.317799999735144,2.8330000000096334,5.52560000005542,8.284000000003289,9.459200000037526,0.0021999999262334,0.0795999999354535,18.920900000011898,19.00049999994735,"[[0, 0], [0, 0], [0, 0]]",2.943400000276597
1500,scheduled-after-result gen=1432,66,264,0.2787999997053703,1.292500000090513,20.547499999793217,19.254999999702704,0.0134000001708045,17.717500686645508,"[[0, 0], [0, 0], [0, 0]]",0.023099999907572,0.0245999999606283,0.0202000001081614,7.915700000012293,2.8265999999348423,5.618700000013632,8.490100000017264,9.676199999830716,0.0023000002329354,0.0667999997858714,17.717499999889696,17.784299999675568,"[[0, 0], [0, 0], [0, 0]]",2.7632000001176493
1501,scheduled-after-result gen=1433,66,264,0.4589999998643179,0.0724999999874853,19.36580000028698,19.293300000299496,0.0092000000222469,18.83550071716309,"[[0, 0], [0, 0], [0, 0]]",0.0325000000884756,0.0402000000576663,0.0316000000566418,9.266500000194355,2.807899999879737,5.543400000078691,8.21170000017446,9.40360000004148,0.0024999999368446,0.0707999997757724,18.83550000002288,18.906299999798648,"[[0, 0], [0, 0], [0, 0]]",0.45950000048833317
1502,scheduled-after-result gen=1434,66,264,0.2739000001383829,0.7783999999446678,14.380199999777687,13.60179999983302,0.0115999996523896,9.783100128173828,"[[0, 0], [0, 0], [0, 0]]",0.023200000214274,0.0267000000349071,0.0208999999813386,4.584100000101898,1.4533999997183855,2.9821999996784143,4.40649999973175,5.09669999973994,0.0011999995876976,0.0411000000895001,9.783100000277043,9.824200000366544,"[[0, 0], [0, 0], [0, 0]]",4.555999999411144
1503,scheduled-after-result gen=1435,66,264,0.3010999998878105,0.0797000002421555,17.969500000162952,17.889799999920797,0.0107999999272578,17.24720001220703,"[[0, 0], [0, 0], [0, 0]]",0.0219999997170816,0.0297000001410197,0.019099999917671,8.268000000043685,2.145100000234379,5.007000000205153,7.7197000000523985,8.856899999955203,0.0024999999368446,0.0734999998712737,17.247199999928853,17.320699999800127,"[[0, 0], [0, 0], [0, 0]]",0.6488000003628258
1504,scheduled-after-result gen=1436,66,264,0.2744000003076507,2.1670999999514606,17.01630000025034,14.84920000029888,0.0156000000970379,15.070599555969238,"[[0, 0], [0, 0], [0, 0]]",0.0228000003517081,0.0335999998242186,0.0292999998237064,7.599200000186101,1.506000000063068,3.5844999997607374,6.59670000004553,7.350599999881524,0.0013999997463542,0.0479999998788116,15.07060000039928,15.118600000278091,"[[0, 0], [0, 0], [0, 0]]",1.8976999999722484
1505,scheduled-after-result gen=1437,66,264,0.2793000003293855,1.218599999901926,13.993999999911466,12.77540000000954,0.01029999975799,11.496000289916992,"[[0, 0], [0, 0], [0, 0]]",0.0227000000450061,0.0457999999525782,0.0191000003724184,5.891100000098959,1.6477000003760622,3.166100000271399,4.729600000246137,5.48849999995582,0.001300000349147,0.045100000079401,11.49600000007922,11.541100000158622,"[[0, 0], [0, 0], [0, 0]]",2.4528999997528445
1506,scheduled-after-result gen=1438,66,264,0.2776000001176726,0.0552000001334818,22.13080000001355,22.07559999988007,0.0121000002764048,18.83139991760254,"[[0, 0], [0, 0], [0, 0]]",0.0227999998969608,0.0838999999359657,0.029499999982363,8.845800000017334,2.9004000002714747,5.699899999854097,8.565600000110862,9.814399999868328,0.0021999999262334,0.0734000000193191,18.831399999726276,18.904799999745592,"[[0, 0], [0, 0], [0, 0]]",3.226000000267959
1507,scheduled-after-result gen=1439,66,264,0.2764999999271822,0.055500000144093,23.55390000002444,23.49839999988035,0.0142000003506836,19.356199264526367,"[[0, 0], [0, 0], [0, 0]]",0.029499999982363,0.0909000000319792,0.0285000000985746,9.158500000012282,2.990599999975529,5.881200000203535,8.771299999807525,9.984499999973195,0.0021000000742787,0.0871000002007349,19.35619999994742,19.44330000014816,"[[0, 0], [0, 0], [0, 0]]",4.110599999876282
1508,scheduled-after-result gen=1440,66,264,0.2665000001798034,1.2231000000610948,17.53340000004755,16.310299999986455,0.0096999997367674,15.17930030822754,"[[0, 0], [0, 0], [0, 0]]",0.0298999998449289,0.0288999999611405,0.0203999998120707,8.177899999736837,2.9649999996763654,4.694499999914115,6.192499999997381,6.887499999720603,0.0012999998943996,0.0408000000788888,15.179299999999785,15.220100000078672,"[[0, 0], [0, 0], [0, 0]]",2.313299999968878
1509,scheduled-after-result gen=1441,66,264,0.2821000002768414,4.24990000010439,13.381100000060542,9.131199999956152,0.0170999996953469,9.971400260925291,"[[0, 0], [0, 0], [0, 0]]",0.0524000001860258,0.0388999997085193,0.020699999822682,4.595299999891722,1.473599999826547,2.8859999997621344,4.509299999881478,5.232299999988754,0.0012999998943996,0.0401999996029189,9.97140000026775,10.011599999870668,"[[0, 0], [0, 0], [0, 0]]",3.3695000001898734
1510,scheduled-after-result gen=1442,66,264,0.2736999999797262,1.240499999767053,14.790300000186107,13.549800000419054,0.0101000000540807,10.279600143432615,"[[0, 0], [0, 0], [0, 0]]",0.021899999865127,0.0279999999293067,0.0199999999495048,4.993600000034348,1.51640000012776,3.0174000003171386,4.508299999997689,5.185200000141776,0.0011000001904903,0.0519000000167579,10.279600000103528,10.331500000120286,"[[0, 0], [0, 0], [0, 0]]",4.458800000065821
1511,scheduled-after-result gen=1443,66,264,0.4941000001963402,4.114099999696919,21.32369999981165,17.209600000114733,0.0134000001708045,20.55590057373047,"[[0, 0], [0, 0], [0, 0]]",0.0327999996443395,0.0351000003320223,0.0309000001834647,10.115299999597482,3.1328000000030443,6.091900000228634,9.067400000276391,10.286100000030274,0.0021000000742787,0.0769000002946995,20.555899999635585,20.632799999930285,"[[0, 0], [0, 0], [0, 0]]",0.690899999881367
1512,scheduled-after-result gen=1444,66,264,0.2843999996002821,1.203799999984767,16.46649999975125,15.262699999766484,0.0100000002021261,15.983799934387209,"[[0, 0], [0, 0], [0, 0]]",0.023200000214274,0.0251999999818508,0.0202999999601161,5.631200000152603,3.1161000001702632,6.218800000169722,9.08369999979186,10.230500000034226,0.0020000002223241,0.068700000156241,15.983799999958135,16.052500000114378,"[[0, 0], [0, 0], [0, 0]]",0.4139999996368715
1513,scheduled-after-result gen=1445,66,264,0.4968999996890488,0.0844000001052336,21.460599999954862,21.376199999849632,0.0156000000970379,20.575199127197266,"[[0, 0], [0, 0], [0, 0]]",0.033600000278966,0.0356999998984974,0.0319999999192077,9.91459999977451,3.1025999996927567,6.251700000120763,9.232599999904778,10.491300000012416,0.0025999997887993,0.0870999997459875,20.57520000016666,20.662299999912648,"[[0, 0], [0, 0], [0, 0]]",0.7983000000422145
1514,scheduled-after-result gen=1446,66,264,0.279800000043906,1.2059999999110005,26.54239999992569,25.33640000001469,0.0103000002127373,20.7406005859375,"[[0, 0], [0, 0], [0, 0]]",0.0233999999181833,0.1001000000542262,0.0279000000773521,9.261500000320666,3.547699999671749,6.782599999951344,9.902799999963465,11.27249999990454,0.0023000002329354,0.0710000003891764,20.7405999999537,20.81160000034288,"[[0, 0], [0, 0], [0, 0]]",5.730799999582807
1515,scheduled-after-result gen=1447,66,264,0.2661999997144448,0.0491999999212566,12.90149999977075,12.852299999849492,0.0096000003395602,10.293999671936035,"[[0, 0], [0, 0], [0, 0]]",0.0224999998863495,0.02299999960087,0.0182999997377919,5.0668999997469655,1.5239999997902487,2.987200000006851,4.459599999790953,5.1357000002099085,0.001200000042445,0.0431000003118242,10.293999999703374,10.337100000015198,"[[0, 0], [0, 0], [0, 0]]",2.564399999755551
1516,scheduled-after-result gen=1448,66,264,0.3879999999298889,4.163399999924877,23.14269999988028,18.9792999999554,0.0129999998534913,18.96470069885254,"[[0, 0], [0, 0], [0, 0]]",0.026999999590771,0.025600000299164,0.0211000001399952,8.909599999697093,3.090899999733665,5.928799999765033,8.76590000007127,9.919199999785633,0.002500000391592,0.0798999999460647,18.96469999974215,19.044599999688216,"[[0, 0], [0, 0], [0, 0]]",4.098100000192062
1517,scheduled-after-result gen=1449,66,264,0.4555999998956395,5.63430000011067,20.86719999988418,15.232899999773508,0.0148000003719062,19.83580017089844,"[[0, 0], [0, 0], [0, 0]]",0.0323999997817736,0.0346000001627544,0.0286999998024839,9.695400000055088,3.0900000001565786,5.935000000135915,8.7997999999061,9.985000000142463,0.0020000002223241,0.0700000000506406,19.835799999782463,19.905799999833107,"[[0, 0], [0, 0], [0, 0]]",0.9614000000510714
1518,scheduled-after-result gen=1450,66,264,0.3397000000404659,0.7570000002488086,21.06850000018312,20.311499999934316,0.0108999997792125,19.528400421142575,"[[0, 0], [0, 0], [0, 0]]",0.0297999999929743,0.0302999997074948,0.0278000002253975,9.655500000008033,2.8730999997605977,5.669099999977334,8.530399999926885,9.730199999921751,0.0020000002223241,0.0703000000612519,19.528400000126567,19.59870000018782,"[[0, 0], [0, 0], [0, 0]]",1.4697999999953026
1519,scheduled-after-result gen=1451,66,264,0.4861000002165383,0.0906999998733226,24.97420000008788,24.883500000214557,0.0116999999590916,19.833799362182617,"[[0, 0], [0, 0], [0, 0]]",0.0337000001309206,0.1046000002133951,0.0311999997393286,9.598799999821496,3.0729000000064843,6.022300000040559,8.885300000201823,10.004599999774657,0.0021000000742787,0.0727999999980966,19.83380000001489,19.906600000012983,"[[0, 0], [0, 0], [0, 0]]",5.067600000074897
1520,scheduled-after-result gen=1452,66,264,0.5795000001853623,0.0786000000516651,14.710100000229431,14.631500000177766,0.0162999999702151,13.48490047454834,"[[0, 0], [0, 0], [0, 0]]",0.0264999998762505,0.0246999998125829,0.0282000000879634,7.829700000002049,1.6471000003548395,3.2479999999850406,4.801700000371056,5.543200000374782,0.001200000042445,0.0506999999743129,13.48489999963931,13.535599999613623,"[[0, 0], [0, 0], [0, 0]]",1.174500000615808
1521,scheduled-after-result gen=1453,66,264,0.4748000001200125,0.078999999914231,20.501099999819417,20.422099999905186,0.0149000002238608,20.00200080871582,"[[0, 0], [0, 0], [0, 0]]",0.0319999999192077,0.1328999996985658,0.0304999998661514,9.404299999914656,3.0855999998493644,6.073499999729393,9.064500000022235,10.338699999920207,0.0024999999368446,0.089299999672221,20.00200000020413,20.091299999876355,"[[0, 0], [0, 0], [0, 0]]",0.40979999994306127
1522,scheduled-after-result gen=1454,66,264,0.4949999997734267,1.0153000002901535,26.98810000038065,25.9728000000905,0.0187999999070598,20.21940040588379,"[[0, 0], [0, 0], [0, 0]]",0.0276999999186955,0.0327999996443395,0.0316000000566418,9.814300000016374,3.134200000204146,6.103100000018458,9.027500000229338,10.250599999835686,0.00240000008489,0.0801000001047214,20.21939999985989,20.29949999996461,"[[0, 0], [0, 0], [0, 0]]",6.6886000004160415
1523,scheduled-after-result gen=1455,66,264,0.4648000003726338,1.042100000177015,21.34059999980309,20.298499999626078,0.0141000000439817,19.097999572753903,"[[0, 0], [0, 0], [0, 0]]",0.0307000000248081,0.1127999998971063,0.0297999999929743,9.334100000160106,2.8786999996555096,5.682099999830825,8.413300000029267,9.531799999876966,0.0019999997675768,0.0669000000925734,19.098000000212775,19.16490000030535,"[[0, 0], [0, 0], [0, 0]]",2.1756999994977377
1524,scheduled-after-result gen=1456,66,264,0.4619999999704305,0.5802999999104941,21.08989999987898,20.509599999968486,0.0101999999060353,19.801300048828125,"[[0, 0], [0, 0], [0, 0]]",0.0276000000667409,0.134600000365026,0.0310999998873739,9.627800000089335,3.0867999998918094,5.953299999873707,8.707099999810453,9.91939999994429,0.0021999999262334,0.0765999998293409,19.80129999992641,19.877899999755755,"[[0, 0], [0, 0], [0, 0]]",1.2120000001232256
1525,scheduled-after-result gen=1457,66,264,0.27460000001156,2.804100000048493,18.004500000188273,15.20040000013978,0.0127999996948346,11.07069969177246,"[[0, 0], [0, 0], [0, 1]]",0.0224000000343949,0.0331999999616527,0.0295999998343177,5.607799999779672,1.5352000000348198,2.9558999999608204,4.57940000023882,5.297600000176317,0.0043000000005122,0.0691999998707615,11.070699999891076,11.139899999761838,"[[0, 0], [0, 0], [0, 1]]",6.864600000426435
1526,scheduled-after-result gen=1458,66,264,0.5130999998073094,0.0875000000633008,20.77920000010636,20.691700000043056,0.0135000000227591,20.475500106811523,"[[0, 0], [0, 0], [0, 1]]",0.0263000001723412,0.0575999997636245,0.0309000001834647,10.075600000163831,3.132599999844388,6.06259999995018,9.034499999870604,10.226099999727012,0.0021999999262334,0.0740000000405416,20.475499999975,20.54950000001554,"[[0, 0], [0, 0], [0, 1]]",0.22970000009081915
1527,scheduled-after-result gen=1459,66,264,0.5002999996577273,0.0798999999460647,20.85510000006252,20.775200000116456,0.0094000001809035,19.944299697875977,"[[0, 0], [0, 0], [0, 0]]",0.0328999999510415,0.0783000000410538,0.0310000000354193,9.274700000332814,3.1683000001976325,6.194300000061048,9.294400000271708,10.469400000147289,0.0018999999156221,0.0668000002406188,19.94429999967906,20.01109999991968,"[[0, 0], [0, 0], [0, 0]]",0.8440000001428416
1528,scheduled-after-result gen=1460,66,264,0.4668000001402106,0.1445999996576574,21.45299999983763,21.30840000017997,0.0147000000652042,18.932600021362305,"[[0, 0], [0, 0], [0, 1]]",0.0310000000354193,0.0494000000799133,0.0307000000248081,9.090199999718608,2.8888000001643377,5.655200000092009,8.473300000332529,9.671000000253116,0.0022000003809807,0.074899999617628,18.932600000425737,19.007500000043365,"[[0, 0], [0, 0], [0, 1]]",2.445499999794265
1529,scheduled-after-result gen=1461,66,264,0.2580000000307336,4.265300000042771,14.512299999751122,10.24699999970835,0.01029999975799,9.273599624633787,"[[0, 0], [0, 0], [0, 1]]",0.0202000001081614,0.0178000000232714,0.0189000002137618,4.486000000269996,1.4280000000326254,2.769599999737693,4.067999999733729,4.702100000031351,0.0012999998943996,0.0417999999626772,9.273600000142324,9.315400000105,"[[0, 0], [0, 0], [0, 1]]",5.196899999646121
1530,scheduled-after-result gen=1462,66,264,0.45849999969505,0.9967999999389576,17.238999999790394,16.242199999851437,0.0109000002339598,16.60059928894043,"[[0, 0], [0, 0], [0, 0]]",0.02840000024662,0.1247000000148546,0.0269000001935637,9.124500000325495,1.9421000001784705,3.463800000190531,6.092099999932543,7.240899999942485,0.0021999999262334,0.0767000001360429,16.600599999947008,16.67730000008305,"[[0, 0], [0, 0], [0, 0]]",0.5616999997073435
1531,scheduled-after-result gen=1463,66,264,0.4861000002165383,2.0487000001594424,22.652600000128587,20.603899999969144,0.0157999998009472,18.84819984436035,"[[0, 0], [0, 0], [0, 0]]",0.0338000004376226,0.0462000002698914,0.032400000236521,9.26439999966533,2.894600000217906,5.578200000400102,8.25120000035895,9.409600000253704,0.0019999997675768,0.0718000001143082,18.848200000320503,18.92000000043481,"[[0, 0], [0, 0], [0, 0]]",3.7325999996937753
1532,scheduled-after-result gen=1464,66,264,0.2555000000938889,2.81330000007074,11.891199999809032,9.077899999738293,0.0090999997155449,11.512499809265137,"[[0, 0], [0, 0], [0, 0]]",0.0224999998863495,0.0583999999435036,0.0276999999186955,6.592799999907584,1.4525999999932535,2.7920999996240425,4.123400000025868,4.77920000002996,0.0011000001904903,0.0491999999212566,11.512500000208092,11.561700000129347,"[[0, 0], [0, 0], [0, 0]]",0.329499999679685
1533,scheduled-after-result gen=1465,66,264,0.278600000001461,1.2240000000929283,12.837499999932334,11.613499999839403,0.0097000001915148,9.3125,"[[0, 0], [0, 0], [0, 0]]",0.0222999997276929,0.0227999998969608,0.0191999997696257,4.493899999943096,1.4267000001382255,2.737700000125187,4.054300000007061,4.726699999991979,0.0014000002011016,0.0393000000258325,9.312499999850845,9.351799999876675,"[[0, 0], [0, 0], [0, 0]]",3.485700000055658
1534,scheduled-after-result gen=1466,66,264,0.2864999996745609,0.0824999997348641,11.392999999770836,11.310500000035972,0.0106000002233486,9.61680030822754,"[[0, 0], [0, 0], [0, 0]]",0.0225000003410968,0.0238000002354965,0.0196000000869389,4.428600000210281,1.5708999999333173,2.9773999999633816,4.406699999890407,5.091100000299775,0.0014000002011016,0.0406000003749795,9.616800000003424,9.657400000378402,"[[0, 0], [0, 0], [0, 0]]",1.7355999993924343
1535,scheduled-after-result gen=1467,66,264,0.2919999997175182,1.1872999998558953,20.749400000113383,19.562100000257487,0.016699999832781,17.033899307250977,"[[0, 0], [0, 0], [0, 0]]",0.0234999997701379,0.0332999998136074,0.0297999999929743,7.209699999748409,3.0051000003368245,5.670700000337092,8.5454000000027,9.684699999979784,0.0019999997675768,0.0670999997964827,17.033900000114954,17.100999999911437,"[[0, 0], [0, 0], [0, 0]]",3.6484000002019457
1536,scheduled-after-result gen=1468,66,264,0.462599999991653,0.0740000000405416,18.75350000000253,18.67949999996199,0.0171000001500942,16.6156005859375,"[[0, 0], [0, 0], [0, 0]]",0.0276999999186955,0.0310999998873739,0.0203999998120707,6.745899999714311,2.880800000184536,5.54660000034346,8.512200000041048,9.727900000143563,0.0021999999262334,0.0782000001890992,16.615600000022823,16.693800000211922,"[[0, 0], [0, 0], [0, 0]]",2.059699999790606
1537,scheduled-after-result gen=1469,66,264,0.2790000003187742,1.8019999997704872,21.05429999983244,19.25230000006195,0.0099999997473787,18.47450065612793,"[[0, 0], [0, 0], [0, 0]]",0.0309000001834647,0.149000000419619,0.0307000000248081,8.725200000299083,3.1926000001476496,5.824000000302476,8.385900000121183,9.482200000093144,0.0021999999262334,0.0598000001446052,18.474500000138505,18.53430000028311,"[[0, 0], [0, 0], [0, 0]]",2.5199999995493307
1538,scheduled-after-result gen=1470,66,264,0.2789999998640269,1.2996999998904355,10.388100000000122,9.088400000109688,0.0087999997049337,10.229999542236328,"[[0, 0], [0, 0], [0, 0]]",0.0215000000025611,0.0235000002248852,0.0186999996003578,4.672900000059599,1.5637999999853491,3.1860999997661565,4.735200000141049,5.463099999815313,0.0014000002011016,0.0653000001875625,10.229999999864958,10.29530000005252,"[[0, 0], [0, 0], [0, 0]]",0.09279999994760146
1539,scheduled-after-result gen=1471,66,264,0.2687999999579915,1.244099999894388,11.81689999975788,10.572799999863491,0.0092000000222469,9.349900245666504,"[[0, 0], [0, 0], [0, 0]]",0.0211999999919498,0.0156000000970379,0.0201000002562068,4.26259999994727,1.3396999997894454,2.6515999998082407,4.137799999625713,4.998899999918649,0.0011999995876976,0.0418999998146318,9.349899999961051,9.391799999775683,"[[0, 0], [0, 0], [0, 0]]",2.425099999982196
1540,scheduled-after-result gen=1472,66,264,0.4692000002251006,4.076899999745365,11.148600000069564,7.071700000324199,0.0098000000434694,10.205499649047852,"[[0, 0], [0, 0], [0, 0]]",0.0236999999287945,0.0221000000237836,0.0199000000975502,4.422400000294147,1.4510999999401974,3.2372000000577827,5.006500000035885,5.684199999905104,0.0012999998943996,0.0469000001430686,10.205499999756285,10.252399999899351,"[[0, 0], [0, 0], [0, 0]]",0.8962000001702126
1541,scheduled-after-result gen=1473,66,264,0.2816999999595282,1.2301000001571083,17.112200000156008,15.8820999999989,0.0098999998954241,16.623899459838867,"[[0, 0], [0, 0], [0, 0]]",0.023200000214274,0.0280999997812614,0.0288000001091859,7.127399999717454,2.1967000002405257,4.972000000179833,8.068600000115111,9.361700000226849,0.0021000000742787,0.0810000001365551,16.623900000013236,16.70490000014979,"[[0, 0], [0, 0], [0, 0]]",0.4073000000062166
1542,scheduled-after-result gen=1474,66,264,0.288899999759451,1.2123999999857915,19.018399999822577,17.805999999836786,0.0147999999171588,18.230199813842773,"[[0, 0], [0, 0], [0, 0]]",0.0205999999707273,0.025899999855028,0.029499999982363,8.80460000007588,2.7229000002080284,5.463899999995192,8.17319999987376,9.294200000113053,0.0018999999156221,0.0648999998702493,18.23019999983444,18.29509999970469,"[[0, 0], [0, 0], [0, 0]]",0.723300000117888
1543,scheduled-after-result gen=1475,66,264,0.2837000001818524,1.2247999998180603,18.28740000019025,17.062600000372186,0.0134000001708045,15.502900123596191,"[[0, 0], [0, 0], [0, 0]]",0.0225000003410968,0.0313999998979852,0.0221000000237836,6.724500000018452,2.862199999981385,4.956600000241451,7.481799999823124,8.643099999972037,0.0021000000742787,0.0810999999885098,15.502900000228692,15.584000000217202,"[[0, 0], [0, 0], [0, 0]]",2.7033999999730476
1544,scheduled-after-result gen=1476,66,264,0.2798999998958607,1.2410999997882757,11.444199999914415,10.203100000126142,0.0081000002865039,9.725199699401855,"[[0, 0], [0, 0], [0, 0]]",0.0221999998757382,0.0254999999924621,0.0202999999601161,4.638300000351592,1.4750000000276486,2.845600000000559,4.310799999984738,4.986999999800901,0.0016999997569655,0.0448000000687898,9.725200000048062,9.770000000116852,"[[0, 0], [0, 0], [0, 0]]",1.6741999997975636
1545,scheduled-after-result gen=1477,66,264,0.2626999998938117,0.0539000002390821,18.490400000246154,18.436500000007072,0.0113999999484804,18.164899826049805,"[[0, 0], [0, 0], [0, 0]]",0.0312000001940759,0.2051999999821419,0.0288999999611405,8.647600000131206,2.807299999858514,5.472599999848171,8.092600000054517,9.18920000003709,0.0021000000742787,0.0734000000193191,18.164900000101625,18.238300000120944,"[[0, 0], [0, 0], [0, 0]]",0.2521000001252105
1546,scheduled-after-result gen=1478,66,264,0.4528999998001382,0.9806999996726518,18.29829999996946,17.317600000296807,0.0271000003522203,15.160099983215332,"[[0, 0], [0, 0], [0, 0]]",0.0306000001728534,0.039900000047055,0.0300000001516309,8.82259999980306,2.6753000001917826,4.070999999839842,5.473100000017439,6.182999999964522,0.0015000000530562,0.042699999994511,15.16010000023016,15.20280000022467,"[[0, 0], [0, 0], [0, 0]]",3.0954999997447885
1547,scheduled-after-result gen=1479,66,264,0.2789000000120722,0.0491999999212566,19.194599999991624,19.145400000070367,0.0106000002233486,17.72260093688965,"[[0, 0], [0, 0], [0, 0]]",0.0236000000768399,0.0359000000571541,0.0194000003830296,7.900699999936478,2.8240999999979977,5.67780000028506,8.475500000258762,9.684999999990396,0.0025999997887993,0.0831000002108339,17.722600000070088,17.805700000280922,"[[0, 0], [0, 0], [0, 0]]",1.388899999710702
1548,scheduled-after-result gen=1480,66,264,0.2712000000428816,1.2609999998858257,16.491700000187848,15.230700000302022,0.0387999998565646,9.654500007629396,"[[0, 0], [0, 0], [0, 0]]",0.0297999999929743,0.0295999998343177,0.020400000266818,4.659600000195496,1.3877000001230044,2.762900000107038,4.212800000004791,4.885200000444456,0.0011000001904903,0.0587999998060695,9.654500000124244,9.713299999930314,"[[0, 0], [0, 0], [0, 0]]",6.778400000257534
1549,scheduled-after-result gen=1481,66,264,0.2658000003066263,1.7256000000998029,20.58209999995597,18.85649999985617,0.0162999999702151,17.40399932861328,"[[0, 0], [0, 0], [0, 0]]",0.0227999998969608,0.0242000000980624,0.019200000224373,7.330699999783974,3.182099999776256,6.056299999727344,8.769899999606423,9.950799999842276,0.0024999999368446,0.0770999999986088,17.404000000169617,17.481100000168226,"[[0, 0], [0, 0], [0, 0]]",3.1009999997877458
1550,scheduled-after-result gen=1482,66,264,0.2749999998741259,1.228999999966618,12.921900000037567,11.69290000007095,0.0086000000010244,10.42080020904541,"[[0, 0], [0, 0], [0, 0]]",0.0307000000248081,0.0329000004057888,0.0297000001410197,5.397800000082498,1.4332000000649714,2.828700000009121,4.203400000278634,4.899100000329781,0.001200000042445,0.0458999998045328,10.420800000247256,10.466700000051787,"[[0, 0], [0, 0], [0, 0]]",2.45519999998578
1551,scheduled-after-result gen=1483,66,264,0.4103000001123291,0.1632000003155553,11.333599999943544,11.170399999627987,0.008800000159681,10.968999862670898,"[[0, 0], [0, 0], [0, 0]]",0.0247000002673303,0.0215999998545157,0.0205000001187727,5.934499999966647,1.4130000004115573,2.843900000243593,4.25230000018928,4.939300000387448,0.001200000042445,0.0475000001642911,10.96899999993184,11.01650000009613,"[[0, 0], [0, 0], [0, 0]]",0.31709999984741444
1552,scheduled-after-result gen=1484,66,264,0.478099999781989,1.0744000001068343,21.953299999950104,20.87889999984327,0.0117999998110462,18.346399307250977,"[[0, 0], [0, 0], [0, 0]]",0.0330000002577435,0.0413000002481567,0.0335999998242186,8.829700000205776,2.723800000239862,5.354500000066764,8.13800000014453,9.347000000161644,0.0021999999262334,0.0857999998515879,18.34640000015497,18.43220000000656,"[[0, 0], [0, 0], [0, 0]]",3.5210999999435444
1553,scheduled-after-result gen=1485,66,264,0.2860999998119951,0.0544999998055573,20.49399999987145,20.43950000006589,0.0113999999484804,18.152299880981445,"[[0, 0], [0, 0], [0, 0]]",0.032299999929819,0.1142999999501626,0.0288999999611405,8.621499999662774,2.846000000317872,5.475600000409031,8.11680000015258,9.299499999997352,0.0019999997675768,0.0628000002507178,18.1523000001107,18.215100000361417,"[[0, 0], [0, 0], [0, 0]]",2.278899999510031
1554,scheduled-after-result gen=1486,66,264,0.2822999999807507,1.3051000000814383,11.854400000174792,10.549300000093352,0.0089000000116357,10.324299812316896,"[[0, 0], [0, 0], [0, 0]]",0.0307999998767627,0.0291000001197971,0.0211000001399952,4.847400000016933,1.531799999611394,2.8987999999117164,4.650599999877159,5.365799999708543,0.0011000001904903,0.0476000000162457,10.324299999865616,10.371899999881862,"[[0, 0], [0, 0], [0, 0]]",1.48250000029293
1555,scheduled-after-result gen=1487,66,264,0.3205000002708402,1.1363999997229255,11.496299999635085,10.35989999991216,0.0100000002021261,9.596599578857422,"[[0, 0], [0, 0], [0, 0]]",0.0208000001293839,0.0247000002673303,0.0195999996321916,4.547000000002299,1.4019999998708954,2.924500000062835,4.27159999981086,4.953699999987293,0.0013999997463542,0.0476999998682003,9.59659999989526,9.644299999763462,"[[0, 0], [0, 0], [0, 0]]",1.851999999871623
1556,scheduled-after-result gen=1488,66,264,0.3248000002713525,0.0438000001850014,11.375100000350358,11.331300000165356,0.0095000000328582,10.138099670410156,"[[0, 0], [0, 0], [0, 0]]",0.0230000000556174,0.0557000003027496,0.0193999999282823,4.332800000156567,1.462100000026112,2.8179000000818637,4.632399999991321,5.675899999914691,0.0016000003597582,0.0405999999202322,10.13809999994919,10.178699999869425,"[[0, 0], [0, 0], [0, 0]]",1.1964000004809332
1557,scheduled-after-result gen=1489,66,264,0.5055999999967753,4.11679999979242,20.319199999903503,16.202400000111084,0.0122999999803141,17.77519989013672,"[[0, 0], [0, 0], [0, 0]]",0.0330000002577435,0.0392000001738779,0.0319999999192077,8.514300000115327,2.7229000002080284,5.358800000067276,8.014600000024075,9.100199999920733,0.0018999999156221,0.0835999999253545,17.77520000041477,17.858800000340125,"[[0, 0], [0, 0], [0, 0]]",2.4603999995633785
1558,scheduled-after-result gen=1490,66,264,0.2841999998963729,1.2474000000111118,18.514200000026904,17.26680000001579,0.0119000001177482,18.255699157714844,"[[0, 0], [0, 0], [0, 0]]",0.023200000214274,0.1860000002125161,0.0319000000672531,8.555499999602034,2.716200000122626,5.423099999916303,8.22070000003805,9.400599999935366,0.0021000000742787,0.0743999999031075,18.25570000028165,18.33010000018476,"[[0, 0], [0, 0], [0, 0]]",0.1840999998421431
1559,scheduled-after-result gen=1491,66,264,0.2736999999797262,0.0523000003340712,16.51769999989483,16.46539999956076,0.0113000000965257,15.248299598693848,"[[0, 0], [0, 0], [0, 0]]",0.0231000003623194,0.051799999710056,0.0359000000571541,6.689699999697041,2.0269999999982247,4.838800000015908,7.431600000018079,8.407899999838264,0.0015000000530562,0.0424999998358543,15.248300000166635,15.290800000002491,"[[0, 0], [0, 0], [0, 0]]",1.226899999892339
1560,scheduled-after-result gen=1492,66,264,0.4675999998653424,0.4955999997946492,13.234900000043126,12.739300000248477,0.01269999984288,10.600099563598633,"[[0, 0], [0, 0], [0, 0]]",0.0237000003835419,0.1173999999082298,0.0284999996438273,4.964200000358687,1.4830000000074506,2.8483999999480147,4.703999999946973,5.432800000107818,0.0015999999050109,0.0431999997090315,10.600100000374368,10.6433000000834,"[[0, 0], [0, 0], [0, 0]]",2.591599999959726
1561,scheduled-after-result gen=1493,66,264,0.2755999998953484,0.049100000069302,13.360599999941767,13.311499999872469,0.0132999998641025,11.586999893188477,"[[0, 0], [0, 0], [0, 0]]",0.0227000000450061,0.1053000000865722,0.0285000000985746,6.536600000345061,1.4845000000605069,2.8322000002845016,4.174200000306882,4.861300000357005,0.001200000042445,0.0470999998469778,11.586999999963156,11.634099999810132,"[[0, 0], [0, 0], [0, 0]]",1.7265000001316348
1562,scheduled-after-result gen=1494,66,264,0.2701000003071385,1.0561999997662497,10.211599999820464,9.155400000054216,0.0087000003077264,9.894200325012209,"[[0, 0], [0, 0], [0, 0]]",0.0221000000237836,0.0231000003623194,0.0194999997802369,4.877200000009907,1.3937999997324368,2.731699999912962,4.24380000004021,4.922699999951874,0.001200000042445,0.0411999999414547,9.89419999996244,9.935399999903892,"[[0, 0], [0, 0], [0, 0]]",0.27619999991657274
1563,scheduled-after-result gen=1495,66,264,0.2638000000843021,4.321400000208087,12.005699999917852,7.684299999709765,0.0099000003501714,10.420900344848633,"[[0, 0], [0, 0], [0, 0]]",0.0227000000450061,0.0264999998762505,0.0199999999495048,5.036900000050082,1.5149000000747035,2.960499999971944,4.527999999936583,5.281100000047445,0.0018999999156221,0.0603999997110804,10.42090000009921,10.48129999981029,"[[0, 0], [0, 0], [0, 0]]",1.524400000107562
1564,scheduled-after-result gen=1496,66,264,0.2789999998640269,0.0992999998743471,18.449199999849952,18.349899999975605,0.0144999999065476,12.457799911499023,"[[0, 0], [0, 0], [0, 0]]",0.0228000003517081,0.0236000000768399,0.0199000000975502,5.795700000362558,2.817999999933818,4.159999999956199,5.87519999999131,6.56589999971402,0.0015000000530562,0.039900000047055,12.457799999992858,12.497700000039911,"[[0, 0], [0, 0], [0, 0]]",5.951499999810041
1565,scheduled-after-result gen=1497,66,264,0.2832000000125845,2.72190000032424,12.027300000227116,9.305399999902876,0.0392000001738779,9.62049961090088,"[[0, 0], [0, 0], [0, 0]]",0.0230000000556174,0.025899999855028,0.0198000002455955,4.518000000189204,1.5923000000839238,2.9522999998334853,4.322100000081264,5.005900000014663,0.0013999997463542,0.0426000001425563,9.620499999982712,9.663100000125269,"[[0, 0], [0, 0], [0, 0]]",2.3642000001018477
1566,scheduled-after-result gen=1498,66,264,0.2700000000004365,1.255000000128348,11.427700000240293,10.172700000111943,0.0098000000434694,9.384200096130373,"[[0, 0], [0, 0], [0, 0]]",0.060700000176439,0.029399999675661,0.0191000003724184,4.327099999954953,1.3825000000906584,2.784299999802897,4.237399999965419,4.917400000067573,0.001200000042445,0.0411999999414547,9.384200000113196,9.425400000054651,"[[0, 0], [0, 0], [0, 0]]",2.0023000001856417
1567,scheduled-after-result gen=1499,66,264,0.2796000003399967,5.392099999880884,14.559599999756756,9.167499999875872,0.0101999999060353,9.760299682617188,"[[0, 0], [0, 0], [0, 0]]",0.0227000000450061,0.0246000004153756,0.019099999917671,4.8246999999719264,1.4158999997562205,2.8480999999374035,4.159099999924365,4.840999999942142,0.001200000042445,0.042800000301213,9.760299999925335,9.80310000022655,"[[0, 0], [0, 0], [0, 0]]",4.756499999530206
1568,scheduled-after-result gen=1500,66,264,0.2534000000196101,1.2294999996811384,11.920999999802008,10.691500000120868,0.0091000001702923,9.10610008239746,"[[0, 0], [0, 0], [0, 0]]",0.0216000003092631,0.0236000000768399,0.0199999999495048,4.337600000326347,1.3756000003013469,2.690000000256987,3.9713999999548832,4.672100000334467,0.0015999999050109,0.0375999998141196,9.106100000281003,9.143700000095125,"[[0, 0], [0, 0], [0, 0]]",2.7772999997068837
1569,scheduled-after-result gen=1501,66,264,0.3363999999237421,1.181099999939761,16.375300000163406,15.194200000223644,0.0116999999590916,10.648500442504885,"[[0, 0], [0, 0], [0, 0]]",0.0223999995796475,0.029399999675661,0.0190000000657164,5.647999999837339,1.5602000003127614,2.871500000310334,4.198699999960809,4.900200000065524,0.0016000003597582,0.0447000002168351,10.648499999661,10.693199999877834,"[[0, 0], [0, 0], [0, 0]]",5.682100000285573
1570,scheduled-after-result gen=1502,66,264,0.272099999619968,2.7672000001075503,11.941900000238093,9.174700000130542,0.0113999999484804,9.173399925231934,"[[0, 0], [0, 0], [0, 0]]",0.0211000001399952,0.0264000000242958,0.019200000224373,4.368800000065676,1.371199999994133,2.650900000389811,4.0209000003414985,4.708599999958096,0.0012999998943996,0.0436000000263447,9.173400000236144,9.217000000262487,"[[0, 0], [0, 0], [0, 0]]",2.724899999975605
1571,scheduled-after-result gen=1503,66,264,0.2679999997781124,1.216999999996915,10.326699999950506,9.109699999953593,0.0089000000116357,9.102299690246582,"[[0, 0], [0, 0], [0, 0]]",0.0209999998332932,0.0196000000869389,0.0190000000657164,4.300199999761389,1.4160000000629225,2.7388000003156776,4.036499999983789,4.715300000043499,0.0009999998837884,0.0434999997196428,9.102299999995012,9.145799999714654,"[[0, 0], [0, 0], [0, 0]]",1.1809000002358516
1572,scheduled-after-result gen=1504,66,264,0.2850999999282066,2.722100000028149,17.48570000017935,14.7636000001512,0.0109000002339598,13.482999801635742,"[[0, 0], [0, 0], [0, 0]]",0.0210999996852478,0.105000000075961,0.0278000002253975,4.968699999608361,2.6462000000719854,4.640099999960512,7.138599999962025,8.307499999773427,0.0020000002223241,0.069900000198686,13.482999999723688,13.552899999922374,"[[0, 0], [0, 0], [0, 0]]",3.932800000256975
1573,scheduled-after-result gen=1505,66,264,0.2803000002131739,2.011699999911798,11.81429999996908,9.802600000057282,0.0110999999378691,9.288999557495115,"[[0, 0], [0, 0], [0, 0]]",0.0224000000343949,0.0187999999070598,0.0201000002562068,4.470599999876868,1.3854000003448164,2.7240000003985188,4.043200000069192,4.72700000000259,0.0015000000530562,0.0434999997196428,9.289000000080703,9.332499999800348,"[[0, 0], [0, 0], [0, 0]]",2.4818000001687324
1574,scheduled-after-result gen=1506,66,264,0.3383000002941116,2.653399999871908,11.285600000064733,8.632200000192825,0.01029999975799,9.582900047302246,"[[0, 0], [0, 0], [0, 0]]",0.0229000002036627,0.0270000000455183,0.0205999999707273,4.774900000029447,1.36819999988802,2.722700000049372,4.039699999793811,4.708299999947485,0.001200000042445,0.0514999996994447,9.582900000168593,9.634399999868036,"[[0, 0], [0, 0], [0, 0]]",1.651200000196697
1575,scheduled-after-result gen=1507,66,264,0.2897999997912848,1.2115999998059124,11.387900000045192,10.17630000023928,0.0113000000965257,8.918299674987793,"[[0, 0], [0, 0], [0, 0]]",0.0221999998757382,0.0262000003203866,0.0188999997590144,4.097300000012183,1.3097999999445165,2.6966999998876418,4.022300000087853,4.723799999737821,0.0012999998943996,0.0423000001319451,8.91830000000482,8.960600000136765,"[[0, 0], [0, 0], [0, 0]]",2.4272999999084277
1576,scheduled-after-result gen=1508,66,264,0.2743999998529034,2.229199999874254,16.91739999978381,14.688199999909555,0.0115000002551823,10.071499824523926,"[[0, 0], [0, 0], [0, 0]]",0.0217000001612177,0.0251999999818508,0.0191999997696257,5.150200000116456,1.4968999998927757,2.804400000059104,4.1154000000460655,4.82209999972838,0.0016000003597582,0.0408999999308434,10.071499999867228,10.112399999798072,"[[0, 0], [0, 0], [0, 0]]",6.804999999985739
1577,scheduled-after-result gen=1509,66,264,0.2782999999908497,1.281700000163255,16.437600000244856,15.1559000000816,0.0170000002981396,15.164600372314451,"[[0, 0], [0, 0], [0, 0]]",0.0227000000450061,0.0279000000773521,0.0285000000985746,7.256299999880866,2.731499999754305,5.121299999700568,6.437499999719876,7.768800000121701,0.0025999997887993,0.0770999999986088,15.16459999993458,15.24169999993319,"[[0, 0], [0, 0], [0, 0]]",1.195900000311667
1578,scheduled-after-result gen=1510,66,264,0.278600000001461,0.0512999999955354,19.063000000187458,19.01170000019192,0.0402999999096209,17.310400009155273,"[[0, 0], [0, 0], [0, 0]]",0.0227000000450061,0.0979999999799474,0.0297999999929743,8.068800000273768,2.8961999996681698,5.427199999758159,7.919499999843538,9.03729999981806,0.0021000000742787,0.0667999997858714,17.310400000042137,17.377199999828008,"[[0, 0], [0, 0], [0, 0]]",1.6858000003594498
1579,scheduled-after-result gen=1511,66,264,0.3244999998059938,0.0586000001021602,12.895800000023884,12.837199999921722,0.0136000003294611,10.128399848937988,"[[0, 0], [0, 0], [0, 0]]",0.0227000000450061,0.0279999999293067,0.0188999997590144,4.768300000250747,1.6203999998651852,3.13640000013038,4.534400000011374,5.258300000150484,0.0018000000636675,0.049100000069302,10.128399999757676,10.177499999826978,"[[0, 0], [0, 0], [0, 0]]",2.7183000001969067
1580,scheduled-after-result gen=1512,66,264,0.2939999999398424,1.2449000000742672,14.469799999915269,13.224899999841,0.0302000003102875,9.684800148010254,"[[0, 0], [0, 0], [0, 0]]",0.0205000001187727,0.0135000000227591,0.019099999917671,4.901900000277237,1.3472000000547268,2.6670000002013694,4.0237000002889545,4.701300000306219,0.001200000042445,0.03870000000461,9.68479999983174,9.72349999983635,"[[0, 0], [0, 0], [0, 0]]",4.74630000007892
1581,scheduled-after-result gen=1513,66,264,0.2953999996861967,0.0463999999738007,11.235299999952986,11.188899999979183,0.0118999996630009,8.91469955444336,"[[0, 0], [0, 0], [0, 0]]",0.0226000001930515,0.0249999998231942,0.0195000002349843,4.219100000227627,1.3427000003503051,2.63489999997546,3.926600000340841,4.596700000092824,0.0012999998943996,0.043799999730254,8.914700000332232,8.958500000062486,"[[0, 0], [0, 0], [0, 0]]",2.2767999998904997
1582,scheduled-after-result gen=1514,66,264,0.3123999999843363,1.2251999996806262,15.435899999829417,14.21070000014879,0.0129000000015366,11.123299598693848,"[[0, 0], [0, 0], [0, 0]]",0.0230000000556174,0.0249999998231942,0.019200000224373,6.105200000092736,1.4535000000250875,2.867900000182999,4.228100000091217,4.917499999919528,0.0015000000530562,0.0519999998687126,11.123300000235758,11.175300000104473,"[[0, 0], [0, 0], [0, 0]]",4.260599999724944
1583,scheduled-after-result gen=1515,66,264,0.4595000000335858,2.0647000001190463,18.40170000014041,16.337000000021362,0.0101000000540807,13.989800453186035,"[[0, 0], [0, 0], [0, 0]]",0.0245999999606283,0.0250999996751488,0.029499999982363,8.256699999947159,2.1372999999584863,3.517999999985477,4.905799999960436,5.61809999999241,0.0015000000530562,0.0456000002486689,13.989799999762909,14.035400000011578,"[[0, 0], [0, 0], [0, 0]]",4.366300000128831
1584,scheduled-after-result gen=1516,66,264,0.3354999998919084,3.2565000001341105,10.877300000174728,7.620800000040617,0.0101999999060353,8.904899597167969,"[[0, 0], [0, 0], [0, 0]]",0.0227000000450061,0.0248999999712395,0.0199999999495048,4.183000000011816,1.3506000000234053,2.6403000001664623,3.9461000001210778,4.623799999990297,0.0011999995876976,0.0445999999101331,8.904900000288762,8.949500000198896,"[[0, 0], [0, 0], [0, 0]]",1.9277999999758322
1585,scheduled-after-result gen=1517,66,264,0.2799999997478153,2.7925999997933104,10.41979999990872,7.627200000115408,0.0130999997054459,9.479999542236328,"[[0, 0], [0, 0], [0, 0]]",0.0310000000354193,0.0285999999505293,0.020400000266818,4.4679000002361136,1.383100000111881,2.7640000002975285,4.148800000166375,4.901799999970535,0.0014000002011016,0.0579000002289831,9.479999999712163,9.537899999941146,"[[0, 0], [0, 0], [0, 0]]",0.8818999999675743
1586,scheduled-after-result gen=1518,66,264,0.2666000000317581,1.2266000003364752,15.918000000056054,14.69139999971958,0.0106000002233486,13.342900276184082,"[[0, 0], [0, 0], [0, 0]]",0.0300000001516309,0.0245000001086737,0.0196000000869389,7.769499999994878,1.6215000000556756,3.0697000001964625,4.494100000101753,5.445700000109355,0.0021999999262334,0.0669000000925734,13.342899999770452,13.409799999863026,"[[0, 0], [0, 0], [0, 0]]",2.5082000001930282
1587,scheduled-after-result gen=1519,66,264,0.4700999998021871,1.0580000002846646,20.75090000016644,19.69289999988177,0.0107000000753032,17.138900756835938,"[[0, 0], [0, 0], [0, 0]]",0.029600000289065,0.0783000000410538,0.0304999998661514,7.129499999791733,2.825799999754963,5.671299999903567,8.564599999772327,9.811799999624782,0.0018999999156221,0.0824999997348641,17.138900000190915,17.22139999992578,"[[0, 0], [0, 0], [0, 0]]",3.5295000002406596
1588,scheduled-after-result gen=1520,66,264,0.2750000003288733,1.2936000002810033,13.479000000188536,12.185399999907531,0.0098999998954241,9.33209991455078,"[[0, 0], [0, 0], [0, 0]]",0.0225999997383041,0.0208999999813386,0.0212999998439045,4.2773999998644285,1.4590999999199994,2.930900000137626,4.273300000022573,4.959400000188907,0.0012999998943996,0.0469999999950232,9.332099999937782,9.379099999932803,"[[0, 0], [0, 0], [0, 0]]",4.099900000255733
1589,scheduled-after-result gen=1521,66,264,0.26430000025357,1.2734000001728418,16.65450000018609,15.381100000013248,0.0098999998954241,15.647600173950195,"[[0, 0], [0, 0], [0, 0]]",0.0225999997383041,0.0334000001203094,0.0288000001091859,8.074800000031246,1.397100000303908,3.531199999997625,6.28210000013496,7.431500000166125,0.0024999999368446,0.0675999999657506,15.647599999738304,15.715199999704057,"[[0, 0], [0, 0], [0, 0]]",0.9393000004820333
1590,scheduled-after-result gen=1522,66,264,0.2612999996927101,1.237800000126299,9.835999999722844,8.598199999596545,0.0091999995674996,9.292200088500977,"[[0, 0], [0, 0], [0, 0]]",0.0227000000450061,0.0260000001617299,0.0215000000025611,4.396299999825715,1.4613999996981877,2.803599999879225,4.128399999899557,4.795099999682861,0.0012999998943996,0.0411999999414547,9.292200000345474,9.333400000286929,"[[0, 0], [0, 0], [0, 0]]",0.5025999994359154
1591,scheduled-after-result gen=1523,66,264,0.2908999999817752,0.0755999999455525,13.453799999751936,13.378199999806384,0.0079999999798019,12.511300086975098,"[[0, 0], [0, 0], [0, 0]]",0.0235000002248852,0.0283999997918726,0.0207000002774293,7.281800000328076,1.574700000219309,2.940899999885005,4.4252000002416025,5.126000000018394,0.001200000042445,0.0459000002592802,12.511299999914629,12.557200000173909,"[[0, 0], [0, 0], [0, 0]]",0.8965999995780276
1592,scheduled-after-result gen=1524,66,264,0.2770000000964501,1.2375999999676424,24.18149999994057,22.943899999972928,0.0399999998990097,18.38409996032715,"[[0, 0], [0, 0], [0, 0]]",0.0298999998449289,0.0821000003270455,0.0317000003633438,8.736499999940861,2.670599999873957,5.391899999722227,8.25219999978799,9.442900000067311,0.0021000000742787,0.087800000073912,18.384099999821046,18.47189999989496,"[[0, 0], [0, 0], [0, 0]]",5.7096000000456115
1593,scheduled-after-result gen=1525,66,264,0.268199999936769,1.3312999999470776,13.110800000049494,11.779500000102416,0.008699999852979,9.48110008239746,"[[0, 0], [0, 0], [0, 0]]",0.0210000002880406,0.0252999998338054,0.0193999999282823,4.501299999901676,1.4026999997440726,2.7462999996714643,4.197499999918364,4.885599999852275,0.0015000000530562,0.0420999999732885,9.481099999902654,9.523199999875942,"[[0, 0], [0, 0], [0, 0]]",3.587600000173552
1594,scheduled-after-result gen=1526,66,264,0.2559999998084095,3.2671999997546664,9.811599999920873,6.544400000166206,0.0089999998635903,9.653300285339355,"[[0, 0], [0, 0], [0, 0]]",0.0219000003198743,0.0227000000450061,0.0202000001081614,4.4226999998500105,1.5247999999701278,2.964700000120501,4.40470000012283,5.137000000104308,0.001099999735743,0.0402000000576663,9.6533000000818,9.693500000139466,"[[0, 0], [0, 0], [0, 0]]",0.11809999978140695
1595,scheduled-after-result gen=1527,66,264,0.2726000002439832,1.2771000001521315,12.900100000024397,11.622999999872263,0.0107999999272578,9.631699562072754,"[[0, 0], [0, 0], [0, 0]]",0.0224000000343949,0.0245999999606283,0.0193999999282823,4.60190000012517,1.3625999999931082,2.741699999660341,4.256199999872479,4.930899999635585,0.0015000000530562,0.0555999999960477,9.631700000227283,9.687300000223331,"[[0, 0], [0, 0], [0, 0]]",3.2127999998010655
1596,scheduled-after-result gen=1528,66,264,0.2749999998741259,1.178400000299007,10.279300000092915,9.10089999979391,0.0079999999798019,9.60420036315918,"[[0, 0], [0, 0], [0, 0]]",0.0218000000131723,0.0588000002608168,0.029499999982363,4.4382999999470485,1.4251000002332148,2.7715000001080625,4.305599999952392,5.001200000151584,0.0012999998943996,0.03870000000461,9.604200000012495,9.642900000017107,"[[0, 0], [0, 0], [0, 0]]",0.6364000000758079
1597,scheduled-after-result gen=1529,66,264,0.2779999999802385,2.781700000014098,17.94080000036047,15.15910000034637,0.0110000000859145,9.061100006103516,"[[0, 0], [0, 0], [0, 0]]",0.0230000000556174,0.0258000000030733,0.0193999999282823,4.248400000051333,1.3724999998885323,2.6852000000872067,3.9966999997886887,4.720599999927799,0.0014000002011016,0.0421999998252431,9.061100000053557,9.1032999998788,"[[0, 0], [0, 0], [0, 0]]",8.837500000481668
1598,scheduled-after-result gen=1530,66,264,0.2555000000938889,0.0495000003866152,11.855700000069191,11.806199999682576,0.0106000002233486,9.34000015258789,"[[0, 0], [0, 0], [0, 0]]",0.0237999997807492,0.0199999999495048,0.0202000001081614,4.286500000034721,1.3614999998026178,2.7996999997412786,4.275700000107463,4.9579999999878055,0.001099999735743,0.0469999999950232,9.34000000006563,9.387000000060652,"[[0, 0], [0, 0], [0, 0]]",2.468700000008539
1599,scheduled-after-result gen=1531,66,264,0.2690000001166481,1.253000000360771,11.37719999996989,10.124199999609118,0.0091000001702923,9.701000213623049,"[[0, 0], [0, 0], [0, 0]]",0.0221000000237836,0.0191999997696257,0.0198000002455955,4.730099999960657,1.4367000003403518,2.803300000323361,4.192500000044674,4.879300000084186,0.0015000000530562,0.0483999997413775,9.701000000404749,9.749400000146125,"[[0, 0], [0, 0], [0, 0]]",1.6277999998237647
1600,scheduled-after-result gen=1532,66,264,0.2712999998948362,1.3267999997879087,13.959999999769934,12.633199999982024,0.0101999999060353,9.27340030670166,"[[0, 0], [0, 0], [0, 0]]",0.0222000003304856,0.0263000001723412,0.0197000003936409,4.3322000001353445,1.391400000102294,2.7684000001499958,4.164599999967322,4.842299999836541,0.0014000002011016,0.0434000003224355,9.273399999983669,9.316800000306102,"[[0, 0], [0, 0], [0, 0]]",4.643199999463832
1601,scheduled-after-result gen=1533,66,264,0.3271000000495405,0.6609000001844834,11.341400000219435,10.680500000034954,0.0122999999803141,9.709400177001951,"[[0, 0], [0, 0], [0, 0]]",0.0216000003092631,0.0254999999924621,0.0193000000763277,4.565499999898748,1.3656000000992208,2.7350999998816405,4.345599999851402,5.044300000008661,0.0013999997463542,0.0452999997833103,9.709400000247117,9.754700000030423,"[[0, 0], [0, 0], [0, 0]]",1.586700000189012
1602,scheduled-after-result gen=1534,66,264,0.2703999998630024,0.0894999998308776,13.42690000001312,13.337400000182242,0.01029999975799,9.798299789428713,"[[0, 0], [0, 0], [0, 0]]",0.023200000214274,0.0703999999132065,0.0353000000359315,4.4695000001411245,1.518000000032771,3.001699999913398,4.505200000039622,5.168099999991682,0.0012999998943996,0.0405999999202322,9.79830000005677,9.838899999977002,"[[0, 0], [0, 0], [0, 0]]",3.588000000036118
1603,scheduled-after-result gen=1535,66,264,0.2724000000853266,2.752200000031735,9.933799999998882,7.181599999967148,0.0104000000646919,9.121800422668455,"[[0, 0], [0, 0], [0, 0]]",0.0219999997170816,0.0254999999924621,0.020699999822682,4.244100000050821,1.3954999999441495,2.731500000209053,4.098100000192062,4.774999999881402,0.0016000003597582,0.0408999999308434,9.121799999775249,9.162699999706092,"[[0, 0], [0, 0], [0, 0]]",0.7711000002927904
1604,scheduled-after-result gen=1536,66,264,0.4481000000851054,2.575299999989511,11.180999999851338,8.605699999861827,0.0099999997473787,9.59160041809082,"[[0, 0], [0, 0], [0, 0]]",0.0215999998545157,0.0285000000985746,0.0213000002986518,4.451700000117853,1.4236000001801583,2.790000000004511,4.311300000154006,5.036300000028859,0.0013999997463542,0.0511999996888334,9.591600000021572,9.642799999710403,"[[0, 0], [0, 0], [0, 0]]",1.5382000001409342
1605,scheduled-after-result gen=1537,66,264,0.2808999997796491,2.7338999998391955,14.990499999839813,12.256600000000615,0.0101000000540807,13.135700225830078,"[[0, 0], [0, 0], [0, 0]]",0.0236000000768399,0.0263000001723412,0.020699999822682,4.787099999703059,2.3261000001184584,5.223200000273209,7.5593000001390465,8.244900000136113,0.0015000000530562,0.0448000000687898,13.135700000020734,13.180500000089523,"[[0, 0], [0, 0], [0, 0]]",1.8099999997502891
1606,scheduled-after-result gen=1538,66,264,0.2629000000524684,2.729900000304042,14.430100000026869,11.700199999722829,0.0085000001490698,12.30490016937256,"[[0, 0], [0, 0], [0, 0]]",0.0318999996125057,0.0316999999085965,0.029399999675661,6.7193999998380605,1.7519999996693514,3.392000000076223,4.777099999955681,5.457400000068446,0.0013999997463542,0.0419999996665865,12.30489999989004,12.346899999556626,"[[0, 0], [0, 0], [0, 0]]",2.0832000004702422
1607,scheduled-after-result gen=1539,66,264,0.2822000001287961,2.700600000025588,12.904500000331607,10.20390000030602,0.0082000001384585,11.55799961090088,"[[0, 0], [0, 0], [0, 0]]",0.0224999998863495,0.0261000000136846,0.0205000001187727,5.283799999688199,1.6901999997571693,3.1754999999975557,5.497499999819411,6.174300000111543,0.0012999998943996,0.042800000301213,11.557999999695312,11.600799999996523,"[[0, 0], [0, 0], [0, 0]]",1.303700000335084
1608,scheduled-after-result gen=1540,66,264,0.2638999999362568,2.345900000364054,10.605900000427935,8.260000000063883,0.0091000001702923,9.854100227355955,"[[0, 0], [0, 0], [0, 0]]",0.0299999996968836,0.024299999950017,0.0199000000975502,4.617400000370253,1.4418999999179505,3.028299999641604,4.447899999831861,5.133099999966362,0.0012999998943996,0.0422000002799904,9.854099999756729,9.896300000036716,"[[0, 0], [0, 0], [0, 0]]",0.7096000003912195
1609,scheduled-after-result gen=1541,66,264,0.2849999996215047,1.2246999999661057,15.52639999999883,14.301700000032724,0.0089000000116357,13.436599731445312,"[[0, 0], [0, 0], [0, 0]]",0.0224000000343949,0.0285000000985746,0.0203999998120707,6.742000000031112,2.7943000000050238,4.324999999880674,5.724999999983993,6.567399999767076,0.0024999999368446,0.075100000231032,13.436599999749888,13.51169999998092,"[[0, 0], [0, 0], [0, 0]]",2.0147000000179105
1610,scheduled-after-result gen=1542,66,264,0.2808999997796491,1.1615999997047766,11.716399999841087,10.55480000013631,0.0095999998848128,10.796299934387209,"[[0, 0], [0, 0], [0, 0]]",0.0211999999919498,0.0253999996857601,0.0186999996003578,5.386799999996583,1.502500000242435,2.88940000018556,4.267900000286318,5.29450000021825,0.002299999778188,0.0605000000177824,10.796300000038173,10.856800000055957,"[[0, 0], [0, 0], [0, 0]]",0.8595999997851305
1611,scheduled-after-result gen=1543,66,264,0.2805999997690378,0.0514000003022374,19.47229999996125,19.420899999659014,0.0150999999277701,17.79759979248047,"[[0, 0], [0, 0], [0, 0]]",0.0302000003102875,0.0337999999828753,0.028299999939918,8.677100000113569,2.755999999862979,5.315500000051543,7.852100000036444,8.973299999979645,0.0021000000742787,0.0629999999546271,17.797600000449165,17.860600000403792,"[[0, 0], [0, 0], [0, 0]]",1.6116999995574588
1612,scheduled-after-result gen=1544,66,264,0.2839999997377163,3.8153000000420434,25.877699999909964,22.06239999986792,0.0154000003931287,17.102100372314453,"[[0, 0], [0, 0], [0, 0]]",0.033499999972264,0.0320999997711624,0.0208999999813386,7.558199999948556,2.909799999997631,5.563199999869539,8.21219999988898,9.396599999945463,0.0021999999262334,0.0901999997040547,17.102100000101927,17.192299999805982,"[[0, 0], [0, 0], [0, 0]]",8.685400000103982
1613,scheduled-after-result gen=1545,66,264,0.4476999997677922,2.516300000024785,22.92840000018259,20.412100000157807,0.0511000002916262,18.796199798583984,"[[0, 0], [0, 0], [0, 0]]",0.029499999982363,0.1933999997163482,0.0295999998343177,9.03440000001865,3.1088000000636384,5.762799999956769,8.358600000065053,9.450500000184547,0.0020000002223241,0.0637000002825516,18.796199999997043,18.859900000279595,"[[0, 0], [0, 0], [0, 0]]",4.068499999902997
1614,scheduled-after-result gen=1546,66,264,0.2736000001277716,2.2721999998793763,18.59809999996287,16.325900000083493,0.011499999800435,16.349899291992188,"[[0, 0], [0, 0], [0, 0]]",0.0313999998979852,0.0302000003102875,0.0202999999601161,7.927399999971385,2.342900000257941,4.061300000103074,7.034300000213989,8.28799999999319,0.0021999999262334,0.0754000002416432,16.34989999956815,16.425299999809795,"[[0, 0], [0, 0], [0, 0]]",2.1728000001530745
1615,scheduled-after-result gen=1547,66,264,0.2673000003596826,1.2530999997579784,9.946900000159076,8.693800000401097,0.0076999999691906,9.175999641418455,"[[0, 0], [0, 0], [0, 0]]",0.0236000000768399,0.0179999997271806,0.0200999998014594,4.381900000225869,1.3925999996899918,2.7086999998573447,4.044999999678112,4.704399999809539,0.001200000042445,0.0426000001425563,9.176000000024942,9.218600000167498,"[[0, 0], [0, 0], [0, 0]]",0.7282999999915774
1616,scheduled-after-result gen=1548,66,264,0.4444999999577703,1.0205999997197068,9.574199999860866,8.55360000014116,0.0095000000328582,9.214099884033203,"[[0, 0], [0, 0], [0, 0]]",0.022000000171829,0.0184000000444939,0.0191999997696257,4.4110999997428735,1.3922999996793806,2.7319000000716187,4.050999999890337,4.7156999999060645,0.0012999998943996,0.0415000004068133,9.21410000000833,9.255600000415145,"[[0, 0], [0, 0], [0, 0]]",0.3185999994457216
1617,scheduled-after-result gen=1549,66,264,0.2718000000641041,0.1793000001271139,11.885999999776686,11.706699999649572,0.0213999996958591,9.365599632263184,"[[0, 0], [0, 0], [0, 0]]",0.0233000000662286,0.0278000002253975,0.0225000003410968,4.407800000080897,1.42809999988458,2.802900000006048,4.140999999890482,4.853999999795633,0.0015000000530562,0.047900000026857,9.365600000364791,9.41350000039165,"[[0, 0], [0, 0], [0, 0]]",2.472499999385036
1618,scheduled-after-result gen=1550,66,264,0.4750000002786692,0.0795000000834988,21.409899999980556,21.33039999989705,0.015499999790336,18.02359962463379,"[[0, 0], [0, 0], [0, 0]]",0.0327999996443395,0.0350000000253203,0.0297999999929743,8.63100000015038,2.714299999752257,5.330299999968702,8.013799999844196,9.237799999937124,0.0021000000742787,0.069900000198686,18.0235999996512,18.09349999984988,"[[0, 0], [0, 0], [0, 0]]",3.3164000001306775
1619,scheduled-after-result gen=1551,66,264,0.2804000000651285,4.228299999795127,19.093099999736296,14.86479999994117,0.0167999996847356,13.465200424194336,"[[0, 0], [0, 0], [0, 0]]",0.0231999997595266,0.0266000001829525,0.0215999998545157,4.540199999610195,2.0615000003090245,4.703500000232452,7.605200000398327,8.801500000117812,0.0021000000742787,0.0755999999455525,13.465199999700417,13.54079999964597,"[[0, 0], [0, 0], [0, 0]]",5.552300000090327
1620,scheduled-after-result gen=1552,66,264,0.2831000001606298,2.5380000001860026,11.7605000000367,9.222499999850696,0.0115999996523896,10.281100273132324,"[[0, 0], [0, 0], [0, 0]]",0.0301999998555402,0.0406999997721868,0.0318000002152984,5.234100000052422,1.4145000000098662,2.764599999864004,4.191499999706139,4.9087999996118015,0.0011000001904903,0.0473999998575891,10.281099999701835,10.328499999559426,"[[0, 0], [0, 0], [0, 0]]",1.4320000004772737
1621,scheduled-after-result gen=1553,66,264,0.4807000000255357,0.0767999999879975,13.23229999979958,13.155499999811582,0.011499999800435,9.23900032043457,"[[0, 0], [0, 0], [0, 0]]",0.03080000033151,0.0306000001728534,0.0219999997170816,4.40840000010212,1.3731999997617097,2.7076000001216016,4.033599999729631,4.7156999999060645,0.001200000042445,0.0486000003547815,9.238999999979567,9.28760000033435,"[[0, 0], [0, 0], [0, 0]]",3.9446999994652288
1622,scheduled-after-result gen=1554,66,264,0.4733000000669563,1.044200000251294,11.730400000033114,10.68619999978182,0.0098999998954241,11.302900314331056,"[[0, 0], [0, 0], [0, 0]]",0.0251999999818508,0.0341999998454412,0.0316999999085965,6.296499999734806,1.4550999999300984,2.80369999973118,4.173899999841524,4.880999999841151,0.0012999998943996,0.0456000002486689,11.302899999918736,11.348500000167403,"[[0, 0], [0, 0], [0, 0]]",0.3818999998657109
1623,scheduled-after-result gen=1555,66,264,0.3013999998984218,0.0552000001334818,12.821400000120777,12.766199999987291,0.0117999998110462,9.318400382995604,"[[0, 0], [0, 0], [0, 0]]",0.0227000000450061,0.0365999999303312,0.0185999997484032,4.351099999894359,1.4011999996910165,2.779800000098476,4.165099999681843,4.862499999944703,0.001200000042445,0.042599999687809,9.318400000211112,9.360999999898922,"[[0, 0], [0, 0], [0, 0]]",3.4604000002218545
