request_id,reason,payload_floats,bytes_sent,client_build_ms,client_send_call_ms,client_send_start_to_recv_ms,client_send_end_to_recv_ms,result_parse_ms,optimizer_processing_ms,prediction_steps,round_idx,rollout_with_logging_ms,optimizer_total_ms,state_csv_enabled,model_round_idx,model_recv_parse_ms,model_event_wait_ms,model_build_hotstart_ms,model_snapshot_stabilize_ms,model_state_restore_ms,model_rollout_prepare_ms,model_rollout_with_logging_ms,model_postprocess_ms,model_state_csv_flush_ms,model_optimizer_processing_ms,model_optimizer_total_ms,model_elapsed_ms,model_full_horizon_steps,model_prediction_steps,model_sim_hz,model_prediction_sim_ms,model_state_csv,model_state_csv_enabled,comm_sched_residual_ms
2904,exp1-completion-paced,66,264,0.462599999991653,1.038200000039069,37.30650000034075,36.26830000030168,0.028099999326514,23.6006000004636,500,1,16.697400000339258,23.65929999996297,False,1,0.0227000000450061,0.0359999994543613,0.0190000000657164,6.56040000012581,0.1793000001271139,0.0019999997675768,16.697400000339258,0.1421999995727674,0.0,23.6006000004636,23.65929999996297,23.60769999995682,500,500,333.0,1501.5015015015017,,False,13.64720000037778
2905,exp1-completion-paced,66,264,0.304399999549787,4.208100000141712,34.2198999996981,30.011799999556388,0.0172000000020489,24.848000000019965,500,2,19.53239999966172,24.8898999998346,False,2,0.0206000004254747,0.0212999993891571,0.0176000003193621,5.006800000046496,0.138399999741523,0.0286000004052766,19.53239999966172,0.124099999993632,0.0,24.848000000019965,24.8898999998346,24.85439999964001,500,500,333.0,1501.5015015015017,,False,9.3299999998635
2906,exp1-completion-paced,66,264,0.2732000002652057,1.2993000000278698,34.87330000007205,33.57400000004418,0.0198999996428028,22.12779999990744,500,3,17.03639999959705,22.17340000061085,False,3,0.0202999999601161,0.0253000007433001,0.0173999997059581,4.775100000188104,0.1351000000795466,0.028299999939918,17.03639999959705,0.1352999997834558,0.0,22.12779999990744,22.17340000061085,22.13469999969675,500,500,333.0,1501.5015015015017,,False,12.699899999461199
2907,exp1-completion-paced,66,264,0.2813999999489169,0.1142000000982079,35.665599999447295,35.55139999934909,0.0174999995579128,28.647099999943748,500,4,23.0996000000232,28.69470000041474,False,4,0.0221000000237836,0.0255000004472094,0.0178000000232714,5.226299999776529,0.1405000002705492,0.028299999939918,23.0996000000232,0.1344000002063694,0.0,28.647099999943748,28.69470000041474,28.654499999902328,500,500,333.0,1501.5015015015017,,False,6.970899999032554
2908,exp1-completion-paced,66,264,0.2832000000125845,1.214300000356161,40.49890000078449,39.28460000042833,0.0187000005098525,27.66280000014376,500,5,21.361699999943085,27.724799999305105,False,5,0.0254999995377147,0.0364999996236292,0.01810000048863,5.786599999737518,0.2595000005385373,0.1050999999279156,21.361699999943085,0.1315999998041661,0.0,27.66280000014376,27.724799999305105,27.670499999658205,500,500,333.0,1501.5015015015017,,False,12.774100001479383
2909,exp1-completion-paced,66,264,0.2690000001166481,0.0485000000480795,32.226299999820185,32.177799999772105,0.0202000001081614,22.104200000285346,500,6,16.52609999928245,22.150600000713894,False,6,0.0227000000450061,0.0237000003835419,0.0269000001935637,5.243099999461265,0.1431999999113031,0.0272000006589223,16.52609999928245,0.1375000001644366,0.0,22.104200000285346,22.150600000713894,22.110699999757344,500,500,333.0,1501.5015015015017,,False,10.075699999106291
2910,exp1-completion-paced,66,264,0.3040999999939231,0.0952999998844461,38.30170000037469,38.20640000049025,0.0212000004466972,24.448099999972328,500,7,17.60279999962222,24.49889999934385,False,7,0.0251999999818508,0.0255999993896693,0.0172999998540035,6.503200000224751,0.1555999997435719,0.0299000002996763,17.60279999962222,0.1391000005241949,0.0,24.448099999972328,24.49889999934385,24.451199999930395,500,500,333.0,1501.5015015015017,,False,13.802800001030839
2911,exp1-completion-paced,66,264,0.2850999999282066,2.733399999669928,42.91079999984504,40.17740000017511,0.0275000002147862,26.68690000064089,500,8,20.27189999989787,26.74250000018219,False,8,0.0251999999818508,0.0303999995594494,0.019300000531075,6.080199999814795,0.1498999999967054,0.0286000004052766,20.27189999989787,0.1365999996778555,0.0,26.68690000064089,26.74250000018219,26.6951000003246,500,500,333.0,1501.5015015015017,,False,16.16829999966285
2912,exp1-completion-paced,66,264,0.2740999998422921,0.0859000001582899,29.611300000397023,29.525400000238733,0.0186000006578979,22.368599999936123,500,9,16.762600000220118,22.41849999973056,False,9,0.0231999993047793,0.0267000004896544,0.0165000001288717,5.267199999252625,0.1526000005469541,0.0346999995599617,16.762600000220118,0.1347999996141879,0.0,22.368599999936123,22.41849999973056,22.37559999957739,500,500,333.0,1501.5015015015017,,False,7.1928000006664625
2913,exp1-completion-paced,66,264,0.2616000001580687,1.240499999767053,38.31170000012207,37.07120000035502,0.02050000057352,21.25450000039564,500,10,15.87299999937386,21.31749999989552,False,10,0.0355000001945882,0.0274999993052915,0.0184999998964485,5.040500000177417,0.1577000002725981,0.0281000002360087,15.87299999937386,0.1363999999739462,0.0,21.25450000039564,21.31749999989552,21.26239999961399,500,500,333.0,1501.5015015015017,,False,16.994200000226552
2914,exp1-completion-paced,66,264,0.2782000001388951,4.233300000123563,40.510700000595534,36.27740000047197,0.0186000006578979,23.05160000014439,500,11,17.609900000024936,23.095399999874644,False,11,0.0191999997696257,0.0245999999606283,0.0171000001500942,5.118499999298365,0.1465000004827743,0.0268000003416091,17.609900000024936,0.1325999992332072,0.0,23.05160000014439,23.095399999874644,23.05889999934152,500,500,333.0,1501.5015015015017,,False,17.41530000072089
2915,exp1-completion-paced,66,264,0.2789999998640269,1.2388000004648347,34.14550000070449,32.90670000023965,0.022000000171829,23.757300000397663,500,12,18.19309999973484,23.802900000191585,False,12,0.02059999951598,0.0250000002779415,0.0191999997696257,5.236100000729493,0.1419000000169035,0.0304999994114041,18.19309999973484,0.1363000001219916,0.0,23.757300000397663,23.802900000191585,23.765199999616016,500,500,333.0,1501.5015015015017,,False,10.342600000512903
2916,exp1-completion-paced,66,264,0.2710999997361796,1.244600000063656,32.225900000412366,30.98130000034871,0.0190000000657164,21.658900000147696,500,13,16.088000000308966,21.69800000046962,False,13,0.0184000000444939,0.0207000002774293,0.0165999999808263,5.249499999990803,0.1419999998688581,0.0301000000035855,16.088000000308966,0.1326000001427019,0.0,21.658900000147696,21.69800000046962,21.665800000846502,500,500,333.0,1501.5015015015017,,False,10.527899999942747
2917,exp1-completion-paced,66,264,0.2790999997159815,4.281100000298466,45.0674000003346,40.786300000036135,0.0221000000237836,28.005000000121072,500,14,20.024399999783785,28.05030000035913,False,14,0.0202999999601161,0.0250000002779415,0.0179999997271806,7.452499999999418,0.2630999997563776,0.1111000001401407,20.024399999783785,0.1358000008622184,0.0,28.005000000121072,28.05030000035913,28.01190000081988,500,500,333.0,1501.5015015015017,,False,17.01709999997547
2918,exp1-completion-paced,66,264,0.2731000004132511,1.2500000002546583,41.94840000036493,40.69840000011027,0.0179000007847207,22.755599999982223,500,15,15.815799999472802,22.82799999920826,False,15,0.0236999994740472,0.0486999997519888,0.0177000001713167,6.538600000567385,0.2184999993914971,0.0303000006169895,15.815799999472802,0.1344000002063694,0.0,22.755599999982223,22.82799999920826,22.76150000034249,500,500,333.0,1501.5015015015017,,False,19.120400001156668
2919,exp1-completion-paced,66,264,0.4539000001386739,1.0660999996616738,39.61410000010801,38.548000000446336,0.0208000001293839,25.32130000054167,500,16,18.16580000013346,25.37480000046344,False,16,0.0216999997064704,0.0318000002152984,0.0170000002981396,6.632099999478669,0.2684000000954256,0.1159000003099208,18.16580000013346,0.1218999996126513,0.0,25.32130000054167,25.37480000046344,25.327700000161716,500,500,333.0,1501.5015015015017,,False,14.239299999644569
2920,exp1-completion-paced,66,264,0.2836000003298977,2.6881000003413646,43.908500000725326,41.22040000038396,0.0199000005522975,21.95639999990817,500,17,16.645700000481156,22.002700000484765,False,17,0.0208000001293839,0.0255000004472094,0.0184000000444939,4.981499999303196,0.1376000000163912,0.0405999999202322,16.645700000481156,0.1322999996773433,0.0,21.95639999990817,22.002700000484765,21.96339999954944,500,500,333.0,1501.5015015015017,,False,21.90580000024056
2921,exp1-completion-paced,66,264,0.2795000000332948,2.2410999999920023,38.37980000025709,36.13870000026509,0.0210999996852478,27.668699999594537,500,18,20.609700000022716,27.71119999943039,False,18,0.0181999994310899,0.0243000004047644,0.0179999997271806,6.7332999997233856,0.1466000003347289,0.0276000000667409,20.609700000022716,0.133300000015879,0.0,27.668699999594537,27.71119999943039,27.675700000145294,500,500,333.0,1501.5015015015017,,False,10.6686000008267
2922,exp1-completion-paced,66,264,0.2919999997175182,1.2001000004602247,40.854400000171154,39.65429999971093,0.0314999997499398,27.089600000181235,500,19,21.62979999957315,27.13430000039807,False,19,0.0208000001293839,0.0239000000874511,0.019099999917671,4.98779999998078,0.1468000000386382,0.0299000002996763,21.62979999957315,0.2758999999059597,0.0,27.089600000181235,27.13430000039807,27.09679999952641,500,500,333.0,1501.5015015015017,,False,13.720099999773083
2923,exp1-completion-paced,66,264,0.2764999999271822,0.7637999997314182,34.654000000045926,33.89020000031451,0.0183999991349992,23.96020000014687,500,20,18.689800000174728,24.01079999981448,False,20,0.021799999558425,0.0288000001091859,0.0183000001925393,4.940499999975145,0.1388999999107909,0.0325000000884756,18.689800000174728,0.1400000001012813,0.0,23.96020000014687,24.01079999981448,23.96740000040154,500,500,333.0,1501.5015015015017,,False,10.643200000231445
2924,exp1-completion-paced,66,264,0.2745000001596054,0.0581000003876397,29.68429999964428,29.62619999925664,0.0215000000025611,21.65779999995721,500,21,16.271499999675143,21.73320000019885,False,21,0.0215999998545157,0.0538000003871275,0.0195000002349843,5.056399999375572,0.1434000005247071,0.0308999997287173,16.271499999675143,0.1357999999527237,0.0,21.65779999995721,21.73320000019885,21.66510000006383,500,500,333.0,1501.5015015015017,,False,7.951099999445432
2925,exp1-completion-paced,66,264,0.2795000000332948,0.0565999998798361,42.84419999930833,42.787599999428494,0.0182000003405846,31.96179999940796,500,22,21.898099999816623,32.16969999994035,False,22,0.0301000000035855,0.1778000005288049,0.0272999996013822,9.527100000013888,0.2669000004971167,0.1087999999072053,21.898099999816623,0.1333999998678336,0.0,31.96179999940796,32.16969999994035,31.97420000014972,500,500,333.0,1501.5015015015017,,False,10.674499999367981
2926,exp1-completion-paced,66,264,0.2809999996316037,1.1936999999306863,47.00570000022708,45.81200000029639,0.01810000048863,27.968700000201352,500,23,22.36350000021048,28.012099999614293,False,23,0.019099999917671,0.0242999994952697,0.0162000005730078,5.278999999973166,0.1447999993615667,0.0293000002784538,22.36350000021048,0.1356000002488144,0.0,27.968700000201352,28.012099999614293,27.972300000328687,500,500,333.0,1501.5015015015017,,False,18.993600000612787
2927,exp1-completion-paced,66,264,0.2774000004137633,2.741700000115088,37.86659999968833,35.124899999573245,0.0202999999601161,22.131599999738683,500,24,16.440200000033656,22.17500000006112,False,24,0.0195000002349843,0.0239000000874511,0.0183000001925393,5.324300000211224,0.1451999996788799,0.028299999939918,16.440200000033656,0.1750999999785563,0.0,22.131599999738683,22.17500000006112,22.137799999654817,500,500,333.0,1501.5015015015017,,False,15.691599999627211
2928,exp1-completion-paced,66,264,0.2863999998226063,0.770100000409002,33.745400000043446,32.975299999634444,0.0184999998964485,24.633600000015576,500,25,19.120400000247173,24.67949999936536,False,25,0.0206999993679346,0.0251999999818508,0.0194000003830296,5.184100000406033,0.1404999993610545,0.0293000002784538,19.120400000247173,0.1396999996359227,0.0,24.633600000015576,24.67949999936536,24.641199999678065,500,500,333.0,1501.5015015015017,,False,9.065900000678088
2929,exp1-completion-paced,66,264,0.4520000002230517,4.084700000021257,38.16499999993539,34.08029999991413,0.01810000048863,25.70590000050288,500,26,19.88089999940712,25.75890000025538,False,26,0.0235999996220925,0.0294000001304084,0.0184000000444939,5.429800000456453,0.14759999976377,0.0313000000460306,19.88089999940712,0.1976000003196532,0.0,25.70590000050288,25.75890000025538,25.713500000165368,500,500,333.0,1501.5015015015017,,False,12.40609999968001
2930,exp1-completion-paced,66,264,0.2736999995249789,1.232700000400655,38.73490000023594,37.50219999983528,0.024199999643315,25.7235999997647,500,27,19.907299999431416,25.768800000150804,False,27,0.0212000004466972,0.0239999999394058,0.0292999993689591,5.391900000176975,0.1462000000174157,0.0316000005113892,19.907299999431416,0.2168999999412335,0.0,25.7235999997647,25.768800000150804,25.730299999850104,500,500,333.0,1501.5015015015017,,False,12.966100000085135
2931,exp1-completion-paced,66,264,0.279699999737204,1.2136999994254438,43.885999999474734,42.67230000004929,0.0199999994947575,20.8199999997305,500,28,15.363499999693886,20.86699999927077,False,28,0.0215000000025611,0.0254999995377147,0.0190000000657164,5.15350000023318,0.1419999998688581,0.0288999999611405,15.363499999693886,0.1128000003518536,0.0,20.8199999997305,20.86699999927077,20.82710000013321,500,500,333.0,1501.5015015015017,,False,23.019000000203963
2932,exp1-completion-paced,66,264,0.4458000003069173,4.081899999619054,44.26729999977397,40.185400000154914,0.0204999996640253,29.01209999981802,500,29,18.277400000442867,29.069999999592252,False,29,0.021799999558425,0.0361000002158107,0.0190000000657164,10.230099999716913,0.2629000000524684,0.1073000003088964,18.277400000442867,0.1152999993792036,0.0,29.01209999981802,29.069999999592252,29.020199999649776,500,500,333.0,1501.5015015015017,,False,15.197300000181716
2933,exp1-completion-paced,66,264,0.2929000002040993,1.1917000001631095,41.854699999930745,40.66299999976764,0.0200000004042522,34.04370000043855,500,30,28.545399999529764,34.0900999999576,False,30,0.0190000000657164,0.0273999994533369,0.0163000004249624,5.17889999991894,0.1443999999537482,0.0331000001096981,28.545399999529764,0.1253000000360771,0.0,34.04370000043855,34.0900999999576,34.04729999965639,500,500,333.0,1501.5015015015017,,False,7.764599999973143
2934,exp1-completion-paced,66,264,0.2728999997998471,2.8304999996180413,46.02299999987736,43.19250000025932,0.0206000004254747,24.990200000502227,500,31,19.2892999994001,25.037200000042503,False,31,0.0209999998332932,0.0259999997069826,0.0189000002137618,5.39550000030431,0.1451999996788799,0.0292000004264991,19.2892999994001,0.1118999998652725,0.0,24.990200000502227,25.037200000042503,24.99829999942449,500,500,333.0,1501.5015015015017,,False,20.985799999834853
2935,exp1-completion-paced,66,264,0.2844000000550295,0.0534000000698142,33.75580000010814,33.702400000038324,0.0411000000895001,21.185399999922083,500,32,15.579500000058031,21.235100000012608,False,32,0.0221999998757382,0.0275000002147862,0.0184999998964485,5.295799999657902,0.1402000007146853,0.0288999999611405,15.579500000058031,0.1222999999299645,0.0,21.185399999922083,21.235100000012608,21.19360000051529,500,500,333.0,1501.5015015015017,,False,12.52070000009553
2936,exp1-completion-paced,66,264,0.2798000004986534,0.0546999999642139,39.87950000009732,39.82480000013311,0.0198000007003429,21.32560000063677,500,33,15.975299999809067,21.369500000218977,False,33,0.02059999951598,0.0233000000662286,0.0173000007634982,5.060699999376084,0.1404000004185945,0.0288000001091859,15.975299999809067,0.1028999995469348,0.0,21.32560000063677,21.369500000218977,21.33229999981268,500,500,333.0,1501.5015015015017,,False,18.509999999878346
2937,exp1-completion-paced,66,264,0.2773000005618087,2.2315000005619368,32.22500000083528,29.993500000273343,0.0184000000444939,20.334599999841885,500,34,15.265900000486,20.37899999959336,False,34,0.017699999261822,0.0267000004896544,0.0187999994523124,4.775899999913236,0.1404000004185945,0.0295999998343177,15.265900000486,0.1036999992720666,0.0,20.334599999841885,20.37899999959336,20.342399999208283,500,500,333.0,1501.5015015015017,,False,11.846000001241919
2938,exp1-completion-paced,66,264,0.2861000002667424,0.0516999998581013,31.685400000242225,31.633700000384124,0.0182000003405846,21.032899999227084,500,35,15.814200000022538,21.079599999211496,False,35,0.0187999994523124,0.0279000005320995,0.0174999995579128,4.912500000500586,0.1508999994257465,0.0392000001738779,15.814200000022538,0.0982999999905587,0.0,21.032899999227084,21.079599999211496,21.03960000022198,500,500,333.0,1501.5015015015017,,False,10.60580000103073
2939,exp1-completion-paced,66,264,0.3603000004659407,1.1275000006207847,34.119700000701414,32.99220000008063,0.0190000000657164,20.873499999652267,500,36,15.694800000346731,20.944500000041444,False,36,0.0296999996862723,0.041300000702904,0.0175999994098674,4.895000000033178,0.1381000001856591,0.0289999998130952,15.694800000346731,0.0988000001598266,0.0,20.873499999652267,20.944500000041444,20.880200000647164,500,500,333.0,1501.5015015015017,,False,13.17520000065997
2940,exp1-completion-paced,66,264,0.3127999998469022,2.2743999998056097,36.9379999992816,34.66359999947599,0.0196000000869389,20.310800000515883,500,37,15.115500000320026,20.36370000041643,False,37,0.0189000002137618,0.0339999996867845,0.0177000001713167,4.911299999548646,0.1391000005241949,0.0396999994336511,15.115500000320026,0.0872000000526895,0.0,20.310800000515883,20.36370000041643,20.327500000348664,500,500,333.0,1501.5015015015017,,False,16.574299998865172
2941,exp1-completion-paced,66,264,0.2715000000534928,2.751900000475871,43.05420000036975,40.30229999989388,0.0255999993896693,21.04689999941911,500,38,15.988400000424008,21.089899999424237,False,38,0.0192999996215803,0.0237000003835419,0.0179999997271806,4.724499999610998,0.1378000006297952,0.0291999995170044,15.988400000424008,0.148799999806215,0.0,21.04689999941911,21.089899999424237,21.053999999821823,500,500,333.0,1501.5015015015017,,False,21.96430000094551
2942,exp1-completion-paced,66,264,0.2678000000742031,2.736400000685535,33.255400000598456,30.51899999991292,0.0188000003618071,20.64170000085141,500,39,15.583200000037325,20.69350000056147,False,39,0.025899999855028,0.025899999855028,0.024400000256719,4.74949999988894,0.1411000002917717,0.0289999998130952,15.583200000037325,0.1143999998021172,0.0,20.64170000085141,20.69350000056147,20.64819999941392,500,500,333.0,1501.5015015015017,,False,12.561900000036985
2943,exp1-completion-paced,66,264,0.309699999888835,1.718299999993178,39.76839999995718,38.050099999964,0.0200000004042522,20.7881999995152,500,40,15.607600000294042,20.845899999585527,False,40,0.029499999982363,0.0282000000879634,0.0177000001713167,4.858599999352009,0.1378000006297952,0.0277999997706501,15.607600000294042,0.138399999741523,0.0,20.7881999995152,20.845899999585527,20.794799999748648,500,500,333.0,1501.5015015015017,,False,18.922500000371656
2944,exp1-completion-paced,66,264,0.2749000004769186,1.2287999998079613,43.63449999982549,42.40570000001753,0.0349000001733657,21.314499999789405,500,41,16.013200000088545,21.35660000021744,False,41,0.0200000004042522,0.0221000000237836,0.0172000000020489,4.982999999811,0.1391000005241949,0.0290999996650498,16.013200000088545,0.1326999999946565,0.0,21.314499999789405,21.35660000021744,21.32080000046699,500,500,333.0,1501.5015015015017,,False,22.277899999608053
2945,exp1-completion-paced,66,264,0.281100000393053,1.2142000005042064,29.68570000030013,28.471499999795924,0.0200999993467121,21.480800000063027,500,42,15.985600000021805,21.52010000008886,False,42,0.0185999997484032,0.0207000002774293,0.016900000446185,5.198799999561743,0.1416000004610396,0.0272999996013822,15.985600000021805,0.1104000002669636,0.0,21.480800000063027,21.52010000008886,21.486900000127207,500,500,333.0,1501.5015015015017,,False,8.16560000021127
2946,exp1-completion-paced,66,264,0.3439999991314835,0.0503999999637017,41.95160000017495,41.90120000021125,0.017899999875226,21.94619999954739,500,43,15.789000000040687,21.994400000039604,False,43,0.0223000006371876,0.025899999855028,0.0172999998540035,5.685600000106206,0.2420000000711297,0.1077999995686695,15.789000000040687,0.1043000002027838,0.0,21.94619999954739,21.994400000039604,21.95320000009815,500,500,333.0,1501.5015015015017,,False,19.957200000135344
2947,exp1-completion-paced,66,264,0.2820999998220941,2.7406999997765524,31.180599999970585,28.43990000019403,0.0192999996215803,22.00619999985065,500,44,16.252800000074785,22.050600000511626,False,44,0.019300000531075,0.0251000001298962,0.0159999999596038,5.457399999613699,0.1480000000810832,0.028299999939918,16.252800000074785,0.1036000003296067,0.0,22.00619999985065,22.050600000511626,22.009799999977982,500,500,333.0,1501.5015015015017,,False,9.12999999945896
2948,exp1-completion-paced,66,264,0.2742000006037415,4.328600000008009,42.58879999997589,38.26019999996788,0.0274999993052915,23.40879999974277,500,45,16.539799999918614,23.45599999989645,False,45,0.0218999994103796,0.0253000007433001,0.0186999996003578,6.378500000209897,0.2626999994390644,0.1096000005418318,16.539799999918614,0.0991999995676451,0.0,23.40879999974277,23.45599999989645,23.416199999701348,500,500,333.0,1501.5015015015017,,False,19.132800000079442
2949,exp1-completion-paced,66,264,0.2745999991020653,2.227399999355839,39.82009999981528,37.592700000459445,0.0216000007640104,20.52480000020296,500,46,15.16300000002957,20.56829999946785,False,46,0.0192999996215803,0.024199999643315,0.0182000003405846,5.059299999629729,0.1430000002073939,0.0282000000879634,15.16300000002957,0.1128000003518536,0.0,20.52480000020296,20.56829999946785,20.53200000045763,500,500,333.0,1501.5015015015017,,False,19.251800000347426
2950,exp1-completion-paced,66,264,0.2727000000959378,1.194999999825086,38.95250000005035,37.757500000225264,0.0337000001309206,24.6460999996998,500,47,16.20550000006915,24.701199999981327,False,47,0.0195000002349843,0.0356000000465428,0.03870000000461,8.093599999483558,0.1402000007146853,0.0272999996013822,16.20550000006915,0.1403999995090998,0.0,24.6460999996998,24.701199999981327,24.65329999995447,500,500,333.0,1501.5015015015017,,False,14.251300000069023
2951,exp1-completion-paced,66,264,0.2749000004769186,2.8933999992659665,38.316199999826495,35.42280000056053,0.0192999996215803,20.644700000048037,500,48,15.35299999977724,20.6860999996934,False,48,0.0196000000869389,0.021799999558425,0.0183000001925393,4.976100000021688,0.1350000002275919,0.0276999999186955,15.35299999977724,0.1344000002063694,0.0,20.644700000048037,20.6860999996934,20.65149999998539,500,500,333.0,1501.5015015015017,,False,17.630100000133094
2952,exp1-completion-paced,66,264,0.2807000000757398,1.2174999992566882,35.9956999991482,34.77819999989151,0.0203999998120707,21.469600000273203,500,49,15.65389999996114,21.515200000067125,False,49,0.0194999993254896,0.0261000004684319,0.0165000001288717,5.496099999618309,0.1417000003129942,0.0302999997074948,15.65389999996114,0.1309999997829436,0.0,21.469600000273203,21.515200000067125,21.476899999470334,500,500,333.0,1501.5015015015017,,False,14.480499999081076
2953,exp1-completion-paced,66,264,0.2759999997579143,1.750000000356522,41.72769999968296,39.97769999932643,0.0188999993042671,21.631699999488774,500,50,16.357800000150746,21.682900000087105,False,50,0.0202999999601161,0.030900000638212,0.0180999995791353,4.963800000041374,0.138399999741523,0.0301000000035855,16.357800000150746,0.1233000002685003,0.0,21.631699999488774,21.682900000087105,21.639100000356848,500,500,333.0,1501.5015015015017,,False,20.044799999595856
2954,exp1-completion-paced,66,264,0.2818000002662302,1.2937999999849126,38.00549999959912,36.71169999961421,0.0206000004254747,22.088300000177696,500,51,15.809499999704713,22.13229999961186,False,51,0.0203999998120707,0.0235999996220925,0.0268000003416091,5.94840000030672,0.1512999997430597,0.0311000003421213,15.809499999704713,0.1210000000355648,0.0,22.088300000177696,22.13229999961186,22.095299999818963,500,500,333.0,1501.5015015015017,,False,15.873199999987257
2955,exp1-completion-paced,66,264,0.2780999993774458,1.2023999997836654,32.621999999719264,31.4195999999356,0.0201999991986667,22.20020000004297,500,52,17.0416999999361,22.24260000002687,False,52,0.019300000531075,0.0230999994528247,0.0164000002769171,4.865300000346906,0.1357999999527237,0.0264999998762505,17.0416999999361,0.1142999999501626,0.0,22.20020000004297,22.24260000002687,22.20630000010715,500,500,333.0,1501.5015015015017,,False,10.379399999692396
2956,exp1-completion-paced,66,264,0.2624999997351551,1.2201999998069368,34.30819999994128,33.08800000013434,0.0202000001081614,20.73229999950854,500,53,15.443400000549444,20.777499999894644,False,53,0.0186000006578979,0.0265999997282051,0.0181999994310899,4.972400000042399,0.1431000000593485,0.0319000000672531,15.443400000549444,0.1230999996550963,0.0,20.73229999950854,20.777499999894644,20.739100000355396,500,500,333.0,1501.5015015015017,,False,13.530700000046636
2957,exp1-completion-paced,66,264,0.2743000004556961,1.2444000003597466,29.70110000023851,28.456699999878765,0.0417999999626772,21.54739999969024,500,54,16.1536999994496,21.591900000203168,False,54,0.0194000003830296,0.0251000001298962,0.0178000000232714,5.059600000095088,0.1415999995515449,0.038900000618014,16.1536999994496,0.1356000002488144,0.0,21.54739999969024,21.591900000203168,21.554400000241003,500,500,333.0,1501.5015015015017,,False,8.109200000035344
2958,exp1-completion-paced,66,264,0.4502000001593842,1.0455999999976484,43.15399999995861,42.108399999960966,0.0202000001081614,22.692900000038208,500,55,16.63410000037402,22.736599999916507,False,55,0.0208999999813386,0.0227999998969608,0.0177000001713167,5.729499999688414,0.1450999998269253,0.0281000002360087,16.63410000037402,0.1382999998895684,0.0,22.692900000038208,22.736599999916507,22.699099999954345,500,500,333.0,1501.5015015015017,,False,20.4174000000421
2959,exp1-completion-paced,66,264,0.2711000006456743,0.6849999999758438,38.94469999977446,38.25969999979861,0.0189000002137618,23.716099999546717,500,56,18.302000000403496,23.778099999617552,False,56,0.0277999997706501,0.0342000003001885,0.0184999998964485,5.092200000035518,0.1381000001856591,0.0286999993477365,18.302000000403496,0.1363999999739462,0.0,23.716099999546717,23.778099999617552,23.723500000414788,500,500,333.0,1501.5015015015017,,False,15.166600000156905
2960,exp1-completion-paced,66,264,0.2764000000752276,1.205600000503182,38.38760000053298,37.1820000000298,0.0222999997276929,21.258100000522973,500,57,15.784000000166998,21.30089999991469,False,57,0.0200999993467121,0.0227000000450061,0.0178000000232714,5.152300000190735,0.1453000004403293,0.0291999995170044,15.784000000166998,0.1290000000153668,0.0,21.258100000522973,21.30089999991469,21.264300000439107,500,500,333.0,1501.5015015015017,,False,17.086700000618286
2961,exp1-completion-paced,66,264,0.2770999999484047,2.1749999996245606,36.27640000013344,34.101400000508875,0.0196000000869389,22.308000000521133,500,58,16.3219999994908,22.35810000001948,False,58,0.0277999997706501,0.0222999997276929,0.016900000446185,5.674199999702978,0.1441000003978843,0.0276000000667409,16.3219999994908,0.122899999951187,0.0,22.308000000521133,22.35810000001948,22.314199999527773,500,500,333.0,1501.5015015015017,,False,13.918300000113963
2962,exp1-completion-paced,66,264,0.2708000001803157,1.2449000005290145,32.62470000026951,31.3797999997405,0.0188000003618071,22.63109999967128,500,59,17.068099999960396,22.674699999697623,False,59,0.0186999996003578,0.0249000004259869,0.0169999993886449,5.140400000527734,0.2635000000736909,0.0298999993901816,17.068099999960396,0.1120000006267218,0.0,22.63109999967128,22.674699999697623,22.63810000022204,500,500,333.0,1501.5015015015017,,False,9.95000000057189
2963,exp1-completion-paced,66,264,0.2750999992713332,0.0665999996272148,36.88439999950788,36.81779999988066,0.0361000002158107,24.499199999809207,500,60,16.681799999787472,24.54200000011042,False,60,0.0186000006578979,0.024199999643315,0.0176000003193621,7.46049999997922,0.16330000016751,0.0365999994755839,16.681799999787472,0.1391000005241949,0.0,24.499199999809207,24.54200000011042,24.50540000063484,500,500,333.0,1501.5015015015017,,False,12.342399999397458
2964,exp1-completion-paced,66,264,0.2969999995912076,0.7108999998308718,35.35009999995964,34.63920000012877,0.0823000000309548,25.70430000014312,500,61,18.50660000036441,25.75040000010631,False,61,0.0208000001293839,0.0252999998338054,0.0164000002769171,6.666100000074948,0.2665000001798034,0.1127999994423589,18.50660000036441,0.1357000001007691,0.0,25.70430000014312,25.75040000010631,25.710699999763165,500,500,333.0,1501.5015015015017,,False,9.599699999853328
2965,exp1-completion-paced,66,264,0.2774000004137633,1.734999999825959,34.01969999958965,32.28469999976369,0.0200999993467121,20.50469999994675,500,62,15.01399999960995,20.545100000163075,False,62,0.0196000000869389,0.0208000001293839,0.0172000000020489,5.17760000002454,0.1363000001219916,0.0282000000879634,15.01399999960995,0.1312000003963476,0.0,20.50469999994675,20.545100000163075,20.511800000349467,500,500,333.0,1501.5015015015017,,False,13.474599999426573
2966,exp1-completion-paced,66,264,0.2849000002242974,1.2122000007366296,35.930300000472926,34.718099999736296,0.0192000006791204,21.04289999988396,500,63,15.495499999815364,21.090400000503,False,63,0.0196000000869389,0.0279000005320995,0.0175999994098674,5.240399999820511,0.1369999999951687,0.0299000002996763,15.495499999815364,0.1222000000780099,0.0,21.04289999988396,21.090400000503,21.04979999967327,500,500,333.0,1501.5015015015017,,False,14.839899999969926
2967,exp1-completion-paced,66,264,0.4576000001179636,1.0470999995959571,42.60879999947065,41.56169999987469,0.0208999999813386,25.610700000470388,500,64,17.682300000160467,25.719300000673684,False,64,0.0305000003208988,0.0780999998823972,0.0242000005528097,7.356899999649613,0.3785999997489853,0.0436999998782994,17.682300000160467,0.1247999998668092,0.0,25.610700000470388,25.719300000673684,25.620699999308272,500,500,333.0,1501.5015015015017,,False,16.889499998796964
2968,exp1-completion-paced,66,264,0.2717999996093567,5.260900000394031,32.813200000418874,27.552300000024843,0.0221999998757382,24.072500000329452,500,65,18.650199999683537,24.16050000010728,False,65,0.0196999999388935,0.0682999998389277,0.0178000000232714,5.09799999963434,0.1387000002068816,0.0294000001304084,18.650199999683537,0.1382000000376138,0.0,24.072500000329452,24.16050000010728,24.10150000014255,500,500,333.0,1501.5015015015017,,False,8.652700000311594
2969,exp1-completion-paced,66,264,0.2771999998003593,1.1721999999281252,44.75390000061452,43.5817000006864,0.0196000000869389,22.141200000078243,500,66,16.236500000559317,22.19249999961903,False,66,0.0255999993896693,0.0257000001511187,0.0185999997484032,5.5775000000721775,0.1473000002079061,0.0276999999186955,16.236500000559317,0.1333999998678336,0.0,22.141200000078243,22.19249999961903,22.148600000036826,500,500,333.0,1501.5015015015017,,False,22.56140000099549
2970,exp1-completion-paced,66,264,0.2782999999908497,1.2496999997893,39.29880000032426,38.04910000053496,0.0397999992856057,21.19310000034602,500,67,15.887600000496604,21.2467999999717,False,67,0.0206999993679346,0.0330000002577435,0.0173999997059581,4.980600000635604,0.1437999999325256,0.0284999996438273,15.887600000496604,0.1349999993180972,0.0,21.19310000034602,21.2467999999717,21.202299999458774,500,500,333.0,1501.5015015015017,,False,18.052000000352564
2971,exp1-completion-paced,66,264,0.2872999993996927,1.2200000001030276,49.38119999951596,48.16119999941293,0.0239000000874511,28.750399999808,500,68,18.155200000364857,28.956499999367225,False,68,0.0303999995594494,0.1756999999997788,0.0249000004259869,10.053199999674687,0.2612999996927101,0.119000000267988,18.155200000364857,0.1364999998259009,0.0,28.750399999808,28.956499999367225,28.76060000016878,500,500,333.0,1501.5015015015017,,False,20.424700000148732
2972,exp1-completion-paced,66,264,0.2678999999261577,1.2089000001651584,39.7902000004251,38.58130000025994,0.0202999999601161,31.81750000021566,500,69,23.238699999637905,31.900000000860015,False,69,0.0263000001723412,0.0562000004720175,0.024199999643315,8.247300000221003,0.1427999995939899,0.0279000005320995,23.238699999637905,0.1363000001219916,0.0,31.81750000021566,31.900000000860015,31.826899999941816,500,500,333.0,1501.5015015015017,,False,7.8901999995650876
2973,exp1-completion-paced,66,264,0.2718999994613114,0.0479999998788116,43.81709999961458,43.76909999973577,0.0195000002349843,22.00369999991381,500,70,16.406000000642962,22.045700000489887,False,70,0.0178000000232714,0.0242000005528097,0.0172000000020489,5.275800000163144,0.143700000080571,0.0274999993052915,16.406000000642962,0.133300000015879,0.0,22.00369999991381,22.045700000489887,22.01039999999921,500,500,333.0,1501.5015015015017,,False,21.77139999912469
2974,exp1-completion-paced,66,264,0.2802999997584265,2.742100000432401,32.79689999999391,30.05479999956151,0.0202000001081614,22.01319999949192,500,71,16.225000000304135,22.05729999968753,False,71,0.0199999994947575,0.0241000007008551,0.0170999992405995,5.476100000123552,0.1406999999744584,0.0311000003421213,16.225000000304135,0.1229999998031416,0.0,22.01319999949192,22.05729999968753,22.01920000061364,500,500,333.0,1501.5015015015017,,False,10.739600000306382
2975,exp1-completion-paced,66,264,0.2843000002030749,1.1914999995497055,44.51639999933832,43.32489999978861,0.0202000001081614,22.329999999783468,500,72,16.58809999935329,22.37570000033884,False,72,0.019099999917671,0.0266000006376998,0.030999999580672,5.409800000052201,0.1401999998051906,0.0425000007453491,16.58809999935329,0.1182000005428562,0.0,22.329999999783468,22.37570000033884,22.33810000052472,500,500,333.0,1501.5015015015017,,False,22.14069999899948
2976,exp1-completion-paced,66,264,0.2633000003697816,1.2166999995315564,32.09999999944557,30.883299999914016,0.0181999994310899,21.7465000005177,500,73,16.291800000544754,21.974200000840938,False,73,0.0223000006371876,0.2053999996860511,0.0172000000020489,5.129400000441819,0.1397999994878773,0.0314999997499398,16.291800000544754,0.1365999996778555,0.0,21.7465000005177,21.974200000840938,21.78579999963404,500,500,333.0,1501.5015015015017,,False,10.125799998604634
2977,exp1-completion-paced,66,264,0.2807999999276944,1.2285000002520974,43.50109999995766,42.27259999970556,0.0398000001951004,23.5489000006055,500,74,16.18479999979172,23.60690000023169,False,74,0.0183000001925393,0.0396999994336511,0.1527000003989087,6.876999999803957,0.1467000001866836,0.029499999982363,16.18479999979172,0.157999999828462,0.0,23.5489000006055,23.60690000023169,23.571099999571743,500,500,333.0,1501.5015015015017,,False,19.89419999972597
2978,exp1-completion-paced,66,264,0.2715000000534928,1.2557999998534797,41.24219999994239,39.986400000088906,0.0270000000455183,27.054000000134693,500,75,21.412099999906783,27.09859999959008,False,75,0.0202999999601161,0.0242999994952697,0.0186000006578979,5.325299999640265,0.1443999999537482,0.0286000004052766,21.412099999906783,0.1247999998668092,0.0,27.054000000134693,27.09859999959008,27.06099999977596,500,500,333.0,1501.5015015015017,,False,14.143600000352315
2979,exp1-completion-paced,66,264,0.2731000004132511,0.7476000000679051,33.31789999992907,32.57029999986116,0.021799999558425,22.87470000010217,500,76,16.94599999973434,22.919399999409507,False,76,0.0196999999388935,0.0249999993684468,0.0182000003405846,5.612900000414811,0.1466999992771889,0.0274000003628316,16.94599999973434,0.1233000002685003,0.0,22.87470000010217,22.919399999409507,22.881699999743432,500,500,333.0,1501.5015015015017,,False,10.398500000519562
2980,exp1-completion-paced,66,264,0.2789999998640269,0.7163999998738291,32.35550000044896,31.639100000575127,0.0196999999388935,20.90440000029048,500,77,15.393399999993562,20.95970000027592,False,77,0.0291000005745445,0.0261999994108919,0.0168000005942303,5.202100000133214,0.1393999991705641,0.0310000004901667,15.393399999993562,0.1215000002048327,0.0,20.90440000029048,20.95970000027592,20.91110000037588,500,500,333.0,1501.5015015015017,,False,11.395800000173043
2981,exp1-completion-paced,66,264,0.2984000002470566,2.7585999996517785,44.28099999950064,41.52239999984886,0.0215000000025611,22.620099999585364,500,78,16.86100000006263,22.66319999944244,False,78,0.0185999997484032,0.0245000001086737,0.0183000001925393,5.448299999443407,0.1442000002498389,0.0290999996650498,16.86100000006263,0.1189000004160334,0.0,22.620099999585364,22.66319999944244,22.627100000136124,500,500,333.0,1501.5015015015017,,False,21.617800000058196
2982,exp1-completion-paced,66,264,0.3434999998717103,0.1718999992590397,33.62569999990228,33.45380000064324,0.0185999997484032,22.15029999933904,500,79,16.67749999978696,22.202199999810546,False,79,0.0196999999388935,0.0322000005326117,0.0245000001086737,5.143599999428261,0.1406999999744584,0.0282000000879634,16.67749999978696,0.1355000003968598,0.0,22.15029999933904,22.202199999810546,22.15650000016467,500,500,333.0,1501.5015015015017,,False,11.423500000091735
2983,exp1-completion-paced,66,264,0.2766000006886315,1.235100000485545,34.18779999992694,32.95269999944139,0.0202000001081614,21.45019999989017,500,80,16.100000000733417,21.508300000277814,False,80,0.0215999998545157,0.0365000005331239,0.0184999998964485,5.019999999603897,0.1462000000174157,0.0295999998343177,16.100000000733417,0.1355999993393197,0.0,21.45019999989017,21.508300000277814,21.456899999975576,500,500,333.0,1501.5015015015017,,False,12.679499999649124
2984,exp1-completion-paced,66,264,0.2608000004329369,1.2406000005285025,37.30619999987539,36.06559999934689,0.0192999996215803,23.48309999979392,500,81,16.129900000123598,23.536200000307872,False,81,0.0202000001081614,0.0329000004057888,0.0180999995791353,7.032000000435801,0.1426999997420353,0.0295999998343177,16.129900000123598,0.1306000003751251,0.0,23.48309999979392,23.536200000307872,23.49030000004859,500,500,333.0,1501.5015015015017,,False,13.769999999567517
2985,exp1-completion-paced,66,264,0.4622999995262944,2.081199999338424,27.10339999975986,25.022200000421435,0.0200000004042522,21.754600000349456,500,82,16.08029999988503,21.80750000025,False,82,0.0288999999611405,0.0239999999394058,0.0182000003405846,5.322400000295602,0.1602000002094428,0.0301000000035855,16.08029999988503,0.1431999999113031,0.0,21.754600000349456,21.80750000025,21.76159999999072,500,500,333.0,1501.5015015015017,,False,5.29589999950986
2986,exp1-completion-paced,66,264,0.276099999609869,1.2052000001858687,45.826100000340375,44.620900000154506,0.0197999997908482,30.507999999827007,500,83,24.22839999962889,30.59560000019701,False,83,0.0668000002406188,0.0208000001293839,0.0176000003193621,5.763499999375199,0.2512000000933767,0.1129000002038083,24.22839999962889,0.1342000005024601,0.0,30.507999999827007,30.59560000019701,30.51330000016605,500,500,333.0,1501.5015015015017,,False,15.230500000143365
2987,exp1-completion-paced,66,264,0.2773999995042686,1.2192000003778958,48.94979999971838,47.73059999934048,0.0208999999813386,22.148699999888777,500,84,16.926199999943492,22.19109999987268,False,84,0.0198999996428028,0.0225000003410968,0.0179999997271806,4.906500000288361,0.1351000000795466,0.0310999994326266,16.926199999943492,0.1315999998041661,0.0,22.148699999888777,22.19109999987268,22.156299999551266,500,500,333.0,1501.5015015015017,,False,26.7586999998457
2988,exp1-completion-paced,66,264,0.286200000118697,2.753300000222225,43.54719999992085,40.793899999698624,0.0224000004891422,29.74629999971512,500,85,24.39020000019809,29.793900000186117,False,85,0.0207000002774293,0.0269000001935637,0.0181999994310899,4.941099999996368,0.137400000312482,0.0328999994962941,24.39020000019809,0.2260999999634805,0.0,29.74629999971512,29.793900000186117,29.75340000011784,500,500,333.0,1501.5015015015017,,False,13.753299999734732
2989,exp1-completion-paced,66,264,0.2686999996512895,2.7399000000514206,44.55040000084409,41.81050000079267,0.0199000005522975,23.750100000142996,500,86,17.625999999836495,23.811200000636745,False,86,0.028299999939918,0.0328000005538342,0.0208000001293839,5.701099999896542,0.1427999995939899,0.0292000004264991,17.625999999836495,0.2298999997947248,0.0,23.750100000142996,23.811200000636745,23.75779999965744,500,500,333.0,1501.5015015015017,,False,20.739200000207347
2990,exp1-completion-paced,66,264,0.2802999997584265,2.2311000002446235,39.02540000035515,36.794300000110525,0.0212999993891571,20.740400000249792,500,87,15.434300000379151,20.79169999979058,False,87,0.0207000002774293,0.0305999992633587,0.0170000002981396,4.990499999621534,0.1381000001856591,0.029499999982363,15.434300000379151,0.1308000000790343,0.0,20.740400000249792,20.79169999979058,20.74679999986984,500,500,333.0,1501.5015015015017,,False,18.233700000564568
2991,exp1-completion-paced,66,264,0.2713000003495835,1.2923999993290636,36.58319999976811,35.29080000043905,0.02050000057352,21.422400000119524,500,88,16.120299999784038,21.466799999871,False,88,0.0197999997908482,0.0245999999606283,0.0184000000444939,4.983499999980268,0.1382000000376138,0.0300000001516309,16.120299999784038,0.1318000004175701,0.0,21.422400000119524,21.466799999871,21.42900000035297,500,500,333.0,1501.5015015015017,,False,15.116399999897112
2992,exp1-completion-paced,66,264,0.4613000000972533,0.1024000002871616,41.812499999650754,41.71009999936359,0.0743000000511528,24.390699999457865,500,89,18.7127999997756,24.44539999942208,False,89,0.0196999999388935,0.0350000000253203,0.0185999997484032,5.253700000139361,0.1431999999113031,0.0294000001304084,18.7127999997756,0.2326000003449735,0.0,24.390699999457865,24.44539999942208,24.407500000052096,500,500,333.0,1501.5015015015017,,False,17.367100000228675
2993,exp1-completion-paced,66,264,0.2786000004562083,1.0960999998133047,30.531899999914454,29.435800000101157,0.0195000002349843,20.377700000608456,500,90,15.192599999863887,20.42170000004262,False,90,0.0196999999388935,0.0242999994952697,0.0177000001713167,4.875000000538421,0.1362999992124969,0.0296000007438124,15.192599999863887,0.1262999994651181,0.0,20.377700000608456,20.42170000004262,20.384399999784364,500,500,333.0,1501.5015015015017,,False,10.110199999871835
2994,exp1-completion-paced,66,264,0.2639999993334641,0.0576000002183718,31.401900000673777,31.344300000455405,0.0196000000869389,21.21220000026369,500,91,15.518999999585503,21.26200000020617,False,91,0.0187000005098525,0.0310999994326266,0.0246999998125829,5.371700000068813,0.1405000002705492,0.029499999982363,15.518999999585503,0.1266000008399714,0.0,21.21220000026369,21.26200000020617,21.218700000645185,500,500,333.0,1501.5015015015017,,False,10.139900000467605
2995,exp1-completion-paced,66,264,0.2868999999918742,3.7510000001930166,41.83889999967505,38.08789999948203,0.0410999991800054,25.16369999921153,500,92,19.60109999981796,25.215399999979127,False,92,0.0218000004679197,0.0299000002996763,0.0197999997908482,5.154099999344908,0.14270000065153,0.0325999999404302,19.60109999981796,0.2130000002580345,0.0,25.16369999921153,25.215399999979127,25.171700000100827,500,500,333.0,1501.5015015015017,,False,16.623499999695923
2996,exp1-completion-paced,66,264,0.2778999996735365,2.7145999993081205,33.87729999940348,31.16270000009536,0.0450000006821937,22.36220000031608,500,93,16.741299999921466,22.408200000427318,False,93,0.0199000005522975,0.0260999995589372,0.0175000004674075,5.094399999507004,0.246000000515778,0.0302999997074948,16.741299999921466,0.2322000000276602,0.0,22.36220000031608,22.408200000427318,22.368899999491987,500,500,333.0,1501.5015015015017,,False,11.469099998976166
2997,exp1-completion-paced,66,264,0.2670000003490713,4.273000000466709,29.784299999846557,25.511299999379844,0.0588000002608168,21.094300000186195,500,94,15.58999999997468,21.14460000029794,False,94,0.0215999998545157,0.0287000002572312,0.0184999998964485,5.15590000031807,0.1726000000417116,0.0279999994745594,15.58999999997468,0.1290000000153668,0.0,21.094300000186195,21.14460000029794,21.10199999970064,500,500,333.0,1501.5015015015017,,False,8.639699999548615
2998,exp1-completion-paced,66,264,0.2779999995254911,1.2772000000040862,37.4309999997422,36.15379999973811,0.0193999994735349,26.009399999566085,500,95,18.01049999994575,26.05440000024828,False,95,0.0208999999813386,0.0241000007008551,0.0365999994755839,7.429899999806366,0.2793000003293855,0.1345999999102787,18.01049999994575,0.1184000002467655,0.0,26.009399999566085,26.05440000024828,26.01630000026489,500,500,333.0,1501.5015015015017,,False,11.37659999949392
2999,exp1-completion-paced,66,264,0.2726000002439832,2.251199999591336,40.91939999943861,38.66819999984728,0.0215000000025611,21.38620000005176,500,96,15.895300000011048,21.42889999959152,False,96,0.0191999997696257,0.0234999997701379,0.0179999997271806,5.191700000068522,0.1397000005454174,0.0296999996862723,15.895300000011048,0.1116000003094086,0.0,21.38620000005176,21.42889999959152,21.39340000030643,500,500,333.0,1501.5015015015017,,False,19.490499999847092
3000,exp1-completion-paced,66,264,0.4591000006257673,1.0232000004180009,45.239500000207045,44.21629999978904,0.0196999999388935,24.690799999916635,500,97,19.515599999976985,24.741000000176427,False,97,0.0213000002986518,0.0288999999611405,0.0174999995579128,4.891300000053889,0.1421000006303074,0.0318000002152984,19.515599999976985,0.0923999996302882,0.0,24.690799999916635,24.741000000176427,24.69819999987521,500,500,333.0,1501.5015015015017,,False,20.498500000030617
3001,exp1-completion-paced,66,264,0.2881999998862738,1.2102999999115127,35.17589999955817,33.965599999646656,0.017899999875226,21.68919999985519,500,98,16.583400000854454,21.729799999775423,False,98,0.0191999997696257,0.0214000001506065,0.017899999875226,4.837299999962852,0.1400000001012813,0.0311999992845812,16.583400000854454,0.0790999993114383,0.0,21.68919999985519,21.729799999775423,21.69529999991937,500,500,333.0,1501.5015015015017,,False,13.446099999782746
3002,exp1-completion-paced,66,264,0.2633000003697816,1.7401000004610978,30.64670000003389,28.90659999957279,0.0215000000025611,21.18209999935061,500,99,16.33640000000014,21.22499999950378,False,99,0.0195000002349843,0.0233999999181833,0.0168999995366903,4.560899999887624,0.1333999998678336,0.0281000002360087,16.33640000000014,0.1061000002664513,0.0,21.18209999935061,21.22499999950378,21.18770000015502,500,500,333.0,1501.5015015015017,,False,9.421700000530109
3003,exp1-completion-paced,66,264,0.2742999995462014,0.0468999996883212,39.44370000044728,39.39680000075896,0.0195000002349843,21.247099999527563,500,100,14.888799999425828,21.292600000379025,False,100,0.0197000008483883,0.0258000000030733,0.0182999992830446,6.056100000023434,0.1480999999330379,0.029700000595767,14.888799999425828,0.1059000005625421,0.0,21.247099999527563,21.292600000379025,21.25400000022637,500,500,333.0,1501.5015015015017,,False,18.151100000068254
3004,exp1-completion-paced,66,264,0.2705000006244518,2.7900999994017184,29.6238999999332,26.833800000531483,0.0247000007220776,19.69809999991412,500,101,14.576900000065509,19.748599999729777,False,101,0.0211999995372025,0.0293000002784538,0.0177000001713167,4.802399999789486,0.141299999995681,0.0384000004487461,14.576900000065509,0.1211999997394741,0.0,19.69809999991412,19.748599999729777,19.70530000016879,500,500,333.0,1501.5015015015017,,False,9.875300000203424
3005,exp1-completion-paced,66,264,0.2950999996755854,1.6719999994165846,38.60279999935301,36.930799999936426,0.0203999998120707,20.02869999978429,500,102,15.084399999977904,20.066800000677176,False,102,0.0175000004674075,0.0206000004254747,0.0179999997271806,4.656500000237429,0.1372999995510326,0.0294000001304084,15.084399999977904,0.1028999995469348,0.0,20.02869999978429,20.066800000677176,20.03429999967921,500,500,333.0,1501.5015015015017,,False,18.535999998675834
3006,exp1-completion-paced,66,264,0.2679999997781124,2.7752999994845595,32.19309999985853,29.417800000373973,0.0209999998332932,20.13939999960712,500,103,15.136799999709185,20.18569999927422,False,103,0.0202999999601161,0.0259999997069826,0.0174999995579128,4.713100000117265,0.1390000006722402,0.0276999999186955,15.136799999709185,0.1051999997798702,0.0,20.13939999960712,20.18569999927422,20.146699999713743,500,500,333.0,1501.5015015015017,,False,12.007400000584312
3007,exp1-completion-paced,66,264,0.300499999866588,1.2085999996997998,37.72620000017923,36.51760000047943,0.0786999999036197,21.57309999984136,500,104,16.378399999666726,21.632900000440717,False,104,0.0202999999601161,0.0395000006392365,0.0178000000232714,4.90319999971689,0.1408999996783677,0.0291000005745445,16.378399999666726,0.1034999995681573,0.0,21.57309999984136,21.632900000440717,21.57699999952456,500,500,333.0,1501.5015015015017,,False,16.093299999738516
3008,exp1-completion-paced,66,264,0.2732000002652057,0.0509000001329695,33.71560000050522,33.66470000037225,0.0176000003193621,19.557099999474303,500,105,14.742699999260369,19.605099999353115,False,105,0.0194999993254896,0.028500000553322,0.0162999995154677,4.538000000138709,0.1315999998041661,0.0284000007013673,14.742699999260369,0.0999000003503169,0.0,19.557099999474303,19.605099999353115,19.561000000067,500,500,333.0,1501.5015015015017,,False,14.110500001152104
3009,exp1-completion-paced,66,264,0.3068999994866317,1.2158999998064246,34.30709999975079,33.091199999944365,0.0181999994310899,19.53869999942981,500,106,14.770499999940512,19.584900000154448,False,106,0.0208999999813386,0.0253000007433001,0.0184000000444939,4.478699999708624,0.1337000003331923,0.0290999996650498,14.770499999940512,0.1081000000340282,0.0,19.53869999942981,19.584900000154448,19.54589999968448,500,500,333.0,1501.5015015015017,,False,14.722199999596342
3010,exp1-completion-paced,66,264,0.2746999998635147,1.2909000006402491,40.93470000043453,39.64379999979428,0.0201000002562068,20.73050000035437,500,107,15.708599999925354,20.77220000046509,False,107,0.0194000003830296,0.0222999997276929,0.0159999999596038,4.7377000000778935,0.1370999998471234,0.028500000553322,15.708599999925354,0.1025000001391163,0.0,20.73050000035437,20.77220000046509,20.73720000043977,500,500,333.0,1501.5015015015017,,False,20.16249999996944
3011,exp1-completion-paced,66,264,0.2714000002015382,0.0512999995407881,31.79290000025503,31.741600000714243,0.0201000002562068,20.83020000009128,500,108,15.418799999679322,20.875799999885203,False,108,0.0185999997484032,0.0270000000455183,0.0325000000884756,5.080300000372517,0.1413999998476356,0.0572999997530132,15.418799999679322,0.0998000004983623,0.0,20.83020000009128,20.875799999885203,20.83700000002864,500,500,333.0,1501.5015015015017,,False,10.917100000369828
3012,exp1-completion-paced,66,264,0.2776000001176726,1.2176000000181375,38.99790000014036,37.780300000122224,0.0337000001309206,20.953999999619555,500,109,15.954199999214325,21.011299999372568,False,109,0.0184999998964485,0.0387999998565646,0.0179999997271806,4.679499999838299,0.1658000001043547,0.0358000006599468,15.954199999214325,0.1005000003715395,0.0,20.953999999619555,21.011299999372568,20.958000000064203,500,500,333.0,1501.5015015015017,,False,17.986600000767794
3013,exp1-completion-paced,66,264,0.3508999998302897,2.7215999998588813,42.84310000002733,40.12150000016845,0.0211000005947425,24.82719999989058,500,110,16.91819999996369,24.89900000000489,False,110,0.0264000000242958,0.0454000000900123,0.019099999917671,7.607800000187126,0.148799999806215,0.0306000001728534,16.91819999996369,0.1025999999910709,0.0,24.82719999989058,24.89900000000489,24.83490000031452,500,500,333.0,1501.5015015015017,,False,17.944100000022438
3014,exp1-completion-paced,66,264,0.2812000002450077,1.7198999994434416,44.93499999989581,43.21510000045237,0.0200000004042522,19.958900000347057,500,111,14.757900000404334,20.007699999951,False,111,0.02299999960087,0.0258000000030733,0.0183000001925393,4.887099999905331,0.1423000003342167,0.0291999995170044,14.757900000404334,0.1239000002897228,0.0,19.958900000347057,20.007699999951,19.966000000749773,500,500,333.0,1501.5015015015017,,False,24.927299999944807
3015,exp1-completion-paced,66,264,0.4562000003716093,2.061600000160979,38.13420000005863,36.07259999989765,0.0185999997484032,24.33629999995901,500,112,17.478599999776634,24.381300000641204,False,112,0.0207000002774293,0.0243000004047644,0.0173999997059581,6.535800000165182,0.1416999994034995,0.0267000004896544,17.478599999776634,0.1358999998046783,0.0,24.33629999995901,24.381300000641204,24.342199999409782,500,500,333.0,1501.5015015015017,,False,13.752899999417423
3016,exp1-completion-paced,66,264,0.278499999694759,0.0506999995195656,40.44939999948838,40.39869999996881,0.0170999992405995,22.09249999941676,500,113,16.87320000019099,22.13749999918946,False,113,0.0198999996428028,0.0251000001298962,0.0174999995579128,4.929499999889231,0.1414000007571303,0.0287999991996912,16.87320000019099,0.1018000002659391,0.0,22.09249999941676,22.13749999918946,22.100099999988743,500,500,333.0,1501.5015015015017,,False,18.31190000029892
3017,exp1-completion-paced,66,264,0.2731000004132511,1.221100000293518,36.87869999976101,35.65759999946749,0.0272999996013822,25.70149999974092,500,114,20.317700000305194,25.74590000040189,False,114,0.0198000007003429,0.0245999999606283,0.0185999997484032,5.0500999996074825,0.1394999999320134,0.0681999999869731,20.317700000305194,0.1072000004569417,0.0,25.70149999974092,25.74590000040189,25.7091000003129,500,500,333.0,1501.5015015015017,,False,11.132799999359122
3018,exp1-completion-paced,66,264,0.2686999996512895,1.272800000151619,37.50240000044869,36.22960000029707,0.0189000002137618,26.95099999982631,500,115,21.671900000001187,27.00389999972685,False,115,0.0276999999186955,0.0251999999818508,0.0164000002769171,4.950499999722524,0.1369000001432141,0.0284999996438273,21.671900000001187,0.146399999721325,0.0,26.95099999982631,27.00389999972685,26.957199999742443,500,500,333.0,1501.5015015015017,,False,10.498500000721837
3019,exp1-completion-paced,66,264,0.2687999995032442,1.2366999999358086,28.794999999263386,27.558299999327573,0.019300000531075,20.9911000001739,500,116,15.66019999972923,21.038799999587354,False,116,0.0193999994735349,0.028299999939918,0.016900000446185,5.028999999922235,0.1401999998051906,0.028299999939918,15.66019999972923,0.1163000006272341,0.0,20.9911000001739,21.038799999587354,20.996900000682217,500,500,333.0,1501.5015015015017,,False,7.756199999676031
3020,exp1-completion-paced,66,264,0.2569999996921979,1.2797999997928855,34.195399999589426,32.91559999979654,0.0174999995579128,22.2273999997924,500,117,15.883600000051956,22.28489999924932,False,117,0.0184999998964485,0.0389999995604739,0.0279000005320995,6.0258999992584,0.1425999998900806,0.0313000000460306,15.883600000051956,0.1158000004579662,0.0,22.2273999997924,22.28489999924932,22.248400000535185,500,500,333.0,1501.5015015015017,,False,11.910500000340107
3021,exp1-completion-paced,66,264,0.2763000002232729,1.2228999994476908,33.37110000029497,32.14820000084728,0.0192999996215803,21.515500000532484,500,118,16.0158999997293,21.583500000815548,False,118,0.0306000001728534,0.0374000001102103,0.0239999999394058,5.205800000112504,0.138600000354927,0.0289999998130952,16.0158999997293,0.1019000001178938,0.0,21.515500000532484,21.583500000815548,21.52269999987766,500,500,333.0,1501.5015015015017,,False,11.787599999479426
3022,exp1-completion-paced,66,264,0.4360000002634479,0.54679999993823,29.71609999985958,29.16929999992135,0.022000000171829,21.911499999987427,500,119,16.48520000071585,21.966999999676773,False,119,0.0301000000035855,0.0253999996857601,0.0183000001925393,5.021200000555837,0.139899999339832,0.0325999999404302,16.48520000071585,0.2139999996870756,0.0,21.911499999987427,21.966999999676773,21.91839999977674,500,500,333.0,1501.5015015015017,,False,7.749100000182807
3023,exp1-completion-paced,66,264,0.2755999994406011,0.7537999999840395,36.30279999924824,35.5489999992642,0.0202999999601161,21.44849999967846,500,120,15.881399999670975,21.492699999726028,False,120,0.0196999999388935,0.0245000001086737,0.0177000001713167,5.256999999801337,0.143499999467167,0.0284000007013673,15.881399999670975,0.1203000001623877,0.0,21.44849999967846,21.492699999726028,21.45440000003873,500,500,333.0,1501.5015015015017,,False,14.810099999522215
3024,exp1-completion-paced,66,264,0.2819000001181848,1.0625999993862931,38.85889999946812,37.79630000008183,0.0201000002562068,21.244499999738764,500,121,15.966800000569492,21.28950000042096,False,121,0.019099999917671,0.0259000007645227,0.0194999993254896,4.967400000168709,0.1381000001856591,0.0302999997074948,15.966800000569492,0.1222000000780099,0.0,21.244499999738764,21.28950000042096,21.251800000754884,500,500,333.0,1501.5015015015017,,False,17.56939999904716
3025,exp1-completion-paced,66,264,0.2618000007714727,2.75340000007418,35.838800000419724,33.085400000345544,0.0174000006154528,20.70430000003398,500,122,15.272499999809952,20.748800000546908,False,122,0.0203000008696108,0.024199999643315,0.0184999998964485,5.129400000441819,0.142299999424722,0.0301000000035855,15.272499999809952,0.1113000007535447,0.0,20.70430000003398,20.748800000546908,20.71180000075401,500,500,333.0,1501.5015015015017,,False,15.089999999872816
3026,exp1-completion-paced,66,264,0.2739000001383829,0.6800999999541091,49.88929999944958,49.20919999949547,0.0189000002137618,26.913599999716094,500,123,18.804199999976845,26.96109999942564,False,123,0.0192999996215803,0.0282000000879634,0.0196999999388935,7.762700000057521,0.1523999999335501,0.0430000000051222,18.804199999976845,0.1314999999522115,0.0,26.913599999716094,26.96109999942564,26.92179999939981,500,500,333.0,1501.5015015015017,,False,22.928200000023935
3027,exp1-completion-paced,66,264,0.4570000000967411,0.0747000003684661,48.20720000043366,48.13250000006519,0.0206000004254747,39.15460000007442,500,124,29.09569999974337,39.27550000025804,False,124,0.0227000000450061,0.098200000138604,0.0258000000030733,9.41789999978937,0.2690999999686028,0.1234000001204549,29.09569999974337,0.2223000001322361,0.0,39.15460000007442,39.27550000025804,39.16479999952571,500,500,333.0,1501.5015015015017,,False,8.931700000175617
3028,exp1-completion-paced,66,264,0.282599999991362,2.738400000453112,46.31760000029317,43.57919999984006,0.0207999992198892,29.008999999859952,500,125,18.983599999955917,29.05740000005608,False,125,0.0218999994103796,0.0265000007857452,0.0174999995579128,9.465500000260365,0.294200000098499,0.1195999993797158,18.983599999955917,0.1283000001421896,0.0,29.008999999859952,29.05740000005608,29.015699999945355,500,500,333.0,1501.5015015015017,,False,17.260200000237088
3029,exp1-completion-paced,66,264,0.2889999996114056,1.7012999996950384,54.11370000001625,52.41240000032121,0.0652000007903552,33.28250000049593,500,126,24.074799999652896,33.32810000028985,False,126,0.0206000004254747,0.0249999993684468,0.0197999997908482,8.499300000039511,0.2885000003516325,0.1216000000567874,24.074799999652896,0.2781000002869405,0.0,33.28250000049593,33.32810000028985,33.28979999969306,500,500,333.0,1501.5015015015017,,False,20.7855999997264
3030,exp1-completion-paced,66,264,0.2716999997574021,2.7791000002252986,37.752199999886216,34.97309999966092,0.0212000004466972,20.537399999739137,500,127,15.330299999732231,20.59850000023289,False,127,0.0212000004466972,0.039900000047055,0.0183999991349992,4.882700000052864,0.1355000003968598,0.0293000002784538,15.330299999732231,0.1409999995303223,0.0,20.537399999739137,20.59850000023289,20.543999999972584,500,500,333.0,1501.5015015015017,,False,17.153699999653327
3031,exp1-completion-paced,66,264,0.2776999999696272,1.2504999995144317,28.143399999862595,26.892900000348163,0.017899999875226,20.572899999933725,500,128,15.443299999787996,20.650899999964167,False,128,0.0198999996428028,0.0581000003876397,0.0180999995791353,4.821700000320561,0.1320000001214794,0.0259999997069826,15.443299999787996,0.1316000007136608,0.0,20.572899999933725,20.650899999964167,20.590300000549178,500,500,333.0,1501.5015015015017,,False,7.492499999898428
3032,exp1-completion-paced,66,264,0.2982999994856072,1.6922999993767007,39.210199999615725,37.517900000239024,0.0182999992830446,22.614200000134588,500,129,17.026999999870895,22.707300000547548,False,129,0.0658000008115777,0.0272999996013822,0.0182000003405846,5.2341999999043765,0.1646999999138643,0.0326999997923849,17.026999999870895,0.1373000004605273,0.0,22.614200000134588,22.707300000547548,22.62169999994512,500,500,333.0,1501.5015015015017,,False,16.502899999068177
3033,exp1-completion-paced,66,264,0.2697999998417799,4.251700000168057,58.05599999985134,53.80429999968328,0.0204999996640253,40.38980000041192,500,130,29.9075000002631,40.45459999997547,False,130,0.0209999998332932,0.043799999730254,0.01810000048863,9.965499999452732,0.14759999976377,0.0773000001572654,29.9075000002631,0.2734999998210696,0.0,40.38980000041192,40.45459999997547,40.39740000007441,500,500,333.0,1501.5015015015017,,False,17.601399999875866
3034,exp1-completion-paced,66,264,0.2763000002232729,1.307999999880849,40.64809999999852,39.34010000011767,0.0216999997064704,21.69340000000375,500,131,16.361899999537854,21.73630000015692,False,131,0.0191999997696257,0.0237000003835419,0.0172999998540035,5.008600000110164,0.1392000003761495,0.0307999998767627,16.361899999537854,0.1354000005449052,0.0,21.69340000000375,21.73630000015692,21.70010000008915,500,500,333.0,1501.5015015015017,,False,18.9117999998416
3035,exp1-completion-paced,66,264,0.2635000000736909,2.7578999997786013,34.305500000300526,31.547600000521925,0.0206000004254747,21.648899999490823,500,132,16.276500000458327,21.699899999475747,False,132,0.0239000000874511,0.027099999897473,0.0189000002137618,5.064399999355373,0.142500000038126,0.0301000000035855,16.276500000458327,0.1162999997177394,0.0,21.648899999490823,21.699899999475747,21.656699999766715,500,500,333.0,1501.5015015015017,,False,12.60560000082478
3036,exp1-completion-paced,66,264,0.2800000002025626,0.7391999997707899,35.46649999952933,34.72729999975854,0.0191999997696257,20.939500000167754,500,133,15.522199999395523,20.98920000025828,False,133,0.0226000001930515,0.027099999897473,0.0192000006791204,5.073399999673711,0.1377999997203005,0.0409000003855908,15.522199999395523,0.1457000007576425,0.0,20.939500000167754,20.98920000025828,20.9474000002956,500,500,333.0,1501.5015015015017,,False,14.477299999271054
3037,exp1-completion-paced,66,264,0.3237999999328167,1.1329999997542473,29.674700000214216,28.54170000045997,0.0212999993891571,20.854899999903864,500,134,15.422400000716152,20.90029999999388,False,134,0.02050000057352,0.0248999995164922,0.0172000000020489,5.104200000459969,0.1449999999749707,0.0403999993068282,15.422400000716152,0.1254999997399863,0.0,20.854899999903864,20.90029999999388,20.86090000011609,500,500,333.0,1501.5015015015017,,False,8.774400000220336
3038,exp1-completion-paced,66,264,0.3244999998059938,3.28180000087741,41.25830000066344,37.97649999978603,0.0189000002137618,23.943799999869952,500,135,18.592899999930523,23.99090000017168,False,135,0.0214000001506065,0.0257000001511187,0.0174999995579128,5.033000000366883,0.1396999996359227,0.0284999996438273,18.592899999930523,0.132099999973434,0.0,23.943799999869952,23.99090000017168,23.95119999982853,500,500,333.0,1501.5015015015017,,False,17.267400000491758
3039,exp1-completion-paced,66,264,0.2789000000120722,0.7783000000927132,38.79810000034922,38.01980000025651,0.0184999998964485,23.73950000037439,500,136,18.083699999806413,23.7859999997454,False,136,0.0207999992198892,0.0257000001511187,0.0180000006366753,5.271299999549228,0.1884000002974062,0.0460000001112348,18.083699999806413,0.1319000002695247,0.0,23.73950000037439,23.7859999997454,23.746000000755885,500,500,333.0,1501.5015015015017,,False,15.012100000603823
3040,exp1-completion-paced,66,264,0.2752000000327825,2.19809999998688,47.5853999996616,45.38729999967472,0.0208000001293839,22.00369999991381,500,137,16.41459999973449,22.047999999813328,False,137,0.0202999999601161,0.0239999999394058,0.0178000000232714,5.237700000179757,0.1651000002311775,0.0295999998343177,16.41459999973449,0.1387000002068816,0.0,22.00369999991381,22.047999999813328,22.01090000016848,500,500,333.0,1501.5015015015017,,False,25.53739999984827
3041,exp1-completion-paced,66,264,0.2858999996533384,1.289800000449759,31.04910000001837,29.75929999956861,0.0202999999601161,20.637500000702858,500,138,15.025400000013178,20.683700000518,False,138,0.0194000003830296,0.0267999994321144,0.0184999998964485,5.295800000567397,0.1382999998895684,0.0337000001309206,15.025400000013178,0.1254999997399863,0.0,20.637500000702858,20.683700000518,20.644399999582674,500,500,333.0,1501.5015015015017,,False,10.365399999500369
3042,exp1-completion-paced,66,264,0.4649000002245884,0.0516000000061467,45.717200000581215,45.66560000057507,0.0195000002349843,30.067400000007183,500,139,24.214500000198317,30.12029999990773,False,139,0.0197999997908482,0.0331000001096981,0.0181999994310899,5.374400000619062,0.1443000001017935,0.0446999993073404,24.214500000198317,0.2709999998842249,0.0,30.067400000007183,30.12029999990773,30.075099999521623,500,500,333.0,1501.5015015015017,,False,15.596900000673486
3043,exp1-completion-paced,66,264,0.2777999998215819,1.696799999990617,43.57750000053784,41.88070000054722,0.0192000006791204,22.74760000000242,500,140,16.60730000003241,22.7961000000505,False,140,0.0250000002779415,0.0234999997701379,0.0183000001925393,5.671199999596865,0.1428000005034846,0.0605999994149897,16.60730000003241,0.2469999999448191,0.0,22.74760000000242,22.7961000000505,22.754599999643688,500,500,333.0,1501.5015015015017,,False,20.781400000487338
3044,exp1-completion-paced,66,264,0.2834000006259884,1.306000000113272,51.8646999998964,50.55869999978313,0.0188999993042671,29.78519999942364,500,141,18.84479999989708,29.832499999429277,False,141,0.0202999999601161,0.0270000000455183,0.0163999993674224,10.35890000002837,0.3194999999323045,0.1240000001416774,18.84479999989708,0.1214000003528781,0.0,29.78519999942364,29.832499999429277,29.79440000035538,500,500,333.0,1501.5015015015017,,False,22.032200000467125
3045,exp1-completion-paced,66,264,0.2732000002652057,2.7542999996512663,34.459700000297744,31.70540000064648,0.0224000004891422,20.846200000050885,500,142,15.325800000027812,20.89080000041577,False,142,0.0182000003405846,0.0264000000242958,0.0179999997271806,5.186899999898742,0.1406000001225038,0.0422000002799904,15.325800000027812,0.1325000002907472,0.0,20.846200000050885,20.89080000041577,20.85350000015751,500,500,333.0,1501.5015015015017,,False,13.568899999881975
3046,exp1-completion-paced,66,264,0.2815999996528262,3.8299999996525,37.84949999953824,34.01949999988574,0.0405999999202322,22.218600000087463,500,143,16.450599999188853,22.265700000389188,False,143,0.0214000001506065,0.0257000001511187,0.0178000000232714,5.453599999782455,0.141299999995681,0.0310000004901667,16.450599999188853,0.124099999993632,0.0,22.218600000087463,22.265700000389188,22.22579999943264,500,500,333.0,1501.5015015015017,,False,15.58379999914905
3047,exp1-completion-paced,66,264,0.4526000002442742,1.5338000002884655,39.04970000075991,37.51590000047145,0.0219000003198743,24.07149999999092,500,144,18.416500000057567,24.117899999509973,False,144,0.0200999993467121,0.0263000001723412,0.0183000001925393,5.3428000001076725,0.1400999999532359,0.0294000001304084,18.416500000057567,0.1241999998455867,0.0,24.07149999999092,24.117899999509973,24.079100000562903,500,500,333.0,1501.5015015015017,,False,14.93180000124994
3048,exp1-completion-paced,66,264,0.2639999993334641,2.7836999997816747,37.24400000010064,34.460300000318966,0.0196999999388935,27.97350000037113,500,145,22.75290000034147,28.0244000005041,False,145,0.0206000004254747,0.0302999997074948,0.0170000002981396,4.828499999348423,0.1392000003761495,0.029499999982363,22.75290000034147,0.2059999997072736,0.0,27.97350000037113,28.0244000005041,27.981000000181663,500,500,333.0,1501.5015015015017,,False,9.21959999959654
3049,exp1-completion-paced,66,264,0.2660999998624902,0.0503999999637017,46.03769999994256,45.98729999997886,0.022000000171829,24.282699999275792,500,146,18.53229999960604,24.327399999492627,False,146,0.0193999994735349,0.0253000007433001,0.0239999999394058,5.430299999716226,0.1353999996354105,0.0298000004477216,18.53229999960604,0.1307000002270797,0.0,24.282699999275792,24.327399999492627,24.289799999678507,500,500,333.0,1501.5015015015017,,False,21.710300000449934
3050,exp1-completion-paced,66,264,0.2846999996108934,1.225699999849894,35.17550000015035,33.949800000300456,0.0260000006164773,22.41589999994176,500,147,16.037800000049174,22.46980000018084,False,147,0.0184000000444939,0.0355000001945882,0.0362000000677653,6.0284999999566935,0.14999999984866,0.0286000004052766,16.037800000049174,0.134500000058324,0.0,22.41589999994176,22.46980000018084,22.423100000196428,500,500,333.0,1501.5015015015017,,False,12.70569999996951
3051,exp1-completion-paced,66,264,0.3053000000363681,2.672999999958847,42.7294000000984,40.05640000013955,0.0192999996215803,24.26110000033077,500,148,16.78119999996852,24.30499999991298,False,148,0.0196999999388935,0.024199999643315,0.0177000001713167,6.926600000042527,0.2832000000125845,0.1173999999082298,16.78119999996852,0.134700000671728,0.0,24.26110000033077,24.30499999991298,24.26800000012008,500,500,333.0,1501.5015015015017,,False,18.424400000185422
3052,exp1-completion-paced,66,264,0.3077999999732128,2.7534999999261345,43.33070000029693,40.5772000003708,0.0204999996640253,20.97990000038408,500,149,15.912599999865051,21.056700000372075,False,149,0.0261000004684319,0.0506999995195656,0.0179999997271806,4.735200000141049,0.1390000006722402,0.029499999982363,15.912599999865051,0.1453999993827892,0.0,20.97990000038408,21.056700000372075,20.9869999998773,500,500,333.0,1501.5015015015017,,False,22.273999999924854
3053,exp1-completion-paced,66,264,0.2746999998635147,1.2306999997235837,40.28729999936331,39.05659999963973,0.0208000001293839,21.132899999429355,500,150,15.636500000255182,21.195499999521417,False,150,0.0195000002349843,0.0430999998570769,0.0347999994119163,5.15940000059345,0.1404999993610545,0.0280000003840541,15.636500000255182,0.1334999997197883,0.0,21.132899999429355,21.195499999521417,21.136899999874004,500,500,333.0,1501.5015015015017,,False,19.091799999841896
3054,exp1-completion-paced,66,264,0.2776999999696272,2.618900000015856,32.68949999983306,30.070599999817205,0.0223000006371876,21.154899999601184,500,151,15.85109999996348,21.197400000346533,False,151,0.019099999917671,0.023400000827678,0.0170999992405995,4.983499999980268,0.1363999999739462,0.0288000001091859,15.85109999996348,0.1378000006297952,0.0,21.154899999601184,21.197400000346533,21.16210000076535,500,500,333.0,1501.5015015015017,,False,11.492099999486527
3055,exp1-completion-paced,66,264,0.4293000001780456,1.0720000000219445,37.06609999971988,35.99409999969794,0.0182000003405846,21.34589999968739,500,152,15.92270000037388,21.393600000010338,False,152,0.0199000005522975,0.0277999997706501,0.0173999997059581,5.101900000227033,0.1373000004605273,0.033399999665562,15.92270000037388,0.1329999995505204,0.0,21.34589999968739,21.393600000010338,21.35290000023815,500,500,333.0,1501.5015015015017,,False,15.672499999709544
3056,exp1-completion-paced,66,264,0.3784999998970306,0.6042000004526926,38.06750000057946,37.463300000126765,0.0208000001293839,21.20860000013636,500,153,15.853099999731056,21.254100000078324,False,153,0.0197999997908482,0.0257000001511187,0.0180999995791353,5.026699999689299,0.1395000008415081,0.0350000000253203,15.853099999731056,0.135999999656633,0.0,21.20860000013636,21.254100000078324,21.215699999629575,500,500,333.0,1501.5015015015017,,False,16.813400000501133
3057,exp1-completion-paced,66,264,0.2800000002025626,0.8082999993348494,38.42350000013539,37.61520000080054,0.0210999996852478,20.99309999994148,500,154,15.518299999712326,21.03380000062316,False,154,0.0204000007215654,0.0202999999601161,0.0180999995791353,5.14500000008411,0.1406999999744584,0.0307000000248081,15.518299999712326,0.1400999999532359,0.0,20.99309999994148,21.03380000062316,20.999200000005654,500,500,333.0,1501.5015015015017,,False,17.38969999951223
3058,exp1-completion-paced,66,264,0.2758999999059597,0.0507000004290603,32.77750000052038,32.72680000009132,0.0172999998540035,20.987899999454385,500,155,15.618299999914598,21.044699999947625,False,155,0.0209999998332932,0.0358000006599468,0.016699999832781,5.057100000158243,0.1376999998683459,0.0297999995382269,15.618299999914598,0.1281000004382804,0.0,20.987899999454385,21.044699999947625,20.99389999966661,500,500,333.0,1501.5015015015017,,False,11.732800000572752
3059,exp1-completion-paced,66,264,0.2620000004753819,1.2424000005921698,32.713999999941734,31.471599999349564,0.0198999996428028,20.36950000001525,500,156,15.339999999923748,20.410399999491347,False,156,0.0179999997271806,0.0228999997489154,0.0178000000232714,4.691099999945436,0.1406999999744584,0.0439000004917033,15.339999999923748,0.1357000001007691,0.0,20.36950000001525,20.410399999491347,20.376400000714057,500,500,333.0,1501.5015015015017,,False,12.303600000450388
3060,exp1-completion-paced,66,264,0.2904000002672546,1.223799999934272,38.71959999924002,37.49579999930575,0.02059999951598,22.23470000080852,500,157,14.80360000005021,22.279900000285124,False,157,0.0198999996428028,0.0252999998338054,0.0173000007634982,7.105199999386969,0.1404000004185945,0.0297999995382269,14.80360000005021,0.1382000000376138,0.0,22.23470000080852,22.279900000285124,22.241599999688333,500,500,333.0,1501.5015015015017,,False,16.439699998954893
3061,exp1-completion-paced,66,264,0.2684000000954256,1.247999999577587,28.17979999963427,26.931800000056683,0.0207000002774293,20.23049999934301,500,158,15.052099999593338,20.279999999729625,False,158,0.0201000002562068,0.0294000001304084,0.0172999998540035,4.867599999670347,0.1375000001644366,0.0298000004477216,15.052099999593338,0.1259999999092542,0.0,20.23049999934301,20.279999999729625,20.23639999970328,500,500,333.0,1501.5015015015017,,False,7.899799999904644
3062,exp1-completion-paced,66,264,0.3020000003743917,0.2414000000499072,42.39349999988917,42.15209999983927,0.0196000000869389,24.044000000685628,500,159,17.858700000033423,24.104500000248663,False,159,0.0351999997292296,0.0252999998338054,0.0159000001076492,5.64340000073571,0.2673999997568899,0.1180999997814069,17.858700000033423,0.1402999996571452,0.0,24.044000000685628,24.104500000248663,24.0470999997342,500,500,333.0,1501.5015015015017,,False,18.28899999964051
3063,exp1-completion-paced,66,264,0.2750000003288733,2.25259999933769,31.89199999997072,29.63940000063303,0.0194000003830296,21.25640000031126,500,160,15.987300000233516,21.30010000018956,False,160,0.0199999994947575,0.0237000003835419,0.0158000002556946,4.959699999744771,0.1378999995722551,0.0272000006589223,15.987300000233516,0.1282999992326949,0.0,21.25640000031126,21.30010000018956,21.265999999741325,500,500,333.0,1501.5015015015017,,False,10.591899999781162
3064,exp1-completion-paced,66,264,0.2727999999478925,0.7575999998152838,30.254299999796785,29.4966999999815,0.0196999999388935,21.803300000101444,500,161,16.429799999968964,21.863500000108612,False,161,0.019300000531075,0.0408999994760961,0.0175000004674075,5.047899999226502,0.1412000001437263,0.0295999998343177,16.429799999968964,0.1369999999951687,0.0,21.803300000101444,21.863500000108612,21.810399999594665,500,500,333.0,1501.5015015015017,,False,8.390799999688173
3065,exp1-completion-paced,66,264,0.2739999999903375,4.322099999626516,37.36579999986134,33.04370000023482,0.0209999998332932,19.866499999807274,500,162,14.981799999986832,19.90959999966435,False,162,0.0204999996640253,0.0226000001930515,0.0251999999818508,4.559300000437361,0.1340999997410108,0.0294000001304084,14.981799999986832,0.1364999998259009,0.0,19.866499999807274,19.90959999966435,19.87310000004072,500,500,333.0,1501.5015015015017,,False,17.456200000196986
3066,exp1-completion-paced,66,264,0.2789999998640269,1.2362999996184951,39.79340000023512,38.55710000061663,0.021799999558425,24.48129999993398,500,163,19.308000000819447,24.526000000150816,False,163,0.0211999995372025,0.0235000006796326,0.0169999993886449,4.8673999999664375,0.1372000006085727,0.0287999991996912,19.308000000819447,0.122699999337783,0.0,24.48129999993398,24.526000000150816,24.48790000016743,500,500,333.0,1501.5015015015017,,False,15.2674000000843
3067,exp1-completion-paced,66,264,0.4442999997991137,1.0400999999546912,32.05829999933485,31.01819999938016,0.0202999999601161,21.36460000019724,500,164,16.249699999207223,21.406900000329188,False,164,0.0191999997696257,0.0231000003623194,0.0183000001925393,4.794200000105775,0.1389999997627455,0.0286000004052766,16.249699999207223,0.1346000008197734,0.0,21.36460000019724,21.406900000329188,21.37170000059996,500,500,333.0,1501.5015015015017,,False,10.651399999005662
3068,exp1-completion-paced,66,264,0.277299999652314,2.72919999952137,36.3219000000754,33.59270000055403,0.0212000004466972,22.837999999865133,500,165,17.607499999940046,22.882700000081968,False,165,0.0202000001081614,0.0245000001086737,0.0174999995579128,4.904400000668829,0.1376000000163912,0.029499999982363,17.607499999940046,0.141299999995681,0.0,22.837999999865133,22.882700000081968,22.844199999781267,500,500,333.0,1501.5015015015017,,False,13.439199999993434
3069,exp1-completion-paced,66,264,0.2774000004137633,0.1605999996172613,33.20059999987279,33.04000000025553,0.0192000006791204,21.543500000007043,500,166,15.784499999426773,21.58820000022388,False,166,0.0203999998120707,0.0243000004047644,0.0192999996215803,5.422199999884469,0.1481999997849925,0.0310000004901667,15.784499999426773,0.1381000001856591,0.0,21.543500000007043,21.58820000022388,21.55109999966953,500,500,333.0,1501.5015015015017,,False,11.612399999648915
3070,exp1-completion-paced,66,264,0.2881999998862738,1.1835000004793983,36.34710000005725,35.163599999577855,0.0208999999813386,20.97169999979087,500,167,15.620699999999488,21.01819999916188,False,167,0.0212999993891571,0.0251999999818508,0.01810000048863,5.020599999625119,0.142500000038126,0.0358999996024067,15.620699999999488,0.1337000003331923,0.0,20.97169999979087,21.01819999916188,20.97959999991872,500,500,333.0,1501.5015015015017,,False,15.328900000895374
3071,exp1-completion-paced,66,264,0.4622000005838345,1.0542999998506275,37.15649999958259,36.102199999731965,0.0190000000657164,24.36200000011013,500,168,19.27979999982199,24.41460000045481,False,168,0.0215000000025611,0.0311000003421213,0.0198999996428028,4.7507999997833394,0.1354000005449052,0.028299999939918,19.27979999982199,0.1474999999118154,0.0,24.36200000011013,24.41460000045481,24.36909999960335,500,500,333.0,1501.5015015015017,,False,12.741899999127781
3072,exp1-completion-paced,66,264,0.2901999996538507,2.7346999995643277,31.805700000404613,29.07100000084029,0.0221999998757382,20.641000000068743,500,169,15.472099999897182,20.6834999999046,False,169,0.0194000003830296,0.0230999994528247,0.0171000001500942,4.836799999793584,0.1357000001007691,0.0411999999414547,15.472099999897182,0.1378000006297952,0.0,20.641000000068743,20.6834999999046,20.647299999836832,500,500,333.0,1501.5015015015017,,False,11.122200000500012
3073,exp1-completion-paced,66,264,0.2786000004562083,0.0509000001329695,46.69949999970413,46.64859999957116,0.0216000007640104,27.74640000006912,500,170,21.60550000007788,27.789900000243502,False,170,0.0190000000657164,0.0245000001086737,0.01810000048863,5.59869999960938,0.2566000002843793,0.1199999996970291,21.60550000007788,0.1473000002079061,0.0,27.74640000006912,27.789900000243502,27.75330000076792,500,500,333.0,1501.5015015015017,,False,18.909599999460628
3074,exp1-completion-paced,66,264,0.2776000001176726,1.2007000004814472,36.795400000301015,35.59469999981957,0.0175000004674075,27.380300000004357,500,171,21.046400000159338,27.4306000001161,False,171,0.0225000003410968,0.0277999997706501,0.0183000001925393,5.806099999972503,0.25649999952293,0.1201000004584784,21.046400000159338,0.1326999999946565,0.0,27.380300000004357,27.4306000001161,27.388600000449514,500,500,333.0,1501.5015015015017,,False,9.364800000184914
3075,exp1-completion-paced,66,264,0.2661999997144448,1.2667000000874395,51.59249999996973,50.32579999988229,0.0214000001506065,28.38969999993424,500,172,18.554099999164464,28.44790000017383,False,172,0.0214000001506065,0.0368000000889878,0.0189000002137618,9.290999999393534,0.2658000003066263,0.1233000002685003,18.554099999164464,0.1365000007353956,0.0,28.38969999993424,28.44790000017383,28.39840000069671,500,500,333.0,1501.5015015015017,,False,23.1445999997959
3076,exp1-completion-paced,66,264,0.268300000243471,1.230799999575538,40.78779999963445,39.557000000058906,0.019099999917671,21.42470000035246,500,173,16.15869999932329,21.482900000592053,False,173,0.0332999998136074,0.0249000004259869,0.0180999995791353,4.945700000462239,0.133300000015879,0.0312000001940759,16.15869999932329,0.1373000004605273,0.0,21.42470000035246,21.482900000592053,21.431500000289816,500,500,333.0,1501.5015015015017,,False,19.304899999042398
3077,exp1-completion-paced,66,264,0.2961999998660758,0.0494000005346606,39.64880000057747,39.599400000042806,0.0202000001081614,21.67040000040288,500,174,16.22609999958513,21.71330000055605,False,174,0.0191999997696257,0.0237000003835419,0.0178000000232714,5.115300000397838,0.1418999991074088,0.0340000005962792,16.22609999958513,0.1351999999315012,0.0,21.67040000040288,21.71330000055605,21.67639999970561,500,500,333.0,1501.5015015015017,,False,17.935500000021417
3078,exp1-completion-paced,66,264,0.2665000001798034,2.7979000005871058,32.86850000040431,30.070599999817205,0.0235000006796326,22.755699999834174,500,175,17.400400000042282,22.81390000007377,False,175,0.0208999999813386,0.0373000002582557,0.0181999994310899,4.896600000392937,0.1370999998471234,0.0302999997074948,17.400400000042282,0.2727000000959378,0.0,22.755699999834174,22.81390000007377,22.763199999644712,500,500,333.0,1501.5015015015017,,False,10.054600000330542
3079,exp1-completion-paced,66,264,0.278499999694759,3.248399999392859,40.353200000026845,37.10480000063399,0.0313999998979852,23.261499999534863,500,176,18.07450000069366,23.306500000217056,False,176,0.0188000003618071,0.0262000003203866,0.0169999993886449,4.864800000177638,0.1367000004393048,0.0299999992421362,18.07450000069366,0.1382999998895684,0.0,23.261499999534863,23.306500000217056,23.2679000000644,500,500,333.0,1501.5015015015017,,False,17.04669999980979
3080,exp1-completion-paced,66,264,0.2768999993350007,0.0478000001749023,40.30590000002121,40.25809999984631,0.019300000531075,21.345799999835435,500,177,15.934800000650284,21.413000000393367,False,177,0.0202999999601161,0.0469000005978159,0.0179999997271806,4.983200000424404,0.2443999992465251,0.0301000000035855,15.934800000650284,0.1351000000795466,0.0,21.345799999835435,21.413000000393367,21.37460000085412,500,500,333.0,1501.5015015015017,,False,18.892899999627843
3081,exp1-completion-paced,66,264,0.4779999999300344,0.0731000000087078,35.100600000077975,35.02750000006927,0.0198999996428028,28.87330000066868,500,178,17.988399999921967,28.921900000568712,False,178,0.0197999997908482,0.0288000001091859,0.0192000006791204,10.308599999916623,0.2890999994633603,0.1350000002275919,17.988399999921967,0.1327999998466111,0.0,28.87330000066868,28.921900000568712,28.88079999956972,500,500,333.0,1501.5015015015017,,False,6.178699999509263
3082,exp1-completion-paced,66,264,0.277200000709854,4.267299999810348,40.37559999960649,36.10829999979615,0.0186999996003578,32.10450000005949,500,179,22.04619999974966,32.26919999997335,False,179,0.0195000002349843,0.1451999996788799,0.0261000004684319,9.513500000139176,0.2662999995663995,0.1177000003735884,22.04619999974966,0.134500000058324,0.0,32.10450000005949,32.26919999997335,32.115299999532,500,500,333.0,1501.5015015015017,,False,8.10639999963314
3083,exp1-completion-paced,66,264,0.2873999992516474,2.743900000496069,43.54800000055548,40.80410000005941,0.0206000004254747,23.46430000034161,500,180,17.59810000021389,23.51600000019971,False,180,0.0209999998332932,0.0307000000248081,0.0187000005098525,5.413599999883445,0.1498000001447508,0.0327999996443395,17.59810000021389,0.2511000002414221,0.0,23.46430000034161,23.51600000019971,23.477900000216323,500,500,333.0,1501.5015015015017,,False,20.032000000355772
3084,exp1-completion-paced,66,264,0.2767999994830461,4.194099999949685,36.68199999992794,32.487899999978254,0.0204999996640253,22.16980000048352,500,181,16.51670000046579,22.21800000006624,False,181,0.02059999951598,0.0276000000667409,0.0176000003193621,5.324599999767088,0.1404000004185945,0.0303999995594494,16.51670000046579,0.139899999339832,0.0,22.16980000048352,22.21800000006624,22.17729999938456,500,500,333.0,1501.5015015015017,,False,14.463999999861699
3085,exp1-completion-paced,66,264,0.2721000000747153,2.7571000000534696,33.37100000044302,30.61390000038955,0.0178000000232714,21.994900000208872,500,182,16.300399999636284,22.04000000074302,False,182,0.0201000002562068,0.0250000002779415,0.0185999997484032,5.373199999667122,0.1387000002068816,0.0293000002784538,16.300399999636284,0.134500000058324,0.0,21.994900000208872,22.04000000074302,22.00230000016745,500,500,333.0,1501.5015015015017,,False,11.330999999699998
3086,exp1-completion-paced,66,264,0.2767000005405862,1.3335999992705183,32.81609999976354,31.48250000049302,0.0191999997696257,20.45780000025843,500,183,15.389500000310363,20.509900000433845,False,183,0.0201000002562068,0.0319999999192077,0.017899999875226,4.754100000354811,0.1322999996773433,0.0294000001304084,15.389500000310363,0.1343999992968747,0.0,20.45780000025843,20.509900000433845,20.46509999945556,500,500,333.0,1501.5015015015017,,False,12.306199999329692
3087,exp1-completion-paced,66,264,0.2798999994411133,2.225199999884353,47.5349999996979,45.30979999981355,0.0219000003198743,28.148700000201643,500,184,22.59330000015325,28.195200000482146,False,184,0.0188000003618071,0.0276999999186955,0.0188000003618071,5.080499999166932,0.1434000005247071,0.032199999623117,22.59330000015325,0.2801999999064719,0.0,28.148700000201643,28.195200000482146,28.15629999986413,500,500,333.0,1501.5015015015017,,False,19.339799999215757
3088,exp1-completion-paced,66,264,0.2832000000125845,0.0547999998161685,59.062899999844376,59.00810000002821,0.0192999996215803,39.04579999925773,500,185,29.03559999958816,39.10199999972974,False,185,0.0227999998969608,0.0334000005750567,0.0291999995170044,9.338200000456707,0.2727999999478925,0.1277999999729218,29.03559999958816,0.2418000003672205,0.0,39.04579999925773,39.10199999972974,39.05769999983022,500,500,333.0,1501.5015015015017,,False,19.960900000114634
3089,exp1-completion-paced,66,264,0.2752999998847372,1.196400000480935,39.77769999983138,38.58129999935045,0.021799999558425,25.28200000051584,500,186,19.38179999979184,25.324100000034377,False,186,0.0190000000657164,0.0230999994528247,0.0580000005356851,5.491599999913888,0.1717999994070851,0.0337000001309206,19.38179999979184,0.144900000123016,0.0,25.28200000051584,25.324100000034377,25.289100000009057,500,500,333.0,1501.5015015015017,,False,14.453599999797
3090,exp1-completion-paced,66,264,0.2874000001611421,0.3240999994886806,46.46339999999327,46.13930000050459,0.023200000214274,24.068600000646256,500,187,17.470299999331473,24.11400000073627,False,187,0.0208000001293839,0.0245999999606283,0.0175000004674075,6.027499999618158,0.2713000003495835,0.1154000001406529,17.470299999331473,0.1663000002736225,0.0,24.068600000646256,24.11400000073627,24.075499999526077,500,500,333.0,1501.5015015015017,,False,22.349399999257002
3091,exp1-completion-paced,66,264,0.2773999995042686,2.699200000279234,38.765000000239525,36.06579999996029,0.0201999991986667,27.41229999992356,500,188,18.519000000196684,27.46209999986604,False,188,0.0199999994947575,0.0298000004477216,0.019099999917671,8.380100000067614,0.2488000000084866,0.1142999999501626,18.519000000196684,0.1308000000790343,0.0,27.41229999992356,27.46209999986604,27.42610000041168,500,500,333.0,1501.5015015015017,,False,11.302900000373484
3092,exp1-completion-paced,66,264,0.2788000001601176,2.216900000348687,35.33270000025368,33.11579999990499,0.0262000003203866,20.54359999965527,500,189,15.323099999477565,20.595899999534595,False,189,0.0196000000869389,0.0326999997923849,0.0186999996003578,4.901500000414671,0.1375000001644366,0.0301999998555402,15.323099999477565,0.132300000586838,0.0,20.54359999965527,20.595899999534595,20.55170000039652,500,500,333.0,1501.5015015015017,,False,14.736800000719086
3093,exp1-completion-paced,66,264,0.2881000000343192,1.2612000000444823,41.87809999984893,40.616899999804446,0.0208000001293839,24.67439999963972,500,190,19.42200000030425,24.72589999979391,False,190,0.0209999998332932,0.0305000003208988,0.0201000002562068,4.9405999998271,0.1382000000376138,0.0301000000035855,19.42200000030425,0.1231999995070509,0.0,24.67439999963972,24.72589999979391,24.68250000038097,500,500,333.0,1501.5015015015017,,False,17.152200000055018
3094,exp1-completion-paced,66,264,0.2766999996310915,0.0652999997328152,32.692199999473814,32.626899999741,0.0196999999388935,23.40199999980541,500,191,15.325800000027812,23.448900000403228,False,191,0.0197999997908482,0.0271000008069677,0.0173999997059581,7.762600000205566,0.1377999997203005,0.0308999997287173,15.325800000027812,0.1271999999516992,0.0,23.40199999980541,23.448900000403228,23.408899999594723,500,500,333.0,1501.5015015015017,,False,9.243299999070587
3095,exp1-completion-paced,66,264,0.4568000003928318,0.966800000242074,46.35450000023411,45.38769999999204,0.0312000001940759,27.954199999840057,500,192,18.19570000043313,27.99790000062785,False,192,0.0203000008696108,0.0233999999181833,0.0188999993042671,9.242400000402997,0.2500999999028863,0.1156999996965169,18.19570000043313,0.1311999994868529,0.0,27.954199999840057,27.99790000062785,27.96149999994668,500,500,333.0,1501.5015015015017,,False,18.35659999960626
3096,exp1-completion-paced,66,264,0.2917000001616543,2.7399000000514206,36.82980000030511,34.08990000025369,0.0278999996226048,24.548500000491916,500,193,18.709199999648263,24.59060000001045,False,193,0.019099999917671,0.02299999960087,0.0172000000020489,5.519100000128674,0.1435000003766617,0.0293000002784538,18.709199999648263,0.1300000003539025,0.0,24.548500000491916,24.59060000001045,24.554600000556093,500,500,333.0,1501.5015015015017,,False,12.239200000294662
3097,exp1-completion-paced,66,264,0.2652999992278637,1.1950999996770406,42.7412999997614,41.54620000008436,0.0207000002774293,30.53650000038033,500,194,23.083699999915552,30.58210000017425,False,194,0.0199999994947575,0.025600000299164,0.0184999998964485,6.80000000011205,0.2766999996310915,0.1298000006499933,23.083699999915552,0.2274999997098348,0.0,30.53650000038033,30.58210000017425,30.544299999746727,500,500,333.0,1501.5015015015017,,False,12.159199999587152
3098,exp1-completion-paced,66,264,0.2582999995865975,1.7902999998113955,31.118400000195837,29.32810000038444,0.0221999998757382,22.2857999997359,500,195,16.56939999975293,22.360199999639008,False,195,0.0190000000657164,0.055399999837391,0.0272999996013822,5.386900000303285,0.1420999997208127,0.0315000006594345,16.56939999975293,0.1283999999941443,0.0,22.2857999997359,22.360199999639008,22.31459999984509,500,500,333.0,1501.5015015015017,,False,8.75820000055683
3099,exp1-completion-paced,66,264,0.2795999998852494,0.0576000002183718,38.57560000051308,38.51800000029471,0.0227000000450061,26.68389999962528,500,196,21.052899999631336,26.73129999948287,False,196,0.0224999994316021,0.0249000004259869,0.0184999998964485,5.190099999708764,0.139800000397372,0.0318000002152984,21.052899999631336,0.2504000003682449,0.0,26.68389999962528,26.73129999948287,26.691000000028,500,500,333.0,1501.5015015015017,,False,11.844300001030206
3100,exp1-completion-paced,66,264,0.3392999997231527,0.0709000005372217,39.58420000071783,39.51330000018061,0.0230000005103647,22.362700000485347,500,197,16.580100000282982,22.42960000057792,False,197,0.0209999998332932,0.0459000002592802,0.0191999997696257,5.467500000122527,0.1428000005034846,0.0290999996650498,16.580100000282982,0.1237999995282734,0.0,22.362700000485347,22.42960000057792,22.37030000014784,500,500,333.0,1501.5015015015017,,False,17.154600000139908
3101,exp1-completion-paced,66,264,0.2865000005840556,2.794200000607816,53.51169999994454,50.71749999933672,0.0207000002774293,36.62919999987935,500,198,25.5100999993374,36.69199999967532,False,198,0.0271999997494276,0.0356000000465428,0.024400000256719,10.595699999612409,0.2508000006855582,0.1179000000774976,25.5100999993374,0.1301000002058572,0.0,36.62919999987935,36.69199999967532,36.63739999956306,500,500,333.0,1501.5015015015017,,False,16.819700000269222
3102,exp1-completion-paced,66,264,0.2817999993567355,0.0511999996888334,39.59690000010596,39.54570000041713,0.0208000001293839,21.78699999967648,500,199,16.030099999625236,21.83530000002065,False,199,0.0208999999813386,0.0274000003628316,0.0187999994523124,5.446900000606547,0.1397999994878773,0.0293000002784538,16.030099999625236,0.121900000522146,0.0,21.78699999967648,21.83530000002065,21.795200000269688,500,500,333.0,1501.5015015015017,,False,17.761600000085313
3103,exp1-completion-paced,66,264,0.268300000243471,1.2251999996806262,35.199699999793665,33.97450000011304,0.0212000004466972,22.89680000012595,500,200,17.585300000064308,22.989699999925502,False,200,0.0187000005098525,0.0741999992897035,0.0183000001925393,4.959699999744771,0.1378000006297952,0.0307999998767627,17.585300000064308,0.1646000000619096,0.0,22.89680000012595,22.989699999925502,22.903199999745997,500,500,333.0,1501.5015015015017,,False,12.209999999868163
3104,exp1-completion-paced,66,264,0.3388000004633795,1.21820000003936,47.32469999999012,46.10649999995076,0.0236000005315872,33.756499999981315,500,201,28.46000000045024,33.80449999986013,False,201,0.0208999999813386,0.027099999897473,0.0186999996003578,4.8814000001584645,0.1376000000163912,0.0326999997923849,28.46000000045024,0.225299999328854,0.0,33.756499999981315,33.80449999986013,33.76309999930527,500,500,333.0,1501.5015015015017,,False,13.520200000129996
3105,exp1-completion-paced,66,264,0.2862999999706517,1.2098999995941997,55.83809999916412,54.62819999956992,0.0495999993290752,35.97239999999147,500,202,26.720200000454497,36.02049999972223,False,202,0.0207000002774293,0.0273999994533369,0.0325999999404302,8.445100000244565,0.432599999840022,0.1283999999941443,26.720200000454497,0.2131000001099892,0.0,35.97239999999147,36.02049999972223,35.980100000415405,500,500,333.0,1501.5015015015017,,False,19.81759999944189
3106,exp1-completion-paced,66,264,0.2794000001813401,1.1703999998644576,49.74519999996119,48.57480000009673,0.0307000000248081,29.098399999384128,500,203,24.06370000062452,29.14479999981268,False,203,0.0198999996428028,0.0265000007857452,0.0187999994523124,4.73740000052203,0.1368999992337194,0.0300000001516309,24.06370000062452,0.11129999984405,0.0,29.098399999384128,29.14479999981268,29.106099999808063,500,500,333.0,1501.5015015015017,,False,20.600400000148507
3107,exp1-completion-paced,66,264,0.2813000000969623,0.7232999996631406,43.12810000010359,42.404800000440446,0.0195000002349843,22.6859999993394,500,204,17.410699999345525,22.742299999663373,False,204,0.0312000001940759,0.0251000001298962,0.0456999996458762,4.937699999572942,0.1355000003968598,0.0293000002784538,17.410699999345525,0.1268000005438807,0.0,22.6859999993394,22.742299999663373,22.69249999972089,500,500,333.0,1501.5015015015017,,False,20.38580000044022
3108,exp1-completion-paced,66,264,0.2852999996321159,2.821800000674557,40.32590000042546,37.504099999750906,0.0204000007215654,23.46289999968576,500,205,16.073599999799626,23.52219999920635,False,205,0.0274999993052915,0.0318000002152984,0.01810000048863,6.849799999145034,0.2731000004132511,0.1222999999299645,16.073599999799626,0.1257000003533903,0.0,23.46289999968576,23.52219999920635,23.47009999994043,500,500,333.0,1501.5015015015017,,False,16.803700001219113
3109,exp1-completion-paced,66,264,0.4370000006019836,6.663899999693967,47.63050000019575,40.966600000501785,0.0201000002562068,37.272999999913736,500,206,26.732300000730906,37.38809999958903,False,206,0.0228999997489154,0.0921999999263789,0.0264000000242958,10.013799999796902,0.2512000000933767,0.1168999997389619,26.732300000730906,0.1321999998253886,0.0,37.272999999913736,37.38809999958903,37.28270000010525,500,500,333.0,1501.5015015015017,,False,10.242400000606722
3110,exp1-completion-paced,66,264,0.2770000000964501,1.2254000002940302,35.64260000075592,34.41720000046189,0.0215000000025611,23.188800000752963,500,207,15.75669999965612,23.23800000067422,False,207,0.019300000531075,0.0298999993901816,0.0157000004037399,7.135200000448094,0.141299999995681,0.029499999982363,15.75669999965612,0.1101999996535596,0.0,23.188800000752963,23.23800000067422,23.19230000011885,500,500,333.0,1501.5015015015017,,False,12.4046000000817
3111,exp1-completion-paced,66,264,0.2814999998008716,0.0546000001122592,41.86290000052395,41.80830000041169,0.0526000003446824,26.23459999995248,500,208,18.98929999970278,26.28050000021176,False,208,0.0200000004042522,0.025899999855028,0.0189000002137618,6.733799999892653,0.2514999996492406,0.1148000001194304,18.98929999970278,0.1259999999092542,0.0,26.23459999995248,26.28050000021176,26.24179999929765,500,500,333.0,1501.5015015015017,,False,15.582400000312191
3112,exp1-completion-paced,66,264,0.3329999999550637,2.185299999837298,28.11199999996461,25.926700000127312,0.0196000000869389,21.126200000253448,500,209,15.735499999209424,21.17290000023786,False,209,0.0200000004042522,0.0266999995801597,0.0163000004249624,5.119899999954214,0.1353999996354105,0.0277000008281902,15.735499999209424,0.0911000006453832,0.0,21.126200000253448,21.17290000023786,21.129600000676877,500,500,333.0,1501.5015015015017,,False,6.93909999972675
3113,exp1-completion-paced,66,264,0.2752999998847372,1.2510999995356542,41.21779999968567,39.96670000015001,0.0194999993254896,21.70049999949697,500,210,16.102199999295408,21.74509999986185,False,210,0.0184000000444939,0.0262000003203866,0.0175999994098674,5.320899999787798,0.1365000007353956,0.0301000000035855,16.102199999295408,0.0929000007090508,0.0,21.70049999949697,21.74509999986185,21.70760000080918,500,500,333.0,1501.5015015015017,,False,19.472699999823817
3114,exp1-completion-paced,66,264,0.4473999997571809,2.052200000434823,30.33500000037748,28.28279999994265,0.0216000007640104,23.976800000127696,500,211,18.39029999973718,24.02269999947748,False,211,0.0208999999813386,0.0249999993684468,0.0178000000232714,5.240000000412692,0.1355000003968598,0.0350999998772749,18.39029999973718,0.1578000001245527,0.0,23.976800000127696,24.02269999947748,23.983699999917008,500,500,333.0,1501.5015015015017,,False,6.312300000899999
3115,exp1-completion-paced,66,264,0.2790000007735216,0.050099999498343,36.12489999977697,36.07480000027863,0.0213000002986518,22.068699999181263,500,212,15.746800000670191,22.112199999355653,False,212,0.0196000000869389,0.0239000000874511,0.0161999996635131,6.050400000276568,0.1376000000163912,0.0293999992209137,15.746800000670191,0.088099999629776,0.0,22.068699999181263,22.112199999355653,22.075300000324205,500,500,333.0,1501.5015015015017,,False,14.012700000421319
3116,exp1-completion-paced,66,264,0.2978000002258341,1.2076000002707588,37.26230000029318,36.05470000002242,0.0202000001081614,23.385099999359227,500,213,17.742099999850325,23.438199999873177,False,213,0.0281000002360087,0.0250000002779415,0.0156999994942452,5.374700000174926,0.1373000004605273,0.0313999998979852,17.742099999850325,0.0835999999253545,0.0,23.385099999359227,23.438199999873177,23.388499999782653,500,500,333.0,1501.5015015015017,,False,13.824100000420003
3117,exp1-completion-paced,66,264,0.2766999996310915,1.217699999870092,30.58849999979429,29.3707999999242,0.0250999992204015,23.189400000774185,500,214,17.555200000060722,23.24010000029375,False,214,0.0189000002137618,0.0317999993058037,0.01810000048863,5.362099999729253,0.1388999999107909,0.0305000003208988,17.555200000060722,0.0844999995024409,0.0,23.189400000774185,23.24010000029375,23.203299999295268,500,500,333.0,1501.5015015015017,,False,7.34839999950054
3118,exp1-completion-paced,66,264,0.2767999994830461,1.2237000000823173,29.657499999302672,28.433799999220355,0.0670999997964827,21.193200000197976,500,215,15.91160000043601,21.24210000056337,False,215,0.0196999999388935,0.0292000004264991,0.0189000002137618,4.994799999622046,0.1367000004393048,0.0339999996867845,15.91160000043601,0.0969999991866643,0.0,21.193200000197976,21.24210000056337,21.201399999881687,500,500,333.0,1501.5015015015017,,False,8.415399998739304
3119,exp1-completion-paced,66,264,0.2725000003920286,1.257699999769102,35.853299999871524,34.59560000010242,0.0208000001293839,21.751100000074075,500,216,16.45340000050055,21.792599999571397,False,216,0.017899999875226,0.0235999996220925,0.0183000001925393,4.906400000436406,0.1305999994656304,0.029499999982363,16.45340000050055,0.2125999999407213,0.0,21.751100000074075,21.792599999571397,21.75720000013825,500,500,333.0,1501.5015015015017,,False,14.060700000300127
3120,exp1-completion-paced,66,264,0.2722000008361647,1.225699999849894,42.217400000481575,40.99170000063168,0.0210999996852478,21.04589999999007,500,217,15.746400000352878,21.089800000481773,False,217,0.0189000002137618,0.0250000002779415,0.0183000001925393,5.011199999898963,0.1369999999951687,0.0291999995170044,15.746400000352878,0.1036000003296067,0.0,21.04589999999007,21.089800000481773,21.0534000007101,500,500,333.0,1501.5015015015017,,False,21.127599999999802
3121,exp1-completion-paced,66,264,0.2824999992299126,0.0582000002395943,34.530899999481335,34.47269999924174,0.0196000000869389,20.87979999942036,500,218,15.67739999973128,20.9246999993411,False,218,0.0212999993891571,0.0236000005315872,0.0184999998964485,4.905699999653734,0.1388000000588363,0.0294000001304084,15.67739999973128,0.1098000002457411,0.0,20.87979999942036,20.9246999993411,20.887300000140385,500,500,333.0,1501.5015015015017,,False,13.606200000140234
3122,exp1-completion-paced,66,264,0.2887000000555417,0.066000000515487,41.28260000015871,41.21659999964322,0.0225000003410968,25.4187999998976,500,219,20.338600000286533,25.467599999501545,False,219,0.0186999996003578,0.0301000000035855,0.0187000005098525,4.797199999302393,0.1328000007561058,0.0290999996650498,20.338600000286533,0.1021999996737577,0.0,25.4187999998976,25.467599999501545,25.42590000030032,500,500,333.0,1501.5015015015017,,False,15.815000000657164
3123,exp1-completion-paced,66,264,0.2735999996730243,1.6555000001972076,49.2327000001751,47.57719999997789,0.0190000000657164,32.96959999988758,500,220,26.84540000063862,33.01329999976588,False,220,0.0192999996215803,0.024400000256719,0.0186999996003578,5.641100000502775,0.2457999999023741,0.1187999996545841,26.84540000063862,0.0995999998849583,0.0,32.96959999988758,33.01329999976588,32.97699999984616,500,500,333.0,1501.5015015015017,,False,16.219400000409223
3124,exp1-completion-paced,66,264,0.2660000000105356,0.0824999997348641,31.095699999241333,31.01319999950647,0.0185999997484032,21.21960000022227,500,221,15.61649999985093,21.263900000121797,False,221,0.0190000000657164,0.0252999998338054,0.01810000048863,5.303099999764527,0.1382000000376138,0.0312000001940759,15.61649999985093,0.1123000001825857,0.0,21.21960000022227,21.263900000121797,21.22700000018085,500,500,333.0,1501.5015015015017,,False,9.831799999119536
3125,exp1-completion-paced,66,264,0.2802999997584265,0.7458000000042375,38.670200000524346,37.92440000052011,0.019300000531075,22.274900000411435,500,222,16.689299999598006,22.325599999931,False,222,0.0196000000869389,0.0310999994326266,0.0159999999596038,5.274800000734103,0.1613999993423931,0.0329000004057888,16.689299999598006,0.1001999999061808,0.0,22.274900000411435,22.325599999931,22.278999999798543,500,500,333.0,1501.5015015015017,,False,16.344600000593346
3126,exp1-completion-paced,66,264,0.2757000002020504,2.719699999943259,32.59739999975864,29.877699999815377,0.0192999996215803,21.317599999747472,500,223,15.976299999238108,21.362200000112352,False,223,0.0200000004042522,0.0245999999606283,0.0172999998540035,5.042900000262307,0.1394000000800588,0.0417999999626772,15.976299999238108,0.099600000794453,0.0,21.317599999747472,21.362200000112352,21.323900000425056,500,500,333.0,1501.5015015015017,,False,11.23519999964629
3127,exp1-completion-paced,66,264,0.2816999995047808,2.235899999504909,37.63669999989361,35.4008000003887,0.0185000008059432,21.374100000684848,500,224,16.058799999882467,21.41730000039388,False,224,0.0189000002137618,0.0242999994952697,0.0165999999808263,5.050400000072841,0.1342000005024601,0.0287000002572312,16.058799999882467,0.085199999375618,0.0,21.374100000684848,21.41730000039388,21.37739999943733,500,500,333.0,1501.5015015015017,,False,16.21939999949973
3128,exp1-completion-paced,66,264,0.275800000054005,2.6643999999578227,31.95770000002085,29.293300000063027,0.0213000002986518,20.01250000012078,500,225,14.783300000090094,20.057599999745435,False,225,0.0199999994947575,0.0251000001298962,0.0178000000232714,4.922099999930651,0.1361000004180823,0.0424999998358543,14.783300000090094,0.1105000001189182,0.0,20.01250000012078,20.057599999745435,20.02000000084081,500,500,333.0,1501.5015015015017,,False,11.900100000275415
3129,exp1-completion-paced,66,264,0.2871000006052782,1.7155000005004697,40.132099999937054,38.416599999436585,0.0200000004042522,21.756099999947764,500,226,16.059100000347826,21.835700000337965,False,226,0.0561000006200629,0.0234999997701379,0.017899999875226,5.40869999986171,0.1381000001856591,0.0290999996650498,16.059100000347826,0.1030000003083841,0.0,21.756099999947764,21.835700000337965,21.76350000081584,500,500,333.0,1501.5015015015017,,False,18.29639999959909
3130,exp1-completion-paced,66,264,0.2662999995663995,1.2292000001252743,44.29280000022118,43.0636000000959,0.0191999997696257,26.15140000034444,500,227,20.73370000016439,26.205899999695248,False,227,0.0211999995372025,0.0332999998136074,0.0173000007634982,5.00599999941187,0.1355000003968598,0.0296999996862723,20.73370000016439,0.2287999996042344,0.0,26.15140000034444,26.205899999695248,26.15759999935108,500,500,333.0,1501.5015015015017,,False,18.08690000052593
3131,exp1-completion-paced,66,264,0.2780000004349858,1.307700000324985,36.595800000213785,35.2880999998888,0.0198999996428028,20.15159999973548,500,228,14.798100000007253,20.22159999978612,False,228,0.0193999994735349,0.0506000005771056,0.0221000000237836,5.051600000115286,0.1336999994236976,0.029499999982363,14.798100000007253,0.1164000004791887,0.0,20.15159999973548,20.22159999978612,20.17950000026758,500,500,333.0,1501.5015015015017,,False,16.374200000427663
3132,exp1-completion-paced,66,264,0.3497999996397993,1.144400000157475,37.00639999988198,35.8619999997245,0.0185999997484032,21.77639999990788,500,229,15.404199999466073,21.822599999723025,False,229,0.0194999993254896,0.0267000004896544,0.0180999995791353,6.058900000425638,0.1358999998046783,0.0397000003431458,15.404199999466073,0.1192999998238519,0.0,21.77639999990788,21.822599999723025,21.782799999527924,500,500,333.0,1501.5015015015017,,False,15.183800000158953
3133,exp1-completion-paced,66,264,0.2598000000944012,1.2257999997018487,29.51370000027964,28.287900000577796,0.0307000000248081,20.56289999927685,500,230,15.207200000077137,20.6054000000222,False,230,0.0178000000232714,0.0247000007220776,0.0174999995579128,5.057299999862153,0.1357000001007691,0.0289999998130952,15.207200000077137,0.1159000003099208,0.0,20.56289999927685,20.6054000000222,20.569199999954435,500,500,333.0,1501.5015015015017,,False,8.90830000025744
3134,exp1-completion-paced,66,264,0.2699999995456892,1.7011999998430838,33.137299999907555,31.43610000006447,0.019099999917671,23.3475000004546,500,231,18.041499999526422,23.390000000290456,False,231,0.0188000003618071,0.0236999994740472,0.0178000000232714,4.997099999854981,0.1354000005449052,0.0288000001091859,18.041499999526422,0.1266999997824314,0.0,23.3475000004546,23.390000000290456,23.354500000095868,500,500,333.0,1501.5015015015017,,False,9.747299999617098
3135,exp1-completion-paced,66,264,0.2800000002025626,1.1176999996678203,33.503599999676226,32.385900000008405,0.0201999991986667,19.581700000344423,500,232,14.725299999554409,19.625200000518817,False,232,0.0196999999388935,0.0238000002354965,0.0176000003193621,4.546399999526329,0.1350000002275919,0.0398000001951004,14.725299999554409,0.1173999999082298,0.0,19.581700000344423,19.625200000518817,19.58829999966838,500,500,333.0,1501.5015015015017,,False,13.87839999915741
3136,exp1-completion-paced,66,264,0.27460000001156,1.2035999998261104,34.27579999970476,33.07219999987865,0.0190000000657164,21.024800000304825,500,233,15.79649999985122,21.066700000119454,False,233,0.0186999996003578,0.023200000214274,0.0171000001500942,4.909999999654247,0.1350000002275919,0.0289999998130952,15.79649999985122,0.1368000002912595,0.0,21.024800000304825,21.066700000119454,21.03139999962877,500,500,333.0,1501.5015015015017,,False,13.209099999585305
3137,exp1-completion-paced,66,264,0.4578999996738275,1.0964000002786634,43.457099999614,42.36069999933534,0.0230000005103647,21.485400000528895,500,234,16.42919999994774,21.544799999901443,False,234,0.0335999993694713,0.0258000000030733,0.0179000007847207,4.748899999867717,0.1361999993605422,0.0294000001304084,16.42919999994774,0.1236000007338589,0.0,21.485400000528895,21.544799999901443,21.492000000762346,500,500,333.0,1501.5015015015017,,False,21.91229999971256
3138,exp1-completion-paced,66,264,0.2735000007305643,0.0443999997514765,42.27480000008654,42.23040000033507,0.02050000057352,21.07950000026904,500,235,15.337900000304217,21.120400000654627,False,235,0.0184000000444939,0.0225000003410968,0.017899999875226,5.414700000073935,0.1390999996147002,0.0526000003446824,15.337900000304217,0.1170999994428712,0.0,21.07950000026904,21.120400000654627,21.08570000018517,500,500,333.0,1501.5015015015017,,False,21.154399999431917
3139,exp1-completion-paced,66,264,0.2682000003915163,0.7293999997273204,32.08639999957086,31.356999999843534,0.074799999310926,23.25840000048629,500,236,16.46820000041771,23.300900000322144,False,236,0.0183000001925393,0.024199999643315,0.0172000000020489,6.42489999972895,0.1408000007359078,0.0303999995594494,16.46820000041771,0.1765999995768652,0.0,23.25840000048629,23.300900000322144,23.264999999810243,500,500,333.0,1501.5015015015017,,False,8.785499999248714
3140,exp1-completion-paced,66,264,0.2839000007952563,0.0538000003871275,36.54790000018693,36.4940999997998,0.0202000001081614,23.11169999939011,500,237,16.231499999776133,23.1564999994589,False,237,0.0203999998120707,0.024400000256719,0.0185999997484032,6.5798999994513,0.1442000002498389,0.0423999999838997,16.231499999776133,0.0950000003285822,0.0,23.11169999939011,23.1564999994589,23.118799999792827,500,500,333.0,1501.5015015015017,,False,13.391400000728026
3141,exp1-completion-paced,66,264,0.2719000003708061,2.767900000435475,44.73460000008345,41.96669999964797,0.0184000000444939,23.81819999936852,500,238,18.95369999965624,23.86089999981777,False,238,0.019099999917671,0.0236000005315872,0.0183999991349992,4.508100000748527,0.1333999998678336,0.0312000001940759,18.95369999965624,0.1728999995975755,0.0,23.81819999936852,23.86089999981777,23.825299999771232,500,500,333.0,1501.5015015015017,,False,20.873700000265675
3142,exp1-completion-paced,66,264,0.2640000002429588,1.226499999575026,39.69890000007581,38.472400000500784,0.0200000004042522,21.8470999998317,500,239,17.024999999193824,21.88879999994242,False,239,0.0190000000657164,0.0227000000450061,0.0180999995791353,4.553200000373181,0.1318000004175701,0.0307000000248081,17.024999999193824,0.0881000005392707,0.0,21.8470999998317,21.88879999994242,21.85430000008637,500,500,333.0,1501.5015015015017,,False,17.81010000013339
3143,exp1-completion-paced,66,264,0.2713000003495835,1.1957000006077578,29.54090000002907,28.34519999942131,0.0196999999388935,20.00320000024658,500,240,14.955300000110585,20.045700000082437,False,240,0.0184999998964485,0.0239999999394058,0.0177000001713167,4.763100000673148,0.1373999994029873,0.0306000001728534,14.955300000110585,0.0989000000117812,0.0,20.00320000024658,20.045700000082437,20.009400000162717,500,500,333.0,1501.5015015015017,,False,9.495199999946632
3144,exp1-completion-paced,66,264,0.2834000006259884,1.2022999999317108,40.11790000004112,38.91560000010941,0.0188999993042671,21.54900000005,500,241,15.582300000460236,21.59209999990708,False,241,0.0181999994310899,0.0249000004259869,0.0181999994310899,5.471899999974994,0.2398000005996436,0.1157999995484715,15.582300000460236,0.1207999994221609,0.0,21.54900000005,21.59209999990708,21.55640000000858,500,500,333.0,1501.5015015015017,,False,18.525800000134037
3145,exp1-completion-paced,66,264,0.2825000001394073,0.054199999794946,31.125999999858323,31.071800000063377,0.0200000004042522,19.726599999557948,500,242,14.93659999960073,19.76719999947818,False,242,0.0192999996215803,0.0213000002986518,0.017699999261822,4.4783000003008056,0.1358999998046783,0.0290000007225899,14.93659999960073,0.1289000001634122,0.0,19.726599999557948,19.76719999947818,19.73360000010871,500,500,333.0,1501.5015015015017,,False,11.358800000380143
3146,exp1-completion-paced,66,264,0.2769000002444954,1.2311000000408967,36.58760000053008,35.35650000048918,0.0177000001713167,19.88379999966128,500,243,14.959400000407186,19.92599999994127,False,243,0.0192999996215803,0.0229000006584101,0.0172000000020489,4.616699999132834,0.1360000005661277,0.0316999994538491,14.959400000407186,0.1224999996338738,0.0,19.88379999966128,19.92599999994127,19.88970000002155,500,500,333.0,1501.5015015015017,,False,16.661600000588813
3147,exp1-completion-paced,66,264,0.2714000002015382,1.2501999999585678,34.05509999993228,32.80489999997371,0.0195000002349843,19.357299999683164,500,244,14.557399999830524,19.40019999983633,False,244,0.0197999997908482,0.0231000003623194,0.0194000003830296,4.493999999795051,0.1347999996141879,0.0316000005113892,14.557399999830524,0.1198999998450744,0.0,19.357299999683164,19.40019999983633,19.364900000255147,500,500,333.0,1501.5015015015017,,False,14.65490000009595
3148,exp1-completion-paced,66,264,0.2664000003278488,2.7217999995627906,35.65290000005916,32.93110000049637,0.0202000001081614,20.04609999949025,500,245,14.906100000189326,20.09049999924173,False,245,0.0198999996428028,0.0245000001086737,0.0257000001511187,4.834899999877962,0.1419000000169035,0.0307000000248081,14.906100000189326,0.1065999995262245,0.0,20.04609999949025,20.09049999924173,20.053899999766145,500,500,333.0,1501.5015015015017,,False,15.562400000817433
3149,exp1-completion-paced,66,264,0.5084000003989786,0.9674000002632964,30.876600000738108,29.90920000047481,0.0191999997696257,20.4782000000705,500,246,15.470100000129603,20.521500000540986,False,246,0.0196999999388935,0.0236000005315872,0.0302999997074948,4.69859999975597,0.1342000005024601,0.0286999993477365,15.470100000129603,0.1160000001618755,0.0,20.4782000000705,20.521500000540986,20.484599999690545,500,500,333.0,1501.5015015015017,,False,10.355100000197123
3150,exp1-completion-paced,66,264,0.2673999997568899,1.2096000000383356,36.26390000044921,35.05430000041088,0.0200000004042522,24.68739999949321,500,247,18.468200000825163,24.728899999900023,False,247,0.0189000002137618,0.0226000001930515,0.016699999832781,5.729700000301818,0.2436999993733479,0.1149999998233397,18.468200000825163,0.1138999996328493,0.0,24.68739999949321,24.728899999900023,24.69329999985348,500,500,333.0,1501.5015015015017,,False,11.53500000054919
3151,exp1-completion-paced,66,264,0.2693000005820067,1.224700000420853,38.10840000005555,36.8836999996347,0.019300000531075,20.357700000204204,500,248,15.353200000390643,20.402799999828854,False,248,0.0195000002349843,0.0255999993896693,0.0189000002137618,4.705700000158686,0.1402999996571452,0.0286000004052766,15.353200000390643,0.1107999996747821,0.0,20.357700000204204,20.402799999828854,20.36430000043765,500,500,333.0,1501.5015015015017,,False,17.7056000002267
3152,exp1-completion-paced,66,264,0.2715999999054475,1.2602999995579012,36.68790000028821,35.42760000073031,0.0188000003618071,20.2222999996593,500,249,15.31040000008943,20.28280000013183,False,249,0.0201000002562068,0.0404000002163229,0.0186999996003578,4.574700000375742,0.1729999994495301,0.0335000004270114,15.31040000008943,0.1117000001613632,0.0,20.2222999996593,20.28280000013183,20.22960000067542,500,500,333.0,1501.5015015015017,,False,16.40510000015638
3153,exp1-completion-paced,66,264,0.2717999996093567,0.0534999999217689,35.04789999988134,34.99439999995957,0.0262000003203866,19.516700000167475,500,250,14.606900000217138,19.56179999979213,False,250,0.0196000000869389,0.0254999995377147,0.0194000003830296,4.60300000031566,0.1329999995505204,0.0306000001728534,14.606900000217138,0.1235999998243642,0.0,19.516700000167475,19.56179999979213,19.5240000002741,500,500,333.0,1501.5015015015017,,False,15.486100000089209
3154,exp1-completion-paced,66,264,0.2762000003713183,0.0737000000299303,40.66089999923861,40.58719999920868,0.0213000002986518,22.92490000036196,500,251,17.112300000007963,22.96810000007099,False,251,0.0201000002562068,0.0230999994528247,0.0177000001713167,5.3532000001723645,0.2057000001514097,0.0297999995382269,17.112300000007963,0.2058000000033644,0.0,22.92490000036196,22.96810000007099,22.93139999983396,500,500,333.0,1501.5015015015017,,False,17.69279999916762
3155,exp1-completion-paced,66,264,0.2804000005198759,1.2058000002070912,30.63750000001164,29.43169999980455,0.0180000006366753,20.186299999295443,500,252,15.2646000005916,20.224999999300053,False,252,0.0169999993886449,0.0217000006159651,0.0175999994098674,4.6247000000221306,0.143700000080571,0.0296999996862723,15.2646000005916,0.1058999996530474,0.0,20.186299999295443,20.224999999300053,20.19240000026912,500,500,333.0,1501.5015015015017,,False,10.412500000711589
3156,exp1-completion-paced,66,264,0.2587999997558654,2.743299999565352,34.15199999926699,31.40869999970164,0.0184000000444939,20.5511000003753,500,253,15.823799999452604,20.596000000296044,False,253,0.0182000003405846,0.0266999995801597,0.0178000000232714,4.43730000006326,0.1306000003751251,0.0306000001728534,15.823799999452604,0.1108000005842768,0.0,20.5511000003753,20.596000000296044,20.557599999847294,500,500,333.0,1501.5015015015017,,False,13.555999998970947
3157,exp1-completion-paced,66,264,0.2609000002848916,1.1764000000766828,42.728899999929126,41.55249999985245,0.029499999982363,20.464500000343836,500,254,15.3879000008601,20.50500000041211,False,254,0.0184999998964485,0.022000000171829,0.0175000004674075,4.768199999489298,0.1382000000376138,0.0308999997287173,15.3879000008601,0.1215999991472926,0.0,20.464500000343836,20.50500000041211,20.47139999922365,500,500,333.0,1501.5015015015017,,False,22.223899999517016
3158,exp1-completion-paced,66,264,0.2679999997781124,2.710399999159563,33.63959999933286,30.929200000173296,0.0190000000657164,23.708499999884225,500,255,17.241399999875284,23.763899999721616,False,255,0.0192999996215803,0.0361000002158107,0.0184999998964485,6.152599999950326,0.1407999998264131,0.0361000002158107,17.241399999875284,0.1189000004160334,0.0,23.708499999884225,23.763899999721616,23.71530000073108,500,500,333.0,1501.5015015015017,,False,9.875699999611243
3159,exp1-completion-paced,66,264,0.2809999996316037,0.0559000000066589,41.518299999552255,41.4623999995456,0.0346999995599617,21.061799999188224,500,256,16.143400000146357,21.118399999977555,False,256,0.0288000001091859,0.0278000006801448,0.0182999992830446,4.626800000551157,0.1317999995080754,0.0291000005745445,16.143400000146357,0.1121999994211364,0.0,21.061799999188224,21.118399999977555,21.06889999959094,500,500,333.0,1501.5015015015017,,False,20.3998999995747
3160,exp1-completion-paced,66,264,0.2702000001590932,2.7675000001181616,36.60370000034163,33.83620000022347,0.0747000003684661,21.133199999894718,500,257,16.08010000018112,21.179600000323266,False,257,0.0202000001081614,0.0262000003203866,0.0172000000020489,4.759200000080455,0.1352999997834558,0.0293000002784538,16.08010000018112,0.1118999998652725,0.0,21.133199999894718,21.179600000323266,21.13980000012816,500,500,333.0,1501.5015015015017,,False,15.424100000018367
3161,exp1-completion-paced,66,264,0.2647999999680905,0.0820000004750909,32.09180000067136,32.009800000196265,0.0207000002774293,24.93719999984023,500,258,18.85949999996228,24.98639999976149,False,258,0.0184000000444939,0.0307999998767627,0.0257000001511187,5.7021000002350775,0.1409999995303223,0.0313000000460306,18.85949999996228,0.177300000359537,0.0,24.93719999984023,24.98639999976149,24.944099999629543,500,500,333.0,1501.5015015015017,,False,7.105400000909874
3162,exp1-completion-paced,66,264,0.2782000001388951,1.2120000001232256,36.68960000049992,35.4776000003767,0.0185999997484032,26.07270000044082,500,259,20.854600000348,26.11490000072081,False,259,0.0201000002562068,0.0221000000237836,0.0183000001925393,4.946099999870057,0.1330000004600151,0.0312999991365359,20.854600000348,0.0890999999683117,0.0,26.07270000044082,26.11490000072081,26.07960000023013,500,500,333.0,1501.5015015015017,,False,10.574699999779114
3163,exp1-completion-paced,66,264,0.2829000004567206,1.219199999468401,39.19010000026901,37.97090000080061,0.0192999996215803,27.81049999975949,500,260,22.223699999813107,27.85210000001825,False,260,0.0189000002137618,0.0227000000450061,0.0179999997271806,5.22720000026311,0.1400999999532359,0.029499999982363,22.223699999813107,0.1718000003165798,0.0,27.81049999975949,27.85210000001825,27.818399999887333,500,500,333.0,1501.5015015015017,,False,11.338000000250762
3164,exp1-completion-paced,66,264,0.32660000033502,1.2333000004218777,43.6016000003292,42.36829999990732,0.0192000006791204,21.057500000097207,500,261,15.695600000071863,21.11619999959657,False,261,0.0267999994321144,0.0319000000672531,0.0187000005098525,5.051099999946018,0.1396999996359227,0.0293000002784538,15.695600000071863,0.1227000002472777,0.0,21.057500000097207,21.11619999959657,21.06510000066919,500,500,333.0,1501.5015015015017,,False,22.48540000073263
3165,exp1-completion-paced,66,264,0.2782000001388951,0.7078999997247593,37.31880000032106,36.6109000005963,0.0190000000657164,21.277800000461863,500,262,15.778900000441354,21.321700000044075,False,262,0.0207000002774293,0.0231999993047793,0.0194000003830296,5.185099999835074,0.1404000004185945,0.0315999996018945,15.778900000441354,0.1222000000780099,0.0,21.277800000461863,21.321700000044075,21.285400000124355,500,500,333.0,1501.5015015015017,,False,15.997100000276987
3166,exp1-completion-paced,66,264,0.2722999997786246,1.192099999570928,39.6733999996286,38.48130000005767,0.0194000003830296,21.88120000027993,500,263,16.655899999932444,21.92600000034872,False,263,0.0202000001081614,0.0245999999606283,0.0178000000232714,4.911699999865959,0.1342000005024601,0.0282000000879634,16.655899999932444,0.1331999992544297,0.0,21.88120000027993,21.92600000034872,21.887999999307794,500,500,333.0,1501.5015015015017,,False,17.74739999927988
3167,exp1-completion-paced,66,264,0.273199999355711,1.2829999996029071,35.14399999949092,33.86099999988801,0.0419999996665865,21.336799999517098,500,264,16.039499999351392,21.389699999417644,False,264,0.0202999999601161,0.0325999999404302,0.0173999997059581,4.953800000293995,0.1582999993843259,0.0302000007650349,16.039499999351392,0.137400000312482,0.0,21.336799999517098,21.389699999417644,21.34560000013153,500,500,333.0,1501.5015015015017,,False,13.754300000073279
3168,exp1-completion-paced,66,264,0.2761000005193637,0.0690000006215996,31.04460000031395,30.97559999969235,0.0190000000657164,21.40859999963141,500,265,15.913299999738229,21.508799999537587,False,265,0.0676999998177052,0.0325000000884756,0.0172000000020489,5.178399999749672,0.1362000002700369,0.0289999998130952,15.913299999738229,0.1342000005024601,0.0,21.40859999963141,21.508799999537587,21.41459999984363,500,500,333.0,1501.5015015015017,,False,9.535800000776362
3169,exp1-completion-paced,66,264,0.2605999998195329,7.804199999554839,32.68059999936668,24.87639999981184,0.0358999996024067,20.86400000007416,500,266,15.804399999979069,20.915600000080303,False,266,0.0200999993467121,0.0315000006594345,0.017899999875226,4.74949999988894,0.1329999995505204,0.0290000007225899,15.804399999979069,0.1299999994444078,0.0,20.86400000007416,20.915600000080303,20.87119999941933,500,500,333.0,1501.5015015015017,,False,11.764999999286374
3170,exp1-completion-paced,66,264,0.2943999998024083,1.1495000007926135,33.018400000401016,31.8688999996084,0.017899999875226,21.074199999929988,500,267,15.935299999910058,21.1180999995122,False,267,0.017899999875226,0.0259999997069826,0.0159000001076492,4.826200000024983,0.1332000001639244,0.0408999994760961,15.935299999910058,0.1226000003953231,0.0,21.074199999929988,21.1180999995122,21.0772000000361,500,500,333.0,1501.5015015015017,,False,11.900300000888816
3171,exp1-completion-paced,66,264,0.2749999994193786,4.1608999999880325,38.9895999996952,34.82869999970717,0.0202000001081614,21.07510000041657,500,268,15.707799999290728,21.114199999829,False,268,0.0187999994523124,0.0202999999601161,0.01810000048863,5.06760000007489,0.1334999997197883,0.0287000002572312,15.707799999290728,0.1191999999718973,0.0,21.07510000041657,21.114199999829,21.08189999944443,500,500,333.0,1501.5015015015017,,False,17.8753999998662
3172,exp1-completion-paced,66,264,0.2944999996543629,0.0493999996251659,29.59699999973964,29.54760000011447,0.0184999998964485,21.731300000283227,500,269,15.889700000116136,21.775999999590567,False,269,0.0196999999388935,0.0249999993684468,0.0186000006578979,5.525599999600672,0.1447000004191068,0.0304999994114041,15.889700000116136,0.1220000003741006,0.0,21.731300000283227,21.775999999590567,21.73820000007254,500,500,333.0,1501.5015015015017,,False,7.821000000149073
3173,exp1-completion-paced,66,264,0.2870000007533235,1.2011999997412204,35.57860000000801,34.37740000026679,0.0197999997908482,21.411199999420205,500,270,15.946299999995972,21.478900000147405,False,270,0.0182000003405846,0.0495000003866152,0.0180999995791353,5.149399999936577,0.1385000005029724,0.0285999994957819,15.946299999995972,0.1301000002058572,0.0,21.411199999420205,21.478900000147405,21.446499999910884,500,500,333.0,1501.5015015015017,,False,14.099699999860604
3174,exp1-completion-paced,66,264,0.2678000000742031,1.348899999356945,38.24509999958536,36.89620000022842,0.0174000006154528,21.72510000036709,500,271,16.26029999988532,21.78439999988768,False,271,0.0210999996852478,0.0381999998353421,0.0183000001925393,5.15460000042367,0.1372999995510326,0.0301000000035855,16.26029999988532,0.1240000001416774,0.0,21.72510000036709,21.78439999988768,21.732000000156404,500,500,333.0,1501.5015015015017,,False,16.460699999697685
3175,exp1-completion-paced,66,264,0.2791999995679362,1.2088999992556635,37.63939999953436,36.4305000002787,0.0214000001506065,21.82599999923696,500,272,16.367400000490306,21.86999999958061,False,272,0.0191999997696257,0.0248000005740323,0.0186999996003578,5.135999999765772,0.1351999999315012,0.039900000047055,16.367400000490306,0.1284999998460989,0.0,21.82599999923696,21.86999999958061,21.833300000253075,500,500,333.0,1501.5015015015017,,False,15.769399999953752
3176,exp1-completion-paced,66,264,0.2887999999074964,1.1838000000352622,35.0192000005336,33.83540000049834,0.0182000003405846,24.04949999981909,500,273,16.20360000015353,24.093799999718613,False,273,0.0190000000657164,0.0252999998338054,0.0194000003830296,7.5135999995836755,0.1457999997001025,0.0405999999202322,16.20360000015353,0.1263000003746128,0.0,24.04949999981909,24.093799999718613,24.056799999925715,500,500,333.0,1501.5015015015017,,False,10.925400000814989
3177,exp1-completion-paced,66,264,0.2775000002657179,1.2950999998793122,44.87580000022717,43.58070000034786,0.019300000531075,21.383899999818823,500,274,16.03239999985817,21.424999999908323,False,274,0.0188000003618071,0.0222999997276929,0.0189000002137618,5.007900000236987,0.1326999999946565,0.0307000000248081,16.03239999985817,0.1609999999345746,0.0,21.383899999818823,21.424999999908323,21.39100000022154,500,500,333.0,1501.5015015015017,,False,23.45080000031885
3178,exp1-completion-paced,66,264,0.2764999999271822,0.7021000001259381,35.09049999956915,34.38839999944321,0.0194000003830296,27.06380000017816,500,275,21.14690000053088,27.11189999990893,False,275,0.0190000000657164,0.0290999996650498,0.017899999875226,5.4528999999092775,0.142500000038126,0.0313000000460306,21.14690000053088,0.271999999313266,0.0,27.06380000017816,27.11189999990893,27.07159999954456,500,500,333.0,1501.5015015015017,,False,7.978599999660219
3179,exp1-completion-paced,66,264,0.2782999999908497,4.774799999722745,40.65069999978732,35.875900000064576,0.0206000004254747,21.694299999580835,500,276,15.40260000001581,21.7397999995228,False,276,0.0202999999601161,0.0251999999818508,0.0184000000444939,5.999799999699462,0.1388999999107909,0.0310000004901667,15.40260000001581,0.1033999997162027,0.0,21.694299999580835,21.7397999995228,21.70039999964501,500,500,333.0,1501.5015015015017,,False,18.910900000264522
3180,exp1-completion-paced,66,264,0.2788000001601176,1.2421000001268112,38.50750000037806,37.26540000025125,0.0208999999813386,23.499700000684243,500,277,15.826399999241405,23.54620000005525,False,277,0.0201999991986667,0.0263000001723412,0.0325000000884756,7.134800000130781,0.278499999694759,0.1218000006701913,15.826399999241405,0.1055000002452288,0.0,23.499700000684243,23.54620000005525,23.506499999712105,500,500,333.0,1501.5015015015017,,False,14.961300000322808
3181,exp1-completion-paced,66,264,0.2859000005628331,1.2121999998271349,36.09070000038628,34.87850000055914,0.0192999996215803,20.91500000005908,500,278,15.448600000127044,20.960599999853,False,278,0.0202000001081614,0.0253999996857601,0.0185000008059432,5.166999999346444,0.1367000004393048,0.0290999996650498,15.448600000127044,0.1148999999713851,0.0,20.91500000005908,20.960599999853,20.922300000165706,500,500,333.0,1501.5015015015017,,False,15.130100000533279
3182,exp1-completion-paced,66,264,0.2724000005400739,0.0565000000278814,40.23640000013984,40.17990000011196,0.0218000004679197,20.362500000373984,500,279,15.06950000020879,20.40690000012546,False,279,0.0198999996428028,0.0245000001086737,0.0170000002981396,5.002099999728671,0.1364999998259009,0.0293000002784538,15.06950000020879,0.1079999992725788,0.0,20.362500000373984,20.40690000012546,20.3693999992538,500,500,333.0,1501.5015015015017,,False,19.829500000014377
3183,exp1-completion-paced,66,264,0.2669999994395766,1.2377000002743443,32.586600000286126,31.34890000001178,0.017899999875226,20.32500000041182,500,280,15.165499999966414,20.376400000714057,False,280,0.0199000005522975,0.0314999997499398,0.0167999996847356,4.867200000262528,0.1338000001851469,0.0287000002572312,15.165499999966414,0.1127999994423589,0.0,20.32500000041182,20.376400000714057,20.33209999990504,500,500,333.0,1501.5015015015017,,False,12.210199999572069
3184,exp1-completion-paced,66,264,0.2861999992092023,0.050300000111747,36.22460000042338,36.17430000031163,0.0191999997696257,26.137199999539007,500,281,18.29819999966276,26.190099999439557,False,281,0.0191999997696257,0.0337000001309206,0.0167999996847356,7.531100000051083,0.1382999998895684,0.0410000002375454,18.29819999966276,0.1116000003094086,0.0,26.137199999539007,26.190099999439557,26.141000000279742,500,500,333.0,1501.5015015015017,,False,10.034500000983822
3185,exp1-completion-paced,66,264,0.3715000002557644,2.1162000002732384,34.92610000012064,32.8098999998474,0.0198000007003429,24.321900000359165,500,282,19.37610000004497,24.382300000070245,False,282,0.0186999996003578,0.0417000001107226,0.0170000002981396,4.644499999812979,0.1408999996783677,0.041300000702904,19.37610000004497,0.1017999993564444,0.0,24.321900000359165,24.382300000070245,24.32789999966189,500,500,333.0,1501.5015015015017,,False,10.543800000050396
3186,exp1-completion-paced,66,264,0.2653999999893131,1.2267000001884298,40.782600000056846,39.555899999868416,0.0202000001081614,20.47000000038679,500,283,15.237499999784632,20.57310000054713,False,283,0.0204000007215654,0.0826999994387733,0.0178000000232714,4.899300000033691,0.1652000000831321,0.0319999999192077,15.237499999784632,0.117800000225543,0.0,20.47000000038679,20.57310000054713,20.476699999562697,500,500,333.0,1501.5015015015017,,False,20.209499999509717
3187,exp1-completion-paced,66,264,0.2693000005820067,1.221800000166695,38.15339999982825,36.93159999966156,0.0203999998120707,20.3998999995747,500,284,15.251400000124704,20.454900000004272,False,284,0.0292000004264991,0.0258000000030733,0.0179999997271806,4.856100000324659,0.1417999992554541,0.0287000002572312,15.251400000124704,0.1037000001815613,0.0,20.3998999995747,20.454900000004272,20.40709999982937,500,500,333.0,1501.5015015015017,,False,17.69849999982398
3188,exp1-completion-paced,66,264,0.2728999997998471,0.0485000000480795,34.2992999994749,34.25079999942682,0.0196999999388935,20.758499999828928,500,285,15.534500000285334,20.81160000034288,False,285,0.0194000003830296,0.0337000001309206,0.0505999996676109,4.901199999949313,0.1388000000588363,0.0307999998767627,15.534500000285334,0.102300000435207,0.0,20.758499999828928,20.81160000034288,20.76530000067578,500,500,333.0,1501.5015015015017,,False,13.487699999132015
3189,exp1-completion-paced,66,264,0.2791000006254762,2.286900000399328,40.63750000022992,38.35059999983059,0.0193999994735349,22.67899999969813,500,286,16.693800000211922,22.73059999970428,False,286,0.0183000001925393,0.0332999998136074,0.0157000004037399,5.695299999388226,0.1399000002493267,0.0297999995382269,16.693800000211922,0.1043000002027838,0.0,22.67899999969813,22.73059999970428,22.68249999997352,500,500,333.0,1501.5015015015017,,False,17.906900000525642
3190,exp1-completion-paced,66,264,0.3364999993209494,0.073799999881885,40.68539999934728,40.6115999994654,0.0190000000657164,19.85190000050352,500,287,14.91450000048644,19.92580000023736,False,287,0.0495000003866152,0.0243999993472243,0.016900000446185,4.652800000258139,0.1321999998253886,0.0296999996862723,14.91450000048644,0.1055999991876888,0.0,19.85190000050352,19.92580000023736,19.857999999658205,500,500,333.0,1501.5015015015017,,False,20.759599999109923
3191,exp1-completion-paced,66,264,0.2665000001798034,7.286500000191154,38.19520000070042,30.90870000050927,0.0325999999404302,20.908200000121724,500,288,15.472699999918405,20.958999999493244,False,288,0.0277999997706501,0.02299999960087,0.0165000001288717,5.14500000008411,0.1414999996995902,0.0302000007650349,15.472699999918405,0.102099999821803,0.0,20.908200000121724,20.958999999493244,20.91500000005908,500,500,333.0,1501.5015015015017,,False,17.236200001207173
3192,exp1-completion-paced,66,264,0.2953000002889894,1.2161999993622885,41.208699999515375,39.992500000153086,0.0181999994310899,21.55250000032538,500,289,16.142100000251958,21.61330000035377,False,289,0.0319000000672531,0.0288999999611405,0.0371999994968064,5.082600000605453,0.1377999997203005,0.0301999998555402,16.142100000251958,0.1222999999299645,0.0,21.55250000032538,21.61330000035377,21.5582999999242,500,500,333.0,1501.5015015015017,,False,19.595399999161604
3193,exp1-completion-paced,66,264,0.2801000000545173,1.2684999992416124,33.549699999639415,32.2812000003978,0.0405000000682775,22.199799999725656,500,290,17.216600000210747,22.24690000002738,False,290,0.0177000001713167,0.0294000001304084,0.0202999999601161,4.691699999966659,0.1338000001851469,0.0338999998348299,17.216600000210747,0.1032999998642481,0.0,22.199799999725656,22.24690000002738,22.20789999955741,500,500,333.0,1501.5015015015017,,False,11.302799999612034
3194,exp1-completion-paced,66,264,0.4522999997789156,0.9643000003052292,29.33130000019446,28.36699999988923,0.0298000004477216,21.731699999691045,500,291,15.983399999640824,21.775899999738613,False,291,0.0195000002349843,0.0246999998125829,0.0178000000232714,5.452999999761232,0.1388000000588363,0.0307000000248081,15.983399999640824,0.1078000004781642,0.0,21.731699999691045,21.775899999738613,21.73930000026303,500,500,333.0,1501.5015015015017,,False,7.5554000004558475
3195,exp1-completion-paced,66,264,0.2549000000726664,0.051799999710056,44.83179999988352,44.78000000017346,0.0196999999388935,26.580200000353216,500,292,18.89870000013616,26.63709999978892,False,292,0.0203999998120707,0.0364999996236292,0.0186000006578979,7.181699999819102,0.2534999994168174,0.1189000004160334,18.89870000013616,0.1083999995898921,0.0,26.580200000353216,26.63709999978892,26.587499999550342,500,500,333.0,1501.5015015015017,,False,18.194700000094603
3196,exp1-completion-paced,66,264,0.2776999999696272,0.0785000001997104,42.3783000005642,42.299800000364485,0.0226000001930515,20.476699999562697,500,293,15.507399999478366,20.522900000287336,False,293,0.0207000002774293,0.0255000004472094,0.017899999875226,4.686199999923701,0.1334999997197883,0.0298000004477216,15.507399999478366,0.1017000004139845,0.0,20.476699999562697,20.522900000287336,20.48410000043077,500,500,333.0,1501.5015015015017,,False,21.855400000276866
3197,exp1-completion-paced,66,264,0.275800000054005,1.296100000217848,38.16199999982928,36.86589999961143,0.0186999996003578,20.88140000068961,500,294,15.582400000312193,20.92330000050424,False,294,0.0194000003830296,0.0224999994316021,0.0217000006159651,5.004099999496248,0.138600000354927,0.0295999998343177,15.582400000312193,0.1046999996106023,0.0,20.88140000068961,20.92330000050424,20.887199999378936,500,500,333.0,1501.5015015015017,,False,17.238699999325036
3198,exp1-completion-paced,66,264,0.2697999998417799,1.2637999998332816,35.625900000013644,34.36210000018036,0.0192999996215803,21.210099999734663,500,295,15.946000000440108,21.270000000185973,False,295,0.0341000004482339,0.0258000000030733,0.017899999875226,4.9745999995138845,0.1391000005241949,0.0287999991996912,15.946000000440108,0.1034999995681573,0.0,21.210099999734663,21.270000000185973,21.216999999523978,500,500,333.0,1501.5015015015017,,False,14.35589999982767
3199,exp1-completion-paced,66,264,0.27460000001156,1.2858000000051106,37.629200000083074,36.34340000007796,0.0186999996003578,29.787999999825843,500,296,23.40540000022884,29.835000000275613,False,296,0.0215000000025611,0.0255000004472094,0.0185999997484032,5.869499999789696,0.2593999997770879,0.121900000522146,23.40540000022884,0.1129999991462682,0.0,29.787999999825843,29.835000000275613,29.795399999784426,500,500,333.0,1501.5015015015017,,False,7.794199999807461
3200,exp1-completion-paced,66,264,0.2747999997154693,0.6130000001576263,33.52029999950901,32.90729999935138,0.0192999996215803,23.80440000069939,500,297,18.31419999962236,23.84820000042964,False,297,0.0197999997908482,0.0239999999394058,0.016900000446185,5.162999999811291,0.1408999996783677,0.0323000003845663,18.31419999962236,0.1368000002912595,0.0,23.80440000069939,23.84820000042964,23.811099999875296,500,500,333.0,1501.5015015015017,,False,9.672099999079368
3201,exp1-completion-paced,66,264,0.300299999253184,1.2113000002500485,33.24890000021696,32.037599999966915,0.0180999995791353,21.75449999958801,500,298,16.353500000150234,21.805899999890244,False,298,0.0276999999186955,0.0237000003835419,0.0178000000232714,5.11590000041906,0.1377999997203005,0.0291999995170044,16.353500000150234,0.1001000000542262,0.0,21.75449999958801,21.805899999890244,21.76169999984268,500,500,333.0,1501.5015015015017,,False,11.44300000032672
3202,exp1-completion-paced,66,264,0.2732000002652057,0.7065999998303596,39.27750000002561,38.57090000019525,0.02050000057352,23.24140000018815,500,299,17.649899999923946,23.2958000005965,False,299,0.0207000002774293,0.0337000001309206,0.0186999996003578,5.292600000757375,0.1369999999951687,0.0303999995594494,17.649899999923946,0.1125999997384497,0.0,23.24140000018815,23.2958000005965,23.24849999968137,500,500,333.0,1501.5015015015017,,False,15.981699999429111
3203,exp1-completion-paced,66,264,0.2812000002450077,1.1658000003080815,29.495400000087105,28.32959999977902,0.0180999995791353,20.7564000002094,500,300,15.488999999433872,20.802899999580404,False,300,0.0209999998332932,0.0254999995377147,0.0182000003405846,4.962099999829661,0.1338000001851469,0.0316000005113892,15.488999999433872,0.1214000003528781,0.0,20.7564000002094,20.802899999580404,20.764599999893107,500,500,333.0,1501.5015015015017,,False,8.692500000506701
3204,exp1-completion-paced,66,264,0.2721000000747153,1.2292000001252743,35.17439999995986,33.945199999834585,0.0192999996215803,22.245400000429072,500,301,16.137399999934132,22.297900000012305,False,301,0.0261999994108919,0.0263000001723412,0.01810000048863,5.777499999567226,0.1535999999759951,0.0319999999192077,16.137399999934132,0.1265999999304767,0.0,22.245400000429072,22.297900000012305,22.25229999930889,500,500,333.0,1501.5015015015017,,False,12.876499999947555
3205,exp1-completion-paced,66,264,0.2626000004966045,1.2541000005512617,34.12819999994099,32.87409999938973,0.0263999991148011,22.8250999998636,500,302,15.983599999344731,22.867199999382137,False,302,0.0188999993042671,0.023200000214274,0.0177000001713167,6.5559000004213885,0.1399999991917866,0.0302000007650349,15.983599999344731,0.0975000002654269,0.0,22.8250999998636,22.867199999382137,22.83239999997022,500,500,333.0,1501.5015015015017,,False,11.261000000558852
3206,exp1-completion-paced,66,264,0.2782000001388951,0.7330000007641502,32.6509000005899,31.91789999982575,0.0190000000657164,21.13790000021254,500,303,15.643600000657898,21.17749999979424,False,303,0.0193999994735349,0.0202000001081614,0.017899999875226,5.209900000409107,0.1369000001432141,0.0286999993477365,15.643600000657898,0.1007000000754487,0.0,21.13790000021254,21.17749999979424,21.14370000072085,500,500,333.0,1501.5015015015017,,False,11.47340000079566
3207,exp1-completion-paced,66,264,0.2745000001596054,1.2999000000490923,44.6858000004795,43.38590000043041,0.0193999994735349,24.226700000326677,500,304,16.843700000208628,24.269900000035705,False,304,0.0200999993467121,0.0231000003623194,0.0185999997484032,7.073100000525301,0.1388000000588363,0.0303999995594494,16.843700000208628,0.1218999996126513,0.0,24.226700000326677,24.269900000035705,24.23379999981989,500,500,333.0,1501.5015015015017,,False,20.4159000004438
3208,exp1-completion-paced,66,264,0.2791999995679362,1.2477999998736775,32.63319999950909,31.38539999963541,0.0567999995837453,20.60449999953562,500,305,15.273600000000442,20.64669999981561,False,305,0.0206000004254747,0.0215999998545157,0.0184000000444939,5.031199999393721,0.1366000005873502,0.0325999999404302,15.273600000000442,0.1118999998652725,0.0,20.60449999953562,20.64669999981561,20.611400000234426,500,500,333.0,1501.5015015015017,,False,11.986499999693478
3209,exp1-completion-paced,66,264,0.2972000002046115,1.251599999704922,38.14379999948869,36.89219999978377,0.0211999995372025,21.26959999986866,500,306,15.85239999985788,21.317300000191608,False,306,0.0211000005947425,0.0265999997282051,0.0185999997484032,5.1057000000582775,0.1407999998264131,0.0290000007225899,15.85239999985788,0.1228000000992324,0.0,21.26959999986866,21.317300000191608,21.276899999975285,500,500,333.0,1501.5015015015017,,False,16.826499999297084
3210,exp1-completion-paced,66,264,0.2696999999898253,2.7694999998857384,37.10569999930158,34.33619999941584,0.0196000000869389,23.55029999944236,500,307,18.518600000788865,23.597599999447997,False,307,0.0197999997908482,0.0275000002147862,0.0175999994098674,4.729600000246137,0.1328999996985658,0.0313999998979852,18.518600000788865,0.1199999996970291,0.0,23.55029999944236,23.597599999447997,23.557200000141165,500,500,333.0,1501.5015015015017,,False,13.508099999853581
3211,exp1-completion-paced,66,264,0.2752000000327825,1.213100000313716,34.32150000026013,33.108399999946414,0.0194000003830296,22.7351000003182,500,308,17.443099999582046,22.7935000002617,False,308,0.0196000000869389,0.0387999998565646,0.0299000002996763,4.989699999896402,0.1357999999527237,0.0291000005745445,17.443099999582046,0.1073000003088964,0.0,22.7351000003182,22.7935000002617,22.73930000046676,500,500,333.0,1501.5015015015017,,False,11.527999999998428
3212,exp1-completion-paced,66,264,0.2569999996921979,2.742900000157533,34.16590000051656,31.423000000359025,0.0188000003618071,20.70629999980156,500,309,15.25980000042182,20.755300000018902,False,309,0.0278999996226048,0.0211000005947425,0.0261999994108919,5.008100000850391,0.2655999996932223,0.0451999994766083,15.25980000042182,0.101100000392762,0.0,20.70629999980156,20.755300000018902,20.712700000331097,500,500,333.0,1501.5015015015017,,False,13.410600000497656
3213,exp1-completion-paced,66,264,0.2759999997579143,0.0614999999015708,40.59370000049967,40.532200000598095,0.0216000007640104,20.32950000011624,500,310,15.3295000000071,20.372799999677227,False,310,0.0187999994523124,0.0245000001086737,0.01810000048863,4.710999999588239,0.1369000001432141,0.0293000002784538,15.3295000000071,0.1043000002027838,0.0,20.32950000011624,20.372799999677227,20.33590000064578,500,500,333.0,1501.5015015015017,,False,20.220900000822446
3214,exp1-completion-paced,66,264,0.2797999995891587,0.0489000003653927,34.65429999960179,34.6053999992364,0.0202000001081614,21.85730000019248,500,311,16.574000000218803,21.899000000303204,False,311,0.0184000000444939,0.0233000000662286,0.0172000000020489,5.007799999475537,0.1353000006929505,0.0328999994962941,16.574000000218803,0.0898999996934435,0.0,21.85730000019248,21.899000000303204,21.863699999812525,500,500,333.0,1501.5015015015017,,False,12.755299999298586
3215,exp1-completion-paced,66,264,0.2776999999696272,1.25690000004397,29.11750000021129,27.860600000167324,0.02059999951598,20.15419999952428,500,312,15.13029999932769,20.19999999993161,False,312,0.0184000000444939,0.0274000003628316,0.0215000000025611,4.747500000121363,0.1340999997410108,0.0311000003421213,15.13029999932769,0.0895000002856249,0.0,20.15419999952428,20.19999999993161,20.16230000026553,500,500,333.0,1501.5015015015017,,False,8.91750000027968
3216,exp1-completion-paced,66,264,0.2712999994400888,0.749099999666214,32.165599999643746,31.41649999997753,0.0358999996024067,20.43070000036096,500,313,15.447800000401912,20.47370000036608,False,313,0.0185000008059432,0.024499999199179,0.0178000000232714,4.712100000688224,0.1321999998253886,0.0352999995811842,15.447800000401912,0.0852000002851127,0.0,20.43070000036096,20.47370000036608,20.437900000615628,500,500,333.0,1501.5015015015017,,False,11.691899999277666
3217,exp1-completion-paced,66,264,0.2754000006461865,0.0773000001572654,27.005300000382704,26.92800000022544,0.0195000002349843,20.305000000007567,500,314,15.37129999996978,20.47349999975268,False,314,0.019099999917671,0.1493999998274375,0.0186000006578979,4.654599999412312,0.1326999999946565,0.041300000702904,15.37129999996978,0.0862999995661084,0.0,20.305000000007567,20.47349999975268,20.31269999952201,500,500,333.0,1501.5015015015017,,False,6.5318000006300245
3218,exp1-completion-paced,66,264,0.2713999992920435,1.2630000001081498,35.759000000325614,34.496000000217464,0.0191999997696257,20.663799999965704,500,315,15.49689999956172,20.70629999980156,False,315,0.0189000002137618,0.0235999996220925,0.0170000002981396,4.890100000011444,0.1360999995085876,0.0299000002996763,15.49689999956172,0.0936000005822279,0.0,20.663799999965704,20.70629999980156,20.67040000019915,500,500,333.0,1501.5015015015017,,False,15.052700000524055
3219,exp1-completion-paced,66,264,0.2664000003278488,1.283099999454862,39.76139999940642,38.47829999995156,0.019099999917671,20.552199999656292,500,316,15.50889999998617,20.596000000296044,False,316,0.0189000002137618,0.0249000004259869,0.0175999994098674,4.7638000005463255,0.1339000000371015,0.0302999997074948,15.50889999998617,0.0975000002654269,0.0,20.552199999656292,20.596000000296044,20.559700000376324,500,500,333.0,1501.5015015015017,,False,19.165399999110377
3220,exp1-completion-paced,66,264,0.2769000002444954,0.0527000001966371,33.01079999982903,32.958099999632395,0.0203999998120707,20.643700000618992,500,317,15.51629999994475,20.68280000003142,False,317,0.0178000000232714,0.0212999993891571,0.0182000003405846,4.842800000005809,0.1340999997410108,0.0308999997287173,15.51629999994475,0.1012000002447166,0.0,20.643700000618992,20.68280000003142,20.650699999350763,500,500,333.0,1501.5015015015017,,False,12.327999999797612
3221,exp1-completion-paced,66,264,0.270700000328361,0.0555000005988404,45.73830000026646,45.68279999966762,0.0204999996640253,27.12210000026971,500,318,18.21110000037152,27.20450000015262,False,318,0.0196000000869389,0.0627999997959705,0.0325999999404302,8.397100000365754,0.2563999996709754,0.1143999998021172,18.21110000037152,0.1101999996535596,0.0,27.12210000026971,27.20450000015262,27.14899999955378,500,500,333.0,1501.5015015015017,,False,18.533800000113843
3222,exp1-completion-paced,66,264,0.2681000005395617,2.5870999998005573,27.45820000018284,24.871100000382285,0.0207000002774293,21.35550000002695,500,319,16.089499999907275,21.406899999419693,False,319,0.0181999994310899,0.0331999999616527,0.016900000446185,4.874299999755749,0.1314999999522115,0.028299999939918,16.089499999907275,0.2147000004697474,0.0,21.35550000002695,21.406899999419693,21.36190000055649,500,500,333.0,1501.5015015015017,,False,6.0513000007631454
3223,exp1-completion-paced,66,264,0.2657000004546717,1.2537999991764082,36.73239999989164,35.47860000071523,0.0189000002137618,24.627300000247487,500,320,19.3570000001273,24.671000000125787,False,320,0.0175999994098674,0.0261000004684319,0.0179999997271806,4.963600000337465,0.1351999999315012,0.0328999994962941,19.3570000001273,0.1204000000143423,0.0,24.627300000247487,24.671000000125787,24.634599999444617,500,500,333.0,1501.5015015015017,,False,12.061399999765854
3224,exp1-completion-paced,66,264,0.2698999996937345,0.7470000000466825,32.238499999948544,31.491499999901865,0.0171000001500942,23.14559999922494,500,321,18.000400000346417,23.196599999209862,False,321,0.0204999996640253,0.0305000003208988,0.0184999998964485,4.8361999997723615,0.1369000001432141,0.0285999994957819,18.000400000346417,0.1247999998668092,0.0,23.14559999922494,23.196599999209862,23.15309999994497,500,500,333.0,1501.5015015015017,,False,9.041900000738682
3225,exp1-completion-paced,66,264,0.4435999999259366,5.127000000356929,36.51100000024599,31.383999999889056,0.0214000001506065,24.1013999993811,500,322,15.29000000027736,24.147199999788427,False,322,0.0203999998120707,0.0254000005952548,0.0186999996003578,8.433500000137428,0.2087000002575223,0.0298999993901816,15.29000000027736,0.1204000000143423,0.0,24.1013999993811,24.147199999788427,24.109199999656997,500,500,333.0,1501.5015015015017,,False,12.363800000457566
3226,exp1-completion-paced,66,264,0.2736999995249789,2.2371000004568486,43.60980000001291,41.37269999955606,0.0221000000237836,27.38959999987856,500,323,20.047300000442192,27.439800000138348,False,323,0.0224000004891422,0.0277999997706501,0.0441000001956126,6.775999999263149,0.2700000004551839,0.1309999997829436,20.047300000442192,0.1210000000355648,0.0,27.38959999987856,27.439800000138348,27.39800000017567,500,500,333.0,1501.5015015015017,,False,16.169999999874562
3227,exp1-completion-paced,66,264,0.2750000003288733,1.212999999552267,29.999800000041432,28.78680000048917,0.0196999999388935,21.267899999656947,500,324,15.752399999655609,21.3116999993872,False,324,0.0190000000657164,0.0247999996645376,0.0188000003618071,5.222699999649194,0.1341999995929654,0.0304000004689442,15.752399999655609,0.1092000002245185,0.0,21.267899999656947,21.3116999993872,21.275600000080885,500,500,333.0,1501.5015015015017,,False,8.68810000065423
3228,exp1-completion-paced,66,264,0.2669000004971167,0.7408999999825028,36.606799999390205,35.8658999994077,0.0277999997706501,20.607399999789777,500,325,15.350699999544304,20.65359999960492,False,325,0.0185999997484032,0.0276000000667409,0.0174999995579128,4.939500000546104,0.1336999994236976,0.0302000007650349,15.350699999544304,0.1357000001007691,0.0,20.607399999789777,20.65359999960492,20.61409999987518,500,500,333.0,1501.5015015015017,,False,15.953199999785284
3229,exp1-completion-paced,66,264,0.2639000003910041,1.2397000000419212,45.988100000613485,44.74840000057157,0.0218000004679197,34.299799999644165,500,326,27.451099999780126,34.39989999969839,False,326,0.0260999995589372,0.0740000004952889,0.0179999997271806,6.201099999998405,0.2578000003268244,0.1242999996975413,27.451099999780126,0.2469999999448191,0.0,34.299799999644165,34.39989999969839,34.307199999602744,500,500,333.0,1501.5015015015017,,False,11.588200000915094
3230,exp1-completion-paced,66,264,0.2736999995249789,3.2269999992422527,36.612500000046566,33.38550000080431,0.0184000000444939,20.869500000117117,500,327,15.660500000194588,20.92960000027233,False,327,0.0188000003618071,0.0412999997934093,0.016900000446185,4.883699999481905,0.1372000006085727,0.0403999993068282,15.660500000194588,0.1307000002270797,0.0,20.869500000117117,20.92960000027233,20.87620000020252,500,500,333.0,1501.5015015015017,,False,15.682899999774236
3231,exp1-completion-paced,66,264,0.2715999999054475,3.2192999997278093,39.12659999969037,35.90729999996256,0.017899999875226,22.498999999697844,500,328,16.857200000231387,22.54259999972419,False,328,0.0196999999388935,0.0239000000874511,0.0184999998964485,5.333099999916158,0.1397000005454174,0.0277999997706501,16.857200000231387,0.1224999996338738,0.0,22.498999999697844,22.54259999972419,22.506399999656423,500,500,333.0,1501.5015015015017,,False,16.58399999996618
3232,exp1-completion-paced,66,264,0.2750000003288733,0.1000000002022716,35.11010000056558,35.01010000036331,0.0211000005947425,24.107899999762594,500,329,18.499700000575103,24.14969999972527,False,329,0.0193999994735349,0.0224000004891422,0.0176000003193621,5.18859999920096,0.137400000312482,0.0301999998555402,18.499700000575103,0.2340999999432824,0.0,24.107899999762594,24.14969999972527,24.11530000063067,500,500,333.0,1501.5015015015017,,False,10.960400000840309
3233,exp1-completion-paced,66,264,0.2686999996512895,0.0557000003027496,30.58190000047034,30.52620000016759,0.0190000000657164,21.172400000068592,500,330,15.89250000051834,21.218599999883736,False,330,0.0199999994947575,0.0262000003203866,0.0184999998964485,4.961200000252575,0.1382999998895684,0.0310999994326266,15.89250000051834,0.1305999994656304,0.0,21.172400000068592,21.218599999883736,21.179499999561813,500,500,333.0,1501.5015015015017,,False,9.363300000586605
3234,exp1-completion-paced,66,264,0.2720000002227607,1.8657999999049932,42.43550000046525,40.56970000056026,0.0200000004042522,21.55270000002929,500,331,16.188700000384415,21.622299999762618,False,331,0.0460999999631894,0.0234999997701379,0.0175000004674075,5.043699999987439,0.1382000000376138,0.0313999998979852,16.188700000384415,0.133099999402475,0.0,21.55270000002929,21.622299999762618,21.559499999966647,500,500,333.0,1501.5015015015017,,False,20.81320000070263
3235,exp1-completion-paced,66,264,0.2607000005809823,4.25100000029488,29.743199999757053,25.492199999462173,0.0175999994098674,22.58559999972931,500,332,16.87260000016977,22.80830000017886,False,332,0.0266999995801597,0.1960000008693896,0.0227999998969608,5.36039999951754,0.139800000397372,0.0301999998555402,16.87260000016977,0.1594999994267709,0.0,22.58559999972931,22.80830000017886,22.592100000110804,500,500,333.0,1501.5015015015017,,False,6.934899999578192
3236,exp1-completion-paced,66,264,0.2605999998195329,1.2279000002308749,41.34669999984908,40.11879999961821,0.0215000000025611,25.929700000233424,500,333,20.277599999644732,25.97580000019661,False,333,0.0200000004042522,0.0260999995589372,0.0179999997271806,5.180900000596012,0.1525999996374594,0.0304000004689442,20.277599999644732,0.2698999996937345,0.0,25.929700000233424,25.97580000019661,25.93709999928251,500,500,333.0,1501.5015015015017,,False,15.370899999652469
3237,exp1-completion-paced,66,264,0.2682000003915163,1.216099999510334,32.87029999955848,31.65420000004815,0.0183000001925393,22.277399999438785,500,334,17.039399999703164,22.322300000269024,False,334,0.0204000007215654,0.0245000001086737,0.0255999993896693,4.900500000076136,0.1366000005873502,0.0407999996241414,17.039399999703164,0.1343000003544148,0.0,22.277399999438785,22.322300000269024,22.285099999862723,500,500,333.0,1501.5015015015017,,False,10.547999999289459
3238,exp1-completion-paced,66,264,0.3188000000591273,0.0486999997519888,37.799799999447714,37.751099999695725,0.0272999996013822,22.10780000041268,500,335,15.515300000515708,22.334500000397384,False,335,0.0339000007443246,0.1927999992403783,0.0235000006796326,6.272599999647355,0.1358999998046783,0.029499999982363,15.515300000515708,0.1307000002270797,0.0,22.10780000041268,22.334500000397384,22.11720000013884,500,500,333.0,1501.5015015015017,,False,15.46529999905033
3239,exp1-completion-paced,66,264,0.2741999996942468,0.0605999994149897,37.60999999940395,37.54939999998896,0.0206000004254747,21.569100000306207,500,336,15.86829999996553,21.61100000012084,False,336,0.0194000003830296,0.0224999994316021,0.0226000001930515,5.37739999981568,0.1355000003968598,0.0295999998343177,15.86829999996553,0.1355000003968598,0.0,21.569100000306207,21.61100000012084,21.57530000022234,500,500,333.0,1501.5015015015017,,False,15.998999999283114
3240,exp1-completion-paced,66,264,0.2731000004132511,0.7348999997702776,45.07990000001882,44.34500000024855,0.0228999997489154,22.49740000024758,500,337,16.906299999391194,22.54530000027444,False,337,0.0238000002354965,0.0240999997913604,0.0175999994098674,5.111200000101235,0.1360000005661277,0.0417000001107226,16.906299999391194,0.2843000002030749,0.0,22.49740000024758,22.54530000027444,22.50499999991007,500,500,333.0,1501.5015015015017,,False,22.534599999744376
3241,exp1-completion-paced,66,264,0.2895000006901682,2.658800000062911,32.68279999974766,30.023999999684747,0.0181999994310899,21.430599999803235,500,338,15.991299999768671,21.47289999993518,False,338,0.0185999997484032,0.0237000003835419,0.0185999997484032,5.118799999763724,0.137400000312482,0.0307999998767627,15.991299999768671,0.1336000004812376,0.0,21.430599999803235,21.47289999993518,21.438900000248395,500,500,333.0,1501.5015015015017,,False,11.209899999812478
3242,exp1-completion-paced,66,264,0.2709000000322703,1.2538000000859029,39.101100000152655,37.84730000006675,0.0226000001930515,23.156700000072306,500,339,17.873400000098627,23.20030000009865,False,339,0.0200000004042522,0.0235999996220925,0.0180000006366753,4.948400000102993,0.1340999997410108,0.0423999999838997,17.873400000098627,0.1401999998051906,0.0,23.156700000072306,23.20030000009865,23.163400000157708,500,500,333.0,1501.5015015015017,,False,15.900800000054005
3243,exp1-completion-paced,66,264,0.2768000003925408,1.199799999994866,43.22070000034728,42.02090000035241,0.0212999993891571,25.501900000563182,500,340,19.14729999953124,25.553800000125197,False,340,0.0193999994735349,0.0325000000884756,0.0172999998540035,5.710100000214879,0.2503000005162903,0.127999999676831,19.14729999953124,0.2486000003045774,0.0,25.501900000563182,25.553800000125197,25.507999999717867,500,500,333.0,1501.5015015015017,,False,17.666900000222082
3244,exp1-completion-paced,66,264,0.277200000709854,2.709299999878567,33.51199999997334,30.802700000094774,0.0191999997696257,21.99410000048374,500,341,16.07250000051863,22.07540000017616,False,341,0.02059999951598,0.060700000176439,0.0209999998332932,5.601700000624987,0.1338000001851469,0.0297999995382269,16.07250000051863,0.1349999993180972,0.0,21.99410000048374,22.07540000017616,22.002799999427225,500,500,333.0,1501.5015015015017,,False,11.436599999797181
3245,exp1-completion-paced,66,264,0.2771999998003593,1.247700000021723,33.064599999306665,31.816899999284946,0.0199999994947575,21.287100000336068,500,342,15.74350000009872,21.328900000298745,False,342,0.0196000000869389,0.0221999998757382,0.0187000005098525,5.211599999711325,0.1423000003342167,0.0313999998979852,15.74350000009872,0.1394000000800588,0.0,21.287100000336068,21.328900000298745,21.29349999995611,500,500,333.0,1501.5015015015017,,False,11.73569999900792
3246,exp1-completion-paced,66,264,0.3114000001005479,4.248900000675349,39.80440000032104,35.55549999964569,0.0208000001293839,26.42519999972137,500,343,20.79309999953693,26.47109999998065,False,343,0.0207000002774293,0.0251999999818508,0.0179999997271806,5.184500000723347,0.2643999996507773,0.0298000004477216,20.79309999953693,0.1351000000795466,0.0,26.42519999972137,26.47109999998065,26.43160000025091,500,500,333.0,1501.5015015015017,,False,13.333300000340387
3247,exp1-completion-paced,66,264,0.2604999999675783,0.0917999996090657,32.21850000045379,32.12670000084472,0.0188000003618071,22.325099999761733,500,344,16.062499999861757,22.375499999725434,False,344,0.0210999996852478,0.0293000002784538,0.017699999261822,5.858100000295963,0.2220000005763722,0.0301999998555402,16.062499999861757,0.1344000002063694,0.0,22.325099999761733,22.375499999725434,22.332300000016403,500,500,333.0,1501.5015015015017,,False,9.843000000728352
3248,exp1-completion-paced,66,264,0.2709000000322703,1.1585000002014567,42.43190000033792,41.27340000013646,0.019099999917671,24.393800000325427,500,345,19.011399999726564,24.43769999990764,False,345,0.0189999991562217,0.0249000004259869,0.0167999996847356,5.062700000053155,0.1400000001012813,0.0316000005113892,19.011399999726564,0.1309999997829436,0.0,24.393800000325427,24.43769999990764,24.40000000024156,500,500,333.0,1501.5015015015017,,False,17.99420000043028
3249,exp1-completion-paced,66,264,0.2750999992713332,2.7712000000974517,37.800699999934295,35.029499999836844,0.0194000003830296,21.809099999700265,500,346,16.26739999937854,21.907600000304228,False,346,0.0638000001345062,0.0347000004694564,0.0181999994310899,5.213600000388396,0.1396999996359227,0.0329000004057888,16.26739999937854,0.1369999999951687,0.0,21.809099999700265,21.907600000304228,21.815399999468355,500,500,333.0,1501.5015015015017,,False,15.893099999630067
3250,exp1-completion-paced,66,264,0.2687000005607842,1.2914999997519772,38.59430000011344,37.30280000036146,0.0184999998964485,22.17090000067401,500,347,17.009000000143715,22.216300000764026,False,347,0.0200000004042522,0.0253999996857601,0.0177000001713167,4.83170000006794,0.1343000003544148,0.0292999993689591,17.009000000143715,0.148799999806215,0.0,22.17090000067401,22.216300000764026,22.178100000019185,500,500,333.0,1501.5015015015017,,False,16.377999999349417
3251,exp1-completion-paced,66,264,0.2592000000731786,1.2295000005906331,29.629400000885653,28.39990000029502,0.0172999998540035,22.07170000019687,500,348,16.547900000659865,22.116000000096392,False,348,0.0196999999388935,0.0245999999606283,0.0177000001713167,5.210700000134239,0.1380000003337045,0.0298999993901816,16.547900000659865,0.1273999996556085,0.0,22.07170000019687,22.116000000096392,22.077900000113004,500,500,333.0,1501.5015015015017,,False,7.513400000789261
3252,exp1-completion-paced,66,264,0.2717999996093567,0.041399999645364,41.34079999948881,41.299399999843445,0.0196999999388935,22.42160000059812,500,349,17.066999999769905,22.46480000030715,False,349,0.0189000002137618,0.0242999994952697,0.0174000006154528,4.947699999320321,0.1397000005454174,0.0305000003208988,17.066999999769905,0.218999999560765,0.0,22.42160000059812,22.46480000030715,22.428499999477932,500,500,333.0,1501.5015015015017,,False,18.87599999918166
3253,exp1-completion-paced,66,264,0.2704999997149571,0.0778000003265333,35.71520000059536,35.637400000268826,0.0202999999601161,23.11929999996209,500,350,17.018100000314007,23.163599999861617,False,350,0.0196000000869389,0.0246999998125829,0.0186000006578979,5.677099999957136,0.1723999994283076,0.108600000203296,17.018100000314007,0.1243999995494959,0.0,23.11929999996209,23.163599999861617,23.12629999960336,500,500,333.0,1501.5015015015017,,False,12.551600000733742
3254,exp1-completion-paced,66,264,0.2759999997579143,5.638300000100571,39.56629999993311,33.92799999983254,0.0202000001081614,22.59479999975156,500,351,17.107900000155496,22.646500000519158,False,351,0.0194000003830296,0.0323000003845663,0.0178000000232714,5.172099999981583,0.141099999382277,0.0304000004689442,17.107900000155496,0.1253000000360771,0.0,22.59479999975156,22.646500000519158,22.60600000045088,500,500,333.0,1501.5015015015017,,False,16.91979999941395
3255,exp1-completion-paced,66,264,0.2635000000736909,1.7181000002892688,39.09010000006674,37.37199999977747,0.0234999997701379,24.52469999934692,500,352,19.59050000004936,24.565699999584467,False,352,0.019099999917671,0.0219000003198743,0.0175999994098674,4.537599999821396,0.1317000005656154,0.0291999995170044,19.59050000004936,0.21770000057586,0.0,24.52469999934692,24.565699999584467,24.53109999987646,500,500,333.0,1501.5015015015017,,False,14.524400000482274
3256,exp1-completion-paced,66,264,0.2623999998832005,4.273599999578437,35.69900000002235,31.425400000443915,0.0185999997484032,21.498199999768985,500,353,16.40140000017709,21.554299999479557,False,353,0.0231999993047793,0.0329000004057888,0.0176000003193621,4.822199999580334,0.1338000001851469,0.0296999996862723,16.40140000017709,0.0932000002649147,0.0,21.498199999768985,21.554299999479557,21.505400000023656,500,500,333.0,1501.5015015015017,,False,14.144700000542795
3257,exp1-completion-paced,66,264,0.4481999994823127,0.0762999998187297,43.968900000436406,43.89260000061768,0.0215999998545157,25.567300000147952,500,354,19.755199999963224,25.610699999560893,False,354,0.0190000000657164,0.0243999993472243,0.0182000003405846,5.454199999803677,0.1431000000593485,0.0307999998767627,19.755199999963224,0.1654000006965361,0.0,25.567300000147952,25.610699999560893,25.57359999991604,500,500,333.0,1501.5015015015017,,False,18.358200000875513
3258,exp1-completion-paced,66,264,0.4539999999906285,1.0879000001295935,45.09390000021085,44.00600000008126,0.0201000002562068,24.989100000311737,500,355,18.753400000605325,25.032600000486127,False,355,0.0188000003618071,0.0246999998125829,0.0172000000020489,5.947499999820138,0.1608000002306653,0.0301000000035855,18.753400000605325,0.0798999999460647,0.0,24.989100000311737,25.032600000486127,24.99650000027032,500,500,333.0,1501.5015015015017,,False,20.061299999724724
3259,exp1-completion-paced,66,264,0.2659000001585809,0.7352000002356363,42.24989999966056,41.51469999942492,0.0373000002582557,29.29489999951329,500,356,19.762799999625717,29.40039999975852,False,356,0.0582000002395943,0.0473000000056345,0.0190000000657164,8.998799999972107,0.2555000000938889,0.116600000183098,19.762799999625717,0.1420999997208127,0.0,29.29489999951329,29.40039999975852,29.302500000085278,500,500,333.0,1501.5015015015017,,False,12.849499999902044
3260,exp1-completion-paced,66,264,0.4815000002054148,1.0636000006343238,48.57110000011744,47.50749999948312,0.0202999999601161,27.751999999964028,500,357,18.746099999589205,27.798200000688663,False,357,0.0202000001081614,0.0260000006164773,0.0186999996003578,8.522199999788427,0.2480000002833549,0.1141000002462533,18.746099999589205,0.1028000006044749,0.0,27.751999999964028,27.798200000688663,27.75970000038797,500,500,333.0,1501.5015015015017,,False,20.772899999428777
3261,exp1-completion-paced,66,264,0.2688999993551988,1.1995000004390022,36.80210000038642,35.602599999947415,0.0227999998969608,30.021599999599857,500,358,24.072500000329452,30.068999999457446,False,358,0.0202000001081614,0.0271999997494276,0.0190000000657164,5.326399999830755,0.25400000049558,0.1207999994221609,24.072500000329452,0.2285999999003252,0.0,30.021599999599857,30.068999999457446,30.02970000034111,500,500,333.0,1501.5015015015017,,False,6.733100000928971
3262,exp1-completion-paced,66,264,0.2757000002020504,2.871699999559496,45.965599999362894,43.0938999998034,0.0215999998545157,35.71029999966413,500,359,25.857300000097894,35.77190000032715,False,359,0.0233999999181833,0.0382000007448368,0.0254999995377147,9.303499999987253,0.2907999996750732,0.1273000007131486,25.857300000097894,0.1056999999491381,0.0,35.71029999966413,35.77190000032715,35.720900000342226,500,500,333.0,1501.5015015015017,,False,10.193699999035744
3263,exp1-completion-paced,66,264,0.2859999995052931,2.664300000105868,29.996199999914097,27.33189999980823,0.0242999994952697,21.633199999996577,500,360,16.332799999872805,21.68470000015077,False,360,0.023200000214274,0.028299999939918,0.019099999917671,4.988199999388598,0.1351999999315012,0.029700000595767,16.332799999872805,0.127999999676831,0.0,21.633199999996577,21.68470000015077,21.64069999980711,500,500,333.0,1501.5015015015017,,False,8.311499999763328
3264,exp1-completion-paced,66,264,0.2684999999473803,1.2277000005269656,29.083800000080373,27.856099999553408,0.0251999999818508,21.573199999693315,500,361,16.095900000436814,21.617200000036974,False,361,0.0189000002137618,0.0251000001298962,0.0181999994310899,5.19350000013219,0.1347999996141879,0.0299000002996763,16.095900000436814,0.1007000000754487,0.0,21.573199999693315,21.617200000036974,21.579400000518945,500,500,333.0,1501.5015015015017,,False,7.4666000000434
3265,exp1-completion-paced,66,264,0.2736999995249789,2.759600000899809,38.791300000411866,36.03169999951206,0.0253000007433001,20.949500000824628,500,362,15.640300000086429,20.99250000082975,False,362,0.0189000002137618,0.0240999997913604,0.0184000000444939,5.023600000640727,0.1342999994449201,0.0307000000248081,15.640300000086429,0.1019999999698484,0.0,20.949500000824628,20.99250000082975,20.955799999683222,500,500,333.0,1501.5015015015017,,False,17.798799999582116
3266,exp1-completion-paced,66,264,0.288899999759451,1.2567000003400608,32.62979999999516,31.373099999655096,0.0301000000035855,20.92400000037742,500,363,15.767300000334217,21.024599999691414,False,363,0.0694000000294181,0.0311999992845812,0.0178000000232714,4.85220000064146,0.1363999999739462,0.0419999996665865,15.767300000334217,0.1079999992725788,0.0,20.92400000037742,21.024599999691414,20.930899999257235,500,500,333.0,1501.5015015015017,,False,11.605200000303743
3267,exp1-completion-paced,66,264,0.2489999997123959,2.831399999195128,42.8115999993679,39.98020000017277,0.0213000002986518,20.857600000454116,500,364,15.678899999329587,20.900800000163144,False,364,0.0200000004042522,0.0231999993047793,0.0175000004674075,4.894599999715865,0.1317000005656154,0.0325000000884756,15.678899999329587,0.1022000005832524,0.0,20.857600000454116,20.900800000163144,20.8639000002222,500,500,333.0,1501.5015015015017,,False,21.910799999204755
3268,exp1-completion-paced,66,264,0.2722999997786246,1.230799999575538,36.82200000002922,35.59120000045368,0.0196999999388935,21.488599999429425,500,365,16.01739999932761,21.537699999498727,False,365,0.0235999996220925,0.0255000004472094,0.017899999875226,5.137399999512127,0.139800000397372,0.0306000001728534,16.01739999932761,0.1453000004403293,0.0,21.488599999429425,21.537699999498727,21.49639999970532,500,500,333.0,1501.5015015015017,,False,15.284300000530493
3269,exp1-completion-paced,66,264,0.2932999996119179,0.0507000004290603,32.28839999974298,32.23769999931392,0.0194000003830296,21.487400000296475,500,366,15.981599999577156,21.52970000042842,False,366,0.0188000003618071,0.0234999997701379,0.0179999997271806,5.201200000556128,0.1449999999749707,0.0312000001940759,15.981599999577156,0.110099999801605,0.0,21.487400000296475,21.52970000042842,21.49459999964165,500,500,333.0,1501.5015015015017,,False,10.758699999314558
3270,exp1-completion-paced,66,264,0.273399999969115,2.7201000002605724,30.524600000717328,27.80450000045676,0.0186000006578979,20.49540000007255,500,367,15.40119999935996,20.53900000009889,False,367,0.0184999998964485,0.0251000001298962,0.0179999997271806,4.800700000487268,0.1339000000371015,0.0313000000460306,15.40119999935996,0.1101000007110997,0.0,20.49540000007255,20.53900000009889,20.502500000475266,500,500,333.0,1501.5015015015017,,False,9.985600000618437
3271,exp1-completion-paced,66,264,0.2933000005214126,2.763800000138872,38.24750000057975,35.48370000044088,0.022000000171829,21.66049999959796,500,368,16.226499999902444,21.70359999945504,False,368,0.0184999998964485,0.0245999999606283,0.0175999994098674,4.970100000718958,0.1414999996995902,0.0300000001516309,16.226499999902444,0.2745000001596054,0.0,21.66049999959796,21.70359999945504,21.66740000029677,500,500,333.0,1501.5015015015017,,False,16.543900001124708
3272,exp1-completion-paced,66,264,0.2666999998837127,1.2649999998757266,33.73829999964073,32.473299999765004,0.0191999997696257,21.61200000045937,500,369,16.516499999852385,21.65690000038012,False,369,0.0196999999388935,0.0251999999818508,0.0171000001500942,4.802899999958754,0.1312000003963476,0.0301999998555402,16.516499999852385,0.1137999997808947,0.0,21.61200000045937,21.65690000038012,21.61819999946601,500,500,333.0,1501.5015015015017,,False,12.081399999260611
3273,exp1-completion-paced,66,264,0.2687999995032442,1.2076000002707588,28.04199999991397,26.83439999964321,0.0267000004896544,21.201800000199,500,370,15.94799999929819,21.25190000060684,False,370,0.0186000006578979,0.0314999997499398,0.0172999998540035,4.953700000442041,0.1348999994661426,0.029700000595767,15.94799999929819,0.1179999999294523,0.0,21.201800000199,21.25190000060684,21.20809999996709,500,500,333.0,1501.5015015015017,,False,6.790099999307127
3274,exp1-completion-paced,66,264,0.4554999995889375,1.0586999997030944,38.954499999817926,37.89580000011483,0.0203999998120707,21.873800000321356,500,371,16.172200000255543,21.924000000581145,False,371,0.0245999999606283,0.025600000299164,0.0183000001925393,5.376999999498366,0.1397000005454174,0.0290999996650498,16.172200000255543,0.1372999995510326,0.0,21.873800000321356,21.924000000581145,21.882199999708973,500,500,333.0,1501.5015015015017,,False,17.03049999923678
3275,exp1-completion-paced,66,264,0.2701999992495985,0.0508000002810149,30.632100000730134,30.58130000044912,0.030999999580672,24.480099999891536,500,372,18.62510000046313,24.569100000007893,False,372,0.0199000005522975,0.0690999995640595,0.0188000003618071,5.3234999995765975,0.2624999997351551,0.1177000003735884,18.62510000046313,0.1322999996773433,0.0,24.480099999891536,24.569100000007893,24.52350000021397,500,500,333.0,1501.5015015015017,,False,6.063000000722241
3276,exp1-completion-paced,66,264,0.2759999997579143,0.0979999995252001,31.10449999985576,31.00650000033056,0.0198000007003429,23.1047999996008,500,373,17.515100000309758,23.146499999711523,False,373,0.0184999998964485,0.023200000214274,0.0172000000020489,5.262499999844295,0.142299999424722,0.0307000000248081,17.515100000309758,0.1367000004393048,0.0,23.1047999996008,23.146499999711523,23.111400000743743,500,500,333.0,1501.5015015015017,,False,7.958000000144239
3277,exp1-completion-paced,66,264,0.2765999997791368,0.0575999993088771,40.69600000002538,40.6384000007165,0.0192000006791204,22.290699999757635,500,374,16.97180000064691,22.330499999952732,False,374,0.01810000048863,0.0216999997064704,0.016699999832781,4.9932000001717824,0.1358999998046783,0.0302999997074948,16.97180000064691,0.1425999998900806,0.0,22.290699999757635,22.330499999952732,22.29679999982181,500,500,333.0,1501.5015015015017,,False,18.365500000072647
3278,exp1-completion-paced,66,264,0.2715999999054475,0.0499999996463884,33.123999999588705,33.07399999994232,0.017899999875226,22.791999999753894,500,375,17.12839999981952,22.83530000022438,False,375,0.02050000057352,0.0227999998969608,0.0173999997059581,5.340499999874737,0.1396000006934628,0.0311999992845812,17.12839999981952,0.134700000671728,0.0,22.791999999753894,22.83530000022438,22.7986999998393,500,500,333.0,1501.5015015015017,,False,10.288699999364326
3279,exp1-completion-paced,66,264,0.2609000002848916,2.7135999998790794,40.61449999971956,37.90089999984048,0.0187000005098525,24.82349999991129,500,376,17.104999999901338,24.86649999991641,False,376,0.0204999996640253,0.0225000003410968,0.0184000000444939,7.368999999926018,0.1384999995934777,0.029700000595767,17.104999999901338,0.1627000001462875,0.0,24.82349999991129,24.86649999991641,24.830400000610094,500,500,333.0,1501.5015015015017,,False,15.747999999803152
3280,exp1-completion-paced,66,264,0.2674999996088445,1.2299999998504063,34.20709999954852,32.97709999969811,0.0206999993679346,24.25059999950463,500,377,18.47970000017085,24.318799999491603,False,377,0.0446999993073404,0.0235000006796326,0.0172999998540035,5.341999999473046,0.1435000003766617,0.0460999999631894,18.47970000017085,0.2217000001110136,0.0,24.25059999950463,24.318799999491603,24.25750000020344,500,500,333.0,1501.5015015015017,,False,9.888300000056915
3281,exp1-completion-paced,66,264,0.2572000003056018,4.2346999998699175,30.583300000216692,26.348600000346774,0.0201000002562068,21.5342999999848,500,378,16.047899999648507,21.577599999545782,False,378,0.0191999997696257,0.0240999997913604,0.025899999855028,5.17039999976987,0.1391000005241949,0.0295999998343177,16.047899999648507,0.1212000006489688,0.0,21.5342999999848,21.577599999545782,21.54190000055678,500,500,333.0,1501.5015015015017,,False,9.00570000067091
3282,exp1-completion-paced,66,264,0.2702000001590932,1.2451999991753837,44.62689999945724,43.38170000028185,0.0303999995594494,22.656700000879937,500,379,17.078399999263638,22.707300000547548,False,379,0.0203999998120707,0.0301999998555402,0.0159000001076492,5.253100000118138,0.1458000006095972,0.0307000000248081,17.078399999263638,0.1326000001427019,0.0,22.656700000879937,22.707300000547548,22.660099999484373,500,500,333.0,1501.5015015015017,,False,21.91959999890969
3283,exp1-completion-paced,66,264,0.2742000006037415,2.234600000520004,31.693500000073985,29.458899999553974,0.0221999998757382,22.199000000000524,500,380,16.229399999247107,22.240100000090024,False,380,0.0201000002562068,0.0209999998332932,0.0182000003405846,5.64829999984795,0.1459999994040117,0.0290000007225899,16.229399999247107,0.1279000007343711,0.0,22.199000000000524,22.240100000090024,22.20500000021275,500,500,333.0,1501.5015015015017,,False,9.453399999983962
3284,exp1-completion-paced,66,264,0.2666999998837127,1.6714999992473167,43.190299999878334,41.51880000063102,0.0204000007215654,24.57140000024083,500,381,16.112600000269595,24.72719999968831,False,381,0.0610999995842576,0.0946999998632236,0.0238000002354965,8.149199999934353,0.1401999998051906,0.0299000002996763,16.112600000269595,0.1152999993792036,0.0,24.57140000024083,24.72719999968831,24.58109999952285,500,500,333.0,1501.5015015015017,,False,18.463100000190025
3285,exp1-completion-paced,66,264,0.2789999998640269,2.7019000008294825,34.10950000034063,31.40759999951115,0.0193999994735349,22.08820000032574,500,382,16.625900000690308,22.1402000006492,False,382,0.0195000002349843,0.0325000000884756,0.0187999994523124,5.158500000106869,0.134500000058324,0.0295999998343177,16.625900000690308,0.1206999995702062,0.0,22.08820000032574,22.1402000006492,22.095899999840185,500,500,333.0,1501.5015015015017,,False,11.96929999969143
3286,exp1-completion-paced,66,264,0.3139000000373926,0.0822000001790002,40.62199999953009,40.53979999935109,0.0208999999813386,21.82780000021012,500,383,16.166499999599182,21.91460000085499,False,383,0.022000000171829,0.064800000473042,0.0334999995175167,5.316200000379467,0.1556999995955266,0.0328000005538342,16.166499999599182,0.1228000000992324,0.0,21.82780000021012,21.91460000085499,21.8550999998115,500,500,333.0,1501.5015015015017,,False,18.7073999986751
3287,exp1-completion-paced,66,264,0.2764000000752276,1.2471999998524552,43.19329999998445,41.94610000013199,0.0214000001506065,21.991300000081537,500,384,16.53820000046835,22.07890000045154,False,384,0.0282000000879634,0.0594000002820394,0.0179999997271806,5.108000000291213,0.1616999998077517,0.033399999665562,16.53820000046835,0.1317999995080754,0.0,21.991300000081537,22.07890000045154,21.99819999987085,500,500,333.0,1501.5015015015017,,False,21.114399999532907
3288,exp1-completion-paced,66,264,0.2787999992506229,3.713399999469402,34.082999999554886,30.369600000085484,0.0291999995170044,22.282899999481742,500,385,16.34959999955754,22.327399999994668,False,385,0.0185000008059432,0.0259999997069826,0.0184999998964485,5.569500000092376,0.1753999995344202,0.0334000005750567,16.34959999955754,0.1363999999739462,0.0,22.282899999481742,22.327399999994668,22.29039999929228,500,500,333.0,1501.5015015015017,,False,11.755599999560218
3289,exp1-completion-paced,66,264,0.2647000001161359,0.0498999997944338,35.24490000017977,35.195000000385335,0.0377000005755689,24.683500000719505,500,386,17.74680000016815,24.724800000512914,False,386,0.0190000000657164,0.0222999997276929,0.0185000008059432,6.605599999602418,0.1430000002073939,0.0315999996018945,17.74680000016815,0.1376999998683459,0.0,24.683500000719505,24.724800000512914,24.690299999747367,500,500,333.0,1501.5015015015017,,False,10.520099999666854
3290,exp1-completion-paced,66,264,0.4408999993756879,2.0956999996997183,36.03149999980815,33.93580000010843,0.0225000003410968,27.56009999939124,500,387,22.004500000548436,27.607199999692966,False,387,0.0204999996640253,0.0266000006376998,0.0182999992830446,5.093800000395277,0.1401999998051906,0.0327999996443395,22.004500000548436,0.2702000001590932,0.0,27.56009999939124,27.607199999692966,27.56660000068223,500,500,333.0,1501.5015015015017,,False,8.424300000115181
3291,exp1-completion-paced,66,264,0.2653999999893131,1.2320000005274778,50.50010000013572,49.26809999960824,0.0207000002774293,30.143199999656645,500,388,19.50849999957427,30.197600000064995,False,388,0.0282000000879634,0.0262000003203866,0.0184000000444939,10.050500000033937,0.3044999994017416,0.1262000005226582,19.50849999957427,0.1348000005236826,0.0,30.143199999656645,30.197600000064995,30.149400000482277,500,500,333.0,1501.5015015015017,,False,20.302500000070722
3292,exp1-completion-paced,66,264,0.4671999995480291,1.030499999615131,34.85540000019682,33.82490000058169,0.0186999996003578,23.866099999395374,500,389,17.08000000053289,23.917399999845657,False,389,0.0245999999606283,0.0267000004896544,0.0190000000657164,6.4586999997118255,0.1376000000163912,0.0326999997923849,17.08000000053289,0.1377999997203005,0.0,23.866099999395374,23.917399999845657,23.87429999998858,500,500,333.0,1501.5015015015017,,False,10.938000000351167
3293,exp1-completion-paced,66,264,0.2698000007512746,1.213600000482984,35.14369999993505,33.93009999945207,0.0197999997908482,22.835400000076334,500,390,17.34189999933733,22.883399999955145,False,390,0.0222999997276929,0.0257000001511187,0.0167999996847356,5.170600000383274,0.1424000001861713,0.0307000000248081,17.34189999933733,0.1327999998466111,0.0,22.835400000076334,22.883399999955145,22.83819999956904,500,500,333.0,1501.5015015015017,,False,12.260299999979907
3294,exp1-completion-paced,66,264,0.2717999996093567,1.2538000000859029,43.17830000036338,41.92450000027748,0.0230000005103647,27.940099999796075,500,391,19.789899999523183,27.984299999843643,False,391,0.0191999997696257,0.0250000002779415,0.0188999993042671,7.6161000006322865,0.2617000000100233,0.1173000000562751,19.789899999523183,0.1360000005661277,0.0,27.940099999796075,27.984299999843643,27.947900000071968,500,500,333.0,1501.5015015015017,,False,15.194000000519736
3295,exp1-completion-paced,66,264,0.2761999994618236,2.313399999366084,39.732399999593326,37.41900000022724,0.0170999992405995,23.208200000226498,500,392,17.057900000509107,23.250400000506488,False,392,0.0176000003193621,0.0245999999606283,0.0184999998964485,5.823100000270642,0.1426999997420353,0.029499999982363,17.057900000509107,0.1361999993605422,0.0,23.208200000226498,23.250400000506488,23.215199999867764,500,500,333.0,1501.5015015015017,,False,16.481999999086838
3296,exp1-completion-paced,66,264,0.2774999993562232,1.2273000002096524,37.638300000253366,36.411000000043714,0.0206000004254747,21.564499999840336,500,393,15.75550000052317,21.610099999634254,False,393,0.0193999994735349,0.0262000003203866,0.0172000000020489,5.48739999976533,0.1462999998693703,0.0295999998343177,15.75550000052317,0.1283000001421896,0.0,21.564499999840336,21.610099999634254,21.572200000264274,500,500,333.0,1501.5015015015017,,False,16.028200000619112
3297,exp1-completion-paced,66,264,0.2765999997791368,2.773899999738205,44.26779999994324,41.49390000020503,0.0196000000869389,23.038199999973585,500,394,17.037599999639497,23.08179999999993,False,394,0.0189000002137618,0.0246999998125829,0.0182000003405846,5.661000000145577,0.1406999999744584,0.0288000001091859,17.037599999639497,0.1517000000603729,0.0,23.038199999973585,23.08179999999993,23.045099999762897,500,500,333.0,1501.5015015015017,,False,21.185999999943313
3298,exp1-completion-paced,66,264,0.2618999997139326,1.240200000211189,33.44399999969028,32.20379999947909,0.0184999998964485,23.868700000093668,500,395,17.801199999667006,23.913200000606597,False,395,0.0202000001081614,0.0243000004047644,0.0175999994098674,5.630000000564905,0.1419000000169035,0.0289999998130952,17.801199999667006,0.248700000156532,0.0,23.868700000093668,23.913200000606597,23.87509999971371,500,500,333.0,1501.5015015015017,,False,9.53079999908368
3299,exp1-completion-paced,66,264,0.267100000201026,1.2641000002986402,36.70289999990928,35.43879999961064,0.0186000006578979,23.29959999951825,500,396,16.559699999561417,23.34299999984069,False,396,0.0202000001081614,0.023200000214274,0.017899999875226,6.428800000321644,0.1380999992761644,0.028500000553322,16.559699999561417,0.1264000002265675,0.0,23.29959999951825,23.34299999984069,23.30569999958243,500,500,333.0,1501.5015015015017,,False,13.359900000068588
3300,exp1-completion-paced,66,264,0.2899999999499414,0.0849999996717087,45.28119999940827,45.19619999973656,0.0184999998964485,23.60720000069705,500,397,17.5558999999339,23.652300000321706,False,397,0.0197999997908482,0.0252999998338054,0.0321000006806571,5.7280000000901055,0.1391999994666548,0.0293000002784538,17.5558999999339,0.1224999996338738,0.0,23.60720000069705,23.652300000321706,23.610399999597576,500,500,333.0,1501.5015015015017,,False,21.628899999086567
3301,exp1-completion-paced,66,264,0.2713000003495835,0.058300000091549,43.787400000837806,43.72910000074626,0.0192999996215803,25.255299999116687,500,398,17.481199999565433,25.300999999672054,False,398,0.0215000000025611,0.0242000005528097,0.0185999997484032,7.459700000254088,0.1421999995727674,0.0299000002996763,17.481199999565433,0.1234999999724095,0.0,25.255299999116687,25.300999999672054,25.262399999519403,500,500,333.0,1501.5015015015017,,False,18.48640000116575
3302,exp1-completion-paced,66,264,0.2936000000772765,1.2114999999539575,37.55499999988388,36.34349999992992,0.0202000001081614,22.52169999974285,500,399,16.209600000365754,22.56519999991724,False,399,0.0195000002349843,0.0239999999394058,0.0173999997059581,5.998100000397244,0.1406000001225038,0.0311999992845812,16.209600000365754,0.1246000001628999,0.0,22.52169999974285,22.56519999991724,22.52870000029361,500,500,333.0,1501.5015015015017,,False,14.989799999966642
3303,exp1-completion-paced,66,264,0.2679999997781124,2.6715000003605383,31.00689999973838,28.33539999937784,0.0300000001516309,21.36140000038722,500,400,15.352599999459926,21.410400000604568,False,400,0.0207000002774293,0.028299999939918,0.0196000000869389,5.696000000170898,0.1390999996147002,0.0317000003633438,15.352599999459926,0.1222000000780099,0.0,21.36140000038722,21.410400000604568,21.369099999901664,500,500,333.0,1501.5015015015017,,False,9.596499999133812
3304,exp1-completion-paced,66,264,0.4565999997794279,1.050300000315474,39.42300000016985,38.372699999854376,0.02059999951598,29.779499999676773,500,401,19.15759999974398,29.83829999993759,False,401,0.0334000005750567,0.0253999996857601,0.0191999997696257,10.048099999949043,0.2621000003273366,0.1233000002685003,19.15759999974398,0.1689999999143765,0.0,29.779499999676773,29.83829999993759,29.78710000024876,500,500,333.0,1501.5015015015017,,False,9.58470000023226
3305,exp1-completion-paced,66,264,0.2832999998645391,0.7619000007252907,42.214800000692776,41.452899999967485,0.0216999997064704,23.34809999956633,500,402,17.46279999952094,23.40600000025006,False,402,0.0184999998964485,0.0394000007872819,0.0165999999808263,5.579699999543664,0.1385000005029724,0.0295999998343177,17.46279999952094,0.1207000004797009,0.0,23.34809999956633,23.40600000025006,23.35130000028585,500,500,333.0,1501.5015015015017,,False,18.808800000442716
3306,exp1-completion-paced,66,264,0.2715999999054475,1.2162000002717832,32.13469999991503,30.918499999643245,0.0198999996428028,22.3866000005728,500,403,16.53919999989739,22.434900000007477,False,403,0.0191999997696257,0.0290999996650498,0.0182000003405846,5.539300000236835,0.1380999992761644,0.0312000001940759,16.53919999989739,0.1203000001623877,0.0,22.3866000005728,22.434900000007477,22.39349999945261,500,500,333.0,1501.5015015015017,,False,9.699799999907551
3307,exp1-completion-paced,66,264,0.2555999999458436,1.2521999997261446,32.65819999978703,31.406000000060885,0.02050000057352,22.673000000395405,500,404,17.34980000037467,22.71740000014688,False,404,0.0206000004254747,0.0237999993260018,0.0177000001713167,4.984000000149536,0.1370999998471234,0.0301000000035855,17.34980000037467,0.1539999993838137,0.0,22.673000000395405,22.71740000014688,22.67959999971936,500,500,333.0,1501.5015015015017,,False,9.940799999640149
3308,exp1-completion-paced,66,264,0.2838999998857616,1.1871000006067334,49.812500000371074,48.62539999976434,0.0217000006159651,29.29959999983112,500,405,22.322900000290247,29.345300000386487,False,405,0.0194000003830296,0.0263000001723412,0.0187999994523124,6.701199999952223,0.1431999999113031,0.0304000004689442,22.322900000290247,0.082799999290728,0.0,29.29959999983112,29.345300000386487,29.30729999934556,500,500,333.0,1501.5015015015017,,False,20.467199999984587
3309,exp1-completion-paced,66,264,0.273199999355711,1.2454999996407423,27.08809999967343,25.84260000003269,0.0208999999813386,20.90260000022681,500,406,15.464600000086648,20.94490000035876,False,406,0.0192999996215803,0.0230000005103647,0.0246999998125829,5.169400000340829,0.1351999999315012,0.028099999326514,15.464600000086648,0.0804000001153326,0.0,20.90260000022681,20.94490000035876,20.909199999550765,500,500,333.0,1501.5015015015017,,False,6.143199999314671
3310,exp1-completion-paced,66,264,0.2615000003061141,0.0491999999212566,37.54409999964992,37.49489999972866,0.0203999998120707,24.415400000179943,500,407,18.77980000062962,24.494399999639427,False,407,0.0207999992198892,0.0582000002395943,0.0301000000035855,5.219399999987218,0.1405000002705492,0.0302999997074948,18.77980000062962,0.2150000000256113,0.0,24.415400000179943,24.494399999639427,24.446300000818155,500,500,333.0,1501.5015015015017,,False,13.049700000010496
3311,exp1-completion-paced,66,264,0.2831000001606298,0.0497999999424791,41.11610000018118,41.0663000002387,0.0255000004472094,21.401500000138185,500,408,15.845499999159074,21.497599999747763,False,408,0.0590999998166807,0.0369999997928971,0.0183000001925393,5.263900000500144,0.1381000001856591,0.0307000000248081,15.845499999159074,0.104700000520097,0.0,21.401500000138185,21.497599999747763,21.40930000041408,500,500,333.0,1501.5015015015017,,False,19.618500000433414
3312,exp1-completion-paced,66,264,0.466499999674852,1.008700000056706,58.25290000029781,57.24420000024111,0.0295999998343177,37.47370000019146,500,409,26.838599999791768,37.52760000043054,False,409,0.0213000002986518,0.0325999999404302,0.0213000002986518,10.102299999743993,0.2691999998205574,0.1264000002265675,26.838599999791768,0.1157000006060116,0.0,37.47370000019146,37.52760000043054,37.48309999991761,500,500,333.0,1501.5015015015017,,False,20.725299999867268
3313,exp1-completion-paced,66,264,0.2805000003718305,1.1820000008810894,51.25500000031025,50.07299999942916,0.0294000001304084,35.92009999920265,500,410,26.078799999595503,35.9664999996312,False,410,0.0208000001293839,0.025600000299164,0.0189999991562217,9.317200000623416,0.27460000001156,0.1272999998036539,26.078799999595503,0.1030000003083841,0.0,35.92009999920265,35.9664999996312,35.92750000007072,500,500,333.0,1501.5015015015017,,False,15.288500000679043
3314,exp1-completion-paced,66,264,0.2751000001808279,0.6969999994907994,39.26229999979114,38.56530000030034,0.0196000000869389,20.580100000188395,500,411,15.256200000294484,20.62350000051083,False,411,0.0183000001925393,0.0251000001298962,0.0168999995366903,5.024000000048545,0.1341000006505055,0.0273999994533369,15.256200000294484,0.1212999995914287,0.0,20.580100000188395,20.62350000051083,20.585899999787216,500,500,333.0,1501.5015015015017,,False,18.63879999928031
3315,exp1-completion-paced,66,264,0.2681999994820216,1.2771000001521315,32.78000000045722,31.50290000030509,0.019099999917671,20.355900000140537,500,412,15.088899999682326,20.592900000337977,False,412,0.0170000002981396,0.2199999998993007,0.0192999996215803,4.9825000005512265,0.1349999993180972,0.0291000005745445,15.088899999682326,0.1009999996313126,0.0,20.355900000140537,20.592900000337977,20.39749999948981,500,500,333.0,1501.5015015015017,,False,12.187100000119244
3316,exp1-completion-paced,66,264,0.2800000002025626,1.0285999996995088,32.90229999947769,31.873699999778182,0.0204999996640253,24.32430000044405,500,413,17.584899999746995,24.369700000534067,False,413,0.0206000004254747,0.0247999996645376,0.0152000002344721,6.449700000302983,0.1337999992756522,0.0298000004477216,17.584899999746995,0.1106999998228275,0.0,24.32430000044405,24.369700000534067,24.327399999492627,500,500,333.0,1501.5015015015017,,False,8.532599998943624
3317,exp1-completion-paced,66,264,0.2747999997154693,1.2668999997913488,34.77339999972173,33.506499999930384,0.0195000002349843,20.735500000228058,500,414,15.322299999752431,20.77630000076169,False,414,0.0196999999388935,0.0211000005947425,0.0174999995579128,5.129199999828416,0.1394000000800588,0.0296000007438124,15.322299999752431,0.0971999998000683,0.0,20.735500000228058,20.77630000076169,20.74230000016541,500,500,333.0,1501.5015015015017,,False,13.997099998960042
3318,exp1-completion-paced,66,264,0.2836999992723577,2.8628999998545623,43.850799999745504,40.98789999989094,0.0184999998964485,20.6860999996934,500,415,15.38780000009865,20.733099999233676,False,415,0.0202999999601161,0.0266999995801597,0.0306000001728534,5.006200000025274,0.1391999994666548,0.0319000000672531,15.38780000009865,0.0902000001588021,0.0,20.6860999996934,20.733099999233676,20.69310000024416,500,500,333.0,1501.5015015015017,,False,23.117700000511828
3319,exp1-completion-paced,66,264,0.2767000005405862,1.2298999999984517,33.75010000036127,32.52020000036282,0.017899999875226,20.97800000046845,500,416,15.5414999999266,21.02329999979702,False,416,0.0193999994735349,0.025899999855028,0.0172000000020489,5.142500000147265,0.1485000002503511,0.0290999996650498,15.5414999999266,0.0990000007732305,0.0,20.97800000046845,21.02329999979702,20.984700000553858,500,500,333.0,1501.5015015015017,,False,12.726800000564253
3320,exp1-completion-paced,66,264,0.2782000001388951,0.0521000001754146,35.1304000005257,35.07830000035028,0.0187000005098525,20.422599999619703,500,417,15.065699999468052,20.47489999949903,False,417,0.0190000000657164,0.0332999998136074,0.0202000001081614,5.023900000196591,0.1592999997228616,0.0423000001319451,15.065699999468052,0.1110000002881861,0.0,20.422599999619703,20.47489999949903,20.430900000064867,500,500,333.0,1501.5015015015017,,False,14.655500001026667
3321,exp1-completion-paced,66,264,0.2666999998837127,1.235899999301182,34.18879999935598,32.9529000000548,0.0203999998120707,20.773799999915354,500,418,15.270899999450194,20.813299999645096,False,418,0.0184000000444939,0.0210999996852478,0.0174000006154528,5.205099999329832,0.1354000005449052,0.0313000000460306,15.270899999450194,0.1134000003730761,0.0,20.773799999915354,20.813299999645096,20.780300000296847,500,500,333.0,1501.5015015015017,,False,13.375499999710883
3322,exp1-completion-paced,66,264,0.2853000005416106,2.2006999997756798,39.59759999997914,37.39690000020346,0.0199000005522975,20.48089999971125,500,419,15.1968999998644,20.524900000054917,False,419,0.0214000001506065,0.0226000001930515,0.0167999996847356,4.984899999726622,0.1357999999527237,0.029700000595767,15.1968999998644,0.116600000183098,0.0,20.48089999971125,20.524900000054917,20.487900000262016,500,500,333.0,1501.5015015015017,,False,19.07269999992422
3323,exp1-completion-paced,66,264,0.2690000001166481,1.190199999655306,37.218899999970745,36.02870000031544,0.0334000005750567,20.691400000032445,500,420,15.529899999819463,20.735200000672197,False,420,0.0190000000657164,0.0248000005740323,0.0168999995366903,4.838700000618701,0.1677999998719315,0.0282000000879634,15.529899999819463,0.1096999994842917,0.0,20.691400000032445,20.735200000672197,20.69869999922957,500,500,333.0,1501.5015015015017,,False,16.483699999298548
3324,exp1-completion-paced,66,264,0.2828000006047659,1.2118000004193163,34.93530000014289,33.72349999972357,0.0213999992411118,20.20429999993212,500,421,15.204599999378845,20.24710000023333,False,421,0.0201000002562068,0.0227000000450061,0.0165000001288717,4.69509999948059,0.1311000005443929,0.0307999998767627,15.204599999378845,0.1259999999092542,0.0,20.20429999993212,20.24710000023333,20.210399999996294,500,500,333.0,1501.5015015015017,,False,14.688199999909557
3325,exp1-completion-paced,66,264,0.2686999996512895,1.7472999998062733,30.098500000349304,28.35120000054303,0.0196999999388935,19.467099999928905,500,422,14.549200000146811,19.50940000006085,False,422,0.0198999996428028,0.0224000004891422,0.0172999998540035,4.609800000253017,0.1339999998890562,0.0417000001107226,14.549200000146811,0.1148999999713851,0.0,19.467099999928905,19.50940000006085,19.4736000003104,500,500,333.0,1501.5015015015017,,False,10.589100000288454
3326,exp1-completion-paced,66,264,0.3114999999525025,0.0494999994771205,26.544599999397175,26.495099999920058,0.0187999994523124,19.94589999958407,500,423,14.724599999681232,19.986100000096485,False,423,0.0187000005098525,0.0215000000025611,0.0175999994098674,4.906199999823002,0.1455000001442385,0.0312000001940759,14.724599999681232,0.1206000006277463,0.0,19.94589999958407,19.986100000096485,19.952700000430923,500,500,333.0,1501.5015015015017,,False,6.55849999930069
3327,exp1-completion-paced,66,264,0.2672000000529806,1.3496999999915715,36.18490000008023,34.83520000008866,0.0204000007215654,20.79020000019227,500,424,15.429200000653507,20.844300000135263,False,424,0.0265999997282051,0.0275000002147862,0.0221000000237836,5.051399999501882,0.1394999999320134,0.0306000001728534,15.429200000653507,0.1171999992948258,0.0,20.79020000019227,20.844300000135263,20.796599999812315,500,500,333.0,1501.5015015015017,,False,15.34059999994497
3328,exp1-completion-paced,66,264,0.2718999994613114,1.2253000004420755,38.14490000058868,36.9196000001466,0.0198999996428028,20.810600000004342,500,425,15.712400000666094,20.861399999375863,False,425,0.0218999994103796,0.0288999999611405,0.0174000006154528,4.793799999788462,0.1391999994666548,0.0301000000035855,15.712400000666094,0.1174999997601844,0.0,20.810600000004342,20.861399999375863,20.81780000025901,500,500,333.0,1501.5015015015017,,False,17.283500001212815
3329,exp1-completion-paced,66,264,0.2715000000534928,2.735199999733595,29.532499999731957,26.79729999999836,0.0194000003830296,20.26709999972809,500,426,15.110500000446336,20.31659999920521,False,426,0.0196999999388935,0.0297999995382269,0.0173999997059581,4.864700000325684,0.137199999699078,0.0299000002996763,15.110500000446336,0.107199999547447,0.0,20.26709999972809,20.31659999920521,20.28119999977207,500,500,333.0,1501.5015015015017,,False,9.215900000526748
3330,exp1-completion-paced,66,264,0.2538999997341307,1.242899999851943,33.57880000021396,32.33590000036202,0.0190000000657164,20.23230000031617,500,427,15.173699999650124,20.276999999623516,False,427,0.022000000171829,0.0226999991355114,0.0173000007634982,4.774799999722745,0.1369000001432141,0.029499999982363,15.173699999650124,0.0999000003503169,0.0,20.23230000031617,20.276999999623516,20.23910000025353,500,500,333.0,1501.5015015015017,,False,13.301800000590443
3331,exp1-completion-paced,66,264,0.261799999861978,1.2142000005042064,29.169999999794527,27.95579999929032,0.0176000003193621,21.301599999787868,500,428,15.91770000050019,21.396099999947182,False,428,0.0647000006210873,0.0297999995382269,0.017899999875226,5.0836999998864485,0.1435000003766617,0.0302999997074948,15.91770000050019,0.1081999998859828,0.0,21.301599999787868,21.396099999947182,21.30860000033863,500,500,333.0,1501.5015015015017,,False,7.773899999847345
3332,exp1-completion-paced,66,264,0.2699000006032293,2.8028999995513004,38.21640000023763,35.41350000068633,0.0208999999813386,21.24340000045777,500,429,16.086399999949208,21.33170000070095,False,429,0.0631000002613291,0.0251999999818508,0.0172999998540035,4.87650000013673,0.1352999997834558,0.0287000002572312,16.086399999949208,0.0989999998637358,0.0,21.24340000045777,21.33170000070095,21.24999999978172,500,500,333.0,1501.5015015015017,,False,16.88469999953668
3333,exp1-completion-paced,66,264,0.2758999999059597,2.7552000001378474,35.03509999973176,32.27989999959391,0.0191999997696257,21.075299999210984,500,430,15.856900000471796,21.12510000006296,False,430,0.0222000007852329,0.0276000000667409,0.017699999261822,4.921000000649656,0.1324999993812525,0.0417000001107226,15.856900000471796,0.1051999997798702,0.0,21.075299999210984,21.12510000006296,21.081500000036613,500,500,333.0,1501.5015015015017,,False,13.909999999668802
3334,exp1-completion-paced,66,264,0.269299999672512,0.1840000004449393,32.36670000023878,32.18269999979384,0.0195000002349843,21.236100000351144,500,431,15.944499999932304,21.28499999980704,False,431,0.0225999992835568,0.0263000001723412,0.0255000004472094,4.89229999948293,0.1412000001437263,0.0317000003633438,15.944499999932304,0.200599999516271,0.0,21.236100000351144,21.28499999980704,21.243799999865587,500,500,333.0,1501.5015015015017,,False,11.081700000431738
3335,exp1-completion-paced,66,264,0.3037999995285645,0.0503999999637017,30.455699999947683,30.40529999998398,0.0195000002349843,21.2403000004997,500,432,15.784499999426773,21.28390000052605,False,432,0.0184000000444939,0.0251999999818508,0.017899999875226,5.145900000570691,0.1415999995515449,0.0304000004689442,15.784499999426773,0.1197000001411652,0.0,21.2403000004997,21.28390000052605,21.24759999969683,500,500,333.0,1501.5015015015017,,False,9.171799999421633
3336,exp1-completion-paced,66,264,0.2713000003495835,4.26430000061373,40.65110000010464,36.3867999994909,0.0219000003198743,24.26980000018375,500,433,17.91120000052615,24.313200000506185,False,433,0.0200000004042522,0.0233999999181833,0.0178000000232714,5.80790000003617,0.247299999500683,0.154100000145263,17.91120000052615,0.1312999993388075,0.0,24.26980000018375,24.313200000506185,24.276399999507703,500,500,333.0,1501.5015015015017,,False,16.337899999598456
3337,exp1-completion-paced,66,264,0.2701999992495985,0.0462999996670987,30.08179999960703,30.03549999993993,0.0202000001081614,21.34649999970861,500,434,15.859399999499146,21.39569999962987,False,434,0.019099999917671,0.0301000000035855,0.0172000000020489,5.185600000004342,0.1344000002063694,0.0288999999611405,15.859399999499146,0.1208000003316556,0.0,21.34649999970861,21.39569999962987,21.352699999624747,500,500,333.0,1501.5015015015017,,False,8.68609999997716
3338,exp1-completion-paced,66,264,0.2690999999686028,1.1979999999311983,40.62340000018594,39.42540000025474,0.0206999993679346,21.555399999670044,500,435,16.308399999616086,21.59879999999248,False,435,0.0176000003193621,0.0258000000030733,0.0179999997271806,4.931999999826076,0.137400000312482,0.033600000278966,16.308399999616086,0.125800000205345,0.0,21.555399999670044,21.59879999999248,21.561900000051537,500,500,333.0,1501.5015015015017,,False,19.02460000019346
3339,exp1-completion-paced,66,264,0.2753000007942319,2.7510999998412444,37.23650000029011,34.48540000044886,0.0189000002137618,21.62150000003749,500,436,16.170400000191876,21.66910000050848,False,436,0.0202000001081614,0.0274000003628316,0.0179999997271806,5.153699999937089,0.1404000004185945,0.0305999992633587,16.170400000191876,0.1081999998859828,0.0,21.62150000003749,21.66910000050848,21.627999999509484,500,500,333.0,1501.5015015015017,,False,15.567399999781628
3340,exp1-completion-paced,66,264,0.3024000006917049,1.2516999995568767,44.26749999947788,43.015799999921,0.0231000003623194,26.068299999678857,500,437,20.514700000603625,26.114199999938137,False,437,0.0210000007427879,0.0248999995164922,0.0160999998115585,5.140600000231643,0.1363999999739462,0.0283999997918726,20.514700000603625,0.2316999998583924,0.0,26.068299999678857,26.114199999938137,26.07460000035644,500,500,333.0,1501.5015015015017,,False,18.15329999953974
3341,exp1-completion-paced,66,264,0.2866000004360103,0.0512000005983281,41.26910000013595,41.21789999953762,0.0186999996003578,23.451699999895936,500,438,16.89029999943159,23.50600000045233,False,438,0.0190000000657164,0.0353000004906789,0.0184000000444939,6.249199999729171,0.1419999998688581,0.0298000004477216,16.89029999943159,0.1218000006701913,0.0,23.451699999895936,23.50600000045233,23.45900000000256,500,500,333.0,1501.5015015015017,,False,17.763099999683618
3342,exp1-completion-paced,66,264,0.2705999995669117,0.7447999996657018,37.26800000004005,36.523200000374345,0.0200999993467121,22.401199999876557,500,439,16.68340000014723,22.444899999754853,False,439,0.0190000000657164,0.0246999998125829,0.0168999995366903,5.405600000813138,0.1345999999102787,0.0272999996013822,16.68340000014723,0.1331000003119697,0.0,22.401199999876557,22.444899999754853,22.407899999961955,500,500,333.0,1501.5015015015017,,False,14.823100000285194
3343,exp1-completion-paced,66,264,0.2674000006663846,2.7527000002010027,37.36599999956525,34.613299999364244,0.0172000000020489,23.48619999975199,500,440,16.354299999875366,23.531599999842,False,440,0.0182000003405846,0.0271999997494276,0.0181999994310899,6.7947000006824965,0.1404999993610545,0.0291000005745445,16.354299999875366,0.1492000001235283,0.0,23.48619999975199,23.531599999842,23.49400000002788,500,500,333.0,1501.5015015015017,,False,13.834399999723246
3344,exp1-completion-paced,66,264,0.2731000004132511,1.238499999999476,39.25160000017058,38.01310000017111,0.0208000001293839,22.531700000399724,500,441,16.696699999556586,22.576900000785827,False,441,0.019300000531075,0.025899999855028,0.0167999996847356,5.438200000753568,0.1660999996602186,0.0796000003902008,16.696699999556586,0.1340999997410108,0.0,22.531700000399724,22.576900000785827,22.539199999300763,500,500,333.0,1501.5015015015017,,False,16.674699999384757
3345,exp1-completion-paced,66,264,0.2752999998847372,3.370600000380364,40.23959999994986,36.868999999569496,0.0191999997696257,21.833199999491622,500,442,16.127500000038708,21.874000000025266,False,442,0.0182000003405846,0.0226000001930515,0.0173999997059581,5.372200000238081,0.1380999992761644,0.0321000006806571,16.127500000038708,0.1456999998481478,0.0,21.833199999491622,21.874000000025266,21.839099999851896,500,500,333.0,1501.5015015015017,,False,18.365599999924594
3346,exp1-completion-paced,66,264,0.3102999999100575,0.0882000003912253,43.67510000065522,43.586900000264,0.0207000002774293,22.424100000534963,500,443,16.660500000398315,22.48409999992873,False,443,0.028299999939918,0.0316999994538491,0.017899999875226,5.428899999969872,0.1442000002498389,0.0319999999192077,16.660500000398315,0.1403999995090998,0.0,22.424100000534963,22.48409999992873,22.431399999732093,500,500,333.0,1501.5015015015017,,False,21.19100000072649
3347,exp1-completion-paced,66,264,0.2881000000343192,0.618199999735225,37.04909999942174,36.43089999968652,0.0213000002986518,25.171899999804737,500,444,19.297299999379906,25.21689999957744,False,444,0.0199999994947575,0.0250000002779415,0.0198999996428028,5.526600000848703,0.1420999997208127,0.0287000002572312,19.297299999379906,0.1570000003994209,0.0,25.171899999804737,25.21689999957744,25.180000000545988,500,500,333.0,1501.5015015015017,,False,11.832199999844303
3348,exp1-completion-paced,66,264,0.2672000000529806,1.1669999994410318,43.184000000110245,42.01700000066921,0.0191999997696257,22.2726000001785,500,445,16.31829999951151,22.32309999999416,False,445,0.0279999994745594,0.0225000003410968,0.0393999998777871,5.608200000096986,0.143700000080571,0.0288000001091859,16.31829999951151,0.1339999998890562,0.0,22.2726000001785,22.32309999999416,22.279199999502453,500,500,333.0,1501.5015015015017,,False,20.860900000116086
3349,exp1-completion-paced,66,264,0.2775000002657179,0.049100000069302,32.07790000033128,32.02880000026198,0.017899999875226,22.74379999926168,500,446,16.63399999961257,22.87529999921389,False,446,0.0289999998130952,0.1025000001391163,0.0175999994098674,5.7937999999921885,0.1409000005878624,0.0300000001516309,16.63399999961257,0.1272999998036539,0.0,22.74379999926168,22.87529999921389,22.819799999524548,500,500,333.0,1501.5015015015017,,False,9.202600001117393
3350,exp1-completion-paced,66,264,0.3595999996832688,1.164000000244414,41.15890000048239,39.994900000237976,0.0186999996003578,22.94789999996283,500,447,17.039800000020477,22.995000000264557,False,447,0.02059999951598,0.0265000007857452,0.0188999993042671,5.57920000028389,0.1368000002912595,0.0390999994124285,17.039800000020477,0.1339000000371015,0.0,22.94789999996283,22.995000000264557,22.95499999945605,500,500,333.0,1501.5015015015017,,False,18.163900000217833
3351,exp1-completion-paced,66,264,0.2824000002874527,1.2420999992173165,38.43129999950179,37.18920000028447,0.0209999998332932,22.05320000030042,500,448,16.329299999597424,22.12849999978061,False,448,0.0516000000061467,0.0236999994740472,0.0180000006366753,5.402899999353394,0.1360000005661277,0.0325000000884756,16.329299999597424,0.1343000003544148,0.0,22.05320000030042,22.12849999978061,22.06050000040705,500,500,333.0,1501.5015015015017,,False,16.302799999721177
3352,exp1-completion-paced,66,264,0.27219999992667,0.0498999997944338,37.16290000011213,37.1130000003177,0.0277999997706501,22.190900000168767,500,449,16.41410000047472,22.29910000005475,False,449,0.0829999999041319,0.0251999999818508,0.0178000000232714,5.440400000225054,0.1402999996571452,0.0295999998343177,16.41410000047472,0.148599999192811,0.0,22.190900000168767,22.29910000005475,22.198099999513943,500,500,333.0,1501.5015015015017,,False,14.863800000057381
3353,exp1-completion-paced,66,264,0.274399999398156,3.182500000548316,42.7521000001434,39.56959999959509,0.0197999997908482,21.954899999400368,500,450,16.38679999996384,22.012099999301427,False,450,0.0207999992198892,0.0364000006811693,0.0172000000020489,5.248699999356177,0.1360000005661277,0.0306000001728534,16.38679999996384,0.1354999994873651,0.0,21.954899999400368,22.012099999301427,21.961299999929903,500,500,333.0,1501.5015015015017,,False,20.740000000841974
3354,exp1-completion-paced,66,264,0.275800000054005,1.78559999949357,33.184500000061234,31.398900000567664,0.0315000006594345,22.161599999890317,500,451,16.35589999932563,22.206399999959103,False,451,0.0193999994735349,0.0254000005952548,0.0177000001713167,5.444399999760208,0.1486000001023057,0.029499999982363,16.35589999932563,0.1653000008445815,0.0,22.161599999890317,22.206399999959103,22.168800000144984,500,500,333.0,1501.5015015015017,,False,10.978100000102131
3355,exp1-completion-paced,66,264,0.2776000001176726,2.7307000000291737,41.86050000043906,39.12980000040989,0.0255000004472094,22.022500000275613,500,452,16.149299999597133,22.06520000072487,False,452,0.01810000048863,0.0245999999606283,0.016699999832781,5.553799999688636,0.137400000312482,0.0304000004689442,16.149299999597133,0.1346999997622333,0.0,22.022500000275613,22.06520000072487,22.029599999768838,500,500,333.0,1501.5015015015017,,False,19.79529999971419
3356,exp1-completion-paced,66,264,0.2773999995042686,1.1328999999022926,45.12749999958032,43.99459999967803,0.0203999998120707,22.683199999846693,500,453,16.767300000537944,22.72609999999986,False,453,0.0180999995791353,0.0248000005740323,0.0175999994098674,5.596800000603253,0.1392999993186094,0.0281000002360087,16.767300000537944,0.1337999992756522,0.0,22.683199999846693,22.72609999999986,22.690599999805272,500,500,333.0,1501.5015015015017,,False,22.401399999580462
3357,exp1-completion-paced,66,264,0.2909000004365225,1.3107999993735575,37.03399999994872,35.72320000057516,0.017899999875226,20.883000000139877,500,454,15.497299999879033,20.92369999991206,False,454,0.0178000000232714,0.0228999997489154,0.0168999995366903,5.072900000413938,0.1358999998046783,0.027300000510877,15.497299999879033,0.1324999993812525,0.0,20.883000000139877,20.92369999991206,20.88929999990796,500,500,333.0,1501.5015015015017,,False,16.11030000003666
3358,exp1-completion-paced,66,264,0.2834999995684484,1.1764999999286374,32.674999999471765,31.498499999543128,0.0326999997923849,21.488000000317697,500,455,15.959499999553373,21.54650000011316,False,455,0.0215999998545157,0.0368999999409425,0.0198000007003429,5.208399999901303,0.1357999999527237,0.0307999998767627,15.959499999553373,0.133500000629283,0.0,21.488000000317697,21.54650000011316,21.50500000061584,500,500,333.0,1501.5015015015017,,False,11.128499999358606
3359,exp1-completion-paced,66,264,0.2899999999499414,1.2279000002308749,38.14870000041992,36.92080000018905,0.0203999998120707,25.615300000026764,500,456,18.42179999948712,25.65950000007433,False,456,0.0209999998332932,0.023200000214274,0.0197999997908482,6.684500000119442,0.2467000003889552,0.1117000001613632,18.42179999948712,0.1307000002270797,0.0,25.615300000026764,25.65950000007433,25.62240000042948,500,500,333.0,1501.5015015015017,,False,12.48920000034559
3360,exp1-completion-paced,66,264,0.2728999997998471,0.0473999998575891,27.42200000011508,27.374600000257487,0.0173999997059581,21.44849999967846,500,457,15.704200000072888,21.49250000002212,False,457,0.0190000000657164,0.0250000002779415,0.0178000000232714,5.385499999647436,0.144900000123016,0.0289999998130952,15.704200000072888,0.166900000294845,0.0,21.44849999967846,21.49250000002212,21.45589999963704,500,500,333.0,1501.5015015015017,,False,5.929500000092961
3361,exp1-completion-paced,66,264,0.2702000001590932,1.1899999999513966,37.54749999916385,36.35749999921245,0.033600000278966,20.52170000024489,500,458,15.122300000257384,20.56410000022879,False,458,0.0195000002349843,0.0228999997489154,0.0191000008271657,5.083299999569135,0.1326999999946565,0.0290999996650498,15.122300000257384,0.1349000003756373,0.0,20.52170000024489,20.56410000022879,20.527900000161026,500,500,333.0,1501.5015015015017,,False,16.983399998935056
3362,exp1-completion-paced,66,264,0.2842999992935802,1.218499999595224,34.561000000394415,33.34250000079919,0.0197999997908482,21.479299999555224,500,459,15.812999999980091,21.57009999973525,False,459,0.0657000000501284,0.0251000001298962,0.0179999997271806,5.340799999430601,0.1368000002912595,0.0295999998343177,15.812999999980091,0.1409000005878624,0.0,21.479299999555224,21.57009999973525,21.48600000055012,500,500,333.0,1501.5015015015017,,False,12.990900000659167
3363,exp1-completion-paced,66,264,0.2723999996305792,1.2306999997235837,38.23370000009163,37.00300000036805,0.0182000003405846,22.662499999569263,500,460,16.89429999987624,22.710899999765388,False,460,0.0202000001081614,0.0282000000879634,0.0180999995791353,5.447300000014366,0.1387000002068816,0.0292000004264991,16.89429999987624,0.1346999997622333,0.0,22.662499999569263,22.710899999765388,22.669199999654666,500,500,333.0,1501.5015015015017,,False,15.522800000326242
3364,exp1-completion-paced,66,264,0.2826999998433166,0.6725000002916204,37.49599999991915,36.82349999962753,0.0177000001713167,23.04159999948752,500,461,15.82959999996092,23.08999999968364,False,461,0.0209999998332932,0.0274000003628316,0.0178000000232714,6.894500000271364,0.1362999992124969,0.0300000001516309,15.82959999996092,0.1332000001639244,0.0,23.04159999948752,23.08999999968364,23.04860000003828,500,500,333.0,1501.5015015015017,,False,14.406000000235508
3365,exp1-completion-paced,66,264,0.2798000004986534,1.189800000247487,32.037700000728364,30.84790000048088,0.0202000001081614,21.35030000044935,500,462,15.986299999894982,21.392999999989115,False,462,0.0188000003618071,0.0238999991779564,0.0175000004674075,5.054999999629217,0.1350000002275919,0.0393000000258325,15.986299999894982,0.1170000005004112,0.0,21.35030000044935,21.392999999989115,21.35790000011184,500,500,333.0,1501.5015015015017,,False,10.644700000739249
3366,exp1-completion-paced,66,264,0.2672999999049352,2.2794999995312537,39.58640000018932,37.30690000065806,0.0262000003203866,22.010499999851163,500,463,16.373200000089128,22.05340000000433,False,463,0.0201000002562068,0.0227999998969608,0.0175000004674075,5.335699999704957,0.137199999699078,0.0317000003633438,16.373200000089128,0.1149999998233397,0.0,22.010499999851163,22.05340000000433,22.01679999961925,500,500,333.0,1501.5015015015017,,False,17.53300000018499
3367,exp1-completion-paced,66,264,0.2664000003278488,1.19520000043849,43.14799999974639,41.9527999993079,0.019099999917671,23.85480000066309,500,464,18.460399999639776,23.90560000003461,False,464,0.0193999994735349,0.0313999998979852,0.0183000001925393,5.107199999656586,0.1367000004393048,0.029499999982363,18.460399999639776,0.1025000001391163,0.0,23.85480000066309,23.90560000003461,23.8681999999244,500,500,333.0,1501.5015015015017,,False,19.24239999971178
3368,exp1-completion-paced,66,264,0.4577999998218729,2.0743999994010665,29.313099999853875,27.23870000045281,0.027300000510877,21.155299999918498,500,465,16.044099999817263,21.197499999288997,False,465,0.0192999996215803,0.0228999997489154,0.0178000000232714,4.761700000017299,0.1380000003337045,0.0422000002799904,16.044099999817263,0.1512999997430597,0.0,21.155299999918498,21.197499999288997,21.16219999970781,500,500,333.0,1501.5015015015017,,False,8.115600000564879
3369,exp1-completion-paced,66,264,0.2764999999271822,1.252000000022235,36.5842999999586,35.33229999993637,0.0210999996852478,21.880399999645302,500,466,16.836400000102003,21.923399999650428,False,466,0.0199000005522975,0.0230999994528247,0.0170000002981396,4.738499999803025,0.1365999996778555,0.0325999999404302,16.836400000102003,0.1191999999718973,0.0,21.880399999645302,21.923399999650428,21.88659999956144,500,500,333.0,1501.5015015015017,,False,14.660900000308175
3370,exp1-completion-paced,66,264,0.4462000006242306,1.037299999552488,31.36569999969652,30.32840000014403,0.0209999998332932,20.800999999664786,500,467,15.750100000332168,20.845299999564304,False,467,0.0191999997696257,0.0251000001298962,0.0172000000020489,4.655499999898893,0.141299999995681,0.0304999994114041,15.750100000332168,0.2063000001726322,0.0,20.800999999664786,20.845299999564304,20.808100000067498,500,500,333.0,1501.5015015015017,,False,10.520400000132216
3371,exp1-completion-paced,66,264,0.2847000005203881,1.1647000001175911,36.99400000004971,35.82929999993212,0.0202000001081614,21.64420000008249,500,468,16.111300000375195,21.727199999986624,False,468,0.0614999999015708,0.0215000000025611,0.0179999997271806,5.176300000130141,0.1560000000608852,0.042599999687809,16.111300000375195,0.1397999994878773,0.0,21.64420000008249,21.727199999986624,21.651699999893022,500,500,333.0,1501.5015015015017,,False,15.266800000063085
3372,exp1-completion-paced,66,264,0.2762000003713183,1.242699999238539,36.22079999968264,34.9781000004441,0.016900000446185,21.860500000002503,500,469,16.361399999368587,21.90580000024056,False,469,0.0212000004466972,0.0240999997913604,0.0479999998788116,5.153799999789044,0.1411000002917717,0.0311000003421213,16.361399999368587,0.1249000006282585,0.0,21.860500000002503,21.90580000024056,21.86740000070131,500,500,333.0,1501.5015015015017,,False,14.31499999944208
3373,exp1-completion-paced,66,264,0.2702000001590932,2.7372000004106667,48.22080000030837,45.483599999897706,0.0800000007075141,25.147499999548018,500,470,19.22370000011142,25.19419999953243,False,470,0.0199999994947575,0.0267000004896544,0.0177000001713167,5.466599999635946,0.1427999995939899,0.0275000002147862,19.22370000011142,0.2689000002646935,0.0,25.147499999548018,25.19419999953243,25.15390000007756,500,500,333.0,1501.5015015015017,,False,23.026600000775943
3374,exp1-completion-paced,66,264,0.2805000003718305,1.2638999996852365,36.71229999963544,35.4483999999502,0.0272999996013822,21.516300000257612,500,471,15.831500000786036,21.55850000053761,False,471,0.0187000005098525,0.0234999997701379,0.0178000000232714,5.374599999413476,0.1367000004393048,0.0285999994957819,15.831500000786036,0.1268999994863406,0.0,21.516300000257612,21.55850000053761,21.522999999433523,500,500,333.0,1501.5015015015017,,False,15.153799999097831
3375,exp1-completion-paced,66,264,0.2685999997993349,1.1622000001807464,31.096700000489363,29.934500000308617,0.0192999996215803,22.050700000363577,500,472,16.656600000715116,22.12580000013986,False,472,0.0185999997484032,0.0565000000278814,0.017899999875226,5.08929999978136,0.1345999999102787,0.0313000000460306,16.656600000715116,0.1207999994221609,0.0,22.050700000363577,22.12580000013986,22.0642999993288,500,500,333.0,1501.5015015015017,,False,8.970900000349502
3376,exp1-completion-paced,66,264,0.4508000001806067,1.0526000005484093,39.17679999995016,38.12419999940175,0.0196000000869389,23.366800000076186,500,473,17.96009999998205,23.41029999934108,False,473,0.0206999993679346,0.0227999998969608,0.0172000000020489,5.099200000586279,0.1320000001214794,0.0313999998979852,17.96009999998205,0.1265999999304767,0.0,23.366800000076186,23.41029999934108,23.37360000001354,500,500,333.0,1501.5015015015017,,False,15.766500000609081
3377,exp1-completion-paced,66,264,0.2786999993986683,1.2158999998064246,44.74359999949229,43.527699999685865,0.0186000006578979,21.941200000583198,500,474,16.080800000054296,22.05810000032216,False,474,0.0292000004264991,0.0876999993124627,0.0349000001733657,5.492500000400469,0.1409999995303223,0.0279000005320995,16.080800000054296,0.1638999992792378,0.0,21.941200000583198,22.05810000032216,21.971799999846557,500,500,333.0,1501.5015015015017,,False,22.68549999917013
3378,exp1-completion-paced,66,264,0.2832999998645391,0.055399999837391,37.61279999980616,37.557399999968766,0.0198000007003429,22.83270000043558,500,475,17.021999999997206,22.909700000127486,False,475,0.0518999995620106,0.0251000001298962,0.0184999998964485,5.495800000062445,0.1369999999951687,0.0288000001091859,17.021999999997206,0.1303999997617211,0.0,22.83270000043558,22.909700000127486,22.84019999933662,500,500,333.0,1501.5015015015017,,False,14.70309999967867
3379,exp1-completion-paced,66,264,0.2816999995047808,1.2563000000227476,42.91560000001482,41.65929999999207,0.0182000003405846,23.019400000521276,500,476,16.83480000065174,23.081100000126757,False,476,0.0190000000657164,0.0426999995397636,0.0175000004674075,5.864299999302602,0.1429000003554392,0.0290999996650498,16.83480000065174,0.1305999994656304,0.0,23.019400000521276,23.081100000126757,23.03699999993114,500,500,333.0,1501.5015015015017,,False,19.834499999888063
3380,exp1-completion-paced,66,264,0.269500000285916,0.7746999999653781,31.589299999723156,30.81459999975777,0.0192999996215803,22.690599999805272,500,477,16.402000000198314,22.73369999966235,False,477,0.0196999999388935,0.0233999999181833,0.0173999997059581,5.979400000796886,0.1376999998683459,0.0286999993477365,16.402000000198314,0.1252000001841224,0.0,22.690599999805272,22.73369999966235,22.69669999986945,500,500,333.0,1501.5015015015017,,False,8.855600000060807
3381,exp1-completion-paced,66,264,0.2726000002439832,0.6926000005478272,31.094100000700564,30.401500000152737,0.0268000003416091,22.97389999966981,500,478,17.100400000344962,23.02440000039496,False,478,0.0267000004896544,0.0238000002354965,0.0172999998540035,5.5504000001747045,0.1387999991493416,0.0288000001091859,17.100400000344962,0.1380000003337045,0.0,22.97389999966981,23.02440000039496,22.97980000003008,500,500,333.0,1501.5015015015017,,False,8.069700000305605
3382,exp1-completion-paced,66,264,0.2727999999478925,1.1879000003318652,32.132000000274274,30.94409999994241,0.016900000446185,21.464999999807333,500,479,15.601299999616458,21.53940000061993,False,479,0.0214000001506065,0.0530000006619957,0.0174999995579128,5.536700000448036,0.1390999996147002,0.042800000301213,15.601299999616458,0.1275000004170579,0.0,21.464999999807333,21.53940000061993,21.47899999999936,500,500,333.0,1501.5015015015017,,False,10.592599999654343
3383,exp1-completion-paced,66,264,0.4488000004130299,0.0535999997737235,31.362199999421136,31.308599999647413,0.0208000001293839,21.48519999991549,500,480,15.798299999914889,21.537499999794814,False,480,0.0215999998545157,0.0307000000248081,0.0184999998964485,5.371799999920768,0.139800000397372,0.0300000001516309,15.798299999914889,0.1265000000785221,0.0,21.48519999991549,21.537499999794814,21.4934000005087,500,500,333.0,1501.5015015015017,,False,9.824699999626322
3384,exp1-completion-paced,66,264,0.257699999565375,1.2534999996205445,45.63759999928152,44.384099999660975,0.0212999993891571,22.45790000051784,500,481,16.799299999547657,22.508799999741317,False,481,0.0198999996428028,0.030999999580672,0.0182000003405846,5.343699999684759,0.1357999999527237,0.0302000007650349,16.799299999547657,0.1305000005231704,0.0,22.45790000051784,22.508799999741317,22.465300000476415,500,500,333.0,1501.5015015015017,,False,23.128799999540202
3385,exp1-completion-paced,66,264,0.2752000000327825,0.0514000003022374,36.6639000003488,36.612500000046566,0.0200999993467121,22.795099999711965,500,482,16.487900000356603,22.837999999865133,False,482,0.0177000001713167,0.0251999999818508,0.0196000000869389,5.959000000075321,0.1423000003342167,0.0339999996867845,16.487900000356603,0.1519999996162369,0.0,22.795099999711965,22.837999999865133,22.80220000011468,500,500,333.0,1501.5015015015017,,False,13.825900000483664
3386,exp1-completion-paced,66,264,0.2716999997574021,0.0486999997519888,34.13699999964592,34.088299999893934,0.0187999994523124,22.619700000177545,500,483,16.88209999974788,22.687699999551118,False,483,0.0196999999388935,0.0482999994346755,0.0183000001925393,5.424699999821314,0.1385000005029724,0.0319000000672531,16.88209999974788,0.1240000001416774,0.0,22.619700000177545,22.687699999551118,22.634300000390795,500,500,333.0,1501.5015015015017,,False,11.449300000094805
3387,exp1-completion-paced,66,264,0.2763000002232729,4.25699999959761,44.345199999952456,40.088200000354846,0.0197999997908482,21.951000000626664,500,484,16.622799999822746,21.995699999934004,False,484,0.019099999917671,0.0255999993896693,0.0585000007049529,4.957899999681104,0.1378999995722551,0.0420000005760812,16.622799999822746,0.1316999996561207,0.0,21.951000000626664,21.995699999934004,21.95690000007744,500,500,333.0,1501.5015015015017,,False,22.349500000018452
3388,exp1-completion-paced,66,264,0.2767999994830461,3.867800000080024,40.05609999967419,36.188299999594165,0.0196000000869389,22.878599999785365,500,485,17.018100000314007,22.9220000001078,False,485,0.0200000004042522,0.0233999999181833,0.0171000001500942,5.548000000089814,0.1413999998476356,0.0301999998555402,17.018100000314007,0.1235999998243642,0.0,22.878599999785365,22.9220000001078,22.884699999849545,500,500,333.0,1501.5015015015017,,False,17.134099999566388
3389,exp1-completion-paced,66,264,0.2636999997776001,1.1439999998401618,32.498300000042946,31.354300000202784,0.0197999997908482,21.567399999185,500,486,15.820699999494536,21.6084999992745,False,486,0.0171000001500942,0.0239999999394058,0.0179999997271806,5.424799999673269,0.1416000004610396,0.0307000000248081,15.820699999494536,0.1313000002483022,0.0,21.567399999185,21.6084999992745,21.573699999862583,500,500,333.0,1501.5015015015017,,False,10.889800000768446
3390,exp1-completion-paced,66,264,0.2764000000752276,1.2263000007806113,38.75360000074579,37.52729999996518,0.0299000002996763,22.78019999994285,500,487,16.986999999971886,22.82939999986411,False,487,0.0187999994523124,0.0304000004689442,0.0173999997059581,5.4778000003352645,0.1446999995096121,0.0313000000460306,16.986999999971886,0.1218000006701913,0.0,22.78019999994285,22.82939999986411,22.786500000620435,500,500,333.0,1501.5015015015017,,False,15.924200000881683
3391,exp1-completion-paced,66,264,0.2690000001166481,1.2032999993607518,35.17519999968499,33.97190000032424,0.0270000000455183,22.65319999969506,500,488,16.725299999961862,22.696600000017497,False,488,0.0200000004042522,0.0233999999181833,0.0284999996438273,5.615400000351656,0.1357999999527237,0.029499999982363,16.725299999961862,0.1185000000987201,0.0,22.65319999969506,22.696600000017497,22.660099999484373,500,500,333.0,1501.5015015015017,,False,12.478599999667495
3392,exp1-completion-paced,66,264,0.2727000000959378,1.2252999995325808,41.27340000013646,40.04810000060388,0.02299999960087,21.90690000043105,500,489,16.202499999963038,21.949900000436173,False,489,0.0189000002137618,0.0240999997913604,0.016699999832781,5.409800000052201,0.1353000006929505,0.0327999996443395,16.202499999963038,0.1095999996323371,0.0,21.90690000043105,21.949900000436173,21.91359999960696,500,500,333.0,1501.5015015015017,,False,19.32349999970029
3393,exp1-completion-paced,66,264,0.2722999997786246,2.73639999977604,40.33350000008795,37.59710000031191,0.0394999997297418,22.26520000021992,500,490,16.432500000519212,22.30860000054236,False,490,0.0180000006366753,0.0253999996857601,0.016699999832781,5.5194000005940325,0.1352999997834558,0.0291999995170044,16.432500000519212,0.1319000002695247,0.0,22.26520000021992,22.30860000054236,22.27190000030532,500,500,333.0,1501.5015015015017,,False,18.024899999545593
3394,exp1-completion-paced,66,264,0.2711999995881342,2.8253999998923973,29.665099999874656,26.83969999998226,0.0188000003618071,22.609399999964808,500,491,15.951399999721616,22.814699999798904,False,491,0.0215000000025611,0.1837999998315354,0.0253000007433001,6.324299999505456,0.1430000002073939,0.0293000002784538,15.951399999721616,0.135999999656633,0.0,22.609399999964808,22.814699999798904,22.64070000001084,500,500,333.0,1501.5015015015017,,False,6.8504000000757514
3395,exp1-completion-paced,66,264,0.3060999997614999,1.1922000003323774,35.11460000027,33.922399999937625,0.0184000000444939,22.213499999452324,500,492,16.411999999945692,22.254999999859137,False,492,0.0183000001925393,0.023200000214274,0.0173999997059581,5.469699999594013,0.1498999999967054,0.029499999982363,16.411999999945692,0.1349000003756373,0.0,22.213499999452324,22.254999999859137,22.220199999537726,500,500,333.0,1501.5015015015017,,False,12.859600000410865
3396,exp1-completion-paced,66,264,0.2857999998013838,1.150899999629473,44.62760000023991,43.47670000061044,0.0186999996003578,22.355299999617277,500,493,16.543100000490085,22.40059999985533,False,493,0.0187000005098525,0.0265999997282051,0.0176000003193621,5.471099999340368,0.157999999828462,0.0337000001309206,16.543100000490085,0.1314999999522115,0.0,22.355299999617277,22.40059999985533,22.36189999985072,500,500,333.0,1501.5015015015017,,False,22.227000000384578
3397,exp1-completion-paced,66,264,0.2711999995881342,0.7149999992179801,33.56699999949342,32.85200000027544,0.0203999998120707,22.91079999940848,500,494,16.930199999478646,22.990599999502592,False,494,0.0544999993508099,0.0253000007433001,0.0172999998540035,5.6616000001668,0.1404999993610545,0.0278000006801448,16.930199999478646,0.1332000001639244,0.0,22.91079999940848,22.990599999502592,22.91739999964193,500,500,333.0,1501.5015015015017,,False,10.576399999990826
3398,exp1-completion-paced,66,264,0.277299999652314,0.0546999999642139,39.69779999988532,39.64309999992111,0.023200000214274,23.59720000004017,500,495,17.21449999968172,23.64229999966483,False,495,0.0196999999388935,0.0253999996857601,0.0221000000237836,5.856900000253518,0.1796999995349324,0.0310000004901667,17.21449999968172,0.2928000003521447,0.0,23.59720000004017,23.64229999966483,23.607000000083644,500,500,333.0,1501.5015015015017,,False,16.05550000022049
3399,exp1-completion-paced,66,264,0.2786000004562083,1.2907000000268454,32.12450000046374,30.83380000043689,0.0196000000869389,23.893199999292847,500,496,17.589899999620684,23.93579999989015,False,496,0.019099999917671,0.0235000006796326,0.0169999993886449,5.984899999930349,0.1408000007359078,0.0290999996650498,17.589899999620684,0.1313000002483022,0.0,23.893199999292847,23.93579999989015,23.89979999952629,500,500,333.0,1501.5015015015017,,False,8.18870000057359
3400,exp1-completion-paced,66,264,0.2675999994607991,1.1493000001792095,38.07760000017879,36.92829999999958,0.021799999558425,22.38029999989521,500,497,16.833699999551754,22.426899999118177,False,497,0.0218999994103796,0.0246999998125829,0.0161000007210532,5.206399999224232,0.1630000006116461,0.0313999998979852,16.833699999551754,0.1295000001846347,0.0,22.38029999989521,22.426899999118177,22.38349999970524,500,500,333.0,1501.5015015015017,,False,15.650700001060613
3401,exp1-completion-paced,66,264,0.2899000000979868,0.0497000000905245,34.06780000022991,34.018100000139384,0.0179999997271806,22.97160000034637,500,498,17.200600000251143,23.011899999801244,False,498,0.0184999998964485,0.021799999558425,0.0159999999596038,5.445700000564102,0.1453999993827892,0.0307999998767627,17.200600000251143,0.1328999996985658,0.0,22.97160000034637,23.011899999801244,22.97439999983908,500,500,333.0,1501.5015015015017,,False,11.055900000428664
3402,exp1-completion-paced,66,264,0.2732000002652057,2.736599999479949,36.14039999956731,33.40380000008736,0.0194000003830296,22.119199999906414,500,499,16.664200000377605,22.16099999986909,False,499,0.0190000000657164,0.0227999998969608,0.0189000002137618,5.136400000083086,0.1435000003766617,0.028099999326514,16.664200000377605,0.1278999998248764,0.0,22.119199999906414,22.16099999986909,22.12580000013986,500,500,333.0,1501.5015015015017,,False,13.979399999698217
3403,exp1-completion-paced,66,264,0.2684000000954256,0.0669999999445281,39.64460000042891,39.57760000048438,0.0196999999388935,22.73799999966286,500,500,16.996100000142178,22.78430000023945,False,500,0.0202000001081614,0.0261000004684319,0.0184999998964485,5.42200000018056,0.1378999995722551,0.0301999998555402,16.996100000142178,0.1331000003119697,0.0,22.73799999966286,22.78430000023945,22.744500000044354,500,500,333.0,1501.5015015015017,,False,16.860300000189458
3404,exp1-completion-paced,66,264,0.2765999997791368,1.2325999996392056,31.67929999926855,30.446699999629345,0.019099999917671,21.56860000013694,500,501,16.03660000000673,21.615799999381125,False,501,0.0200999993467121,0.027099999897473,0.0184999998964485,5.192000000533881,0.1430000002073939,0.0323999993270263,16.03660000000673,0.1458000006095972,0.0,21.56860000013694,21.615799999381125,21.57600000009552,500,500,333.0,1501.5015015015017,,False,10.063499999887426
3405,exp1-completion-paced,66,264,0.313500000629574,2.68690000029892,45.72889999963081,43.04199999933189,0.0189000002137618,29.692599999179947,500,502,20.044900000357305,29.74790000007488,False,502,0.0286000004052766,0.0267000004896544,0.0156999994942452,8.933699999943201,0.3036999996766099,0.1281000004382804,20.044900000357305,0.2661999997144448,0.0,29.692599999179947,29.74790000007488,29.696200000216777,500,500,333.0,1501.5015015015017,,False,15.980999999555934
3406,exp1-completion-paced,66,264,0.2686000007088296,2.717800000027637,39.69970000071044,36.9819000006828,0.0195000002349843,22.80069999960688,500,503,15.854199999921548,22.8834999998071,False,503,0.0577000000703264,0.0251000001298962,0.0178000000232714,6.6234999994776445,0.1443999999537482,0.0284000007013673,15.854199999921548,0.132099999973434,0.0,22.80069999960688,22.8834999998071,22.80840000003081,500,500,333.0,1501.5015015015017,,False,16.816200000903343
3407,exp1-completion-paced,66,264,0.2765000008366769,0.0546000001122592,37.16090000034456,37.106300000232295,0.0200999993467121,21.42920000005688,500,504,15.461900000445894,21.475399999872025,False,504,0.0204999996640253,0.0257000001511187,0.0184000000444939,5.630800000290037,0.1446999995096121,0.0404000002163229,15.461900000445894,0.1326999999946565,0.0,21.42920000005688,21.475399999872025,21.43660000001546,500,500,333.0,1501.5015015015017,,False,15.685500000472537
3408,exp1-completion-paced,66,264,0.2575000007709604,1.2632000007215538,33.69220000058704,32.42899999986548,0.0192999996215803,20.848000000114556,500,505,15.373499999441265,20.94260000012582,False,505,0.0650000001769512,0.0295999998343177,0.01810000048863,5.135200000040641,0.1369999999951687,0.0405000000682775,15.373499999441265,0.1435000003766617,0.0,20.848000000114556,20.94260000012582,20.854899999903864,500,500,333.0,1501.5015015015017,,False,12.749600000461221
3409,exp1-completion-paced,66,264,0.2706999994188663,2.31420000000071,43.828599999869766,41.514399999869056,0.0200999993467121,23.09940000031929,500,506,16.233900000770518,23.13990000038757,False,506,0.0196000000869389,0.0208999999813386,0.019099999917671,6.537700000080804,0.1455999999961932,0.0295999998343177,16.233900000770518,0.1331999992544297,0.0,23.09940000031929,23.13990000038757,23.1060999994952,500,500,333.0,1501.5015015015017,,False,20.688699999482196
3410,exp1-completion-paced,66,264,0.2714999991439981,1.202200000079756,35.19620000042778,33.994000000348024,0.0213000002986518,21.74829999967187,500,507,15.658399999665562,21.793900000375288,False,507,0.0184999998964485,0.0271000008069677,0.0173999997059581,5.769499999587424,0.1402000007146853,0.0303999995594494,15.658399999665562,0.132099999973434,0.0,21.74829999967187,21.793900000375288,21.755299999313134,500,500,333.0,1501.5015015015017,,False,13.402300000052492
3411,exp1-completion-paced,66,264,0.2903000004153,1.2302999994062702,34.20449999975972,32.97420000035345,0.0184000000444939,23.036900000079186,500,508,16.413499999544,23.084899999958,False,508,0.0199999994947575,0.0280000003840541,0.0173999997059581,6.301000000348722,0.1392999993186094,0.0353000004906789,16.413499999544,0.1302000000578118,0.0,23.036900000079186,23.084899999958,23.043199999847275,500,500,333.0,1501.5015015015017,,False,11.119599999801718
3412,exp1-completion-paced,66,264,0.2660000000105356,0.0683000007484224,26.51770000011311,26.449399999364687,0.017699999261822,20.79270000012912,500,509,15.504500000133705,20.84240000021964,False,509,0.0212000004466972,0.0284999996438273,0.0172999998540035,4.971400000613357,0.1347999996141879,0.0301000000035855,15.504500000133705,0.1344000002063694,0.0,20.79270000012912,20.84240000021964,20.799900000383783,500,500,333.0,1501.5015015015017,,False,5.675299999893468
3413,exp1-completion-paced,66,264,0.2787999992506229,1.706000000012864,31.09810000023572,29.39210000022285,0.0179999997271806,20.73240000026999,500,510,15.829699999812874,20.78540000002249,False,510,0.0264000000242958,0.0265999997282051,0.0174000006154528,4.587899999933143,0.1353999996354105,0.028299999939918,15.829699999812874,0.133500000629283,0.0,20.73240000026999,20.78540000002249,20.73970000037661,500,500,333.0,1501.5015015015017,,False,10.31270000021323
3414,exp1-completion-paced,66,264,0.2767999994830461,1.2305999998716288,37.22259999995004,35.992000000078406,0.019099999917671,22.311800000352378,500,511,16.870299999936833,22.353000000293832,False,511,0.0196999999388935,0.0215000000025611,0.0165000001288717,5.003199999919161,0.1376999998683459,0.0299000002996763,16.870299999936833,0.2538999997341307,0.0,22.311800000352378,22.353000000293832,22.317799999655108,500,500,333.0,1501.5015015015017,,False,14.86959999965621
3415,exp1-completion-paced,66,264,0.2878999994209152,1.6918999999688822,40.19410000000789,38.50220000003901,0.0199000005522975,20.58649999980844,500,512,15.24500000050466,20.632599999771628,False,512,0.0192999996215803,0.0268000003416091,0.0182999992830446,5.023500000788772,0.1369999999951687,0.028099999326514,15.24500000050466,0.1344000002063694,0.0,20.58649999980844,20.632599999771628,20.594100000380426,500,500,333.0,1501.5015015015017,,False,19.561500000236265
3416,exp1-completion-paced,66,264,0.2861000002667424,0.0722999993740813,36.55909999997675,36.48680000060267,0.0176000003193621,22.49599999959173,500,513,16.393800000514602,22.591299999476178,False,513,0.0576000002183718,0.0376999996660742,0.0190000000657164,5.786800000350922,0.1388999999107909,0.0279999994745594,16.393800000514602,0.1292999995712307,0.0,22.49599999959173,22.591299999476178,22.50350000031176,500,500,333.0,1501.5015015015017,,False,13.967800000500574
3417,exp1-completion-paced,66,264,0.2690000001166481,2.7452000003904686,41.32810000010068,38.58289999971021,0.0227999998969608,21.861899999748857,500,514,16.736400000809226,21.90659999996569,False,514,0.0200000004042522,0.0246999998125829,0.0179999997271806,4.8088000003190245,0.1379999994242098,0.0276999999186955,16.736400000809226,0.1327999998466111,0.0,21.861899999748857,21.90659999996569,21.86919999985548,500,500,333.0,1501.5015015015017,,False,19.421500000134994
3418,exp1-completion-paced,66,264,0.2672000000529806,1.2486000005083042,44.38699999991513,43.13839999940683,0.0185999997484032,21.75900000020192,500,515,16.372199999750592,21.81400000063149,False,515,0.0215000000025611,0.0335000004270114,0.0245999999606283,5.061099999693397,0.1377000007778406,0.029499999982363,16.372199999750592,0.1338000001851469,0.0,21.75900000020192,21.81400000063149,21.763800000371702,500,500,333.0,1501.5015015015017,,False,22.572999999283642
3419,exp1-completion-paced,66,264,0.2592999999251333,1.2557999998534797,33.13679999973829,31.880999999884807,0.019099999917671,22.16390000012325,500,516,16.50659999995696,22.205100000064704,False,516,0.0178000000232714,0.0233999999181833,0.0171000001500942,5.345300000044517,0.1349999993180972,0.0282000000879634,16.50659999995696,0.1314999999522115,0.0,22.16390000012325,22.205100000064704,22.16969999972207,500,500,333.0,1501.5015015015017,,False,10.931699999673583
3420,exp1-completion-paced,66,264,0.2495999997336184,1.3443999996525235,29.10159999919415,27.757199999541623,0.0190000000657164,20.239099999344035,500,517,15.203100000690029,20.29599999968923,False,517,0.0306000001728534,0.0263000001723412,0.0173999997059581,4.7234000003300025,0.1323999995292979,0.0283999997918726,15.203100000690029,0.1340999997410108,0.0,20.239099999344035,20.29599999968923,20.245499999873573,500,500,333.0,1501.5015015015017,,False,8.80559999950492
3421,exp1-completion-paced,66,264,0.2563999996709754,4.24730000031559,36.62830000030226,32.38099999998667,0.017899999875226,20.861799999693176,500,518,15.39150000007794,20.905499999571475,False,518,0.0187999994523124,0.0249000004259869,0.0176000003193621,5.158999999366642,0.1366000005873502,0.0301000000035855,15.39150000007794,0.126799999634386,0.0,20.861799999693176,20.905499999571475,20.868499999778575,500,500,333.0,1501.5015015015017,,False,15.722800000730786
3422,exp1-completion-paced,66,264,0.2753999997366918,3.763799999433104,29.54760000011447,25.783800000681367,0.0196999999388935,20.272199999453733,500,519,15.088699999978417,20.313099999839324,False,519,0.0178000000232714,0.0231000003623194,0.0175999994098674,4.873400000178663,0.1325000002907472,0.0297999995382269,15.088699999978417,0.1300000003539025,0.0,20.272199999453733,20.313099999839324,20.27890000044863,500,500,333.0,1501.5015015015017,,False,9.234500000275148
3423,exp1-completion-paced,66,264,0.2623999998832005,0.7097000006979215,40.56690000015806,39.857199999460136,0.0195000002349843,20.611400000234426,500,520,15.20130000062636,20.66000000013446,False,520,0.0253999996857601,0.023200000214274,0.0168999995366903,5.083000000013271,0.1357999999527237,0.0313000000460306,15.20130000062636,0.1426999997420353,0.0,20.611400000234426,20.66000000013446,20.61779999985447,500,500,333.0,1501.5015015015017,,False,19.906900000023597
3424,exp1-completion-paced,66,264,0.2795000000332948,2.70860000000539,32.040000000051805,29.33140000004641,0.0313000000460306,20.87770000071032,500,521,15.524999999797728,20.9234000003562,False,521,0.0225000003410968,0.0231999993047793,0.0167000007422757,5.039199999373523,0.1333999998678336,0.0292000004264991,15.524999999797728,0.1339999998890562,0.0,20.87770000071032,20.9234000003562,20.88469999944209,500,500,333.0,1501.5015015015017,,False,11.116599999695605
3425,exp1-completion-paced,66,264,0.2705999995669117,4.259000000274682,31.648799999857147,27.389799999582465,0.019099999917671,21.09209999980521,500,522,15.885599999819531,21.29969999987225,False,522,0.02059999951598,0.1870000005510519,0.0335999993694713,4.872600000453531,0.1394000000800588,0.0301000000035855,15.885599999819531,0.1305999994656304,0.0,21.09209999980521,21.29969999987225,21.102299999256505,500,500,333.0,1501.5015015015017,,False,10.349099999984897
3426,exp1-completion-paced,66,264,0.2678999999261577,2.187300000514369,31.001500000456872,28.814199999942502,0.0187000005098525,20.83870000024035,500,523,15.543299999990268,20.883199999843782,False,523,0.0184999998964485,0.0259999997069826,0.0174000006154528,4.981499999303196,0.1360000005661277,0.0288000001091859,15.543299999990268,0.1314999999522115,0.0,20.83870000024035,20.883199999843782,20.84629999990284,500,500,333.0,1501.5015015015017,,False,10.11830000061309
3427,exp1-completion-paced,66,264,0.2851999997801613,1.2545999998110346,42.24839999915275,40.99379999934172,0.0206999993679346,21.151900000404567,500,524,15.84039999943343,21.193700000367244,False,524,0.017899999875226,0.0239000000874511,0.016900000446185,4.996499999833759,0.1363999999739462,0.0300000001516309,15.84039999943343,0.1314999999522115,0.0,21.151900000404567,21.193700000367244,21.158599999580478,500,500,333.0,1501.5015015015017,,False,21.05469999878551
3428,exp1-completion-paced,66,264,0.2635000000736909,1.2360000000626314,30.599200000324345,29.363200000261717,0.0206000004254747,21.32569999957923,500,525,15.7601999999315,21.37880000009318,False,525,0.0202000001081614,0.0329000004057888,0.0195000002349843,5.103199999211938,0.1391000005241949,0.0284999996438273,15.7601999999315,0.2750000003288733,0.0,21.32569999957923,21.37880000009318,21.338200000172947,500,500,333.0,1501.5015015015017,,False,9.220400000231166
3429,exp1-completion-paced,66,264,0.2543000000514439,1.1801000000559725,33.525799999551964,32.34569999949599,0.0200999993467121,23.933800000122574,500,526,17.665900000793044,23.976399999810383,False,526,0.0177000001713167,0.0248999995164922,0.0188000003618071,5.838199999743665,0.138600000354927,0.0305999992633587,17.665900000793044,0.2414000000499072,0.0,23.933800000122574,23.976399999810383,23.941000000377244,500,500,333.0,1501.5015015015017,,False,9.549399999741581
3430,exp1-completion-paced,66,264,0.2981999996336526,1.203900000291469,29.573800000434854,28.36990000014339,0.0184000000444939,21.48049999959767,500,527,16.36560000042664,21.535399999265792,False,527,0.0288999999611405,0.0259999997069826,0.0177000001713167,4.801799999768264,0.1314999999522115,0.029499999982363,16.36560000042664,0.1341999995929654,0.0,21.48049999959767,21.535399999265792,21.48659999966185,500,500,333.0,1501.5015015015017,,False,8.038400001169062
3431,exp1-completion-paced,66,264,0.2957999995487625,0.7584999993923702,39.76759999932256,39.009099999930186,0.0198999996428028,23.41359999991255,500,528,18.18809999986115,23.45520000017132,False,528,0.0177000001713167,0.0239000000874511,0.0174999995579128,4.904600000372739,0.1338000001851469,0.0300000001516309,18.18809999986115,0.1394000000800588,0.0,23.41359999991255,23.45520000017132,23.421000000780623,500,500,333.0,1501.5015015015017,,False,16.312399999151243
3432,exp1-completion-paced,66,264,0.2690999999686028,1.2311999998928511,32.648800000060874,31.417600000168022,0.0200999993467121,21.222999999736203,500,529,16.071199999714736,21.264500000143016,False,529,0.0182000003405846,0.0233000000662286,0.0178000000232714,4.842899999857764,0.1310999996348982,0.0288000001091859,16.071199999714736,0.1310000006924383,0.0,21.222999999736203,21.264500000143016,21.23040000060428,500,500,333.0,1501.5015015015017,,False,11.384299999917857
3433,exp1-completion-paced,66,264,0.2770000000964501,1.1334999999235151,37.52549999990151,36.391999999978,0.0783999994382611,22.130100000140374,500,530,16.67120000001887,22.214399999938905,False,530,0.0602999998591258,0.0239999999394058,0.0168999995366903,5.134699999871373,0.1416000004610396,0.030999999580672,16.67120000001887,0.134500000058324,0.0,22.130100000140374,22.214399999938905,22.137199999633594,500,500,333.0,1501.5015015015017,,False,15.311099999962607
3434,exp1-completion-paced,66,264,0.2715000000534928,0.7630999998582411,33.57340000002296,32.81030000016472,0.0203999998120707,22.070900000471735,500,531,16.715699999622302,22.113699999863456,False,531,0.0200999993467121,0.0227000000450061,0.0168000005942303,5.035700000007637,0.135999999656633,0.0286000004052766,16.715699999622302,0.1378999995722551,0.0,22.070900000471735,22.113699999863456,22.078099999816917,500,500,333.0,1501.5015015015017,,False,11.4597000001595
3435,exp1-completion-paced,66,264,0.2702000001590932,1.2353000001894543,36.74100000080216,35.505700000612705,0.0211000005947425,22.38870000019233,500,532,16.326699999808625,22.445499999776075,False,532,0.0191999997696257,0.0375999998141196,0.0185000008059432,5.741999999372638,0.1388999999107909,0.0291000005745445,16.326699999808625,0.133300000015879,0.0,22.38870000019233,22.445499999776075,22.411599999941245,500,500,333.0,1501.5015015015017,,False,14.295500001026085
3436,exp1-completion-paced,66,264,0.2648999998200452,1.2042999996992876,31.116400000428257,29.91210000072897,0.0189000002137618,21.70959999966726,500,533,16.055099999903177,21.75679999982094,False,533,0.0221000000237836,0.0251000001298962,0.0167999996847356,5.336600000191538,0.139800000397372,0.0288000001091859,16.055099999903177,0.1321999998253886,0.0,21.70959999966726,21.75679999982094,21.715900000344845,500,500,333.0,1501.5015015015017,,False,9.359600000607315
3437,exp1-completion-paced,66,264,0.3252999995311256,1.0779999993246747,59.7247999994579,58.646800000133226,0.0202000001081614,35.58069999962754,500,534,27.04710000034538,35.62479999982315,False,534,0.0202000001081614,0.0239000000874511,0.0188999993042671,7.997200000318116,0.2649999996719998,0.117800000225543,27.04710000034538,0.134500000058324,0.0,35.58069999962754,35.62479999982315,35.5877000001783,500,500,333.0,1501.5015015015017,,False,24.099999999634747
3438,exp1-completion-paced,66,264,0.2691999998205574,2.744499999607797,29.074299999592768,26.32979999998497,0.0184000000444939,22.31960000062827,500,535,16.611699999884877,22.36630000061268,False,535,0.0208999999813386,0.0258000000030733,0.0182000003405846,5.391799999415525,0.1383000007990631,0.0277999997706501,16.611699999884877,0.1315999998041661,0.0,22.31960000062827,22.36630000061268,22.32670000012149,500,500,333.0,1501.5015015015017,,False,6.707999998980089
3439,exp1-completion-paced,66,264,0.2584000003480469,2.709100000174658,37.55619999992632,34.84709999975166,0.0562999994144775,22.49179999944317,500,536,16.381100000216975,22.545400000126392,False,536,0.029499999982363,0.0241000007008551,0.0173999997059581,5.751599999712198,0.1772000005075824,0.0316999994538491,16.381100000216975,0.1325000002907472,0.0,22.49179999944317,22.545400000126392,22.49879999999393,500,500,333.0,1501.5015015015017,,False,15.010799999799929
3440,exp1-completion-paced,66,264,0.2678000000742031,1.1998999998468207,34.03859999980341,32.83869999995659,0.0180999995791353,22.48659999986557,500,537,16.758199999458157,22.532300000420943,False,537,0.0204000007215654,0.0252999998338054,0.0172999998540035,5.405400000199734,0.1396999996359227,0.0305000003208988,16.758199999458157,0.1353000006929505,0.0,22.48659999986557,22.532300000420943,22.493200000099023,500,500,333.0,1501.5015015015017,,False,11.506299999382467
3441,exp1-completion-paced,66,264,0.278499999694759,1.239000000168744,34.07229999993433,32.833299999765586,0.019099999917671,21.15219999996043,500,538,15.901600000688632,21.198800000092888,False,538,0.0196999999388935,0.0269000001935637,0.0180999995791353,4.931899999974121,0.1360000005661277,0.0316999994538491,15.901600000688632,0.1326999999946565,0.0,21.15219999996043,21.198800000092888,21.16040000055364,500,500,333.0,1501.5015015015017,,False,12.873499999841442
3442,exp1-completion-paced,66,264,0.2803000006679212,0.7339000003412366,32.118899999659334,31.384999999318097,0.0191999997696257,22.52799999951094,500,539,16.820700000607758,22.57559999998193,False,539,0.0226000001930515,0.0250000002779415,0.0170000002981396,5.3856999993513455,0.1415000006090849,0.0279999994745594,16.820700000607758,0.1348999994661426,0.0,22.52799999951094,22.57559999998193,22.53440000004048,500,500,333.0,1501.5015015015017,,False,9.543299999677405
3443,exp1-completion-paced,66,264,0.2718999994613114,1.280899999983376,42.75260000031267,41.47170000032929,0.017899999875226,26.286199999958622,500,540,21.060200000647452,26.33209999930841,False,540,0.0193999994735349,0.0264999998762505,0.0179000007847207,4.909599999336933,0.134500000058324,0.0301999998555402,21.060200000647452,0.1335999995717429,0.0,26.286199999958622,26.33209999930841,26.294700000107696,500,500,333.0,1501.5015015015017,,False,16.420500001004257
3444,exp1-completion-paced,66,264,0.3114000001005479,0.6859000004624249,42.67989999971178,41.99399999924936,0.0204999996640253,22.371099999872968,500,541,16.44419999956881,22.425299999667917,False,541,0.0276999999186955,0.0264999998762505,0.0180000006366753,5.59759999941889,0.1388999999107909,0.0364000006811693,16.44419999956881,0.1357999999527237,0.0,22.371099999872968,22.425299999667917,22.37770000010641,500,500,333.0,1501.5015015015017,,False,20.25460000004386
3445,exp1-completion-paced,66,264,0.3311999998913961,1.1500999999043415,28.12030000040977,26.97020000050543,0.0184999998964485,21.365800000239688,500,542,15.94109999950888,21.425000000817818,False,542,0.0187000005098525,0.0405000000682775,0.02059999951598,5.108199999995122,0.1349000003756373,0.029499999982363,15.94109999950888,0.1313000002483022,0.0,21.365800000239688,21.425000000817818,21.374299999479263,500,500,333.0,1501.5015015015017,,False,6.695299999591953
3446,exp1-completion-paced,66,264,0.2711999995881342,2.7532000003702706,33.57680000044638,30.823600000076112,0.019300000531075,25.04490000046644,500,543,18.995100000211096,25.08870000019669,False,543,0.0202999999601161,0.0234999997701379,0.0179000007847207,5.67259999934322,0.1921000002766959,0.0357999997504521,18.995100000211096,0.1310999996348982,0.0,25.04490000046644,25.08870000019669,25.052499999219435,500,500,333.0,1501.5015015015017,,False,8.488100000249691
3447,exp1-completion-paced,66,264,0.2719000003708061,4.263100000571285,44.19730000063282,39.93420000006154,0.0200000004042522,22.450400000707305,500,544,16.754799999944225,22.49149999988731,False,544,0.017699999261822,0.0233999999181833,0.0182000003405846,5.3389000004244735,0.1583999992362805,0.0392000001738779,16.754799999944225,0.1406999999744584,0.0,22.450400000707305,22.49149999988731,22.45749999929103,500,500,333.0,1501.5015015015017,,False,21.705800000745512
3448,exp1-completion-paced,66,264,0.2733000001171604,2.7595999999903142,37.24989999955142,34.4902999995611,0.0226000001930515,22.22920000076556,500,545,16.45230000031006,22.278000000369502,False,545,0.0210999996852478,0.0276999999186955,0.0168000005942303,5.444800000077521,0.1420999997208127,0.0387999998565646,16.45230000031006,0.1341999995929654,0.0,22.22920000076556,22.278000000369502,22.236799999518556,500,500,333.0,1501.5015015015017,,False,14.971899999181915
3449,exp1-completion-paced,66,264,0.2731000004132511,1.2225999998918269,38.22370000034425,37.001100000452425,0.0380000001314329,26.79290000014589,500,546,18.581999999696563,26.836099999854923,False,546,0.0199999994947575,0.023200000214274,0.0188000003618071,7.8693999994357,0.1510000001871958,0.0307000000248081,18.581999999696563,0.1406999999744584,0.0,26.79290000014589,26.836099999854923,26.800099999491067,500,500,333.0,1501.5015015015017,,False,11.387600000489329
3450,exp1-completion-paced,66,264,0.2771999998003593,0.0524999995832331,31.549700000141456,31.497200000558223,0.0196999999388935,22.17339999970136,500,547,16.54049999979179,22.21949999966455,False,547,0.0195000002349843,0.0265999997282051,0.0184000000444939,5.310900000040419,0.1449999999749707,0.0282000000879634,16.54049999979179,0.1302000000578118,0.0,22.17339999970136,22.21949999966455,22.181799999998475,500,500,333.0,1501.5015015015017,,False,9.330200000476907
3451,exp1-completion-paced,66,264,0.2782000001388951,0.0831999996080412,30.80729999965115,30.72410000004311,0.0356000000465428,21.870200000194018,500,548,16.07049999984156,21.993100000145205,False,548,0.0202000001081614,0.1026999998430255,0.01810000048863,5.368199999793433,0.2452999997331062,0.0378000004275236,16.07049999984156,0.1300000003539025,0.0,21.870200000194018,21.993100000145205,21.955199999865727,500,500,333.0,1501.5015015015017,,False,8.814199999505945
3452,exp1-completion-paced,66,264,0.2684000000954256,1.238499999999476,33.73190000002069,32.49340000002121,0.0208000001293839,20.639999999730207,500,549,15.280600000551203,20.68679999956657,False,549,0.0216999997064704,0.0251000001298962,0.0173999997059581,5.0476000005801325,0.1353999996354105,0.0277999997706501,15.280600000551203,0.1309999997829436,0.0,20.639999999730207,20.68679999956657,20.6465000001117,500,500,333.0,1501.5015015015017,,False,13.045100000454116
3453,exp1-completion-paced,66,264,0.2730000005612965,0.7587999998577288,48.196099999586295,47.437299999728566,0.0237000003835419,26.110899999366666,500,550,19.378099999812548,26.18519999941782,False,550,0.0249999993684468,0.049300000682706,0.0185999997484032,6.15769999967597,0.2813999999489169,0.1314000001002568,19.378099999812548,0.1435000003766617,0.0,26.110899999366666,26.18519999941782,26.117899999917427,500,500,333.0,1501.5015015015017,,False,22.010900000168476
3454,exp1-completion-paced,66,264,0.2813000000969623,2.2265999996307078,42.64559999955964,40.41899999992893,0.0201999991986667,26.46770000046672,500,551,18.83020000059332,26.53879999979836,False,551,0.02299999960087,0.0480999997307662,0.0281000002360087,7.298599999558064,0.1399000002493267,0.0307000000248081,18.83020000059332,0.1399999991917866,0.0,26.46770000046672,26.53879999979836,26.496899999983725,500,500,333.0,1501.5015015015017,,False,16.106799999761282
3455,exp1-completion-paced,66,264,0.2609000002848916,2.745899999354151,39.5314999996117,36.785600000257546,0.0203999998120707,25.024300000040967,500,552,19.02700000027835,25.079400000322494,False,552,0.02050000057352,0.034599999708007,0.0185999997484032,5.465900000672264,0.2540999994380399,0.1210000000355648,19.02700000027835,0.1375000001644366,0.0,25.024300000040967,25.079400000322494,25.03210000031686,500,500,333.0,1501.5015015015017,,False,14.452099999289203
3456,exp1-completion-paced,66,264,0.4571999998006504,1.0489000005691196,38.007800000741554,36.958900000172434,0.0233000000662286,23.33770000041113,500,553,17.8581000000122,23.39959999972052,False,553,0.0305999992633587,0.0313000000460306,0.0184999998964485,5.151500000465603,0.1364999998259009,0.0301999998555402,17.8581000000122,0.14270000065153,0.0,23.33770000041113,23.39959999972052,23.34540000083507,500,500,333.0,1501.5015015015017,,False,14.608200001021032
3457,exp1-completion-paced,66,264,0.2690999999686028,2.827899999829242,42.78029999932187,39.95239999949263,0.0211999995372025,21.63329999984853,500,554,15.659900000173366,21.694499999284744,False,554,0.0192999996215803,0.0418999998146318,0.0272000006589223,5.643299999974261,0.1386999992973869,0.0319000000672531,15.659900000173366,0.132099999973434,0.0,21.63329999984853,21.694499999284744,21.65340000010474,500,500,333.0,1501.5015015015017,,False,21.085800000037125
3458,exp1-completion-paced,66,264,0.269299999672512,1.1420999999245396,35.72959999928571,34.58749999936117,0.0212000004466972,21.89480000015465,500,555,16.313799999807088,21.94189999954688,False,555,0.0213999992411118,0.0257000001511187,0.019099999917671,5.156199999873934,0.1409000005878624,0.029499999982363,16.313799999807088,0.2350000004298635,0.0,21.89480000015465,21.94189999954688,21.902800000134448,500,500,333.0,1501.5015015015017,,False,13.78769999973883
3459,exp1-completion-paced,66,264,0.2791999995679362,1.2238999997862263,31.09729999960109,29.873399999814865,0.0172999998540035,20.65020000009099,500,556,15.24379999955272,20.694100000582694,False,556,0.0212000004466972,0.0227000000450061,0.0183000001925393,5.063599999630242,0.1367000004393048,0.0307999998767627,15.24379999955272,0.1566999999340623,0.0,20.65020000009099,20.694100000582694,20.65760000004957,500,500,333.0,1501.5015015015017,,False,10.403199999018398
3460,exp1-completion-paced,66,264,0.282599999991362,5.236999999397085,32.09199999946577,26.855000000068685,0.0200999993467121,21.74639999975625,500,557,15.78330000029382,21.7941000000792,False,557,0.021799999558425,0.0259000007645227,0.0184999998964485,5.438599999251892,0.2588000006653601,0.1180999997814069,15.78330000029382,0.1288999992539174,0.0,21.74639999975625,21.7941000000792,21.75379999971483,500,500,333.0,1501.5015015015017,,False,10.29789999938657
3461,exp1-completion-paced,66,264,0.2665000001798034,2.752400000645139,33.693700000185345,30.94129999954021,0.0196999999388935,23.3382000005804,500,558,18.21109999946202,23.389400000269237,False,558,0.0288000001091859,0.0223999995796475,0.0188000003618071,4.812899999706133,0.1392000003761495,0.0299000002996763,18.21109999946202,0.1260999997612089,0.0,23.3382000005804,23.389400000269237,23.345599999629485,500,500,333.0,1501.5015015015017,,False,10.304299999916108
3462,exp1-completion-paced,66,264,0.269299999672512,1.150799999777519,27.94709999943734,26.796299999659823,0.0198999996428028,20.980100000087987,500,559,15.797000000020487,21.089199999551056,False,559,0.0819999995655962,0.027099999897473,0.017899999875226,4.870000000664732,0.1338999991276068,0.0296000007438124,15.797000000020487,0.1314000001002568,0.0,20.980100000087987,21.089199999551056,20.986500000617525,500,500,333.0,1501.5015015015017,,False,6.8578999998862855
3463,exp1-completion-paced,66,264,0.2862999999706517,1.2936000002810033,38.893300000381714,37.59970000010071,0.0264000000242958,20.9365999999136,500,560,15.489599999455097,20.9869999998773,False,560,0.0259999997069826,0.024400000256719,0.0201000002562068,5.130099999405502,0.1405000002705492,0.028500000553322,15.489599999455097,0.1276000002690125,0.0,20.9365999999136,20.9869999998773,20.94420000048558,500,500,333.0,1501.5015015015017,,False,17.906300000504416
3464,exp1-completion-paced,66,264,0.2658000003066263,4.181500000413507,45.70010000043112,41.518600000017614,0.0228999997489154,29.49300000000221,500,561,24.36760000000504,29.544199999691045,False,561,0.0226999991355114,0.028500000553322,0.0271999997494276,4.806200000530225,0.1348999994661426,0.0294000001304084,24.36760000000504,0.1275000004170579,0.0,29.49300000000221,29.544199999691045,29.50070000042615,500,500,333.0,1501.5015015015017,,False,16.155900000740075
3465,exp1-completion-paced,66,264,0.2752999998847372,2.720700000281795,29.07340000001568,26.35269999973389,0.0211999995372025,20.50859999962995,500,562,15.375400000266382,20.55949999976292,False,562,0.0189000002137618,0.0319999999192077,0.0184000000444939,4.832599999645026,0.132099999973434,0.0288999999611405,15.375400000266382,0.1210000000355648,0.0,20.50859999962995,20.55949999976292,20.513299999947776,500,500,333.0,1501.5015015015017,,False,8.513900000252761
3466,exp1-completion-paced,66,264,0.2563999996709754,1.739199999974517,39.68170000007376,37.94250000009925,0.0199000005522975,20.25529999991704,500,563,15.056100000037986,20.30529999956343,False,563,0.024199999643315,0.0258000000030733,0.0182000003405846,4.895999999462219,0.1353000006929505,0.0319999999192077,15.056100000037986,0.1174999997601844,0.0,20.25529999991704,20.30529999956343,20.262699999875625,500,500,333.0,1501.5015015015017,,False,19.37640000051033
3467,exp1-completion-paced,66,264,0.2743000004556961,0.0539000002390821,40.754999999990105,40.70109999975102,0.0182999992830446,31.712200000583834,500,564,26.08989999953337,31.75970000029338,False,564,0.0208999999813386,0.0265999997282051,0.0187000005098525,5.207299999710813,0.1467000001866836,0.0300000001516309,26.08989999953337,0.2193000000261236,0.0,31.712200000583834,31.75970000029338,31.72019999965414,500,500,333.0,1501.5015015015017,,False,8.995299999696726
3468,exp1-completion-paced,66,264,0.2712999994400888,2.245599999696424,33.6022999999841,31.356700000287677,0.0202000001081614,21.180400000048397,500,565,15.876200000093377,21.22640000015963,False,565,0.0211999995372025,0.0248000005740323,0.0173999997059581,4.9917999995159335,0.1385000005029724,0.030999999580672,15.876200000093377,0.1252000001841224,0.0,21.180400000048397,21.22640000015963,21.186899999520392,500,500,333.0,1501.5015015015017,,False,12.375899999824469
3469,exp1-completion-paced,66,264,0.275800000054005,0.0571000000491039,32.70140000040556,32.64430000035645,0.0264000000242958,22.054199999729462,500,566,16.06400000036956,22.109599999566854,False,566,0.0211999995372025,0.0342000003001885,0.0189000002137618,5.57570000000851,0.166999999237305,0.0335000004270114,16.06400000036956,0.1947999999174499,0.0,22.054199999729462,22.109599999566854,22.0619000001534,500,500,333.0,1501.5015015015017,,False,10.59180000083871
3470,exp1-completion-paced,66,264,0.2752000000327825,1.2551999998322572,36.58270000050834,35.32750000067608,0.0213000002986518,26.33640000021842,500,567,20.71849999992992,26.391399999738496,False,567,0.0247999996645376,0.0301999998555402,0.0198000007003429,5.20079999932932,0.139800000397372,0.0299000002996763,20.71849999992992,0.2273999998578801,0.0,26.33640000021842,26.391399999738496,26.34539999962726,500,500,333.0,1501.5015015015017,,False,10.191300000769843
3471,exp1-completion-paced,66,264,0.2727000000959378,2.742900000157533,29.06960000018444,26.326700000026904,0.0195000002349843,22.600799999963783,500,568,15.616399999998976,22.651199999927485,False,568,0.0197999997908482,0.0306000001728534,0.025600000299164,6.674199999906705,0.1451999996788799,0.0305000003208988,15.616399999998976,0.1087000000552507,0.0,22.600799999963783,22.651199999927485,22.61230000021897,500,500,333.0,1501.5015015015017,,False,6.4184000002569555
3472,exp1-completion-paced,66,264,0.2775000002657179,5.307500000526488,40.76080000049842,35.45329999997193,0.0215000000025611,30.03129999979137,500,569,23.98819999962143,30.116699999780398,False,569,0.0555999995413003,0.0298000004477216,0.0191999997696257,5.637899999783258,0.148799999806215,0.0300000001516309,23.98819999962143,0.2069000001938548,0.0,30.03129999979137,30.116699999780398,30.03959999932704,500,500,333.0,1501.5015015015017,,False,10.644100000718023
3473,exp1-completion-paced,66,264,0.2718999994613114,0.0559999998586135,48.14420000002429,48.08820000016567,0.0218000004679197,26.953599999615108,500,570,21.560399999543733,27.005599999938568,False,570,0.0243000004047644,0.0276999999186955,0.0196000000869389,5.092299999887473,0.1419999998688581,0.0293000002784538,21.560399999543733,0.1098000002457411,0.0,26.953599999615108,27.005599999938568,26.961900000060268,500,500,333.0,1501.5015015015017,,False,21.138600000085724
3474,exp1-completion-paced,66,264,0.2684999999473803,0.7272000002558343,60.57760000021517,59.850399999959336,0.0302999997074948,35.361800000828225,500,571,25.262400000428897,35.46660000029078,False,571,0.0674000002618413,0.0373999992007156,0.0277000008281902,9.583099999872502,0.2660000000105356,0.121499999295338,25.262400000428897,0.1007000000754487,0.0,35.361800000828225,35.46660000029078,35.37330000017391,500,500,333.0,1501.5015015015017,,False,25.11099999992439
3475,exp1-completion-paced,66,264,0.2825000001394073,0.0684000006003771,41.28399999990506,41.215599999304686,0.0218000004679197,27.31579999999667,500,572,18.29219999945053,27.368600000045262,False,572,0.0198999996428028,0.0329000004057888,0.0184999998964485,8.522899999661604,0.2665000001798034,0.1208000003316556,18.29219999945053,0.0946999998632236,0.0,27.31579999999667,27.368600000045262,27.322199999616718,500,500,333.0,1501.5015015015017,,False,13.915399999859801
3476,exp1-completion-paced,66,264,0.2738999992288882,0.0746999994589714,38.810000000012224,38.73530000055325,0.02050000057352,20.057400000041525,500,573,14.77840000006836,20.104600000195205,False,573,0.023200000214274,0.0239999999394058,0.017899999875226,4.971999999725085,0.1373000004605273,0.0308999997287173,14.77840000006836,0.1207000004797009,0.0,20.057400000041525,20.104600000195205,20.064800000000105,500,500,333.0,1501.5015015015017,,False,18.70539999981702
3477,exp1-completion-paced,66,264,0.2878000004784553,0.5926999992880155,42.61859999951412,42.0259000002261,0.0180999995791353,26.56070000011823,500,574,20.5562999999529,26.606700000229463,False,574,0.0208999999813386,0.0251000001298962,0.0187000005098525,5.4749000000811066,0.2570999995441525,0.1310999996348982,20.5562999999529,0.1224000006914138,0.0,26.56070000011823,26.606700000229463,26.569000000563392,500,500,333.0,1501.5015015015017,,False,16.011899999284655
3478,exp1-completion-paced,66,264,0.4649000002245884,2.0619999995687976,48.20079999990412,46.13880000033532,0.0201000002562068,35.94069999962812,500,575,26.148599999942235,36.01119999984803,False,575,0.0219000003198743,0.0485999999000341,0.0246999998125829,9.193300000333693,0.2690000001166481,0.1229999998031416,26.148599999942235,0.1818000000639585,0.0,35.94069999962812,36.01119999984803,35.951200000454264,500,500,333.0,1501.5015015015017,,False,12.189600000056089
3479,exp1-completion-paced,66,264,0.2770999999484047,0.0538000003871275,42.79500000029657,42.74119999990944,0.0395999995816964,28.75410000069678,500,576,20.929000000251108,28.80460000051244,False,576,0.0239999999394058,0.0264999998762505,0.0202999999601161,7.253400000081456,0.2512999999453313,0.1153000002886983,20.929000000251108,0.1844999997047125,0.0,28.75410000069678,28.80460000051244,28.762400000232446,500,500,333.0,1501.5015015015017,,False,13.990399999784128
3480,exp1-completion-paced,66,264,0.4591999995682272,2.497899999980291,47.139700000116136,44.641800000135845,0.0206999993679346,27.42330000000948,500,577,17.906199999742967,27.48909999991156,False,577,0.029499999982363,0.0362999999197199,0.0202999999601161,9.016800000608782,0.2662999995663995,0.122899999951187,17.906199999742967,0.0906000004761153,0.0,27.42330000000948,27.48909999991156,27.43199999986245,500,500,333.0,1501.5015015015017,,False,19.650600000204577
3481,exp1-completion-paced,66,264,0.4535000007308554,1.1270999993939768,34.91380000014033,33.78670000074635,0.0319000000672531,23.325000000113505,500,578,18.11550000002171,23.36850000028789,False,578,0.0190000000657164,0.0245000001086737,0.0182000003405846,4.806699999789998,0.1376999998683459,0.0335000004270114,18.11550000002171,0.2129999993485398,0.0,23.325000000113505,23.36850000028789,23.33209999960673,500,500,333.0,1501.5015015015017,,False,11.545299999852435
3482,exp1-completion-paced,66,264,0.2653999999893131,0.0473000000056345,39.62339999998221,39.57609999997658,0.0206000004254747,22.70080000016605,500,579,17.442299999856914,22.75660000032076,False,579,0.0215000000025611,0.0343000001521431,0.0178000000232714,4.9593000003369525,0.137400000312482,0.0314999997499398,17.442299999856914,0.1124000000345404,0.0,22.70080000016605,22.75660000032076,22.70649999991292,500,500,333.0,1501.5015015015017,,False,16.866799999661453
3483,exp1-completion-paced,66,264,0.2605999998195329,1.2293999998291838,26.70249999937369,25.4730999995445,0.0197999997908482,20.212700000229237,500,580,15.189700000519224,20.270800000616877,False,580,0.0211000005947425,0.0369999997928971,0.0190000000657164,4.735599999548867,0.1326000001427019,0.0301999998555402,15.189700000519224,0.1051999997798702,0.0,20.212700000229237,20.270800000616877,20.2209999997649,500,500,333.0,1501.5015015015017,,False,6.431699998756812
3484,exp1-completion-paced,66,264,0.2764999999271822,1.223299999765004,42.15609999937442,40.932799999609415,0.0204999996640253,27.35000000029686,500,581,20.275899999433022,27.39579999979469,False,581,0.0212999993891571,0.0245000001086737,0.01810000048863,6.5785999995569,0.2652000002854038,0.1128000003518536,20.275899999433022,0.0992000004771398,0.0,27.35000000029686,27.39579999979469,27.357599999959348,500,500,333.0,1501.5015015015017,,False,14.760299999579729
3485,exp1-completion-paced,66,264,0.2812000002450077,0.0615999997535254,47.49100000026374,47.42940000051021,0.016900000446185,33.60560000055557,500,582,24.67900000010559,33.65070000018022,False,582,0.0215999998545157,0.0234999997701379,0.0188000003618071,8.444299999609939,0.248700000156532,0.1158000004579662,24.67900000010559,0.0987999992503319,0.0,33.60560000055557,33.65070000018022,33.61199999926612,500,500,333.0,1501.5015015015017,,False,13.840300000083516
3486,exp1-completion-paced,66,264,0.2660999998624902,1.2171999997008245,43.82299999997485,42.60580000027403,0.0208999999813386,25.95139999993989,500,583,20.77579999968293,25.99089999966964,False,583,0.017899999875226,0.0215999998545157,0.0176000003193621,4.767399999764166,0.1327999998466111,0.0298000004477216,20.77579999968293,0.2277000003232387,0.0,25.95139999993989,25.99089999966964,25.958000000173342,500,500,333.0,1501.5015015015017,,False,17.832100000305207
3487,exp1-completion-paced,66,264,0.2786000004562083,1.2212999999974272,44.85079999994923,43.62949999995181,0.0196999999388935,21.16959999966639,500,584,15.838499999517808,21.214700000200537,False,584,0.0184999998964485,0.0266000006376998,0.0181999994310899,5.042600000706443,0.1382999998895684,0.029499999982363,15.838499999517808,0.102300000435207,0.0,21.16959999966639,21.214700000200537,21.17739999994228,500,500,333.0,1501.5015015015017,,False,23.636099999748694
3488,exp1-completion-paced,66,264,0.2708000001803157,0.0670000008540228,30.17890000046464,30.11189999961061,0.0189000002137618,20.879300000160583,500,585,15.555099999801314,20.925499999975727,False,585,0.022000000171829,0.024199999643315,0.0174999995579128,5.031100000451261,0.1425999998900806,0.0317000003633438,15.555099999801314,0.1010999994832673,0.0,20.879300000160583,20.925499999975727,20.88679999997112,500,500,333.0,1501.5015015015017,,False,9.253400000488913
3489,exp1-completion-paced,66,264,0.4434000002220273,1.0462999998708256,39.98520000004646,38.93890000017564,0.019099999917671,21.43199999954959,500,586,15.022399999907066,21.475999999893247,False,586,0.0187000005098525,0.0252999998338054,0.0178000000232714,6.124100000306498,0.1440999994883895,0.0318000002152984,15.022399999907066,0.091699999757111,0.0,21.43199999954959,21.475999999893247,21.439499999360123,500,500,333.0,1501.5015015015017,,False,18.509200000153214
3490,exp1-completion-paced,66,264,0.2600999996502651,0.0545000002603046,36.15520000039396,36.100700000133656,0.019099999917671,22.065000000111468,500,587,15.202100000351493,22.11410000018077,False,587,0.0227000000450061,0.0264000000242958,0.0183000001925393,6.550500000230386,0.1417000003129942,0.0310999994326266,15.202100000351493,0.1210000000355648,0.0,22.065000000111468,22.11410000018077,22.073500000260537,500,500,333.0,1501.5015015015017,,False,14.041100000213191
3491,exp1-completion-paced,66,264,0.2764999999271822,1.2133000000176253,31.17010000005393,29.95680000003631,0.0188000003618071,21.097099999678903,500,588,15.797699999893666,21.13860000008572,False,588,0.019099999917671,0.0224000004891422,0.0184000000444939,4.982999999811,0.1360999995085876,0.0303000006169895,15.797699999893666,0.1314000001002568,0.0,21.097099999678903,21.13860000008572,21.10420000008162,500,500,333.0,1501.5015015015017,,False,10.031499999968212
3492,exp1-completion-paced,66,264,0.2875999998650513,1.2013999994451297,45.17959999975574,43.97820000031061,0.0202999999601161,24.39750000030472,500,589,15.624199999365374,24.44009999999253,False,589,0.0184000000444939,0.024199999643315,0.0172999998540035,8.267300000625255,0.2528999993955949,0.1212000006489688,15.624199999365374,0.1142999999501626,0.0,24.39750000030472,24.44009999999253,24.404499999945983,500,500,333.0,1501.5015015015017,,False,20.739499999763208
3493,exp1-completion-paced,66,264,0.2724999994825339,4.273900000043795,33.701899999869056,29.42799999982526,0.0177000001713167,20.95050000025367,500,590,15.37800000005518,20.99379999981465,False,590,0.0186999996003578,0.0245999999606283,0.0246999998125829,5.2615000004152535,0.1388000000588363,0.0284999996438273,15.37800000005518,0.1188000005640788,0.0,20.95050000025367,20.99379999981465,20.95830000052956,500,500,333.0,1501.5015015015017,,False,12.708100000054404
3494,exp1-completion-paced,66,264,0.2775000002657179,0.0702999996065045,32.01809999973193,31.947800000125422,0.0185000008059432,20.50050000070769,500,591,15.339200000198616,20.59080000071845,False,591,0.0562000004720175,0.0340999995387392,0.0177000001713167,4.843200000323122,0.135999999656633,0.0289999998130952,15.339200000198616,0.1351999999315012,0.0,20.50050000070769,20.59080000071845,20.50839999992604,500,500,333.0,1501.5015015015017,,False,11.427299999013481
3495,exp1-completion-paced,66,264,0.2563999996709754,0.05440000040835,38.74199999972916,38.68759999932081,0.0185000008059432,20.88400000047841,500,592,15.776000000187196,20.926799999870127,False,592,0.0196000000869389,0.0231999993047793,0.0172000000020489,4.815300000700518,0.1346999997622333,0.0298999993901816,15.776000000187196,0.1105000001189182,0.0,20.88400000047841,20.926799999870127,20.890300000246494,500,500,333.0,1501.5015015015017,,False,17.815199999859033
3496,exp1-completion-paced,66,264,0.2807000000757398,1.2037999995300197,31.56200000012177,30.35820000059175,0.0276000000667409,23.5117000001992,500,593,17.264199999772245,23.56060000056459,False,593,0.0226000001930515,0.0263000001723412,0.0168999995366903,5.708700000468525,0.2798999994411133,0.121900000522146,17.264199999772245,0.1198999998450744,0.0,23.5117000001992,23.56060000056459,23.5168999997768,500,500,333.0,1501.5015015015017,,False,8.00139999955718
3497,exp1-completion-paced,66,264,0.2807000000757398,4.251299999850744,38.22579999996378,33.97450000011304,0.0215999998545157,19.77510000051552,500,594,14.662299999145034,19.86269999997603,False,594,0.0202999999601161,0.067299999500392,0.0331999999616527,4.794600000423088,0.1367000004393048,0.0301000000035855,14.662299999145034,0.118000000838947,0.0,19.77510000051552,19.86269999997603,19.80290000028617,500,500,333.0,1501.5015015015017,,False,18.363099999987753
3498,exp1-completion-paced,66,264,0.2750000003288733,0.7467000004908186,35.26120000060473,34.51450000011391,0.0203999998120707,21.1501000003409,500,595,15.646599999854516,21.195300000727,False,595,0.0196000000869389,0.025600000299164,0.0184999998964485,5.180099999961385,0.1397000005454174,0.046499999371008,15.646599999854516,0.1185000000987201,0.0,21.1501000003409,21.195300000727,21.15719999983412,500,500,333.0,1501.5015015015017,,False,14.065899999877733
3499,exp1-completion-paced,66,264,0.2732000002652057,1.229800000146497,30.57300000000396,29.34319999985746,0.0184000000444939,21.875399999771616,500,596,16.297100000883802,21.920700000009678,False,596,0.0198999996428028,0.0254000005952548,0.0179999997271806,5.263300000478921,0.1448999992135213,0.0319999999192077,16.297100000883802,0.1198999998450744,0.0,21.875399999771616,21.920700000009678,21.882600000026287,500,500,333.0,1501.5015015015017,,False,8.652299999994284
3500,exp1-completion-paced,66,264,0.2718999994613114,1.2124000004405389,30.60379999988072,29.391399999440186,0.0190000000657164,20.511800000349467,500,597,15.39189999948576,20.55830000062997,False,597,0.0224000004891422,0.0240999997913604,0.0188000003618071,4.826499999580847,0.1391000005241949,0.03870000000461,15.39189999948576,0.0965999997788458,0.0,20.511800000349467,20.55830000062997,20.5190999995466,500,500,333.0,1501.5015015015017,,False,10.045499999250751
3501,exp1-completion-paced,66,264,0.2798000004986534,4.274199999599659,37.57599999971717,33.30180000011751,0.0214000001506065,20.04579999993439,500,598,14.601600000787585,20.1004999998986,False,598,0.0228999997489154,0.0318000002152984,0.0195000002349843,5.13890000001993,0.1437999999325256,0.0316999994538491,14.601600000787585,0.1099999999496503,0.0,20.04579999993439,20.1004999998986,20.053100000041013,500,500,333.0,1501.5015015015017,,False,17.47549999981857
3502,exp1-completion-paced,66,264,0.279699999737204,0.0865000001795124,48.27579999982845,48.18929999964894,0.0221000000237836,24.13479999995616,500,599,18.17940000000817,24.19559999998455,False,599,0.0245999999606283,0.0362000000677653,0.0194999993254896,5.628200000501238,0.1425999998900806,0.0280000003840541,18.17940000000817,0.1368999992337194,0.0,24.13479999995616,24.19559999998455,24.14259999932256,500,500,333.0,1501.5015015015017,,False,24.0801999998439
3503,exp1-completion-paced,66,264,0.2838999998857616,1.2703000002147746,34.588699999403616,33.31839999918884,0.0195000002349843,23.88460000020132,500,600,18.546299999798062,23.929599999974016,False,600,0.0198999996428028,0.0251000001298962,0.0195000002349843,5.018799999561452,0.1377000007778406,0.0298999993901816,18.546299999798062,0.132300000586838,0.0,23.88460000020132,23.929599999974016,23.89219999986381,500,500,333.0,1501.5015015015017,,False,10.6590999994296
3504,exp1-completion-paced,66,264,0.2762999993137782,2.2384000003512483,38.15649999978632,35.91809999943507,0.0228000008064555,25.51919999950769,500,601,20.062900000084483,25.58599999974831,False,601,0.0405000000682775,0.0263000001723412,0.0179999997271806,5.022100000132923,0.1409999995303223,0.0294000001304084,20.062900000084483,0.2455000003465102,0.0,25.51919999950769,25.58599999974831,25.526600000375765,500,500,333.0,1501.5015015015017,,False,12.57050000003801
3505,exp1-completion-paced,66,264,0.2628000002005137,1.2362999996184951,28.176399999210844,26.94009999959235,0.0186999996003578,21.11079999940557,500,602,15.12070000080712,21.156499999960943,False,602,0.0198000007003429,0.025899999855028,0.0186999996003578,5.700499999875319,0.1424000001861713,0.0277999997706501,15.12070000080712,0.1004999994620448,0.0,21.11079999940557,21.156499999960943,21.1183000001256,500,500,333.0,1501.5015015015017,,False,7.019899999249901
3506,exp1-completion-paced,66,264,0.2801999999064719,1.2385999998514308,35.08010000041395,33.84150000056252,0.0295999998343177,22.85560000018449,500,603,17.860599999949045,22.901899999851597,False,603,0.0215999998545157,0.0246999998125829,0.0176000003193621,4.703799999333569,0.1353000006929505,0.0295999998343177,17.860599999949045,0.1083999995898921,0.0,22.85560000018449,22.901899999851597,22.862499999973807,500,500,333.0,1501.5015015015017,,False,12.178200000562352
3507,exp1-completion-paced,66,264,0.2744000003076507,2.233499999420019,42.9082999999082,40.674800000488176,0.0284999996438273,32.95400000024529,500,604,23.98799999991752,32.99729999980627,False,604,0.0192999996215803,0.0239999999394058,0.0178000000232714,8.43669999994745,0.2688000004127389,0.1214000003528781,23.98799999991752,0.1210999998875195,0.0,32.95400000024529,32.99729999980627,32.96130000035191,500,500,333.0,1501.5015015015017,,False,9.911000000101929
3508,exp1-completion-paced,66,264,0.2856000000974745,0.1353999996354105,38.29229999973904,38.15690000010363,0.0212000004466972,21.296699999766133,500,605,15.84790000015346,21.363799999562616,False,605,0.0245999999606283,0.0424999998358543,0.0188000003618071,5.141599999660684,0.1420999997208127,0.0304000004689442,15.84790000015346,0.1156999996965169,0.0,21.296699999766133,21.363799999562616,21.30360000046494,500,500,333.0,1501.5015015015017,,False,16.928500000176427
3509,exp1-completion-paced,66,264,0.2757000002020504,2.7529999997568666,30.674799999360403,27.921799999603536,0.0188999993042671,21.893199999794888,500,606,16.557599999941885,21.935900000244143,False,606,0.0184999998964485,0.0242000005528097,0.0187999994523124,5.019700000048033,0.1418000001649488,0.0299000002996763,16.557599999941885,0.1253000000360771,0.0,21.893199999794888,21.935900000244143,21.900599999753467,500,500,333.0,1501.5015015015017,,False,8.73889999911626
3510,exp1-completion-paced,66,264,0.4543999993984471,0.0678999995216145,37.93379999933677,37.86589999981516,0.0206999993679346,28.067700000065088,500,607,18.78099999976257,28.1105000003663,False,607,0.0195000002349843,0.0233000000662286,0.0192999996215803,8.758200000556826,0.2555999999458436,0.117599999612139,18.78099999976257,0.1357000001007691,0.0,28.067700000065088,28.1105000003663,28.074699999706358,500,500,333.0,1501.5015015015017,,False,9.82329999897047
3511,exp1-completion-paced,66,264,0.274800000624964,1.2153000006946968,35.13500000008207,33.919699999387376,0.0186999996003578,20.48680000007153,500,608,15.347499999734282,20.52939999975933,False,608,0.02059999951598,0.022000000171829,0.017899999875226,4.831199999898672,0.1350000002275919,0.028500000553322,15.347499999734282,0.1265000000785221,0.0,20.48680000007153,20.52939999975933,20.493500000156928,500,500,333.0,1501.5015015015017,,False,14.605600000322742
3512,exp1-completion-paced,66,264,0.2768999993350007,0.7073999995554914,32.0664000000761,31.35900000052061,0.0200000004042522,22.35969999946974,500,609,16.62560000022495,22.40709999932733,False,609,0.0223999995796475,0.0250000002779415,0.0172999998540035,5.399200000283599,0.1424000001861713,0.0306999991153134,16.62560000022495,0.1440000005459296,0.0,22.35969999946974,22.40709999932733,22.36710000033781,500,500,333.0,1501.5015015015017,,False,9.659300000748772
3513,exp1-completion-paced,66,264,0.2779999995254911,1.2194999999337597,36.60619999936898,35.38669999943522,0.0194000003830296,21.82930000071792,500,610,16.349699999409495,21.884000000682136,False,610,0.028500000553322,0.0261999994108919,0.0175000004674075,5.168900000171561,0.1388999999107909,0.0282000000879634,16.349699999409495,0.1259000000572996,0.0,21.82930000071792,21.884000000682136,21.83710000008432,500,500,333.0,1501.5015015015017,,False,14.722199998686847
3514,exp1-completion-paced,66,264,0.2856000000974745,1.2306999997235837,38.1532999999763,36.92260000025272,0.0378000004275236,21.80570000018633,500,611,16.37490000030084,21.8550999998115,False,611,0.023200000214274,0.0261999994108919,0.017899999875226,5.118000000038592,0.1383000007990631,0.0278999996226048,16.37490000030084,0.1284999998460989,0.0,21.80570000018633,21.8550999998115,21.81410000048345,500,500,333.0,1501.5015015015017,,False,16.298200000164798
3515,exp1-completion-paced,66,264,0.2785000006042537,1.207799999974668,30.71970000019064,29.511900000215974,0.0367000002370332,20.68570000028558,500,612,15.399300000353833,20.74700000048324,False,612,0.0368999999409425,0.024400000256719,0.0184000000444939,4.974399999809975,0.1362000002700369,0.0297999995382269,15.399300000353833,0.1272999998036539,0.0,20.68570000028558,20.74700000048324,20.692899999630757,500,500,333.0,1501.5015015015017,,False,9.972699999707402
3516,exp1-completion-paced,66,264,0.2795000000332948,1.2242000002515852,31.08360000078392,29.85940000053233,0.0184000000444939,21.66209999995772,500,613,16.241500000433007,21.70380000006844,False,613,0.0177000001713167,0.0239999999394058,0.0181999994310899,5.104300000311923,0.1348999994661426,0.0298000004477216,16.241500000433007,0.133099999402475,0.0,21.66209999995772,21.70380000006844,21.668399999725807,500,500,333.0,1501.5015015015017,,False,9.37980000071548
3517,exp1-completion-paced,66,264,0.2814999998008716,0.7500000001527951,39.66889999992418,38.91889999977138,0.0218000004679197,23.646499999813383,500,614,18.134700000700832,23.69350000026316,False,614,0.0209999998332932,0.0260000006164773,0.0178000000232714,5.142199999681907,0.1740999996400205,0.0509999999849242,18.134700000700832,0.1265000000785221,0.0,23.646499999813383,23.69350000026316,23.65430000008928,500,500,333.0,1501.5015015015017,,False,15.975399999661018
3518,exp1-completion-paced,66,264,0.2751000001808279,1.2295000005906331,37.810300000273855,36.58079999968322,0.0185999997484032,23.845800000344752,500,615,17.543799999657494,23.89969999967434,False,615,0.0231999993047793,0.0307000000248081,0.0179000007847207,5.98329999957059,0.1399000002493267,0.0314999997499398,17.543799999657494,0.1290000000153668,0.0,23.845800000344752,23.89969999967434,23.853699999563105,500,500,333.0,1501.5015015015017,,False,13.910600000599516
3519,exp1-completion-paced,66,264,0.2803999996103812,2.7189000002181274,45.68769999968936,42.96879999947123,0.0211999995372025,22.85459999984596,500,616,17.281399999774294,22.915200000170444,False,616,0.0263000001723412,0.0343000001521431,0.0211999995372025,5.247099999905913,0.1432999997632578,0.032400000236521,17.281399999774294,0.1290000000153668,0.0,22.85459999984596,22.915200000170444,22.86379999986821,500,500,333.0,1501.5015015015017,,False,22.772499999518914
3520,exp1-completion-paced,66,264,0.2805000003718305,0.0774000000092201,30.085600000347767,30.008200000338547,0.0303999995594494,21.872500000426957,500,617,16.157600000042294,21.92379999996774,False,617,0.0224999994316021,0.0288000001091859,0.0183000001925393,5.3924000003462425,0.1360999995085876,0.0300000001516309,16.157600000042294,0.1378999995722551,0.0,21.872500000426957,21.92379999996774,21.88059999934921,500,500,333.0,1501.5015015015017,,False,8.161800000380026
3521,exp1-completion-paced,66,264,0.2747000007730094,4.7573000001648325,37.65209999983199,32.89479999966716,0.0184999998964485,23.10159999979078,500,618,17.57110000016837,23.142999999436142,False,618,0.0191999997696257,0.0221999998757382,0.0165999999808263,5.21889999981795,0.138600000354927,0.028299999939918,17.57110000016837,0.1278999998248764,0.0,23.10159999979078,23.142999999436142,23.10800000032032,500,500,333.0,1501.5015015015017,,False,14.509100000395847
3522,exp1-completion-paced,66,264,0.2803000006679212,1.18670000028942,41.18010000001959,39.99339999973017,0.0313999998979852,29.808500000399363,500,619,19.18830000067828,29.86990000044898,False,619,0.0227999998969608,0.0386000001526554,0.0179999997271806,10.086600000249746,0.2628000002005137,0.1249999995707185,19.18830000067828,0.1275999993595178,0.0,29.808500000399363,29.86990000044898,29.82849999989412,500,500,333.0,1501.5015015015017,,False,11.310199999570614
3523,exp1-completion-paced,66,264,0.2789000000120722,1.1445000000094296,33.06499999962398,31.92049999961455,0.0215000000025611,23.31390000017564,500,620,17.745900000591064,23.35670000047685,False,620,0.0190000000657164,0.0238000002354965,0.0186999996003578,5.128300000251329,0.1387000002068816,0.0303999995594494,17.745900000591064,0.2515999995011952,0.0,23.31390000017564,23.35670000047685,23.321699999542037,500,500,333.0,1501.5015015015017,,False,9.70829999914713
3524,exp1-completion-paced,66,264,0.2607000005809823,1.2326999994911605,36.616399999729765,35.383700000238605,0.0296000007438124,22.49359999950684,500,621,16.51990000027581,22.5388999997449,False,621,0.0228999997489154,0.0224000004891422,0.0174999995579128,5.505099999936647,0.1830999999583582,0.0319999999192077,16.51990000027581,0.2357000003030407,0.0,22.49359999950684,22.5388999997449,22.501200000078825,500,500,333.0,1501.5015015015017,,False,14.077499999984866
3525,exp1-completion-paced,66,264,0.3282999996372382,1.1641000000963686,30.432800000198768,29.2687000001024,0.0189000002137618,21.415600000182167,500,622,15.709199999946575,21.46360000006098,False,622,0.0218999994103796,0.0261000004684319,0.0173999997059581,5.398299999797018,0.1379000004817498,0.0301000000035855,15.709199999946575,0.1224999996338738,0.0,21.415600000182167,21.46360000006098,21.423199999844652,500,500,333.0,1501.5015015015017,,False,8.96920000013779
3526,exp1-completion-paced,66,264,0.2807999999276944,1.1914999995497055,45.21889999978157,44.02740000023186,0.0182000003405846,23.045900000397523,500,623,17.291199999817763,23.12449999953969,False,623,0.0210999996852478,0.0574999994569225,0.0187000005098525,5.436800000097719,0.1420999997208127,0.0301999998555402,17.291199999817763,0.1266000008399714,0.0,23.045900000397523,23.12449999953969,23.05400000022928,500,500,333.0,1501.5015015015017,,False,22.09440000024188
3527,exp1-completion-paced,66,264,0.2805000003718305,1.2856000003012014,46.301800000037474,45.01619999973627,0.0214000001506065,27.055900000050315,500,624,17.523399999845424,27.10320000005595,False,624,0.0207000002774293,0.0265999997282051,0.0196000000869389,9.208100000250852,0.1407999998264131,0.0297999995382269,17.523399999845424,0.1340000007985509,0.0,27.055900000050315,27.10320000005595,27.06390000003012,500,500,333.0,1501.5015015015017,,False,19.198599999981525
3528,exp1-completion-paced,66,264,0.2999999996973201,2.779799999188981,45.41599999993196,42.636200000742974,0.0202000001081614,22.732899999937217,500,625,16.247200000179873,22.77700000013283,False,625,0.0185999997484032,0.0255000004472094,0.017899999875226,5.929300000389048,0.2909999993789824,0.1385000005029724,16.247200000179873,0.1087999999072053,0.0,22.732899999937217,22.77700000013283,22.7392000006148,500,500,333.0,1501.5015015015017,,False,22.638999999799132
3529,exp1-completion-paced,66,264,0.275800000054005,5.776500000138185,30.697199999849545,24.92069999971136,0.0211000005947425,20.778099999915867,500,626,15.2405999997427,20.82350000000588,False,626,0.0200999993467121,0.0253000007433001,0.0426999995397636,5.205800000112504,0.1390999996147002,0.0296000007438124,15.2405999997427,0.1200999995489837,0.0,20.778099999915867,20.82350000000588,20.785699999578355,500,500,333.0,1501.5015015015017,,False,9.873699999843666
3530,exp1-completion-paced,66,264,0.2559000004112022,1.2412000005497248,29.624300000250518,28.38309999970079,0.0540999999429914,20.46259999951872,500,627,15.183800000158952,20.51179999943997,False,627,0.0220999991142889,0.0271000008069677,0.0179999997271806,4.986099999769067,0.1367000004393048,0.0314999997499398,15.183800000158952,0.1062999999703606,0.0,20.46259999951872,20.51179999943997,20.4702000000907,500,500,333.0,1501.5015015015017,,False,9.112500000810549
3531,exp1-completion-paced,66,264,0.4441000000952044,2.110299999912968,37.58800000014162,35.47770000022865,0.0409000003855908,25.351899999805028,500,628,16.72789999975066,25.39569999953528,False,628,0.0203999998120707,0.0233999999181833,0.0174000006154528,8.131899999170855,0.2647000001161359,0.119000000267988,16.72789999975066,0.0908000001800246,0.0,25.351899999805028,25.39569999953528,25.35890000035579,500,500,333.0,1501.5015015015017,,False,12.192300000606338
3532,exp1-completion-paced,66,264,0.2781999992294004,2.7614999999059364,35.23399999994581,32.47250000003987,0.01810000048863,23.199899999781337,500,629,18.149600000469945,23.26039999934437,False,629,0.0224999994316021,0.0380000001314329,0.0179999997271806,4.768600000716106,0.1367999993817648,0.0300000001516309,18.149600000469945,0.0966999996308004,0.0,23.199899999781337,23.26039999934437,23.20669999971869,500,500,333.0,1501.5015015015017,,False,11.97360000060144
3533,exp1-completion-paced,66,264,0.2703000000110478,1.2307000006330782,29.12670000023354,27.895999999600463,0.0202999999601161,22.27729999958683,500,630,17.176000000290514,22.31989999927464,False,630,0.0182999992830446,0.0243000004047644,0.0184999998964485,4.827900000236696,0.1323999995292979,0.0288000001091859,17.176000000290514,0.0934999998207786,0.0,22.27729999958683,22.31989999927464,22.28459999969345,500,500,333.0,1501.5015015015017,,False,6.806800000958901
3534,exp1-completion-paced,66,264,0.2905000001192093,1.2445000002117013,43.72119999970892,42.476699999497214,0.0185999997484032,21.124999999301508,500,631,15.872400000262132,21.172899999328365,False,631,0.0196999999388935,0.0282000000879634,0.0184999998964485,4.969300000084331,0.1436999991710763,0.0301000000035855,15.872400000262132,0.0906000004761153,0.0,21.124999999301508,21.172899999328365,21.13270000063494,500,500,333.0,1501.5015015015017,,False,22.548300000380557
3535,exp1-completion-paced,66,264,0.2762000003713183,1.2329999999565189,34.08269999999902,32.8497000000425,0.0188000003618071,21.000400000048103,500,632,15.942500000164728,21.043700000518584,False,632,0.0196000000869389,0.0237000003835419,0.0175999994098674,4.775600000357372,0.1314000001002568,0.0315999996018945,15.942500000164728,0.1014999998005805,0.0,21.000400000048103,21.043700000518584,21.0068999995201,500,500,333.0,1501.5015015015017,,False,13.038999999480438
3536,exp1-completion-paced,66,264,0.2766000006886315,1.2162000002717832,29.70040000036533,28.48420000009355,0.0194000003830296,22.90389999961917,500,633,16.824299999825598,22.950699999455537,False,633,0.0210999996852478,0.0257000001511187,0.0172000000020489,5.774100000053295,0.1381000001856591,0.0296999996862723,16.824299999825598,0.1204000000143423,0.0,22.90389999961917,22.950699999455537,22.910800000317977,500,500,333.0,1501.5015015015017,,False,6.749700000909794
3537,exp1-completion-paced,66,264,0.2639000003910041,0.0495999993290752,33.18389999913052,33.13429999980144,0.0172999998540035,20.587300000443065,500,634,15.58169999952952,20.63650000036432,False,634,0.025899999855028,0.0233000000662286,0.0170000002981396,4.723099999864644,0.1341999995929654,0.0302000007650349,15.58169999952952,0.100899999779358,0.0,20.587300000443065,20.63650000036432,20.593499999449705,500,500,333.0,1501.5015015015017,,False,12.547399998766195
3538,exp1-completion-paced,66,264,0.2769000002444954,1.141499999903317,37.10210000008374,35.96060000018042,0.0188999993042671,20.793400000002293,500,635,15.63010000063514,20.88530000037281,False,635,0.066000000515487,0.025899999855028,0.0184999998964485,4.880500000581378,0.1336999994236976,0.029499999982363,15.63010000063514,0.100899999779358,0.0,20.793400000002293,20.88530000037281,20.800799999960876,500,500,333.0,1501.5015015015017,,False,16.21679999971093
3539,exp1-completion-paced,66,264,0.3785999997489853,3.212300000086543,37.07790000044042,33.86560000035388,0.0267999994321144,20.6028000002334,500,636,15.425100000356906,20.66829999967013,False,636,0.0430000000051222,0.0224999994316021,0.0180000006366753,4.878899999312125,0.1394000000800588,0.0282000000879634,15.425100000356906,0.1130000000557629,0.0,20.6028000002334,20.66829999967013,20.60870000059367,500,500,333.0,1501.5015015015017,,False,16.409600000770293
3540,exp1-completion-paced,66,264,0.3050000004805042,3.190700000232028,36.13010000026407,32.93940000003204,0.0189000002137618,20.18469999984518,500,637,15.141599999878965,20.231499999681542,False,637,0.021799999558425,0.0250000002779415,0.0182000003405846,4.758099999889964,0.1369000001432141,0.0297999995382269,15.141599999878965,0.0999000003503169,0.0,20.18469999984518,20.231499999681542,20.19110000037472,500,500,333.0,1501.5015015015017,,False,15.89860000058253
3541,exp1-completion-paced,66,264,0.2615000003061141,1.1909000004379775,32.56020000026183,31.36929999982385,0.0198000007003429,20.277399999940823,500,638,15.35009999952308,20.320799999353767,False,638,0.0193999994735349,0.0239999999394058,0.0170000002981396,4.634599999917555,0.1352999997834558,0.0396000004911911,15.35009999952308,0.1006000002234941,0.0,20.277399999940823,20.320799999353767,20.284000000174277,500,500,333.0,1501.5015015015017,,False,12.239400000908063
3542,exp1-completion-paced,66,264,0.2738999992288882,1.221399999849382,40.67080000004353,39.44940000019415,0.0180000006366753,21.18869999958406,500,639,15.931500000078811,21.429499999612744,False,639,0.0213000002986518,0.2194999997300328,0.034800000321411,4.951899999468878,0.1382000000376138,0.0304000004689442,15.931500000078811,0.1016999995044898,0.0,21.18869999958406,21.429499999612744,21.223599999757425,500,500,333.0,1501.5015015015017,,False,19.241300000430783
3543,exp1-completion-paced,66,264,0.2844000000550295,0.0506000005771056,38.73470000053203,38.68409999995493,0.0182999992830446,21.030799999607552,500,640,15.77369999995426,21.085999999741038,False,640,0.0216999997064704,0.0335000004270114,0.0178000000232714,4.861800000071526,0.1366999995298101,0.0289999998130952,15.77369999995426,0.2116000005116802,0.0,21.030799999607552,21.085999999741038,21.037999999862222,500,500,333.0,1501.5015015015017,,False,17.648700000790992
3544,exp1-completion-paced,66,264,0.2747999997154693,1.2342999998509183,33.742200000233424,32.507900000382506,0.017899999875226,20.056499999554944,500,641,14.821200000369572,20.104299999729847,False,641,0.0219000003198743,0.025899999855028,0.0177000001713167,4.944899999827612,0.1407999998264131,0.0301999998555402,14.821200000369572,0.1014999998005805,0.0,20.056499999554944,20.104299999729847,20.06369999980961,500,500,333.0,1501.5015015015017,,False,13.637900000503578
3545,exp1-completion-paced,66,264,0.2812000002450077,1.195100000586535,39.101400000618014,37.90630000003148,0.019099999917671,24.3663999999626,500,642,15.835999999580965,24.407300000348187,False,642,0.0186000006578979,0.0222999997276929,0.0177000001713167,8.249599999544444,0.1413999998476356,0.0304000004689442,15.835999999580965,0.0911000006453832,0.0,24.3663999999626,24.407300000348187,24.373100000048,500,500,333.0,1501.5015015015017,,False,14.694100000269827
3546,exp1-completion-paced,66,264,0.2897999993365374,2.250800000183517,36.68839999954798,34.437599999364465,0.0194999993254896,22.8834999998071,500,643,17.792999999983294,22.92790000046807,False,643,0.0187000005098525,0.0257000001511187,0.0180999995791353,4.815199999939068,0.1379000004817498,0.029499999982363,17.792999999983294,0.0894999993761302,0.0,22.8834999998071,22.92790000046807,22.89039999959641,500,500,333.0,1501.5015015015017,,False,13.760499999079912
3547,exp1-completion-paced,66,264,0.2661999997144448,1.2410999997882757,35.16419999959908,33.9230999998108,0.0196999999388935,20.995400000174413,500,644,15.891000000010536,21.038200000475623,False,644,0.0198000007003429,0.02299999960087,0.0176000003193621,4.811899999367597,0.135900000714173,0.0303999995594494,15.891000000010536,0.1082999997379374,0.0,20.995400000174413,21.038200000475623,21.001399999477144,500,500,333.0,1501.5015015015017,,False,14.125999999123454
3548,exp1-completion-paced,66,264,0.2789000000120722,2.7075999996668543,31.51950000028592,28.81190000061906,0.0181999994310899,25.719900000694903,500,645,20.30519999971148,25.7872000001953,False,645,0.0407999996241414,0.0264999998762505,0.0450000006821937,5.084399999759626,0.1365999996778555,0.0328000005538342,20.30519999971148,0.1155999998445622,0.0,25.719900000694903,25.7872000001953,25.727899999765214,500,500,333.0,1501.5015015015017,,False,5.732300000090621
3549,exp1-completion-paced,66,264,0.2714999991439981,2.731399999902351,32.258899999760615,29.527499999858264,0.0202000001081614,22.447400000601192,500,646,16.421499999523803,22.49660000052245,False,646,0.0187000005098525,0.0304999994114041,0.0178000000232714,5.499500000041735,0.2633000003697816,0.1179000000774976,16.421499999523803,0.1271999999516992,0.0,22.447400000601192,22.49660000052245,22.45449999918492,500,500,333.0,1501.5015015015017,,False,9.762299999238166
3550,exp1-completion-paced,66,264,0.281100000393053,2.7553999998417567,37.70869999971183,34.95329999987007,0.027099999897473,24.1120000000592,500,647,18.90230000026349,24.16129999983241,False,647,0.0228999997489154,0.0264000000242958,0.0187000005098525,4.912299999887182,0.1348999994661426,0.0292000004264991,18.90230000026349,0.1144999996540718,0.0,24.1120000000592,24.16129999983241,24.120000000039,500,500,333.0,1501.5015015015017,,False,13.547399999879424
3551,exp1-completion-paced,66,264,0.2733000001171604,0.0473999998575891,38.17140000046493,38.12400000060734,0.0182000003405846,22.545800000443705,500,648,17.19020000018645,22.588800000448828,False,648,0.0196999999388935,0.0233000000662286,0.0182000003405846,5.053099999713595,0.1401999998051906,0.0304000004689442,17.19020000018645,0.1134999993155361,0.0,22.545800000443705,22.588800000448828,22.55169999989448,500,500,333.0,1501.5015015015017,,False,15.5826000000161
3552,exp1-completion-paced,66,264,0.2812000002450077,2.79580000005808,37.83909999947355,35.04329999941547,0.017899999875226,21.371699999690463,500,649,15.876999999818509,21.41109999956825,False,649,0.0183000001925393,0.0210999996852478,0.0178000000232714,5.196299999624898,0.1375000001644366,0.0299000002996763,15.876999999818509,0.1130000000557629,0.0,21.371699999690463,21.41109999956825,21.37820000007196,500,500,333.0,1501.5015015015017,,False,16.427999999905296
3553,exp1-completion-paced,66,264,0.2758999999059597,1.221800000166695,37.11500000008528,35.89319999991858,0.0173999997059581,23.40360000016517,500,650,16.9039000002158,23.519000000305823,False,650,0.0641000005998648,0.0512999995407881,0.0177000001713167,6.197599999723025,0.1434000005247071,0.0301000000035855,16.9039000002158,0.1105999999708728,0.0,23.40360000016517,23.519000000305823,23.41060000071593,500,500,333.0,1501.5015015015017,,False,13.595999999779458
3554,exp1-completion-paced,66,264,0.2783999998428044,1.209500000186381,38.169599999491766,36.960099999305385,0.0195000002349843,22.892099999808124,500,651,17.55539999976463,22.943900000427675,False,651,0.0215000000025611,0.0303000006169895,0.0175999994098674,5.041400000663998,0.1389999997627455,0.028299999939918,17.55539999976463,0.110099999801605,0.0,22.892099999808124,22.943900000427675,22.89989999917452,500,500,333.0,1501.5015015015017,,False,15.22569999906409
3555,exp1-completion-paced,66,264,0.2658000003066263,1.2186000003566733,40.081000000100175,38.8623999997435,0.0200000004042522,23.5489000006055,500,652,17.70109999961278,23.811800000657968,False,652,0.0194000003830296,0.2434999996694387,0.0356000000465428,5.529300000489457,0.1406999999744584,0.028299999939918,17.70109999961278,0.11369999992894,0.0,23.5489000006055,23.811800000657968,23.575899999741523,500,500,333.0,1501.5015015015017,,False,16.269199999442208
3556,exp1-completion-paced,66,264,0.2769000002444954,2.2743999998056097,37.71760000017821,35.4432000003726,0.0181999994310899,22.094700000707235,500,653,15.816699999959384,22.18870000069728,False,653,0.023200000214274,0.0707999997757724,0.0237000003835419,5.978399999548856,0.1383000007990631,0.0319000000672531,15.816699999959384,0.1054999993357341,0.0,22.094700000707235,22.18870000069728,22.1043000001373,500,500,333.0,1501.5015015015017,,False,15.528899999480927
3557,exp1-completion-paced,66,264,0.2748999995674239,1.21820000003936,30.5636000002778,29.34540000023844,0.0208000001293839,21.65690000038012,500,654,15.881199999967066,21.701499999835505,False,654,0.0194999993254896,0.0251000001298962,0.0172999998540035,5.49090000004071,0.1393000002281041,0.0416000002587679,15.881199999967066,0.086399999418063,0.0,21.65690000038012,21.701499999835505,21.663900000021385,500,500,333.0,1501.5015015015017,,False,8.862100000442293
3558,exp1-completion-paced,66,264,0.2746999998635147,2.738600000157021,29.71879999950033,26.980199999343316,0.0177000001713167,20.438100000319537,500,655,14.957599999434024,20.48089999971125,False,655,0.0184000000444939,0.0243999993472243,0.0180000006366753,5.208799999309122,0.1369000001432141,0.0321000006806571,14.957599999434024,0.0845000004119356,0.0,20.438100000319537,20.48089999971125,20.44480000040494,500,500,333.0,1501.5015015015017,,False,9.237899999789079
3559,exp1-completion-paced,66,264,0.2844000000550295,1.2086000006092943,36.53740000027028,35.32879999966099,0.0185999997484032,21.043799999461044,500,656,15.259300000252551,21.08739999948739,False,656,0.0201999991986667,0.023400000827678,0.017899999875226,5.495800000062445,0.1578999999765074,0.0273999994533369,15.259300000252551,0.0852000002851127,0.0,21.043799999461044,21.08739999948739,21.050299999842537,500,500,333.0,1501.5015015015017,,False,15.450000000782893
3560,exp1-completion-paced,66,264,0.2800000002025626,2.7724000001398963,40.68009999991773,37.90769999977783,0.0318000002152984,21.65530000002036,500,657,16.36060000055295,21.699899999475747,False,657,0.0206999993679346,0.0239000000874511,0.0173999997059581,5.016000000068743,0.1336000004812376,0.0433999994129408,16.36060000055295,0.0841000000946223,0.0,21.65530000002036,21.699899999475747,21.662000000105763,500,500,333.0,1501.5015015015017,,False,18.980200000441982
3561,exp1-completion-paced,66,264,0.2776999999696272,1.21820000003936,35.73260000030132,34.51440000026196,0.0181999994310899,21.143799999663315,500,658,15.648399999918183,21.25840000007884,False,658,0.0901000003068475,0.0245000001086737,0.0182999992830446,5.196300000534393,0.1352999997834558,0.0288000001091859,15.648399999918183,0.1165000003311433,0.0,21.143799999663315,21.25840000007884,21.15080000021408,500,500,333.0,1501.5015015015017,,False,14.474200000222478
3562,exp1-completion-paced,66,264,0.2622000001792912,3.2570000003033783,36.18600000027072,32.928999999967346,0.0186000006578979,21.2095999995654,500,659,15.761900000143214,21.254600000247592,False,659,0.0202999999601161,0.0247000007220776,0.0174999995579128,5.145299999639974,0.1581000005899113,0.0277999997706501,15.761900000143214,0.0987000003078719,0.0,21.2095999995654,21.254600000247592,21.21720000013738,500,500,333.0,1501.5015015015017,,False,14.931400000023125
3563,exp1-completion-paced,66,264,0.2593999997770879,1.264399999854504,33.65049999956682,32.386099999712314,0.0178000000232714,22.26509999945847,500,660,15.568200000416256,22.31469999969704,False,660,0.0193999994735349,0.0302000007650349,0.0172999998540035,6.392399999640475,0.1382999998895684,0.0416000002587679,15.568200000416256,0.1070999996954924,0.0,22.26509999945847,22.31469999969704,22.270800000114832,500,500,333.0,1501.5015015015017,,False,11.335799999869778
3564,exp1-completion-paced,66,264,0.2703999998630024,1.258600000255683,42.25320000023203,40.99459999997634,0.0180999995791353,20.428400000128025,500,661,15.4820000007021,20.472500000323635,False,661,0.0196999999388935,0.024400000256719,0.0172999998540035,4.631499999959488,0.1329999995505204,0.0405000000682775,15.4820000007021,0.1237999995282734,0.0,20.428400000128025,20.472500000323635,20.4355999994732,500,500,333.0,1501.5015015015017,,False,21.780699999908393
3565,exp1-completion-paced,66,264,0.2740999998422921,0.0510999998368788,31.576100000165752,31.525000000328877,0.0199999994947575,20.340899999609974,500,662,15.3706000000966,20.440700000108336,False,662,0.0636000004305969,0.0362000000677653,0.0178000000232714,4.668300000048475,0.1333999998678336,0.0326999997923849,15.3706000000966,0.1179000000774976,0.0,20.340899999609974,20.440700000108336,20.348300000478048,500,500,333.0,1501.5015015015017,,False,11.135400000057416
3566,exp1-completion-paced,66,264,0.2638000005390495,4.669599999942875,30.03439999974944,25.364799999806564,0.019099999917671,20.787600000403472,500,663,15.504699999837612,20.85450000049605,False,663,0.0415000004068133,0.0253999996857601,0.0184000000444939,4.997099999854981,0.1364999998259009,0.0279000005320995,15.504699999837612,0.1027999996949802,0.0,20.787600000403472,20.85450000049605,20.7948999996006,500,500,333.0,1501.5015015015017,,False,9.17989999925339
3567,exp1-completion-paced,66,264,0.3743999996004277,0.0878999999258667,36.61410000040632,36.52620000048046,0.019099999917671,20.203500000206983,500,664,15.166199999839591,20.24859999983164,False,664,0.0191999997696257,0.025899999855028,0.0172000000020489,4.745000000184518,0.1305000005231704,0.0390999994124285,15.166199999839591,0.1054000003932742,0.0,20.203500000206983,20.24859999983164,20.210499999848253,500,500,333.0,1501.5015015015017,,False,16.365500000574677
3568,exp1-completion-paced,66,264,0.2861000002667424,1.184899999316258,35.02649999973073,33.84160000041447,0.0326999997923849,20.92240000001766,500,665,15.700900000410911,20.96999999957916,False,665,0.0216999997064704,0.025899999855028,0.0192000006791204,4.919499999232357,0.1380000003337045,0.0302999997074948,15.700900000410911,0.1142000000982079,0.0,20.92240000001766,20.96999999957916,20.930200000293556,500,500,333.0,1501.5015015015017,,False,14.056500000151573
3569,exp1-completion-paced,66,264,0.3079999996771221,0.051500000154192,31.987999999728345,31.936499999574156,0.0219999992623343,20.70110000022396,500,666,15.3041999992638,20.75870000044233,False,666,0.0190000000657164,0.0386000001526554,0.0172999998540035,5.094000000099186,0.1357999999527237,0.0317000003633438,15.3041999992638,0.1179000000774976,0.0,20.70110000022396,20.75870000044233,20.70800000001327,500,500,333.0,1501.5015015015017,,False,11.229299999286013
3570,exp1-completion-paced,66,264,0.2757000002020504,3.764500000215776,30.540300000211573,26.7757999999958,0.0268000003416091,20.646099999794387,500,667,15.73649999954796,20.68909999979951,False,667,0.0190000000657164,0.0239999999394058,0.0185999997484032,4.614700000274752,0.1300999992963625,0.0277000008281902,15.73649999954796,0.1181999996333615,0.0,20.646099999794387,20.68909999979951,20.653099999435653,500,500,333.0,1501.5015015015017,,False,9.851200000412064
3571,exp1-completion-paced,66,264,0.2791000006254762,0.7507999998779269,38.17410000010568,37.42330000022776,0.0189999991562217,22.69440000054601,500,668,17.43819999956031,22.737799999958952,False,668,0.0195999991774442,0.0238000002354965,0.0175000004674075,4.9418999997215,0.137199999699078,0.0409000003855908,17.43819999956031,0.1185000000987201,0.0,22.69440000054601,22.737799999958952,22.70109999972192,500,500,333.0,1501.5015015015017,,False,15.43630000014673
3572,exp1-completion-paced,66,264,0.273399999969115,2.727500000219152,28.961299999537005,26.233799999317853,0.0196999999388935,21.148400000129183,500,669,16.114299999571813,21.191900000303576,False,669,0.0201000002562068,0.0233999999181833,0.0165999999808263,4.72399999944173,0.1361000004180823,0.0398000001951004,16.114299999571813,0.1173999999082298,0.0,21.148400000129183,21.191900000303576,21.15479999974923,500,500,333.0,1501.5015015015017,,False,7.769399999233428
3573,exp1-completion-paced,66,264,0.2578000003268244,0.0468999996883212,41.21450000002369,41.16760000033537,0.027300000510877,20.869800000582472,500,670,15.631299999768087,20.90959999986808,False,670,0.019099999917671,0.0206999993679346,0.0172999998540035,4.940200000419281,0.1369999999951687,0.0286000004052766,15.631299999768087,0.1149999998233397,0.0,20.869800000582472,20.90959999986808,20.87630000005447,500,500,333.0,1501.5015015015017,,False,20.30490000015561
3574,exp1-completion-paced,66,264,0.4539999999906285,1.0371999997005332,35.879799999747775,34.84260000004724,0.0190000000657164,20.430300000043644,500,671,15.257699999892791,20.47530000072584,False,671,0.0211000005947425,0.0239000000874511,0.0173999997059581,4.856700000345882,0.1374999992549419,0.0402000005124136,15.257699999892791,0.1205999997182516,0.0,20.430300000043644,20.47530000072584,20.43679999951564,500,500,333.0,1501.5015015015017,,False,15.404499999021933
3575,exp1-completion-paced,66,264,0.286200000118697,1.218099999277911,43.32699999940815,42.10890000013024,0.0207000002774293,20.95900000040274,500,672,15.6118000004426,21.002100000259816,False,672,0.0187000005098525,0.0243999993472243,0.0183000001925393,4.962900000464288,0.1396999996359227,0.0399999998990097,15.6118000004426,0.1858999994510668,0.0,20.95900000040274,21.002100000259816,20.966000000044005,500,500,333.0,1501.5015015015017,,False,22.324899999148336
3576,exp1-completion-paced,66,264,0.2678000000742031,1.2281999997867388,33.153999999740336,31.9257999999536,0.0173999997059581,22.759399999813468,500,673,17.551900000398746,22.839299999759533,False,673,0.0201000002562068,0.0597999996898579,0.0172000000020489,4.892699999800243,0.1367000004393048,0.0430999998570769,17.551900000398746,0.117599999612139,0.0,22.759399999813468,22.839299999759533,22.78560000013385,500,500,333.0,1501.5015015015017,,False,10.314699999980803
3577,exp1-completion-paced,66,264,0.3017999997609877,1.1924999998882413,31.480599999667906,30.28809999977966,0.0271000008069677,20.63650000036432,500,674,15.2261000002909,20.839700000578887,False,674,0.0185999997484032,0.1846000004661618,0.0240999997913604,5.1015999997616746,0.1412000001437263,0.0270000000455183,15.2261000002909,0.1162999997177394,0.0,20.63650000036432,20.839700000578887,20.64669999981561,500,500,333.0,1501.5015015015017,,False,10.640899999089019
3578,exp1-completion-paced,66,264,0.273199999355711,1.221800000166695,35.13149999980669,33.90969999964,0.0193999994735349,21.83109999987209,500,675,15.344599999480124,21.877599999243103,False,675,0.0212999993891571,0.0251999999818508,0.0180000006366753,6.164999999782594,0.1390999996147002,0.0408000005336361,15.344599999480124,0.1234000001204549,0.0,21.83109999987209,21.877599999243103,21.838699999534583,500,500,333.0,1501.5015015015017,,False,13.25390000056359
3579,exp1-completion-paced,66,264,0.2670000003490713,4.230999999890628,39.67359999933251,35.44259999944188,0.0185999997484032,22.067099999731,500,676,16.709500000615662,22.11059999990539,False,676,0.0199000005522975,0.0235999996220925,0.0171000001500942,4.940499999975145,0.1419000000169035,0.0327999996443395,16.709500000615662,0.2249999997729901,0.0,22.067099999731,22.11059999990539,22.073299999647134,500,500,333.0,1501.5015015015017,,False,17.56299999942712
3580,exp1-completion-paced,66,264,0.2682000003915163,1.141000000643544,50.362300000415416,49.22129999977187,0.0221000000237836,29.65299999959825,500,677,24.0776000000551,29.710099999647355,False,677,0.0215000000025611,0.0356000000465428,0.0190000000657164,5.187699999623874,0.1390000006722402,0.0301000000035855,24.0776000000551,0.1992999996218714,0.0,29.65299999959825,29.710099999647355,29.66029999970488,500,500,333.0,1501.5015015015017,,False,20.65220000076806
3581,exp1-completion-paced,66,264,0.2647000001161359,1.215599999341066,32.1483999996417,30.93280000030063,0.0194000003830296,21.883899999920686,500,678,16.19380000011006,22.078899999542045,False,678,0.0196999999388935,0.1752999996824655,0.025899999855028,5.390799999986484,0.1418000001649488,0.0293000002784538,16.19380000011006,0.1021999996737577,0.0,21.883899999920686,22.078899999542045,21.91659999971307,500,500,333.0,1501.5015015015017,,False,10.069500000099652
3582,exp1-completion-paced,66,264,0.2737999993769335,1.2780999995811726,34.70970000034868,33.4316000007675,0.0200000004042522,19.406399999752463,500,679,14.432099999794444,19.4800999997824,False,679,0.0206999993679346,0.0530000006619957,0.017699999261822,4.687700000431505,0.1341999995929654,0.0292000004264991,14.432099999794444,0.1052999996318249,0.0,19.406399999752463,19.4800999997824,19.41339999939373,500,500,333.0,1501.5015015015017,,False,15.229600000566283
3583,exp1-completion-paced,66,264,0.2742000006037415,4.268499999852793,38.19589999966411,33.927399999811314,0.0200999993467121,22.43450000059965,500,680,17.18280000022787,22.479500000372354,False,680,0.0194000003830296,0.0255999993896693,0.0182000003405846,4.947399999764457,0.1394000000800588,0.0294000001304084,17.18280000022787,0.1170999994428712,0.0,22.43450000059965,22.479500000372354,22.44199999950069,500,500,333.0,1501.5015015015017,,False,15.716399999291752
3584,exp1-completion-paced,66,264,0.4545000001598964,2.5856000002022483,46.52720000012778,43.94159999992553,0.0306000001728534,31.579500000589174,500,681,23.963000000549076,31.63470000072266,False,681,0.0243000004047644,0.0308999997287173,0.0180000006366753,7.305000000087602,0.1462999998693703,0.0311999992845812,23.963000000549076,0.1157999995484715,0.0,31.579500000589174,31.63470000072266,31.58739999980753,500,500,333.0,1501.5015015015017,,False,14.892499999405118
3585,exp1-completion-paced,66,264,0.2702000001590932,4.772299999785901,42.68129999945813,37.90899999967223,0.0208000001293839,20.89999999952852,500,682,15.524999999797728,20.950299999640265,False,682,0.0281000002360087,0.0221999998757382,0.0189000002137618,5.064500000116823,0.1429999992978992,0.0291000005745445,15.524999999797728,0.1191999999718973,0.0,20.89999999952852,20.950299999640265,20.907199999783188,500,500,333.0,1501.5015015015017,,False,21.73099999981787
3586,exp1-completion-paced,66,264,0.2569999996921979,1.266399999622081,48.37690000022121,47.11050000059913,0.0206000004254747,21.15080000021408,500,683,16.009800000574614,21.199900000283375,False,683,0.0231000003623194,0.0259999997069826,0.0183000001925393,4.829700000300363,0.1406000001225038,0.0310999994326266,16.009800000574614,0.1210999998875195,0.0,21.15080000021408,21.199900000283375,21.158200000172656,500,500,333.0,1501.5015015015017,,False,27.176999999937838
3587,exp1-completion-paced,66,264,0.4558999999062507,0.9374999999636202,41.54680000010558,40.60930000014196,0.0196000000869389,33.380400000169175,500,684,23.872499999924912,33.43289999975241,False,684,0.0203999998120707,0.0320999997711624,0.0988000001598266,8.921599999666796,0.2481000001353095,0.1111000001401407,23.872499999924912,0.1281000004382804,0.0,33.380400000169175,33.43289999975241,33.387800000127754,500,500,333.0,1501.5015015015017,,False,8.11390000035317
3588,exp1-completion-paced,66,264,0.2830000003086752,2.740199999607285,38.30209999978251,35.56190000017523,0.0313999998979852,21.39089999946009,500,685,15.896300000349584,21.431199999824457,False,685,0.0195000002349843,0.0208000001293839,0.0237999993260018,5.149700000401936,0.1348999994661426,0.0275000002147862,15.896300000349584,0.1584999999977299,0.0,21.39089999946009,21.431199999824457,21.397299999989627,500,500,333.0,1501.5015015015017,,False,16.870899999958056
3589,exp1-completion-paced,66,264,0.2762000003713183,4.270600000381819,33.49190000062663,29.22130000024481,0.0308999997287173,20.770500000253374,500,686,15.580599999339029,20.813299999645096,False,686,0.0194999993254896,0.0233000000662286,0.0177000001713167,4.881099999693106,0.1378000006297952,0.0294000001304084,15.580599999339029,0.1234999999724095,0.0,20.770500000253374,20.813299999645096,20.776700000169512,500,500,333.0,1501.5015015015017,,False,12.678600000981533
3590,exp1-completion-paced,66,264,0.2806000002237852,2.8693999993265606,42.73049999937939,39.86110000005283,0.0694000000294181,20.331299999270414,500,687,15.36039999973582,20.432899999832443,False,687,0.0354000003426335,0.0662000002193963,0.0195999991774442,4.658900000322319,0.1342000005024601,0.0337999999828753,15.36039999973582,0.1241999998455867,0.0,20.331299999270414,20.432899999832443,20.35890000024665,500,500,333.0,1501.5015015015017,,False,22.297599999546946
3591,exp1-completion-paced,66,264,0.3225999998903717,1.1757000002035056,36.12750000047527,34.95180000027176,0.0338999998348299,21.335200000066838,500,688,15.941200000270328,21.38250000007247,False,688,0.0262000003203866,0.0210999996852478,0.0172000000020489,5.102300000544346,0.1342999994449201,0.0281000002360087,15.941200000270328,0.1119999997172271,0.0,21.335200000066838,21.38250000007247,21.34230000046955,500,500,333.0,1501.5015015015017,,False,14.745000000402804
3592,exp1-completion-paced,66,264,0.2705999995669117,2.7620000000752043,38.17499999968277,35.412999999607564,0.0540999999429914,21.18360000076791,500,689,15.804800000296382,21.239100000457256,False,689,0.0218000004679197,0.0336999992214259,0.0177000001713167,5.067300000519026,0.1363999999739462,0.0352999995811842,15.804800000296382,0.1217999997606966,0.0,21.18360000076791,21.239100000457256,21.19010000023991,500,500,333.0,1501.5015015015017,,False,16.935899999225512
3593,exp1-completion-paced,66,264,0.4625000001396984,0.0915999999051564,30.876799999532523,30.78519999962737,0.0178000000232714,21.55860000038956,500,690,16.34379999995872,21.60470000035275,False,690,0.0198999996428028,0.0262000003203866,0.0182000003405846,4.904499999611289,0.1428000005034846,0.0293999992209137,16.34379999995872,0.1195000004372559,0.0,21.55860000038956,21.60470000035275,21.566299999904004,500,500,333.0,1501.5015015015017,,False,9.272099999179773
3594,exp1-completion-paced,66,264,0.2799999992930679,1.2420000002748566,44.33239999980288,43.09039999952802,0.0208999999813386,23.959399999512243,500,691,15.50649999990128,24.14929999940796,False,691,0.0179999997271806,0.1719000001685344,0.0245999999606283,7.953799999995681,0.2438999999867519,0.1155999998445622,15.50649999990128,0.1148000001194304,0.0,23.959399999512243,24.14929999940796,23.986000000149943,500,500,333.0,1501.5015015015017,,False,20.183100000394923
3595,exp1-completion-paced,66,264,0.265699999545177,1.249900000402704,30.677900000227964,29.42799999982526,0.0204999996640253,20.54860000043845,500,692,15.262199999597216,20.59440000084578,False,692,0.0194000003830296,0.0264000000242958,0.0175000004674075,4.992899999706424,0.1332000001639244,0.0301999998555402,15.262199999597216,0.1124000000345404,0.0,20.54860000043845,20.59440000084578,20.5562999999529,500,500,333.0,1501.5015015015017,,False,10.083499999382184
3596,exp1-completion-paced,66,264,0.2715999999054475,1.2204000004203408,38.110299999971176,36.88989999955084,0.0219999992623343,21.08829999997397,500,693,15.56700000037381,21.134300000085204,False,693,0.0226000001930515,0.0233999999181833,0.0172000000020489,5.233799999587063,0.133500000629283,0.0281999991784687,15.56700000037381,0.1082999997379374,0.0,21.08829999997397,21.134300000085204,21.095499999319145,500,500,333.0,1501.5015015015017,,False,16.97599999988597
3597,exp1-completion-paced,66,264,0.2586999999039108,1.7326999995930237,26.61179999995511,24.879100000362087,0.0196999999388935,19.933499999751803,500,694,14.735200000359328,19.97759999994741,False,694,0.0196000000869389,0.0245000001086737,0.0176000003193621,4.896299999927578,0.1351000000795466,0.0305999992633587,14.735200000359328,0.1185000000987201,0.0,19.933499999751803,19.97759999994741,19.940799999858427,500,500,333.0,1501.5015015015017,,False,6.634200000007699
3598,exp1-completion-paced,66,264,0.2804999994623358,1.263499999367923,41.18229999949108,39.91880000012316,0.0203999998120707,23.039199999402623,500,695,16.91819999996369,23.12439999968774,False,695,0.0202000001081614,0.0650000001769512,0.0202999999601161,5.8056999996551895,0.1426999997420353,0.029499999982363,16.91819999996369,0.1226000003953231,0.0,23.039199999402623,23.12439999968774,23.05249999972148,500,500,333.0,1501.5015015015017,,False,18.05789999980334
3599,exp1-completion-paced,66,264,0.2722999997786246,5.77900000007503,34.12500000013097,28.346000000055938,0.0197999997908482,20.438499999727355,500,696,15.244700000039302,20.486499999606167,False,696,0.0204999996640253,0.0275000002147862,0.0183000001925393,4.888899999968999,0.1360999995085876,0.0301000000035855,15.244700000039302,0.1203000001623877,0.0,20.438499999727355,20.486499999606167,20.44649999970716,500,500,333.0,1501.5015015015017,,False,13.6385000005248
3600,exp1-completion-paced,66,264,0.2715000000534928,1.170000000456639,38.06100000019797,36.890999999741325,0.0202000001081614,21.671600000445324,500,697,16.306800000165822,21.749000000454544,False,697,0.0547999998161685,0.0226000001930515,0.0185999997484032,5.044800000177929,0.1349000003756373,0.0307999998767627,16.306800000165822,0.1354999994873651,0.0,21.671600000445324,21.749000000454544,21.677799999451963,500,500,333.0,1501.5015015015017,,False,16.311999999743428
3601,exp1-completion-paced,66,264,0.2755999994406011,1.2121999998271349,36.60490000038408,35.39270000055694,0.0272999996013822,21.766300000308547,500,698,16.615900000033434,21.830200000295008,False,698,0.02050000057352,0.0433999994129408,0.0393000000258325,4.829700000300363,0.1343000003544148,0.0286999993477365,16.615900000033434,0.1183000003948109,0.0,21.766300000308547,21.830200000295008,21.77360000041517,500,500,333.0,1501.5015015015017,,False,14.77470000008907
3602,exp1-completion-paced,66,264,0.2932999996119179,4.175000000032014,31.002300000182004,26.82730000014999,0.0201000002562068,20.908999999846856,500,699,15.810200000487384,20.95650000046589,False,699,0.0237000003835419,0.0238000002354965,0.0248999995164922,4.798500000106287,0.1353999996354105,0.0288000001091859,15.810200000487384,0.1110000002881861,0.0,20.908999999846856,20.95650000046589,20.91640000071493,500,500,333.0,1501.5015015015017,,False,10.045799999716113
3603,exp1-completion-paced,66,264,0.3804999996646074,0.0683999996908824,36.55539999999746,36.48700000030658,0.0194000003830296,20.678099999713595,500,700,15.461200000572717,20.92929999980697,False,700,0.0197999997908482,0.2314000003025285,0.0185999997484032,4.9048999999286025,0.1349000003756373,0.0389999995604739,15.461200000572717,0.1192999998238519,0.0,20.678099999713595,20.92929999980697,20.68650000001071,500,500,333.0,1501.5015015015017,,False,15.62610000019049
3604,exp1-completion-paced,66,264,0.2635000000736909,0.1131999997596722,33.23349999936909,33.120299999609415,0.0183000001925393,21.9585000004372,500,701,16.33309999942867,22.012700000232144,False,701,0.0225000003410968,0.0316999994538491,0.0177000001713167,5.293600000186416,0.1414999996995902,0.0303000006169895,16.33309999942867,0.1421000006303074,0.0,21.9585000004372,22.012700000232144,21.966400000565045,500,500,333.0,1501.5015015015017,,False,11.220799999136943
3605,exp1-completion-paced,66,264,0.378400000045076,1.1201000006622053,32.641400000102294,31.52129999944009,0.0197999997908482,20.4702000000907,500,702,15.327300000535615,20.515399999567308,False,702,0.0200999993467121,0.0251000001298962,0.0198000007003429,4.845399999794608,0.1348999994661426,0.0288000001091859,15.327300000535615,0.11369999992894,0.0,20.4702000000907,20.515399999567308,20.47709999988001,500,500,333.0,1501.5015015015017,,False,12.126000000534987
3606,exp1-completion-paced,66,264,0.4579000005833222,0.92309999945428,34.344499999861,33.42140000040672,0.019099999917671,21.13800000006449,500,703,15.914300000076764,21.183099999689148,False,703,0.0208000001293839,0.0242999994952697,0.0182000003405846,4.931200000100944,0.1319000002695247,0.0296999996862723,15.914300000076764,0.112499999886495,0.0,21.13800000006449,21.183099999689148,21.144299999832583,500,500,333.0,1501.5015015015017,,False,13.161400000171852
3607,exp1-completion-paced,66,264,0.2761000005193637,1.223799999934272,33.96859999975277,32.7447999998185,0.0210999996852478,21.45180000024993,500,704,15.944499999932304,21.494300000085783,False,704,0.0192999996215803,0.023200000214274,0.017899999875226,5.212699999901815,0.1348000005236826,0.03870000000461,15.944499999932304,0.1029999993988894,0.0,21.45180000024993,21.494300000085783,21.457899999404617,500,500,333.0,1501.5015015015017,,False,12.474299999666986
3608,exp1-completion-paced,66,264,0.2698999996937345,2.2112999995442806,28.04779999951279,25.83649999996851,0.0300000001516309,21.07129999967583,500,705,15.807499999937136,21.11739999963902,False,705,0.0207999992198892,0.0253000007433001,0.017699999261822,4.96240000029502,0.1360000005661277,0.0301000000035855,15.807499999937136,0.1173999999082298,0.0,21.07129999967583,21.11739999963902,21.078400000078545,500,500,333.0,1501.5015015015017,,False,6.930399999873771
3609,exp1-completion-paced,66,264,0.2583000004960922,2.7494000005390262,38.21500000049127,35.465599999952246,0.0201000002562068,21.684299999833456,500,706,16.15769999989425,21.728699999584933,False,706,0.02059999951598,0.0238000002354965,0.0184000000444939,5.226899999797752,0.1385000005029724,0.0290999996650498,16.15769999989425,0.1134000003730761,0.0,21.684299999833456,21.728699999584933,21.69080000021495,500,500,333.0,1501.5015015015017,,False,16.48630000090634
3610,exp1-completion-paced,66,264,0.2667000007932074,1.2379999998302085,33.26769999966928,32.02969999983907,0.0188000003618071,22.124300000541552,500,707,16.342799999620183,22.17700000073819,False,707,0.0266000006376998,0.0260999995589372,0.0170000002981396,5.439699999442382,0.164700000823359,0.0370999996448517,16.342799999620183,0.1227000002472777,0.0,22.124300000541552,22.17700000073819,22.13080000001355,500,500,333.0,1501.5015015015017,,False,11.090699998931093
3611,exp1-completion-paced,66,264,0.2715000000534928,1.2236000002303626,35.710000000108266,34.486399999877904,0.0184000000444939,22.01469999999972,500,708,16.44129999931465,22.05969999977242,False,708,0.0204999996640253,0.0245000001086737,0.0155999996422906,5.205100000239327,0.2014000001508975,0.0287000002572312,16.44129999931465,0.1222999999299645,0.0,22.01469999999972,22.05969999977242,22.017700000105837,500,500,333.0,1501.5015015015017,,False,13.650300000335847
3612,exp1-completion-paced,66,264,0.2709000000322703,0.0508000002810149,43.82019999957265,43.76939999929164,0.0186999996003578,26.23050000056537,500,709,20.66569999988133,26.276900000084424,False,709,0.0207000002774293,0.025699999241624,0.0192000006791204,5.235999999968044,0.1406000001225038,0.042599999687809,20.66569999988133,0.1261999996131635,0.0,26.23050000056537,26.276900000084424,26.237699999910543,500,500,333.0,1501.5015015015017,,False,17.543299999488227
3613,exp1-completion-paced,66,264,0.2764000000752276,1.2664000005315756,35.623100000520935,34.35669999998936,0.0298000004477216,25.48310000020137,500,710,19.4058999995832,25.7329000005484,False,710,0.0206000004254747,0.2291999999215477,0.0175000004674075,5.714599999919301,0.1853999992817989,0.0323000003845663,19.4058999995832,0.1272000008611939,0.0,25.48310000020137,25.7329000005484,25.490400000308,500,500,333.0,1501.5015015015017,,False,9.890199999972534
3614,exp1-completion-paced,66,264,0.2855000002455199,1.2132000001656706,32.24560000035126,31.03240000018559,0.0176000003193621,21.77300000039395,500,711,16.195199999856413,21.82509999965987,False,711,0.0270000000455183,0.0250999992204015,0.0314000008074799,5.2235999992262805,0.1411000002917717,0.0319000000672531,16.195199999856413,0.1494999996793922,0.0,21.77300000039395,21.82509999965987,21.779899999273766,500,500,333.0,1501.5015015015017,,False,10.42050000069139
3615,exp1-completion-paced,66,264,0.2883999995901831,0.6737000003340654,42.6210000005085,41.94730000017444,0.0223999995796475,23.660999999265183,500,712,17.872400000669586,23.707599999397644,False,712,0.0208999999813386,0.0257000001511187,0.0187999994523124,5.362300000342657,0.1432999997632578,0.0283999997918726,17.872400000669586,0.2353999998376821,0.0,23.660999999265183,23.707599999397644,23.66859999983717,500,500,333.0,1501.5015015015017,,False,18.91340000111086
3616,exp1-completion-paced,66,264,0.2612999996927101,0.0467999998363666,42.81469999932597,42.7678999994896,0.0212999993891571,21.814400000039317,500,713,15.990699999747449,21.859500000573465,False,713,0.02050000057352,0.0245999999606283,0.0181999994310899,5.486100000780425,0.1511999998911051,0.0295999998343177,15.990699999747449,0.138399999741523,0.0,21.814400000039317,21.859500000573465,21.821899999849848,500,500,333.0,1501.5015015015017,,False,20.9551999987525
3617,exp1-completion-paced,66,264,0.3268999998908839,1.1385000007066992,41.59860000072513,40.46010000001843,0.0289999998130952,25.897299999996903,500,714,20.228499999575437,25.944199999685225,False,714,0.0196000000869389,0.0272999996013822,0.019099999917671,5.091300000458432,0.151499999446969,0.0316000005113892,20.228499999575437,0.3748999997696955,0.0,25.897299999996903,25.944199999685225,25.904399999490124,500,500,333.0,1501.5015015015017,,False,15.654400001039903
3618,exp1-completion-paced,66,264,0.2952000004370347,2.72190000032424,33.601899999666784,30.879999999342544,0.0208000001293839,23.06959999987157,500,715,16.451700000288838,23.11089999966498,False,715,0.0187999994523124,0.0225000003410968,0.0172000000020489,6.302400000095076,0.1379999994242098,0.0274000003628316,16.451700000288838,0.1326999999946565,0.0,23.06959999987157,23.11089999966498,23.07600000040111,500,500,333.0,1501.5015015015017,,False,10.491000000001804
3619,exp1-completion-paced,66,264,0.2683999991859309,0.0511999996888334,36.09950000009121,36.04830000040238,0.0196999999388935,24.51080000082584,500,716,19.07500000015716,24.556700000175624,False,716,0.0203999998120707,0.0254999995377147,0.0178000000232714,5.130700000336219,0.1351000000795466,0.0290999996650498,19.07500000015716,0.122899999951187,0.0,24.51080000082584,24.556700000175624,24.518199999874923,500,500,333.0,1501.5015015015017,,False,11.542799999915587
3620,exp1-completion-paced,66,264,0.2596999993329518,1.2385999998514308,39.79659999913565,38.55799999928422,0.0184000000444939,23.115200000574987,500,717,16.45619999999326,23.1591000001572,False,717,0.0196999999388935,0.024199999643315,0.0170000002981396,6.341500000417,0.1377999997203005,0.0317000003633438,16.45619999999326,0.130899999930989,0.0,23.115200000574987,23.1591000001572,23.12250000068161,500,500,333.0,1501.5015015015017,,False,16.637499998978452
3621,exp1-completion-paced,66,264,0.2560999992056167,1.220899999680114,37.22479999942152,36.00389999974141,0.019300000531075,23.418600000695733,500,718,17.29239999986021,23.49279999998544,False,718,0.0196000000869389,0.0545999992027645,0.0224000004891422,5.808699999761302,0.137199999699078,0.0293000002784538,17.29239999986021,0.1283999999941443,0.0,23.418600000695733,23.49279999998544,23.446700000022247,500,500,333.0,1501.5015015015017,,False,13.73199999943608
3622,exp1-completion-paced,66,264,0.2593999997770879,4.269999999451102,37.71669999969163,33.446700000240526,0.0184000000444939,22.58809999966616,500,719,16.442099999949278,22.6316999996925,False,719,0.0202000001081614,0.0233999999181833,0.016699999832781,5.60609999956796,0.1399000002493267,0.0287000002572312,16.442099999949278,0.3540999996403116,0.0,22.58809999966616,22.6316999996925,22.59460000004765,500,500,333.0,1501.5015015015017,,False,15.084999999999127
3623,exp1-completion-paced,66,264,0.2777999998215819,0.0498999997944338,31.10599999945407,31.05609999965964,0.0197000008483883,22.448200000326324,500,720,16.408100000262493,22.49180000035267,False,720,0.0184000000444939,0.0251999999818508,0.0189000002137618,5.732100000386708,0.1387999991493416,0.0298000004477216,16.408100000262493,0.1203000001623877,0.0,22.448200000326324,22.49180000035267,22.455400000580997,500,500,333.0,1501.5015015015017,,False,8.614199999101402
3624,exp1-completion-paced,66,264,0.27219999992667,1.2165000007371418,30.16070000012405,28.94419999938691,0.0184000000444939,22.101800000200456,500,721,16.21739999973215,22.14689999982511,False,721,0.0184999998964485,0.0265999997282051,0.0186000006578979,5.566999999246036,0.1400999999532359,0.0292000004264991,16.21739999973215,0.1293000004807254,0.0,22.101800000200456,22.14689999982511,22.109700000328303,500,500,333.0,1501.5015015015017,,False,8.01380000029894
3625,exp1-completion-paced,66,264,0.2543000000514439,0.6991999998717802,30.536299999766925,29.837099999895145,0.0203999998120707,22.50240000012127,500,722,16.41360000030545,22.547700000359328,False,722,0.0196000000869389,0.0257000001511187,0.0171000001500942,5.778499999905762,0.1402999996571452,0.0295999998343177,16.41360000030545,0.1230999996550963,0.0,22.50240000012127,22.547700000359328,22.509599999466445,500,500,333.0,1501.5015015015017,,False,7.988599999407597
3626,exp1-completion-paced,66,264,0.2835000004779431,0.1194000005853013,34.32580000026064,34.20639999967534,0.0187999994523124,22.703599999658763,500,723,16.422800000327697,22.76439999968716,False,723,0.0227999998969608,0.0380000001314329,0.0176000003193621,5.959999999504362,0.1468000000386382,0.0300000001516309,16.422800000327697,0.1261999996131635,0.0,22.703599999658763,22.76439999968716,22.710999999617343,500,500,333.0,1501.5015015015017,,False,11.561400000573482
3627,exp1-completion-paced,66,264,0.2682000003915163,1.2398999997458304,39.70149999986461,38.46160000011878,0.019099999917671,22.70189999944705,500,724,16.85429999997723,22.76959999926476,False,724,0.0451999994766083,0.0225000003410968,0.0172000000020489,5.515699999705248,0.1369000001432141,0.0278999996226048,16.85429999997723,0.1496000004408415,0.0,22.70189999944705,22.76959999926476,22.708700000293906,500,500,333.0,1501.5015015015017,,False,16.93190000059985
3628,exp1-completion-paced,66,264,0.2741999996942468,1.190899999528483,36.69689999969705,35.50600000016857,0.0196000000869389,23.9357000000382,500,725,18.14280000053259,23.98269999957847,False,725,0.0209999998332932,0.0259999997069826,0.0174000006154528,5.486399999426794,0.1397000005454174,0.0298999993901816,18.14280000053259,0.1192999998238519,0.0,23.9357000000382,23.98269999957847,23.94309999999677,500,500,333.0,1501.5015015015017,,False,12.71420000011858
3629,exp1-completion-paced,66,264,0.2631999996083323,1.237800000126299,29.456199999913224,28.218399999786925,0.019099999917671,22.86499999991065,500,726,17.27839999966818,22.91030000014871,False,726,0.0237000003835419,0.0215999998545157,0.0178000000232714,5.275099999380473,0.1368000002912595,0.0300000001516309,17.27839999966818,0.1266999997824314,0.0,22.86499999991065,22.91030000014871,22.87239999986923,500,500,333.0,1501.5015015015017,,False,6.545899999764515
3630,exp1-completion-paced,66,264,0.2684000000954256,1.1968999997407082,33.6354000000938,32.43850000035309,0.0248000005740323,21.7041000005338,500,727,15.94939999995404,21.74509999986185,False,727,0.0174999995579128,0.0234999997701379,0.0176000003193621,5.439900000055786,0.1369000001432141,0.0311000003421213,15.94939999995404,0.1290000000153668,0.0,21.7041000005338,21.74509999986185,21.711100000175065,500,500,333.0,1501.5015015015017,,False,11.890300000231953
3631,exp1-completion-paced,66,264,0.2721000000747153,1.2241000003996303,46.23290000017733,45.00879999977769,0.0587000004088622,36.70210000018415,500,728,25.31710000039311,36.92989999944984,False,728,0.0202999999601161,0.2074999993055826,0.0276000000667409,10.669500000403788,0.2624999997351551,0.1222000000780099,25.31710000039311,0.3028999999514781,0.0,36.70210000018415,36.92989999944984,36.738400000103866,500,500,333.0,1501.5015015015017,,False,9.303000000727494
3632,exp1-completion-paced,66,264,0.2687000005607842,0.0450999996246537,49.87470000014582,49.82960000052117,0.0191999997696257,36.183499999424384,500,729,25.781000000279164,36.23119999974733,False,729,0.0219000003198743,0.0258000000030733,0.019099999917671,9.86300000022311,0.2765999997791368,0.1259999999092542,25.781000000279164,0.117599999612139,0.0,36.183499999424384,36.23119999974733,36.19150000031368,500,500,333.0,1501.5015015015017,,False,13.64350000039849
3633,exp1-completion-paced,66,264,0.2849999991667573,2.2400999996534665,36.74940000018978,34.509300000536314,0.0239999999394058,24.363399999856483,500,730,18.824700000550365,24.459100000058243,False,730,0.0196000000869389,0.0761000001148204,0.0200000004042522,5.211300000155461,0.1629999997021514,0.0289999998130952,18.824700000550365,0.115199999527249,0.0,24.363399999856483,24.459100000058243,24.392499999521533,500,500,333.0,1501.5015015015017,,False,12.290300000131538
3634,exp1-completion-paced,66,264,0.2785000006042537,0.6630999996559694,38.13999999965745,37.47690000000148,0.0194000003830296,21.06629999980214,500,731,15.477899999496003,21.14960000017163,False,731,0.0214000001506065,0.061900000218884,0.0319000000672531,5.269299999781651,0.1432999997632578,0.0279000005320995,15.477899999496003,0.1155999998445622,0.0,21.06629999980214,21.14960000017163,21.09310000014375,500,500,333.0,1501.5015015015017,,False,16.990399999485817
3635,exp1-completion-paced,66,264,0.2791000006254762,2.763800000138872,48.33480000070267,45.5710000005638,0.0213999992411118,27.893699999367527,500,732,21.03129999977682,27.9381000000285,False,732,0.0198000007003429,0.0245999999606283,0.0433999994129408,6.509700000606244,0.152699999489414,0.0343000001521431,21.03129999977682,0.1221000002260552,0.0,27.893699999367527,27.9381000000285,27.90180000010878,500,500,333.0,1501.5015015015017,,False,20.396700000674173
3636,exp1-completion-paced,66,264,0.4570999999486957,1.0360999995100428,28.87059999920893,27.83449999969889,0.0191999997696257,21.44119999957184,500,733,15.99309999983234,21.492799999577983,False,733,0.0265999997282051,0.0250000002779415,0.0188999993042671,5.132100000082573,0.1420000007783528,0.0304999994114041,15.99309999983234,0.1244000004589906,0.0,21.44119999957184,21.492799999577983,21.44860000043991,500,500,333.0,1501.5015015015017,,False,7.377799999630948
3637,exp1-completion-paced,66,264,0.3129999995508115,1.2617000002137502,57.37499999941065,56.1132999991969,0.0198999996428028,37.605700000312936,500,734,28.70729999995092,37.65949999979057,False,734,0.0252999998338054,0.0284999996438273,0.0570000001971493,8.220800000344752,0.2789999998640269,0.127999999676831,28.70729999995092,0.2133000007233931,0.0,37.605700000312936,37.65949999979057,37.61450000001787,500,500,333.0,1501.5015015015017,,False,19.71549999962008
3638,exp1-completion-paced,66,264,0.2752000000327825,0.0524999995832331,44.380399999681686,44.32790000009845,0.0203000008696108,30.057599999963717,500,735,23.78099999987171,30.11030000016035,False,735,0.022000000171829,0.0307000000248081,0.0191999997696257,5.813599999783037,0.1447000004191068,0.0297999995382269,23.78099999987171,0.2690000001166481,0.0,30.057599999963717,30.11030000016035,30.0651999996262,500,500,333.0,1501.5015015015017,,False,14.270099999521335
3639,exp1-completion-paced,66,264,0.2630999997563776,0.051799999710056,51.438100000268605,51.38630000055855,0.0214000001506065,30.687000000398257,500,736,21.023199999945064,30.736400000023423,False,736,0.0212999993891571,0.0281000002360087,0.0202999999601161,9.0503000001263,0.2555000000938889,0.1136000000769854,21.023199999945064,0.2237999997305451,0.0,30.687000000398257,30.736400000023423,30.69450000020879,500,500,333.0,1501.5015015015017,,False,20.701700000245182
3640,exp1-completion-paced,66,264,0.2735999996730243,1.238000000739703,41.24430000047141,40.00629999973171,0.0215999998545157,29.91569999994681,500,737,24.06539999992674,29.964500000460248,False,737,0.0226000001930515,0.0262000003203866,0.0182999992830446,5.403000000114844,0.1434000005247071,0.0307000000248081,24.06539999992674,0.2545999996073078,0.0,29.91569999994681,29.964500000460248,29.92369999992661,500,500,333.0,1501.5015015015017,,False,11.279800000011164
3641,exp1-completion-paced,66,264,0.2696999999898253,1.2303999992582249,36.235199999282486,35.00480000002426,0.0286999993477365,24.454200000036508,500,738,15.960799999447772,24.499199999809207,False,738,0.0191999997696257,0.0258000000030733,0.0185999997484032,7.987300000422692,0.2601999995022197,0.1158000004579662,15.960799999447772,0.1113000007535447,0.0,24.454200000036508,24.499199999809207,24.46190000046045,500,500,333.0,1501.5015015015017,,False,11.735999999473279
3642,exp1-completion-paced,66,264,0.3119000002698158,5.241699999714911,38.216599999941536,32.974900000226626,0.021799999558425,24.51199999995879,500,739,16.045600000325067,24.58200000000943,False,739,0.0442000000475673,0.0258000000030733,0.0172999998540035,7.964000000356464,0.255299999480485,0.1165000003311433,16.045600000325067,0.1130000000557629,0.0,24.51199999995879,24.58200000000943,24.51880000080564,500,500,333.0,1501.5015015015017,,False,13.634599999932107
3643,exp1-completion-paced,66,264,0.2734999998210696,1.2418000005709473,41.2506000002395,40.00879999966856,0.0221000000237836,20.88409999942087,500,740,15.535900000031688,20.94409999972413,False,740,0.0283999997918726,0.0316000005113892,0.0178000000232714,4.978500000106578,0.1382999998895684,0.0291999995170044,15.535900000031688,0.1842000001488486,0.0,20.88409999942087,20.94409999972413,20.89109999997163,500,500,333.0,1501.5015015015017,,False,20.30650000051537
3644,exp1-completion-paced,66,264,0.2724000005400739,1.2257999997018487,35.75339999952121,34.52759999981936,0.0197999997908482,19.966099999692236,500,741,14.912099999492057,20.012599999972736,False,741,0.022000000171829,0.0245000001086737,0.0173999997059581,4.769199999827833,0.1337000003331923,0.028299999939918,14.912099999492057,0.1052000006893649,0.0,19.966099999692236,20.012599999972736,19.972900000539084,500,500,333.0,1501.5015015015017,,False,15.740799999548472
3645,exp1-completion-paced,66,264,0.2595999994809972,0.7380999995802995,49.947599999541126,49.209499999960826,0.0307000000248081,21.451100000376755,500,742,16.109599999253987,21.49530000042432,False,742,0.0183000001925393,0.025899999855028,0.0184000000444939,5.046799999945506,0.1376000000163912,0.0272000006589223,16.109599999253987,0.1113000007535447,0.0,21.451100000376755,21.49530000042432,21.45860000018729,500,500,333.0,1501.5015015015017,,False,28.452299999116807
3646,exp1-completion-paced,66,264,0.2784000007522991,1.2200999999549822,33.59000000000378,32.3699000000488,0.017899999875226,22.581700000046112,500,743,16.41210000070714,22.63080000011541,False,743,0.0221000000237836,0.0270000000455183,0.017899999875226,5.833199999869976,0.1732999999148887,0.0374000001102103,16.41210000070714,0.1075000000128056,0.0,22.581700000046112,22.63080000011541,22.589000000152737,500,500,333.0,1501.5015015015017,,False,10.959199999888373
3647,exp1-completion-paced,66,264,0.2733000001171604,0.6989000003159163,44.26349999994272,43.56459999962681,0.0196999999388935,24.897799999962444,500,744,19.88230000006297,24.9402999997983,False,744,0.0194000003830296,0.0230999994528247,0.0200000004042522,4.723199999716599,0.1336000004812376,0.0298999993901816,19.88230000006297,0.108600000203296,0.0,24.897799999962444,24.9402999997983,24.905799999942246,500,500,333.0,1501.5015015015017,,False,19.323200000144418
3648,exp1-completion-paced,66,264,0.2709999998842249,2.583800000138581,27.39470000051369,24.810900000375117,0.02059999951598,20.46909999990021,500,745,15.330100000028324,20.53079999950569,False,745,0.0376999996660742,0.0239999999394058,0.0178000000232714,4.821500000616652,0.1557999994474812,0.0307999998767627,15.330100000028324,0.1128000003518536,0.0,20.46909999990021,20.53079999950569,20.47589999983757,500,500,333.0,1501.5015015015017,,False,6.863900001008002
3649,exp1-completion-paced,66,264,0.2817000004142755,1.2484999997468549,32.64429999944696,31.395799999700102,0.0375999998141196,20.2913000002809,500,746,15.17950000015844,20.35239999986516,False,746,0.0212999993891571,0.0398000001951004,0.023200000214274,4.718899999716086,0.1351999999315012,0.0288000001091859,15.17950000015844,0.2053999996860511,0.0,20.2913000002809,20.35239999986516,20.298999999795345,500,500,333.0,1501.5015015015017,,False,12.291899999581798
3650,exp1-completion-paced,66,264,0.2629000000524684,1.1721999999281252,27.0872999999483,25.91510000002017,0.0202999999601161,19.409499999710533,500,747,14.464100000623148,19.455800000287127,False,747,0.0237000003835419,0.0226000001930515,0.0172000000020489,4.659299999730138,0.1414999996995902,0.0276999999186955,14.464100000623148,0.0995000000330037,0.0,19.409499999710533,19.455800000287127,19.416300000557385,500,500,333.0,1501.5015015015017,,False,7.631499999661173
3651,exp1-completion-paced,66,264,0.2724000005400739,1.2456000004021917,31.04419999999664,29.798599999594444,0.0193999994735349,22.89779999955499,500,748,18.04470000024594,22.947100000237697,False,748,0.0204000007215654,0.0288999999611405,0.0182999992830446,4.452900000615045,0.1302000000578118,0.0310999994326266,18.04470000024594,0.2203000003646593,0.0,22.89779999955499,22.947100000237697,22.911500000191158,500,500,333.0,1501.5015015015017,,False,8.097099999758942
3652,exp1-completion-paced,66,264,0.4654000003938563,5.50199999997858,35.90540000004694,30.40340000006836,0.0179999997271806,20.52520000052027,500,749,15.838199999961944,20.57280000008177,False,749,0.0236999994740472,0.0239000000874511,0.01810000048863,4.3994999996357365,0.1346999997622333,0.030900000638212,15.838199999961944,0.103599999420112,0.0,20.52520000052027,20.57280000008177,20.5324999997174,500,500,333.0,1501.5015015015017,,False,15.332599999965169
3653,exp1-completion-paced,66,264,0.2774999993562232,0.713000000359898,40.35860000021785,39.64559999985795,0.0212000004466972,20.868599999630533,500,750,15.49420000083046,20.914599999741768,False,750,0.0211999995372025,0.0248000005740323,0.017899999875226,5.035799999859592,0.1804000003176042,0.0312999991365359,15.49420000083046,0.1088999997591599,0.0,20.868599999630533,20.914599999741768,20.87630000005447,500,500,333.0,1501.5015015015017,,False,19.44400000047608
3654,exp1-completion-paced,66,264,0.3373999998075305,1.2393999995765623,41.36610000023211,40.126700000655546,0.019300000531075,25.880899999719983,500,751,18.00180000009277,25.999599999522616,False,751,0.0221999998757382,0.0964999999268911,0.0272999996013822,7.374300000265066,0.2562999998190207,0.1204000000143423,18.00180000009277,0.1006000002234941,0.0,25.880899999719983,25.999599999522616,25.919800000338,500,500,333.0,1501.5015015015017,,False,15.366500000709493
3655,exp1-completion-paced,66,264,0.3341999999975087,5.67730000057054,32.047400000010384,26.370099999439844,0.0186000006578979,20.021799999994982,500,752,15.126099999179132,20.06370000071911,False,752,0.0179000007847207,0.0239999999394058,0.017899999875226,4.605999999512278,0.1321999998253886,0.0295000008918577,15.126099999179132,0.1099999999496503,0.0,20.021799999994982,20.06370000071911,20.02879999963625,500,500,333.0,1501.5015015015017,,False,11.983699999291275
3656,exp1-completion-paced,66,264,0.2782999999908497,1.226899999892339,33.357100000102946,32.13020000021061,0.077699999565084,20.46139999947627,500,753,15.25630000014644,20.50659999986237,False,753,0.0203999998120707,0.0248000005740323,0.016699999832781,4.9227999998038285,0.1338000001851469,0.0288000001091859,15.25630000014644,0.1027999996949802,0.0,20.46139999947627,20.50659999986237,20.468499999878983,500,500,333.0,1501.5015015015017,,False,12.850500000240576
3657,exp1-completion-paced,66,264,0.2781000002869405,2.7484000002004905,39.563299999827,36.814899999626505,0.0202999999601161,20.155599999270635,500,754,15.110100000129025,20.20009999978356,False,754,0.0196999999388935,0.0248000005740323,0.0165000001288717,4.749199999423581,0.141000000439817,0.0400999997509643,15.110100000129025,0.0984999996944679,0.0,20.155599999270635,20.20009999978356,20.158899999842102,500,500,333.0,1501.5015015015017,,False,19.36320000004344
3658,exp1-completion-paced,66,264,0.285200000689656,1.1268999996900677,37.951799999973446,36.82490000028338,0.025899999855028,20.96069999970496,500,755,16.01100000061706,21.006500000112283,False,755,0.0217000006159651,0.0240999997913604,0.0188000003618071,4.578000000037719,0.1370999998471234,0.0409999993280507,16.01100000061706,0.1744999999573337,0.0,20.96069999970496,21.006500000112283,20.96810000057303,500,500,333.0,1501.5015015015017,,False,16.945299999861163
3659,exp1-completion-paced,66,264,0.2710999997361796,2.7546999999685795,30.59419999954116,27.83949999957258,0.0184999998964485,20.443400000658585,500,756,15.30319999983476,20.48550000017713,False,756,0.0177000001713167,0.0243999993472243,0.0176000003193621,4.839799999899697,0.1376000000163912,0.0465000002805027,15.30319999983476,0.0984999996944679,0.0,20.443400000658585,20.48550000017713,20.45060000000376,500,500,333.0,1501.5015015015017,,False,10.108699999364031
3660,exp1-completion-paced,66,264,0.2727000000959378,4.317599999922095,40.45599999972183,36.13839999979973,0.0185999997484032,20.902400000522903,500,757,16.02069999989908,20.943800000168267,False,757,0.0185999997484032,0.0227999998969608,0.0184999998964485,4.586600000038743,0.1348000005236826,0.0408999994760961,16.02069999989908,0.1007000000754487,0.0,20.902400000522903,20.943800000168267,20.909999999275897,500,500,333.0,1501.5015015015017,,False,19.512199999553566
3661,exp1-completion-paced,66,264,0.2698000007512746,1.2350999995760503,32.39919999941776,31.16409999984171,0.019099999917671,19.830099999126105,500,758,14.922600000318198,19.87739999913174,False,758,0.0202999999601161,0.0270000000455183,0.0177999991137767,4.614200000105484,0.1322000007348833,0.0397999992856057,14.922600000318198,0.1032999998642481,0.0,19.830099999126105,19.87739999913174,19.837400000142225,500,500,333.0,1501.5015015015017,,False,12.52180000028602
3662,exp1-completion-paced,66,264,0.2842000003511202,1.240700000380457,34.785800000463496,33.54510000008304,0.0184999998964485,21.144599999388447,500,759,15.93559999946592,21.1989999997968,False,759,0.0313000000460306,0.0231000003623194,0.0178000000232714,4.885499999545573,0.1522000002296408,0.0287000002572312,15.93559999946592,0.1246000001628999,0.0,21.144599999388447,21.1989999997968,21.15119999962189,500,500,333.0,1501.5015015015017,,False,13.586800000666695
3663,exp1-completion-paced,66,264,0.2686999996512895,2.69890000072337,34.16740000011487,31.468499999391497,0.0204999996640253,20.41079999980866,500,760,15.308699999877716,20.45550000002549,False,760,0.0203999998120707,0.0243000004047644,0.0178000000232714,4.790899999534304,0.1381000001856591,0.0326999997923849,15.308699999877716,0.1224000006914138,0.0,20.41079999980866,20.45550000002549,20.417700000507462,500,500,333.0,1501.5015015015017,,False,13.711900000089376
3664,exp1-completion-paced,66,264,0.2723000006881193,2.73760000072798,34.1180000004897,31.38039999976172,0.0180000006366753,20.479199999499546,500,761,15.304699999433067,20.521999999800755,False,761,0.0196000000869389,0.023200000214274,0.0180999995791353,4.868200000601064,0.1407999998264131,0.0313000000460306,15.304699999433067,0.1159000003099208,0.0,20.479199999499546,20.521999999800755,20.48639999975421,500,500,333.0,1501.5015015015017,,False,13.596000000688946
3665,exp1-completion-paced,66,264,0.2768999993350007,1.2872000006609596,37.58020000077522,36.29300000011426,0.0189000002137618,20.22969999961788,500,762,15.079899999363988,20.282599999518425,False,762,0.0202999999601161,0.0325999999404302,0.0183000001925393,4.838099999687984,0.1351999999315012,0.0329000004057888,15.079899999363988,0.1251000003321678,0.0,20.22969999961788,20.282599999518425,20.246099999894795,500,500,333.0,1501.5015015015017,,False,17.297600001256797
3666,exp1-completion-paced,66,264,0.2829000004567206,1.2123999995310442,38.46689999954833,37.25450000001729,0.017899999875226,21.243300000605814,500,763,15.86680000036722,21.299500000168337,False,763,0.0301999998555402,0.0259999997069826,0.0275000002147862,5.05669999984093,0.1411000002917717,0.0301999998555402,15.86680000036722,0.1208999992741155,0.0,21.243300000605814,21.299500000168337,21.25039999918954,500,500,333.0,1501.5015015015017,,False,17.167399999379995
3667,exp1-completion-paced,66,264,0.2676999993127538,1.2270000006537884,41.29999999986467,40.07299999921088,0.0183000001925393,20.59830000052898,500,764,14.88829999925656,20.64280000013241,False,764,0.0208999999813386,0.0235999996220925,0.0263000001723412,5.363799999940966,0.160600000526756,0.0343000001521431,14.88829999925656,0.1247999998668092,0.0,20.59830000052898,20.64280000013241,20.60429999983171,500,500,333.0,1501.5015015015017,,False,20.657199999732256
3668,exp1-completion-paced,66,264,0.2561999999670661,2.8234000001248205,37.15049999937037,34.32709999924555,0.0184999998964485,19.99729999988631,500,765,14.87879999967845,20.044299999426585,False,765,0.0215999998545157,0.0253999996857601,0.0180000006366753,4.832399999941117,0.1323999995292979,0.0292000004264991,14.87879999967845,0.1063999998223153,0.0,19.99729999988631,20.044299999426585,20.00399999997171,500,500,333.0,1501.5015015015017,,False,17.106199999943783
3669,exp1-completion-paced,66,264,0.2779000005830312,2.725800000007439,42.84840000036638,40.12260000035894,0.0713999997969949,21.78450000064913,500,766,16.414099999565224,21.846000000550703,False,766,0.0276999999186955,0.0337999999828753,0.0178000000232714,5.042900000262307,0.1589000003150431,0.0293000002784538,16.414099999565224,0.1212999995914287,0.0,21.78450000064913,21.846000000550703,21.79139999952895,500,500,333.0,1501.5015015015017,,False,21.00239999981568
3670,exp1-completion-paced,66,264,0.3149000003759283,0.0485999999000341,32.010799999625306,31.96219999972527,0.019099999917671,19.912900000235823,500,767,14.673200000288489,19.97540000047593,False,767,0.0208000001293839,0.0417000001107226,0.0170000002981396,4.9331999998685205,0.1377999997203005,0.0296999996862723,14.673200000288489,0.1216000000567874,0.0,19.912900000235823,19.97540000047593,19.91980000002513,500,500,333.0,1501.5015015015017,,False,12.035399999149377
3671,exp1-completion-paced,66,264,0.276000000667409,1.2642000001505949,38.36870000031922,37.10450000016863,0.0176000003193621,21.415000000160944,500,768,15.947899999446236,21.45850000033533,False,768,0.0192999996215803,0.0242000005528097,0.019099999917671,5.141900000126043,0.1343999992968747,0.0303000006169895,15.947899999446236,0.1411000002917717,0.0,21.415000000160944,21.45850000033533,21.422099999654165,500,500,333.0,1501.5015015015017,,False,16.91019999998389
3672,exp1-completion-paced,66,264,0.2844000000550295,1.2209999995320686,35.87789999983215,34.656900000300084,0.0198999996428028,24.06609999979992,500,769,17.003400000248803,24.313900000379363,False,769,0.0230000005103647,0.2248000000690808,0.0240999997913604,6.672299999991083,0.1407999998264131,0.032199999623117,17.003400000248803,0.1929999998537823,0.0,24.06609999979992,24.313900000379363,24.085199999717588,500,500,333.0,1501.5015015015017,,False,11.56399999945279
3673,exp1-completion-paced,66,264,0.2818000002662302,2.2189999999682186,35.80199999942124,33.58299999945302,0.030999999580672,20.68880000024365,500,770,15.386299999590848,20.73070000005828,False,770,0.0189000002137618,0.02299999960087,0.017899999875226,5.002300000342075,0.1339999998890562,0.0294000001304084,15.386299999590848,0.1185999999506748,0.0,20.68880000024365,20.73070000005828,20.69510000001173,500,500,333.0,1501.5015015015017,,False,15.07129999936296
3674,exp1-completion-paced,66,264,0.255299999480485,1.2260999992577126,31.980299999304407,30.75420000004669,0.019300000531075,20.3574999995908,500,771,14.446499999394293,20.546799999465293,False,771,0.0215000000025611,0.1677999998719315,0.0178000000232714,5.614200000309211,0.1382000000376138,0.0295999998343177,14.446499999394293,0.1110000002881861,0.0,20.3574999995908,20.546799999465293,20.36489999954938,500,500,333.0,1501.5015015015017,,False,11.433499999839114
3675,exp1-completion-paced,66,264,0.3075999993598088,1.2243000001035398,42.92850000001636,41.70419999991282,0.0196999999388935,25.401399999282148,500,772,16.426700000010896,25.452799999584386,False,772,0.0204999996640253,0.030900000638212,0.0180999995791353,8.330599999680999,0.2705000006244518,0.2343999994991463,16.426700000010896,0.1208000003316556,0.0,25.401399999282148,25.452799999584386,25.407600000107777,500,500,333.0,1501.5015015015017,,False,17.475700000431978
3676,exp1-completion-paced,66,264,0.2645999993546866,1.2120000001232256,38.22429999945598,37.012299999332754,0.0203999998120707,20.117400000344787,500,773,14.65029999963008,20.16139999977895,False,773,0.0204999996640253,0.0234999997701379,0.0173000007634982,5.163999999240332,0.1369000001432141,0.0287000002572312,14.65029999963008,0.1200000006065238,0.0,20.117400000344787,20.16139999977895,20.123899999816786,500,500,333.0,1501.5015015015017,,False,18.06289999967703
3677,exp1-completion-paced,66,264,0.2801000000545173,0.7607999996253056,37.12410000025557,36.36330000063026,0.0184000000444939,20.29940000011265,500,774,15.029199999844424,20.340899999609974,False,774,0.0185999997484032,0.0228999997489154,0.0170000002981396,4.970299999513372,0.1365000007353956,0.0307999998767627,15.029199999844424,0.1154000001406529,0.0,20.29940000011265,20.340899999609974,20.30560000002879,500,500,333.0,1501.5015015015017,,False,16.783200000645593
3678,exp1-completion-paced,66,264,0.2783999998428044,1.2106999993193313,31.35519999977987,30.14450000046054,0.021799999558425,20.418499999323103,500,775,15.278099999704864,20.46139999947627,False,775,0.019099999917671,0.0238000002354965,0.0178000000232714,4.848300000048766,0.1368999992337194,0.0302000007650349,15.278099999704864,0.1069999998435378,0.0,20.418499999323103,20.46139999947627,20.42470000014873,500,500,333.0,1501.5015015015017,,False,10.8938000003036
3679,exp1-completion-paced,66,264,0.2819000001181848,0.7545999997091712,42.86859999956505,42.11399999985588,0.0208999999813386,24.26240000022517,500,776,16.84309999927791,24.30519999961689,False,776,0.0186999996003578,0.0240999997913604,0.0270000000455183,6.908500000463391,0.2533999995648628,0.1207000004797009,16.84309999927791,0.1095000006898772,0.0,24.26240000022517,24.30519999961689,24.268900000606664,500,500,333.0,1501.5015015015017,,False,18.56339999994816
3680,exp1-completion-paced,66,264,0.2802999997584265,0.050300000111747,26.134300000194344,26.0840000000826,0.0319000000672531,20.315700000537618,500,777,15.16989999981888,20.362899999781803,False,777,0.0224999994316021,0.0246999998125829,0.0176000003193621,4.83520000034332,0.1461000001654611,0.0289999998130952,15.16989999981888,0.117599999612139,0.0,20.315700000537618,20.362899999781803,20.32269999926939,500,500,333.0,1501.5015015015017,,False,5.771400000412541
3681,exp1-completion-paced,66,264,0.2780999993774458,1.202999999804888,42.70129999986239,41.4983000000575,0.0184000000444939,20.666500000515956,500,778,15.640600000551784,20.72390000012092,False,778,0.0185999997484032,0.0387999998565646,0.0243000004047644,4.7103999995670165,0.1481999997849925,0.0300000001516309,15.640600000551784,0.1127999994423589,0.0,20.666500000515956,20.72390000012092,20.68799999960902,500,500,333.0,1501.5015015015017,,False,21.977399999741472
3682,exp1-completion-paced,66,264,0.2750000003288733,0.7656999996470404,28.02969999993365,27.26400000028661,0.0188000003618071,20.18229999976029,500,779,15.26819999980944,20.22599999963859,False,779,0.0209999998332932,0.0227000000450061,0.0163999993674224,4.602599999998347,0.1371000007566181,0.0303999995594494,15.26819999980944,0.1274000005651032,0.0,20.18229999976029,20.22599999963859,20.18850000058592,500,500,333.0,1501.5015015015017,,False,7.803700000295063
3683,exp1-completion-paced,66,264,0.2773999995042686,1.2073999996573548,34.07270000025164,32.86530000059429,0.0183000001925393,20.340500000202155,500,780,15.505800000028104,20.39260000037757,False,780,0.0200000004042522,0.0320999997711624,0.0174000006154528,4.533499999524793,0.1343000003544148,0.0389999995604739,15.505800000028104,0.1104000002669636,0.0,20.340500000202155,20.39260000037757,20.347399999991467,500,500,333.0,1501.5015015015017,,False,13.680099999874074
3684,exp1-completion-paced,66,264,0.2711999995881342,1.2433000001692562,36.66690000045492,35.42360000028566,0.0183000001925393,20.041699999637785,500,781,14.92580000012822,20.085399999516085,False,781,0.0188000003618071,0.0248999995164922,0.0185999997484032,4.81480000053125,0.138399999741523,0.0290999996650498,14.92580000012822,0.1147000002674758,0.0,20.041699999637785,20.085399999516085,20.04860000033659,500,500,333.0,1501.5015015015017,,False,16.58150000093884
3685,exp1-completion-paced,66,264,0.2828999995472259,2.690100000108941,35.12810000029276,32.43800000018382,0.0201000002562068,19.794499999989057,500,782,14.476700000159326,19.83600000039587,False,782,0.0187000005098525,0.0227999998969608,0.0422000002799904,4.9813999994512415,0.1400999999532359,0.0304000004689442,14.476700000159326,0.1233999992109602,0.0,19.794499999989057,19.83600000039587,19.8008999996091,500,500,333.0,1501.5015015015017,,False,15.292099999896891
3686,exp1-completion-paced,66,264,0.2571000004536472,2.7542999996512663,34.061299999848416,31.30700000019715,0.0206000004254747,20.06690000052913,500,783,15.07930000025226,20.113600000513543,False,783,0.0216000007640104,0.0250999992204015,0.0168000005942303,4.667899999731162,0.1453000004403293,0.0317999993058037,15.07930000025226,0.1254999997399863,0.0,20.06690000052913,20.113600000513543,20.07359999970504,500,500,333.0,1501.5015015015017,,False,13.947699999334873
3687,exp1-completion-paced,66,264,0.3148000005239737,2.6705000000220025,36.99679999954242,34.326299999520415,0.017899999875226,21.24900000035268,500,784,16.10499999969761,21.29220000006171,False,784,0.0188000003618071,0.0243999993472243,0.017899999875226,4.849900000408525,0.137199999699078,0.0305000003208988,16.10499999969761,0.1083000006474321,0.0,21.24900000035268,21.29220000006171,21.25620000060735,500,500,333.0,1501.5015015015017,,False,15.704599999480706
3688,exp1-completion-paced,66,264,0.2818000002662302,1.2436999995770748,42.70889999952488,41.4651999999478,0.0199999994947575,22.443699999712408,500,785,17.45070000015403,22.507699999550823,False,785,0.0319000000672531,0.0320999997711624,0.0172999998540035,4.687700000431505,0.1382000000376138,0.0325000000884756,17.45070000015403,0.1170999994428712,0.0,22.443699999712408,22.507699999550823,22.45089999996708,500,500,333.0,1501.5015015015017,,False,20.201199999974058
3689,exp1-completion-paced,66,264,0.2771999998003593,1.2137000003349383,42.2113000004174,40.99760000008246,0.0195000002349843,20.262799999727577,500,786,15.195900000435358,20.309399999860037,False,786,0.0196999999388935,0.0269000001935637,0.0182000003405846,4.765699999552453,0.1387000002068816,0.0297999995382269,15.195900000435358,0.1142999999501626,0.0,20.262799999727577,20.309399999860037,20.2700999998342,500,500,333.0,1501.5015015015017,,False,21.901900000557365
3690,exp1-completion-paced,66,264,0.2918000000136089,2.751400000306603,30.187600000317616,27.436200000011013,0.0183000001925393,21.70639999985724,500,787,16.53379999970639,21.749999999883585,False,787,0.019300000531075,0.0242999994952697,0.0175000004674075,4.8686000000088825,0.1385999994454323,0.0299000002996763,16.53379999970639,0.117800000225543,0.0,21.70639999985724,21.749999999883585,21.713500000259955,500,500,333.0,1501.5015015015017,,False,8.437600000434031
3691,exp1-completion-paced,66,264,0.2807000000757398,1.2526999998954125,38.16850000021077,36.91580000031536,0.0177000001713167,20.37459999974089,500,788,15.460099999472732,20.41929999995773,False,788,0.0197999997908482,0.0249000004259869,0.017699999261822,4.6145000005708425,0.1334999997197883,0.0305000003208988,15.460099999472732,0.1182000005428562,0.0,20.37459999974089,20.41929999995773,20.3815000004397,500,500,333.0,1501.5015015015017,,False,17.74920000025304
3692,exp1-completion-paced,66,264,0.278499999694759,0.0739999995857942,41.77279999930761,41.69879999972181,0.0209999998332932,20.920699999805947,500,789,15.82689999941067,20.966399999451824,False,789,0.0218999994103796,0.0238000002354965,0.0172000000020489,4.785400000400841,0.1354999994873651,0.0322000005326117,15.82689999941067,0.1233000002685003,0.0,20.920699999805947,20.966399999451824,20.927499999743304,500,500,333.0,1501.5015015015017,,False,20.806399999855785
3693,exp1-completion-paced,66,264,0.2771999998003593,1.0756000001492794,35.02399999979389,33.94839999964461,0.019300000531075,20.268299999770534,500,790,15.1689999993323,20.34980000007636,False,790,0.0215000000025611,0.0600000003032619,0.0173999997059581,4.792600000655511,0.1433999996152124,0.0279000005320995,15.1689999993323,0.1177000003735884,0.0,20.268299999770534,20.34980000007636,20.274800000152027,500,500,333.0,1501.5015015015017,,False,14.674199999717526
3694,exp1-completion-paced,66,264,0.3294000007372233,0.0585999996474129,39.01700000005803,38.95840000041062,0.0186999996003578,22.685200000523764,500,791,16.776100000242877,22.75480000025709,False,791,0.0276000000667409,0.0419999996665865,0.0174000006154528,5.591699999968114,0.1418000001649488,0.0299999992421362,16.776100000242877,0.1281000004382804,0.0,22.685200000523764,22.75480000025709,22.69200000046112,500,500,333.0,1501.5015015015017,,False,16.26219999980094
3695,exp1-completion-paced,66,264,0.2793000003293855,1.7586000003575464,38.653599999634025,36.89499999927648,0.0202000001081614,26.307499999347783,500,792,15.93810000031226,26.524299999437066,False,792,0.0196000000869389,0.1972000000023399,0.0563999992664321,9.609800000362156,0.4361999999673571,0.116399999569694,15.93810000031226,0.1504000001659733,0.0,26.307499999347783,26.524299999437066,26.343000000451863,500,500,333.0,1501.5015015015017,,False,12.12930000019696
3696,exp1-completion-paced,66,264,0.2781999992294004,2.7829999999084976,29.57719999994879,26.79420000004029,0.0194999993254896,21.140699999705248,500,793,15.745599999718252,21.19330000004993,False,793,0.0195000002349843,0.0331000001096981,0.0168999995366903,5.080500000076427,0.1394999999320134,0.0311000003421213,15.745599999718252,0.1269000003958353,0.0,21.140699999705248,21.19330000004993,21.146699999917477,500,500,333.0,1501.5015015015017,,False,8.383899999898858
3697,exp1-completion-paced,66,264,0.2886000002035871,2.742699999544129,41.11379999994824,38.37110000040411,0.0185999997484032,24.741199999880337,500,794,15.651900000193564,24.78709999923012,False,794,0.0197999997908482,0.0260999995589372,0.0172000000020489,8.573699999942619,0.2423000005364883,0.1280999995287857,15.651900000193564,0.1277999999729218,0.0,24.741199999880337,24.78709999923012,24.74900000015623,500,500,333.0,1501.5015015015017,,False,16.326700000718123
3698,exp1-completion-paced,66,264,0.2744000003076507,0.733599999875878,29.997899999216315,29.26429999934044,0.0186999996003578,21.71150000049238,500,795,16.085799999927985,21.7809000005218,False,795,0.023200000214274,0.0461999998151441,0.016900000446185,5.282699999952456,0.1726999998936662,0.0307000000248081,16.085799999927985,0.1225000005433685,0.0,21.71150000049238,21.7809000005218,21.719100000154867,500,500,333.0,1501.5015015015017,,False,8.216999998694515
3699,exp1-completion-paced,66,264,0.2952000004370347,1.151899999968009,31.54739999990852,30.39549999994051,0.0206000004254747,21.31809999991674,500,796,15.955099999700906,21.409400000266032,False,796,0.0199000005522975,0.0713999997969949,0.032199999623117,5.03850000040984,0.1329999995505204,0.0299000002996763,15.955099999700906,0.1291999997192761,0.0,21.31809999991674,21.409400000266032,21.347899999454967,500,500,333.0,1501.5015015015017,,False,10.137999999642489
3700,exp1-completion-paced,66,264,0.27460000001156,1.216000000567874,29.54520000002958,28.329199999461707,0.019099999917671,21.22309999958816,500,797,15.960400000039954,21.26609999959328,False,797,0.0215999998545157,0.0214000001506065,0.0173999997059581,4.957800000738644,0.1351999999315012,0.0286999993477365,15.960400000039954,0.1234999999724095,0.0,21.22309999958816,21.26609999959328,21.230199999990877,500,500,333.0,1501.5015015015017,,False,8.279100000436301
3701,exp1-completion-paced,66,264,0.2770999999484047,0.0622999996267026,41.18379999999888,41.12150000037218,0.0199999994947575,23.4442000000854,500,798,17.495900000540132,23.49649999996473,False,798,0.0204999996640253,0.0318000002152984,0.017899999875226,5.622099999527563,0.1371000007566181,0.028099999326514,17.495900000540132,0.1428999994459445,0.0,23.4442000000854,23.49649999996473,23.45119999972667,500,500,333.0,1501.5015015015017,,False,17.687300000034153
3702,exp1-completion-paced,66,264,0.2758999999059597,1.2234999994689133,39.617599999473896,38.39410000000498,0.0190000000657164,22.206399999959103,500,799,16.421500000433298,22.250299999541312,False,799,0.0179999997271806,0.025899999855028,0.0176000003193621,5.448799999612675,0.1605000006748014,0.0278999996226048,16.421500000433298,0.1298999995924532,0.0,22.206399999959103,22.250299999541312,22.21319999989646,500,500,333.0,1501.5015015015017,,False,17.367299999932584
3703,exp1-completion-paced,66,264,0.3532000000632251,1.2224000001879176,35.992199999782315,34.7697999995944,0.0208999999813386,21.566600000369363,500,800,15.96389999940584,21.62289999978384,False,800,0.0208000001293839,0.0354999992850935,0.0167000007422757,5.285799999910523,0.1394999999320134,0.0294000001304084,15.96389999940584,0.1311000005443929,0.0,21.566600000369363,21.62289999978384,21.570100000644743,500,500,333.0,1501.5015015015017,,False,14.369299999998475
3704,exp1-completion-paced,66,264,0.2761999994618236,0.0494000005346606,42.21810000035475,42.16869999982009,0.0188000003618071,21.67300000019168,500,801,16.040200000134064,21.722399999816844,False,801,0.0210999996852478,0.028299999939918,0.0173999997059581,5.313999999998487,0.139800000397372,0.0310999994326266,16.040200000134064,0.1302000000578118,0.0,21.67300000019168,21.722399999816844,21.679800000129035,500,500,333.0,1501.5015015015017,,False,20.49570000053791
3705,exp1-completion-paced,66,264,0.2753999997366918,0.0501999993502977,42.70619999988412,42.65600000053382,0.0184999998964485,20.77999999983149,500,802,15.418299999510054,20.82330000030197,False,802,0.0200000004042522,0.0233000000662286,0.0176000003193621,5.047599999670638,0.1349000003756373,0.0276000000667409,15.418299999510054,0.1337000003331923,0.0,20.77999999983149,20.82330000030197,20.787299999938117,500,500,333.0,1501.5015015015017,,False,21.88289999958215
3706,exp1-completion-paced,66,264,0.2788000001601176,4.221199999847158,34.08530000069732,29.86410000085016,0.01810000048863,21.07570000043779,500,803,15.408700000079987,21.15250000042579,False,803,0.0219000003198743,0.0548999996681232,0.0186000006578979,5.313999999998487,0.1395999997839681,0.0620000000708387,15.408700000079987,0.1324999993812525,0.0,21.07570000043779,21.15250000042579,21.0836999995081,500,500,333.0,1501.5015015015017,,False,12.932800000271534
3707,exp1-completion-paced,66,264,0.282599999991362,5.78010000026552,39.55169999971986,33.77159999945434,0.0195000002349843,21.55390000007173,500,804,15.82109999981185,21.59540000047855,False,804,0.0180000006366753,0.0234999997701379,0.0172999998540035,5.407999999988533,0.1419000000169035,0.0313000000460306,15.82109999981185,0.1342000005024601,0.0,21.55390000007173,21.59540000047855,21.56070000000909,500,500,333.0,1501.5015015015017,,False,17.95629999924131
3708,exp1-completion-paced,66,264,0.2592000000731786,0.7045000002108281,34.72260000035021,34.018100000139384,0.0206000004254747,21.29280000008293,500,805,15.72519999990618,21.37600000060047,False,805,0.0194000003830296,0.0638000001345062,0.016699999832781,5.255899999610847,0.1349000003756373,0.0289999998130952,15.72519999990618,0.1308000000790343,0.0,21.29280000008293,21.37600000060047,21.298200000273937,500,500,333.0,1501.5015015015017,,False,13.346599999749742
3709,exp1-completion-paced,66,264,0.2735000007305643,1.2287999998079613,38.27710000041407,37.048300000606105,0.0191999997696257,20.50619999954506,500,806,15.264299999216746,20.56059999995341,False,806,0.01810000048863,0.0362999999197199,0.016499999219377,4.932100000587525,0.1314999999522115,0.0299000002996763,15.264299999216746,0.1317000005656154,0.0,20.50619999954506,20.56059999995341,20.520500000202446,500,500,333.0,1501.5015015015017,,False,17.716500000460663
3710,exp1-completion-paced,66,264,0.2758999999059597,1.2554000004456611,36.71380000014324,35.458399999697576,0.0350999998772749,22.15520000027027,500,807,16.732600000068487,22.255699999732315,False,807,0.0209999998332932,0.0794999996287515,0.0195000002349843,5.106200000227545,0.1366999995298101,0.0288000001091859,16.732600000068487,0.1310999996348982,0.0,22.15520000027027,22.255699999732315,22.161899999446177,500,500,333.0,1501.5015015015017,,False,14.458100000410923
3711,exp1-completion-paced,66,264,0.2573000001575565,1.3111000007484108,38.3112000008623,37.00010000011389,0.0202000001081614,21.68590000019321,500,808,15.902899999673537,21.93310000075144,False,808,0.0192000006791204,0.2279999998791027,0.061900000218884,5.211099999542057,0.2366999997320817,0.1096000005418318,15.902899999673537,0.1634999998714192,0.0,21.68590000019321,21.93310000075144,21.72329999939393,500,500,333.0,1501.5015015015017,,False,16.37810000011086
3712,exp1-completion-paced,66,264,0.2844000000550295,2.6903999996648054,31.0778000002756,28.3874000006108,0.0209999998332932,20.999200000005654,500,809,15.840800000660238,21.042499999566644,False,809,0.0204999996640253,0.0227999998969608,0.0180000006366753,4.840399999920919,0.1369000001432141,0.0287999991996912,15.840800000660238,0.1339999998890562,0.0,20.999200000005654,21.042499999566644,21.0069000004296,500,500,333.0,1501.5015015015017,,False,10.035300000708958
3713,exp1-completion-paced,66,264,0.2713000003495835,2.7588000002651825,33.6077000001751,30.84889999990992,0.0182000003405846,21.315700000741344,500,810,15.905199999906472,21.35880000059842,False,810,0.0190000000657164,0.0240999997913604,0.0183000001925393,5.091199999696983,0.1401000008627306,0.0297999995382269,15.905199999906472,0.1308000000790343,0.0,21.315700000741344,21.35880000059842,21.322999999938475,500,500,333.0,1501.5015015015017,,False,12.248899999576679
3714,exp1-completion-paced,66,264,0.2800000002025626,2.7516000000105123,41.2439000001541,38.49230000014359,0.0195000002349843,23.14349999960541,500,811,16.668700000082026,23.19939999961207,False,811,0.0200000004042522,0.0358999996024067,0.0177000001713167,5.972799999653944,0.1866000002337386,0.0369999997928971,16.668700000082026,0.260300000263669,0.0,23.14349999960541,23.19939999961207,23.149600000579085,500,500,333.0,1501.5015015015017,,False,18.04450000054203
3715,exp1-completion-paced,66,264,0.4035000001749722,2.6155000005019247,46.6286000000764,44.01309999957448,0.0207000002774293,27.11159999944357,500,812,21.450000000186265,27.160399999957008,False,812,0.017899999875226,0.030900000638212,0.0455999997939216,5.174699999770382,0.1428000005034846,0.0296999996862723,21.450000000186265,0.2684000000954256,0.0,27.11159999944357,27.160399999957008,27.1178000002692,500,500,333.0,1501.5015015015017,,False,19.468200000119396
3716,exp1-completion-paced,66,264,0.2642999997988227,0.7765999998810003,42.18200000013894,41.40540000025794,0.0313999998979852,31.728599999951257,500,813,22.50240000012127,31.784099999640603,False,813,0.0236999994740472,0.0318000002152984,0.0239999999394058,8.701400000063586,0.2517000002626446,0.1155999998445622,22.50240000012127,0.133300000015879,0.0,31.728599999951257,31.784099999640603,31.738900000163994,500,500,333.0,1501.5015015015017,,False,10.397900000498339
3717,exp1-completion-paced,66,264,0.2771999998003593,1.2781000004906673,38.19579999981215,36.917699999321485,0.0193999994735349,23.02060000056372,500,814,17.721000000165077,23.091500000191445,False,814,0.0429000001531676,0.0279999994745594,0.0189000002137618,4.9748000001272885,0.1419999998688581,0.0288999999611405,17.721000000165077,0.1347999996141879,0.0,23.02060000056372,23.091500000191445,23.027799999908893,500,500,333.0,1501.5015015015017,,False,15.104299999620707
3718,exp1-completion-paced,66,264,0.2834999995684484,2.7863999994224287,37.91379999984201,35.127400000419584,0.0208000001293839,21.172499999920547,500,815,16.03720000002795,21.21549999992567,False,815,0.0216999997064704,0.0213000002986518,0.017699999261822,4.823700000088138,0.1313000002483022,0.0293000002784538,16.03720000002795,0.133099999402475,0.0,21.172499999920547,21.21549999992567,21.179499999561813,500,500,333.0,1501.5015015015017,,False,16.698299999916344
3719,exp1-completion-paced,66,264,0.2727000000959378,4.195700000309444,43.25100000005477,39.05529999974533,0.0212999993891571,21.68409999922005,500,816,15.898999999990338,21.90119999977469,False,816,0.0195000002349843,0.1976000003196532,0.025699999241624,5.455600000459526,0.1395999997839681,0.0310000004901667,15.898999999990338,0.1329999995505204,0.0,21.68409999922005,21.90119999977469,21.71309999994264,500,500,333.0,1501.5015015015017,,False,21.349800000280084
3720,exp1-completion-paced,66,264,0.2934999993158271,1.1966000001848442,27.99240000058489,26.79580000040005,0.0176000003193621,21.00590000009106,500,817,15.59259999976348,21.049299999504,False,817,0.0198999996428028,0.0234999997701379,0.0182000003405846,5.093499999929918,0.1388999999107909,0.0299000002996763,15.59259999976348,0.1326000001427019,0.0,21.00590000009106,21.049299999504,21.013000000493776,500,500,333.0,1501.5015015015017,,False,6.943100001080889
3721,exp1-completion-paced,66,264,0.2638000005390495,2.2122999998828163,38.65750000022672,36.4452000003439,0.0186999996003578,20.792300000721298,500,818,15.411299999868788,20.85880000049656,False,818,0.0356999998984974,0.0307999998767627,0.0173000007634982,5.070499999419553,0.1342000005024601,0.0291999995170044,15.411299999868788,0.1296000000365893,0.0,20.792300000721298,20.85880000049656,20.798499999727937,500,500,333.0,1501.5015015015017,,False,17.798699999730157
3722,exp1-completion-paced,66,264,0.3167999993820558,2.7149000006829738,41.22700000061741,38.51209999993444,0.0195000002349843,22.57689999987633,500,819,17.02560000012454,22.825799999736773,False,819,0.0224999994316021,0.2264000004288391,0.0175000004674075,5.232599999544618,0.1387000002068816,0.0289999998130952,17.02560000012454,0.133300000015879,0.0,22.57689999987633,22.825799999736773,22.5854000000254,500,500,333.0,1501.5015015015017,,False,18.401200000880635
3723,exp1-completion-paced,66,264,0.2735999996730243,0.7206000000223867,32.62859999995271,31.907999999930325,0.0240999997913604,20.65120000042953,500,820,15.353000000686734,20.698999999694934,False,820,0.0192999996215803,0.0284999996438273,0.019099999917671,4.984600000170758,0.1341000006505055,0.0286999993477365,15.353000000686734,0.1313999991907621,0.0,20.65120000042953,20.698999999694934,20.65909999964788,500,500,333.0,1501.5015015015017,,False,11.929600000257778
3724,exp1-completion-paced,66,264,0.2785999995467136,0.7291000001714565,33.73790000023291,33.008800000061456,0.0185999997484032,20.61409999987518,500,821,15.337900000304217,20.660899999711543,False,821,0.0221999998757382,0.0245999999606283,0.0255000004472094,4.95269999919401,0.1343000003544148,0.029499999982363,15.337900000304217,0.1339999998890562,0.0,20.61409999987518,20.660899999711543,20.61740000044665,500,500,333.0,1501.5015015015017,,False,13.07700000052137
3725,exp1-completion-paced,66,264,0.2813000000969623,1.2225000000398722,34.741200000098615,33.51870000005874,0.0204000007215654,25.846600000477338,500,822,20.655299999816634,25.89239999997517,False,822,0.0203999998120707,0.0253999996857601,0.0176000003193621,4.737899999781803,0.1361000004180823,0.0419999996665865,20.655299999816634,0.2574000000095111,0.0,25.846600000477338,25.89239999997517,25.84999999999127,500,500,333.0,1501.5015015015017,,False,8.848800000123447
3726,exp1-completion-paced,66,264,0.2623000000312459,0.155300000187708,41.46760000003269,41.31229999984498,0.0193999994735349,20.452499999919382,500,823,15.267699999640172,20.52269999967393,False,823,0.0202000001081614,0.0499999996463884,0.0187000005098525,4.860199999711767,0.1357000001007691,0.0423000001319451,15.267699999640172,0.1277000001209671,0.0,20.452499999919382,20.52269999967393,20.47099999981583,500,500,333.0,1501.5015015015017,,False,20.94490000035876
3727,exp1-completion-paced,66,264,0.2604000001156237,1.2337999996816509,41.311400000267895,40.07760000058624,0.0197999997908482,22.717699999702745,500,824,17.186600000059116,22.765499999877647,False,824,0.0194000003830296,0.0283999997918726,0.0173999997059581,5.238499999904889,0.1381000001856591,0.0319999999192077,17.186600000059116,0.1049000002240063,0.0,22.717699999702745,22.765499999877647,22.724499999640106,500,500,333.0,1501.5015015015017,,False,18.545900000390247
3728,exp1-completion-paced,66,264,0.3280000000813743,2.7208000001337496,39.77540000050794,37.054600000374194,0.0377999995180289,20.880499999293534,500,825,15.576400000099966,21.03099999931146,False,825,0.1253999998880317,0.0251000001298962,0.0175999994098674,4.996900000151072,0.1355000003968598,0.0420999995185411,15.576400000099966,0.1118000000133179,0.0,20.880499999293534,21.03099999931146,20.887800000309653,500,500,333.0,1501.5015015015017,,False,18.74440000119648
3729,exp1-completion-paced,66,264,0.3936000002795481,1.590000000760483,30.266600000686594,28.67659999992611,0.0202999999601161,20.770600000105333,500,826,15.651999999136024,20.81490000000485,False,826,0.0182999992830446,0.0260000006164773,0.0160999998115585,4.829100000279141,0.1347999996141879,0.0329000004057888,15.651999999136024,0.1054000003932742,0.0,20.770600000105333,20.81490000000485,20.7737000000634,500,500,333.0,1501.5015015015017,,False,9.451700000681743
3730,exp1-completion-paced,66,264,0.2691999998205574,2.754799999820534,36.73979999985022,33.985000000029686,0.0199000005522975,20.58119999946939,500,827,15.235199999551696,20.654799999647366,False,827,0.0276999999186955,0.0459000002592802,0.0173999997059581,5.040000000008149,0.1468999998905928,0.0410000002375454,15.235199999551696,0.1005000003715395,0.0,20.58119999946939,20.654799999647366,20.58839999972406,500,500,333.0,1501.5015015015017,,False,16.085000000202854
3731,exp1-completion-paced,66,264,0.279699999737204,2.7392000001782435,33.59910000017408,30.859899999995832,0.0466999999844119,20.61070000036125,500,828,15.38170000003447,20.665300000473508,False,828,0.0213000002986518,0.0332999998136074,0.0185999997484032,4.943700000694662,0.1382999998895684,0.029499999982363,15.38170000003447,0.0986999993983772,0.0,20.61070000036125,20.665300000473508,20.61909999974887,500,500,333.0,1501.5015015015017,,False,12.933799999700575
3732,exp1-completion-paced,66,264,0.2764999999271822,3.7590000001728185,36.79009999996197,33.03109999978915,0.022000000171829,22.13859999937995,500,829,16.378000000258908,22.18249999987165,False,829,0.0208999999813386,0.0230000005103647,0.0175999994098674,5.29129999995348,0.2399000004515983,0.11369999992894,16.378000000258908,0.0978999996732454,0.0,22.13859999937995,22.18249999987165,22.145699999782664,500,500,333.0,1501.5015015015017,,False,14.607600000090319
3733,exp1-completion-paced,66,264,0.2810000005410984,0.7673999998587533,41.79359999943699,41.02619999957824,0.0180000006366753,20.565499999975145,500,830,15.266800000063084,20.66139999988081,False,830,0.0195999991774442,0.0763000007282244,0.0334999995175167,5.000500000278407,0.1352999997834558,0.0282000000879634,15.266800000063084,0.101100000392762,0.0,20.565499999975145,20.66139999988081,20.59850000023289,500,500,333.0,1501.5015015015017,,False,21.132199999556182
3734,exp1-completion-paced,66,264,0.2701999992495985,0.7189999996626284,29.69149999989895,28.972500000236323,0.0438999995822086,20.63660000021628,500,831,15.638899999430578,20.68280000003142,False,831,0.0228999997489154,0.0233000000662286,0.0172000000020489,4.7079000005396665,0.1369999999951687,0.0307000000248081,15.638899999430578,0.1045999997586477,0.0,20.63660000021628,20.68280000003142,20.643299999392184,500,500,333.0,1501.5015015015017,,False,9.008699999867531
3735,exp1-completion-paced,66,264,0.274800000624964,5.346500000086962,32.950699999673816,27.604199999586854,0.0200999993467121,20.388099999763654,500,832,15.245900000081749,20.4345000001922,False,832,0.0200000004042522,0.0264000000242958,0.0251000001298962,4.848300000048766,0.139899999339832,0.0283999997918726,15.245900000081749,0.1003000006676302,0.0,20.388099999763654,20.4345000001922,20.39630000035686,500,500,333.0,1501.5015015015017,,False,12.516199999481614
3736,exp1-completion-paced,66,264,0.2757000002020504,1.2320000005274778,35.39060000002792,34.15859999950044,0.02050000057352,21.59879999999248,500,833,16.316499999447842,21.72799999971176,False,833,0.0706999999238178,0.0584999997954582,0.0175999994098674,4.989700000805897,0.1391999994666548,0.0310000004901667,16.316499999447842,0.1046000006681424,0.0,21.59879999999248,21.72799999971176,21.606500000416418,500,500,333.0,1501.5015015015017,,False,13.662600000316164
3737,exp1-completion-paced,66,264,0.2789000000120722,1.201000000037311,41.777100000217615,40.576100000180304,0.0264000000242958,21.169199999349075,500,834,15.394300000480143,21.415299999716808,False,834,0.0184000000444939,0.2277000003232387,0.0242999994952697,5.482999999912863,0.1405000002705492,0.034599999708007,15.394300000480143,0.0921999999263789,0.0,21.169199999349075,21.415299999716808,21.197799999754352,500,500,333.0,1501.5015015015017,,False,20.361800000500807
3738,exp1-completion-paced,66,264,0.2722999997786246,4.340000000411237,34.373400000731635,30.0334000003204,0.0196999999388935,21.417599999949744,500,835,16.381600000386243,21.635699999933426,False,835,0.0193999994735349,0.1987000005101435,0.034599999708007,4.7210000002451125,0.1361000004180823,0.0281999991784687,16.381600000386243,0.1158000004579662,0.0,21.417599999949744,21.635699999933426,21.42910000020493,500,500,333.0,1501.5015015015017,,False,12.73770000079821
3739,exp1-completion-paced,66,264,0.2723999996305792,0.0561000006200629,41.25270000076853,41.196600000148464,0.0228999997489154,24.82690000033472,500,836,16.514700000698213,24.86580000004324,False,836,0.0184000000444939,0.0204999996640253,0.01810000048863,7.744599999568891,0.3057000003536814,0.1195999993797158,16.514700000698213,0.1240000001416774,0.0,24.82690000033472,24.86580000004324,24.832700000843037,500,500,333.0,1501.5015015015017,,False,16.386900000725287
3740,exp1-completion-paced,66,264,0.2779999995254911,0.7206000000223867,35.91539999979432,35.19479999977193,0.0215000000025611,21.113099999638507,500,837,15.476799999305513,21.365200000218465,False,837,0.0219000003198743,0.2302000002600834,0.0239999999394058,5.344100000002072,0.1419000000169035,0.0411999999414547,15.476799999305513,0.0849000007292488,0.0,21.113099999638507,21.365200000218465,21.133799999915936,500,500,333.0,1501.5015015015017,,False,14.550199999575852
3741,exp1-completion-paced,66,264,0.2661000007719849,2.783300000373856,30.644399999800957,27.861099999427097,0.0219000003198743,21.077100000184146,500,838,15.819200000805722,21.123999999872467,False,838,0.0213000002986518,0.0255999993896693,0.0179000007847207,4.990499999621534,0.1345999999102787,0.0284999996438273,15.819200000805722,0.0861999997141538,0.0,21.077100000184146,21.123999999872467,21.085299999867857,500,500,333.0,1501.5015015015017,,False,9.52039999992849
3742,exp1-completion-paced,66,264,0.273399999969115,2.678300000297895,40.77320000033069,38.0949000000328,0.0207000002774293,21.117900000717786,500,839,16.029800000069372,21.16160000059608,False,839,0.0194000003830296,0.0242999994952697,0.0165999999808263,4.825200000595942,0.130699999317585,0.0315000006594345,16.029800000069372,0.0838999994812184,0.0,21.117900000717786,21.16160000059608,21.12109999961831,500,500,333.0,1501.5015015015017,,False,19.611599999734608
3743,exp1-completion-paced,66,264,0.2749999994193786,0.0477000003229477,35.26010000041424,35.21240000009129,0.0201000002562068,20.918100000017148,500,840,15.745599999718252,20.95869999993738,False,840,0.0187000005098525,0.0218999994103796,0.0182000003405846,4.890799999884621,0.1352999997834558,0.0312000001940759,15.745599999718252,0.0968000003922497,0.0,20.918100000017148,20.95869999993738,20.925200000419863,500,500,333.0,1501.5015015015017,,False,14.30140000047686
3744,exp1-completion-paced,66,264,0.2705999995669117,0.0521000001754146,42.86799999954383,42.81589999936841,0.0191999997696257,21.75820000047679,500,841,16.037100000175997,21.84099999976752,False,841,0.0208000001293839,0.061999999161344,0.052900000810041,5.160099999557133,0.1715999997031758,0.2429000005577108,16.037100000175997,0.0933999999688239,0.0,21.75820000047679,21.84099999976752,21.78989999993064,500,500,333.0,1501.5015015015017,,False,21.026999999776308
3745,exp1-completion-paced,66,264,0.2768000003925408,4.264100000000326,37.1419999992213,32.87789999922097,0.0191999997696257,21.38310000009369,500,842,15.561300000626945,21.62419999967824,False,842,0.0221000000237836,0.218999999560765,0.0240000008489005,5.549499999688123,0.1411000002917717,0.0293999992209137,15.561300000626945,0.0775999997131293,0.0,21.38310000009369,21.62419999967824,21.40460000009625,500,500,333.0,1501.5015015015017,,False,15.517799999543058
3746,exp1-completion-paced,66,264,0.2722999997786246,0.0522999998793238,35.667999999532185,35.61569999965286,0.0199999994947575,20.915699999932254,500,843,15.609900000526975,20.95999999983178,False,843,0.0201000002562068,0.024199999643315,0.0184999998964485,5.028499999752967,0.1388000000588363,0.029499999982363,15.609900000526975,0.0903000000107567,0.0,20.915699999932254,20.95999999983178,20.92309999989084,500,500,333.0,1501.5015015015017,,False,14.707999999700405
3747,exp1-completion-paced,66,264,0.2890000005209003,1.2353999991319142,32.75359999952343,31.51820000039152,0.0184000000444939,20.825899999181274,500,844,15.568699999676028,20.8755999992718,False,844,0.0221000000237836,0.0276000000667409,0.0182999992830446,4.952500000399596,0.1381000001856591,0.0405000000682775,15.568699999676028,0.107400000160851,0.0,20.825899999181274,20.8755999992718,20.833499999753258,500,500,333.0,1501.5015015015017,,False,11.878000000251632
3748,exp1-completion-paced,66,264,0.274399999398156,1.2536000003819936,37.70880000047328,36.45520000009128,0.0417999999626772,22.754499999791733,500,845,17.590299999937997,22.80070000051637,False,845,0.0217000006159651,0.0245000001086737,0.0163999993674224,4.888999999820953,0.1349000003756373,0.0284999996438273,17.590299999937997,0.0952000000324915,0.0,22.754499999791733,22.80070000051637,22.76099999926373,500,500,333.0,1501.5015015015017,,False,14.908099999956914
3749,exp1-completion-paced,66,264,0.2650999995239544,0.0509000001329695,45.937599999888334,45.886699999755365,0.0184999998964485,22.7469999999812,500,846,17.62570000028063,22.79749999979685,False,846,0.0245000001086737,0.0259999997069826,0.019300000531075,4.845999999815831,0.1355000003968598,0.0310999994326266,17.62570000028063,0.0890999999683117,0.0,22.7469999999812,22.79749999979685,22.75439999993978,500,500,333.0,1501.5015015015017,,False,23.140100000091483
3750,exp1-completion-paced,66,264,0.2776999999696272,0.0766000002840883,36.87360000003537,36.79699999975128,0.0207000002774293,20.69389999996929,500,847,15.388599999823782,20.74780000020837,False,847,0.0190000000657164,0.0349000001733657,0.0291999995170044,5.006700000194542,0.1347999996141879,0.030900000638212,15.388599999823782,0.1036000003296067,0.0,20.69389999996929,20.74780000020837,20.700400000350783,500,500,333.0,1501.5015015015017,,False,16.125799999827
3751,exp1-completion-paced,66,264,0.2810000005410984,1.3002999994569109,38.78209999948013,37.48180000002321,0.0210999996852478,20.439999999325664,500,848,15.401899999233136,20.500199999332835,False,848,0.034599999708007,0.025600000299164,0.0173999997059581,4.726799999843934,0.1349000003756373,0.0386000001526554,15.401899999233136,0.1202000003104331,0.0,20.439999999325664,20.500199999332835,20.446300000003248,500,500,333.0,1501.5015015015017,,False,18.281900000147296
3752,exp1-completion-paced,66,264,0.2690000001166481,1.740800000334275,32.761000000391505,31.02020000005723,0.0201000002562068,20.8055000002787,500,849,15.45940000050905,20.852300000115065,False,849,0.0218000004679197,0.0249999993684468,0.0171000001500942,5.009100000279432,0.159199999870907,0.0399999998990097,15.45940000050905,0.1205999997182516,0.0,20.8055000002787,20.852300000115065,20.812800000385323,500,500,333.0,1501.5015015015017,,False,11.90870000027644
3753,exp1-completion-paced,66,264,0.2778999996735365,0.7260000002133893,38.44410000056087,37.71810000034748,0.0204999996640253,24.9986999997418,500,850,19.26850000018021,25.067899999157817,False,850,0.0445999994553858,0.0245999999606283,0.0191999997696257,5.419900000561029,0.141299999995681,0.0302999997074948,19.26850000018021,0.1191999999718973,0.0,24.9986999997418,25.067899999157817,25.00650000001769,500,500,333.0,1501.5015015015017,,False,13.376200001403056
3754,exp1-completion-paced,66,264,0.2610999999888008,1.226100000167207,50.04250000001775,48.81639999985055,0.0227999998969608,22.119600000223727,500,851,17.037499999787542,22.17709999968065,False,851,0.0283999997918726,0.0290999996650498,0.0196000000869389,4.77370000044175,0.1390999996147002,0.0330000002577435,17.037499999787542,0.1165000003311433,0.0,22.119600000223727,22.17709999968065,22.12800000052084,500,500,333.0,1501.5015015015017,,False,27.865400000337104
3755,exp1-completion-paced,66,264,0.2604000001156237,6.222299999535608,34.12779999962368,27.905500000088068,0.0196999999388935,24.82640000016545,500,852,18.03890000064712,24.869500000022526,False,852,0.0198999996428028,0.023200000214274,0.0190000000657164,6.495399999948859,0.1378999995722551,0.0300000001516309,18.03890000064712,0.105000000075961,0.0,24.82640000016545,24.869500000022526,24.833700000272074,500,500,333.0,1501.5015015015017,,False,9.258299999601157
3756,exp1-completion-paced,66,264,0.2666000000317581,2.77639999967505,30.73859999949491,27.96219999981986,0.0186999996003578,21.10129999982746,500,853,15.86920000045211,21.143400000255497,False,853,0.0192000006791204,0.0228999997489154,0.0223999995796475,4.931700000270212,0.1436000002286164,0.0291999995170044,15.86920000045211,0.1049000002240063,0.0,21.10129999982746,21.143400000255497,21.1090000002514,500,500,333.0,1501.5015015015017,,False,9.595199999239412
3757,exp1-completion-paced,66,264,0.2739999999903375,4.272299999684037,40.91549999975541,36.643200000071374,0.0227999998969608,21.841699999640696,500,854,16.786899999715388,21.88670000032289,False,854,0.0200000004042522,0.0250000002779415,0.0181999994310899,4.720500000075845,0.1394999999320134,0.0316000005113892,16.786899999715388,0.1447000004191068,0.0,21.841699999640696,21.88670000032289,21.84930000021268,500,500,333.0,1501.5015015015017,,False,19.028799999432522
3758,exp1-completion-paced,66,264,0.2795999998852494,0.0533000002178596,32.493800000338524,32.440500000120664,0.0213000002986518,20.88739999999234,500,855,15.634000000318338,20.931300000484043,False,855,0.0207000002774293,0.023200000214274,0.016699999832781,4.941499999404186,0.143900000693975,0.0340999995387392,15.634000000318338,0.1168999997389619,0.0,20.88739999999234,20.931300000484043,20.893799999612384,500,500,333.0,1501.5015015015017,,False,11.56249999985448
3759,exp1-completion-paced,66,264,0.2977000003738794,7.282099999429192,39.37769999993179,32.0956000005026,0.0223000006371876,24.08759999980248,500,856,17.608799999834446,24.131499999384687,False,856,0.0193999994735349,0.0245000001086737,0.0178000000232714,6.183200000123179,0.1356000002488144,0.0306000001728534,17.608799999834446,0.1113999996960046,0.0,24.08759999980248,24.131499999384687,24.094599999443744,500,500,333.0,1501.5015015015017,,False,15.246200000547105
3760,exp1-completion-paced,66,264,0.2737999993769335,2.223200000116776,41.38779999993858,39.1645999998218,0.0783000004958012,26.17049999935261,500,857,19.716300000254705,26.21759999965434,False,857,0.0228999997489154,0.0242000005528097,0.0175999994098674,5.916500000239466,0.2775000002657179,0.130899999930989,19.716300000254705,0.1113999996960046,0.0,26.17049999935261,26.21759999965434,26.177300000199462,500,500,333.0,1501.5015015015017,,False,15.17020000028424
3761,exp1-completion-paced,66,264,0.3756000005523674,2.70860000000539,32.72610000021814,30.01750000021275,0.0187999994523124,22.632500000327127,500,858,16.159200000402052,22.68720000029134,False,858,0.01810000048863,0.0365999994755839,0.0288000001091859,6.092900000112422,0.1910999999381601,0.0300000001516309,16.159200000402052,0.1302999999097664,0.0,22.632500000327127,22.68720000029134,22.636700000475685,500,500,333.0,1501.5015015015017,,False,10.038899999926798
3762,exp1-completion-paced,66,264,0.2802999997584265,2.80780000048253,38.24050000002899,35.43269999954646,0.0204000007215654,26.973699999871315,500,859,19.481700000142155,27.017600000363014,False,859,0.0190000000657164,0.0249000004259869,0.0172999998540035,6.971499999963271,0.2512999999453313,0.117599999612139,19.481700000142155,0.1339000000371015,0.0,26.973699999871315,27.017600000363014,26.98049999980867,500,500,333.0,1501.5015015015017,,False,11.222899999665973
3763,exp1-completion-paced,66,264,0.2914999995482503,0.0731999998606625,34.262399999533955,34.18919999967329,0.0293000002784538,20.47390000006999,500,860,15.11090000076365,20.537500000500582,False,860,0.0261000004684319,0.037499999962165,0.0190000000657164,5.038299999796436,0.1389999997627455,0.0295999998343177,15.11090000076365,0.1369999999951687,0.0,20.47390000006999,20.537500000500582,20.482600000832463,500,500,333.0,1501.5015015015017,,False,13.724899999033372
3764,exp1-completion-paced,66,264,0.2654999998412677,0.0774000000092201,43.55680000026041,43.47940000025119,0.0219000003198743,21.002299999963725,500,861,15.387899999950603,21.131700000296405,False,861,0.0603000007686205,0.0690999995640595,0.0192999996215803,5.321700000422425,0.1388999999107909,0.0296999996862723,15.387899999950603,0.1046000006681424,0.0,21.002299999963725,21.131700000296405,21.018500000536733,500,500,333.0,1501.5015015015017,,False,22.425099999964004
3765,exp1-completion-paced,66,264,0.2696999999898253,0.0538999993295874,29.83469999981025,29.780800000480667,0.02059999951598,20.46650000011141,500,862,15.274000000317756,20.51930000016,False,862,0.0191999997696257,0.033600000278966,0.0178000000232714,4.889900000307534,0.1328999996985658,0.0290999996650498,15.274000000317756,0.1224999996338738,0.0,20.46650000011141,20.51930000016,20.473300000048766,500,500,333.0,1501.5015015015017,,False,9.31539999965025
3766,exp1-completion-paced,66,264,0.4665000005843467,1.067700000021432,44.70229999969888,43.63459999967745,0.0178000000232714,25.9301999994932,500,863,19.47569999992993,26.00499999971362,False,863,0.0223999995796475,0.0524000006407732,0.0186999996003578,5.942499999946449,0.2511000002414221,0.1162999997177394,19.47569999992993,0.125500000649481,0.0,25.9301999994932,26.00499999971362,25.93740000065736,500,500,333.0,1501.5015015015017,,False,18.697299999985262
3767,exp1-completion-paced,66,264,0.2804000005198759,1.2023000008412057,35.970100000668026,34.76779999982682,0.0223000006371876,23.00909999939904,500,864,15.793999999914377,23.062799999934214,False,864,0.0184999998964485,0.0352000006387243,0.0182999992830446,6.8774999999732245,0.1379000004817498,0.0306000001728534,15.793999999914377,0.1505999998698826,0.0,23.00909999939904,23.062799999934214,23.01630000056321,500,500,333.0,1501.5015015015017,,False,12.907300000733812
3768,exp1-completion-paced,66,264,0.282399999377958,0.095800000053714,38.853199999721255,38.75739999966754,0.0181999994310899,21.22010000039154,500,865,16.159099999640603,21.26480000060837,False,865,0.0207000002774293,0.0239999999394058,0.0175000004674075,4.751099999339203,0.1369000001432141,0.0298000004477216,16.159099999640603,0.1253999998880317,0.0,21.22010000039154,21.26480000060837,21.22570000028645,500,500,333.0,1501.5015015015017,,False,17.588399999112884
3769,exp1-completion-paced,66,264,0.2804999994623358,0.0503999999637017,31.13169999960519,31.081299999641487,0.0178000000232714,22.42349999960425,500,866,16.25080000030721,22.46619999914401,False,866,0.0181999994310899,0.0245000001086737,0.0182000003405846,5.862199999683071,0.1473000002079061,0.0303999995594494,16.25080000030721,0.1143999998021172,0.0,22.42349999960425,22.46619999914401,22.43170000019745,500,500,333.0,1501.5015015015017,,False,8.66550000046118
3770,exp1-completion-paced,66,264,0.284000000647211,1.2292999999772292,39.76400000010472,38.534700000127486,0.0215000000025611,25.7461000001058,500,867,19.45840000007593,25.79280000009021,False,867,0.0221999998757382,0.0245000001086737,0.0539000002390821,5.895899999813992,0.1830999999583582,0.0355000001945882,19.45840000007593,0.1191000001199427,0.0,25.7461000001058,25.79280000009021,25.754199999937555,500,500,333.0,1501.5015015015017,,False,13.971200000014512
3771,exp1-completion-paced,66,264,0.260300000263669,0.7495999998354819,38.937999999689055,38.18839999985357,0.0185999997484032,21.151500000087253,500,868,15.934299999571522,21.19739999943704,False,868,0.0196000000869389,0.0262999992628465,0.0183000001925393,4.899200000181736,0.1318000004175701,0.0266999995801597,15.934299999571522,0.141000000439817,0.0,21.151500000087253,21.19739999943704,21.158900000045836,500,500,333.0,1501.5015015015017,,False,17.740600000252016
3772,exp1-completion-paced,66,264,0.2733000001171604,1.2317000000621192,40.42010000011942,39.1884000000573,0.0188000003618071,25.856399999611316,500,869,17.29720000002999,25.89910000006057,False,869,0.0208999999813386,0.0218000004679197,0.0178000000232714,8.027599999877566,0.2470999997967737,0.1188000005640788,17.29720000002999,0.1477999994676793,0.0,25.856399999611316,25.89910000006057,25.86410000003525,500,500,333.0,1501.5015015015017,,False,14.521000000058848
3773,exp1-completion-paced,66,264,0.2805000003718305,1.2486000005083042,40.02960000070743,38.78100000019913,0.0196000000869389,20.469799999773382,500,870,15.025200000309267,20.516699999461707,False,870,0.0196000000869389,0.0272999996013822,0.0290999996650498,5.122500000652508,0.1400999999532359,0.0286999993477365,15.025200000309267,0.1240000001416774,0.0,20.469799999773382,20.516699999461707,20.476800000324147,500,500,333.0,1501.5015015015017,,False,19.512900001245725
3774,exp1-completion-paced,66,264,0.2775000002657179,0.0442999998995219,35.357200000362354,35.31290000046283,0.0213999992411118,21.66190000025381,500,871,16.202099999645725,21.707799999603598,False,871,0.0187999994523124,0.027099999897473,0.0174000006154528,5.051199999797973,0.1381000001856591,0.0315999996018945,16.202099999645725,0.2212000008512404,0.0,21.66190000025381,21.707799999603598,21.66880000004312,500,500,333.0,1501.5015015015017,,False,13.649400000758757
3775,exp1-completion-paced,66,264,0.2672999999049352,0.0581000003876397,33.20999999959895,33.15189999921131,0.0210999996852478,22.29200000056153,500,872,16.728300000067975,22.384400000191818,False,872,0.0657000000501284,0.0266999995801597,0.0355000001945882,5.208499999753258,0.1413999998476356,0.039900000047055,16.728300000067975,0.1382999998895684,0.0,22.29200000056153,22.384400000191818,22.29869999973744,500,500,333.0,1501.5015015015017,,False,10.825599999407132
3776,exp1-completion-paced,66,264,0.2970999994431622,0.7132000000638072,29.67339999941032,28.960199999346514,0.0520999992659199,21.11669999976584,500,873,15.666700000110724,21.17749999979424,False,873,0.0235999996220925,0.0372000004063011,0.017899999875226,5.125200000293262,0.152900000102818,0.030999999580672,15.666700000110724,0.1228000000992324,0.0,21.11669999976584,21.17749999979424,21.12450000004173,500,500,333.0,1501.5015015015017,,False,8.495899999616082
3777,exp1-completion-paced,66,264,0.3503000007185619,3.2203999999183,39.28220000034344,36.06180000042514,0.0206000004254747,21.47380000042176,500,874,15.96349999999802,21.518100000321283,False,874,0.0199000005522975,0.0243999993472243,0.01810000048863,5.2003000000695465,0.1403999995090998,0.0323000003845663,15.96349999999802,0.1191000001199427,0.0,21.47380000042176,21.518100000321283,21.48120000038034,500,500,333.0,1501.5015015015017,,False,17.764100000022154
3778,exp1-completion-paced,66,264,0.2744000003076507,4.246899999998277,30.60879999975441,26.361899999756133,0.0288000001091859,23.672799999985727,500,875,15.446600000359467,23.71630000016012,False,875,0.0196000000869389,0.0239000000874511,0.0176000003193621,7.890199999565084,0.1590000001669977,0.030999999580672,15.446600000359467,0.128200000290235,0.0,23.672799999985727,23.71630000016012,23.67950000007113,500,500,333.0,1501.5015015015017,,False,6.892499999594289
3779,exp1-completion-paced,66,264,0.2776999999696272,0.0602000000071711,35.937900000135414,35.87770000012824,0.0192999996215803,20.29419999962556,500,876,15.015599999969709,20.34519999961049,False,876,0.0215999998545157,0.0294000001304084,0.0173999997059581,4.963299999872106,0.1352000008409959,0.0409999993280507,15.015599999969709,0.1213000005009234,0.0,20.29419999962556,20.34519999961049,20.305699999880744,500,500,333.0,1501.5015015015017,,False,15.592700000524925
3780,exp1-completion-paced,66,264,0.3268000000389293,1.1972000002060668,34.384599999611964,33.1873999994059,0.0188999993042671,21.29770000010467,500,877,15.89510000030714,21.342799999729323,False,877,0.0201999991986667,0.0249000004259869,0.0184000000444939,5.004300000109652,0.1370999998471234,0.0288000001091859,15.89510000030714,0.2135999993697623,0.0,21.29770000010467,21.342799999729323,21.30469999974593,500,500,333.0,1501.5015015015017,,False,13.041799999882642
3781,exp1-completion-paced,66,264,0.2979000000777887,1.2030000007143826,32.59840000009717,31.39539999938279,0.0270000000455183,20.58839999972406,500,878,15.310699999645294,20.63410000027943,False,878,0.0192000006791204,0.0264999998762505,0.0171000001500942,4.952499999490101,0.1552000003357534,0.0299000002996763,15.310699999645294,0.122899999951187,0.0,20.58839999972406,20.63410000027943,20.59559999997873,500,500,333.0,1501.5015015015017,,False,11.96429999981774
3782,exp1-completion-paced,66,264,0.3085999996983446,2.7242999994996357,32.749799999692186,30.02550000019255,0.0189000002137618,21.13730000019132,500,879,15.979699999661534,21.183300000302552,False,879,0.0203999998120707,0.025600000299164,0.0248999995164922,4.842500000449945,0.1384999995934777,0.0294000001304084,15.979699999661534,0.1221000002260552,0.0,21.13730000019132,21.183300000302552,21.14489999985381,500,500,333.0,1501.5015015015017,,False,11.566499999389634
3783,exp1-completion-paced,66,264,0.2667999997356673,1.2097999997422448,35.85600000042177,34.64620000067953,0.0279000005320995,19.27190000060364,500,880,14.554700000189769,19.32140000008076,False,880,0.0247999996645376,0.0246999998125829,0.0177000001713167,4.411400000208232,0.1357000001007691,0.0388999997085193,14.554700000189769,0.1132999996116268,0.0,19.27190000060364,19.32140000008076,19.2786999996315,500,500,333.0,1501.5015015015017,,False,16.534600000341012
3784,exp1-completion-paced,66,264,0.2617000000100233,0.7131000002118526,34.23289999955159,33.51979999933974,0.0207000002774293,21.41359999950509,500,881,15.927999999803433,21.466399999553687,False,881,0.0232999991567339,0.0295000008918577,0.0179999997271806,5.164999999578868,0.1401999998051906,0.0316000005113892,15.927999999803433,0.1306000003751251,0.0,21.41359999950509,21.466399999553687,21.42100000037317,500,500,333.0,1501.5015015015017,,False,12.766499999997905
3785,exp1-completion-paced,66,264,0.2666000000317581,1.2178999995740014,36.7207999997845,35.5029000002105,0.0207999992198892,23.11300000019401,500,882,18.10950000071898,23.16380000047502,False,882,0.0231000003623194,0.0276999999186955,0.0194000003830296,4.67209999987972,0.1420999997208127,0.0289999998130952,18.10950000071898,0.1406999999744584,0.0,23.11300000019401,23.16380000047502,23.12030000030063,500,500,333.0,1501.5015015015017,,False,13.556999999309475
3786,exp1-completion-paced,66,264,0.2804999994623358,1.0721999997258536,27.119200000015557,26.0470000002897,0.0183999991349992,20.6002000004446,500,883,15.720600000349805,20.64090000021679,False,883,0.0189000002137618,0.021799999558425,0.0178000000232714,4.5663999999305815,0.1330000004600151,0.0394999997297418,15.720600000349805,0.122699999337783,0.0,20.6002000004446,20.64090000021679,20.60619999974733,500,500,333.0,1501.5015015015017,,False,6.478299999798768
3787,exp1-completion-paced,66,264,0.2712000004976289,2.710800000386371,40.24289999961184,37.532099999225466,0.0209999998332932,20.550499999444582,500,884,15.27669999995851,20.59789999930217,False,884,0.0184999998964485,0.0288999999611405,0.0263000001723412,4.941299999700277,0.1369999999951687,0.0403000003643683,15.27669999995851,0.1286999995500082,0.0,20.550499999444582,20.59789999930217,20.55740000014339,500,500,333.0,1501.5015015015017,,False,19.645000000309672
3788,exp1-completion-paced,66,264,0.3664999994725804,1.1510000003909229,33.29680000024382,32.1457999998529,0.0196000000869389,20.8585000000312,500,885,15.825100000256498,20.90749999933905,False,885,0.0208999999813386,0.028099999326514,0.0248000005740323,4.6948999997766805,0.1404000004185945,0.0408999994760961,15.825100000256498,0.1321999998253886,0.0,20.8585000000312,20.90749999933905,20.866199999545643,500,500,333.0,1501.5015015015017,,False,12.389300000904772
3789,exp1-completion-paced,66,264,0.2866000004360103,0.0510999998368788,35.09029999986524,35.03920000002836,0.0202999999601161,25.1564000000144,500,886,15.94180000029155,25.421100000130537,False,886,0.0202999999601161,0.2444000001560198,0.0310000004901667,8.856799999193754,0.1657000002524,0.0301999998555402,15.94180000029155,0.1307000002270797,0.0,25.1564000000144,25.421100000130537,25.192799999786075,500,500,333.0,1501.5015015015017,,False,9.669199999734701
3790,exp1-completion-paced,66,264,0.2647000001161359,0.0522000000273692,37.30009999981121,37.24789999978384,0.021799999558425,22.062000000005355,500,887,16.687700000147743,22.1229000007952,False,887,0.0230000005103647,0.0379000002794782,0.0169999993886449,5.054799999925308,0.1376999998683459,0.030900000638212,16.687700000147743,0.1336999994236976,0.0,22.062000000005355,22.1229000007952,22.073699999964447,500,500,333.0,1501.5015015015017,,False,15.177199999016008
3791,exp1-completion-paced,66,264,0.2751000001808279,2.732399999331392,30.788899999606656,28.056500000275264,0.0223999995796475,22.406400000363647,500,888,16.255700000328943,22.451400000136346,False,888,0.0200000004042522,0.0249999993684468,0.0165000001288717,5.835500000102911,0.1363999999739462,0.0294000001304084,16.255700000328943,0.1326999999946565,0.0,22.406400000363647,22.451400000136346,22.409799999877578,500,500,333.0,1501.5015015015017,,False,8.33749999947031
3792,exp1-completion-paced,66,264,0.2842000003511202,2.725100000134262,37.30259999974805,34.57749999961379,0.0243000004047644,23.760699999911598,500,889,18.3563000000504,23.803299999599403,False,889,0.0199999994947575,0.0226000001930515,0.0179999997271806,5.100400000628724,0.1404999993610545,0.0306000001728534,18.3563000000504,0.1147000002674758,0.0,23.760699999911598,23.803299999599403,23.76730000014504,500,500,333.0,1501.5015015015017,,False,13.499300000148644
3793,exp1-completion-paced,66,264,0.2905999999711639,4.313299999921583,38.25789999973495,33.94459999981336,0.0182000003405846,21.18590000009135,500,890,16.157499999280844,21.22810000037134,False,890,0.0185999997484032,0.0236000005315872,0.0167999996847356,4.717900000287045,0.1336999994236976,0.0296000007438124,16.157499999280844,0.1301000002058572,0.0,21.18590000009135,21.22810000037134,21.192299999711395,500,500,333.0,1501.5015015015017,,False,17.02979999936361
3794,exp1-completion-paced,66,264,0.2817000004142755,0.6912000008014729,33.668300000499585,32.97709999969811,0.0210999996852478,22.396600000320177,500,891,16.503300000294985,22.443700000621902,False,891,0.0231000003623194,0.0239999999394058,0.0190000000657164,5.542599999898812,0.1649999994697282,0.0331000001096981,16.503300000294985,0.1333999998678336,0.0,22.396600000320177,22.443700000621902,22.403799999665356,500,500,333.0,1501.5015015015017,,False,11.224599999877682
3795,exp1-completion-paced,66,264,0.2648999998200452,0.7319999995161197,32.69860000000335,31.966600000487237,0.0191999997696257,21.044699999947625,500,892,15.638599999874714,21.088999999847147,False,892,0.0192999996215803,0.0250000002779415,0.01810000048863,5.099799999698007,0.1370999998471234,0.0367000002370332,15.638599999874714,0.1141000002462533,0.0,21.044699999947625,21.088999999847147,21.05200000005425,500,500,333.0,1501.5015015015017,,False,11.609600000156206
3796,exp1-completion-paced,66,264,0.4490000001169392,3.52039999961562,41.66649999933725,38.14609999972163,0.0188999993042671,21.77269999992859,500,893,16.178599999875587,21.85529999951541,False,893,0.0233999999181833,0.0591999996686354,0.0190000000657164,5.279899999550253,0.1431999999113031,0.0296000007438124,16.178599999875587,0.1222000000780099,0.0,21.77269999992859,21.85529999951541,21.790200000396,500,500,333.0,1501.5015015015017,,False,19.811199999821838
3797,exp1-completion-paced,66,264,0.2786000004562083,1.220399999510846,38.75949999928707,37.53909999977623,0.0210000007427879,22.046600000066974,500,894,16.007899999749498,22.09040000070672,False,894,0.0202000001081614,0.0236000005315872,0.019099999917671,5.729599999540369,0.1412000001437263,0.0301000000035855,16.007899999749498,0.1185000000987201,0.0,22.046600000066974,22.09040000070672,22.054000000025557,500,500,333.0,1501.5015015015017,,False,16.669099998580354
3798,exp1-completion-paced,66,264,0.2764999999271822,1.2292999999772292,31.144100000346956,29.914800000369723,0.0218999994103796,20.42880000044533,500,895,15.085199999703036,20.478299999922456,False,895,0.0185999997484032,0.0308999997287173,0.0174000006154528,5.052299999988463,0.1372999995510326,0.0286000004052766,15.085199999703036,0.1079000003301189,0.0,20.42880000044533,20.478299999922456,20.43560000038269,500,500,333.0,1501.5015015015017,,False,10.6658000004245
3799,exp1-completion-paced,66,264,0.2847000005203881,1.2486999994507642,29.748299999482697,28.499600000031933,0.0198999996428028,21.251999999549295,500,896,15.869500000007974,21.30440000019007,False,896,0.0274000003628316,0.0250000002779415,0.0168999995366903,5.086500000288652,0.1407999998264131,0.0302999997074948,15.869500000007974,0.1078000004781642,0.0,21.251999999549295,21.30440000019007,21.258200000374927,500,500,333.0,1501.5015015015017,,False,8.443899999292626
3800,exp1-completion-paced,66,264,0.3406000005270471,1.7246999996132215,34.27529999953549,32.55059999992227,0.0189000002137618,21.407799999906278,500,897,15.890300000137358,21.454199999425327,False,897,0.0209999998332932,0.0253999996857601,0.0178000000232714,5.181600000469189,0.146399999721325,0.0522999998793238,15.890300000137358,0.1191999999718973,0.0,21.407799999906278,21.454199999425327,21.415299999716808,500,500,333.0,1501.5015015015017,,False,12.821100000110164
3801,exp1-completion-paced,66,264,0.2859999995052931,2.2754999999961,39.73330000007991,37.45780000008381,0.0182999992830446,25.39390000038111,500,898,19.576499999857333,25.449700000535813,False,898,0.0319999999192077,0.0238000002354965,0.01810000048863,5.513699999937671,0.1427999995939899,0.0298000004477216,19.576499999857333,0.1126999995904043,0.0,25.39390000038111,25.449700000535813,25.401299999430197,500,500,333.0,1501.5015015015017,,False,14.283599999544094
3802,exp1-completion-paced,66,264,0.3854000005958369,0.0485000000480795,40.18050000013318,40.1320000000851,0.0202000001081614,26.732799999990675,500,899,18.957399999635527,26.79630000056932,False,899,0.0200000004042522,0.0435000001743901,0.0209999998332932,7.460199999513861,0.1515000003564637,0.0292000004264991,18.957399999635527,0.1132999996116268,0.0,26.732799999990675,26.79630000056932,26.75469999940105,500,500,333.0,1501.5015015015017,,False,13.384199999563858
3803,exp1-completion-paced,66,264,0.2739999999903375,2.809999999954016,39.87229999984265,37.06229999988864,0.02059999951598,22.55960000002233,500,900,16.308500000377535,22.73460000014893,False,900,0.023200000214274,0.1517999999123276,0.025899999855028,5.885900000066613,0.1699000004009576,0.032199999623117,16.308500000377535,0.1369999999951687,0.0,22.55960000002233,22.73460000014893,22.595400000682275,500,500,333.0,1501.5015015015017,,False,17.137699999693723
3804,exp1-completion-paced,66,264,0.2749000004769186,4.317300000366231,36.83330000058049,32.51600000021426,0.0298000004477216,24.494700000104785,500,901,19.0162999997483,24.541200000385288,False,901,0.0204999996640253,0.0260000006164773,0.0178000000232714,5.156700000043202,0.1417999992554541,0.0317000003633438,19.0162999997483,0.1302000000578118,0.0,24.494700000104785,24.541200000385288,24.50200000021141,500,500,333.0,1501.5015015015017,,False,12.292100000195205
3805,exp1-completion-paced,66,264,0.2782000001388951,1.2302999994062702,29.81199999976525,28.58170000035898,0.0181999994310899,21.472400000675407,500,902,15.721799999482757,21.514500000193948,False,902,0.0184000000444939,0.0236999994740472,0.0175000004674075,5.4427999994004495,0.1481000008425326,0.029499999982363,15.721799999482757,0.112499999886495,0.0,21.472400000675407,21.514500000193948,21.479600000020582,500,500,333.0,1501.5015015015017,,False,8.2974999995713
3806,exp1-completion-paced,66,264,0.4902000000583939,2.023600000029546,43.36979999970936,41.34619999967981,0.0194999993254896,26.054399999338784,500,903,16.67540000016743,26.163499999711348,False,903,0.071100000241131,0.0380000001314329,0.0247999996645376,9.040799999638692,0.1381000001856591,0.0293000002784538,16.67540000016743,0.1457999997001025,0.0,26.054399999338784,26.163499999711348,26.06389999982639,500,500,333.0,1501.5015015015017,,False,17.20629999999801
3807,exp1-completion-paced,66,264,0.2972000002046115,2.64450000031502,33.68479999971896,31.040299999403945,0.0187999994523124,22.697100000186765,500,904,16.451899999992747,22.743200000149955,False,904,0.0202999999601161,0.0258000000030733,0.0189000002137618,5.901999999878171,0.1575999995111487,0.0318000002152984,16.451899999992747,0.1346999997622333,0.0,22.697100000186765,22.743200000149955,22.70439999938389,500,500,333.0,1501.5015015015017,,False,10.941599999569007
3808,exp1-completion-paced,66,264,0.2798000004986534,2.731199999288947,38.240899999436806,35.50970000014786,0.0202000001081614,27.21079999992071,500,905,20.207799999298004,27.25999999984197,False,905,0.0243999993472243,0.0248000005740323,0.0186999996003578,6.4589000003252295,0.2706999994188663,0.1188000005640788,20.207799999298004,0.1357000001007691,0.0,27.21079999992071,27.25999999984197,27.21899999960442,500,500,333.0,1501.5015015015017,,False,10.980899999594836
3809,exp1-completion-paced,66,264,0.2785999995467136,2.7614999999059364,52.028600000085135,49.2671000001792,0.0206000004254747,24.122699999679757,500,906,18.48670000072161,24.180499999602038,False,906,0.021799999558425,0.036000000363856,0.0276000000667409,5.293299999721057,0.1460000003135064,0.0311999992845812,18.48670000072161,0.1376999998683459,0.0,24.122699999679757,24.180499999602038,24.13440000054834,500,500,333.0,1501.5015015015017,,False,27.848100000483097
3810,exp1-completion-paced,66,264,0.2924999998867861,2.775199999632605,36.17450000001554,33.39930000038294,0.0196999999388935,22.0128000000841,500,907,16.57459999933053,22.056299999348997,False,907,0.02059999951598,0.0228999997489154,0.0189000002137618,5.115699999805656,0.1382999998895684,0.0333000007231021,16.57459999933053,0.1316000007136608,0.0,22.0128000000841,22.056299999348997,22.01860000059241,500,500,333.0,1501.5015015015017,,False,14.118200000666544
3811,exp1-completion-paced,66,264,0.2868999999918742,1.2733999992633471,48.139099999389146,46.8657000001258,0.0221000000237836,29.615800000101444,500,908,23.80189999985305,29.66000000014901,False,908,0.0206000004254747,0.0235999996220925,0.019300000531075,5.356099999517028,0.144900000123016,0.0307999998767627,23.80189999985305,0.2625000006446498,0.0,29.615800000101444,29.66000000014901,29.62329999991198,500,500,333.0,1501.5015015015017,,False,18.479099999240134
3812,exp1-completion-paced,66,264,0.2764000000752276,0.0497999999424791,30.82139999969513,30.77159999975265,0.0199999994947575,22.44520000022021,500,909,16.864000000168744,22.49049999954877,False,909,0.0213999992411118,0.0239000000874511,0.0164000002769171,5.252300000393007,0.1402999996571452,0.032199999623117,16.864000000168744,0.139800000397372,0.0,22.44520000022021,22.49049999954877,22.4514999999883,500,500,333.0,1501.5015015015017,,False,8.330900000146361
3813,exp1-completion-paced,66,264,0.2769999991869554,2.8044999999110587,37.89379999943776,35.0892999995267,0.0239000000874511,22.789100000409235,500,910,17.010700000355428,22.8423999997176,False,910,0.029499999982363,0.0237999993260018,0.0176000003193621,5.45959999999468,0.1364999998259009,0.0281000002360087,17.010700000355428,0.1363999999739462,0.0,22.789100000409235,22.8423999997176,22.796300000663905,500,500,333.0,1501.5015015015017,,False,15.05139999972016
3814,exp1-completion-paced,66,264,0.2960000001621665,2.726499999880616,31.812999999601743,29.086499999721127,0.0204999996640253,23.17200000015873,500,911,16.706800000065414,23.343500000009957,False,911,0.0314999997499398,0.1400000001012813,0.0288999999611405,6.123800000750634,0.1411999992342316,0.0353000004906789,16.706800000065414,0.1357999999527237,0.0,23.17200000015873,23.343500000009957,23.183700000117824,500,500,333.0,1501.5015015015017,,False,8.469499999591786
3815,exp1-completion-paced,66,264,0.3188000000591273,1.122399999985646,39.73330000007991,38.61090000009426,0.0188000003618071,26.413200000206416,500,912,20.558600000185837,26.45529999972496,False,912,0.0184999998964485,0.0235999996220925,0.0172000000020489,5.496900000252936,0.1608000002306653,0.0356000000465428,20.558600000185837,0.1437999999325256,0.0,26.413200000206416,26.45529999972496,26.41940000012255,500,500,333.0,1501.5015015015017,,False,13.278000000354947
3816,exp1-completion-paced,66,264,0.4824999996344559,1.021799999762152,44.821999999840045,43.80020000007789,0.0198000007003429,22.03240000017104,500,913,16.48470000054658,22.08539999992354,False,913,0.0197999997908482,0.0331999999616527,0.0310999994326266,5.231100000855804,0.1389999997627455,0.0298999993901816,16.48470000054658,0.116399999569694,0.0,22.03240000017104,22.08539999992354,22.039499999664255,500,500,333.0,1501.5015015015017,,False,22.736599999916507
3817,exp1-completion-paced,66,264,0.2779999995254911,1.2497999996412543,33.40039999966393,32.15060000002268,0.0746000005165115,22.36269999957585,500,914,16.79100000001199,22.40559999972902,False,914,0.0196000000869389,0.0233000000662286,0.0175999994098674,5.253700000139361,0.1411000002917717,0.0306000001728534,16.79100000001199,0.1283999999941443,0.0,22.36269999957585,22.40559999972902,22.36890000040148,500,500,333.0,1501.5015015015017,,False,10.994799999934912
3818,exp1-completion-paced,66,264,0.2801999999064719,2.6707000006354065,40.20200000013574,37.531299999500334,0.0211999995372025,27.854100000695325,500,915,20.463099999687984,27.901500000552915,False,915,0.022000000171829,0.0253999996857601,0.0175000004674075,7.0516999994652,0.1609999999345746,0.0432000006185262,20.463099999687984,0.1173999999082298,0.0,27.854100000695325,27.901500000552915,27.861599999596365,500,500,333.0,1501.5015015015017,,False,12.300499999582826
3819,exp1-completion-paced,66,264,0.2733000001171604,1.1992999998255982,30.61059999981808,29.41129999999248,0.0203000008696108,22.863500000312342,500,916,17.28559999992285,22.911900000508467,False,916,0.0230000005103647,0.0253999996857601,0.0196000000869389,5.263000000013562,0.1420999997208127,0.0322000005326117,17.28559999992285,0.1208000003316556,0.0,22.863500000312342,22.911900000508467,22.8716000001441,500,500,333.0,1501.5015015015017,,False,7.698699999309614
3820,exp1-completion-paced,66,264,0.2700000004551839,0.6533999994644546,50.76589999953285,50.1125000000684,0.0208000001293839,30.599599999732163,500,917,24.57080000021961,30.66199999921082,False,917,0.0245999999606283,0.0377999995180289,0.0188000003618071,5.641900000227906,0.1419000000169035,0.0298999993901816,24.57080000021961,0.1959999999598949,0.0,30.599599999732163,30.66199999921082,30.60749999986001,500,500,333.0,1501.5015015015017,,False,20.103900000322028
3821,exp1-completion-paced,66,264,0.2758999999059597,1.257400000213238,32.77220000018133,31.51479999996809,0.021799999558425,24.40369999931136,500,918,16.701800000191724,24.45409999927506,False,918,0.0202999999601161,0.0301000000035855,0.017699999261822,7.133600000088336,0.2763000002232729,0.1591000000189524,16.701800000191724,0.1148999999713851,0.0,24.40369999931136,24.45409999927506,24.41040000030625,500,500,333.0,1501.5015015015017,,False,8.31810000090627
3822,exp1-completion-paced,66,264,0.2555000000938889,0.0555000005988404,44.166300000142655,44.110799999543815,0.0319999999192077,20.2595000000656,500,919,14.859200000501003,20.30490000015561,False,919,0.0185999997484032,0.0268000003416091,0.0184999998964485,5.121500000313972,0.1378999995722551,0.0295999998343177,14.859200000501003,0.0924999994822428,0.0,20.2595000000656,20.30490000015561,20.266499999706863,500,500,333.0,1501.5015015015017,,False,23.861399999987047
3823,exp1-completion-paced,66,264,0.27460000001156,1.2823999995816848,38.70519999964017,37.42280000005849,0.0269000001935637,20.32300000064424,500,920,15.175800000179152,20.36700000007841,False,920,0.0203999998120707,0.0235999996220925,0.0187000005098525,4.858799999965413,0.1337999992756522,0.0321000006806571,15.175800000179152,0.1034999995681573,0.0,20.32300000064424,20.36700000007841,20.33049999954528,500,500,333.0,1501.5015015015017,,False,18.338199999561763
3824,exp1-completion-paced,66,264,0.2723000006881193,1.2400000005072798,35.25750000062544,34.01750000011816,0.0201000002562068,20.79910000065865,500,921,15.437000000019909,20.8677999999054,False,921,0.0283999997918726,0.0402999994548736,0.0175000004674075,5.080500000076427,0.1394999999320134,0.0313999998979852,15.437000000019909,0.0929999996515107,0.0,20.79910000065865,20.8677999999054,20.806099999390423,500,500,333.0,1501.5015015015017,,False,14.38970000072004
3825,exp1-completion-paced,66,264,0.2777999998215819,1.2504000005719718,31.85510000002978,30.604699999457807,0.042800000301213,21.0229000003892,500,922,15.7746999993833,21.08010000029026,False,922,0.032199999623117,0.0250000002779415,0.0178000000232714,4.965799999808951,0.1388000000588363,0.0415000004068133,15.7746999993833,0.0841000000946223,0.0,21.0229000003892,21.08010000029026,21.029300000009243,500,500,333.0,1501.5015015015017,,False,10.77499999973952
3826,exp1-completion-paced,66,264,0.2706999994188663,0.662200000078883,29.2263000001185,28.564100000039616,0.0202000001081614,20.10580000023765,500,923,15.259999999216234,20.21979999972245,False,923,0.0222999997276929,0.091699999757111,0.0329000004057888,4.546099999970465,0.1350000002275919,0.0436000000263447,15.259999999216234,0.088000000687316,0.0,20.10580000023765,20.21979999972245,20.13960000022053,500,500,333.0,1501.5015015015017,,False,9.006500000396048
3827,exp1-completion-paced,66,264,0.2740999998422921,1.2465999998312327,39.25390000040352,38.007300000572286,0.0733000006221118,20.96499999970547,500,924,15.931799999634675,21.00889999928768,False,924,0.0191999997696257,0.0246999998125829,0.024400000256719,4.648099999940314,0.2076999999189865,0.0319000000672531,15.931799999634675,0.1209000001836102,0.0,20.96499999970547,21.00889999928768,20.97279999998136,500,500,333.0,1501.5015015015017,,False,18.245000001115837
3828,exp1-completion-paced,66,264,0.309699999888835,1.2301999995543156,38.39869999956136,37.16850000000704,0.0192000006791204,21.397099999376223,500,925,15.611300000273332,21.43979999982548,False,925,0.0200000004042522,0.0227000000450061,0.0173999997059581,5.478400000356487,0.1389999997627455,0.0290999996650498,15.611300000273332,0.121699999908742,0.0,21.397099999376223,21.43979999982548,21.40419999977894,500,500,333.0,1501.5015015015017,,False,16.95889999973588
3829,exp1-completion-paced,66,264,0.2739000001383829,0.7293999997273204,36.746799999491486,36.017399999764166,0.0204999996640253,21.025700000791403,500,926,16.076900000371097,21.068900000500435,False,926,0.0214000001506065,0.021799999558425,0.0183000001925393,4.641200000151002,0.1351000000795466,0.0301000000035855,16.076900000371097,0.1237999995282734,0.0,21.025700000791403,21.068900000500435,21.03199999965,500,500,333.0,1501.5015015015017,,False,15.677899998991052
3830,exp1-completion-paced,66,264,0.2589999994597747,1.2164999998276471,34.155700000155775,32.93920000032813,0.0196000000869389,21.233700000266253,500,927,16.04029999998602,21.30570000008447,False,927,0.0233000000662286,0.0486999997519888,0.0255999993896693,4.895500000202446,0.1364999998259009,0.0303000006169895,16.04029999998602,0.1052999996318249,0.0,21.233700000266253,21.30570000008447,21.257999999761523,500,500,333.0,1501.5015015015017,,False,12.850000000071304
3831,exp1-completion-paced,66,264,0.2635000000736909,3.254199999901175,31.85639999992418,28.602200000023004,0.0184999998964485,20.32869999948161,500,928,15.285799999219307,20.37319999999454,False,928,0.0201000002562068,0.024400000256719,0.017899999875226,4.769399999531743,0.134500000058324,0.0302000007650349,15.285799999219307,0.0906000004761153,0.0,20.32869999948161,20.37319999999454,20.336000000497734,500,500,333.0,1501.5015015015017,,False,11.483199999929639
3832,exp1-completion-paced,66,264,0.2531000000089989,2.7745000006689224,32.60649999992893,29.83199999926001,0.0177999991137767,22.2353999997722,500,929,16.594499999882828,22.38760000000184,False,929,0.0227999998969608,0.12940000033268,0.0654999994367244,5.295500000102038,0.139800000397372,0.0301999998555402,16.594499999882828,0.1095999996323371,0.0,22.2353999997722,22.38760000000184,22.262799999225532,500,500,333.0,1501.5015015015017,,False,10.218899999927089
3833,exp1-completion-paced,66,264,0.2869999998438288,1.2174000003142282,29.72460000000865,28.50719999969442,0.0750000008338247,21.073599999908765,500,930,15.68090000000666,21.113100000548,False,930,0.0183000001925393,0.0212000004466972,0.0173999997059581,5.103299999973388,0.1388999999107909,0.0306000001728534,15.68090000000666,0.102300000435207,0.0,21.073599999908765,21.113100000548,21.08070000031148,500,500,333.0,1501.5015015015017,,False,8.611499999460651
3834,exp1-completion-paced,66,264,0.2690999999686028,2.214099999946484,44.89670000020851,42.68260000026203,0.0221000000237836,22.625999999945638,500,931,16.273500000352215,22.670600000310515,False,931,0.0196999999388935,0.0249000004259869,0.0178000000232714,6.059800000002724,0.1421999995727674,0.0296999996862723,16.273500000352215,0.1026999998430255,0.0,22.625999999945638,22.670600000310515,22.63309999943885,500,500,333.0,1501.5015015015017,,False,22.226099999897997
3835,exp1-completion-paced,66,264,0.2642999997988227,0.7562999999208841,34.823400000277616,34.06710000035673,0.0253999996857601,25.431299999581825,500,932,19.94979999926727,25.48320000005333,False,932,0.0231000003623194,0.0288000001091859,0.0184000000444939,5.092800000056741,0.138399999741523,0.0293000002784538,19.94979999926727,0.202200000785524,0.0,25.431299999581825,25.48320000005333,25.438900000153808,500,500,333.0,1501.5015015015017,,False,9.340200000224286
3836,exp1-completion-paced,66,264,0.2830000003086752,5.296199999975215,42.94489999938378,37.64869999940856,0.0206000004254747,23.845199999414035,500,933,18.49210000000312,23.898299999927985,False,933,0.0237000003835419,0.0294000001304084,0.0175999994098674,5.02039999992121,0.1353000006929505,0.0298999993901816,18.49210000000312,0.1496000004408415,0.0,23.845199999414035,23.898299999927985,23.852899999837973,500,500,333.0,1501.5015015015017,,False,19.046599999455793
3837,exp1-completion-paced,66,264,0.2766999996310915,1.3087999996059807,35.21219999947789,33.90339999987191,0.0276999999186955,21.92680000007385,500,934,16.50340000014694,21.974400000544847,False,934,0.0231000003623194,0.0245000001086737,0.0174999995579128,5.106100000375591,0.1376000000163912,0.0295999998343177,16.50340000014694,0.1323999995292979,0.0,21.92680000007385,21.974400000544847,21.933500000159256,500,500,333.0,1501.5015015015017,,False,13.237799998933042
3838,exp1-completion-paced,66,264,0.2735999996730243,0.0496000002385699,39.29150000021764,39.24189999997907,0.0179999997271806,25.19739999934245,500,935,19.85170000079961,25.24879999964469,False,935,0.0226000001930515,0.0288000001091859,0.0180999995791353,5.023400000027323,0.1382000000376138,0.0303999995594494,19.85170000079961,0.1353999996354105,0.0,25.19739999934245,25.24879999964469,25.205599999935657,500,500,333.0,1501.5015015015017,,False,14.04270000057295
3839,exp1-completion-paced,66,264,0.2745000001596054,1.1902999995072605,43.37189999932889,42.18159999982163,0.0294000001304084,21.363900000324065,500,936,16.139800000019022,21.4099000004353,False,936,0.0208999999813386,0.0251000001298962,0.0185999997484032,4.914500000268163,0.1350000002275919,0.0297999995382269,16.139800000019022,0.1260000008187489,0.0,21.363900000324065,21.4099000004353,21.37120000043069,500,500,333.0,1501.5015015015017,,False,21.96199999889359
3840,exp1-completion-paced,66,264,0.2605999998195329,1.2552999996842118,35.93829999954323,34.68299999985902,0.0202000001081614,21.76450000024488,500,937,15.87440000002971,21.92379999996774,False,937,0.019099999917671,0.1401999998051906,0.0249000004259869,5.560300000070129,0.143700000080571,0.0296999996862723,15.87440000002971,0.1313000002483022,0.0,21.76450000024488,21.92379999996774,21.774700000605662,500,500,333.0,1501.5015015015017,,False,14.014499999575492
3841,exp1-completion-paced,66,264,0.2598000000944012,2.7557000003071157,35.75970000019879,33.00399999989168,0.0195000002349843,23.33709999948041,500,938,17.840799999248702,23.424799999702373,False,938,0.0188000003618071,0.0688999998601502,0.0173999997059581,5.1717000005737646,0.1451999996788799,0.0293000002784538,17.840799999248702,0.1325000002907472,0.0,23.33709999948041,23.424799999702373,23.35750000020198,500,500,333.0,1501.5015015015017,,False,12.334900000496418
3842,exp1-completion-paced,66,264,0.2745000001596054,0.799600000391365,46.70549999991636,45.90589999952499,0.0185999997484032,38.29409999980271,500,939,28.16460000030929,38.37509999993927,False,939,0.0313000000460306,0.0497000000905245,0.0259999997069826,9.590399999979129,0.2601000005597598,0.1233999992109602,28.16460000030929,0.12940000033268,0.0,38.29409999980271,38.37509999993927,38.30470000048081,500,500,333.0,1501.5015015015017,,False,8.33039999997709
3843,exp1-completion-paced,66,264,0.2802000008159666,1.2307000006330782,42.28400000010879,41.05329999947571,0.0196000000869389,24.61589999984426,500,940,19.35080000021117,24.70369999991817,False,940,0.0368999999409425,0.0509000001329695,0.0202999999601161,4.854599999816855,0.1363000001219916,0.0301000000035855,19.35080000021117,0.2232999995612772,0.0,24.61589999984426,24.70369999991817,24.631000000226777,500,500,333.0,1501.5015015015017,,False,17.58030000019062
3844,exp1-completion-paced,66,264,0.279699999737204,2.7075999996668543,32.5474999999642,29.839900000297348,0.0194000003830296,23.911100000077568,500,941,15.899699999863516,23.960500000612228,False,941,0.0236000005315872,0.0258000000030733,0.0172000000020489,7.705899999564281,0.1397000005454174,0.0289999998130952,15.899699999863516,0.1193999996758066,0.0,23.911100000077568,23.960500000612228,23.918099999718837,500,500,333.0,1501.5015015015017,,False,8.586999999351974
3845,exp1-completion-paced,66,264,0.4518999994616024,0.0681000001350184,32.58980000009615,32.52169999996113,0.0200999993467121,20.98289999958069,500,942,15.564999999696738,21.03399999941757,False,942,0.0196999999388935,0.0313999998979852,0.0184999998964485,5.098300000099698,0.1358999998046783,0.0299000002996763,15.564999999696738,0.1351000000795466,0.0,20.98289999958069,21.03399999941757,20.99019999968732,500,500,333.0,1501.5015015015017,,False,11.555800000678577
3846,exp1-completion-paced,66,264,0.2719000003708061,1.291300000048068,39.79890000027808,38.50760000023001,0.019300000531075,20.93559999957506,500,943,15.552199999547156,20.98149999983434,False,943,0.0204999996640253,0.0254000005952548,0.0186999996003578,5.064500000116823,0.139800000397372,0.0326999997923849,15.552199999547156,0.1275000004170579,0.0,20.93559999957506,20.98149999983434,20.94300000044313,500,500,333.0,1501.5015015015017,,False,18.81740000044374
3847,exp1-completion-paced,66,264,0.2700000004551839,1.2270999995962484,41.87550000006013,40.64840000046388,0.025600000299164,22.645600000032573,500,944,16.93249999971158,22.69180000075721,False,944,0.0186000006578979,0.0276000000667409,0.0328999994962941,5.384099999901082,0.1370999998471234,0.0284000007013673,16.93249999971158,0.1303999997617211,0.0,22.645600000032573,22.69180000075721,22.652499999821885,500,500,333.0,1501.5015015015017,,False,19.18369999930292
3848,exp1-completion-paced,66,264,0.2824000002874527,2.7532999993127305,36.29559999990306,33.54230000059033,0.0186999996003578,22.90850000008504,500,945,16.460300000289863,22.9551000002175,False,945,0.0215999998545157,0.0250000002779415,0.0168999995366903,6.123699999989185,0.1675000003160676,0.0288999999611405,16.460300000289863,0.111099999230646,0.0,22.90850000008504,22.9551000002175,22.9153000000224,500,500,333.0,1501.5015015015017,,False,13.340499999685562
3849,exp1-completion-paced,66,264,0.2678000000742031,3.765299999940908,35.361899999770685,31.596599999829778,0.0183000001925393,22.67550000033225,500,946,16.20770000045013,22.90160000029573,False,946,0.019099999917671,0.2070000000458094,0.0251999999818508,6.131500000265078,0.1414999996995902,0.0288999999611405,16.20770000045013,0.1403999995090998,0.0,22.67550000033225,22.90160000029573,22.68539999931818,500,500,333.0,1501.5015015015017,,False,12.460299999474955
3850,exp1-completion-paced,66,264,0.4440000002432498,1.0480000000825385,51.08209999980318,50.03409999972064,0.0179999997271806,36.65359999922657,500,947,25.912199999766017,36.77689999949507,False,947,0.0247999996645376,0.0985000006039626,0.0272999996013822,10.182500000155414,0.2890999994633603,0.1254000007975264,25.912199999766017,0.1168999997389619,0.0,36.65359999922657,36.77689999949507,36.663400000179536,500,500,333.0,1501.5015015015017,,False,14.305200000308105
3851,exp1-completion-paced,66,264,0.4519000003710971,2.568300000348245,51.17040000004636,48.60209999969811,0.0228999997489154,23.916900000585883,500,948,18.156099999941944,23.982300000170653,False,948,0.0203999998120707,0.044999999772699,0.0176000003193621,5.427099999906204,0.1660999996602186,0.0320000008287024,18.156099999941944,0.1176999994640937,0.0,23.916900000585883,23.982300000170653,23.92349999990984,500,500,333.0,1501.5015015015017,,False,27.188099999875703
3852,exp1-completion-paced,66,264,0.2770000000964501,2.784100000098988,31.29979999994248,28.51569999984349,0.0202999999601161,22.354599999744096,500,949,16.450500000246393,22.40689999962342,False,949,0.0193999994735349,0.0329000004057888,0.0178000000232714,5.607000000054541,0.1430000002073939,0.0279999994745594,16.450500000246393,0.1080000001820735,0.0,22.354599999744096,22.40689999962342,22.362300000168037,500,500,333.0,1501.5015015015017,,False,8.89290000031906
3853,exp1-completion-paced,66,264,0.2783999998428044,1.198100000692648,36.4770000005592,35.27889999986655,0.0582000002395943,22.760599999855916,500,950,16.58210000005056,22.80629999950179,False,950,0.0202999999601161,0.0253999996857601,0.0262000003203866,5.868899999768473,0.1413999998476356,0.0294000001304084,16.58210000005056,0.1124000000345404,0.0,22.760599999855916,22.80629999950179,22.76750000055472,500,500,333.0,1501.5015015015017,,False,13.670700001057412
3854,exp1-completion-paced,66,264,0.2651999993759091,0.7203000004665228,34.524599999713246,33.80429999924672,0.0204999996640253,24.895200000173645,500,951,19.277800000054413,24.94139999998879,False,951,0.0218999994103796,0.0243000004047644,0.0178000000232714,5.283200000121724,0.1392999993186094,0.0301000000035855,19.277800000054413,0.1467000001866836,0.0,24.895200000173645,24.94139999998879,24.90149999994173,500,500,333.0,1501.5015015015017,,False,9.583199999724457
3855,exp1-completion-paced,66,264,0.2566000002843793,4.3230000001130975,27.74890000000596,23.425899999892863,0.0182000003405846,20.44849999947473,500,952,15.181900000243331,20.50599999984115,False,952,0.0329000004057888,0.0245999999606283,0.0189000002137618,4.970499999217282,0.1372000006085727,0.0301999998555402,15.181900000243331,0.1095999996323371,0.0,20.44849999947473,20.50599999984115,20.45670000006794,500,500,333.0,1501.5015015015017,,False,7.242900000164809
3856,exp1-completion-paced,66,264,0.2669000004971167,1.2389000003167894,36.36900000037713,35.13010000006034,0.0172000000020489,27.58739999990212,500,953,22.32089999961317,27.643400000670223,False,953,0.0339000007443246,0.0221000000237836,0.0173999997059581,4.941500000313681,0.1433999996152124,0.0317000003633438,22.32089999961317,0.1322999996773433,0.0,27.58739999990212,27.643400000670223,27.59329999935289,500,500,333.0,1501.5015015015017,,False,8.725599999706905
3857,exp1-completion-paced,66,264,0.4502000001593842,2.526299999772164,34.70809999998892,32.181800000216754,0.0203999998120707,26.02830000068934,500,954,16.61009999952512,26.117800000065472,False,954,0.0221000000237836,0.0673999993523466,0.0255000004472094,9.038899999723071,0.2008999999816296,0.0354000003426335,16.61009999952512,0.1173000000562751,0.0,26.02830000068934,26.117800000065472,26.03779999935796,500,500,333.0,1501.5015015015017,,False,8.590299999923445
3858,exp1-completion-paced,66,264,0.2889000006689457,1.2249000001247623,44.37390000020969,43.149000000084925,0.0178000000232714,24.698300000636664,500,955,18.96130000022822,24.76340000066557,False,955,0.019300000531075,0.0457999994978308,0.0172999998540035,5.296400000588619,0.2718999994613114,0.0353000004906789,18.96130000022822,0.1158999994004261,0.0,24.698300000636664,24.76340000066557,24.704899999960617,500,500,333.0,1501.5015015015017,,False,19.610499999544118
3859,exp1-completion-paced,66,264,0.2783999998428044,1.704500000414555,37.63150000031601,35.926999999901454,0.030999999580672,22.356000000399945,500,956,16.694599999937054,22.40590000019438,False,956,0.0194000003830296,0.0304999994114041,0.0177000001713167,5.355700000109209,0.1400999999532359,0.0289999998130952,16.694599999937054,0.1187000007121241,0.0,22.356000000399945,22.40590000019438,22.362900000189256,500,500,333.0,1501.5015015015017,,False,15.22560000012163
3860,exp1-completion-paced,66,264,0.2750999992713332,2.2017999999661697,33.885199999531324,31.683399999565157,0.0558000001547043,24.24319999954605,500,957,18.49899999979243,24.29599999959464,False,957,0.0228999997489154,0.0299000002996763,0.0179999997271806,5.459500000142725,0.1347999996141879,0.0318000002152984,18.49899999979243,0.1000000002022716,0.0,24.24319999954605,24.29599999959464,24.250899999969988,500,500,333.0,1501.5015015015017,,False,9.589199999936685
3861,exp1-completion-paced,66,264,0.2742999995462014,5.830100000821403,45.35850000047503,39.52839999965363,0.0289999998130952,22.1161999998003,500,958,16.820300000290445,22.1759000005477,False,958,0.0333000007231021,0.0264000000242958,0.0179999997271806,4.9694999997882405,0.1338000001851469,0.0297999995382269,16.820300000290445,0.1444999998057028,0.0,22.1161999998003,22.1759000005477,22.123199999441567,500,500,333.0,1501.5015015015017,,False,23.182599999927334
3862,exp1-completion-paced,66,264,0.2786000004562083,3.7285999997038735,31.66940000028262,27.940800000578747,0.0215000000025611,22.512100000312785,500,959,17.169799999464885,22.561200000382087,False,959,0.0239999999394058,0.0251000001298962,0.0172000000020489,4.950800000187883,0.1338000001851469,0.0307999998767627,17.169799999464885,0.2094000001306994,0.0,22.512100000312785,22.561200000382087,22.519799999827228,500,500,333.0,1501.5015015015017,,False,9.108199999900535
3863,exp1-completion-paced,66,264,0.2793000003293855,0.7252000004882575,42.36370000035095,41.63849999986269,0.0196000000869389,20.793500000763743,500,960,15.563699999802338,20.84050000030402,False,960,0.0226000001930515,0.0243999993472243,0.0170000002981396,4.940800000440504,0.1312999993388075,0.0286000004052766,15.563699999802338,0.1118999998652725,0.0,20.793500000763743,20.84050000030402,20.80039999964356,500,500,333.0,1501.5015015015017,,False,21.523200000046934
3864,exp1-completion-paced,66,264,0.2689000002646935,1.2734000001728418,43.50539999995817,42.23199999978533,0.0203000008696108,21.08119999957125,500,961,15.665300000364368,21.161299999221228,False,961,0.0565999998798361,0.0234999997701379,0.0170000002981396,5.092599999443337,0.1354000005449052,0.0396999994336511,15.665300000364368,0.1309999997829436,0.0,21.08119999957125,21.161299999221228,21.087699999952747,500,500,333.0,1501.5015015015017,,False,22.344100000736944
3865,exp1-completion-paced,66,264,0.2664000003278488,0.120299999252893,39.77089999989403,39.650600000641134,0.0194999993254896,21.803600000566803,500,962,16.263299999991432,21.84780000061437,False,962,0.0199000005522975,0.0242999994952697,0.0165000001288717,5.22240000009333,0.1339999998890562,0.029499999982363,16.263299999991432,0.1376000000163912,0.0,21.803600000566803,21.84780000061437,21.810000000186847,500,500,333.0,1501.5015015015017,,False,17.923099999279657
3866,exp1-completion-paced,66,264,0.2779999995254911,0.6631999995079241,33.70889999951032,33.0457000000024,0.0411999999414547,23.571099999571743,500,963,17.81070000015461,23.61629999995785,False,963,0.022000000171829,0.023200000214274,0.0167999996847356,5.429300000287185,0.1406000001225038,0.0303999995594494,17.81070000015461,0.1431000000593485,0.0,23.571099999571743,23.61629999995785,23.577199999635923,500,500,333.0,1501.5015015015017,,False,10.092599999552473
3867,exp1-completion-paced,66,264,0.2755000004981411,2.7194000003873957,36.82500000013533,34.10559999974794,0.0208999999813386,20.98120000027848,500,964,15.425000000504951,21.02409999952215,False,964,0.0193999994735349,0.0234999997701379,0.0174000006154528,5.239699999947334,0.1401999998051906,0.0325999999404302,15.425000000504951,0.1261999996131635,0.0,20.98120000027848,21.02409999952215,20.987699999750475,500,500,333.0,1501.5015015015017,,False,15.800900000613183
3868,exp1-completion-paced,66,264,0.2649999996719998,0.0467999998363666,40.05330000018148,40.00650000034511,0.0184999998964485,20.85599999918486,500,965,15.272399999957996,20.903099999486585,False,965,0.0227000000450061,0.024400000256719,0.0168999995366903,5.261600000267208,0.1369999999951687,0.03870000000461,15.272399999957996,0.1291999997192761,0.0,20.85599999918486,20.903099999486585,20.863099999587572,500,500,333.0,1501.5015015015017,,False,19.150200000694895
3869,exp1-completion-paced,66,264,0.2689000002646935,0.7886000003054505,36.45870000036666,35.67010000006121,0.02050000057352,22.17790000031528,500,966,16.68859999972483,22.222599999622616,False,966,0.0206999993679346,0.0239999999394058,0.0190000000657164,5.170000000362052,0.139800000397372,0.0285999994957819,16.68859999972483,0.1317000005656154,0.0,22.17790000031528,22.222599999622616,22.185100000569943,500,500,333.0,1501.5015015015017,,False,14.236100000744045
3870,exp1-completion-paced,66,264,0.2794000001813401,1.1865999995279708,41.41170000002603,40.22510000049806,0.0190000000657164,27.125300000079733,500,967,19.588600000133734,27.286999999887485,False,967,0.0196999999388935,0.1419999998688581,0.0239999999394058,7.211600000118778,0.1401999998051906,0.0301999998555402,19.588600000133734,0.1305000005231704,0.0,27.125300000079733,27.286999999887485,27.13480000056734,500,500,333.0,1501.5015015015017,,False,14.124700000138546
3871,exp1-completion-paced,66,264,0.2642999997988227,1.2367999997877632,47.38859999997658,46.151800000188814,0.0211999995372025,20.95780000036029,500,968,15.467899999748624,21.00460000019666,False,968,0.0227000000450061,0.0240999997913604,0.0184999998964485,5.172500000298896,0.1381000001856591,0.0275000002147862,15.467899999748624,0.133099999402475,0.0,20.95780000036029,21.00460000019666,20.964399999684247,500,500,333.0,1501.5015015015017,,False,26.383999999779917
3872,exp1-completion-paced,66,264,0.2776999999696272,0.1068000001396285,41.419199999836565,41.312399999696936,0.0349000001733657,21.9305999999051,500,969,16.330399999787915,21.978699999635865,False,969,0.0227999998969608,0.0252999998338054,0.0183000001925393,5.280100000163657,0.1403999995090998,0.0286000004052766,16.330399999787915,0.1325000002907472,0.0,21.9305999999051,21.978699999635865,21.93830000032904,500,500,333.0,1501.5015015015017,,False,19.4405000002007
3873,exp1-completion-paced,66,264,0.2733000001171604,4.273900000043795,36.34539999984554,32.071499999801745,0.0225999992835568,21.875399999771616,500,970,16.628899999886926,21.92139999988285,False,970,0.0202999999601161,0.0257000001511187,0.0180999995791353,4.931499999656808,0.1340000007985509,0.0313999998979852,16.628899999886926,0.1313000002483022,0.0,21.875399999771616,21.92139999988285,21.882600000026287,500,500,333.0,1501.5015015015017,,False,14.423999999962689
3874,exp1-completion-paced,66,264,0.2736999995249789,2.2236999993765494,36.81299999971088,34.58930000033433,0.0207999992198892,28.121899999860037,500,971,17.84999999927095,28.186200000163808,False,971,0.0249000004259869,0.0393999998777871,0.0279999994745594,9.746100000484148,0.2506000000721542,0.116600000183098,17.84999999927095,0.1304000006712158,0.0,28.121899999860037,28.186200000163808,28.140000000348664,500,500,333.0,1501.5015015015017,,False,8.626799999547075
3875,exp1-completion-paced,66,264,0.5085000002509332,2.098599999953876,44.88149999997404,42.78290000002016,0.0177000001713167,26.90619999975752,500,972,19.46930000030989,26.959400000123424,False,972,0.0214000001506065,0.0318000002152984,0.0312000001940759,6.9244999995135,0.242400000388443,0.1088999997591599,19.46930000030989,0.1296999998885439,0.0,26.90619999975752,26.959400000123424,26.92060000026686,500,500,333.0,1501.5015015015017,,False,17.922099999850616
3876,exp1-completion-paced,66,264,0.2752000000327825,2.7489999993122183,36.768999999367225,34.020000000055006,0.0311000003421213,25.036699999873235,500,973,19.76990000002843,25.085600000238628,False,973,0.0213000002986518,0.0276000000667409,0.0179999997271806,4.952300000695686,0.1384999995934777,0.0307999998767627,19.76990000002843,0.1269000003958353,0.0,25.036699999873235,25.085600000238628,25.04410000074131,500,500,333.0,1501.5015015015017,,False,11.683399999128596
3877,exp1-completion-paced,66,264,0.3115999998044572,2.6811999996425584,38.391399999454734,35.710199999812176,0.0201000002562068,24.53249999962281,500,974,19.26610000009532,24.57609999964916,False,974,0.0202999999601161,0.0233000000662286,0.0184000000444939,4.952700000103505,0.1354999994873651,0.0301000000035855,19.26610000009532,0.1295000001846347,0.0,24.53249999962281,24.57609999964916,24.540000000342843,500,500,333.0,1501.5015015015017,,False,13.815299999805575
3878,exp1-completion-paced,66,264,0.2823000004354981,1.1890999994648157,30.878999999913503,29.689900000448688,0.0178000000232714,22.517700000207697,500,975,15.394299999570649,22.590099999433733,False,975,0.0215000000025611,0.0508999992234748,0.0241000007008551,6.798800000069605,0.1414999996995902,0.0300000001516309,15.394299999570649,0.1288000003114575,0.0,22.517700000207697,22.590099999433733,22.531000000526547,500,500,333.0,1501.5015015015017,,False,8.28890000047977
3879,exp1-completion-paced,66,264,0.2818000002662302,3.8161000002219225,41.81859999971493,38.00249999949301,0.0184999998964485,22.521799999594805,500,976,17.144999999800348,22.603800000069896,False,976,0.0209999998332932,0.0610000006417976,0.037499999962165,5.032099999880302,0.1532999995106365,0.0304000004689442,17.144999999800348,0.1232000004165456,0.0,22.521799999594805,22.603800000069896,22.553900000275465,500,500,333.0,1501.5015015015017,,False,19.21479999964503
3880,exp1-completion-paced,66,264,0.2814999998008716,1.2343999997028732,38.81399999954738,37.5795999998445,0.0215000000025611,24.362699999983302,500,977,18.269099999997707,24.40920000026381,False,977,0.0229000006584101,0.0235999996220925,0.0172999998540035,5.594000000201049,0.2500000000509317,0.1130000000557629,18.269099999997707,0.1191000001199427,0.0,24.362699999983302,24.40920000026381,24.36889999989944,500,500,333.0,1501.5015015015017,,False,14.404799999283568
3881,exp1-completion-paced,66,264,0.2899999999499414,0.0502000002597924,32.65270000065357,32.602500000393775,0.0178000000232714,21.52250000017375,500,978,16.327100000125938,21.570400000200607,False,978,0.0210999996852478,0.0268000003416091,0.0188000003618071,4.871899999670859,0.1339999998890562,0.0296999996862723,16.327100000125938,0.1407999998264131,0.0,21.52250000017375,21.570400000200607,21.529999999984284,500,500,333.0,1501.5015015015017,,False,11.08230000045296
3882,exp1-completion-paced,66,264,0.2801999999064719,1.6918999999688822,40.89480000038748,39.2029000004186,0.019099999917671,19.87569999982952,500,979,14.704799999890383,19.92309999968711,False,979,0.0215000000025611,0.025899999855028,0.0172000000020489,4.881800000475778,0.1311999994868529,0.0282000000879634,14.704799999890383,0.1122000003306311,0.0,19.87569999982952,19.92309999968711,19.8817999998937,500,500,333.0,1501.5015015015017,,False,20.971700000700366
3883,exp1-completion-paced,66,264,0.27219999992667,1.2507000001278357,29.609800000798717,28.35910000067088,0.0172999998540035,20.512500000222644,500,980,15.44240000021091,20.569399999658344,False,980,0.0272999996013822,0.0295999998343177,0.0173000007634982,4.77729999965959,0.1313000002483022,0.0290999996650498,15.44240000021091,0.1148999999713851,0.0,20.512500000222644,20.569399999658344,20.519200000308047,500,500,333.0,1501.5015015015017,,False,9.040400001140373
3884,exp1-completion-paced,66,264,0.2703000000110478,0.0479999998788116,29.21549999973649,29.16749999985768,0.0168999995366903,20.66340000055789,500,981,15.415300000313437,20.70980000007694,False,981,0.0221000000237836,0.0242999994952697,0.0171000001500942,4.958399999850371,0.1306000003751251,0.0313999998979852,15.415300000313437,0.1101999996535596,0.0,20.66340000055789,20.70980000007694,20.66980000017793,500,500,333.0,1501.5015015015017,,False,8.505699999659551
3885,exp1-completion-paced,66,264,0.2778000007310766,1.2691000001723296,39.06570000071952,37.79660000054719,0.0178000000232714,19.976499999756925,500,982,14.717900000505324,20.26300000034098,False,982,0.0192000006791204,0.2672999999049352,0.0265999997282051,4.984799999874667,0.1351999999315012,0.0294000001304084,14.717900000505324,0.0823000000309548,0.0,19.976499999756925,20.26300000034098,20.026600000164763,500,500,333.0,1501.5015015015017,,False,18.802700000378536
3886,exp1-completion-paced,66,264,0.4496000001381617,1.0125999997399049,28.384799999912502,27.3722000001726,0.0191999997696257,20.293800000217743,500,983,15.192799999567796,20.344699999441215,False,983,0.0225999992835568,0.028299999939918,0.0178000000232714,4.842000000280677,0.1352999997834558,0.028500000553322,15.192799999567796,0.0772000003053108,0.0,20.293800000217743,20.344699999441215,20.30130000002828,500,500,333.0,1501.5015015015017,,False,8.040100000471288
3887,exp1-completion-paced,66,264,0.2724999994825339,1.2031000005663373,33.66230000028736,32.45919999972102,0.0184999998964485,21.68619999974908,500,984,14.811699999881968,21.73140000013518,False,984,0.0206000004254747,0.0245999999606283,0.0174999995579128,6.588900000679132,0.1343999992968747,0.0315000006594345,14.811699999881968,0.1019999999698484,0.0,21.68619999974908,21.73140000013518,21.69270000013057,500,500,333.0,1501.5015015015017,,False,11.930900000152178
3888,exp1-completion-paced,66,264,0.268099999630067,1.2509999996836996,31.35289999954693,30.101899999863235,0.0182000003405846,23.848699999689416,500,985,15.853299999434968,23.905500000182656,False,985,0.0189000002137618,0.0379000002794782,0.0190000000657164,7.504700000026787,0.2440999996906612,0.1292000006287708,15.853299999434968,0.098200000138604,0.0,23.848699999689416,23.905500000182656,23.85649999996531,500,500,333.0,1501.5015015015017,,False,7.447399999364276
3889,exp1-completion-paced,66,264,0.3053999998883228,1.2516999995568767,39.72299999986717,38.47130000031029,0.0194000003830296,20.97890000004554,500,986,15.473800000108897,21.037299999989045,False,986,0.0222999997276929,0.0361000002158107,0.0177000001713167,5.221899999924062,0.1379000004817498,0.0287999991996912,15.473800000108897,0.0986000004559173,0.0,20.97890000004554,21.037299999989045,20.9962999997515,500,500,333.0,1501.5015015015017,,False,18.685699999878125
3890,exp1-completion-paced,66,264,0.286200000118697,1.207799999974668,32.747899999776564,31.540099999801896,0.019099999917671,20.9420000001046,500,987,15.875499999310705,20.988999999644875,False,987,0.0216999997064704,0.0252999998338054,0.0168000005942303,4.782899999554502,0.1339000000371015,0.0317000003633438,15.875499999310705,0.1010000005408073,0.0,20.9420000001046,20.988999999644875,20.949600000676583,500,500,333.0,1501.5015015015017,,False,11.758900000131689
3891,exp1-completion-paced,66,264,0.2762999993137782,1.2814000001526438,33.82959999999002,32.54819999983738,0.0222999997276929,22.0539000001736,500,988,16.695100000106322,22.105199999714387,False,988,0.0189999991562217,0.0323000003845663,0.0178000000232714,4.941099999996368,0.1388999999107909,0.0311000003421213,16.695100000106322,0.2295999993293662,0.0,22.0539000001736,22.105199999714387,22.06049999949755,500,500,333.0,1501.5015015015017,,False,11.724400000275637
3892,exp1-completion-paced,66,264,0.290099999801896,1.1758000000554605,33.70650000033493,32.53070000027947,0.0201000002562068,19.26629999979923,500,989,14.36829999965994,19.31479999984731,False,989,0.0227999998969608,0.0257000001511187,0.0186999996003578,4.603500000484928,0.1357000001007691,0.0350999998772749,14.36829999965994,0.104700000520097,0.0,19.26629999979923,19.31479999984731,19.273700000667304,500,500,333.0,1501.5015015015017,,False,14.391700000487617
3893,exp1-completion-paced,66,264,0.2843000002030749,1.1868999999933294,46.38429999977234,45.19739999977901,0.0216000007640104,28.586299999915354,500,990,23.38419999978214,28.63340000021708,False,990,0.0207000002774293,0.0264000000242958,0.0181999994310899,4.786700000295241,0.1357000001007691,0.0331000001096981,23.38419999978214,0.2280999997310573,0.0,28.586299999915354,28.63340000021708,28.59439999974711,500,500,333.0,1501.5015015015017,,False,17.75089999955526
3894,exp1-completion-paced,66,264,0.2918999998655636,1.21820000003936,46.95019999962824,45.73199999958888,0.0289999998130952,25.7329000005484,500,991,20.44339999974909,25.79150000019581,False,991,0.0227999998969608,0.0357999997504521,0.0186000006578979,4.88489999952435,0.1403000005666399,0.0296999996862723,20.44339999974909,0.2156999998987885,0.0,25.7329000005484,25.79150000019581,25.738899999851128,500,500,333.0,1501.5015015015017,,False,21.15869999943243
3895,exp1-completion-paced,66,264,0.271999999313266,1.2329000001045642,32.92839999994612,31.69549999984156,0.054199999794946,20.310799999606388,500,992,15.47610000034183,20.35269999942102,False,992,0.0192999996215803,0.0226000001930515,0.016900000446185,4.553699999632954,0.1339000000371015,0.0290999996650498,15.47610000034183,0.100899999779358,0.0,20.310799999606388,20.35269999942102,20.317599999543745,500,500,333.0,1501.5015015015017,,False,12.575700000525103
3896,exp1-completion-paced,66,264,0.2737000004344736,1.7140999998446205,28.138399999988906,26.424300000144285,0.02059999951598,19.579800000428804,500,993,14.68380000005709,19.62420000018028,False,993,0.0211999995372025,0.023200000214274,0.017899999875226,4.617500000676955,0.1287999994019628,0.0292000004264991,14.68380000005709,0.1022999995257123,0.0,19.579800000428804,19.62420000018028,19.58699999977398,500,500,333.0,1501.5015015015017,,False,8.514199999808625
3897,exp1-completion-paced,66,264,0.2789000000120722,1.322500000242144,39.662500000304135,38.34000000006199,0.0198999996428028,21.7992999996568,500,994,16.996199999994133,21.84200000010605,False,994,0.0188000003618071,0.0239000000874511,0.0521000001754146,4.495700000006764,0.1311999994868529,0.0274000003628316,16.996199999994133,0.0964999999268911,0.0,21.7992999996568,21.84200000010605,21.80640000005951,500,500,333.0,1501.5015015015017,,False,17.820500000198084
3898,exp1-completion-paced,66,264,0.2757000002020504,0.050500000725151,31.718199999886565,31.66769999916141,0.0201000002562068,22.57009999993897,500,995,15.460099999472732,22.614399999838497,False,995,0.0218999994103796,0.0224000004891422,0.0178000000232714,6.806099999266735,0.1657000002524,0.0286000004052766,15.460099999472732,0.0915999999051564,0.0,22.57009999993897,22.614399999838497,22.57689999987633,500,500,333.0,1501.5015015015017,,False,9.103800000048068
3899,exp1-completion-paced,66,264,0.2744000003076507,0.7588999997096835,29.75449999939883,28.995599999689148,0.0210999996852478,20.264200000383426,500,996,15.23529999940365,20.3125000007276,False,996,0.0208000001293839,0.0275000002147862,0.0176000003193621,4.720299999462441,0.1336000004812376,0.0288000001091859,15.23529999940365,0.1283000001421896,0.0,20.264200000383426,20.3125000007276,20.270899999559333,500,500,333.0,1501.5015015015017,,False,9.441999998671232
3900,exp1-completion-paced,66,264,0.2742000006037415,1.2120000001232256,45.870599999943806,44.65859999982058,0.0194000003830296,26.24790000027133,500,997,21.115399999871443,26.33810000043013,False,997,0.0208000001293839,0.0694000000294181,0.0177000001713167,4.708800000116753,0.1339000000371015,0.0283999997918726,21.115399999871443,0.2432999999655294,0.0,26.24790000027133,26.33810000043013,26.25530000022991,500,500,333.0,1501.5015015015017,,False,19.532499999513675
3901,exp1-completion-paced,66,264,0.2810999994835583,1.2297000002945424,43.5525000002599,42.32279999996536,0.0192999996215803,21.3768000003256,500,998,16.15360000050714,21.460000000843134,False,998,0.0430000000051222,0.0402000005124136,0.0177000001713167,4.940699999679055,0.1347999996141879,0.0288000001091859,16.15360000050714,0.1009999996313126,0.0,21.3768000003256,21.460000000843134,21.38360000026296,500,500,333.0,1501.5015015015017,,False,22.092499999416763
3902,exp1-completion-paced,66,264,0.274399999398156,2.293499999723281,31.77259999938542,29.47909999966214,0.0207000002774293,21.524200000385463,500,999,16.017800000554416,21.578700000645767,False,999,0.0249000004259869,0.0295999998343177,0.0239999999394058,5.196000000069034,0.1382999998895684,0.0319000000672531,16.017800000554416,0.1159999992523808,0.0,21.524200000385463,21.578700000645767,21.53249999992113,500,500,333.0,1501.5015015015017,,False,10.193899998739653
3903,exp1-completion-paced,66,264,0.2752999998847372,5.340599999726692,55.6336999998166,50.29310000008991,0.02059999951598,32.26170000016282,500,1000,22.227599999496302,32.3380999998335,False,1000,0.0221999998757382,0.054199999794946,0.0267000004896544,9.423299999980372,0.2584000003480469,0.1118999998652725,22.227599999496302,0.2135000004273024,0.0,32.26170000016282,32.3380999998335,32.27260000039678,500,500,333.0,1501.5015015015017,,False,23.295599999983096
3904,exp1-completion-paced,66,264,0.4810000000361469,2.577700000074401,37.54589999971358,34.96819999963918,0.0190000000657164,20.46299999983603,500,1001,15.18690000011702,20.515499999419266,False,1001,0.0252999998338054,0.0271999997494276,0.0200000004042522,4.971599999407772,0.137400000312482,0.0301000000035855,15.18690000011702,0.1167000000350526,0.0,20.46299999983603,20.515499999419266,20.471200000429235,500,500,333.0,1501.5015015015017,,False,17.030400000294318
3905,exp1-completion-paced,66,264,0.3428999998504878,1.2645999995584134,42.86919999958627,41.60460000002786,0.0202999999601161,21.849700000529992,500,1002,16.359100000045146,21.89780000026076,False,1002,0.0207000002774293,0.0273999994533369,0.019099999917671,5.188300000554591,0.1363000001219916,0.029499999982363,16.359100000045146,0.1170999994428712,0.0,21.849700000529992,21.89780000026076,21.85709999957908,500,500,333.0,1501.5015015015017,,False,20.971399999325513
3906,exp1-completion-paced,66,264,0.2687000005607842,1.7514999999548309,52.09779999950115,50.34629999954632,0.0313000000460306,31.44220000012865,500,1003,26.056799999423674,31.49699999994482,False,1003,0.0209999998332932,0.0337999999828753,0.0226000001930515,5.022199999984878,0.1355999993393197,0.0292000004264991,26.056799999423674,0.1755000002958695,0.0,31.44220000012865,31.49699999994482,31.449500000235275,500,500,333.0,1501.5015015015017,,False,20.60079999955633
3907,exp1-completion-paced,66,264,0.2684999999473803,1.433000000361062,46.38700000032259,44.953999999961525,0.0302999997074948,21.699799999623792,500,1004,16.000999999960186,21.7491000003065,False,1004,0.0200000004042522,0.0293000002784538,0.0188999993042671,5.396300000029441,0.1429000003554392,0.0290999996650498,16.000999999960186,0.1113000007535447,0.0,21.699799999623792,21.7491000003065,21.70730000034382,500,500,333.0,1501.5015015015017,,False,24.63790000001609
3908,exp1-completion-paced,66,264,0.2713999992920435,0.7580999999845517,26.113099999747647,25.35499999976309,0.0178000000232714,20.519900000181224,500,1005,15.25619999938499,20.567400000800266,False,1005,0.023400000827678,0.0240999997913604,0.0171000001500942,4.966199999216769,0.1344000002063694,0.0286000004052766,15.25619999938499,0.1172000002043205,0.0,20.519900000181224,20.567400000800266,20.52670000011858,500,500,333.0,1501.5015015015017,,False,5.545699998947381
3909,exp1-completion-paced,66,264,0.2725000003920286,0.067200000557932,40.89790000034554,40.83069999978761,0.0181999994310899,21.975700000439247,500,1006,16.68710000012652,22.020100000190723,False,1006,0.0192999996215803,0.0251000001298962,0.0176000003193621,4.989600000044447,0.135999999656633,0.0288999999611405,16.68710000012652,0.1161000000138301,0.0,21.975700000439247,22.020100000190723,21.98190000035538,500,500,333.0,1501.5015015015017,,False,18.877800000154814
3910,exp1-completion-paced,66,264,0.2715999999054475,0.0552000001334818,32.19390000049316,32.13870000035968,0.0179999997271806,21.519399999306188,500,1007,15.479400000003809,21.574999999756983,False,1007,0.0313999998979852,0.0242000005528097,0.0172000000020489,5.740799999330193,0.1348000005236826,0.0287000002572312,15.479400000003809,0.1182999994853162,0.0,21.519399999306188,21.574999999756983,21.526499999708903,500,500,333.0,1501.5015015015017,,False,10.618900000736176
3911,exp1-completion-paced,66,264,0.2963999995699851,1.2054999997417326,40.78279999976076,39.57730000001902,0.0204999996640253,20.87220000066736,500,1008,15.331599999626633,20.915600000080303,False,1008,0.0187999994523124,0.0245999999606283,0.0166000008903211,5.216099999415746,0.1385000005029724,0.0290999996650498,15.331599999626633,0.1400999999532359,0.0,20.87220000066736,20.915600000080303,20.88079999975889,500,500,333.0,1501.5015015015017,,False,19.86719999968046
3912,exp1-completion-paced,66,264,0.4397000002427376,1.0646999999153195,56.4886000001934,55.42390000027808,0.0207000002774293,34.63779999947292,500,1009,26.74089999982243,34.70059999926889,False,1009,0.0213999992411118,0.0414000005548587,0.0179999997271806,7.406499999888183,0.2583000004960922,0.1149999998233397,26.74089999982243,0.0988000001598266,0.0,34.63779999947292,34.70059999926889,34.644700000171724,500,500,333.0,1501.5015015015017,,False,21.788000000924512
3913,exp1-completion-paced,66,264,0.2768000003925408,1.2073000007148948,42.78470000008383,41.577399999368936,0.0202000001081614,22.05569999932777,500,1010,16.399900000578782,22.099599999819475,False,1010,0.0197999997908482,0.0241000007008551,0.0188999993042671,5.330800000592717,0.1554000000396627,0.0291999995170044,16.399900000578782,0.1212999995914287,0.0,22.05569999932777,22.099599999819475,22.06300000034389,500,500,333.0,1501.5015015015017,,False,20.685100000264356
3914,exp1-completion-paced,66,264,0.2771999998003593,0.0527000001966371,38.40399999990041,38.35129999970377,0.0184999998964485,26.01760000015929,500,1011,20.52269999967393,26.06519999972079,False,1011,0.022000000171829,0.0255999993896693,0.0184000000444939,5.099800000607502,0.1431999999113031,0.0303999995594494,20.52269999967393,0.2028000008067465,0.0,26.01760000015929,26.06519999972079,26.02530000058323,500,500,333.0,1501.5015015015017,,False,12.338800000179617
3915,exp1-completion-paced,66,264,0.2648999998200452,2.776899999844318,46.9465999995009,44.169699999656586,0.0208000001293839,22.3692999998093,500,1012,17.06949999970675,22.4103999998988,False,1012,0.0202999999601161,0.0208000001293839,0.0178000000232714,4.992099999981292,0.1492000001235283,0.0276999999186955,17.06949999970675,0.1128000003518536,0.0,22.3692999998093,22.4103999998988,22.375900000042748,500,500,333.0,1501.5015015015017,,False,24.536199999602097
3916,exp1-completion-paced,66,264,0.294200000098499,1.2275999997655165,33.77109999928507,32.543499999519554,0.0201000002562068,23.11360000021523,500,1013,16.955300000518037,23.16640000026382,False,1013,0.0247999996645376,0.0280000003840541,0.0179999997271806,5.832599999848753,0.1400000001012813,0.0350000000253203,16.955300000518037,0.1324999993812525,0.0,23.11360000021523,23.16640000026382,23.122699999476023,500,500,333.0,1501.5015015015017,,False,10.60469999902125
3917,exp1-completion-paced,66,264,0.27460000001156,1.2501000001066132,35.73139999934938,34.481299999242765,0.0192999996215803,21.70509999996284,500,1014,16.157299999576935,21.75139999962994,False,1014,0.0208000001293839,0.0254999995377147,0.0177000001713167,5.230699999628996,0.1388000000588363,0.0303000006169895,16.157299999576935,0.1301000002058572,0.0,21.70509999996284,21.75139999962994,21.7121000005136,500,500,333.0,1501.5015015015017,,False,13.979999999719439
3918,exp1-completion-paced,66,264,0.275800000054005,0.7461000004695961,34.539000000222586,33.79289999975299,0.0215999998545157,21.22080000026472,500,1015,16.021899999941525,21.264699999846925,False,1015,0.0198999996428028,0.0239999999394058,0.0168000005942303,4.906599999230821,0.1339000000371015,0.029700000595767,16.021899999941525,0.1117000001613632,0.0,21.22080000026472,21.264699999846925,21.22700000018085,500,500,333.0,1501.5015015015017,,False,13.27430000037566
3919,exp1-completion-paced,66,264,0.2722999997786246,1.2313999995967606,56.76569999923231,55.53429999963555,0.0217000006159651,36.8852000001425,500,1016,27.649900000142225,36.934600000677165,False,1016,0.0253000007433001,0.0240999997913604,0.0172000000020489,8.627199999864388,0.250199999754841,0.112700000499899,27.649900000142225,0.2275999995617894,0.0,36.8852000001425,36.934600000677165,36.89250000024913,500,500,333.0,1501.5015015015017,,False,19.831099998555146
3920,exp1-completion-paced,66,264,0.3527999997459119,1.6250999997282634,47.72030000003724,46.09520000030898,0.0195999991774442,32.851799999662035,500,1017,27.51429999989341,32.89949999998498,False,1017,0.0221000000237836,0.025600000299164,0.0156999994942452,5.021400000259746,0.135999999656633,0.0323000003845663,27.51429999989341,0.1319000002695247,0.0,32.851799999662035,32.89949999998498,32.85520000008546,500,500,333.0,1501.5015015015017,,False,14.820800000052259
3921,exp1-completion-paced,66,264,0.3242000002501299,0.0498999997944338,40.23439999946277,40.18449999966833,0.0199000005522975,25.64869999969233,500,1018,16.324799999893003,25.736099999448925,False,1018,0.0177000001713167,0.069699999585282,0.0507000004290603,8.91589999991993,0.1924999996845144,0.0326999997923849,16.324799999893003,0.1319000002695247,0.0,25.64869999969233,25.736099999448925,25.698299999930896,500,500,333.0,1501.5015015015017,,False,14.498300000013842
3922,exp1-completion-paced,66,264,0.2958000004582573,1.150900000538968,41.91460000038205,40.76369999984309,0.0251999999818508,22.051599999940663,500,1019,16.74870000078954,22.098899999946298,False,1019,0.0216999997064704,0.025600000299164,0.0172999998540035,4.999100000532053,0.1354999994873651,0.0302999997074948,16.74870000078954,0.120499999866297,0.0,22.051599999940663,22.098899999946298,22.05910000066069,500,500,333.0,1501.5015015015017,,False,19.815700000435754
3923,exp1-completion-paced,66,264,0.2819999999701394,1.264399999854504,35.26049999982206,33.996099999967555,0.0296999996862723,25.346800000079384,500,1020,19.925000000512227,25.39040000010573,False,1020,0.0215999998545157,0.022000000171829,0.0186999996003578,4.961800000273797,0.137199999699078,0.0301000000035855,19.925000000512227,0.2736999995249789,0.0,25.346800000079384,25.39040000010573,25.35459999944578,500,500,333.0,1501.5015015015017,,False,9.87009999971633
3924,exp1-completion-paced,66,264,0.2750999992713332,2.709100000174658,30.267200000707817,27.55810000053316,0.019300000531075,20.96239999991667,500,1021,15.609900000526975,21.012700000028417,False,1021,0.0212999993891571,0.0290000007225899,0.0181999994310899,5.036000000472996,0.1339000000371015,0.0303999995594494,15.609900000526975,0.1337999992756522,0.0,20.96239999991667,21.012700000028417,20.969599999261845,500,500,333.0,1501.5015015015017,,False,9.2545000006794
3925,exp1-completion-paced,66,264,0.4505999995672027,2.058999999462685,32.15309999995952,30.09410000049684,0.0213000002986518,20.812999999179738,500,1022,15.331500000684173,20.85579999948095,False,1022,0.0190000000657164,0.0238000002354965,0.0175999994098674,5.167500000425207,0.1352999997834558,0.0346999995599617,15.331500000684173,0.1261999996131635,0.0,20.812999999179738,20.85579999948095,20.820200000343903,500,500,333.0,1501.5015015015017,,False,11.297300000478572
3926,exp1-completion-paced,66,264,0.4518999994616024,0.0706999999238178,32.66739999980928,32.59669999988546,0.0714999996489496,22.10469999954512,500,1023,15.157100000578794,22.17670000027283,False,1023,0.0237000003835419,0.0483000003441702,0.0253999996857601,6.617899999582733,0.1442000002498389,0.029499999982363,15.157100000578794,0.1303999997617211,0.0,22.10469999954512,22.17670000027283,22.114800000053947,500,500,333.0,1501.5015015015017,,False,10.490699999536446
3927,exp1-completion-paced,66,264,0.2769000002444954,1.275800000257732,41.04910000023665,39.77329999997892,0.0188000003618071,27.84750000046188,500,1024,20.01430000018445,27.896100000361912,False,1024,0.0200000004042522,0.0285999994957819,0.0197999997908482,7.285300000148709,0.2653000001373584,0.1339999998890562,20.01430000018445,0.1285999996980535,0.0,27.84750000046188,27.896100000361912,27.85449999919365,500,500,333.0,1501.5015015015017,,False,13.152999999874737
3928,exp1-completion-paced,66,264,0.2842000003511202,1.2328000002526096,40.167900000597,38.93510000034439,0.0187000005098525,22.32780000031198,500,1025,16.107999999803724,22.37700000023324,False,1025,0.0237000003835419,0.0254999995377147,0.0182000003405846,5.824400000165042,0.1423999992766766,0.0305000003208988,16.107999999803724,0.2040999997916515,0.0,22.32780000031198,22.37700000023324,22.33499999965716,500,500,333.0,1501.5015015015017,,False,17.79090000036376
3929,exp1-completion-paced,66,264,0.4426999994393554,0.0789999994594836,50.31189999954222,50.232900000082736,0.0203999998120707,40.10420000031445,500,1026,29.6187000003556,40.25280000041676,False,1026,0.0410000002375454,0.1075999998647603,0.0276999999186955,9.821000000556523,0.2718999994613114,0.1130000000557629,29.6187000003556,0.2515999995011952,0.0,40.10420000031445,40.25280000041676,40.114700000231096,500,500,333.0,1501.5015015015017,,False,10.059099999125458
3930,exp1-completion-paced,66,264,0.4503999998632935,6.104899999627378,29.116799999428626,23.011899999801244,0.0193999994735349,20.381799999995565,500,1027,14.87619999988965,20.443100000193223,False,1027,0.0356000000465428,0.0257000001511187,0.0186999996003578,5.168099999536935,0.1385000005029724,0.0369999997928971,14.87619999988965,0.1431000000593485,0.0,20.381799999995565,20.443100000193223,20.389199999954144,500,500,333.0,1501.5015015015017,,False,8.673699999235403
3931,exp1-completion-paced,66,264,0.273600000582519,0.0716000004103989,49.47609999999258,49.404499999582185,0.0209999998332932,29.69279999979335,500,1028,19.0242999997281,29.73930000007385,False,1028,0.0212000004466972,0.0252999998338054,0.019099999917671,9.987700000237965,0.4109999999855063,0.1169999995909165,19.0242999997281,0.133500000629283,0.0,29.69279999979335,29.73930000007385,29.70000000004802,500,500,333.0,1501.5015015015017,,False,19.736799999918727
3932,exp1-completion-paced,66,264,0.2566000002843793,0.0484000001961248,40.79000000001543,40.7415999998193,0.0201000002562068,22.16210000005958,500,1029,16.693900000063877,22.20699999998033,False,1029,0.0215000000025611,0.0233999999181833,0.0170000002981396,5.1407999999355525,0.1395999997839681,0.0419000007241265,16.693900000063877,0.1286999995500082,0.0,22.16210000005958,22.20699999998033,22.168800000144984,500,500,333.0,1501.5015015015017,,False,18.583000000035103
3933,exp1-completion-paced,66,264,0.2790999997159815,1.2424000005921698,42.380700000649085,41.13830000005692,0.0197999997908482,21.39190000070812,500,1030,15.745100000458478,21.443000000545,False,1030,0.0257000001511187,0.0253999996857601,0.2303999999639927,5.10740000026999,0.1402999996571452,0.0276000000667409,15.745100000458478,0.1408999996783677,0.0,21.39190000070812,21.443000000545,21.39549999992596,500,500,333.0,1501.5015015015017,,False,20.937700000104087
3934,exp1-completion-paced,66,264,0.270700000328361,1.2736999997287055,39.83689999950002,38.563199999771314,0.0196000000869389,22.36309999989317,500,1031,15.839900000173657,22.41139999932784,False,1031,0.0234999997701379,0.0247999996645376,0.0185999997484032,6.009700000504381,0.2452999997331062,0.1197000001411652,15.839900000173657,0.1296999998885439,0.0,22.36309999989317,22.41139999932784,22.37070000046515,500,500,333.0,1501.5015015015017,,False,17.42550000017218
3935,exp1-completion-paced,66,264,0.2962999997180304,0.0501999993502977,38.0870999997569,38.03690000040661,0.0251999999818508,20.9792000005109,500,1032,15.83810000010999,21.02439999998751,False,1032,0.0215000000025611,0.0236999994740472,0.0173999997059581,4.826700000194251,0.1343000003544148,0.0278999996226048,15.83810000010999,0.1345999999102787,0.0,20.9792000005109,21.02439999998751,20.985899999686808,500,500,333.0,1501.5015015015017,,False,17.062699999769393
3936,exp1-completion-paced,66,264,0.3961000002163928,1.0965999999825726,34.10890000031941,33.01230000033684,0.0193999994735349,20.733100000143168,500,1033,15.513100000134727,20.780800000466115,False,1033,0.0214000001506065,0.0263000001723412,0.017899999875226,4.915100000289385,0.1311999994868529,0.0276999999186955,15.513100000134727,0.1277999999729218,0.0,20.733100000143168,20.780800000466115,20.740099999784437,500,500,333.0,1501.5015015015017,,False,13.328099999853293
3937,exp1-completion-paced,66,264,0.2720000002227607,1.2190000006739865,35.08230000079493,33.863300000120944,0.0194000003830296,21.940399999948568,500,1034,16.96890000039275,21.993600000314476,False,1034,0.0218000004679197,0.0313999998979852,0.0173999997059581,4.6585999998569605,0.1362000002700369,0.0302999997074948,16.96890000039275,0.1288000003114575,0.0,21.940399999948568,21.993600000314476,21.946599999864706,500,500,333.0,1501.5015015015017,,False,13.088700000480454
3938,exp1-completion-paced,66,264,0.265699999545177,2.776899999844318,36.714300000312505,33.93740000046819,0.0221000000237836,22.318299999824376,500,1035,16.11479999974108,22.36419999917416,False,1035,0.0203999998120707,0.0254999995377147,0.0175000004674075,5.889600000045903,0.1345999999102787,0.0290999996650498,16.11479999974108,0.1326000001427019,0.0,22.318299999824376,22.36419999917416,22.325899999486865,500,500,333.0,1501.5015015015017,,False,14.350100001138344
3939,exp1-completion-paced,66,264,0.2682999993339763,0.045200000386103,36.70510000029026,36.65989999990416,0.0183000001925393,23.554100000183094,500,1036,15.815499999916938,23.6006000004636,False,1036,0.0196000000869389,0.0269000001935637,0.0178000000232714,7.424999999784632,0.1361000004180823,0.0273999994533369,15.815499999916938,0.1319000002695247,0.0,23.554100000183094,23.6006000004636,23.560399999951187,500,500,333.0,1501.5015015015017,,False,13.104499999826658
3940,exp1-completion-paced,66,264,0.2510000003894674,0.0577999999222811,42.779800000062096,42.722000000139815,0.0191999997696257,20.143100000495902,500,1037,15.03339999999298,20.186200000352983,False,1037,0.0211000005947425,0.0219999992623343,0.0189000002137618,4.800000000614091,0.1310999996348982,0.0278999996226048,15.03339999999298,0.1316000007136608,0.0,20.143100000495902,20.186200000352983,20.15060000030644,500,500,333.0,1501.5015015015017,,False,22.593599999709113
3941,exp1-completion-paced,66,264,0.2795000000332948,2.6637999999366,37.11529999964114,34.45149999970454,0.0187000005098525,19.749099999899045,500,1038,14.689199999338598,19.7941999995237,False,1038,0.0204999996640253,0.0245999999606283,0.0198999996428028,4.752000000735279,0.1322999996773433,0.0300000001516309,14.689199999338598,0.125500000649481,0.0,19.749099999899045,19.7941999995237,19.756499999857624,500,500,333.0,1501.5015015015017,,False,17.32110000011744
3942,exp1-completion-paced,66,264,0.276099999609869,2.7679999993779347,47.19349999959377,44.42550000021584,0.0195000002349843,26.55259999937698,500,1039,19.14639999995416,26.59739999944577,False,1039,0.0213999992411118,0.023400000827678,0.0172999998540035,6.856799999695795,0.2851999997801613,0.119000000267988,19.14639999995416,0.1276000002690125,0.0,26.55259999937698,26.59739999944577,26.55940000022383,500,500,333.0,1501.5015015015017,,False,20.596100000148
3943,exp1-completion-paced,66,264,0.276099999609869,1.2239999996381812,42.55159999956959,41.32759999993141,0.0171000001500942,25.145599999632395,500,1040,18.87910000004922,25.19529999972292,False,1040,0.021799999558425,0.0279000005320995,0.034599999708007,5.87329999962094,0.1745000008668285,0.0302999997074948,18.87910000004922,0.1535999999759951,0.0,25.145599999632395,25.19529999972292,25.153300000056333,500,500,333.0,1501.5015015015017,,False,17.35629999984667
3944,exp1-completion-paced,66,264,0.2881000000343192,0.0492999997732113,41.14709999976185,41.09779999998864,0.0199000005522975,27.333800000633342,500,1041,19.111900000098103,27.3827999999412,False,1041,0.0245000001086737,0.024499999199179,0.0196000000869389,7.599800000207324,0.2526999996916856,0.1126000006479444,19.111900000098103,0.236899999435991,0.0,27.333800000633342,27.3827999999412,27.3416999998517,500,500,333.0,1501.5015015015017,,False,13.76429999982065
3945,exp1-completion-paced,66,264,0.2774000004137633,0.0510999998368788,48.39480000009644,48.34370000025956,0.0199000005522975,21.55120000043098,500,1042,16.204899999138433,21.59820000088075,False,1042,0.0219000003198743,0.0251000001298962,0.0192999996215803,5.032000000028347,0.1376000000163912,0.0296000007438124,16.204899999138433,0.1276000002690125,0.0,21.55120000043098,21.59820000088075,21.558899999945424,500,500,333.0,1501.5015015015017,,False,26.796599999215687
3946,exp1-completion-paced,66,264,0.305800000205636,1.199799999994866,44.31829999975889,43.118499999764026,0.0199000005522975,21.87229999981355,500,1043,16.21259999956237,21.92749999994703,False,1043,0.0227999998969608,0.032400000236521,0.0181999994310899,5.333500000233471,0.1400999999532359,0.0329000004057888,16.21259999956237,0.1346999997622333,0.0,21.87229999981355,21.92749999994703,21.879299999454812,500,500,333.0,1501.5015015015017,,False,22.39079999981186
3947,exp1-completion-paced,66,264,0.2962999997180304,1.7250000000785803,29.004099999838218,27.27909999975964,0.0171000001500942,21.083599999656144,500,1044,15.862899999774529,21.33400000002439,False,1044,0.0281000002360087,0.2223000001322361,0.0159999999596038,4.91520000014134,0.135999999656633,0.0311000003421213,15.862899999774529,0.1222000000780099,0.0,21.083599999656144,21.33400000002439,21.088700000291283,500,500,333.0,1501.5015015015017,,False,7.670099999813829
3948,exp1-completion-paced,66,264,0.2920000006270129,1.2463000002753688,34.599900000102934,33.353599999827566,0.0202999999601161,20.34670000011829,500,1045,15.1650999996491,20.401699999638367,False,1045,0.0297999995382269,0.0251999999818508,0.0178000000232714,4.865500000050815,0.1365000007353956,0.0297999995382269,15.1650999996491,0.1318000004175701,0.0,20.34670000011829,20.401699999638367,20.352900000034424,500,500,333.0,1501.5015015015017,,False,14.198200000464567
3949,exp1-completion-paced,66,264,0.2817000004142755,1.710800000182644,31.63540000059584,29.924600000413196,0.0165999999808263,21.552600000177332,500,1046,16.25380000041332,21.6032999996969,False,1046,0.0227000000450061,0.0279999994745594,0.0191999997696257,4.985900000065158,0.1354000005449052,0.0298999993901816,16.25380000041332,0.1283000001421896,0.0,21.552600000177332,21.6032999996969,21.560300000601277,500,500,333.0,1501.5015015015017,,False,10.03210000089894
3950,exp1-completion-paced,66,264,0.4404999999678693,3.057200000512239,33.39190000042436,30.33469999991212,0.0218000004679197,22.22619999974995,500,1047,16.31199999974342,22.272899999734364,False,1047,0.0218999994103796,0.0248000005740323,0.0169999993886449,5.425899999863759,0.1840000004449393,0.0593000004300847,16.31199999974342,0.2275999995617894,0.0,22.22619999974995,22.272899999734364,22.23299999968731,500,500,333.0,1501.5015015015017,,False,11.119000000689994
3951,exp1-completion-paced,66,264,0.2753999997366918,1.202599999487575,38.05709999960527,36.854500000117696,0.0196999999388935,21.454699999594595,500,1048,16.251500000180386,21.498899999642163,False,1048,0.0207999992198892,0.023400000827678,0.017699999261822,4.889700000603625,0.1339000000371015,0.0319999999192077,16.251500000180386,0.1296999998885439,0.0,21.454699999594595,21.498899999642163,21.461100000124134,500,500,333.0,1501.5015015015017,,False,16.558199999963108
3952,exp1-completion-paced,66,264,0.2884999994421378,1.2130999994042213,42.26599999947212,41.05290000006789,0.0188000003618071,24.38449999954173,500,1049,18.963200000143843,24.61919999950624,False,1049,0.0221000000237836,0.2125999999407213,0.0250000002779415,5.100699999275093,0.1420000007783528,0.0286999993477365,18.963200000143843,0.1247000000148546,0.0,24.38449999954173,24.61919999950624,24.415699999735807,500,500,333.0,1501.5015015015017,,False,17.646799999965882
3953,exp1-completion-paced,66,264,0.27219999992667,1.228499999342603,39.69219999999041,38.463700000647805,0.0196000000869389,22.791999999753894,500,1050,16.49840000027325,22.840999999971245,False,1050,0.0233999999181833,0.025600000299164,0.0190000000657164,5.946100000073784,0.1379999994242098,0.0446000003648805,16.49840000027325,0.1455999999961932,0.0,22.791999999753894,22.840999999971245,22.799200000008568,500,500,333.0,1501.5015015015017,,False,16.851200000019162
3954,exp1-completion-paced,66,264,0.2779000005830312,1.2339000004431,38.29200000018318,37.05809999974008,0.0300000001516309,24.08240000022488,500,1051,18.796299999849,24.135999999998603,False,1051,0.023200000214274,0.0303999995594494,0.0196999999388935,4.838700000618701,0.1357000001007691,0.0380999999833875,18.796299999849,0.2536000001782668,0.0,24.08240000022488,24.135999999998603,24.090800000521995,500,500,333.0,1501.5015015015017,,False,14.156000000184576
3955,exp1-completion-paced,66,264,0.2795000000332948,2.734499999860418,47.75610000069719,45.02160000083677,0.0197999997908482,22.36309999989317,500,1052,15.67590000013297,22.42759999990085,False,1052,0.023200000214274,0.0412999997934093,0.0177000001713167,6.1540999995486345,0.253799999882176,0.1222000000780099,15.67590000013297,0.1392000003761495,0.0,22.36309999989317,22.42759999990085,22.37000000059197,500,500,333.0,1501.5015015015017,,False,25.32850000079634
3956,exp1-completion-paced,66,264,0.2728999997998471,1.7856000004030648,30.16569999999774,28.38009999959468,0.0201000002562068,22.218299999622104,500,1053,15.967400000590716,22.40960000017367,False,1053,0.0301000000035855,0.1612000005479785,0.0242999994952697,5.924099999901955,0.14270000065153,0.0297999995382269,15.967400000590716,0.1297999997404986,0.0,22.218299999622104,22.40960000017367,22.250699999858625,500,500,333.0,1501.5015015015017,,False,7.756099999824073
3957,exp1-completion-paced,66,264,0.2649999996719998,0.0432999995609861,32.17719999975088,32.1339000001899,0.0195999991774442,22.30370000052062,500,1054,15.983600000254228,22.528500000589705,False,1054,0.0227999998969608,0.20200000017212,0.025600000299164,5.992399999740883,0.1441000003978843,0.0285999994957819,15.983600000254228,0.1291999997192761,0.0,22.30370000052062,22.528500000589705,22.329899999931516,500,500,333.0,1501.5015015015017,,False,9.648699999161177
3958,exp1-completion-paced,66,264,0.2659000001585809,5.791599999611208,31.14869999990333,25.35710000029212,0.0203999998120707,20.59540000027482,500,1055,15.330899999753456,20.641000000068743,False,1055,0.0212999993891571,0.0243000004047644,0.0174999995579128,4.954300000463263,0.135999999656633,0.0303000006169895,15.330899999753456,0.1261999996131635,0.0,20.59540000027482,20.641000000068743,20.60249999976804,500,500,333.0,1501.5015015015017,,False,10.507699999834585
3959,exp1-completion-paced,66,264,0.2786000004562083,1.2195999997857143,37.574299999505456,36.35469999971974,0.0196999999388935,21.74860000013723,500,1056,16.278000000056636,21.81170000039856,False,1056,0.0222999997276929,0.0408000005336361,0.0186999996003578,5.154500000571716,0.1382999998895684,0.0307999998767627,16.278000000056636,0.1280999995287857,0.0,21.74860000013723,21.81170000039856,21.75639999950363,500,500,333.0,1501.5015015015017,,False,15.762599999106897
3960,exp1-completion-paced,66,264,0.2862999999706517,4.230800000186719,39.720300000226416,35.4895000000397,0.0207000002774293,21.73039999979665,500,1057,16.141099999913422,21.805599999424885,False,1057,0.0211999995372025,0.0540000000910367,0.0182000003405846,5.269899999802874,0.1394000000800588,0.0293000002784538,16.141099999913422,0.1322999996773433,0.0,21.73039999979665,21.805599999424885,21.73799999945913,500,500,333.0,1501.5015015015017,,False,17.91470000080153
3961,exp1-completion-paced,66,264,0.2722999997786246,2.2656999999526306,35.12030000001687,32.85460000006424,0.0209999998332932,21.59459999984392,500,1058,16.124300000228686,21.642400000018824,False,1058,0.0221000000237836,0.0257000001511187,0.0184000000444939,5.153600000085135,0.1402999996571452,0.028299999939918,16.124300000228686,0.1295000001846347,0.0,21.59459999984392,21.642400000018824,21.602200000415905,500,500,333.0,1501.5015015015017,,False,13.477899999998044
3962,exp1-completion-paced,66,264,0.4472999999052263,1.0509000003366964,38.093400000434485,37.04250000009779,0.0223999995796475,21.10290000018722,500,1059,15.561400000478898,21.147299999938696,False,1059,0.021799999558425,0.0226000001930515,0.0226000001930515,5.214299999352079,0.1447000004191068,0.0326999997923849,15.561400000478898,0.1269999993382953,0.0,21.10290000018722,21.147299999938696,21.109299999807263,500,500,333.0,1501.5015015015017,,False,16.94610000049579
3963,exp1-completion-paced,66,264,0.2790999997159815,1.2262999998711166,37.02909999992698,35.80280000005587,0.0278000006801448,26.837200000045414,500,1060,21.498699999938253,26.88500000022032,False,1060,0.0211999995372025,0.0266000006376998,0.0179999997271806,4.887000000053376,0.1352999997834558,0.0295999998343177,21.498699999938253,0.268300000243471,0.0,26.837200000045414,26.88500000022032,26.844799999707902,500,500,333.0,1501.5015015015017,,False,10.144099999706658
3964,exp1-completion-paced,66,264,0.281199999335513,0.7610000002387096,41.78510000019742,41.02409999995871,0.0282000000879634,21.63540000037756,500,1061,16.11640000010084,21.836400000211142,False,1061,0.0231000003623194,0.1778999994712649,0.0251000001298962,5.201500000111992,0.1385999994454323,0.0288999999611405,16.11640000010084,0.1247000000148546,0.0,21.63540000037756,21.836400000211142,21.66739999938727,500,500,333.0,1501.5015015015017,,False,19.948699999986275
3965,exp1-completion-paced,66,264,0.2611999998407555,1.2389000003167894,29.63949999957549,28.400599999258706,0.0196000000869389,21.36479999990115,500,1062,15.74460000028921,21.414299999378272,False,1062,0.0237999993260018,0.0257000001511187,0.0175000004674075,5.295399999340589,0.1390000006722402,0.0293999992209137,15.74460000028921,0.1387000002068816,0.0,21.36479999990115,21.414299999378272,21.372000000155825,500,500,333.0,1501.5015015015017,,False,8.22520000019722
3966,exp1-completion-paced,66,264,0.4529000007096329,1.0663000002750778,34.42290000020876,33.35659999993368,0.0190000000657164,25.078799999391777,500,1063,19.5927999993728,25.13589999944088,False,1063,0.0233999999181833,0.0337000001309206,0.0202999999601161,5.145299999639974,0.1382000000376138,0.0317000003633438,19.5927999993728,0.150200000462064,0.0,25.078799999391777,25.13589999944088,25.09680000002845,500,500,333.0,1501.5015015015017,,False,9.287000000767883
3967,exp1-completion-paced,66,264,0.2861000002667424,2.726499999880616,32.13950000008481,29.413000000204192,0.0202999999601161,22.328600000037117,500,1064,16.849999999976717,22.37760000025446,False,1064,0.0224000004891422,0.0265999997282051,0.0195000002349843,5.1487000000634,0.1427999995939899,0.0294000001304084,16.849999999976717,0.1380000003337045,0.0,22.328600000037117,22.37760000025446,22.337100000186183,500,500,333.0,1501.5015015015017,,False,9.761899999830348
3968,exp1-completion-paced,66,264,0.2662000006239395,1.213199999256176,35.01889999915875,33.80569999990257,0.0215000000025611,23.139199999604894,500,1065,16.713800000616175,23.21109999957116,False,1065,0.0392000001738779,0.0326999997923849,0.0177000001713167,6.048700000064855,0.1907999994728015,0.0332999998136074,16.713800000616175,0.1345999999102787,0.0,23.139199999604894,23.21109999957116,23.14550000028248,500,500,333.0,1501.5015015015017,,False,11.807799999587587
3969,exp1-completion-paced,66,264,0.2922999992733821,1.1953000002904446,35.54059999987658,34.34529999958613,0.0225000003410968,24.31780000006256,500,1066,18.212900000435184,24.368600000343577,False,1066,0.0210000007427879,0.0297999995382269,0.0203999998120707,5.662999999913154,0.2471000007062684,0.036099999306316,18.212900000435184,0.1381000001856591,0.0,24.31780000006256,24.368600000343577,24.32500000031723,500,500,333.0,1501.5015015015017,,False,11.171999999533
3970,exp1-completion-paced,66,264,0.2880000001823646,1.285199999983888,42.66929999994318,41.38409999995929,0.0194000003830296,21.72150000023976,500,1067,16.09699999971781,21.79320000050211,False,1067,0.0245000001086737,0.0472000001536798,0.0184999998964485,5.302999999912572,0.1385000005029724,0.0283999997918726,16.09699999971781,0.1357999999527237,0.0,21.72150000023976,21.79320000050211,21.72900000005029,500,500,333.0,1501.5015015015017,,False,20.876099999441067
3971,exp1-completion-paced,66,264,0.3090000000156578,2.744000000348024,42.76870000012423,40.0246999997762,0.0219999992623343,25.488699999186792,500,1068,19.76290000038716,25.533299999551677,False,1068,0.0225000003410968,0.0221000000237836,0.0177999991137767,5.278400000861439,0.1440999994883895,0.0302999997074948,19.76290000038716,0.2549000000726664,0.0,25.488699999186792,25.533299999551677,25.49590000035096,500,500,333.0,1501.5015015015017,,False,17.23540000057255
3972,exp1-completion-paced,66,264,0.2819000001181848,1.2521999997261446,38.27460000047722,37.02240000075108,0.0196999999388935,26.088499999787015,500,1069,17.465800000536547,26.138000000173637,False,1069,0.0226000001930515,0.0269000001935637,0.0181999994310899,8.080399999926158,0.2559000004112022,0.1114999995479593,17.465800000536547,0.1564999993206584,0.0,26.088499999787015,26.138000000173637,26.095799999893643,500,500,333.0,1501.5015015015017,,False,12.136600000303584
3973,exp1-completion-paced,66,264,0.2686000007088296,1.2378999999782536,48.28820000057021,47.05030000059196,0.0304000004689442,35.190399999919464,500,1070,29.151599999750037,35.236300000178744,False,1070,0.0228999997489154,0.0230000005103647,0.0203999998120707,5.558300000302552,0.1452999995308346,0.0298000004477216,29.151599999750037,0.2846999996108934,0.0,35.190399999919464,35.236300000178744,35.19809999943391,500,500,333.0,1501.5015015015017,,False,13.051900000391463
3974,exp1-completion-paced,66,264,0.2786999993986683,1.2861999994129292,32.11079999982758,30.824600000414648,0.0190000000657164,24.05420000013692,500,1071,15.968400000019756,24.19230000032257,False,1071,0.0230000005103647,0.1150999996752943,0.1527000003989087,7.622199999786972,0.1453999993827892,0.0302000007650349,15.968400000019756,0.1349999993180972,0.0,24.05420000013692,24.19230000032257,24.084099999527098,500,500,333.0,1501.5015015015017,,False,7.918499999505006
3975,exp1-completion-paced,66,264,0.4535999996733153,1.048099999934493,55.09519999941404,54.04709999947954,0.0215000000025611,40.30129999955534,500,1072,30.91870000025665,40.35269999985758,False,1072,0.0224999994316021,0.0289000008706352,0.0182999992830446,8.676200000081735,0.2756000003500958,0.1366999995298101,30.91870000025665,0.2753999997366918,0.0,40.30129999955534,40.35269999985758,40.308799999365874,500,500,333.0,1501.5015015015017,,False,14.742499999556465
3976,exp1-completion-paced,66,264,0.4829999998037237,0.0804000001153326,33.877599999868835,33.7971999997535,0.0199999994947575,21.05779999965307,500,1073,15.7242999994196,21.116500000061933,False,1073,0.0243000004047644,0.0344000000040978,0.0185999997484032,5.005099999834783,0.1441000003978843,0.0299000002996763,15.7242999994196,0.1355000003968598,0.0,21.05779999965307,21.116500000061933,21.06639999965409,500,500,333.0,1501.5015015015017,,False,12.761099999806902
3977,exp1-completion-paced,66,264,0.277200000709854,0.0575000003664172,35.13900000052672,35.081500000160304,0.0214000001506065,23.95209999940562,500,1074,18.291600000338804,23.999999999432475,False,1074,0.0227999998969608,0.0251000001298962,0.0184999998964485,5.33499999983178,0.1406000001225038,0.0303999995594494,18.291600000338804,0.1358999998046783,0.0,23.95209999940562,23.999999999432475,23.96020000014687,500,500,333.0,1501.5015015015017,,False,11.139000001094246
3978,exp1-completion-paced,66,264,0.2711999995881342,0.0551000002815271,44.24370000015188,44.18859999987035,0.0211999995372025,33.243599999877915,500,1075,25.948000000425964,33.29479999956675,False,1075,0.0243999993472243,0.0268000003416091,0.019099999917671,6.8114000005152775,0.1486999999542604,0.0366999993275385,25.948000000425964,0.2794000001813401,0.0,33.243599999877915,33.29479999956675,33.252100000026985,500,500,333.0,1501.5015015015017,,False,10.948900000585134
3979,exp1-completion-paced,66,264,0.2752999998847372,0.7163999998738291,50.48149999947782,49.76509999960399,0.0202000001081614,36.305600000559934,500,1076,26.746700000330748,36.4331000000675,False,1076,0.037299999348761,0.0902000001588021,0.025600000299164,9.02570000016567,0.2549000000726664,0.1186999998026294,26.746700000330748,0.1336999994236976,0.0,36.305600000559934,36.4331000000675,36.31299999960902,500,500,333.0,1501.5015015015017,,False,14.048399999410321
3980,exp1-completion-paced,66,264,0.2718999994613114,3.774900000280468,41.13549999965471,37.36059999937424,0.0208999999813386,26.804899999660847,500,1077,16.880099999980303,26.855799999793817,False,1077,0.0221999998757382,0.0287000002572312,0.0172999998540035,9.305399999902876,0.2610000001368462,0.1609999999345746,16.880099999980303,0.1799000001483364,0.0,26.804899999660847,26.855799999793817,26.812299999619427,500,500,333.0,1501.5015015015017,,False,14.279699999860895
3981,exp1-completion-paced,66,264,0.2846999996108934,2.182600000196544,48.23229999965406,46.04969999945752,0.0230999994528247,31.975700000657525,500,1078,21.432800000184216,32.02260000034585,False,1078,0.0209999998332932,0.025899999855028,0.0198000007003429,9.981799999877694,0.2860999993572477,0.1158000004579662,21.432800000184216,0.1391999994666548,0.0,31.975700000657525,32.02260000034585,31.983199999558565,500,500,333.0,1501.5015015015017,,False,16.209699999308214
3982,exp1-completion-paced,66,264,0.281199999335513,2.782199999273871,37.66949999953795,34.88730000026408,0.0195000002349843,21.373299999140727,500,1079,15.57429999957094,21.42239999921003,False,1079,0.0218999994103796,0.0272000006589223,0.0174999995579128,5.46790000043984,0.1431999999113031,0.0325999999404302,15.57429999957094,0.1376999998683459,0.0,21.373299999140727,21.42239999921003,21.381499999733933,500,500,333.0,1501.5015015015017,,False,16.24710000032792
3983,exp1-completion-paced,66,264,0.2807999999276944,1.273899999432615,36.5988000003199,35.32490000088728,0.032400000236521,25.00549999967916,500,1080,19.155599999976403,25.07199999945442,False,1080,0.0215999998545157,0.0448999999207444,0.019099999917671,5.513299999620358,0.1466000003347289,0.0317000003633438,19.155599999976403,0.1388999999107909,0.0,25.00549999967916,25.07199999945442,25.013200000103097,500,500,333.0,1501.5015015015017,,False,11.526800000865478
3984,exp1-completion-paced,66,264,0.2744000003076507,4.250599999977567,38.21330000027956,33.96270000030199,0.0229000006584101,24.268900000606664,500,1081,18.48280000012892,24.31539999997767,False,1081,0.0226000001930515,0.0238999991779564,0.0508000002810149,5.415800000264426,0.1436000002286164,0.0296999996862723,18.48280000012892,0.1459999994040117,0.0,24.268900000606664,24.31539999997767,24.27559999978257,500,500,333.0,1501.5015015015017,,False,13.897900000301888
3985,exp1-completion-paced,66,264,0.2833999997164937,1.202599999487575,58.3675999996558,57.16500000016822,0.0227000000450061,42.080199999873,500,1082,29.84879999985424,42.1358000003238,False,1082,0.025600000299164,0.0300000001516309,0.0211999995372025,11.52300000012474,0.276099999609869,0.1237000005858135,29.84879999985424,0.2869999998438288,0.0,42.080199999873,42.1358000003238,42.089300000043295,500,500,333.0,1501.5015015015017,,False,16.231799999332004
3986,exp1-completion-paced,66,264,0.4443000007086084,1.0787000001073466,54.68949999976758,53.61079999966023,0.0208000001293839,35.63930000018445,500,1083,25.25319999949716,35.792900000160444,False,1083,0.0335999993694713,0.1200000006065238,0.0253999996857601,9.842999999818858,0.2584000003480469,0.1228000000992324,25.25319999949716,0.1363000001219916,0.0,35.63930000018445,35.792900000160444,35.649999999805004,500,500,333.0,1501.5015015015017,,False,18.896599999607133
3987,exp1-completion-paced,66,264,0.2826999998433166,0.0887999995029531,41.61279999971157,41.524000000208616,0.0369999997928971,28.682999999546155,500,1084,20.56059999995341,28.72679999927641,False,1084,0.0203999998120707,0.0233999999181833,0.0184000000444939,7.42050000008021,0.4397000002427376,0.1099999999496503,20.56059999995341,0.1335999995717429,0.0,28.682999999546155,28.72679999927641,28.690699999970093,500,500,333.0,1501.5015015015017,,False,12.88600000043516
3988,exp1-completion-paced,66,264,0.2829999993991805,1.2400000005072798,58.44479999996111,57.20479999945383,0.0215999998545157,39.38729999936186,500,1085,29.30259999993723,39.62909999972908,False,1085,0.0233000000662286,0.2185000003009918,0.0249999993684468,9.30900000003021,0.2764000000752276,0.1302999999097664,29.30259999993723,0.3436000006331596,0.0,39.38729999936186,39.62909999972908,39.39840000020922,500,500,333.0,1501.5015015015017,,False,18.815700000232034
3989,exp1-completion-paced,66,264,0.2762000003713183,2.736899999945308,36.14740000011807,33.41050000017276,0.0187000005098525,21.539100000154576,500,1086,16.39820000036707,21.584299999631185,False,1086,0.024199999643315,0.0209999998332932,0.0198000007003429,4.8415000001114095,0.1363999999739462,0.0296999996862723,16.39820000036707,0.1133999994635814,0.0,21.539100000154576,21.584299999631185,21.54580000023998,500,500,333.0,1501.5015015015017,,False,14.563100000486884
3990,exp1-completion-paced,66,264,0.4586000004564994,1.0588000004645437,44.637900000452646,43.5790999999881,0.0234999997701379,27.76440000070579,500,1087,22.369900000740017,27.811700000711426,False,1087,0.0231000003623194,0.024199999643315,0.0188000003618071,5.082399999992049,0.1382999998895684,0.0296999996862723,22.369900000740017,0.1249999995707185,0.0,27.76440000070579,27.811700000711426,27.77150000019901,500,500,333.0,1501.5015015015017,,False,16.82619999974122
3991,exp1-completion-paced,66,264,0.2659000001585809,1.2459999998100102,31.657300000006217,30.411300000196206,0.0204999996640253,20.624399999178426,500,1088,15.303700000004028,20.671199999924283,False,1088,0.0223000006371876,0.0245000001086737,0.0186999996003578,5.015099999582162,0.1384000006510177,0.0273999994533369,15.303700000004028,0.1209000001836102,0.0,20.624399999178426,20.671199999924283,20.632199999454315,500,500,333.0,1501.5015015015017,,False,10.986100000081933
3992,exp1-completion-paced,66,264,0.2793000003293855,1.2544000001071254,39.77949999989505,38.525099999787926,0.0196000000869389,29.57169999990583,500,1089,24.08229999946343,29.61909999976342,False,1089,0.0239999999394058,0.0233999999181833,0.0191999997696257,5.173399999875983,0.1378000006297952,0.0301000000035855,24.08229999946343,0.1286000006075482,0.0,29.57169999990583,29.61909999976342,29.578800000308547,500,500,333.0,1501.5015015015017,,False,10.16040000013163
3993,exp1-completion-paced,66,264,0.4735000002256129,1.0318000004190253,44.57630000069912,43.544500000280095,0.0313999998979852,34.32729999985895,500,1090,28.508099999271508,34.372599999187514,False,1090,0.0207999992198892,0.0245000001086737,0.0207000002774293,5.495000000337313,0.1427999995939899,0.0316000005113892,28.508099999271508,0.1289000001634122,0.0,34.32729999985895,34.372599999187514,34.33440000026167,500,500,333.0,1501.5015015015017,,False,10.203700001511606
3994,exp1-completion-paced,66,264,0.4663999998228973,0.0903999998627114,36.65229999933217,36.56189999946946,0.0190000000657164,23.72529999956896,500,1091,17.74160000059055,23.77739999974437,False,1091,0.0245999999606283,0.0275000002147862,0.0182999992830446,5.638900000121794,0.1870000005510519,0.0347999994119163,17.74160000059055,0.1044000000547384,0.0,23.72529999956896,23.77739999974437,23.732900000140944,500,500,333.0,1501.5015015015017,,False,12.8748999995878
3995,exp1-completion-paced,66,264,0.3016000000570784,1.2605000001713051,41.70980000071722,40.44930000054592,0.017899999875226,24.58459999979823,500,1092,18.134099999770115,24.62980000018433,False,1092,0.0225000003410968,0.0227000000450061,0.0179999997271806,6.127399999968475,0.1471999994464568,0.0333000007231021,18.134099999770115,0.1242999996975413,0.0,24.58459999979823,24.62980000018433,24.59149999958754,500,500,333.0,1501.5015015015017,,False,17.080000000532895
3996,exp1-completion-paced,66,264,0.2724999994825339,2.7513000004546484,39.73070000029111,36.97939999983646,0.019300000531075,27.08830000028684,500,1093,21.4986000000863,27.132500000334403,False,1093,0.0225000003410968,0.0216999997064704,0.016900000446185,5.302800000208663,0.1450999998269253,0.0301999998555402,21.4986000000863,0.0942999995459104,0.0,27.08830000028684,27.132500000334403,27.09469999990688,500,500,333.0,1501.5015015015017,,False,12.598199999956705
3997,exp1-completion-paced,66,264,0.2727000000959378,2.7804000001196982,44.14970000016183,41.36930000004213,0.0203999998120707,21.832800000083807,500,1094,15.995900000234542,21.900499999901516,False,1094,0.0361000002158107,0.0315999996018945,0.0175000004674075,5.5308000000877655,0.1347999996141879,0.0288000001091859,15.995900000234542,0.1247999998668092,0.0,21.832800000083807,21.900499999901516,21.836500000063097,500,500,333.0,1501.5015015015017,,False,22.249200000260313
3998,exp1-completion-paced,66,264,0.2690000001166481,2.7276000000711065,31.22739999980695,28.49979999973584,0.0189000002137618,20.979800000532123,500,1095,15.432199999850129,21.030400000199734,False,1095,0.0249999993684468,0.025600000299164,0.0184000000444939,5.266299999675539,0.1417000003129942,0.0292000004264991,15.432199999850129,0.0917999996090657,0.0,20.979800000532123,21.030400000199734,20.98740000019461,500,500,333.0,1501.5015015015017,,False,10.196999999607215
3999,exp1-completion-paced,66,264,0.269299999672512,1.2021000002278015,42.75560000041878,41.55350000019098,0.0203999998120707,24.21500000036758,500,1096,18.799800000124375,24.258000000372704,False,1096,0.0200000004042522,0.02299999960087,0.0189000002137618,5.12579999940499,0.1399000002493267,0.0282000000879634,18.799800000124375,0.1021999996737577,0.0,24.21500000036758,24.258000000372704,24.222699999882025,500,500,333.0,1501.5015015015017,,False,18.497600000046077
4000,exp1-completion-paced,66,264,0.4723000001831678,1.0665999998309417,44.263300000238814,43.19670000040787,0.0317000003633438,26.0563000001639,500,1097,16.556499999751395,26.103299999704177,False,1097,0.0223999995796475,0.0245999999606283,0.0170000002981396,9.217200000421144,0.1450999998269253,0.0296999996862723,16.556499999751395,0.0906000004761153,0.0,26.0563000001639,26.103299999704177,26.063000000249303,500,500,333.0,1501.5015015015017,,False,18.160000000534637
4001,exp1-completion-paced,66,264,0.279699999737204,1.2105999994673766,43.30499999923632,42.09439999976894,0.0181999994310899,21.78029999959108,500,1098,15.697800000452844,21.861899999748857,False,1098,0.0587000004088622,0.0228999997489154,0.030999999580672,5.744400000367023,0.1909000002342509,0.0298999993901816,15.697800000452844,0.0860999998621991,0.0,21.78029999959108,21.861899999748857,21.78710000043793,500,500,333.0,1501.5015015015017,,False,21.443099999487465
4002,exp1-completion-paced,66,264,0.2521999995224178,1.271499999347725,39.60670000014943,38.335200000801706,0.0210999996852478,25.29899999990448,500,1099,17.69609999973909,25.3763999999137,False,1099,0.0230000005103647,0.0543999994988553,0.0250000002779415,7.306600000447361,0.141299999995681,0.0272999996013822,17.69609999973909,0.1025000001391163,0.0,25.29899999990448,25.3763999999137,25.309399999969173,500,500,333.0,1501.5015015015017,,False,14.23030000023573
4003,exp1-completion-paced,66,264,0.2868999999918742,1.2877999997726874,41.27489999973477,39.98709999996208,0.0187999994523124,21.451100000376755,500,1100,15.80030000059196,21.50040000014997,False,1100,0.0236999994740472,0.025600000299164,0.0203999998120707,5.34349999998085,0.1450999998269253,0.0435000001743901,15.80030000059196,0.0979999995252001,0.0,21.451100000376755,21.50040000014997,21.459099999447066,500,500,333.0,1501.5015015015017,,False,19.7744999995848
4004,exp1-completion-paced,66,264,0.2905000001192093,0.7171999995989609,36.86910000033095,36.15190000073199,0.0224000004891422,21.29340000010416,500,1101,16.11460000003717,21.353399999497924,False,1101,0.0326999997923849,0.0272999996013822,0.0176000003193621,4.881500000010419,0.1362000002700369,0.0407999996241414,16.11460000003717,0.1025000001391163,0.0,21.29340000010416,21.353399999497924,21.300499999597378,500,500,333.0,1501.5015015015017,,False,15.515700000833029
4005,exp1-completion-paced,66,264,0.2655999996932223,2.7319000000716187,31.990000000405416,29.2581000003338,0.0293000002784538,21.32939999955852,500,1102,15.920099999675584,21.375399999669757,False,1102,0.0202000001081614,0.0258000000030733,0.0182000003405846,5.124599999362545,0.1392000003761495,0.028299999939918,15.920099999675584,0.0988000001598266,0.0,21.32939999955852,21.375399999669757,21.336699999665143,500,500,333.0,1501.5015015015017,,False,10.61460000073566
4006,exp1-completion-paced,66,264,0.2905000001192093,1.7271000006076065,37.64240000054997,35.91529999994236,0.0222999997276929,22.578600000088045,500,1103,17.389599999660277,22.627100000136124,False,1103,0.0239000000874511,0.0245999999606283,0.0195000002349843,4.886800000349467,0.1372999995510326,0.0417000001107226,17.389599999660277,0.103500000477652,0.0,22.578600000088045,22.627100000136124,22.58679999977176,500,500,333.0,1501.5015015015017,,False,15.015300000413845
4007,exp1-completion-paced,66,264,0.2641000000949134,2.217899999777728,40.1715999996668,37.95369999988907,0.0305000003208988,23.822500000278524,500,1104,18.431000000418862,23.865000000114375,False,1104,0.0215999998545157,0.0208999999813386,0.0175000004674075,5.101400000057765,0.1382999998895684,0.0304999994114041,18.431000000418862,0.1036000003296067,0.0,23.822500000278524,23.865000000114375,23.82910000051197,500,500,333.0,1501.5015015015017,,False,16.30659999955243
4008,exp1-completion-paced,66,264,0.2911999999923864,1.234899999872141,39.64410000025964,38.4092000003875,0.02050000057352,27.863199999956123,500,1105,16.83690000027127,28.100599999561386,False,1105,0.02299999960087,0.2144000000043888,0.0392000001738779,10.495800000171585,0.2716999997574021,0.1297999997404986,16.83690000027127,0.0896000001375796,0.0,27.863199999956123,28.100599999561386,27.901999999812688,500,500,333.0,1501.5015015015017,,False,11.543500000698256
4009,exp1-completion-paced,66,264,0.4644000000553205,2.043000000412576,36.0184000001027,33.975399999690126,0.0411000000895001,25.31769999950484,500,1106,19.09609999984241,25.364199999785345,False,1106,0.0227000000450061,0.0238000002354965,0.0174999995579128,5.930700000135403,0.1458999995520571,0.0284000007013673,19.09609999984241,0.0989000000117812,0.0,25.31769999950484,25.364199999785345,25.324600000203645,500,500,333.0,1501.5015015015017,,False,10.654200000317356
4010,exp1-completion-paced,66,264,0.4616000005626119,4.052600000250095,30.333300000165764,26.28069999991567,0.0209999998332932,21.766400000160505,500,1107,16.05400000062218,21.823699999913515,False,1107,0.0274000003628316,0.0298999993901816,0.0198000007003429,5.390299999817216,0.1501999995525693,0.0326999997923849,16.05400000062218,0.1191999999718973,0.0,21.766400000160505,21.823699999913515,21.77389999997104,500,500,333.0,1501.5015015015017,,False,8.509600000252249
4011,exp1-completion-paced,66,264,0.2889000006689457,1.2046000001646462,35.1012000000992,33.89659999993455,0.019099999917671,20.55000000018481,500,1108,14.988900000389547,20.609999999578577,False,1108,0.028299999939918,0.0316999994538491,0.0188000003618071,5.21519999983866,0.1414999996995902,0.0453000002380576,14.988900000389547,0.1400999999532359,0.0,20.55000000018481,20.609999999578577,20.55740000014339,500,500,333.0,1501.5015015015017,,False,14.491200000520621
4012,exp1-completion-paced,66,264,0.2759999997579143,3.125600000203121,43.14759999942908,40.02199999922596,0.0785000001997104,20.99779999934981,500,1109,15.668199999709032,21.04289999988396,False,1109,0.0217000006159651,0.0233999999181833,0.0180999995791353,5.021799999667564,0.1348000005236826,0.0301000000035855,15.668199999709032,0.1245000003109453,0.0,20.99779999934981,21.04289999988396,21.005200000217883,500,500,333.0,1501.5015015015017,,False,22.104699999545122
4013,exp1-completion-paced,66,264,0.2831000001606298,0.0520999992659199,39.65619999962655,39.60410000036063,0.0201000002562068,21.35090000047057,500,1110,15.981100000317385,21.398500000032072,False,1110,0.0231999993047793,0.024400000256719,0.019099999917671,5.06519999999,0.1357000001007691,0.028299999939918,15.981100000317385,0.1211999997394741,0.0,21.35090000047057,21.398500000032072,21.357999999963795,500,500,333.0,1501.5015015015017,,False,18.25769999959448
