request_id,reason,payload_floats,bytes_sent,client_build_ms,client_send_call_ms,client_send_start_to_recv_ms,client_send_end_to_recv_ms,result_parse_ms,optimizer_processing_ms,prediction_steps,round_idx,rollout_with_logging_ms,optimizer_total_ms,state_csv_enabled,model_round_idx,model_recv_parse_ms,model_event_wait_ms,model_build_hotstart_ms,model_snapshot_stabilize_ms,model_state_restore_ms,model_rollout_prepare_ms,model_rollout_with_logging_ms,model_postprocess_ms,model_state_csv_flush_ms,model_optimizer_processing_ms,model_optimizer_total_ms,model_elapsed_ms,model_full_horizon_steps,model_prediction_steps,model_sim_hz,model_prediction_sim_ms,model_state_csv,model_state_csv_enabled,comm_sched_residual_ms
1774,exp1-completion-paced,66,264,0.2740999998422921,1.2159999996583792,37.59899999931804,36.38299999965966,0.1191999999718973,27.6785000005475,500,1,20.5550000000585,27.732600000490493,False,1,0.0264999998762505,0.0276000000667409,0.0182000003405846,6.109500000093249,0.3183999997418141,0.0038999996831989,20.5550000000585,0.6731000003128429,0.0,27.6785000005475,27.732600000490493,27.684900000167545,500,500,333.0,1501.5015015015017,,False,9.866399998827546
1775,exp1-completion-paced,66,264,0.2621000003273366,5.816899999445013,41.31099999995058,35.49410000050557,0.019300000531075,20.693299999948067,500,2,15.45090000035998,20.75940000031551,False,2,0.0185999997484032,0.0475000006190384,0.0169999993886449,4.949800000758842,0.1358999998046783,0.0265999997282051,15.45090000035998,0.1130000000557629,0.0,20.693299999948067,20.75940000031551,20.699900000181515,500,500,333.0,1501.5015015015017,,False,20.551599999635073
1776,exp1-completion-paced,66,264,0.2726999991864431,1.2314000005062553,40.20070000024134,38.969299999735085,0.0358999996024067,20.838399999774992,500,3,15.728299999864248,20.89339999929507,False,3,0.0202999999601161,0.0346999995599617,0.01810000048863,4.816900000150781,0.1219999994646059,0.0276000000667409,15.728299999864248,0.1253999998880317,0.0,20.838399999774992,20.89339999929507,20.845499999268213,500,500,333.0,1501.5015015015017,,False,19.30730000094627
1777,exp1-completion-paced,66,264,0.2954999999928986,0.0912999994397978,36.77009999955772,36.67880000011792,0.0212999993891571,20.69729999948322,500,4,15.331999999943946,20.74670000001788,False,4,0.0215000000025611,0.0279000005320995,0.0155999996422906,5.087900000035006,0.1297999997404986,0.0274000003628316,15.331999999943946,0.1044000000547384,0.0,20.69729999948322,20.74670000001788,20.700400000350783,500,500,333.0,1501.5015015015017,,False,16.02339999953984
1778,exp1-completion-paced,66,264,0.2764999999271822,1.3046999993093775,33.68479999971896,32.380100000409584,0.0202999999601161,23.049700000228768,500,5,17.05500000025495,23.0996000000232,False,5,0.0242999994952697,0.025600000299164,0.0181999994310899,5.624500000521948,0.1334999997197883,0.0270000000455183,17.05500000025495,0.1911999997901148,0.0,23.049700000228768,23.0996000000232,23.05739999974321,500,500,333.0,1501.5015015015017,,False,10.58519999969576
1779,exp1-completion-paced,66,264,0.2918000000136089,0.0527000001966371,34.07520000018849,34.02249999999185,0.0196000000869389,21.961499999633816,500,6,16.750499999943713,22.008399999322137,False,6,0.0222999997276929,0.0245999999606283,0.0180999995791353,4.9281000001428765,0.1256000005014357,0.0270000000455183,16.750499999943713,0.1118999998652725,0.0,21.961499999633816,22.008399999322137,21.96739999999409,500,500,333.0,1501.5015015015017,,False,12.066800000866351
1780,exp1-completion-paced,66,264,0.2782999999908497,1.2272000003576975,39.15630000028614,37.92909999992844,0.0199999994947575,27.07290000034845,500,7,21.830199999385517,27.12370000062947,False,7,0.0215999998545157,0.0292000004264991,0.0184999998964485,4.951300000357151,0.1230999996550963,0.0299000002996763,21.830199999385517,0.1195000004372559,0.0,27.07290000034845,27.12370000062947,27.08020000045508,500,500,333.0,1501.5015015015017,,False,12.032599999656668
1781,exp1-completion-paced,66,264,0.2728999997998471,0.1339000000371015,36.07339999962278,35.93949999958568,0.0305000003208988,25.10579999943729,500,8,18.751000000520435,25.185399999827496,False,8,0.0236000005315872,0.0559999998586135,0.0177000001713167,5.829299999277282,0.2862999999706517,0.1171000003523659,18.751000000520435,0.1040999995893798,0.0,25.10579999943729,25.185399999827496,25.113300000157324,500,500,333.0,1501.5015015015017,,False,10.887999999795284
1782,exp1-completion-paced,66,264,0.2795000000332948,1.6923000002861954,29.02249999988271,27.33019999959652,0.0301999998555402,21.80630000020756,500,9,16.030200000386685,21.855599999980768,False,9,0.0233999999181833,0.025899999855028,0.0170000002981396,5.490700000336801,0.127999999676831,0.0278999996226048,16.030200000386685,0.1122000003306311,0.0,21.80630000020756,21.855599999980768,21.809600000779028,500,500,333.0,1501.5015015015017,,False,7.166899999901943
1783,exp1-completion-paced,66,264,0.3655000000435393,2.6446000001669745,37.56780000003346,34.92319999986648,0.0192999996215803,22.277900000517548,500,10,15.4807000008077,22.323899999719288,False,10,0.0210999996852478,0.0248999995164922,0.025600000299164,6.500800000139861,0.1376999998683459,0.0265999997282051,15.4807000008077,0.1063999998223153,0.0,22.277900000517548,22.323899999719288,22.284700000454905,500,500,333.0,1501.5015015015017,,False,15.24390000031417
1784,exp1-completion-paced,66,264,0.2629000000524684,1.2599000001500826,32.639999999446445,31.380099999296363,0.0199999994947575,21.2799000000814,500,11,15.7855000006748,21.323599999959697,False,11,0.0192999996215803,0.024400000256719,0.0168999995366903,5.176900000151363,0.1275000004170579,0.0274999993052915,15.7855000006748,0.1453999993827892,0.0,21.2799000000814,21.323599999959697,21.286199999849487,500,500,333.0,1501.5015015015017,,False,11.316399999486748
1785,exp1-completion-paced,66,264,0.2703000000110478,0.0551999992239871,45.15169999922364,45.09649999999965,0.0185999997484032,26.02900000056252,500,12,20.20749999974214,26.09750000010536,False,12,0.0209999998332932,0.0474999997095437,0.019099999917671,5.427500000223517,0.1264000002265675,0.0271999997494276,20.20749999974214,0.2208000005339272,0.0,26.02900000056252,26.09750000010536,26.05920000041806,500,500,333.0,1501.5015015015017,,False,19.05419999911828
1786,exp1-completion-paced,66,264,0.2788000001601176,2.66139999985171,36.4568999993935,33.79549999954179,0.0191999997696257,21.168500000385396,500,13,15.838499999517808,21.22640000015963,False,13,0.0301000000035855,0.0277999997706501,0.0177000001713167,5.035299999690324,0.1222000000780099,0.0286000004052766,15.838499999517808,0.1259000000572996,0.0,21.168500000385396,21.22640000015963,21.17499999985739,500,500,333.0,1501.5015015015017,,False,15.23049999923387
1787,exp1-completion-paced,66,264,0.2665000001798034,1.2437000004865697,36.66440000051807,35.4207000000315,0.0210000007427879,20.930499999849417,500,14,15.329400000155148,20.975099999304803,False,14,0.0192999996215803,0.0252999998338054,0.0180000006366753,5.302799999299168,0.1285000007555936,0.0272999996013822,15.329400000155148,0.1242999996975413,0.0,20.930499999849417,20.975099999304803,20.93650000006164,500,500,333.0,1501.5015015015017,,False,15.689300001213269
1788,exp1-completion-paced,66,264,0.2710999997361796,0.1738000000841566,36.67279999990569,36.498999999821535,0.0184000000444939,23.532000000159314,500,15,15.717599999334196,23.592399999870395,False,15,0.0342000003001885,0.0261999994108919,0.0171000001500942,7.501400000364811,0.1268999994863406,0.0271000008069677,15.717599999334196,0.1417000003129942,0.0,23.532000000159314,23.592399999870395,23.535899999842517,500,500,333.0,1501.5015015015017,,False,13.080400000035297
1789,exp1-completion-paced,66,264,0.2571000004536472,1.2722000001303968,33.1186000003072,31.8464000001768,0.0210000007427879,25.24470000025758,500,16,14.642999999523454,25.45540000028268,False,16,0.0209999998332932,0.1897000001918058,0.0249000004259869,10.301199999958044,0.1266999997824314,0.0282000000879634,14.642999999523454,0.1205000007757917,0.0,25.24470000025758,25.45540000028268,25.255500000639582,500,500,333.0,1501.5015015015017,,False,7.663200000024517
1790,exp1-completion-paced,66,264,0.3262000000177067,2.6840000000447617,33.55140000076062,30.86740000071586,0.019300000531075,21.67759999974805,500,17,16.23860000017885,21.722599999520757,False,17,0.0199999994947575,0.0250000002779415,0.0175000004674075,5.142499999237771,0.1238000004377681,0.029499999982363,16.23860000017885,0.125599999591941,0.0,21.67759999974805,21.722599999520757,21.68439999968541,500,500,333.0,1501.5015015015017,,False,11.828800001239866
1791,exp1-completion-paced,66,264,0.2742000006037415,1.2386999997033854,30.546699999831617,29.30800000012823,0.0208000001293839,21.14400000027672,500,18,15.609300000505757,21.186500000112574,False,18,0.0187999994523124,0.0237000003835419,0.0364999996236292,5.219000000579399,0.1272999998036539,0.0285999994957819,15.609300000505757,0.1230999996550963,0.0,21.14400000027672,21.186500000112574,21.150599999600672,500,500,333.0,1501.5015015015017,,False,9.360199999719043
1792,exp1-completion-paced,66,264,0.2776000001176726,1.2280000000828295,32.59280000020226,31.36480000011943,0.0184999998964485,22.233000000596803,500,19,16.330800000105228,22.284000000581727,False,19,0.01810000048863,0.0328999994962941,0.0179000007847207,5.488399999194371,0.1234000001204549,0.028500000553322,16.330800000105228,0.2436999993733479,0.0,22.233000000596803,22.284000000581727,22.24889999979496,500,500,333.0,1501.5015015015017,,False,10.308799999620533
1793,exp1-completion-paced,66,264,0.2660000000105356,0.0460999999631894,29.2144000004555,29.16830000049231,0.017899999875226,22.66319999944244,500,20,16.400700000303914,22.70749999934196,False,20,0.019099999917671,0.0251999999818508,0.0159000001076492,5.9609999998428975,0.1265999999304767,0.0285999994957819,16.400700000303914,0.1302000000578118,0.0,22.66319999944244,22.70749999934196,22.66650000001391,500,500,333.0,1501.5015015015017,,False,6.506900001113539
1794,exp1-completion-paced,66,264,0.27219999992667,2.732799999648705,31.105399999432848,28.372599999784143,0.0208000001293839,20.586399999956484,500,21,15.294200000425915,20.64339999924414,False,21,0.0334999995175167,0.0234999997701379,0.0172999998540035,4.99850000051083,0.1242999996975413,0.0270000000455183,15.294200000425915,0.1247999998668092,0.0,20.586399999956484,20.64339999924414,20.592300000316754,500,500,333.0,1501.5015015015017,,False,10.46200000018871
1795,exp1-completion-paced,66,264,0.2618999997139326,1.3457999993988778,39.75609999997687,38.41030000057799,0.0190000000657164,21.324299999832878,500,22,16.136299999743642,21.364400000493333,False,22,0.0176000003193621,0.0225000003410968,0.016499999219377,4.894400000011956,0.1208000003316556,0.0282000000879634,16.136299999743642,0.1277999999729218,0.0,21.324299999832878,21.364400000493333,21.33039999989705,500,500,333.0,1501.5015015015017,,False,18.391699999483535
1796,exp1-completion-paced,66,264,0.2733000001171604,1.2202000007164315,28.55490000001737,27.334699999300938,0.0202999999601161,20.976599999812606,500,23,15.582699999868057,21.041699999841512,False,23,0.0188000003618071,0.0462999996670987,0.0196999999388935,5.095100000289676,0.1222000000780099,0.0295999998343177,15.582699999868057,0.1271000000997446,0.0,20.976599999812606,21.041699999841512,20.98279999972874,500,500,333.0,1501.5015015015017,,False,7.513200000175857
1797,exp1-completion-paced,66,264,0.2597000002424465,1.23879999955534,34.10359999998036,32.86480000042502,0.023200000214274,21.22730000064621,500,24,15.739200000098208,21.2693000003128,False,24,0.0189000002137618,0.0230999994528247,0.0151000003825174,5.1940000003014575,0.125599999591941,0.0281000002360087,15.739200000098208,0.1251999992746277,0.0,21.22730000064621,21.2693000003128,21.23699999992823,500,500,333.0,1501.5015015015017,,False,12.83429999966756
1798,exp1-completion-paced,66,264,0.2768000003925408,2.204700000220328,40.55830000015703,38.35359999993671,0.0221000000237836,21.418999999696094,500,25,16.06380000066565,21.469100000103936,False,25,0.0262000003203866,0.0239000000874511,0.0165999999808263,5.059999999502907,0.1239000002897228,0.0284999996438273,16.06380000066565,0.1259999999092542,0.0,21.418999999696094,21.469100000103936,21.42490000005637,500,500,333.0,1501.5015015015017,,False,19.089200000053097
1799,exp1-completion-paced,66,264,0.3257000007579336,1.1893000000782197,34.49129999989964,33.30199999982142,0.0221999998757382,23.681099999521397,500,26,18.077700000503683,23.7661000001026,False,26,0.0622000006842426,0.0227999998969608,0.017699999261822,5.181900000025053,0.1636000006328686,0.0297999995382269,18.077700000503683,0.2101000000038766,0.0,23.681099999521397,23.7661000001026,23.686999999881664,500,500,333.0,1501.5015015015017,,False,10.725199999797038
1800,exp1-completion-paced,66,264,0.2527999995436403,0.7602000005135778,42.993099999876,42.23289999936242,0.0277999997706501,22.085499999775493,500,27,16.30609999938315,22.146400000565336,False,27,0.0282000000879634,0.0327000007018796,0.0180999995791353,5.492399999639019,0.1236000007338589,0.029499999982363,16.30609999938315,0.1155999998445622,0.0,22.085499999775493,22.146400000565336,22.09229999971285,500,500,333.0,1501.5015015015017,,False,20.846699999310665
1801,exp1-completion-paced,66,264,0.2648999998200452,1.262300000234973,43.74499999994441,42.48269999970944,0.0213000002986518,35.26719999990746,500,28,29.530099999647064,35.31670000029408,False,28,0.0234999997701379,0.0260000006164773,0.0202999999601161,5.3288999997676,0.1314999999522115,0.0291000005745445,29.530099999647064,0.2268999996886123,0.0,35.26719999990746,35.31670000029408,35.274899999421905,500,500,333.0,1501.5015015015017,,False,8.428299999650335
1802,exp1-completion-paced,66,264,0.2526999996916856,1.2497999996412543,42.7878000000419,41.53800000040064,0.0186000006578979,25.01280000069528,500,29,19.6643999997832,25.052900000446243,False,29,0.01810000048863,0.0219999992623343,0.0186000006578979,5.059399999481684,0.1272999998036539,0.0296000007438124,19.6643999997832,0.1132999996116268,0.0,25.01280000069528,25.052900000446243,25.019499999871183,500,500,333.0,1501.5015015015017,,False,17.734899999595655
1803,exp1-completion-paced,66,264,0.2673999997568899,1.247700000021723,38.19479999947362,36.94709999945189,0.0214000001506065,21.384699999543955,500,30,15.834300000278745,21.67629999985365,False,30,0.0196000000869389,0.2720000002227607,0.0190000000657164,5.251300000054471,0.125800000205345,0.0396999994336511,15.834300000278745,0.1143999998021172,0.0,21.384699999543955,21.67629999985365,21.392300000115934,500,500,333.0,1501.5015015015017,,False,16.518499999619966
1804,exp1-completion-paced,66,264,0.2794000001813401,0.7256999997480307,36.655099999734375,35.929399999986344,0.0222999997276929,21.87099999991915,500,31,16.05649999964953,21.9202000007499,False,31,0.0203000008696108,0.0288999999611405,0.0160999998115585,5.515500000001339,0.1299999994444078,0.0317000003633438,16.05649999964953,0.1210000000355648,0.0,21.87099999991915,21.9202000007499,21.875099999306254,500,500,333.0,1501.5015015015017,,False,14.734899998984474
1805,exp1-completion-paced,66,264,0.2660000000105356,2.752299999883689,37.28940000019065,34.537100000306964,0.0196000000869389,22.07799999996496,500,32,15.937299999677634,22.11989999977959,False,32,0.019099999917671,0.0227999998969608,0.0387999998565646,5.764100000305916,0.1916999999593827,0.0316000005113892,15.937299999677634,0.1142999999501626,0.0,22.07799999996496,22.11989999977959,22.08520000021963,500,500,333.0,1501.5015015015017,,False,15.169500000411063
1806,exp1-completion-paced,66,264,0.2697999998417799,1.2449000005290145,36.78519999994023,35.54029999941122,0.0341999993906938,29.11249999942811,500,33,18.74969999971654,29.215300000032585,False,33,0.0187000005098525,0.0841000000946223,0.0170999992405995,9.887000000162516,0.2327000001969281,0.1117000001613632,18.74969999971654,0.1142000000982079,0.0,29.11249999942811,29.215300000032585,29.11949999997887,500,500,333.0,1501.5015015015017,,False,7.569899999907648
1807,exp1-completion-paced,66,264,0.2703999998630024,2.764999999271822,37.67100000004575,34.90600000077393,0.0192999996215803,21.898099999816623,500,34,16.06690000062372,21.940399999948568,False,34,0.0190000000657164,0.0233000000662286,0.0175999994098674,5.533000000468746,0.1265999999304767,0.0284999996438273,16.06690000062372,0.1253999998880317,0.0,21.898099999816623,21.940399999948568,21.904900000663478,500,500,333.0,1501.5015015015017,,False,15.730600000097184
1808,exp1-completion-paced,66,264,0.2750000003288733,0.0546000001122592,44.8419999993348,44.787399999222544,0.022000000171829,21.74150000064401,500,35,15.987199999472068,21.787500000755244,False,35,0.0196999999388935,0.0263000001723412,0.0184999998964485,5.460000000311993,0.1326999999946565,0.0280000003840541,15.987199999472068,0.1149999998233397,0.0,21.74150000064401,21.787500000755244,21.74919999924896,500,500,333.0,1501.5015015015017,,False,23.05449999857956
1809,exp1-completion-paced,66,264,0.2604000001156237,1.233699999829696,38.68080000029295,37.44710000046325,0.02050000057352,25.098599999182625,500,36,18.86259999992035,25.14119999977993,False,36,0.0190000000657164,0.0236000005315872,0.0167999996847356,5.949899999905028,0.1272999998036539,0.0301000000035855,18.86259999992035,0.1117000001613632,0.0,25.098599999182625,25.14119999977993,25.10540000002948,500,500,333.0,1501.5015015015017,,False,13.539600000513019
1810,exp1-completion-paced,66,264,0.2675999994607991,1.2465999998312327,32.06140000020241,30.81480000037118,0.0203999998120707,20.488899999691057,500,37,14.996500000052038,20.53200000045763,False,37,0.0184999998964485,0.024600000870123,0.0279999994745594,5.190800000491436,0.1210999998875195,0.0279999994745594,14.996500000052038,0.124300000607036,0.0,20.488899999691057,20.53200000045763,20.496000000093773,500,500,333.0,1501.5015015015017,,False,11.529399999744783
1811,exp1-completion-paced,66,264,0.2715999999054475,0.1511000000391504,38.163799999892944,38.012699999853794,0.0196999999388935,21.5448999997534,500,38,15.535099999397062,21.589499999208783,False,38,0.0202999999601161,0.0242999994952697,0.0178000000232714,5.7212000001527485,0.1271000000997446,0.0287000002572312,15.535099999397062,0.1147000002674758,0.0,21.5448999997534,21.589499999208783,21.551699999690754,500,500,333.0,1501.5015015015017,,False,16.57430000068416
1812,exp1-completion-paced,66,264,0.2747000007730094,2.7305000003252644,36.374500000420085,33.64400000009482,0.0197999997908482,22.830699999758508,500,39,17.372600000271632,22.871199999826786,False,39,0.0183000001925393,0.0221999998757382,0.0172000000020489,5.183500000384811,0.1230999996550963,0.0276999999186955,17.372600000271632,0.1063999998223153,0.0,22.830699999758508,22.871199999826786,22.837800000161224,500,500,333.0,1501.5015015015017,,False,13.503300000593299
1813,exp1-completion-paced,66,264,0.2896999994845828,1.1126999997941311,39.44940000019415,38.336700000400015,0.0210999996852478,21.22830000007525,500,40,15.743199999633362,21.271700000397686,False,40,0.0190000000657164,0.024400000256719,0.0185999997484032,5.207000000154949,0.1227000002472777,0.0280000003840541,15.743199999633362,0.108600000203296,0.0,21.22830000007525,21.271700000397686,21.235100000012608,500,500,333.0,1501.5015015015017,,False,18.177699999796467
1814,exp1-completion-paced,66,264,0.2733000001171604,0.0522999998793238,32.0782999997391,32.02599999985978,0.0179999997271806,25.298500000644708,500,41,19.977799999651324,25.33930000026885,False,41,0.0199999994947575,0.0208000001293839,0.0183000001925393,4.988100000446138,0.1235999998243642,0.0277999997706501,19.977799999651324,0.1627000001462875,0.0,25.298500000644708,25.33930000026885,25.304899999355257,500,500,333.0,1501.5015015015017,,False,6.738999999470252
1815,exp1-completion-paced,66,264,0.2672999999049352,1.2225999998918269,32.71899999981542,31.4963999999236,0.0202000001081614,20.273399999496178,500,42,15.107600000192178,20.31470000019908,False,42,0.0185000008059432,0.0227999998969608,0.0239999999394058,4.864800000177638,0.1218999996126513,0.0289999998130952,15.107600000192178,0.125800000205345,0.0,20.273399999496178,20.31470000019908,20.28040000004694,500,500,333.0,1501.5015015015017,,False,12.404299999616345
1816,exp1-completion-paced,66,264,0.2813000000969623,1.680100000157836,38.6860999997225,37.005999999564665,0.0188000003618071,22.22769999934826,500,43,16.399900000578782,22.268400000029946,False,43,0.0202000001081614,0.02050000057352,0.0174999995579128,5.508700000063982,0.137400000312482,0.0322999994750716,16.399900000578782,0.1316999996561207,0.0,22.22769999934826,22.268400000029946,22.2340999998778,500,500,333.0,1501.5015015015017,,False,16.417699999692555
1817,exp1-completion-paced,66,264,0.2694000004339614,1.2442999995982973,35.5928999997559,34.3486000001576,0.0209999998332932,20.132200000261943,500,44,14.722400000209744,20.183700000416135,False,44,0.0190000000657164,0.0325000000884756,0.0174999995579128,5.109200000333658,0.1269000003958353,0.0292999993689591,14.722400000209744,0.126799999634386,0.0,20.132200000261943,20.183700000416135,20.13939999960712,500,500,333.0,1501.5015015015017,,False,15.409199999339766
1818,exp1-completion-paced,66,264,0.2727000000959378,1.252000000022235,32.2134999996706,30.961499999648368,0.0306000001728534,19.97170000049664,500,45,14.686499999697844,20.01670000026934,False,45,0.0190000000657164,0.0259999997069826,0.0189000002137618,4.975200000444602,0.12949999927514,0.0322000005326117,14.686499999697844,0.1293000004807254,0.0,19.97170000049664,20.01670000026934,19.979300000159128,500,500,333.0,1501.5015015015017,,False,12.196799999401264
1819,exp1-completion-paced,66,264,0.2690999999686028,2.847099999598868,44.872899999973015,42.02580000037415,0.0207000002774293,21.8987999996898,500,46,16.44190000024537,21.94419999977981,False,46,0.0196999999388935,0.0257000001511187,0.017899999875226,5.123699999785458,0.1566999999340623,0.0325999999404302,16.44190000024537,0.125800000205345,0.0,21.8987999996898,21.94419999977981,21.90580000024056,500,500,333.0,1501.5015015015017,,False,22.928700000193206
1820,exp1-completion-paced,66,264,0.2673999997568899,3.741100000297593,32.09450000031211,28.35340000001452,0.0266000006376998,22.02000000033877,500,47,16.25140000032843,22.063299999899755,False,47,0.0196999999388935,0.0235999996220925,0.0165999999808263,5.212600000049861,0.124300000607036,0.0295999998343177,16.25140000032843,0.3851999999824329,0.0,22.02000000033877,22.063299999899755,22.02650000072026,500,500,333.0,1501.5015015015017,,False,10.031200000412355
1821,exp1-completion-paced,66,264,0.2709999998842249,1.7339999994874231,41.9581999994989,40.22420000001148,0.0186999996003578,24.24479999990581,500,48,18.241699999634875,24.304900000061025,False,48,0.0296000007438124,0.0304999994114041,0.0172999998540035,5.703400000129477,0.1227000002472777,0.0319000000672531,18.241699999634875,0.1276000002690125,0.0,24.24479999990581,24.304900000061025,24.250999999821943,500,500,333.0,1501.5015015015017,,False,17.653299999437877
1822,exp1-completion-paced,66,264,0.2747999997154693,1.2280000000828295,29.26729999944655,28.03929999936372,0.0185999997484032,21.027099999628263,500,49,15.605099999447702,21.070599999802653,False,49,0.0195000002349843,0.0239999999394058,0.0184000000444939,5.1146999994671205,0.1334000007773284,0.0301000000035855,15.605099999447702,0.1252000001841224,0.0,21.027099999628263,21.070599999802653,21.034200000030975,500,500,333.0,1501.5015015015017,,False,8.196699999643897
1823,exp1-completion-paced,66,264,0.2699999995456892,1.3061999998171814,34.42749999976513,33.12129999994795,0.0173999997059581,22.90139999968233,500,50,15.807300000233226,22.951199999624805,False,50,0.0197999997908482,0.0300000001516309,0.0264000000242958,6.785699999454664,0.1254000007975264,0.0320999997711624,15.807300000233226,0.1243999995494959,0.0,22.90139999968233,22.951199999624805,22.911799999747014,500,500,333.0,1501.5015015015017,,False,11.476300000140327
1824,exp1-completion-paced,66,264,0.2694999993764213,0.0540999999429914,33.63900000022113,33.58490000027814,0.0190000000657164,21.02840000043216,500,51,15.544500000032713,21.07010000054288,False,51,0.0190000000657164,0.0227000000450061,0.0172999998540035,5.181700000321143,0.1251000003321678,0.029499999982363,15.544500000032713,0.1300999992963625,0.0,21.02840000043216,21.07010000054288,21.03469999929075,500,500,333.0,1501.5015015015017,,False,12.568899999678251
1825,exp1-completion-paced,66,264,0.4386999999042018,5.618500000309723,33.43829999994341,27.819799999633688,0.0196999999388935,23.13030000004801,500,52,17.89100000041799,23.173100000349223,False,52,0.0188000003618071,0.0239999999394058,0.019099999917671,4.941499999404186,0.1222999999299645,0.0301000000035855,17.89100000041799,0.1261999996131635,0.0,23.13030000004801,23.173100000349223,23.13719999983732,500,500,333.0,1501.5015015015017,,False,10.265199999594188
1826,exp1-completion-paced,66,264,0.2744000003076507,2.745899999354151,32.18509999987873,29.43920000052458,0.0187000005098525,20.993399999497345,500,53,15.43149999997695,21.041699999841512,False,53,0.0213000002986518,0.0270000000455183,0.0442000000475673,5.242700000053446,0.1227999991897377,0.0299000002996763,15.43149999997695,0.1221000002260552,0.0,20.993399999497345,21.041699999841512,20.996799999920768,500,500,333.0,1501.5015015015017,,False,11.143400000037218
1827,exp1-completion-paced,66,264,0.2733000001171604,1.2807000002794666,37.34830000030343,36.06760000002396,0.0211999995372025,19.77809999971214,500,54,14.551899999787564,19.8236000005636,False,54,0.0207000002774293,0.0248000005740323,0.0165999999808263,4.92599999961385,0.1264000002265675,0.0307999998767627,14.551899999787564,0.1263000003746128,0.0,19.77809999971214,19.8236000005636,19.784600000093636,500,500,333.0,1501.5015015015017,,False,17.52469999973983
1828,exp1-completion-paced,66,264,0.2538999997341307,0.0480999997307662,37.84129999985453,37.79320000012376,0.01810000048863,20.7261000005019,500,55,15.357300000687246,20.77480000025389,False,55,0.0192999996215803,0.0294000001304084,0.0168000005942303,5.073799999991024,0.1242999996975413,0.0271999997494276,15.357300000687246,0.1265999999304767,0.0,20.7261000005019,20.77480000025389,20.7325999999739,500,500,333.0,1501.5015015015017,,False,17.066499999600637
1829,exp1-completion-paced,66,264,0.2916000003096997,1.1910000002899324,29.97630000027129,28.78529999998136,0.0296999996862723,20.482599999922968,500,56,15.232599999762895,20.527499999843712,False,56,0.02059999951598,0.0243000004047644,0.0173999997059581,4.9539999999979045,0.123100000564591,0.0283999997918726,15.232599999762895,0.126799999634386,0.0,20.482599999922968,20.527499999843712,20.48919999924692,500,500,333.0,1501.5015015015017,,False,9.448800000427578
1830,exp1-completion-paced,66,264,0.3182999998898594,1.1232000006202725,31.9405000000188,30.81729999939853,0.0195000002349843,20.727199999782897,500,57,15.23579999957292,20.77480000025389,False,57,0.0195000002349843,0.0281000002360087,0.0172000000020489,5.197599999519298,0.121900000522146,0.0294000001304084,15.23579999957292,0.1252000001841224,0.0,20.727199999782897,20.77480000025389,20.733800000016345,500,500,333.0,1501.5015015015017,,False,11.165699999764911
1831,exp1-completion-paced,66,264,0.2764999999271822,0.0506999995195656,34.58369999952993,34.53300000001036,0.0181999994310899,19.567499999538995,500,58,14.32710000062798,19.61049999954412,False,58,0.0198999996428028,0.0231000003623194,0.017899999875226,4.9465000001873705,0.1243999995494959,0.0289999998130952,14.32710000062798,0.1223999997819191,0.0,19.567499999538995,19.61049999954412,19.574099999772443,500,500,333.0,1501.5015015015017,,False,14.973199999985805
1832,exp1-completion-paced,66,264,0.2932999996119179,2.8015999996569008,33.51269999984652,30.711100000189617,0.0188000003618071,20.77270000063436,500,59,15.433800000209883,20.814000000427768,False,59,0.0188000003618071,0.0224999994316021,0.0172000000020489,5.0476000005801325,0.1216000000567874,0.0285999994957819,15.433800000209883,0.1236999996763188,0.0,20.77270000063436,20.814000000427768,20.77920000010636,500,500,333.0,1501.5015015015017,,False,12.69869999941875
1833,exp1-completion-paced,66,264,0.2813000000969623,1.1982000005446023,32.07600000041566,30.87779999987106,0.0188000003618071,20.985299999665585,500,60,15.60220000010304,21.027499999945576,False,60,0.0184000000444939,0.0238000002354965,0.0173999997059581,5.033200000070792,0.1778000005288049,0.0308999997287173,15.60220000010304,0.1235999998243642,0.0,20.985299999665585,21.027499999945576,20.99160000034317,500,500,333.0,1501.5015015015017,,False,11.048500000470085
1834,exp1-completion-paced,66,264,0.2782999999908497,1.2495999999373453,32.66489999987243,31.415299999935087,0.0195000002349843,20.547999999507734,500,61,15.40709999972023,20.59499999995751,False,61,0.019300000531075,0.0276999999186955,0.016699999832781,4.842899999857764,0.124099999993632,0.0321000006806571,15.40709999972023,0.1248999997187638,0.0,20.547999999507734,20.59499999995751,20.554199999423872,500,500,333.0,1501.5015015015017,,False,12.069899999914924
1835,exp1-completion-paced,66,264,0.2659000001585809,2.7135999998790794,42.63410000021395,39.92050000033487,0.0196999999388935,26.02100000058272,500,62,20.048100000167324,26.082400000632333,False,62,0.0197000008483883,0.0416999992012279,0.0304000004689442,5.663899999490241,0.1218000006701913,0.0290999996650498,20.048100000167324,0.1274999995075632,0.0,26.02100000058272,26.082400000632333,26.042299999971878,500,500,333.0,1501.5015015015017,,False,16.551699999581615
1836,exp1-completion-paced,66,264,0.2794000001813401,2.728899999965506,36.520699999528006,33.7917999995625,0.0200000004042522,21.598700000140525,500,63,16.503699999702803,21.646200000759563,False,63,0.0200000004042522,0.0275000002147862,0.0174999995579128,4.797499999767751,0.1224000006914138,0.0289999998130952,16.503699999702803,0.1283000001421896,0.0,21.598700000140525,21.646200000759563,21.60550000007788,500,500,333.0,1501.5015015015017,,False,14.874499998768442
1837,exp1-completion-paced,66,264,0.2724999994825339,1.201000000037311,51.42319999959,50.222199999552686,0.0195000002349843,32.865899999706016,500,64,22.01580000019021,32.92830000009417,False,64,0.019300000531075,0.0430999998570769,0.0277999997706501,10.541300000113552,0.1250999994226731,0.029700000595767,22.01580000019021,0.1259999999092542,0.0,32.865899999706016,32.92830000009417,32.88680000059685,500,500,333.0,1501.5015015015017,,False,18.49489999949583
1838,exp1-completion-paced,66,264,0.3033999992112512,0.0795999994807061,39.66649999983929,39.58690000035858,0.0198999996428028,20.995400000174413,500,65,15.692099999796485,21.039399999608577,False,65,0.0181999994310899,0.0258000000030733,0.0164000002769171,4.990899999938847,0.1204000000143423,0.0354000003426335,15.692099999796485,0.1400000001012813,0.0,20.995400000174413,21.039399999608577,20.998700000745885,500,500,333.0,1501.5015015015017,,False,18.627100000230712
1839,exp1-completion-paced,66,264,0.4665999995268066,5.567999999584572,56.27719999938563,50.70919999980106,0.0202999999601161,37.25219999978435,500,66,30.344099999638274,37.31659999994008,False,66,0.0281000002360087,0.0362999999197199,0.0179999997271806,6.232400000044436,0.2429999995001708,0.1189000004160334,30.344099999638274,0.2954999999928986,0.0,37.25219999978435,37.31659999994008,37.25949999989098,500,500,333.0,1501.5015015015017,,False,18.96059999944555
1840,exp1-completion-paced,66,264,0.2636999997776001,1.230300000315765,33.5932000007233,32.362900000407535,0.0182000003405846,21.406699999715784,500,67,16.053800000008778,21.4507999999114,False,67,0.0196999999388935,0.024400000256719,0.0184000000444939,5.007599999771628,0.1288000003114575,0.0377999995180289,16.053800000008778,0.1601000003574881,0.0,21.406699999715784,21.4507999999114,21.413500000562635,500,500,333.0,1501.5015015015017,,False,12.1424000008119
1841,exp1-completion-paced,66,264,0.2759999997579143,1.2202000007164315,33.05900000032125,31.838799999604817,0.0200999993467121,20.410000000083528,500,68,15.365399999609508,20.459800000026007,False,68,0.0206000004254747,0.0291999995170044,0.0174000006154528,4.703799999333569,0.1557000005050213,0.0325000000884756,15.365399999609508,0.1349000003756373,0.0,20.410000000083528,20.459800000026007,20.417300000190156,500,500,333.0,1501.5015015015017,,False,12.599200000295241
1842,exp1-completion-paced,66,264,0.2860000004147878,2.7358000006643124,39.61440000057337,36.878599999909056,0.0287000002572312,21.04849999977887,500,69,15.815200000361074,21.09259999997448,False,69,0.0201000002562068,0.0239999999394058,0.0246999998125829,4.929400000037276,0.1231999995070509,0.0282000000879634,15.815200000361074,0.1277000001209671,0.0,21.04849999977887,21.09259999997448,21.054800000456453,500,500,333.0,1501.5015015015017,,False,18.521800000598887
1843,exp1-completion-paced,66,264,0.2563999996709754,2.627099999699567,36.54649999953108,33.91939999983151,0.0172999998540035,22.979700000178127,500,70,17.608799999834446,23.02380000037374,False,70,0.0197999997908482,0.0243000004047644,0.0179999997271806,5.077699999674223,0.1234000001204549,0.0274000003628316,17.608799999834446,0.124099999993632,0.0,22.979700000178127,23.02380000037374,22.98640000026353,500,500,333.0,1501.5015015015017,,False,13.52269999915734
1844,exp1-completion-paced,66,264,0.2996000002895016,2.1919999999227,36.650099999860686,34.458099999937986,0.0202999999601161,20.728499999677297,500,71,15.562100000352077,20.7791000002544,False,71,0.0195000002349843,0.0311000003421213,0.0172000000020489,4.8606000000290805,0.126799999634386,0.0291999995170044,15.562100000352077,0.1324000004387926,0.0,20.728499999677297,20.7791000002544,20.73480000035488,500,500,333.0,1501.5015015015017,,False,15.870999999606287
1845,exp1-completion-paced,66,264,0.2804000005198759,1.2340000002950546,38.18409999985306,36.950099999558006,0.0196000000869389,20.531900000605678,500,72,15.249600000061037,20.57420000073762,False,72,0.0196999999388935,0.0226000001930515,0.0165999999808263,4.980900000191468,0.1197999999931198,0.0397000003431458,15.249600000061037,0.1250999994226731,0.0,20.531900000605678,20.57420000073762,20.53759999944305,500,500,333.0,1501.5015015015017,,False,17.60989999911544
1846,exp1-completion-paced,66,264,0.2728999997998471,1.176800000393996,41.13880000022618,39.96199999983219,0.0198999996428028,21.330800000214367,500,73,15.701300000728224,21.372799999880957,False,73,0.0194000003830296,0.0225999992835568,0.0178000000232714,5.331200000000536,0.1279000007343711,0.028099999326514,15.701300000728224,0.1243999995494959,0.0,21.330800000214367,21.372799999880957,21.337299999686365,500,500,333.0,1501.5015015015017,,False,19.766000000345226
1847,exp1-completion-paced,66,264,0.2692000007300521,1.2582999997903244,32.69839999938995,31.440099999599624,0.0249999993684468,21.094700000503508,500,74,15.508599999520811,21.14500000061525,False,74,0.0200000004042522,0.0302999997074948,0.0174000006154528,5.240200000116602,0.1417999992554541,0.0599000004513072,15.508599999520811,0.1267000006919261,0.0,21.094700000503508,21.14500000061525,21.101199999975503,500,500,333.0,1501.5015015015017,,False,11.553399998774697
1848,exp1-completion-paced,66,264,0.4546999998638057,1.98270000055345,32.0121000004292,30.02939999987575,0.0532999993083649,20.437899999706133,500,75,14.917999999852327,20.49369999986084,False,75,0.0213000002986518,0.0344999998560524,0.0195000002349843,5.200199999308097,0.1302000000578118,0.042800000301213,14.917999999852327,0.12700000024779,0.0,20.437899999706133,20.49369999986084,20.44579999983398,500,500,333.0,1501.5015015015017,,False,11.51840000056836
1849,exp1-completion-paced,66,264,0.4479999997784034,0.0705000002199085,33.409499999834225,33.33899999961432,0.019300000531075,23.30939999956172,500,76,18.036999999822,23.349699999926088,False,76,0.0195000002349843,0.0208000001293839,0.017899999875226,4.851400000006834,0.1195999993797158,0.0287000002572312,18.036999999822,0.2543999999033985,0.0,23.30939999956172,23.349699999926088,23.315999999795167,500,500,333.0,1501.5015015015017,,False,10.059799999908137
1850,exp1-completion-paced,66,264,0.2828000006047659,1.2054999997417326,35.11340000022756,33.907900000485824,0.0207000002774293,24.34810000067955,500,77,18.923099999483384,24.390999999923224,False,77,0.0197999997908482,0.0230999994528247,0.0151000003825174,5.122300000039104,0.1309999997829436,0.0293000002784538,18.923099999483384,0.1271000000997446,0.0,24.34810000067955,24.390999999923224,24.351399999432036,500,500,333.0,1501.5015015015017,,False,10.722400000304333
1851,exp1-completion-paced,66,264,0.2696000001378706,5.248100000244449,40.58660000009695,35.3384999998525,0.0224000004891422,21.760599999652182,500,78,16.188399999919056,21.80229999976291,False,78,0.0183000001925393,0.0233999999181833,0.0173999997059581,5.274000000099477,0.1215000002048327,0.0317000003633438,16.188399999919056,0.1272999998036539,0.0,21.760599999652182,21.80229999976291,21.767500000350992,500,500,333.0,1501.5015015015017,,False,18.784300000334042
1852,exp1-completion-paced,66,264,0.2776000001176726,1.2445999991541612,37.15239999928599,35.90780000013183,0.0184000000444939,26.129500000024564,500,79,20.740299999488343,26.174499999797263,False,79,0.0212999993891571,0.0237000003835419,0.0240999997913604,5.074100000456383,0.1296999998885439,0.0293000002784538,20.740299999488343,0.1318000004175701,0.0,26.129500000024564,26.174499999797263,26.136700000279237,500,500,333.0,1501.5015015015017,,False,10.977899999488727
1853,exp1-completion-paced,66,264,0.2667999997356673,1.2317000000621192,39.230700000189245,37.999000000127126,0.019099999917671,26.36179999990418,500,80,20.29429999947752,26.40719999999419,False,80,0.0191999997696257,0.0262000003203866,0.0172000000020489,5.759199999374687,0.1326999999946565,0.0287000002572312,20.29429999947752,0.1296000000365893,0.0,26.36179999990418,26.40719999999419,26.368299999376177,500,500,333.0,1501.5015015015017,,False,12.823500000195054
1854,exp1-completion-paced,66,264,0.3233999996155035,2.722600000197417,42.731300000014016,40.0086999998166,0.0251000001298962,22.024599999895145,500,81,16.319800000019313,22.06900000055612,False,81,0.0200000004042522,0.024400000256719,0.0165000001288717,5.405899999459507,0.1226000003953231,0.0278999996226048,16.319800000019313,0.1317000005656154,0.0,22.024599999895145,22.06900000055612,22.03110000027664,500,500,333.0,1501.5015015015017,,False,20.662299999457897
1855,exp1-completion-paced,66,264,0.2619000006234273,1.2290000004213653,39.22500000044238,37.99600000002101,0.0184999998964485,22.328899999592977,500,82,16.769400000157475,22.372299999915413,False,82,0.0203999998120707,0.0230000005103647,0.0179999997271806,5.262600000605744,0.1229999998031416,0.0289999998130952,16.769400000157475,0.1266999997824314,0.0,22.328899999592977,22.372299999915413,22.33510000041861,500,500,333.0,1501.5015015015017,,False,16.852700000526966
1856,exp1-completion-paced,66,264,0.2539000006436254,1.2486999994507642,29.172399999879417,27.923700000428653,0.0199000005522975,20.490199999585457,500,83,15.113499999642954,20.53150000028836,False,83,0.0190000000657164,0.0223000006371876,0.0173999997059581,5.038999999669613,0.1207000004797009,0.0302999997074948,15.113499999642954,0.1689999999143765,0.0,20.490199999585457,20.53150000028836,20.496799999818904,500,500,333.0,1501.5015015015017,,False,8.640899999591056
1857,exp1-completion-paced,66,264,0.2718000005188514,1.254700000572484,32.685300000594,31.430600000021517,0.0210000007427879,21.245900000394613,500,84,15.577199999825098,21.297100000083447,False,84,0.0196000000869389,0.0315999996018945,0.0228999997489154,5.363900000702415,0.1265000000785221,0.0315999996018945,15.577199999825098,0.1235999998243642,0.0,21.245900000394613,21.297100000083447,21.251999999549295,500,500,333.0,1501.5015015015017,,False,11.388200000510551
1858,exp1-completion-paced,66,264,0.4707999996753642,0.0523999997312785,41.03479999957926,40.98239999984799,0.0206000004254747,22.65749999969557,500,85,15.2524999994057,22.712199999659788,False,85,0.0200999993467121,0.0346000006175017,0.036099999306316,7.088000000294414,0.1275000004170579,0.028299999939918,15.2524999994057,0.1249000006282585,0.0,22.65749999969557,22.712199999659788,22.66420000069047,500,500,333.0,1501.5015015015017,,False,18.322599999919476
1859,exp1-completion-paced,66,264,0.2934000003733672,0.6352000000333646,27.99310000045807,27.357900000424703,0.0276999999186955,20.806800000173094,500,86,15.655000000151633,20.89909999995143,False,86,0.0645000000076834,0.0277999997706501,0.0172000000020489,4.850299999816343,0.121900000522146,0.0287999991996912,15.655000000151633,0.1333999998678336,0.0,20.806800000173094,20.89909999995143,20.81359999920096,500,500,333.0,1501.5015015015017,,False,7.0940000005066395
1860,exp1-completion-paced,66,264,0.2821000007315888,4.315700000006473,39.31780000038998,35.00210000038351,0.0202000001081614,21.07109999997192,500,87,15.616100000443112,21.111000000018976,False,87,0.0178000000232714,0.0221000000237836,0.0165000001288717,5.1509999993868405,0.1338000001851469,0.0289999998130952,15.616100000443112,0.1245000003109453,0.0,21.07109999997192,21.111000000018976,21.07750000050146,500,500,333.0,1501.5015015015017,,False,18.206800000371004
1861,exp1-completion-paced,66,264,0.2645000004122266,1.2579999993249658,34.144999999625725,32.88700000030076,0.0178000000232714,22.062000000005355,500,88,16.58339999994496,22.11249999982101,False,88,0.0253999996857601,0.0251000001298962,0.0182000003405846,5.167399999663758,0.1356000002488144,0.0297999995382269,16.58339999994496,0.1272000008611939,0.0,22.062000000005355,22.11249999982101,22.06810000006953,500,500,333.0,1501.5015015015017,,False,12.032499999804713
1862,exp1-completion-paced,66,264,0.2717999996093567,0.0622999996267026,39.749399999891466,39.68710000026476,0.0206999993679346,19.890200000190816,500,89,14.761800000087533,19.93990000028134,False,89,0.0211000005947425,0.0285999994957819,0.0176000003193621,4.833500000131608,0.1204000000143423,0.0302999997074948,14.761800000087533,0.1264000002265675,0.0,19.890200000190816,19.93990000028134,19.897799999853305,500,500,333.0,1501.5015015015017,,False,19.809499999610125
1863,exp1-completion-paced,66,264,0.2782000001388951,0.7240000004458125,29.58760000001348,28.86359999956767,0.0274000003628316,21.488899999894784,500,90,15.866099999584549,21.53290000023844,False,90,0.0203999998120707,0.0236000005315872,0.0180999995791353,5.31810000029509,0.1235999998243642,0.028500000553322,15.866099999584549,0.1343000003544148,0.0,21.488899999894784,21.53290000023844,21.4960000002975,500,500,333.0,1501.5015015015017,,False,8.054699999775043
1864,exp1-completion-paced,66,264,0.269299999672512,1.2248000002728077,30.652899999950023,29.42809999967721,0.0209999998332932,21.42360000016197,500,91,15.593400000398104,21.47080000031565,False,91,0.0225000003410968,0.0246999998125829,0.0177000001713167,5.521000000044296,0.1323999995292979,0.0300000001516309,15.593400000398104,0.1288999992539174,0.0,21.42360000016197,21.47080000031565,21.431699999993725,500,500,333.0,1501.5015015015017,,False,9.182099999634374
1865,exp1-completion-paced,66,264,0.2725999993344885,0.2651999993759091,38.486799999191135,38.221599999815226,0.0289999998130952,29.348899999604328,500,92,19.46479999969597,29.504999999517167,False,92,0.0313999998979852,0.1247000000148546,0.0266999995801597,9.361600000374892,0.2572000003056018,0.1149999998233397,19.46479999969597,0.1234999999724095,0.0,29.348899999604328,29.504999999517167,29.359600000134375,500,500,333.0,1501.5015015015017,,False,8.981799999673967
1866,exp1-completion-paced,66,264,0.4566999996313825,0.0756999997975071,35.53919999922073,35.46349999942322,0.0202000001081614,24.06739999969432,500,93,18.46199999999953,24.1120000000592,False,93,0.0200000004042522,0.0245999999606283,0.0180999995791353,5.123800000546908,0.1260999997612089,0.0296999996862723,18.46199999999953,0.3072999998039449,0.0,24.06739999969432,24.1120000000592,24.07469999980094,500,500,333.0,1501.5015015015017,,False,11.427199999161527
1867,exp1-completion-paced,66,264,0.2676999993127538,0.783899999987625,42.27660000015021,41.492700000162586,0.019300000531075,24.76429999933316,500,94,19.38030000019353,24.81939999961469,False,94,0.0197999997908482,0.0353000004906789,0.0179999997271806,4.991400000108115,0.1264000002265675,0.0276999999186955,19.38030000019353,0.2200999997512553,0.0,24.76429999933316,24.81939999961469,24.770900000476104,500,500,333.0,1501.5015015015017,,False,17.457200000535522
1868,exp1-completion-paced,66,264,0.2698999996937345,0.7479000005332637,36.76100000029692,36.013099999763654,0.0202000001081614,29.18479999971169,500,95,19.275200000265613,29.229400000076566,False,95,0.0196000000869389,0.0250000002779415,0.0170999992405995,9.399400000802416,0.2557999996497528,0.1106999998228275,19.275200000265613,0.1264000002265675,0.0,29.18479999971169,29.229400000076566,29.1919000001144,500,500,333.0,1501.5015015015017,,False,7.531600000220351
1869,exp1-completion-paced,66,264,0.2744000003076507,0.0507999993715202,37.20100000009552,37.150200000724,0.0208000001293839,25.92929999991611,500,96,20.66969999941648,25.97679999962565,False,96,0.0206000004254747,0.026899999284069,0.0178000000232714,4.85460000072635,0.1236999996763188,0.0393000000258325,20.66969999941648,0.2238000006400398,0.0,25.92929999991611,25.97679999962565,25.935800000297604,500,500,333.0,1501.5015015015017,,False,11.224200000469867
1870,exp1-completion-paced,66,264,0.2774000004137633,0.7432000002154382,34.661599999708415,33.918399999492976,0.0227000000450061,25.547599999299564,500,97,16.360900000108813,25.5950999999186,False,97,0.0206000004254747,0.0269000001935637,0.0184999998964485,8.874099999957252,0.1394000000800588,0.0307999998767627,16.360900000108813,0.1236999996763188,0.0,25.547599999299564,25.5950999999186,25.55430000029446,500,500,333.0,1501.5015015015017,,False,9.066499999789816
1871,exp1-completion-paced,66,264,0.4643000002033659,1.0196000002906658,41.00290000042151,39.98330000013084,0.0213000002986518,29.265299999678973,500,98,18.3311999999205,29.408999999759544,False,98,0.0859000001582899,0.0577999999222811,0.0200999993467121,10.444000000461529,0.240999999732594,0.1140000003942987,18.3311999999205,0.1147000002674758,0.0,29.265299999678973,29.408999999759544,29.29760000006354,500,500,333.0,1501.5015015015017,,False,11.593900000661968
1872,exp1-completion-paced,66,264,0.2584000003480469,1.275800000257732,40.245600000162085,38.96979999990435,0.0196000000869389,21.22529999996914,500,99,15.458800000487829,21.270399999593792,False,99,0.0198999996428028,0.0251999999818508,0.0172000000020489,5.473600000186707,0.1242999996975413,0.0362999999197199,15.458800000487829,0.113999999484804,0.0,21.22529999996914,21.270399999593792,21.23089999986405,500,500,333.0,1501.5015015015017,,False,18.975200000568293
1873,exp1-completion-paced,66,264,0.2748999995674239,1.2318999997660285,38.11679999944317,36.884899999677145,0.0290999996650498,24.415400000179943,500,100,18.79059999919264,24.461799999699,False,100,0.0214000001506065,0.0249999993684468,0.0188000003618071,5.228900000474823,0.1253000000360771,0.029499999982363,18.79059999919264,0.2219000007244176,0.0,24.415400000179943,24.461799999699,24.42310000060388,500,500,333.0,1501.5015015015017,,False,13.654999999744167
1874,exp1-completion-paced,66,264,0.3189999997630366,2.759699999842269,41.10789999958797,38.3481999997457,0.0237000003835419,21.118999999998778,500,101,15.62999999987369,21.167200000490997,False,101,0.0207000002774293,0.0275000002147862,0.0178000000232714,5.197299999963434,0.1254999997399863,0.0318000002152984,15.62999999987369,0.1164000004791887,0.0,21.118999999998778,21.167200000490997,21.12600000054954,500,500,333.0,1501.5015015015017,,False,19.940699999096974
1875,exp1-completion-paced,66,264,0.4663999998228973,2.0739000001412933,47.15510000005452,45.08119999991322,0.0203999998120707,41.285899999820685,500,102,29.627899999468355,41.35299999961717,False,102,0.0233000000662286,0.043799999730254,0.0373000002582557,11.016399999789428,0.2500000000509317,0.1145000005635665,29.627899999468355,0.239500000134285,0.0,41.285899999820685,41.35299999961717,41.294200000265846,500,500,333.0,1501.5015015015017,,False,5.802100000437349
1876,exp1-completion-paced,66,264,0.2799999992930679,0.7128999995984486,33.07369999947696,32.36079999987851,0.043799999730254,24.7655000002851,500,103,18.54139999977633,24.824299999636423,False,103,0.02059999951598,0.0381999998353421,0.0182000003405846,5.828599999404105,0.133500000629283,0.032199999623117,18.54139999977633,0.2113000000463216,0.0,24.7655000002851,24.824299999636423,24.7719999997571,500,500,333.0,1501.5015015015017,,False,8.249399999840534
1877,exp1-completion-paced,66,264,0.2723999996305792,1.20009999955073,38.075299999945855,36.875200000395125,0.0283999997918726,24.91840000038792,500,104,15.840699999898789,24.97700000003533,False,104,0.0224999994316021,0.0361000002158107,0.0202000001081614,8.76810000045225,0.133300000015879,0.0298999993901816,15.840699999898789,0.1259999999092542,0.0,24.91840000038792,24.97700000003533,24.926699999923585,500,500,333.0,1501.5015015015017,,False,13.098299999910527
1878,exp1-completion-paced,66,264,0.2532999997129082,0.044000000343658,46.67630000039935,46.63230000005569,0.028500000553322,32.60080000018206,500,105,22.327599999698577,32.661900000675814,False,105,0.0267000004896544,0.0344000000040978,0.0251000001298962,9.759300000041549,0.2596999993329518,0.1145000005635665,22.327599999698577,0.1143999998021172,0.0,32.60080000018206,32.661900000675814,32.60809999937919,500,500,333.0,1501.5015015015017,,False,14.014399999723537
1879,exp1-completion-paced,66,264,0.269500000285916,1.2372000001050765,45.25319999993371,44.01599999982864,0.0335000004270114,28.51009999994858,500,106,21.687399999791523,28.553899999678837,False,106,0.0196000000869389,0.024199999643315,0.0174999995579128,6.4161000000240165,0.134700000671728,0.0303999995594494,21.687399999791523,0.2237000007880851,0.0,28.51009999994858,28.553899999678837,28.517600000668608,500,500,333.0,1501.5015015015017,,False,16.699300000254876
1880,exp1-completion-paced,66,264,0.4470999992918223,1.0932000004686415,36.63289999985864,35.539699999389995,0.0325000000884756,24.831600000652543,500,107,19.17150000008405,24.879800000235264,False,107,0.0209999998332932,0.0271999997494276,0.0180000006366753,5.236799999693176,0.1251000003321678,0.0350999998772749,19.17150000008405,0.2447999995638383,0.0,24.831600000652543,24.879800000235264,24.838599999384314,500,500,333.0,1501.5015015015017,,False,11.753099999623373
1881,exp1-completion-paced,66,264,0.2751000001808279,2.2398000000976026,42.25290000067616,40.01310000057856,0.0301999998555402,30.368599999746948,500,108,24.85880000040197,30.413299999963783,False,108,0.019300000531075,0.0253999996857601,0.0190000000657164,5.090800000289164,0.1275999993595178,0.029499999982363,24.85880000040197,0.2426000000923522,0.0,30.368599999746948,30.413299999963783,30.375899999853573,500,500,333.0,1501.5015015015017,,False,11.83960000071238
1882,exp1-completion-paced,66,264,0.2673999997568899,0.0557000003027496,40.83559999980935,40.7798999995066,0.0270000000455183,23.652200000469747,500,109,17.73270000012417,23.69760000055976,False,109,0.02050000057352,0.0248999995164922,0.0175000004674075,5.43059999927209,0.1213000005009234,0.1056000000971835,17.73270000012417,0.2441999995426158,0.0,23.652200000469747,23.69760000055976,23.65980000013224,500,500,333.0,1501.5015015015017,,False,17.137999999249587
1883,exp1-completion-paced,66,264,0.4683000006480142,2.0777999998244923,38.02150000046822,35.94370000064373,0.0214000001506065,22.241600000597828,500,110,16.26650000071095,22.28850000028615,False,110,0.0215000000025611,0.0253999996857601,0.0189000002137618,5.685099999936938,0.1301000002058572,0.0320999997711624,16.26650000071095,0.1085999992938013,0.0,22.241600000597828,22.28850000028615,22.248799999943003,500,500,333.0,1501.5015015015017,,False,15.733000000182074
1884,exp1-completion-paced,66,264,0.2806000002237852,1.2372000001050765,46.71570000027714,45.47850000017206,0.037499999962165,30.77969999958441,500,111,20.23929999995744,30.846699999528937,False,111,0.0208000001293839,0.0461999998151441,0.0239999999394058,10.02059999973426,0.226900000598107,0.1153999992311582,20.23929999995744,0.1531000007162219,0.0,30.77969999958441,30.846699999528937,30.789000000368105,500,500,333.0,1501.5015015015017,,False,15.869000000748201
1885,exp1-completion-paced,66,264,0.2739999999903375,2.769699999589648,37.10880000016914,34.33910000057949,0.0187999994523124,21.477600000253005,500,112,15.682399999604968,21.52589999968768,False,112,0.0243999993472243,0.0239000000874511,0.0183000001925393,5.513699999937671,0.1283000001421896,0.0325000000884756,15.682399999604968,0.1022000005832524,0.0,21.477600000253005,21.52589999968768,21.48510000006354,500,500,333.0,1501.5015015015017,,False,15.582900000481459
1886,exp1-completion-paced,66,264,0.2767000005405862,2.7331999999660184,32.63950000018667,29.906300000220654,0.0423000001319451,20.72229999976116,500,113,14.999499999248656,20.763499999702617,False,113,0.0188999993042671,0.0223000006371876,0.0168999995366903,5.448900000374124,0.1284999998460989,0.0274000003628316,14.999499999248656,0.1009000006888527,0.0,20.72229999976116,20.763499999702617,20.72889999999461,500,500,333.0,1501.5015015015017,,False,11.876000000484055
1887,exp1-completion-paced,66,264,0.4601999999067629,1.0326999999961115,43.52840000046854,42.495700000472425,0.0206000004254747,29.277399999955374,500,114,18.468299999767623,29.322599999431983,False,114,0.0208999999813386,0.0242999994952697,0.0191999997696257,10.339700000258745,0.2368000004935311,0.1113999996960046,18.468299999767623,0.1017000004139845,0.0,29.277399999955374,29.322599999431983,29.284500000358094,500,500,333.0,1501.5015015015017,,False,14.205800001036554
1888,exp1-completion-paced,66,264,0.2684000000954256,1.2302000004638105,47.28070000055595,46.05050000009214,0.0209999998332932,27.60859999943932,500,115,22.09279999988212,27.6531999998042,False,115,0.0196000000869389,0.0250000002779415,0.0190000000657164,5.231499999354128,0.1284999998460989,0.0313000000460306,22.09279999988212,0.1053000005413196,0.0,27.60859999943932,27.6531999998042,27.61670000018057,500,500,333.0,1501.5015015015017,,False,19.627500000751752
1889,exp1-completion-paced,66,264,0.261799999861978,0.0570000001971493,39.17079999973794,39.11379999954079,0.0221000000237836,21.30589999978838,500,116,15.502000000196858,21.349699999518634,False,116,0.0202999999601161,0.0234999997701379,0.0165999999808263,5.526800000552612,0.1277999999729218,0.0281999991784687,15.502000000196858,0.1043000002027838,0.0,21.30589999978838,21.349699999518634,21.31180000014865,500,500,333.0,1501.5015015015017,,False,17.821100000219303
1890,exp1-completion-paced,66,264,0.2788000001601176,1.2575999999171472,39.90100000009989,38.64340000018274,0.0196000000869389,22.664399999484885,500,117,16.818299999613373,22.7164999996603,False,117,0.0200000004042522,0.0320999997711624,0.0269000001935637,5.353499999728228,0.2377999999225721,0.1208000003316556,16.818299999613373,0.1068999999915831,0.0,22.664399999484885,22.7164999996603,22.66770000005636,500,500,333.0,1501.5015015015017,,False,17.18450000043959
1891,exp1-completion-paced,66,264,0.2820999998220941,0.0644000001557287,47.24780000015016,47.18339999999444,0.0283999997918726,32.9383999996935,500,118,21.969499999613618,33.01199999987148,False,118,0.0299000002996763,0.0436999998782994,0.0280000003840541,10.354499999266409,0.2389999999650172,0.1163000006272341,21.969499999613618,0.2308000002813059,0.0,32.9383999996935,33.01199999987148,32.949899999948684,500,500,333.0,1501.5015015015017,,False,14.23580000027868
1892,exp1-completion-paced,66,264,0.3088000003117486,0.1069999998435378,36.54209999967861,36.435099999835074,0.0200000004042522,20.336000000497734,500,119,14.946600000257604,20.38390000052459,False,119,0.0208000001293839,0.027099999897473,0.017899999875226,5.111200000101235,0.125800000205345,0.0400999997509643,14.946600000257604,0.0941999996939557,0.0,20.336000000497734,20.38390000052459,20.343599999250728,500,500,333.0,1501.5015015015017,,False,16.15819999915402
1893,exp1-completion-paced,66,264,0.2752000000327825,1.1936000000787317,38.06989999975485,36.87629999967612,0.0257000001511187,21.15080000021408,500,120,16.02030000049126,21.20800000011513,False,120,0.0200000004042522,0.0371999994968064,0.0184999998964485,4.868699999860837,0.1191999999718973,0.0307000000248081,16.02030000049126,0.09319999935542,0.0,21.15080000021408,21.20800000011513,21.157899999707297,500,500,333.0,1501.5015015015017,,False,16.86189999963972
1894,exp1-completion-paced,66,264,0.2767999994830461,0.0611999994362122,38.17999999955646,38.118800000120245,0.0325999999404302,22.336099999847647,500,121,14.944900000045893,22.42680000017572,False,121,0.0278999996226048,0.0628000007054652,0.0258000000030733,7.083799999236362,0.1242000007550814,0.0305999992633587,14.944900000045893,0.1265999999304767,0.0,22.336099999847647,22.42680000017572,22.34259999931965,500,500,333.0,1501.5015015015017,,False,15.753199999380737
1895,exp1-completion-paced,66,264,0.2767999994830461,1.1368000004949863,34.52410000045347,33.387299999958486,0.0298000004477216,21.82040000025154,500,122,16.4346999999907,21.865599999728147,False,122,0.0190000000657164,0.0261999994108919,0.0153000000864267,5.090600000585255,0.1220999993165605,0.0292000004264991,16.4346999999907,0.1283000001421896,0.0,21.82040000025154,21.865599999728147,21.82340000035765,500,500,333.0,1501.5015015015017,,False,12.658500000725326
1896,exp1-completion-paced,66,264,0.2635999999256455,1.2234000005264534,39.08529999989696,37.86189999937051,0.0206000004254747,20.472500000323635,500,123,15.14009999937116,20.520300000498537,False,123,0.0188000003618071,0.0289999998130952,0.0182000003405846,5.0316999995629885,0.1249000006282585,0.0307999998767627,15.14009999937116,0.1266000008399714,0.0,20.472500000323635,20.520300000498537,20.4794999999649,500,500,333.0,1501.5015015015017,,False,18.564999999398424
1897,exp1-completion-paced,66,264,0.2678000000742031,1.2566000004881062,36.78990000025806,35.53329999976995,0.0199999994947575,20.15930000015942,500,124,15.069199999743432,20.201999999699183,False,124,0.0190000000657164,0.0236999994740472,0.0172000000020489,4.814900000383204,0.1227000002472777,0.0295999998343177,15.069199999743432,0.1055000002452288,0.0,20.15930000015942,20.201999999699183,20.16640000056213,500,500,333.0,1501.5015015015017,,False,16.587900000558875
1898,exp1-completion-paced,66,264,0.2682000003915163,1.221199999235978,38.29479999967589,37.07360000043991,0.0204000007215654,21.687399999791523,500,125,16.59060000019963,21.730599999500555,False,125,0.0182000003405846,0.0249999993684468,0.0177000001713167,4.8311000000467175,0.1205999997182516,0.0294000001304084,16.59060000019963,0.0976999999693362,0.0,21.687399999791523,21.730599999500555,21.694600000046197,500,500,333.0,1501.5015015015017,,False,16.564200000175333
1899,exp1-completion-paced,66,264,0.2693000005820067,3.743100000065169,32.13400000004185,28.39089999997668,0.0197999997908482,21.54260000042996,500,126,16.032099999392813,21.595799999886367,False,126,0.0196000000869389,0.0335999993694713,0.0183000001925393,5.24310000037076,0.1207999994221609,0.0292000004264991,16.032099999392813,0.0989000000117812,0.0,21.54260000042996,21.595799999886367,21.549699999923178,500,500,333.0,1501.5015015015017,,False,10.538200000155484
1900,exp1-completion-paced,66,264,0.276099999609869,1.2604000003193505,31.56120000039664,30.300800000077288,0.0197999997908482,21.558899999945424,500,127,15.916399999696296,21.606700000120327,False,127,0.0198000007003429,0.0279999994745594,0.0184999998964485,5.346599999938917,0.1271000000997446,0.0379000002794782,15.916399999696296,0.1122000003306311,0.0,21.558899999945424,21.606700000120327,21.566500000517408,500,500,333.0,1501.5015015015017,,False,9.954500000276312
1901,exp1-completion-paced,66,264,0.2537000000302214,2.764999999271822,32.61949999978242,29.8545000005106,0.02059999951598,23.152400000071797,500,128,17.416700000467245,23.19649999935791,False,128,0.0194999993254896,0.0245999999606283,0.0177000001713167,5.446099999971921,0.1263000003746128,0.0291999995170044,17.416700000467245,0.1161999998657847,0.0,23.152400000071797,23.19649999935791,23.15949999956501,500,500,333.0,1501.5015015015017,,False,9.423000000424508
1902,exp1-completion-paced,66,264,0.2750000003288733,0.050099999498343,38.28100000009727,38.23090000059892,0.0202999999601161,21.47749999949156,500,129,15.80420000027516,21.534099999371392,False,129,0.0196999999388935,0.0368999999409425,0.0185999997484032,5.25629999992816,0.1227000002472777,0.0427999993917183,15.80420000027516,0.2326000003449735,0.0,21.47749999949156,21.534099999371392,21.48480000050768,500,500,333.0,1501.5015015015017,,False,16.74690000072588
1903,exp1-completion-paced,66,264,0.2765999997791368,0.0614999999015708,38.15450000001874,38.09300000011717,0.0202000001081614,21.50179999989632,500,130,15.7457000004797,21.54429999973217,False,130,0.0196000000869389,0.0228999997489154,0.0173999997059581,5.476100000123552,0.1280000005863257,0.0298999993901816,15.7457000004797,0.1044999999066931,0.0,21.50179999989632,21.54429999973217,21.50880000044708,500,500,333.0,1501.5015015015017,,False,16.61020000028657
1904,exp1-completion-paced,66,264,0.2737000004344736,2.2173999996084603,35.61169999920821,33.39429999959975,0.0366000003850786,22.70170000065264,500,131,16.869799999767565,22.74600000055216,False,131,0.0196999999388935,0.0245999999606283,0.0174000006154528,5.4751999996369705,0.207099999897764,0.0288000001091859,16.869799999767565,0.1031000001603388,0.0,22.70170000065264,22.74600000055216,22.70810000027268,500,500,333.0,1501.5015015015017,,False,12.865699998656051
1905,exp1-completion-paced,66,264,0.2737999993769335,1.2269999997442935,39.71540000020468,38.48840000046039,0.0187000005098525,20.85210000041116,500,132,15.559399999801826,20.89580000028945,False,132,0.0196999999388935,0.0239999999394058,0.01810000048863,5.01669999994192,0.1225999994858284,0.029499999982363,15.559399999801826,0.1056000000971835,0.0,20.85210000041116,20.89580000028945,20.85939999960829,500,500,333.0,1501.5015015015017,,False,18.81959999991523
1906,exp1-completion-paced,66,264,0.2631000006658723,0.0473999998575891,44.04880000038247,44.00140000052488,0.0179999997271806,20.99700000053417,500,133,15.379500000562984,21.04250000047614,False,133,0.0207000002774293,0.0247999996645376,0.0176000003193621,5.271299999549228,0.1720000000204891,0.044999999772699,15.379500000562984,0.11129999984405,0.0,20.99700000053417,21.04250000047614,21.00400000017544,500,500,333.0,1501.5015015015017,,False,23.006299999906332
1907,exp1-completion-paced,66,264,0.2770999999484047,1.1969999995926628,32.52119999979186,31.3242000001992,0.019099999917671,20.61649999996007,500,134,14.938399999664398,20.660500000303728,False,134,0.019300000531075,0.0246999998125829,0.0325000000884756,5.367400000068301,0.125800000205345,0.0288000001091859,14.938399999664398,0.1234000001204549,0.0,20.61649999996007,20.660500000303728,20.62310000019352,500,500,333.0,1501.5015015015017,,False,11.860699999488133
1908,exp1-completion-paced,66,264,0.2572000003056018,1.2013999994451297,32.05939999952534,30.85800000008021,0.0194999993254896,20.83550000043033,500,135,15.171299999565235,20.87750000009692,False,135,0.0185999997484032,0.0233999999181833,0.0167000007422757,5.379700000048615,0.1241999998455867,0.0331999999616527,15.171299999565235,0.1099999999496503,0.0,20.83550000043033,20.87750000009692,20.84180000019842,500,500,333.0,1501.5015015015017,,False,11.18189999942842
1909,exp1-completion-paced,66,264,0.2715000000534928,0.0485000000480795,38.5788000003231,38.53030000027502,0.0190000000657164,23.301100000026054,500,136,17.883500000607455,23.34789999986242,False,136,0.0211999995372025,0.025600000299164,0.023200000214274,5.125800000314484,0.122899999951187,0.0330999992002034,17.883500000607455,0.1124000000345404,0.0,23.301100000026054,23.34789999986242,23.308800000449992,500,500,333.0,1501.5015015015017,,False,15.230900000460679
1910,exp1-completion-paced,66,264,0.2688999993551988,1.1620000004768372,33.98620000007213,32.824199999595294,0.0202999999601161,21.000200000344197,500,137,15.873800000008488,21.05250000022352,False,137,0.0279000005320995,0.0243999993472243,0.016900000446185,4.821200000151293,0.120299999252893,0.040100000660459,15.873800000008488,0.1277000001209671,0.0,21.000200000344197,21.05250000022352,21.006100000704464,500,500,333.0,1501.5015015015017,,False,12.93369999984861
1911,exp1-completion-paced,66,264,0.2684999999473803,0.0501000004078378,35.08730000066862,35.03720000026078,0.0429000001531676,20.321700000749843,500,138,15.057900000101654,20.362900000691297,False,138,0.0188000003618071,0.0223999995796475,0.0174000006154528,4.979399999683665,0.125599999591941,0.029700000595767,15.057900000101654,0.1114999995479593,0.0,20.321700000749843,20.362900000691297,20.32820000022184,500,500,333.0,1501.5015015015017,,False,14.724399999977322
1912,exp1-completion-paced,66,264,0.2623999998832005,4.247599999871454,29.01529999962804,24.767699999756587,0.0202999999601161,19.86849999957485,500,139,14.788600000429142,19.9123000002146,False,139,0.0184000000444939,0.0254000005952548,0.0191999997696257,4.795599999852129,0.1241999998455867,0.0288999999611405,14.788600000429142,0.1118000000133179,0.0,19.86849999957485,19.9123000002146,19.875900000442925,500,500,333.0,1501.5015015015017,,False,9.102999999413441
1913,exp1-completion-paced,66,264,0.2642999997988227,0.0876000003700028,46.73290000027919,46.645299999909184,0.019099999917671,32.31549999964045,500,140,25.06660000017291,32.368099999985134,False,140,0.0221999998757382,0.0304000004689442,0.0181999994310899,6.784900000639027,0.1259999999092542,0.2055999993899604,25.06660000017291,0.1140000003942987,0.0,32.31549999964045,32.368099999985134,32.3195000000851,500,500,333.0,1501.5015015015017,,False,14.364800000294053
1914,exp1-completion-paced,66,264,0.2738999992288882,0.0520000003234599,33.56149999945046,33.509499999127,0.0167999996847356,20.993199999793436,500,141,15.65610000034212,21.04099999996833,False,141,0.0198000007003429,0.0279999994745594,0.0177000001713167,5.062100000031933,0.1192999998238519,0.0288999999611405,15.65610000034212,0.1088999997591599,0.0,20.993199999793436,21.04099999996833,21.0001999994347,500,500,333.0,1501.5015015015017,,False,12.52049999948213
1915,exp1-completion-paced,66,264,0.2709000000322703,1.188700000056997,40.16529999989871,38.97659999984171,0.0177000001713167,23.05609999984881,500,142,17.682699999568285,23.15199999975448,False,142,0.0193999994735349,0.0765000004321336,0.0184000000444939,5.10020000001532,0.1223999997819191,0.0307000000248081,17.682699999568285,0.1016000005620298,0.0,23.05609999984881,23.15199999975448,23.07600000040111,500,500,333.0,1501.5015015015017,,False,17.013300000144227
1916,exp1-completion-paced,66,264,0.2789000000120722,1.2474999994083191,32.71390000008978,31.46640000068146,0.0206000004254747,22.33309999974153,500,143,17.146199999842793,22.37799999966228,False,143,0.0210999996852478,0.0238000002354965,0.0179999997271806,4.904399999759335,0.1290999998673214,0.0286000004052766,17.146199999842793,0.1066000004357192,0.0,22.33309999974153,22.37799999966228,22.33920000071521,500,500,333.0,1501.5015015015017,,False,10.3359000004275
1917,exp1-completion-paced,66,264,0.2660000000105356,1.2744999994538375,37.20739999971556,35.932900000261725,0.0213000002986518,20.452100000511564,500,144,15.512099999796192,20.498000000770844,False,144,0.0196999999388935,0.0262000003203866,0.0158000002556946,4.646899999897869,0.1229999998031416,0.0328000005538342,15.512099999796192,0.1212999995914287,0.0,20.452100000511564,20.498000000770844,20.45529999941209,500,500,333.0,1501.5015015015017,,False,16.70939999894472
1918,exp1-completion-paced,66,264,0.27460000001156,1.2524000003395486,37.13580000021466,35.88339999987511,0.0191999997696257,20.91420000033395,500,145,15.503599999647122,20.95680000002176,False,145,0.0188999993042671,0.0237000003835419,0.0172000000020489,4.936600000291946,0.2238999995824997,0.1141000002462533,15.503599999647122,0.1183000003948109,0.0,20.91420000033395,20.95680000002176,20.9208000005674,500,500,333.0,1501.5015015015017,,False,16.179000000192897
1919,exp1-completion-paced,66,264,0.2698999996937345,0.0626000000920612,29.529100000218023,29.46650000012596,0.0189000002137618,20.219999999426364,500,146,15.165499999966414,20.26569999998173,False,146,0.0202000001081614,0.0255000004472094,0.0172999998540035,4.767299999912211,0.1293999994231853,0.0291000005745445,15.165499999966414,0.1111999999920954,0.0,20.219999999426364,20.26569999998173,20.227500000146392,500,500,333.0,1501.5015015015017,,False,9.263400000236292
1920,exp1-completion-paced,66,264,0.2820000008796341,1.277999999729218,36.22339999947144,34.94539999974222,0.0210999996852478,18.86000000013155,500,147,14.00999999987107,18.90839999941818,False,147,0.0196000000869389,0.0287999991996912,0.0250000002779415,4.567599999973027,0.1179999999294523,0.0307000000248081,14.00999999987107,0.1085000003513414,0.0,18.86000000013155,18.90839999941818,18.866600000365,500,500,333.0,1501.5015015015017,,False,17.31500000005326
1921,exp1-completion-paced,66,264,0.276099999609869,0.0585999996474129,35.31970000040019,35.261100000752776,0.0195000002349843,20.057000000633707,500,148,15.184099999714816,20.12490000015532,False,148,0.0431999997090315,0.0246999998125829,0.0177000001713167,4.593499999828055,0.1191000001199427,0.0294000001304084,15.184099999714816,0.1130000000557629,0.0,20.057000000633707,20.12490000015532,20.06399999936548,500,500,333.0,1501.5015015015017,,False,15.194800000244868
1922,exp1-completion-paced,66,264,0.2678000000742031,0.0733999995645717,38.26589999971475,38.192500000150176,0.0196999999388935,21.826299999702314,500,149,15.747800000099232,21.872600000278908,False,149,0.0198000007003429,0.0264999998762505,0.017899999875226,5.799900000056368,0.1260999997612089,0.0294000001304084,15.747800000099232,0.105000000075961,0.0,21.826299999702314,21.872600000278908,21.833499999956985,500,500,333.0,1501.5015015015017,,False,16.39329999943584
1923,exp1-completion-paced,66,264,0.2738000002864282,1.2066999997841776,31.608500000402277,30.401800000618096,0.0471000003017252,20.29080000011163,500,150,15.182600000116508,20.34189999994851,False,150,0.0196000000869389,0.0314999997499398,0.0171000001500942,4.827599999771337,0.12940000033268,0.0305000003208988,15.182600000116508,0.1034999995681573,0.0,20.29080000011163,20.34189999994851,20.30469999954221,500,500,333.0,1501.5015015015017,,False,11.266600000453767
1924,exp1-completion-paced,66,264,0.2554000002419343,0.048899999455898,29.584899999463232,29.53600000000733,0.0294000001304084,19.150699999954668,500,151,14.27220000005036,19.195699999727367,False,151,0.0194999993254896,0.0255000004472094,0.0177000001713167,4.6026999998503015,0.1202000003104331,0.0311999992845812,14.27220000005036,0.1066000004357192,0.0,19.150699999954668,19.195699999727367,19.157800000357383,500,500,333.0,1501.5015015015017,,False,10.389199999735865
1925,exp1-completion-paced,66,264,0.2761000005193637,0.7440999997925246,30.17429999999877,29.43020000020624,0.0200999993467121,19.50719999967987,500,152,14.4295999998576,19.54879999993864,False,152,0.0184999998964485,0.0231000003623194,0.0174999995579128,4.7829000004639965,0.1259999999092542,0.028299999939918,14.4295999998576,0.1227000002472777,0.0,19.50719999967987,19.54879999993864,19.51410000037868,500,500,333.0,1501.5015015015017,,False,10.625500000060129
1926,exp1-completion-paced,66,264,0.279900000350608,0.781499999902735,31.089600000086648,30.308100000183916,0.0194999993254896,21.396000000095228,500,153,16.125199999805773,21.44500000031257,False,153,0.0202999999601161,0.0287000002572312,0.0174999995579128,4.983200000424404,0.1218999996126513,0.0300000001516309,16.125199999805773,0.1179000000774976,0.0,21.396000000095228,21.44500000031257,21.402800000032585,500,500,333.0,1501.5015015015017,,False,9.644599999774076
1927,exp1-completion-paced,66,264,0.281100000393053,1.2221999995745136,36.53589999976248,35.313700000187964,0.0203999998120707,19.44370000001072,500,154,14.60419999966689,19.48509999965609,False,154,0.0192999996215803,0.0221000000237836,0.0177000001713167,4.549799999949755,0.1211999997394741,0.0287000002572312,14.60419999966689,0.121900000522146,0.0,19.44370000001072,19.48509999965609,19.45049999994808,500,500,333.0,1501.5015015015017,,False,17.05080000010639
1928,exp1-completion-paced,66,264,0.2555999999458436,0.7090000008247443,35.21380000074714,34.5047999999224,0.0207000002774293,22.01269999932265,500,155,17.108699999880628,22.054600000046776,False,155,0.0196999999388935,0.0222000007852329,0.0184999998964485,4.624499999408727,0.1197999999931198,0.0286000004052766,17.108699999880628,0.1124000000345404,0.0,22.01269999932265,22.054600000046776,22.02000000033877,500,500,333.0,1501.5015015015017,,False,13.159200000700366
1929,exp1-completion-paced,66,264,0.2727999999478925,1.2454999996407423,32.152599999790255,30.907100000149512,0.0195000002349843,21.260399999846413,500,156,15.754000000015369,21.30599999964033,False,156,0.0197999997908482,0.0258000000030733,0.0155999996422906,4.992200000742741,0.2802999997584265,0.1088999997591599,15.754000000015369,0.1092000002245185,0.0,21.260399999846413,21.30599999964033,21.26349999980448,500,500,333.0,1501.5015015015017,,False,10.846600000149923
1930,exp1-completion-paced,66,264,0.3219000000171945,1.254799999514944,37.240399999973306,35.98560000045836,0.0186999996003578,21.95820000088133,500,157,16.99209999969753,22.06110000042827,False,157,0.0667000003886642,0.0361999991582706,0.0168000005942303,4.673399999774119,0.1327999998466111,0.0306000001728534,16.99209999969753,0.1123000001825857,0.0,21.95820000088133,22.06110000042827,21.964499999739928,500,500,333.0,1501.5015015015017,,False,15.179299999545037
1931,exp1-completion-paced,66,264,0.2616000001580687,1.2386999997033854,32.15050000017072,30.911800000467338,0.0196999999388935,20.0819000001502,500,158,14.945100000659297,20.129200000155837,False,158,0.0191999997696257,0.0281000002360087,0.0174999995579128,4.857599999922968,0.1194000005853013,0.0316999994538491,14.945100000659297,0.1103999993574689,0.0,20.0819000001502,20.129200000155837,20.088299999770243,500,500,333.0,1501.5015015015017,,False,12.021300000014886
1932,exp1-completion-paced,66,264,0.2746999998635147,0.0992999994195997,28.07369999936782,27.97439999994822,0.0245000001086737,20.208300000376767,500,159,15.253300000040326,20.24980000078358,False,159,0.019300000531075,0.0221999998757382,0.0172999998540035,4.669300000387011,0.1208999992741155,0.0278000006801448,15.253300000040326,0.1194999995277612,0.0,20.208300000376767,20.24980000078358,20.21520000016608,500,500,333.0,1501.5015015015017,,False,7.823899998584238
1933,exp1-completion-paced,66,264,0.2702000001590932,1.2647000003198627,41.40710000046965,40.14240000014979,0.0790000003689783,20.26359999945271,500,160,15.085699999872304,20.308299999669543,False,160,0.0194999993254896,0.0252000008913455,0.0177999991137767,4.895200000646582,0.1210000000355648,0.0398000001951004,15.085699999872304,0.1038999998854706,0.0,20.26359999945271,20.308299999669543,20.27020000059565,500,500,333.0,1501.5015015015017,,False,21.098800000800104
1934,exp1-completion-paced,66,264,0.2761000005193637,1.2379999998302085,32.091899999613815,30.853899999783607,0.0197999997908482,20.41670000016893,500,161,15.49189999968803,20.46169999994163,False,161,0.0197999997908482,0.0251999999818508,0.0176000003193621,4.6535000001313165,0.1192999998238519,0.0281000002360087,15.49189999968803,0.1061000002664513,0.0,20.41670000016893,20.46169999994163,20.42359999995824,500,500,333.0,1501.5015015015017,,False,11.630199999672186
1935,exp1-completion-paced,66,264,0.2741999996942468,2.2090999991633,31.008699999802047,28.799600000638748,0.0197999997908482,20.831900000302998,500,162,15.828900000087742,20.886600000267208,False,162,0.0317000003633438,0.02299999960087,0.0167000007422757,4.7270999993997975,0.1209000001836102,0.0282000000879634,15.828900000087742,0.1099000000976957,0.0,20.831900000302998,20.886600000267208,20.83829999992304,500,500,333.0,1501.5015015015017,,False,10.12209999953484
1936,exp1-completion-paced,66,264,0.2716000008149422,1.2543000002551707,32.21819999998843,30.963899999733258,0.01810000048863,20.144700000855664,500,163,15.163699999902748,20.246800000677467,False,163,0.0196000000869389,0.0824999997348641,0.0173000007634982,4.703099999460392,0.1196000002892105,0.0295999998343177,15.163699999902748,0.1111999999920954,0.0,20.144700000855664,20.246800000677467,20.151199999418168,500,500,333.0,1501.5015015015017,,False,11.971399999310961
1937,exp1-completion-paced,66,264,0.2740999998422921,1.2231000000610948,36.87279999940074,35.649699999339646,0.0192999996215803,20.51610000034998,500,164,15.331599999626633,20.557600000756796,False,164,0.0186000006578979,0.0228999997489154,0.0178000000232714,4.896100000223669,0.1251999992746277,0.0284000007013673,15.331599999626633,0.1168999997389619,0.0,20.51610000034998,20.557600000756796,20.523299999695155,500,500,333.0,1501.5015015015017,,False,16.315199998643944
1938,exp1-completion-paced,66,264,0.2773999995042686,2.239999999801512,29.599899999993795,27.359900000192283,0.0189000002137618,20.963099999789847,500,165,15.718900000138092,21.01330000004964,False,165,0.017899999875226,0.0323000003845663,0.0165000001288717,4.967099999703351,0.1271999999516992,0.0342000003001885,15.718900000138092,0.0989999998637358,0.0,20.963099999789847,21.01330000004964,20.969500000319385,500,500,333.0,1501.5015015015017,,False,8.586599999944156
1939,exp1-completion-paced,66,264,0.2689000002646935,1.2616000003617955,34.56170000026759,33.3000999999058,0.019099999917671,21.209600000474893,500,166,15.877199999522418,21.25369999976101,False,166,0.0184999998964485,0.0255999993896693,0.0183000001925393,5.049700000199664,0.1247999998668092,0.0293000002784538,15.877199999522418,0.1099999999496503,0.0,21.209600000474893,21.25369999976101,21.2162999996508,500,500,333.0,1501.5015015015017,,False,13.308000000506581
1940,exp1-completion-paced,66,264,0.3006999995704973,0.0436999998782994,36.75620000012714,36.71250000024884,0.0208999999813386,20.95650000046589,500,167,15.577099999973145,21.001600000090548,False,167,0.0216999997064704,0.0233999999181833,0.0165000001288717,5.111599999509053,0.1213000005009234,0.0299000002996763,15.577099999973145,0.0999999992927769,0.0,20.95650000046589,21.001600000090548,20.96269999947253,500,500,333.0,1501.5015015015017,,False,15.75460000003659
1941,exp1-completion-paced,66,264,0.2717000006668968,1.2165999996796018,37.12160000031872,35.90500000063912,0.0213000002986518,21.577999999863096,500,168,15.601799999785726,21.62080000016431,False,168,0.0201000002562068,0.0227000000450061,0.0177000001713167,5.672799999956624,0.1406999999744584,0.0298999993901816,15.601799999785726,0.1149000008808798,0.0,21.577999999863096,21.62080000016431,21.585000000413856,500,500,333.0,1501.5015015015017,,False,15.500800000154413
1942,exp1-completion-paced,66,264,0.2696999999898253,2.73769999967044,33.67030000026716,30.93260000059672,0.0199000005522975,21.45050000035553,500,169,15.943800000059127,21.510399999897345,False,169,0.0211999995372025,0.03870000000461,0.01810000048863,5.226699999184348,0.1221000002260552,0.0302999997074948,15.943800000059127,0.1093000000764732,0.0,21.45050000035553,21.510399999897345,21.46959999936371,500,500,333.0,1501.5015015015017,,False,12.159900000369817
1943,exp1-completion-paced,66,264,0.2746999998635147,0.7213999997475185,38.227500000175496,37.50610000042798,0.0291000005745445,21.35519999956159,500,170,15.926799999760988,21.396099999947182,False,170,0.0188000003618071,0.0221000000237836,0.0171000001500942,5.124599999362545,0.1238000004377681,0.0282000000879634,15.926799999760988,0.134500000058324,0.0,21.35519999956159,21.396099999947182,21.361199999773817,500,500,333.0,1501.5015015015017,,False,16.831400000228314
1944,exp1-completion-paced,66,264,0.2732000002652057,1.2293999998291838,36.63719999985915,35.407800000029965,0.0214000001506065,20.826399999350546,500,171,15.375099999801025,20.873399999800316,False,171,0.0194000003830296,0.0276000000667409,0.0179999997271806,5.156700000043202,0.124099999993632,0.0294000001304084,15.375099999801025,0.122899999951187,0.0,20.826399999350546,20.873399999800316,20.83359999960521,500,500,333.0,1501.5015015015017,,False,15.763800000058833
1945,exp1-completion-paced,66,264,0.2911999999923864,2.722900000662776,34.61180000067543,31.88890000001265,0.019099999917671,20.83799999945768,500,172,15.544599999884667,20.878399999674,False,172,0.0190000000657164,0.0214000001506065,0.0171000001500942,5.005299999538693,0.1230999996550963,0.033600000278966,15.544599999884667,0.1141000002462533,0.0,20.83799999945768,20.878399999674,20.84449999983917,500,500,333.0,1501.5015015015017,,False,13.733400001001431
1946,exp1-completion-paced,66,264,0.273199999355711,1.2415000001055887,33.70400000039808,32.46250000029249,0.0192999996215803,22.164599999996422,500,173,16.48750000003929,22.2327999999834,False,173,0.0377000005755689,0.0304999994114041,0.0199000005522975,5.365299999539275,0.1269000003958353,0.032199999623117,16.48750000003929,0.1325000002907472,0.0,22.164599999996422,22.2327999999834,22.172699999828183,500,500,333.0,1501.5015015015017,,False,11.471200000414683
1947,exp1-completion-paced,66,264,0.2754999995886464,3.2235999997283216,31.52330000011716,28.29970000038884,0.0194000003830296,22.35490000020945,500,174,16.889999999875727,22.39610000015091,False,174,0.0203999998120707,0.0208000001293839,0.016699999832781,5.163400000128604,0.124300000607036,0.0326999997923849,16.889999999875727,0.1276000002690125,0.0,22.35490000020945,22.39610000015091,22.36070000071777,500,500,333.0,1501.5015015015017,,False,9.127199999966251
1948,exp1-completion-paced,66,264,0.2660999998624902,1.2630999999601045,35.65919999982725,34.39609999986715,0.0177000001713167,21.98260000022856,500,175,16.220900000007532,22.04820000042673,False,175,0.0196000000869389,0.0460000001112348,0.0204999996640253,5.4596999998466345,0.1277999999729218,0.0293000002784538,16.220900000007532,0.1242999996975413,0.0,21.98260000022856,22.04820000042673,21.99179999934131,500,500,333.0,1501.5015015015017,,False,13.610999999400523
1949,exp1-completion-paced,66,264,0.2675999994607991,0.0469999995402758,37.269800000103714,37.22280000056344,0.0200000004042522,21.1620000000039,500,176,15.988000000106696,21.213400000306137,False,176,0.0196999999388935,0.0317000003633438,0.0184000000444939,4.88619999941875,0.1222999999299645,0.0315000006594345,15.988000000106696,0.1153999992311582,0.0,21.1620000000039,21.213400000306137,21.175099999709342,500,500,333.0,1501.5015015015017,,False,16.056399999797577
1950,exp1-completion-paced,66,264,0.2677000002222485,1.2756000005538226,37.581600000521576,36.30599999996775,0.0213000002986518,20.30960000047344,500,177,15.104000000064843,20.39370000056806,False,177,0.0186000006578979,0.0654999994367244,0.0310000004901667,4.911600000014005,0.1182999994853162,0.0323000003845663,15.104000000064843,0.112299999273091,0.0,20.30960000047344,20.39370000056806,20.337599999948,500,500,333.0,1501.5015015015017,,False,17.187899999953515
1951,exp1-completion-paced,66,264,0.2698000007512746,0.0520000003234599,33.64679999958753,33.59479999926407,0.053200000365905,22.032199999557637,500,178,15.634899999895424,22.074099999372265,False,178,0.0190000000657164,0.0228999997489154,0.0174999995579128,6.103400000029069,0.1274000005651032,0.0365999994755839,15.634899999895424,0.1122000003306311,0.0,22.032199999557637,22.074099999372265,22.039499999664255,500,500,333.0,1501.5015015015017,,False,11.572700000215264
1952,exp1-completion-paced,66,264,0.2664000003278488,1.2058000002070912,36.57459999976709,35.36879999956,0.0197999997908482,21.64249999987078,500,179,16.270400000394147,21.683699999812237,False,179,0.0187000005098525,0.0224999994316021,0.0168000005942303,5.090300000119896,0.1227999991897377,0.0300000001516309,16.270400000394147,0.1118999998652725,0.0,21.64249999987078,21.683699999812237,21.64819999961765,500,500,333.0,1501.5015015015017,,False,14.89089999995485
1953,exp1-completion-paced,66,264,0.2570999995441525,1.2279000002308749,30.69709999999759,29.469199999766715,0.0377999995180289,21.34139999998297,500,180,15.707000000475093,21.42080000066926,False,180,0.0211000005947425,0.058300000091549,0.0331999999616527,5.339299999832292,0.1234999999724095,0.030999999580672,15.707000000475093,0.107199999547447,0.0,21.34139999998297,21.42080000066926,21.374899999500485,500,500,333.0,1501.5015015015017,,False,9.27629999932833
1954,exp1-completion-paced,66,264,0.2647999999680905,1.217999999425956,35.57860000000801,34.36060000058205,0.0185999997484032,22.30169999984355,500,181,16.278999999485677,22.362100000464125,False,181,0.0203000008696108,0.0400999997509643,0.023200000214274,5.597699999270844,0.1627000001462875,0.0311000003421213,16.278999999485677,0.2076999999189865,0.0,22.30169999984355,22.362100000464125,22.319400000014863,500,500,333.0,1501.5015015015017,,False,13.216499999543885
1955,exp1-completion-paced,66,264,0.2734999998210696,1.2665000003835305,32.629199999973935,31.362699999590404,0.017899999875226,20.940000000337022,500,182,15.738099999907718,20.979500000066764,False,182,0.0195000002349843,0.0199999994947575,0.0174000006154528,4.930299999614363,0.1210999998875195,0.0293000002784538,15.738099999907718,0.1034999995681573,0.0,20.940000000337022,20.979500000066764,20.946099999491707,500,500,333.0,1501.5015015015017,,False,11.64969999990717
1956,exp1-completion-paced,66,264,0.2717999996093567,0.80089999937627,40.75139999986277,39.9505000004865,0.0184000000444939,20.929199999955017,500,183,15.527499999734571,20.976200000404788,False,183,0.0208000001293839,0.0262000003203866,0.0172000000020489,5.123799999637413,0.1261000006707036,0.0296999996862723,15.527499999734571,0.104700000520097,0.0,20.929199999955017,20.976200000404788,20.94020000004093,500,500,333.0,1501.5015015015017,,False,19.775199999457982
1957,exp1-completion-paced,66,264,0.3004000000146334,0.044999999772699,48.27250000016648,48.227500000393775,0.0218000004679197,30.14330000041809,500,184,21.00700000028155,30.193200000212528,False,184,0.019099999917671,0.0307999998767627,0.0184999998964485,8.79830000030779,0.1421999995727674,0.0304000004689442,21.00700000028155,0.1468000000386382,0.0,30.14330000041809,30.193200000212528,30.15040000082081,500,500,333.0,1501.5015015015017,,False,18.079299999953953
1958,exp1-completion-paced,66,264,0.2911999999923864,1.1758000000554605,39.635800000723975,38.46000000066852,0.0179999997271806,21.208199999819044,500,185,15.512500000113503,21.261799999592768,False,185,0.0289999998130952,0.0245999999606283,0.0174999995579128,5.369500000597327,0.1635999997233739,0.0444999996034312,15.512500000113503,0.1004000005195848,0.0,21.208199999819044,21.261799999592768,21.214700000200537,500,500,333.0,1501.5015015015017,,False,18.374000001131208
1959,exp1-completion-paced,66,264,0.2684000000954256,2.218900000116264,38.262500000200816,36.04360000008455,0.0196999999388935,21.198599999479484,500,186,15.397899999697984,21.322200000213343,False,186,0.0677000007271999,0.0559000000066589,0.017699999261822,5.426400000033027,0.2202000005127047,0.0325000000884756,15.397899999697984,0.1037000001815613,0.0,21.198599999479484,21.322200000213343,21.20550000017829,500,500,333.0,1501.5015015015017,,False,16.940299999987474
1960,exp1-completion-paced,66,264,0.3182999998898594,1.1886999991475022,39.71029999956954,38.52160000042204,0.0184000000444939,26.38269999988552,500,187,19.636399999399146,26.45089999987249,False,187,0.042599999687809,0.025600000299164,0.0183000001925393,6.465200000093319,0.1247999998668092,0.0313000000460306,19.636399999399146,0.1065000005837646,0.0,26.38269999988552,26.45089999987249,26.38920000026701,500,500,333.0,1501.5015015015017,,False,13.259399999697052
1961,exp1-completion-paced,66,264,0.2766000006886315,1.2655000000449943,36.59310000057303,35.32760000052804,0.0196999999388935,19.689699999617005,500,188,14.313399999991816,19.734999999855063,False,188,0.0207000002774293,0.0245999999606283,0.0207000002774293,5.075799999758601,0.1222999999299645,0.0400999997509643,14.313399999991816,0.1172000002043205,0.0,19.689699999617005,19.734999999855063,19.69809999991412,500,500,333.0,1501.5015015015017,,False,16.858100000717968
1962,exp1-completion-paced,66,264,0.2703999998630024,1.1899999999513966,41.14030000073399,39.95030000078259,0.029499999982363,24.11039999969944,500,189,15.833299999940207,24.16119999998045,False,189,0.02050000057352,0.0302999997074948,0.0185999997484032,7.984800000485848,0.1241999998455867,0.0303999995594494,15.833299999940207,0.119000000267988,0.0,24.11039999969944,24.16119999998045,24.1171999996368,500,500,333.0,1501.5015015015017,,False,16.979100000753537
1963,exp1-completion-paced,66,264,0.2766999996310915,0.0558000001547043,45.89349999969272,45.83769999953802,0.02059999951598,24.94010000009439,500,190,17.27889999983745,24.9893999998676,False,190,0.0214000001506065,0.0278999996226048,0.0197000008483883,7.236799999191135,0.1305000005231704,0.0313000000460306,17.27889999983745,0.2426000000923522,0.0,24.94010000009439,24.9893999998676,24.946800000179792,500,500,333.0,1501.5015015015017,,False,20.90409999982512
1964,exp1-completion-paced,66,264,0.2676999993127538,0.0628999996479251,26.0827000001882,26.019800000540272,0.0187000005098525,20.43469999989611,500,191,15.131000000110362,20.47920000040904,False,191,0.0190000000657164,0.0255000004472094,0.017899999875226,5.011199999898963,0.1266999997824314,0.0310000004901667,15.131000000110362,0.1167999998870072,0.0,20.43469999989611,20.47920000040904,20.44160000059492,500,500,333.0,1501.5015015015017,,False,5.60349999977916
1965,exp1-completion-paced,66,264,0.2759999997579143,1.2141999995947117,36.60369999943214,35.389499999837426,0.0172000000020489,25.72740000050544,500,192,19.98710000043502,25.84500000011758,False,192,0.0922999997783335,0.0252999998338054,0.01810000048863,5.27209999927436,0.2271000003020162,0.121699999908742,19.98710000043502,0.1010999994832673,0.0,25.72740000050544,25.84500000011758,25.734799999554525,500,500,333.0,1501.5015015015017,,False,10.758699999314558
1966,exp1-completion-paced,66,264,0.4552000000330736,1.030700000228535,42.58000000027096,41.54930000004242,0.0188000003618071,20.479299999351497,500,193,15.46539999981178,20.55279999967752,False,193,0.0330000002577435,0.0405000000682775,0.0184000000444939,4.684099999394675,0.1750000001266016,0.0353000004906789,15.46539999981178,0.1009999996313126,0.0,20.479299999351497,20.55279999967752,20.485899999584944,500,500,333.0,1501.5015015015017,,False,22.027200000593435
1967,exp1-completion-paced,66,264,0.2776999999696272,3.749700000298617,43.730000000323344,39.98030000002473,0.0201000002562068,20.84219999960624,500,194,15.927999999803433,20.91060000020661,False,194,0.0286000004052766,0.0398000001951004,0.0184000000444939,4.647499999919091,0.1181999996333615,0.028299999939918,15.927999999803433,0.1016000005620298,0.0,20.84219999960624,20.91060000020661,20.84949999971286,500,500,333.0,1501.5015015015017,,False,22.819400000116733
1968,exp1-completion-paced,66,264,0.2782999999908497,1.1641999999483232,36.55819999949017,35.39399999954185,0.0177000001713167,24.64670000063052,500,195,19.28380000026664,24.70080000057351,False,195,0.0251999999818508,0.0288999999611405,0.0172999998540035,4.87760000032722,0.2219999996668775,0.1259999999092542,19.28380000026664,0.1197999999931198,0.0,24.64670000063052,24.70080000057351,24.652699999933247,500,500,333.0,1501.5015015015017,,False,11.857399998916662
1969,exp1-completion-paced,66,264,0.2941000002465443,0.0512999995407881,39.19469999982539,39.1434000002846,0.0198999996428028,20.229800000379328,500,196,15.147500000239232,20.27400000042689,False,196,0.0189000002137618,0.0252999998338054,0.0178000000232714,4.788400000506954,0.1249999995707185,0.0387999998565646,15.147500000239232,0.1119999997172271,0.0,20.229800000379328,20.27400000042689,20.23639999970328,500,500,333.0,1501.5015015015017,,False,18.920699999398497
1970,exp1-completion-paced,66,264,0.2751000001808279,4.282599999896775,39.81130000011035,35.528700000213576,0.0174000006154528,21.236199999293603,500,197,16.002800000023853,21.28999999968073,False,197,0.0209999998332932,0.0328000005538342,0.0186999996003578,4.9590999997235485,0.1265999999304767,0.0306000001728534,16.002800000023853,0.098200000138604,0.0,21.236199999293603,21.28999999968073,21.24360000016168,500,500,333.0,1501.5015015015017,,False,18.52130000042962
1971,exp1-completion-paced,66,264,0.2713000003495835,5.747000000155822,35.24719999950321,29.500199999347387,0.0184000000444939,22.72460000040155,500,198,17.767299999832176,22.77120000053401,False,198,0.0216999997064704,0.0249000004259869,0.0190000000657164,4.672600000048988,0.1209000001836102,0.0301000000035855,17.767299999832176,0.1144999996540718,0.0,22.72460000040155,22.77120000053401,22.731799999746727,500,500,333.0,1501.5015015015017,,False,12.4759999989692
1972,exp1-completion-paced,66,264,0.2798000004986534,1.235400000041409,41.066099999625294,39.830699999583885,0.0209999998332932,20.92670000001817,500,199,15.924199999972188,20.96940000046743,False,199,0.0208000001293839,0.0219000003198743,0.0184999998964485,4.7337999994852,0.119000000267988,0.0290999996650498,15.924199999972188,0.1019000001178938,0.0,20.92670000001817,20.96940000046743,20.933299999342125,500,500,333.0,1501.5015015015017,,False,20.096699999157863
1973,exp1-completion-paced,66,264,0.2808999997796491,0.0626000000920612,40.29710000031628,40.234500000224216,0.0213000002986518,20.696800000223448,500,200,15.530900000158,20.739100000355396,False,200,0.0206000004254747,0.0216999997064704,0.0170000002981396,4.891900000075111,0.1233999992109602,0.032400000236521,15.530900000158,0.1009999996313126,0.0,20.696800000223448,20.739100000355396,20.70319999984349,500,500,333.0,1501.5015015015017,,False,19.55799999996088
1974,exp1-completion-paced,66,264,0.2629000000524684,0.0525000004927278,42.80710000057297,42.754600000080245,0.0209999998332932,23.458600000594743,500,201,17.4990000004982,23.50310000019817,False,201,0.0199999994947575,0.0245000001086737,0.0177000001713167,5.680500000380562,0.1231999995070509,0.0412999997934093,17.4990000004982,0.096799999482755,0.0,23.458600000594743,23.50310000019817,23.465199999918696,500,500,333.0,1501.5015015015017,,False,19.304000000374803
1975,exp1-completion-paced,66,264,0.2536000001782668,3.82160000026488,41.19210000044404,37.37050000017916,0.0303000006169895,21.230499999546737,500,202,15.994399999726738,21.2799000000814,False,202,0.0225000003410968,0.0269000001935637,0.0308999997287173,4.9489000002722605,0.1259999999092542,0.0296999996862723,15.994399999726738,0.1004000005195848,0.0,21.230499999546737,21.2799000000814,21.237700000710905,500,500,333.0,1501.5015015015017,,False,19.912200000362642
1976,exp1-completion-paced,66,264,0.301999999464897,1.1580999998841437,27.98249999977997,26.82439999989583,0.0194000003830296,20.611900000403693,500,203,15.349399999649904,20.654100000683684,False,203,0.01810000048863,0.0240999997913604,0.016900000446185,4.989299999579089,0.1222999999299645,0.0317000003633438,15.349399999649904,0.1019999999698484,0.0,20.611900000403693,20.654100000683684,20.61739999953716,500,500,333.0,1501.5015015015017,,False,7.328399999096288
1977,exp1-completion-paced,66,264,0.2606000007290276,1.219400000081805,46.68390000006184,45.46449999998004,0.0302999997074948,22.2155000001294,500,204,17.027699999744073,22.260300000198185,False,204,0.0190000000657164,0.0258000000030733,0.0201000002562068,4.885999999714841,0.1202000003104331,0.0337999999828753,17.027699999744073,0.1275000004170579,0.0,22.2155000001294,22.260300000198185,22.22380000057456,500,500,333.0,1501.5015015015017,,False,24.423599999863654
1978,exp1-completion-paced,66,264,0.2733000001171604,1.2062999994668644,29.59699999973964,28.390700000272773,0.0237000003835419,21.86729999993986,500,205,16.58450000013545,21.911200000431563,False,205,0.0196000000869389,0.0243000004047644,0.0183000001925393,5.017200000111188,0.1208999992741155,0.0307000000248081,16.58450000013545,0.0955000004978501,0.0,21.86729999993986,21.911200000431563,21.874400000342572,500,500,333.0,1501.5015015015017,,False,7.6857999993080774
1979,exp1-completion-paced,66,264,0.2753999997366918,0.0522999998793238,39.1645999998218,39.11229999994248,0.0214000001506065,21.08840000073542,500,206,15.878400000474358,21.132800000486892,False,206,0.0202000001081614,0.024199999643315,0.0253000007433001,4.922199999782606,0.1276000002690125,0.0297999995382269,15.878400000474358,0.104799999462557,0.0,21.08840000073542,21.132800000486892,21.09440000003815,500,500,333.0,1501.5015015015017,,False,18.03179999933491
1980,exp1-completion-paced,66,264,0.2485000004526227,1.245299999936833,39.20240000024933,37.957100000312494,0.058300000091549,26.301400000193095,500,207,19.25759999994625,26.34570000009262,False,207,0.0192000006791204,0.0250999992204015,0.0177000001713167,6.613800000195624,0.1246000001628999,0.0297999995382269,19.25759999994625,0.2576000006229151,0.0,26.301400000193095,26.34570000009262,26.3081000002785,500,500,333.0,1501.5015015015017,,False,12.856700000156707
1981,exp1-completion-paced,66,264,0.2807000000757398,0.0487999996039434,31.198599999697763,31.14980000009382,0.0191999997696257,21.69990000038524,500,208,16.27340000050026,21.74560000003112,False,208,0.0195000002349843,0.0261999994108919,0.0190000000657164,5.134800000632822,0.1244999994014506,0.0301999998555402,16.27340000050026,0.1176999994640937,0.0,21.69990000038524,21.74560000003112,21.707099999730417,500,500,333.0,1501.5015015015017,,False,9.452999999666641
1982,exp1-completion-paced,66,264,0.2742999995462014,1.241699999809498,35.705399999642395,34.4636999998329,0.0219000003198743,26.844400000300084,500,209,21.563899999819117,26.948800000354822,False,209,0.0209999998332932,0.0834000002214452,0.0190000000657164,4.983099999662954,0.1212000006489688,0.029499999982363,21.563899999819117,0.1275000004170579,0.0,26.844400000300084,26.948800000354822,26.85580000070331,500,500,333.0,1501.5015015015017,,False,8.756599999287573
1983,exp1-completion-paced,66,264,0.2750000003288733,0.7298000000446336,36.65869999986171,35.92889999981708,0.0204999996640253,21.409000000858214,500,210,16.132499999912397,21.50470000015048,False,210,0.0185999997484032,0.0770999995438614,0.0344000000040978,4.964900000231864,0.1185999999506748,0.0286000004052766,16.132499999912397,0.1297999997404986,0.0,21.409000000858214,21.50470000015048,21.43999999952939,500,500,333.0,1501.5015015015017,,False,15.153999999711232
1984,exp1-completion-paced,66,264,0.2764999999271822,2.765000000181317,32.17380000023695,29.408800000055635,0.0203999998120707,21.04220000001078,500,211,15.671000000111237,21.09050000035495,False,211,0.0274000003628316,0.0208999999813386,0.0177000001713167,5.096500000036031,0.1208999992741155,0.029499999982363,15.671000000111237,0.1063999998223153,0.0,21.04220000001078,21.09050000035495,21.04739999958838,500,500,333.0,1501.5015015015017,,False,11.083299999882001
1985,exp1-completion-paced,66,264,0.2921999994214275,0.1566999999340623,35.5730000001131,35.416300000179035,0.0182000003405846,20.698000000265893,500,212,15.218300000015006,20.743400000355905,False,212,0.0206000004254747,0.0247999996645376,0.019099999917671,5.193599999984144,0.1224999996338738,0.0294000001304084,15.218300000015006,0.1148999999713851,0.0,20.698000000265893,20.743400000355905,20.705199999611068,500,500,333.0,1501.5015015015017,,False,14.829599999757193
1986,exp1-completion-paced,66,264,0.2593999997770879,1.2552999996842118,42.12119999920105,40.86589999951684,0.0186999996003578,24.57219999996596,500,213,17.907299999933457,24.61529999982304,False,213,0.0195000002349843,0.0235999996220925,0.0172999998540035,6.162600000607199,0.224099999286409,0.1158000004579662,17.907299999933457,0.144900000123016,0.0,24.57219999996596,24.61529999982304,24.578700000347453,500,500,333.0,1501.5015015015017,,False,17.505899999378013
1987,exp1-completion-paced,66,264,0.2606000007290276,0.0454999999419669,30.127299999548995,30.08179999960703,0.0558000001547043,21.738100000220584,500,214,16.279000000395172,21.78009999988717,False,214,0.0192999996215803,0.0227000000450061,0.0326999997923849,5.176300000130141,0.1227000002472777,0.0279999994745594,16.279000000395172,0.0991999995676451,0.0,21.738100000220584,21.78009999988717,21.744499999840627,500,500,333.0,1501.5015015015017,,False,8.347199999661825
1988,exp1-completion-paced,66,264,0.2747999997154693,1.7638999997870997,39.25959999924089,37.49569999945379,0.0174999995579128,21.169100000406612,500,215,15.458599999874425,21.21979999992618,False,215,0.0197999997908482,0.0308999997287173,0.0185999997484032,5.407300000115356,0.142500000038126,0.0354000003426335,15.458599999874425,0.1064999996742699,0.0,21.169100000406612,21.21979999992618,21.17679999992106,500,500,333.0,1501.5015015015017,,False,18.03979999931471
1989,exp1-completion-paced,66,264,0.2732000002652057,2.768600000308652,37.290199999915785,34.52159999960713,0.0180000006366753,21.226799999567447,500,216,15.079900000273485,21.26899999984744,False,216,0.0197999997908482,0.0224000004891422,0.0172000000020489,5.860799999936717,0.126799999634386,0.0399999998990097,15.079900000273485,0.1018000002659391,0.0,21.226799999567447,21.26899999984744,21.233899999970163,500,500,333.0,1501.5015015015017,,False,16.021200000068344
1990,exp1-completion-paced,66,264,0.2645000004122266,4.310899999836693,34.69949999998789,30.3886000001512,0.0204000007215654,21.228200000223296,500,217,15.948600000228907,21.273199999995995,False,217,0.0215999998545157,0.0233999999181833,0.0183000001925393,4.997500000172295,0.1209000001836102,0.032199999623117,15.948600000228907,0.1104000002669636,0.0,21.228200000223296,21.273199999995995,21.23570000003383,500,500,333.0,1501.5015015015017,,False,13.426299999991897
1991,exp1-completion-paced,66,264,0.2795000000332948,0.0559999998586135,38.19209999983286,38.13609999997425,0.0182000003405846,22.684699999445,500,218,16.524699999536097,22.73259999947186,False,218,0.022000000171829,0.025899999855028,0.0188999993042671,5.79690000085975,0.1556999995955266,0.0514000003022374,16.524699999536097,0.1368000002912595,0.0,22.684699999445,22.73259999947186,22.69200000046112,500,500,333.0,1501.5015015015017,,False,15.459500000361004
1992,exp1-completion-paced,66,264,0.2725999993344885,1.1948999999731311,37.18990000015765,35.99500000018452,0.0216999997064704,20.94170000054873,500,219,15.449900000021444,21.000600000661507,False,219,0.0342000003001885,0.0246999998125829,0.0179000007847207,5.208599999605212,0.1292999995712307,0.028299999939918,15.449900000021444,0.107400000160851,0.0,20.94170000054873,21.000600000661507,20.948999999745865,500,500,333.0,1501.5015015015017,,False,16.189299999496143
1993,exp1-completion-paced,66,264,0.3292999999757739,3.685099999529484,28.16279999933613,24.47769999980665,0.0190000000657164,21.24650000041584,500,220,15.477099999770871,21.292600000379025,False,220,0.0204999996640253,0.025600000299164,0.01810000048863,5.465299999741546,0.1261999996131635,0.0303000006169895,15.477099999770871,0.1292999995712307,0.0,21.24650000041584,21.292600000379025,21.253599999909056,500,500,333.0,1501.5015015015017,,False,6.870199998957105
1994,exp1-completion-paced,66,264,0.2838999998857616,0.0534000000698142,36.12210000028426,36.06870000021445,0.0227999998969608,20.508999999947264,500,221,15.161600000283215,20.550600000206032,False,221,0.0183000001925393,0.0233000000662286,0.0361000002158107,5.043099999966216,0.1236999996763188,0.0300000001516309,15.161600000283215,0.1142999999501626,0.0,20.508999999947264,20.550600000206032,20.5151999998634,500,500,333.0,1501.5015015015017,,False,15.571500000078231
1995,exp1-completion-paced,66,264,0.3005999997185427,1.130399999965448,41.11719999946217,39.986799999496725,0.0209999998332932,32.41390000039246,500,222,25.710199999593897,32.60370000043622,False,222,0.0187000005098525,0.1710999995339079,0.0279000005320995,6.393799999386829,0.128200000290235,0.033600000278966,25.710199999593897,0.1199999996970291,0.0,32.41390000039246,32.60370000043622,32.42539999973815,500,500,333.0,1501.5015015015017,,False,8.513499999025953
1996,exp1-completion-paced,66,264,0.2782999999908497,0.7063999992169556,28.95379999972647,28.247400000509515,0.0193999994735349,20.870499999546155,500,223,15.257700000802288,20.93719999993482,False,223,0.0202999999601161,0.046400000428548,0.0184999998964485,5.311199999596283,0.1226000003953231,0.0451999994766083,15.257700000802288,0.1150999996752943,0.0,20.870499999546155,20.93719999993482,20.87810000011814,500,500,333.0,1501.5015015015017,,False,8.016599999791651
1997,exp1-completion-paced,66,264,0.2764999999271822,0.0504999998156563,36.70959999999468,36.65910000017902,0.0190000000657164,23.97130000008474,500,224,18.39070000005449,24.0419000001566,False,224,0.0343000001521431,0.0362999999197199,0.0448999999207444,5.2133999997749925,0.1277000001209671,0.0318000002152984,18.39070000005449,0.1624999995328835,0.0,23.97130000008474,24.0419000001566,23.97440000004281,500,500,333.0,1501.5015015015017,,False,12.667699999838081
1998,exp1-completion-paced,66,264,0.2764000000752276,2.720400000725931,48.37690000022121,45.65649999949528,0.0216999997064704,31.003999999484225,500,225,20.76639999995677,31.0470999993413,False,225,0.0188999993042671,0.0242000005528097,0.0177000001713167,9.754699999575678,0.2328999999008374,0.119000000267988,20.76639999995677,0.1130000000557629,0.0,31.003999999484225,31.0470999993413,31.01130000050034,500,500,333.0,1501.5015015015017,,False,17.329800000879914
1999,exp1-completion-paced,66,264,0.2712000004976289,2.713199999561766,34.67529999943508,31.96209999987332,0.0731000000087078,20.459099999243332,500,226,15.207499999633,20.52419999927224,False,226,0.0414999994973186,0.0236000005315872,0.0177999991137767,4.967300000316754,0.1276000002690125,0.0337000001309206,15.207499999633,0.105000000075961,0.0,20.459099999243332,20.52419999927224,20.465499999772877,500,500,333.0,1501.5015015015017,,False,14.151100000162842
2000,exp1-completion-paced,66,264,0.2730999995037564,0.050099999498343,33.1346000002668,33.08450000076846,0.0214000001506065,19.46700000007695,500,227,14.422899999772198,19.51310000004014,False,227,0.0196000000869389,0.0264999998762505,0.0185999997484032,4.774900000484195,0.1179999999294523,0.0317000003633438,14.422899999772198,0.1006000002234941,0.0,19.46700000007695,19.51310000004014,19.47440000003553,500,500,333.0,1501.5015015015017,,False,13.62150000022666
2001,exp1-completion-paced,66,264,0.2538000007916707,0.0650000001769512,29.567900000074587,29.50289999989764,0.0202000001081614,20.698000000265893,500,228,15.410599999995611,20.74369999991177,False,228,0.0198999996428028,0.0258000000030733,0.0179999997271806,5.020100000365346,0.1203000001623877,0.0288999999611405,15.410599999995611,0.099699999736913,0.0,20.698000000265893,20.74369999991177,20.704399999885936,500,500,333.0,1501.5015015015017,,False,8.824200000162818
2002,exp1-completion-paced,66,264,0.2797000006466987,1.2038999993819743,36.59449999940989,35.39060000002792,0.0208000001293839,23.527599999397356,500,229,17.009400000461028,23.575899999741523,False,229,0.0251000001298962,0.023200000214274,0.0174999995579128,6.010199999764154,0.2750000003288733,0.1156999996965169,17.009400000461028,0.0995999998849583,0.0,23.527599999397356,23.575899999741523,23.53430000039225,500,500,333.0,1501.5015015015017,,False,13.018599999668368
2003,exp1-completion-paced,66,264,0.2696999999898253,1.2257999997018487,37.25010000016482,36.02430000046297,0.0187999994523124,20.87440000013885,500,230,15.554500000689586,20.92019999963668,False,230,0.0202000001081614,0.0255999993896693,0.01810000048863,5.053599999882863,0.120499999866297,0.0339999996867845,15.554500000689586,0.0934999998207786,0.0,20.87440000013885,20.92019999963668,20.880800000668387,500,500,333.0,1501.5015015015017,,False,16.32990000052814
2004,exp1-completion-paced,66,264,0.2795000000332948,1.7505999994682495,33.20739999981015,31.4568000003419,0.0302000007650349,22.33200000046054,500,231,16.38470000034431,22.392700000636975,False,231,0.036000000363856,0.0246999998125829,0.0176000003193621,5.675599999449332,0.1283999999941443,0.0288999999611405,16.38470000034431,0.0965999997788458,0.0,22.33200000046054,22.392700000636975,22.338499999932537,500,500,333.0,1501.5015015015017,,False,10.814699999173175
2005,exp1-completion-paced,66,264,0.3118999993603211,1.3388999996095663,34.607100000357605,33.26820000074804,0.0206000004254747,20.46639999934996,500,232,15.186700000413111,20.511099999566795,False,232,0.0192999996215803,0.0254000005952548,0.0184000000444939,5.012499999793363,0.1241999998455867,0.0301999998555402,15.186700000413111,0.0941999996939557,0.0,20.46639999934996,20.511099999566795,20.47320000019681,500,500,333.0,1501.5015015015017,,False,14.09600000079081
2006,exp1-completion-paced,66,264,0.2918000000136089,1.1558999995031627,41.2876000000324,40.13170000052924,0.0228999997489154,24.62939999986702,500,233,19.409300000006624,24.676899999576563,False,233,0.0208000001293839,0.0266999995801597,0.0368999999409425,4.833099999814294,0.1206000006277463,0.0317999993058037,19.409300000006624,0.1973000007637892,0.0,24.62939999986702,24.676899999576563,24.63270000043849,500,500,333.0,1501.5015015015017,,False,16.610700000455836
2007,exp1-completion-paced,66,264,0.2819999999701394,2.729699999690638,30.684399999699963,27.954700000009325,0.029499999982363,20.34410000032949,500,234,15.088299999661103,20.419600000423088,False,234,0.0214000001506065,0.0540999999429914,0.0381999998353421,4.970400000274822,0.1185000000987201,0.0300000001516309,15.088299999661103,0.0985000006039626,0.0,20.34410000032949,20.419600000423088,20.355700000436627,500,500,333.0,1501.5015015015017,,False,10.264799999276875
2008,exp1-completion-paced,66,264,0.295400000140944,4.2126999996980885,39.27899999962392,35.06629999992583,0.019300000531075,25.010599999404803,500,235,17.848099999355327,25.052999999388703,False,235,0.0196000000869389,0.0227999998969608,0.0183000001925393,6.864399999358284,0.1245000003109453,0.0447000002168351,17.848099999355327,0.1104000002669636,0.0,25.010599999404803,25.052999999388703,25.01750000010361,500,500,333.0,1501.5015015015017,,False,14.226000000235217
2009,exp1-completion-paced,66,264,0.2709000000322703,2.778099999886763,41.19319999972504,38.41509999983828,0.021799999558425,24.587400000200432,500,236,19.318399999974645,24.63129999978264,False,236,0.0203999998120707,0.0234999997701379,0.0178000000232714,4.966399999830173,0.1227000002472777,0.0307999998767627,19.318399999974645,0.1311000005443929,0.0,24.587400000200432,24.63129999978264,24.594100000285835,500,500,333.0,1501.5015015015017,,False,16.561899999942398
2010,exp1-completion-paced,66,264,0.2838999998857616,0.8509000008416479,36.715400000503,35.86449999966135,0.0231000003623194,24.198600000090664,500,237,18.69319999968866,24.247500000456057,False,237,0.0201000002562068,0.0288000001091859,0.0184000000444939,5.226999999649706,0.1196000002892105,0.0281000002360087,18.69319999968866,0.1121000004786765,0.0,24.198600000090664,24.247500000456057,24.20580000034533,500,500,333.0,1501.5015015015017,,False,12.467900000046946
2011,exp1-completion-paced,66,264,0.2818000002662302,1.248900000064168,51.91590000049473,50.66700000043056,0.0212999993891571,25.314500000604312,500,238,16.040999999859196,25.37080000001879,False,238,0.0181999994310899,0.0380999999833875,0.0184999998964485,8.988500000668864,0.1247999998668092,0.0288999999611405,16.040999999859196,0.112499999886495,0.0,25.314500000604312,25.37080000001879,25.321500000245575,500,500,333.0,1501.5015015015017,,False,26.54510000047594
2012,exp1-completion-paced,66,264,0.2625000006446498,2.213300000221352,38.04870000021765,35.8353999999963,0.0206999993679346,24.08709999963321,500,239,17.966499999602092,24.132799999279086,False,239,0.0202999999601161,0.0253999996857601,0.0186999996003578,5.810399999973015,0.1267000006919261,0.0325999999404302,17.966499999602092,0.1320000001214794,0.0,24.08709999963321,24.132799999279086,24.09449999959179,500,500,333.0,1501.5015015015017,,False,13.915900000938564
2013,exp1-completion-paced,66,264,0.2648999998200452,0.71010000010574,41.90599999947153,41.19589999936579,0.0365000005331239,21.15980000053241,500,240,15.86200000019744,21.208500000284403,False,240,0.0204999996640253,0.0282000000879634,0.0172999998540035,5.014700000174344,0.1221000002260552,0.0307000000248081,15.86200000019744,0.1127999994423589,0.0,21.15980000053241,21.208500000284403,21.167099999729544,500,500,333.0,1501.5015015015017,,False,20.69749999918713
2014,exp1-completion-paced,66,264,0.2710000007937196,1.2204999993628007,31.590399999913643,30.36990000055084,0.019099999917671,21.32150000034017,500,241,15.619699999660952,21.366199999647502,False,241,0.0192999996215803,0.0253999996857601,0.0178000000232714,5.422400000497873,0.1205999997182516,0.028500000553322,15.619699999660952,0.1122000003306311,0.0,21.32150000034017,21.366199999647502,21.32860000074288,500,500,333.0,1501.5015015015017,,False,10.22420000026614
2015,exp1-completion-paced,66,264,0.2595999994809972,1.2147999996159342,33.08819999983825,31.87340000022232,0.0177000001713167,21.762499999567808,500,242,15.797199999724398,21.80419999967853,False,242,0.0191999997696257,0.0225000003410968,0.0179999997271806,5.661500000314845,0.1258999991478049,0.0329000004057888,15.797199999724398,0.1269000003958353,0.0,21.762499999567808,21.80419999967853,21.77010000013979,500,500,333.0,1501.5015015015017,,False,11.284000000159722
2016,exp1-completion-paced,66,264,0.278700000308163,0.0498999997944338,36.80030000032275,36.75040000052832,0.0184999998964485,19.975500000327884,500,243,14.70160000008036,20.01780000045983,False,243,0.0191999997696257,0.0231000003623194,0.017899999875226,4.989900000509806,0.1233999992109602,0.0294000001304084,14.70160000008036,0.1130999999077175,0.0,19.975500000327884,20.01780000045983,19.98269999967306,500,500,333.0,1501.5015015015017,,False,16.78249999986292
2017,exp1-completion-paced,66,264,0.2855000002455199,1.201500000206579,39.60079999978916,38.39929999958258,0.0202999999601161,24.96089999931428,500,244,17.74329999989277,25.00139999938256,False,244,0.0191999997696257,0.0213000002986518,0.0190000000657164,6.711199999699602,0.2429999995001708,0.1158000004579662,17.74329999989277,0.1283000001421896,0.0,24.96089999931428,25.00139999938256,24.966500000118685,500,500,333.0,1501.5015015015017,,False,14.5994000004066
2018,exp1-completion-paced,66,264,0.3114999999525025,2.745699999650242,38.11499999937951,35.369299999729265,0.0209999998332932,23.745899999994435,500,245,17.72309999978461,23.82229999966512,False,245,0.0182999992830446,0.0581000003876397,0.0173999997059581,5.736000000069907,0.1247999998668092,0.0314000008074799,17.72309999978461,0.1129000002038083,0.0,23.745899999994435,23.82229999966512,23.752500000227883,500,500,333.0,1501.5015015015017,,False,14.292699999714394
2019,exp1-completion-paced,66,264,0.4360000002634479,1.0502000004635192,34.94920000048296,33.89900000001944,0.0747000003684661,23.33439999983966,500,246,17.58200000040233,23.40109999931883,False,246,0.0198999996428028,0.0467999998363666,0.0189000002137618,5.4136999997354,0.1627999999982421,0.0319999999192077,17.58200000040233,0.1247999998668092,0.0,23.33439999983966,23.40109999931883,23.346199999650707,500,500,333.0,1501.5015015015017,,False,11.54810000116413
2020,exp1-completion-paced,66,264,0.2646000002641813,4.29210000038438,47.27510000066104,42.98300000027666,0.0199999994947575,22.538900000654397,500,247,16.261999999187537,22.584100000131,False,247,0.0188999993042671,0.0263000001723412,0.0172999998540035,5.920999999943888,0.1818000000639585,0.0302000007650349,16.261999999187537,0.1265000000785221,0.0,22.538900000654397,22.584100000131,22.54799999991519,500,500,333.0,1501.5015015015017,,False,24.691000000530043
2021,exp1-completion-paced,66,264,0.2993999996760976,1.146599999628961,42.647999999644526,41.501400000015565,0.0208999999813386,25.059800000235555,500,248,19.248500000685453,25.10450000045239,False,248,0.0189000002137618,0.0258000000030733,0.0175000004674075,5.399599999691418,0.1215000002048327,0.0409999993280507,19.248500000685453,0.2313999993930338,0.0,25.059800000235555,25.10450000045239,25.066599999263417,500,500,333.0,1501.5015015015017,,False,17.543499999192136
2022,exp1-completion-paced,66,264,0.2764999999271822,1.2661999999181717,40.66380000040226,39.39760000048409,0.0196999999388935,22.51059999980498,500,249,17.05379999930301,22.56369999940944,False,249,0.0186999996003578,0.0344000000040978,0.0178000000232714,5.160599999726401,0.1237000005858135,0.0293000002784538,17.05379999930301,0.1251000003321678,0.0,22.51059999980498,22.56369999940944,22.517100000186478,500,500,333.0,1501.5015015015017,,False,18.10010000099282
2023,exp1-completion-paced,66,264,0.2748999995674239,0.0896999999895342,44.36719999921479,44.277499999225256,0.022000000171829,24.39880000019912,500,250,18.79569999982777,24.443200000860088,False,250,0.019300000531075,0.0251000001298962,0.0178000000232714,5.305300000145508,0.120499999866297,0.0297999995382269,18.79569999982777,0.1295000001846347,0.0,24.39880000019912,24.443200000860088,24.405299999671115,500,500,333.0,1501.5015015015017,,False,19.923999998354702
2024,exp1-completion-paced,66,264,0.2604000001156237,1.2396000001899663,44.8618999998871,43.622299999697134,0.0262000003203866,23.810499999854077,500,251,15.530100000432869,23.8563000002614,False,251,0.0202000001081614,0.025600000299164,0.0168999995366903,7.986000000528293,0.1221000002260552,0.0291999995170044,15.530100000432869,0.1260999997612089,0.0,23.810499999854077,23.8563000002614,23.81690000038361,500,500,333.0,1501.5015015015017,,False,21.0055999996257
2025,exp1-completion-paced,66,264,0.2662999995663995,0.0423000001319451,37.08230000029289,37.040000000160944,0.0187000005098525,22.640499999397434,500,252,17.020400000546942,22.68629999980476,False,252,0.0184999998964485,0.027300000510877,0.017699999261822,5.303900000399153,0.1253000000360771,0.0474999997095437,17.020400000546942,0.1254999997399863,0.0,22.640499999397434,22.68629999980476,22.64660000037111,500,500,333.0,1501.5015015015017,,False,14.39600000048813
2026,exp1-completion-paced,66,264,0.273399999969115,0.0492999997732113,34.22359999967739,34.17429999990418,0.0188000003618071,20.70530000037252,500,253,15.220299999782585,20.76630000010482,False,253,0.0373000002582557,0.0236999994740472,0.0184000000444939,5.191600000216567,0.1222000000780099,0.0288999999611405,15.220299999782585,0.1236999996763188,0.0,20.70530000037252,20.76630000010482,20.71290000003501,500,500,333.0,1501.5015015015017,,False,13.45729999957257
2027,exp1-completion-paced,66,264,0.2823000004354981,2.2550000003320747,31.638200000088545,29.38319999975647,0.0190000000657164,21.834600000147475,500,254,15.99640000040381,21.87709999998333,False,254,0.0194000003830296,0.0230999994528247,0.0180000006366753,5.526899999495072,0.1276000002690125,0.0401999996029189,15.99640000040381,0.1251000003321678,0.0,21.834600000147475,21.87709999998333,21.840899999915564,500,500,333.0,1501.5015015015017,,False,9.761100000105216
2028,exp1-completion-paced,66,264,0.2842999992935802,2.71710000015446,40.65499999978783,37.93789999963337,0.0272999996013822,29.365899999902467,500,255,20.825600000534905,29.40730000045733,False,255,0.0183000001925393,0.0231000003623194,0.0175999994098674,8.07150000036927,0.1268999994863406,0.0306000001728534,20.825600000534905,0.2933999994638725,0.0,29.365899999902467,29.40730000045733,29.372500000135915,500,500,333.0,1501.5015015015017,,False,11.247699999330504
2029,exp1-completion-paced,66,264,0.2761000005193637,2.7392000001782435,43.31950000050711,40.58030000032886,0.0202999999601161,29.412500000034925,500,256,23.62619999985327,29.48469999955705,False,256,0.0501999993502977,0.022000000171829,0.017899999875226,5.467599999974482,0.1285000007555936,0.0438999995822086,23.62619999985327,0.1283000001421896,0.0,29.412500000034925,29.48469999955705,29.418799999803014,500,500,333.0,1501.5015015015017,,False,13.834800000950061
2030,exp1-completion-paced,66,264,0.2641000000949134,1.2800000004062897,44.81180000038876,43.53179999998247,0.0189000002137618,22.29809999971621,500,257,16.588600000432052,22.342199999911827,False,257,0.0200000004042522,0.0240999997913604,0.0172999998540035,5.414500000370026,0.1229999998031416,0.0298999993901816,16.588600000432052,0.1244000004589906,0.0,22.29809999971621,22.342199999911827,22.3044000003938,500,500,333.0,1501.5015015015017,,False,22.46960000047693
2031,exp1-completion-paced,66,264,0.2617000000100233,1.2193000002298504,34.99240000019199,33.77309999996214,0.0213000002986518,20.824000000175147,500,258,15.18579999992653,20.870600000307604,False,258,0.0200000004042522,0.0265999997282051,0.0188000003618071,5.337099999451311,0.1208000003316556,0.0330000002577435,15.18579999992653,0.1283000001421896,0.0,20.824000000175147,20.870600000307604,20.830999999816413,500,500,333.0,1501.5015015015017,,False,14.121799999884388
2032,exp1-completion-paced,66,264,0.2885000003516325,1.208799999403709,35.112499999740976,33.90370000033727,0.0202000001081614,21.793199999592616,500,259,15.755199999148315,21.83889999923849,False,259,0.0195999991774442,0.0261000004684319,0.0183000001925393,5.742899999859219,0.1196000002892105,0.0301000000035855,15.755199999148315,0.12700000024779,0.0,21.793199999592616,21.83889999923849,21.800399999847286,500,500,333.0,1501.5015015015017,,False,13.273600000502487
2033,exp1-completion-paced,66,264,0.2899999999499414,1.203699999678065,51.23939999975846,50.0357000000804,0.0196999999388935,32.99539999989065,500,260,27.57450000081008,33.05869999985589,False,260,0.0198999996428028,0.0434000003224355,0.0187999994523124,5.123500000081549,0.1222000000780099,0.0284999996438273,27.57450000081008,0.1276999992114724,0.0,32.99539999989065,33.05869999985589,33.00279999984923,500,500,333.0,1501.5015015015017,,False,18.180699999902572
2034,exp1-completion-paced,66,264,0.2801999999064719,0.050500000725151,37.5702999999703,37.51979999924515,0.019099999917671,22.37649999915448,500,261,16.230199999881734,22.44449999943754,False,261,0.0193999994735349,0.0486000008095288,0.0172999998540035,5.653499999425549,0.2309000001332606,0.1154999999926076,16.230199999881734,0.1289000001634122,0.0,22.37649999915448,22.44449999943754,22.38289999968401,500,500,333.0,1501.5015015015017,,False,15.125800000532763
2035,exp1-completion-paced,66,264,0.2586999999039108,2.749500000390981,32.780600000478444,30.031100000087463,0.0196000000869389,22.61010000074748,500,262,17.128999999840744,22.656300000562624,False,262,0.0199000005522975,0.0262999992628465,0.0186000006578979,5.180099999961385,0.1242999996975413,0.0305000003208988,17.128999999840744,0.1273999996556085,0.0,22.61010000074748,22.656300000562624,22.618099999817787,500,500,333.0,1501.5015015015017,,False,10.12429999991582
2036,exp1-completion-paced,66,264,0.2743000004556961,1.242899999851943,33.60160000011092,32.35870000025898,0.0176000003193621,21.628500000588247,500,263,16.082600000117964,21.67170000029728,False,263,0.0190000000657164,0.024199999643315,0.0176000003193621,5.252900000414229,0.1201999994009384,0.0314999997499398,16.082600000117964,0.1234999999724095,0.0,21.628500000588247,21.67170000029728,21.635499999320015,500,500,333.0,1501.5015015015017,,False,11.929899999813639
2037,exp1-completion-paced,66,264,0.2771999998003593,0.0514999992446973,35.60199999992619,35.550500000681495,0.0173999997059581,22.08820000032574,500,264,16.615099999398808,22.131600000648177,False,264,0.0178000000232714,0.025600000299164,0.017899999875226,5.178200000045763,0.1265999999304767,0.0279000005320995,16.615099999398808,0.1222999999299645,0.0,22.08820000032574,22.131600000648177,22.10029999969265,500,500,333.0,1501.5015015015017,,False,13.470399999278015
2038,exp1-completion-paced,66,264,0.2721000000747153,1.2561999992612982,32.60779999982333,31.35160000056203,0.0197999997908482,21.378399999775866,500,265,15.708099999756088,21.44849999967846,False,265,0.0368999999409425,0.0331999999616527,0.0307999998767627,5.372200000238081,0.1220000003741006,0.0306000001728534,15.708099999756088,0.1144999996540718,0.0,21.378399999775866,21.44849999967846,21.38219999960711,500,500,333.0,1501.5015015015017,,False,11.159300000144867
2039,exp1-completion-paced,66,264,0.2705000006244518,1.2123000005885842,33.47800000028656,32.26569999969797,0.0197999997908482,21.205999999438063,500,266,15.954199999214325,21.34329999989859,False,266,0.0200000004042522,0.1173000000562751,0.0196000000869389,4.951099999743747,0.1230999996550963,0.0407000006816815,15.954199999214325,0.1171000003523659,0.0,21.205999999438063,21.34329999989859,21.23959999971703,500,500,333.0,1501.5015015015017,,False,12.134700000387973
2040,exp1-completion-paced,66,264,0.2964999994219397,1.1486999992484923,36.52220000003581,35.37350000078732,0.0194000003830296,21.237699999801407,500,267,15.680200000133482,21.281100000123843,False,267,0.0184000000444939,0.0250000002779415,0.0173999997059581,5.273599999782164,0.1230000007126363,0.0322999994750716,15.680200000133482,0.1110000002881861,0.0,21.237699999801407,21.281100000123843,21.24430000003485,500,500,333.0,1501.5015015015017,,False,15.241099999911967
2041,exp1-completion-paced,66,264,0.2694000004339614,1.3239999998404528,39.880299999822455,38.556299999982,0.0190000000657164,21.688699999685923,500,268,15.814499999578402,21.729600000071517,False,268,0.0182000003405846,0.0227000000450061,0.0169999993886449,5.5983000002015615,0.1287000004595029,0.0294000001304084,15.814499999578402,0.1007000000754487,0.0,21.688699999685923,21.729600000071517,21.694600000046197,500,500,333.0,1501.5015015015017,,False,18.150699999750938
2042,exp1-completion-paced,66,264,0.2571000004536472,2.7498999997987994,47.65119999956369,44.90129999976489,0.021799999558425,22.79759999964881,500,269,17.22689999951399,22.84220000001369,False,269,0.0199000005522975,0.0246999998125829,0.0322999994750716,5.2419000003283145,0.1234000001204549,0.0307000000248081,17.22689999951399,0.1422000004822621,0.0,22.79759999964881,22.84220000001369,22.80440000049566,500,500,333.0,1501.5015015015017,,False,24.808999999549997
2043,exp1-completion-paced,66,264,0.2734999998210696,4.24010000006092,38.64679999969667,34.40669999963575,0.0415999993492732,21.44129999942379,500,270,16.127599999890663,21.49509999981092,False,270,0.0191999997696257,0.0346000006175017,0.0177000001713167,5.0473999999667285,0.1207999994221609,0.0305000003208988,16.127599999890663,0.0970999999481136,0.0,21.44129999942379,21.49509999981092,21.44829999997455,500,500,333.0,1501.5015015015017,,False,17.15169999988575
2044,exp1-completion-paced,66,264,0.2658000003066263,0.0506999995195656,34.62589999980992,34.57520000029035,0.0189000002137618,21.410599999398983,500,271,15.16040000024077,21.451900000101887,False,271,0.0190000000657164,0.0223000006371876,0.0175999994098674,5.99659999988944,0.1232000004165456,0.0300000001516309,15.16040000024077,0.0825999995868187,0.0,21.410599999398983,21.451900000101887,21.417699999801695,500,500,333.0,1501.5015015015017,,False,13.17399999970803
2045,exp1-completion-paced,66,264,0.2801000000545173,2.7812999996967847,41.32079999999405,38.53950000029727,0.0202000001081614,22.112099999503695,500,272,15.902799999821582,22.1704999994472,False,272,0.0195000002349843,0.0388999997085193,0.017899999875226,5.956300000434567,0.1266999997824314,0.0290999996650498,15.902799999821582,0.0790000003689783,0.0,22.112099999503695,22.1704999994472,22.118699999737142,500,500,333.0,1501.5015015015017,,False,19.150300000546853
2046,exp1-completion-paced,66,264,0.2810999994835583,2.2056999996493687,41.12789999999222,38.922200000342855,0.0216999997064704,25.313899999673595,500,273,19.11520000066957,25.367999999616583,False,273,0.0210999996852478,0.0330000002577435,0.0184999998964485,5.748099999436818,0.1630000006116461,0.0322999994750716,19.11520000066957,0.2365000000281725,0.0,25.313899999673595,25.367999999616583,25.321099999928265,500,500,333.0,1501.5015015015017,,False,15.75990000037564
2047,exp1-completion-paced,66,264,0.2782000001388951,0.6645999992542784,45.3561999993326,44.69160000007832,0.0835999999253545,23.692099999607308,500,274,18.06219999980385,23.741899999549787,False,274,0.0202999999601161,0.029499999982363,0.024199999643315,5.349099999875762,0.1284999998460989,0.029700000595767,18.06219999980385,0.098200000138604,0.0,23.692099999607308,23.741899999549787,23.70450000034907,500,500,333.0,1501.5015015015017,,False,21.614299999782816
2048,exp1-completion-paced,66,264,0.273399999969115,2.2059000002627727,39.06330000063463,36.857400000371854,0.0184999998964485,26.66270000008808,500,275,19.58589999958349,26.7069999999876,False,275,0.019099999917671,0.0251999999818508,0.0185999997484032,6.798000000344473,0.1245000003109453,0.0291999995170044,19.58589999958349,0.1063000008798553,0.0,26.66270000008808,26.7069999999876,26.67010000004666,500,500,333.0,1501.5015015015017,,False,12.356300000647025
2049,exp1-completion-paced,66,264,0.2818000002662302,0.0501999993502977,40.79409999940253,40.74390000005224,0.0200000004042522,22.55940000031842,500,276,16.37540000047011,22.6133000005575,False,276,0.0190000000657164,0.0349000001733657,0.0177000001713167,5.808900000374706,0.122699999337783,0.0293000002784538,16.37540000047011,0.2051999999821419,0.0,22.55940000031842,22.6133000005575,22.564500000044063,500,500,333.0,1501.5015015015017,,False,18.180799998845032
2050,exp1-completion-paced,66,264,0.2844000000550295,2.234600000520004,30.690100000356324,28.45549999983632,0.0196999999388935,20.154599999841597,500,277,14.630000000579455,20.19639999980427,False,277,0.019099999917671,0.0227000000450061,0.0171000001500942,5.2496999996947125,0.1260999997612089,0.0313000000460306,14.630000000579455,0.1001999999061808,0.0,20.154599999841597,20.19639999980427,20.161800000096264,500,500,333.0,1501.5015015015017,,False,10.493700000552053
2051,exp1-completion-paced,66,264,0.2709000000322703,0.0605000004725297,31.122700000196343,31.062199999723816,0.0211999995372025,23.257800000465068,500,278,17.714700000396988,23.299999999835563,False,278,0.0185999997484032,0.0235999996220925,0.0177000001713167,5.041200000050594,0.1210000000355648,0.0314999997499398,17.714700000396988,0.3312999997433508,0.0,23.257800000465068,23.299999999835563,23.26549999997951,500,500,333.0,1501.5015015015017,,False,7.822700000360779
2052,exp1-completion-paced,66,264,0.478300000395393,1.0095000006913324,31.83530000023893,30.8257999995476,0.0303000006169895,20.128200000726792,500,279,14.823199999227654,20.186200000352983,False,279,0.0238000002354965,0.0341999993906938,0.0187000005098525,5.033299999922747,0.1214000003528781,0.0301000000035855,14.823199999227654,0.1013000000966712,0.0,20.128200000726792,20.186200000352983,20.135400000071968,500,500,333.0,1501.5015015015017,,False,11.649099999885948
2053,exp1-completion-paced,66,264,0.2607000005809823,1.802000000679982,39.696000000731146,37.894000000051165,0.0190000000657164,21.14290000008623,500,280,15.535300000010466,21.198599999479484,False,280,0.0209999998332932,0.0346999995599617,0.0172000000020489,5.330500000127358,0.1273999996556085,0.0303000006169895,15.535300000010466,0.1019999999698484,0.0,21.14290000008623,21.198599999479484,21.146799999769428,500,500,333.0,1501.5015015015017,,False,18.497400001251663
2054,exp1-completion-paced,66,264,0.2756999992925557,1.2004000000160886,44.14639999959036,42.94599999957427,0.0212000004466972,28.25750000010885,500,281,19.006800000170188,28.363200000057983,False,281,0.0206999993679346,0.0850000005812035,0.0249999993684468,8.739600000808423,0.2378999997745268,0.1396999996359227,19.006800000170188,0.1081999998859828,0.0,28.25750000010885,28.363200000057983,28.26929999991989,500,500,333.0,1501.5015015015017,,False,15.783199999532375
2055,exp1-completion-paced,66,264,0.2877000006265007,1.2111000005461392,32.98369999993156,31.77259999938542,0.0190000000657164,22.238100000322447,500,282,16.962599999715167,22.296900000583264,False,282,0.0339000007443246,0.0248999995164922,0.0176000003193621,5.011399999602872,0.1201000004584784,0.0278999996226048,16.962599999715167,0.0982999999905587,0.0,22.238100000322447,22.296900000583264,22.245199999815668,500,500,333.0,1501.5015015015017,,False,10.686799999348295
2056,exp1-completion-paced,66,264,0.2776000001176726,1.221800000166695,34.61710000010498,33.39529999993829,0.0279000005320995,20.848799999839684,500,283,15.484700000342857,20.891199999823584,False,283,0.0199000005522975,0.0224999994316021,0.0180000006366753,5.0938999993377365,0.1247000000148546,0.0307000000248081,15.484700000342857,0.0966999996308004,0.0,20.848799999839684,20.891199999823584,20.85629999965022,500,500,333.0,1501.5015015015017,,False,13.7259000002814
2057,exp1-completion-paced,66,264,0.2715999999054475,0.0505999996676109,48.82429999997839,48.77370000031078,0.0211000005947425,30.12860000035289,500,284,24.747999999817694,30.176299999766343,False,284,0.0199999994947575,0.0276999999186955,0.0189000002137618,4.984400000466849,0.1223999997819191,0.030999999580672,24.747999999817694,0.2236000000266358,0.0,30.12860000035289,30.176299999766343,30.13609999925393,500,500,333.0,1501.5015015015017,,False,18.64800000021205
2058,exp1-completion-paced,66,264,0.2978000002258341,1.6997999991872348,39.25789999993867,37.55810000075144,0.0196000000869389,21.44789999965724,500,285,16.05189999918366,21.510799999305164,False,285,0.0212999993891571,0.0416000002587679,0.0183000001925393,5.117799999425188,0.1274000005651032,0.0281000002360087,16.05189999918366,0.1042000003508292,0.0,21.44789999965724,21.510799999305164,21.45329999984824,500,500,333.0,1501.5015015015017,,False,17.74710000063351
2059,exp1-completion-paced,66,264,0.2732000002652057,2.7421999993748614,32.135599999492115,29.393400000117254,0.0195999991774442,21.382200000516605,500,286,15.948499999467458,21.42360000016197,False,286,0.0181999994310899,0.023200000214274,0.017899999875226,5.119500000546395,0.1616999998077517,0.0300000001516309,15.948499999467458,0.1044999999066931,0.0,21.382200000516605,21.42360000016197,21.3897999992696,500,500,333.0,1501.5015015015017,,False,10.711999999330146
2060,exp1-completion-paced,66,264,0.2800000002025626,1.3153999998394283,38.370299999769486,37.05489999993006,0.0201000002562068,20.762399999512127,500,287,15.557199999420844,20.809599999665807,False,287,0.0206000004254747,0.0265999997282051,0.0183000001925393,4.904999999780557,0.1264000002265675,0.0313999998979852,15.557199999420844,0.1238000004377681,0.0,20.762399999512127,20.809599999665807,20.76920000035898,500,500,333.0,1501.5015015015017,,False,17.56070000010368
2061,exp1-completion-paced,66,264,0.2700000004551839,1.218700000208628,38.32710000006045,37.10839999985183,0.0189000002137618,24.37669999926584,500,288,18.94480000009935,24.42129999963072,False,288,0.0221000000237836,0.0225000003410968,0.0180999995791353,5.154999999831489,0.1240000001416774,0.0314999997499398,18.94480000009935,0.1030000003083841,0.0,24.37669999926584,24.42129999963072,24.383799999668557,500,500,333.0,1501.5015015015017,,False,13.905800000429728
2062,exp1-completion-paced,66,264,0.2558999995017075,1.2744000005113776,30.582500000491564,29.308099999980183,0.0201000002562068,20.79440000034083,500,289,15.57039999988774,20.837300000494,False,289,0.0195000002349843,0.0233999999181833,0.0175000004674075,4.946799999743234,0.1169999995909165,0.029499999982363,15.57039999988774,0.1130000000557629,0.0,20.79440000034083,20.837300000494,20.80129999922065,500,500,333.0,1501.5015015015017,,False,9.745199999997563
2063,exp1-completion-paced,66,264,0.2905999999711639,0.0606999992669443,39.64249999989988,39.58180000063294,0.0195000002349843,21.49079999981041,500,290,15.957099999468484,21.53470000030211,False,290,0.0195000002349843,0.024400000256719,0.0174999995579128,5.247500000223226,0.121699999908742,0.0305000003208988,15.957099999468484,0.1164000004791887,0.0,21.49079999981041,21.53470000030211,21.498300000530435,500,500,333.0,1501.5015015015017,,False,18.107799999597773
2064,exp1-completion-paced,66,264,0.3258999995523481,2.732799999648705,41.06429999956163,38.33149999991292,0.0198999996428028,21.05310000024474,500,291,15.702100000453356,21.109200000864803,False,291,0.0342000003001885,0.0219000003198743,0.0172999998540035,5.055699999502394,0.121900000522146,0.0296999996862723,15.702100000453356,0.1261999996131635,0.0,21.05310000024474,21.109200000864803,21.058600000287697,500,500,333.0,1501.5015015015017,,False,19.955099998696824
2065,exp1-completion-paced,66,264,0.2853999994840706,1.182199999675504,38.27349999937724,37.09129999970173,0.0184000000444939,21.40529999996943,500,292,15.749199999845588,21.448099999361148,False,292,0.0188999993042671,0.0239000000874511,0.0183000001925393,5.251200000202516,0.1265999999304767,0.0296999996862723,15.749199999845588,0.2301000004081288,0.0,21.40529999996943,21.448099999361148,21.41219999975874,500,500,333.0,1501.5015015015017,,False,16.825400000016096
2066,exp1-completion-paced,66,264,0.2742000006037415,1.7835999997259933,33.10039999996661,31.31680000024062,0.0199999994947575,21.74270000068645,500,293,16.25659999990603,21.78650000041671,False,293,0.0196999999388935,0.0240999997913604,0.0163000004249624,5.187200000364101,0.1243999995494959,0.0277999997706501,16.25659999990603,0.1303000008192611,0.0,21.74270000068645,21.78650000041671,21.75230000011652,500,500,333.0,1501.5015015015017,,False,11.313899999549903
2067,exp1-completion-paced,66,264,0.2818000002662302,1.2195999997857143,33.57499999947322,32.355399999687506,0.0203999998120707,23.94720000029338,500,294,17.967699999644537,23.990600000615814,False,294,0.0195000002349843,0.0239000000874511,0.0189000002137618,5.656899999848974,0.1217999997606966,0.0299000002996763,17.967699999644537,0.1517000000603729,0.0,23.94720000029338,23.990600000615814,23.95319999959611,500,500,333.0,1501.5015015015017,,False,9.584399998857407
2068,exp1-completion-paced,66,264,0.2700000004551839,0.7543000001533073,31.60210000078223,30.84780000062892,0.0199999994947575,20.84050000030402,500,295,15.27559999976802,21.047600000201783,False,295,0.0198999996428028,0.1872000002549612,0.0197999997908482,5.264500000521366,0.1242999996975413,0.0291000005745445,15.27559999976802,0.12700000024779,0.0,20.84050000030402,21.047600000201783,20.84880000074918,500,500,333.0,1501.5015015015017,,False,10.554500000580447
2069,exp1-completion-paced,66,264,0.2746999998635147,2.72919999952137,45.24949999995442,42.52030000043305,0.0307999998767627,24.725199999920733,500,296,17.498600000180886,24.77030000045488,False,296,0.0194000003830296,0.0257000001511187,0.0175999994098674,6.9379000005938,0.1204000000143423,0.0327999996443395,17.498600000180886,0.117599999612139,0.0,24.725199999920733,24.77030000045488,24.732400000175403,500,500,333.0,1501.5015015015017,,False,20.479199999499542
2070,exp1-completion-paced,66,264,0.250100000812381,0.0516000000061467,38.83390000009968,38.78230000009353,0.0675999999657506,21.08090000001539,500,297,15.26190000004135,21.12290000059147,False,297,0.0189000002137618,0.0231000003623194,0.0179999997271806,5.531200000405079,0.1220999993165605,0.028500000553322,15.26190000004135,0.1189999993584933,0.0,21.08090000001539,21.12290000059147,21.087299999635437,500,500,333.0,1501.5015015015017,,False,17.71099999950821
2071,exp1-completion-paced,66,264,0.2705000006244518,2.723600000535953,39.2693000003419,36.54569999980595,0.0269000001935637,23.043999999572407,500,298,16.809299999295035,23.223599999255384,False,298,0.0178000000232714,0.1617999996597063,0.024400000256719,5.748399999902176,0.2459999996062833,0.1090000005206093,16.809299999295035,0.1067000002876739,0.0,23.043999999572407,23.223599999255384,23.065499999574968,500,500,333.0,1501.5015015015017,,False,16.045700001086516
2072,exp1-completion-paced,66,264,0.2776999999696272,1.180400000521331,39.08810000029917,37.90769999977783,0.0225000003410968,22.993200000200886,500,299,15.456199999789533,23.05250000063097,False,299,0.0340000005962792,0.0252999998338054,0.0183000001925393,7.195299999693816,0.1269000003958353,0.0426999995397636,15.456199999789533,0.1535999999759951,0.0,22.993200000200886,23.05250000063097,23.000299999694107,500,500,333.0,1501.5015015015017,,False,16.0355999996682
2073,exp1-completion-paced,66,264,0.2678000000742031,1.2680999998337938,33.77379999983532,32.505700000001525,0.0190000000657164,20.419800000127,500,300,15.002799999820128,20.46410000002652,False,300,0.0206000004254747,0.0236999994740472,0.0174000006154528,5.136400000083086,0.1229999998031416,0.0305000003208988,15.002799999820128,0.1093999999284278,0.0,20.419800000127,20.46410000002652,20.426400000360445,500,500,333.0,1501.5015015015017,,False,13.3096999998088
2074,exp1-completion-paced,66,264,0.2663000004758942,1.2604000003193505,32.062799999948766,30.80239999962941,0.0185000008059432,21.430099999633967,500,301,15.520800000558664,21.476500000062515,False,301,0.02050000057352,0.025899999855028,0.0177000001713167,5.628699999761011,0.1262000005226582,0.028099999326514,15.520800000558664,0.1082999997379374,0.0,21.430099999633967,21.476500000062515,21.43720000003668,500,500,333.0,1501.5015015015017,,False,10.58629999988625
2075,exp1-completion-paced,66,264,0.2721000000747153,1.731899999867892,44.29489999984071,42.56299999997282,0.0194999993254896,21.687399999791523,500,302,15.956700000060664,21.737099999882048,False,302,0.0179999997271806,0.0317000003633438,0.0169999993886449,5.443300000479212,0.1243999995494959,0.0305000003208988,15.956700000060664,0.1154000001406529,0.0,21.687399999791523,21.737099999882048,21.69409999987693,500,500,333.0,1501.5015015015017,,False,22.55779999995866
2076,exp1-completion-paced,66,264,0.2654999998412677,0.689299999976356,35.0786999997581,34.389399999781745,0.0828000002002227,21.21739999984129,500,303,15.659300000152143,21.261800000502262,False,303,0.0212000004466972,0.023200000214274,0.0690999995640595,5.226299999776529,0.1216000000567874,0.0301000000035855,15.659300000152143,0.1106999998228275,0.0,21.21739999984129,21.261800000502262,21.224299999630603,500,500,333.0,1501.5015015015017,,False,13.816899999255838
2077,exp1-completion-paced,66,264,0.2948000001197215,1.2730999997074832,42.24359999989247,40.97050000018498,0.01810000048863,22.89050000035786,500,304,17.388799999935145,22.9473000008511,False,304,0.0202999999601161,0.0365000005331239,0.0193999994735349,5.193600000893639,0.1332999991063843,0.0294000001304084,17.388799999935145,0.1259000000572996,0.0,22.89050000035786,22.9473000008511,22.90699999957724,500,500,333.0,1501.5015015015017,,False,19.296299999041366
2078,exp1-completion-paced,66,264,0.2775999992081779,1.2556000001495704,30.007600000317325,28.752000000167754,0.0215000000025611,21.716899999773887,500,305,16.21560000057798,21.76139999937732,False,305,0.02059999951598,0.0239000000874511,0.0172999998540035,5.200100000365637,0.1245000003109453,0.0299999992421362,16.21560000057798,0.1291999997192761,0.0,21.716899999773887,21.76139999937732,21.724600000197825,500,500,333.0,1501.5015015015017,,False,8.246200000940004
2079,exp1-completion-paced,66,264,0.299299999824143,4.25219999942783,45.66009999962262,41.40790000019479,0.0282000000879634,27.44729999994888,500,306,16.831699999784178,27.596099999755097,False,306,0.0362999999197199,0.112499999886495,0.0180000006366753,10.29370000014751,0.1351999999315012,0.0302999997074948,16.831699999784178,0.1382000000376138,0.0,27.44729999994888,27.596099999755097,27.54189999996015,500,500,333.0,1501.5015015015017,,False,18.06399999986752
2080,exp1-completion-paced,66,264,0.2701000003071385,0.0574000005144625,38.26610000032815,38.20869999981369,0.0316000005113892,21.4099000004353,500,307,15.735999999378691,21.45329999984824,False,307,0.0188999993042671,0.0245000001086737,0.0245999999606283,5.357200000617013,0.1284999998460989,0.0404000002163229,15.735999999378691,0.1230000007126363,0.0,21.4099000004353,21.45329999984824,21.417200000541925,500,500,333.0,1501.5015015015017,,False,16.81280000047991
2081,exp1-completion-paced,66,264,0.2687999995032442,0.0405999999202322,36.64629999911995,36.60569999919972,0.025600000299164,20.84240000021964,500,308,15.594099999361788,20.888900000500144,False,308,0.0218000004679197,0.0246999998125829,0.017899999875226,4.944499999510299,0.1187000007121241,0.029499999982363,15.594099999361788,0.137400000312482,0.0,20.84240000021964,20.888900000500144,20.84980000017822,500,500,333.0,1501.5015015015017,,False,15.757399998619803
2082,exp1-completion-paced,66,264,0.2724999994825339,2.726499999880616,34.16399999969144,31.437499999810825,0.0192999996215803,22.456400000010035,500,309,17.135499999312742,22.51830000022892,False,309,0.0202000001081614,0.0417000001107226,0.0165999999808263,5.033999999795924,0.1204000000143423,0.0282000000879634,17.135499999312742,0.1215000002048327,0.0,22.456400000010035,22.51830000022892,22.460299999693238,500,500,333.0,1501.5015015015017,,False,11.645699999462522
2083,exp1-completion-paced,66,264,0.284000000647211,2.740300000368734,34.77830000065296,32.03800000028423,0.0196999999388935,22.403800000574847,500,310,16.882400000213238,22.446200000558747,False,310,0.0199000005522975,0.0224999994316021,0.016900000446185,5.21519999983866,0.1327999998466111,0.0302999997074948,16.882400000213238,0.1259999999092542,0.0,22.403800000574847,22.446200000558747,22.4103999998988,500,500,333.0,1501.5015015015017,,False,12.332100000094215
2084,exp1-completion-paced,66,264,0.2621000003273366,1.2671000004047528,35.1079000001846,33.84079999977985,0.0200000004042522,22.812499999417923,500,311,17.290099999627273,22.85620000020572,False,311,0.0196000000869389,0.0241000007008551,0.0186999996003578,5.209599999943748,0.1242999996975413,0.0388000007660593,17.290099999627273,0.1308000000790343,0.0,22.812499999417923,22.85620000020572,22.81920000041282,500,500,333.0,1501.5015015015017,,False,12.251699999978879
2085,exp1-completion-paced,66,264,0.2764999999271822,0.060700000176439,30.550000000403088,30.48930000022665,0.0204999996640253,21.28050000010262,500,312,15.815599999768892,21.333199999389763,False,312,0.0211999995372025,0.0314999997499398,0.0175000004674075,5.173499999727937,0.1192999998238519,0.0286000004052766,15.815599999768892,0.125800000205345,0.0,21.28050000010262,21.333199999389763,21.2879000000612,500,500,333.0,1501.5015015015017,,False,9.216800001013326
2086,exp1-completion-paced,66,264,0.2637999996295548,2.7361000002201763,33.60530000009021,30.869199999870037,0.0196999999388935,22.825299999567505,500,313,17.406300000402553,22.87009999963629,False,313,0.0197999997908482,0.0250000002779415,0.0177000001713167,5.12449999951059,0.1199999996970291,0.0312000001940759,17.406300000402553,0.1253999998880317,0.0,22.825299999567505,22.87009999963629,22.831999999652908,500,500,333.0,1501.5015015015017,,False,10.735200000453919
2087,exp1-completion-paced,66,264,0.3065000000788132,1.0999999994965035,37.06839999995282,35.96840000045631,0.0195000002349843,22.866899999826277,500,314,17.28709999952116,22.90790000006382,False,314,0.0196999999388935,0.0213000002986518,0.0167999996847356,5.27570000031119,0.1261999996131635,0.0316000005113892,17.28709999952116,0.1291999997192761,0.0,22.866899999826277,22.90790000006382,22.872999999890453,500,500,333.0,1501.5015015015017,,False,14.160499999888998
2088,exp1-completion-paced,66,264,0.2607999995234422,0.0492000008307513,44.79040000023815,44.7411999994074,0.0200000004042522,34.64429999985441,500,315,24.06479999990552,34.68659999998636,False,315,0.0199000005522975,0.0223999995796475,0.0182000003405846,9.89789999948698,0.2694000004339614,0.1357999999527237,24.06479999990552,0.2578000003268244,0.0,34.64429999985441,34.68659999998636,34.65160000087053,500,500,333.0,1501.5015015015017,,False,10.103800000251788
2089,exp1-completion-paced,66,264,0.2583999994385522,1.1980999997831532,35.47419999995327,34.27610000017012,0.0203999998120707,27.336799999829964,500,316,20.2659999995376,27.38500000032218,False,316,0.0195000002349843,0.0287000002572312,0.0197999997908482,6.517699999676552,0.285000000076252,0.1240000001416774,20.2659999995376,0.1242000007550814,0.0,27.336799999829964,27.38500000032218,27.344600000105856,500,500,333.0,1501.5015015015017,,False,8.089199999631091
2090,exp1-completion-paced,66,264,0.2623999998832005,1.2397999998938758,38.24759999952221,37.00779999962833,0.0191999997696257,27.57949999977427,500,317,17.816100000345614,27.62590000020282,False,317,0.0214000001506065,0.0250000002779415,0.0184999998964485,9.262099999432394,0.2400000003035529,0.116600000183098,17.816100000345614,0.1259999999092542,0.0,27.57949999977427,27.62590000020282,27.5870000004943,500,500,333.0,1501.5015015015017,,False,10.62169999931939
2091,exp1-completion-paced,66,264,0.2647000001161359,2.2555999994438025,34.20719999940047,31.95159999995667,0.0202000001081614,24.270899999464746,500,318,17.875700000331562,24.31559999968158,False,318,0.0195000002349843,0.0251999999818508,0.0181999994310899,6.096100000831939,0.1234999999724095,0.0317999993058037,17.875700000331562,0.1253999998880317,0.0,24.270899999464746,24.31559999968158,24.27799999986746,500,500,333.0,1501.5015015015017,,False,9.891599999718892
2092,exp1-completion-paced,66,264,0.2740999998422921,1.2538000000859029,41.33279999950901,40.078999999423104,0.0194000003830296,31.2579999999798,500,319,19.51829999961774,31.301500000154192,False,319,0.0192999996215803,0.0242000005528097,0.0184999998964485,11.20309999987512,0.2615000003061141,0.1283999999941443,19.51829999961774,0.1280000005863257,0.0,31.2579999999798,31.301500000154192,31.26550000069983,500,500,333.0,1501.5015015015017,,False,10.031299999354815
2093,exp1-completion-paced,66,264,0.2752999998847372,1.2243000001035398,41.21000000031927,39.98570000021573,0.0202000001081614,27.32549999927869,500,320,20.220100000187813,27.367400000002817,False,320,0.0207000002774293,0.0212000004466972,0.0188999993042671,6.719700000758166,0.1268999994863406,0.0286000004052766,20.220100000187813,0.210999999580963,0.0,27.32549999927869,27.367400000002817,27.332399999977497,500,500,333.0,1501.5015015015017,,False,13.842600000316452
2094,exp1-completion-paced,66,264,0.2753999997366918,1.2279000002308749,34.68460000021878,33.456699999987904,0.0200000004042522,22.705999999743653,500,321,16.456299999845214,22.774899999603804,False,321,0.019099999917671,0.0497999999424791,0.0213000002986518,5.950199999460892,0.1326000001427019,0.0286000004052766,16.456299999845214,0.1167999998870072,0.0,22.705999999743653,22.774899999603804,22.71459999974468,500,500,333.0,1501.5015015015017,,False,11.909700000614976
2095,exp1-completion-paced,66,264,0.2730000005612965,1.255900000614929,48.27610000029381,47.02019999967888,0.024199999643315,26.64360000017041,500,322,19.743599999856087,26.7002999999022,False,322,0.0212999993891571,0.0354000003426335,0.0204999996640253,6.518400000459224,0.1280999995287857,0.0288999999611405,19.743599999856087,0.2038000002357876,0.0,26.64360000017041,26.7002999999022,26.651000000128988,500,500,333.0,1501.5015015015017,,False,21.57580000039161
2096,exp1-completion-paced,66,264,0.2826999998433166,2.6760999999169144,49.13920000035432,46.46310000043741,0.0227999998969608,30.431400000452413,500,323,20.64919999975245,30.67199999986769,False,323,0.0202999999601161,0.2202999994551646,0.1532000005681766,9.16609999967477,0.2291999999215477,0.1148000001194304,20.64919999975245,0.1185999999506748,0.0,30.431400000452413,30.67199999986769,30.454699999609147,500,500,333.0,1501.5015015015017,,False,18.46720000048663
2097,exp1-completion-paced,66,264,0.3258000006098882,1.1890999994648157,36.64279999975406,35.453700000289246,0.0203999998120707,26.88740000030521,500,324,19.853100000545965,26.928700000098612,False,324,0.0178000000232714,0.0234999997701379,0.0182000003405846,6.7543999994086334,0.1209000001836102,0.0301999998555402,19.853100000545965,0.1105000001189182,0.0,26.88740000030521,26.928700000098612,26.894399999946472,500,500,333.0,1501.5015015015017,,False,9.71409999965545
2098,exp1-completion-paced,66,264,0.2948000001197215,1.2302999994062702,31.550499999866588,30.32020000046032,0.0229000006584101,22.743000000446045,500,325,17.173999999613443,22.786399999858983,False,325,0.0193999994735349,0.0239999999394058,0.0179999997271806,5.287500000122236,0.1221000002260552,0.0312000001940759,17.173999999613443,0.1099999999496503,0.0,22.743000000446045,22.786399999858983,22.750299999643172,500,500,333.0,1501.5015015015017,,False,8.764100000007605
2099,exp1-completion-paced,66,264,0.284799999462848,2.714299999752257,38.12420000031125,35.40990000055899,0.02050000057352,21.56769999965036,500,326,15.842399999201008,21.613799999613548,False,326,0.0201999991986667,0.0259000007645227,0.0186999996003578,5.436000000372587,0.1308000000790343,0.0307000000248081,15.842399999201008,0.1089000006686546,0.0,21.56769999965036,21.613799999613548,21.57500000066648,500,500,333.0,1501.5015015015017,,False,16.5104000006977
2100,exp1-completion-paced,66,264,0.2775999992081779,2.2451000004366506,35.31670000029408,33.071599999857426,0.0182000003405846,21.817400000145422,500,327,15.794900000400958,21.945700000287616,False,327,0.0275000002147862,0.1007999999274034,0.0261000004684319,5.691899999874295,0.169599999935599,0.0375999998141196,15.794900000400958,0.0970999999481136,0.0,21.817400000145422,21.945700000287616,21.827900000062076,500,500,333.0,1501.5015015015017,,False,13.371000000006461
2101,exp1-completion-paced,66,264,0.2681999994820216,1.2403000000631437,38.11229999973875,36.87199999967561,0.0215000000025611,22.652699999525797,500,328,17.4325999996654,22.70279999993363,False,328,0.0214000001506065,0.0287000002572312,0.0184999998964485,4.968100000041886,0.1213999994433834,0.0318000002152984,17.4325999996654,0.0800000007075141,0.0,22.652699999525797,22.70279999993363,22.660800000267045,500,500,333.0,1501.5015015015017,,False,15.40949999980512
2102,exp1-completion-paced,66,264,0.2747000007730094,3.7699000004067775,31.160800000179734,27.390899999772955,0.0222999997276929,20.180299999992712,500,329,14.996699999755949,20.237999999153544,False,329,0.0203999998120707,0.037299999348761,0.0188000003618071,4.911199999696692,0.1218000006701913,0.0313000000460306,14.996699999755949,0.1002999997581355,0.0,20.180299999992712,20.237999999153544,20.187000000078115,500,500,333.0,1501.5015015015017,,False,10.92280000102619
2103,exp1-completion-paced,66,264,0.2708000001803157,7.286600000043109,43.20440000083181,35.9178000007887,0.0227000000450061,27.30719999999565,500,330,19.8660000005475,27.349900000444904,False,330,0.0190000000657164,0.0237000003835419,0.016699999832781,6.988400000409456,0.2267999998366576,0.1095999996323371,19.8660000005475,0.099499999123509,0.0,27.30719999999565,27.349900000444904,27.312899999742516,500,500,333.0,1501.5015015015017,,False,15.854500000386906
2104,exp1-completion-paced,66,264,0.2623999998832005,2.7762999998230957,55.71529999997438,52.93900000015128,0.0218999994103796,36.22540000014851,500,331,24.823400000059337,36.38790000059089,False,331,0.0608999998803483,0.1016000005620298,0.0258000000030733,10.729699999501465,0.2861000002667424,0.1227000002472777,24.823400000059337,0.2374999994572135,0.0,36.22540000014851,36.38790000059089,36.23749999951542,500,500,333.0,1501.5015015015017,,False,19.327399999383488
2105,exp1-completion-paced,66,264,0.2813999999489169,0.0528999999005463,52.74150000059308,52.68860000069253,0.0300000001516309,41.18990000006306,500,332,30.2983999999924,41.26190000079077,False,332,0.0451000005341484,0.0269000001935637,0.0197999997908482,10.272499999700813,0.2315000001544831,0.1488999996581697,30.2983999999924,0.2184000004490371,0.0,41.18990000006306,41.26190000079077,41.19730000002164,500,500,333.0,1501.5015015015017,,False,11.47959999980231
2106,exp1-completion-paced,66,264,0.2749999994193786,1.2332999995123828,49.81450000013865,48.58120000062627,0.0210999996852478,26.765000000523287,500,333,16.68820000031701,26.811600000655744,False,333,0.0200000004042522,0.0265999997282051,0.1642000006540911,9.645999999520429,0.1357000001007691,0.0307999998767627,16.68820000031701,0.0998999994408222,0.0,26.765000000523287,26.811600000655744,26.771699999699194,500,500,333.0,1501.5015015015017,,False,23.002899999482906
2107,exp1-completion-paced,66,264,0.2770000000964501,1.2513000001490582,40.18929999983811,38.937999999689055,0.0222000007852329,25.70089999971969,500,334,17.60939999985567,25.74900000035996,False,334,0.0221000000237836,0.0260000006164773,0.0180999995791353,7.457400000021153,0.303100000564882,0.0314999997499398,17.60939999985567,0.281100000393053,0.0,25.70089999971969,25.74900000035996,25.708600000143637,500,500,333.0,1501.5015015015017,,False,14.440299999478153
2108,exp1-completion-paced,66,264,0.2767999994830461,0.0501000004078378,32.14490000027581,32.09479999986797,0.0290000007225899,21.710400000301888,500,335,15.854299999773502,21.76430000054097,False,335,0.019300000531075,0.034599999708007,0.0179999997271806,5.468800000016927,0.1289000001634122,0.0292000004264991,15.854299999773502,0.2108999997290084,0.0,21.710400000301888,21.76430000054097,21.717399999943154,500,500,333.0,1501.5015015015017,,False,10.38059999973484
2109,exp1-completion-paced,66,264,0.2730000005612965,1.2335000001257868,39.837700000134646,38.60420000000886,0.0216999997064704,32.049299999926006,500,336,26.67710000059742,32.095599999593105,False,336,0.0221999998757382,0.0240999997913604,0.0183000001925393,5.098999999972875,0.1216000000567874,0.0327999996443395,26.67710000059742,0.1002999997581355,0.0,32.049299999926006,32.095599999593105,32.055599999694095,500,500,333.0,1501.5015015015017,,False,7.742100000541541
2110,exp1-completion-paced,66,264,0.2674999996088445,2.741799999967043,28.13719999994646,25.395399999979418,0.01810000048863,20.71509999950649,500,337,15.161000000261993,20.75929999955406,False,337,0.0196999999388935,0.0245000001086737,0.0170000002981396,5.279999999402207,0.1227000002472777,0.0290999996650498,15.161000000261993,0.1051999997798702,0.0,20.71509999950649,20.75929999955406,20.72169999973994,500,500,333.0,1501.5015015015017,,False,7.377900000392401
2111,exp1-completion-paced,66,264,0.262999999904423,1.2369000005492126,45.79560000001948,44.55869999947026,0.019300000531075,22.053300000152376,500,338,16.471500000079686,22.104800000306568,False,338,0.0207000002774293,0.0307999998767627,0.0187999994523124,5.270000000564323,0.1603000000613974,0.0310999994326266,16.471500000079686,0.1013999999486259,0.0,22.053300000152376,22.104800000306568,22.060899999814865,500,500,333.0,1501.5015015015017,,False,23.690799999712915
2112,exp1-completion-paced,66,264,0.2660000000105356,1.2522999995780992,29.580800000076124,28.328500000498025,0.0192999996215803,20.838800000092306,500,339,15.453899999556596,20.880400000351077,False,339,0.0190000000657164,0.0226000001930515,0.0177000001713167,5.119800000102259,0.1207999994221609,0.028500000553322,15.453899999556596,0.0977999998212908,0.0,20.838800000092306,20.880400000351077,20.845899999585527,500,500,333.0,1501.5015015015017,,False,8.700399999725047
2113,exp1-completion-paced,66,264,0.2842999992935802,0.6684999998469721,42.6420000003418,41.97350000049482,0.0196000000869389,24.48889999959647,500,340,15.643599999748403,24.545999999645574,False,340,0.0200000004042522,0.0370999996448517,0.0183000001925393,8.398699999816017,0.2237999997305451,0.1123000001825857,15.643599999748403,0.0918000005185604,0.0,24.48889999959647,24.545999999645574,24.4964000003165,500,500,333.0,1501.5015015015017,,False,18.09600000069623
2114,exp1-completion-paced,66,264,0.273399999969115,2.7505999996719765,34.64139999960025,31.89079999992828,0.0758000005589565,20.661000000472995,500,341,15.447700000549958,20.71799999976065,False,341,0.0276999999186955,0.0292999993689591,0.0174000006154528,4.945899999256653,0.1218000006701913,0.0291999995170044,15.447700000549958,0.0988000001598266,0.0,20.661000000472995,20.71799999976065,20.666900000833262,500,500,333.0,1501.5015015015017,,False,13.923399999839603
2115,exp1-completion-paced,66,264,0.288899999759451,1.245500000550237,34.126600000490726,32.88109999994049,0.019099999917671,19.98329999969428,500,342,14.82159999977739,20.02619999984745,False,342,0.0195000002349843,0.0233999999181833,0.0159999999596038,4.86319999981788,0.1207000004797009,0.0400999997509643,14.82159999977739,0.1214000003528781,0.0,19.98329999969428,20.02619999984745,19.98890000049869,500,500,333.0,1501.5015015015017,,False,14.100400000643276
2116,exp1-completion-paced,66,264,0.3249999999752617,1.2062999994668644,39.11379999954079,37.90750000007392,0.0189999991562217,20.92030000039813,500,343,14.89170000058948,21.176500000365195,False,343,0.0190000000657164,0.2371999999013496,0.0237000003835419,5.7396000001972425,0.1247999998668092,0.0292999993689591,14.89170000058948,0.1110000002881861,0.0,20.92030000039813,21.176500000365195,20.95050000025367,500,500,333.0,1501.5015015015017,,False,17.937299999175593
2117,exp1-completion-paced,66,264,0.3378999999767984,1.2134000007790746,42.17790000075183,40.96449999997276,0.0285999994957819,21.851100000276347,500,344,16.518899999937275,21.918500000538188,False,344,0.0184000000444939,0.0490000002173474,0.0172999998540035,5.059300000539224,0.1197000001411652,0.0291999995170044,16.518899999937275,0.1065000005837646,0.0,21.851100000276347,21.918500000538188,21.85760000065784,500,500,333.0,1501.5015015015017,,False,20.259400000213645
2118,exp1-completion-paced,66,264,0.2774999993562232,0.0766000002840883,36.59659999993892,36.51999999965483,0.0194999993254896,19.445400000222435,500,345,14.471100000264414,19.48400000037509,False,345,0.0184999998964485,0.0201000002562068,0.0171000001500942,4.713999999694352,0.1187000007121241,0.0298999993901816,14.471100000264414,0.0944000003073597,0.0,19.445400000222435,19.48400000037509,19.45080000041344,500,500,333.0,1501.5015015015017,,False,17.112599999563827
2119,exp1-completion-paced,66,264,0.2648999998200452,0.1622999998289742,37.23420000005717,37.0719000002282,0.0198000007003429,20.34519999961049,500,346,14.920100000381352,20.394499999383697,False,346,0.0250999992204015,0.0242000005528097,0.0181999994310899,5.082399999992049,0.1732000000629341,0.0325000000884756,14.920100000381352,0.1186999998026294,0.0,20.34519999961049,20.394499999383697,20.35169999999198,500,500,333.0,1501.5015015015017,,False,16.839700000673474
2120,exp1-completion-paced,66,264,0.2740999998422921,1.221100000293518,28.008000000227185,26.786899999933667,0.0207000002774293,20.06789999995817,500,347,15.146900000218013,20.12379999996483,False,347,0.0313999998979852,0.0245000001086737,0.0165999999808263,4.6428999994532205,0.1157000006060116,0.0291999995170044,15.146900000218013,0.1164000004791887,0.0,20.06789999995817,20.12379999996483,20.07380000031844,500,500,333.0,1501.5015015015017,,False,7.884200000262354
2121,exp1-completion-paced,66,264,0.2745000001596054,1.2275999997655165,37.63999999955559,36.41239999979007,0.0197999997908482,20.387599999594386,500,348,14.998700000433018,20.431099999768776,False,348,0.019300000531075,0.024199999643315,0.0182000003405846,5.1018999993175385,0.1220000003741006,0.030999999580672,14.998700000433018,0.1154999999926076,0.0,20.387599999594386,20.431099999768776,20.394799999849056,500,500,333.0,1501.5015015015017,,False,17.208899999786816
2122,exp1-completion-paced,66,264,0.2714999991439981,2.739599999586062,36.52239999973972,33.78280000015366,0.0197999997908482,21.89950000047247,500,349,16.057600000749517,22.14650000041729,False,349,0.02050000057352,0.226499999371299,0.0255000004472094,5.502899999555666,0.1701999999568215,0.028299999939918,16.057600000749517,0.1146999993579811,0.0,21.89950000047247,22.14650000041729,21.930199999587785,500,500,333.0,1501.5015015015017,,False,14.375899999322428
2123,exp1-completion-paced,66,264,0.2728999997998471,0.0528000000485917,36.09240000059799,36.0396000005494,0.0210000007427879,20.561799999995856,500,350,15.196699999250995,20.918299999721057,False,350,0.0608999998803483,0.2955999998448533,0.0251000001298962,5.078000000139582,0.1210000000355648,0.0323000003845663,15.196699999250995,0.1085000003513414,0.0,20.561799999995856,20.918299999721057,20.57200000035664,500,500,333.0,1501.5015015015017,,False,15.174100000876933
2124,exp1-completion-paced,66,264,0.2819999999701394,0.7224000000860542,37.2295999995913,36.50719999950525,0.0186999996003578,21.60600000024715,500,351,16.36069999949541,21.64790000006178,False,351,0.0183000001925393,0.0235999996220925,0.0172999998540035,4.966899999999441,0.1199000007545691,0.0331999999616527,16.36069999949541,0.1078000004781642,0.0,21.60600000024715,21.64790000006178,21.612400000776688,500,500,333.0,1501.5015015015017,,False,15.58169999952952
2125,exp1-completion-paced,66,264,0.2565000004324247,1.2333000004218777,29.093600000123843,27.860299999701965,0.0181999994310899,21.34010000008857,500,352,15.777800000250863,21.386700000221023,False,352,0.0210999996852478,0.0255000004472094,0.019099999917671,5.175299999791605,0.1413999998476356,0.0307999998767627,15.777800000250863,0.1952000002347631,0.0,21.34010000008857,21.386700000221023,21.34699999987788,500,500,333.0,1501.5015015015017,,False,7.70689999990282
2126,exp1-completion-paced,66,264,0.2640000002429588,2.723800000239862,34.05899999961548,31.335199999375615,0.0234999997701379,21.81800000016665,500,353,16.522900000381924,21.89240000006976,False,353,0.0466000001324573,0.0277999997706501,0.0180999995791353,4.988700000467361,0.146399999721325,0.0350000000253203,16.522900000381924,0.1066999993781792,0.0,21.81800000016665,21.89240000006976,21.82469999934256,500,500,333.0,1501.5015015015017,,False,12.16659999954572
2127,exp1-completion-paced,66,264,0.4625000001396984,1.0414000007585855,34.36550000060379,33.3240999998452,0.0191999997696257,20.75409999997646,500,354,15.531999999438996,20.932899999934307,False,354,0.019099999917671,0.1597000000401749,0.0170000002981396,4.93949999963661,0.1301000002058572,0.0292000004264991,15.531999999438996,0.1061000002664513,0.0,20.75409999997646,20.932899999934307,20.898800000395568,500,500,333.0,1501.5015015015017,,False,13.432600000669481
2128,exp1-completion-paced,66,264,0.2680000006876071,1.2178999995740014,36.65619999992487,35.438300000350864,0.0178000000232714,21.38129999912053,500,355,16.34230000036041,21.42679999997199,False,355,0.0203000008696108,0.0251999999818508,0.0180999995791353,4.76020000041899,0.1188999995065387,0.0393999998777871,16.34230000036041,0.1021999996737577,0.0,21.38129999912053,21.42679999997199,21.38829999967129,500,500,333.0,1501.5015015015017,,False,15.229399999952882
2129,exp1-completion-paced,66,264,0.2661999997144448,1.18670000028942,39.6046000005299,38.41790000024048,0.0201000002562068,31.80679999968561,500,356,23.30069999970874,31.88630000022385,False,356,0.0535000008312636,0.0259999997069826,0.0174999995579128,8.044600000175706,0.2210000002378365,0.1179999999294523,23.30069999970874,0.1048000003720517,0.0,31.80679999968561,31.88630000022385,31.814800000574905,500,500,333.0,1501.5015015015017,,False,7.718300000306048
2130,exp1-completion-paced,66,264,0.2653000001373584,1.226100000167207,39.71249999995052,38.48639999978332,0.0209999998332932,21.098500000334752,500,357,15.821699999833072,21.14220000021305,False,357,0.0189000002137618,0.0247999996645376,0.0160999998115585,5.013400000279944,0.1183000003948109,0.0298999993901816,15.821699999833072,0.0989000000117812,0.0,21.098500000334752,21.14220000021305,21.101599999383325,500,500,333.0,1501.5015015015017,,False,18.570299999737472
2131,exp1-completion-paced,66,264,0.2698999996937345,0.0495000003866152,40.11040000023058,40.06089999984397,0.0230999994528247,25.672700000541223,500,358,20.127799999499985,25.89890000035666,False,358,0.0185999997484032,0.2076000000670319,0.0257000001511187,5.257200000414741,0.124099999993632,0.0288999999611405,20.127799999499985,0.1087999999072053,0.0,25.672700000541223,25.89890000035666,25.70310000010068,500,500,333.0,1501.5015015015017,,False,14.211499999873915
2132,exp1-completion-paced,66,264,0.2698999996937345,4.810399999769288,33.58789999947476,28.77749999970547,0.0203999998120707,24.651500000800297,500,359,18.974300000081712,24.694800000361283,False,359,0.021799999558425,0.0215000000025611,0.0185000008059432,5.367999999180029,0.1246000001628999,0.0575000003664172,18.974300000081712,0.1083999995898921,0.0,24.651500000800297,24.694800000361283,24.658199999976205,500,500,333.0,1501.5015015015017,,False,8.893099999113474
2133,exp1-completion-paced,66,264,0.270700000328361,1.2487000003602589,35.09550000035233,33.84679999999207,0.0243000004047644,22.304799999801617,500,360,16.83150000008027,22.34399999997549,False,360,0.0190000000657164,0.0202000001081614,0.0174999995579128,5.190500000026077,0.1242999996975413,0.0291000005745445,16.83150000008027,0.1118000000133179,0.0,22.304799999801617,22.34399999997549,22.311400000035064,500,500,333.0,1501.5015015015017,,False,12.75150000037684
2134,exp1-completion-paced,66,264,0.2682000003915163,2.7609999997366685,33.104899999671034,30.343899999934365,0.0560999997105682,20.409400000062305,500,361,15.262500000062571,20.451600000342296,False,361,0.0184999998964485,0.0237000003835419,0.0174999995579128,4.87650000013673,0.1185999999506748,0.0286000004052766,15.262500000062571,0.1054999993357341,0.0,20.409400000062305,20.451600000342296,20.41579999968235,500,500,333.0,1501.5015015015017,,False,12.653299999328738
2135,exp1-completion-paced,66,264,0.270700000328361,1.2016999999104885,44.38930000014807,43.18760000023758,0.0267999994321144,21.091700000397395,500,362,15.966699999808045,21.13519999966229,False,362,0.0193999994735349,0.0240999997913604,0.0179000007847207,4.8400999994555605,0.1191999999718973,0.0373000002582557,15.966699999808045,0.1102000005630543,0.0,21.091700000397395,21.13519999966229,21.09870000003866,500,500,333.0,1501.5015015015017,,False,23.254100000485778
2136,exp1-completion-paced,66,264,0.2646000002641813,1.2209999995320686,37.63340000023163,36.41240000069956,0.0191999997696257,26.127899999664805,500,363,20.84160000049451,26.175799999691662,False,363,0.0209999998332932,0.0269000001935637,0.0180999995791353,5.004100000405742,0.1210999998875195,0.0303999995594494,20.84160000049451,0.1123000001825857,0.0,26.127899999664805,26.175799999691662,26.13530000053288,500,500,333.0,1501.5015015015017,,False,11.45760000053997
2137,exp1-completion-paced,66,264,0.2789000000120722,1.1805000003732855,37.53240000060032,36.35190000022703,0.0190000000657164,21.591800000351213,500,364,16.16660000036063,21.638500000335625,False,364,0.0202000001081614,0.0264999998762505,0.0189000002137618,5.142699999851175,0.1210999998875195,0.0325999999404302,16.16660000036063,0.1098000002457411,0.0,21.591800000351213,21.638500000335625,21.599300000161747,500,500,333.0,1501.5015015015017,,False,15.893900000264694
2138,exp1-completion-paced,66,264,0.2830000003086752,2.6528999997026403,37.51740000006976,34.86450000036712,0.0172999998540035,21.3980000007723,500,365,15.896200000497627,21.454000000630916,False,365,0.0249000004259869,0.0310999994326266,0.0177000001713167,5.103800000142655,0.1234999999724095,0.0368000000889878,15.896200000497627,0.2196999994339421,0.0,21.3980000007723,21.454000000630916,21.405599999525293,500,500,333.0,1501.5015015015017,,False,16.063399999438847
2139,exp1-completion-paced,66,264,0.2781000002869405,1.2130000004617614,47.353900000416616,46.14089999995485,0.0180999995791353,25.34250000007887,500,366,18.680099999983213,25.40670000053069,False,366,0.0410000002375454,0.023200000214274,0.0177000001713167,6.3742999991518445,0.1240000001416774,0.0278000006801448,18.680099999983213,0.1184999991892254,0.0,25.34250000007887,25.40670000053069,25.34930000001623,500,500,333.0,1501.5015015015017,,False,21.947199999885925
2140,exp1-completion-paced,66,264,0.2628000002005137,1.2030999996568426,32.538699999349774,31.33559999969293,0.0207000002774293,22.617499999796564,500,367,16.268200000013167,22.664000000077067,False,367,0.0212000004466972,0.0252999998338054,0.0173999997059581,5.977000000711996,0.1955999996425816,0.0338999998348299,16.268200000013167,0.1252000001841224,0.0,22.617499999796564,22.664000000077067,22.62479999990319,500,500,333.0,1501.5015015015017,,False,9.874699999272707
2141,exp1-completion-paced,66,264,0.2763000002232729,0.0594999992244993,38.20359999917855,38.14409999995405,0.0255999993896693,22.879099999954637,500,368,17.10540000021865,22.93279999958031,False,368,0.0271999997494276,0.0264999998762505,0.016900000446185,5.4829000000609085,0.1243999995494959,0.0269000001935637,17.10540000021865,0.1223999997819191,0.0,22.879099999954637,22.93279999958031,22.885200000018813,500,500,333.0,1501.5015015015017,,False,15.270799999598239
2142,exp1-completion-paced,66,264,0.4668000001402106,0.9720999996716272,36.974499999814725,36.0024000001431,0.0200000004042522,21.79549999982555,500,369,16.082800000731368,21.839499999259715,False,369,0.0204999996640253,0.0234999997701379,0.017899999875226,5.411800000729272,0.1235999998243642,0.0316999994538491,16.082800000731368,0.1274999995075632,0.0,21.79549999982555,21.839499999259715,21.80179999959364,500,500,333.0,1501.5015015015017,,False,15.13500000055501
2143,exp1-completion-paced,66,264,0.2788000001601176,3.835399999843503,44.38410000057047,40.54870000072697,0.0211000005947425,24.8978999998144,500,370,19.162499999765718,24.94269999988319,False,370,0.0200000004042522,0.0247999996645376,0.017899999875226,5.307100000209175,0.1277999999729218,0.0300000001516309,19.162499999765718,0.2523000002838671,0.0,24.8978999998144,24.94269999988319,24.903700000322715,500,500,333.0,1501.5015015015017,,False,19.44140000068728
2144,exp1-completion-paced,66,264,0.2826999998433166,1.2115999998059124,49.92469999979221,48.7130999999863,0.0201000002562068,31.107300000257965,500,371,22.173699999257224,31.190200000310146,False,371,0.027099999897473,0.0558000001547043,0.0167999996847356,8.621200000561657,0.130899999930989,0.0307000000248081,22.173699999257224,0.1336000004812376,0.0,31.107300000257965,31.190200000310146,31.119500000386324,500,500,333.0,1501.5015015015017,,False,18.734499999482065
2145,exp1-completion-paced,66,264,0.2723999996305792,2.739500000643602,32.760699999926146,30.021199999282544,0.0181999994310899,22.827099999631173,500,372,16.891499999474036,22.87270000033459,False,372,0.0198000007003429,0.0258000000030733,0.0175999994098674,5.584000000453671,0.1210999998875195,0.0276000000667409,16.891499999474036,0.1850000007834751,0.0,22.827099999631173,22.87270000033459,22.833700000774115,500,500,333.0,1501.5015015015017,,False,9.887999999591557
2146,exp1-completion-paced,66,264,0.2802999997584265,2.72190000032424,42.35690000041359,39.63500000008935,0.0189000002137618,23.438200000782672,500,373,17.322300000159885,23.486600000069306,False,373,0.0185999997484032,0.0297999995382269,0.01810000048863,5.795799999759765,0.1271000000997446,0.0295999998343177,17.322300000159885,0.144900000123016,0.0,23.438200000782672,23.486600000069306,23.450300000149586,500,500,333.0,1501.5015015015017,,False,18.870300000344283
2147,exp1-completion-paced,66,264,0.2758999999059597,3.7882999995417777,39.75230000014562,35.964000000603846,0.0182000003405846,22.404900000765338,500,374,16.275199999654433,22.44659999996657,False,374,0.0186999996003578,0.02299999960087,0.0471000003017252,5.7899000003089895,0.1269999993382953,0.0408000005336361,16.275199999654433,0.1247000000148546,0.0,22.404900000765338,22.44659999996657,22.412399999666377,500,500,333.0,1501.5015015015017,,False,17.305700000179048
2148,exp1-completion-paced,66,264,0.2776000001176726,0.742500000342261,41.87670000010257,41.13419999976031,0.0202999999601161,22.24889999979496,500,375,16.480500000398024,22.36899999934394,False,375,0.0184999998964485,0.1015999996525351,0.0172000000020489,5.461900000227615,0.1320000001214794,0.028099999326514,16.480500000398024,0.1290000000153668,0.0,22.24889999979496,22.36899999934394,22.254700000303277,500,500,333.0,1501.5015015015017,,False,19.507700000758632
2149,exp1-completion-paced,66,264,0.3338999995321501,1.1585000002014567,32.56239999973332,31.40389999953186,0.0198999996428028,22.980400000051304,500,376,16.53390000046784,23.200200000246696,False,376,0.0188000003618071,0.2009999998335843,0.0243000004047644,6.143300000076124,0.1233999992109602,0.0300000001516309,16.53390000046784,0.1253000000360771,0.0,22.980400000051304,23.200200000246696,23.006200000054378,500,500,333.0,1501.5015015015017,,False,9.362199999486627
2150,exp1-completion-paced,66,264,0.2701000003071385,2.265099999931408,32.61870000005729,30.35360000012588,0.0217000006159651,23.86190000015631,500,377,17.935000000761647,23.90910000030999,False,377,0.0221999998757382,0.0250000002779415,0.016900000446185,5.495399999745132,0.126799999634386,0.0314999997499398,17.935000000761647,0.2559999993536621,0.0,23.86190000015631,23.90910000030999,23.868299999776355,500,500,333.0,1501.5015015015017,,False,8.709599999747297
2151,exp1-completion-paced,66,264,0.2912999998443411,1.19760000052338,29.48950000063633,28.291900000112943,0.0199999994947575,21.10460000039893,500,378,15.510600000197885,21.169800000279796,False,378,0.0410000002375454,0.024199999643315,0.0189000002137618,5.29129999995348,0.1242999996975413,0.0347000004694564,15.510600000197885,0.1245999992534052,0.0,21.10460000039893,21.169800000279796,21.111999999448017,500,500,333.0,1501.5015015015017,,False,8.319700000356534
2152,exp1-completion-paced,66,264,0.2789999998640269,1.2538000000859029,33.67080000043643,32.41700000035053,0.0195000002349843,22.36189999985072,500,379,15.601299999616458,22.423999999773518,False,379,0.0243999993472243,0.0377000005755689,0.0181999994310899,6.459200000790588,0.1266999997824314,0.0289999998130952,15.601299999616458,0.1274000005651032,0.0,22.36189999985072,22.423999999773518,22.368599999936123,500,500,333.0,1501.5015015015017,,False,11.246800000662912
2153,exp1-completion-paced,66,264,0.273399999969115,1.2457000002541463,42.88509999969392,41.639399999439775,0.0180999995791353,22.78490000026068,500,380,16.734400000132155,22.838200000478537,False,380,0.0194000003830296,0.0338999998348299,0.029499999982363,5.740600000535778,0.124099999993632,0.0307999998767627,16.734400000132155,0.1251999992746277,0.0,22.78490000026068,22.838200000478537,22.791899999901943,500,500,333.0,1501.5015015015017,,False,20.046899999215384
2154,exp1-completion-paced,66,264,0.4492999996728031,1.0344000002078246,30.908499999895863,29.87409999968804,0.028299999939918,24.59630000066681,500,381,18.89649999975518,24.641700000756828,False,381,0.0199000005522975,0.0254999995377147,0.0186000006578979,5.391799999415525,0.1234999999724095,0.028500000553322,18.89649999975518,0.137199999699078,0.0,24.59630000066681,24.641700000756828,24.603599999863945,500,500,333.0,1501.5015015015017,,False,6.266799999139035
2155,exp1-completion-paced,66,264,0.281100000393053,0.7307000005312148,44.19880000023113,43.46809999969992,0.0208999999813386,22.32349999940197,500,382,16.238899999734713,22.366999999576365,False,382,0.0202999999601161,0.023200000214274,0.0173999997059581,5.76809999984107,0.1300000003539025,0.0288999999611405,16.238899999734713,0.1400000001012813,0.0,22.32349999940197,22.366999999576365,22.33059999980469,500,500,333.0,1501.5015015015017,,False,21.831800000654766
2156,exp1-completion-paced,66,264,0.2924000000348314,1.1967999998887535,42.70659999929194,41.50979999940319,0.0215000000025611,23.09309999964171,500,383,16.800399999738147,23.142099999859056,False,383,0.0218000004679197,0.0271999997494276,0.017899999875226,5.853399999978137,0.132099999973434,0.0337000001309206,16.800399999738147,0.2553000003899797,0.0,23.09309999964171,23.142099999859056,23.10070000021369,500,500,333.0,1501.5015015015017,,False,19.564499999432883
2157,exp1-completion-paced,66,264,0.2814999998008716,4.222199999276199,33.52599999925587,29.303799999979677,0.0207000002774293,21.98719999978493,500,384,16.389999999773863,22.03099999951519,False,384,0.0202999999601161,0.0234999997701379,0.0289999998130952,5.281300000206102,0.126799999634386,0.0318000002152984,16.389999999773863,0.128200000290235,0.0,21.98719999978493,22.03099999951519,21.99449999989156,500,500,333.0,1501.5015015015017,,False,11.494999999740685
2158,exp1-completion-paced,66,264,0.2895999996326281,1.1802999997598818,33.57770000002347,32.39740000026359,0.0197999997908482,22.468099999969127,500,385,16.53630000055273,22.51919999980601,False,385,0.0197999997908482,0.0313000000460306,0.0264999998762505,5.62640000043757,0.1273999996556085,0.0290999996650498,16.53630000055273,0.1222000000780099,0.0,22.468099999969127,22.51919999980601,22.475499999927703,500,500,333.0,1501.5015015015017,,False,11.05850000021746
2159,exp1-completion-paced,66,264,0.2598000000944012,5.775699999503559,36.67129999939789,30.89559999989433,0.0189000002137618,21.740799999861338,500,386,15.804699999534932,21.7953999999736,False,386,0.0202000001081614,0.0344000000040978,0.0180999995791353,5.621399999654386,0.1420000007783528,0.0314999997499398,15.804699999534932,0.122899999951187,0.0,21.740799999861338,21.7953999999736,21.74769999965065,500,500,333.0,1501.5015015015017,,False,14.875899999424288
2160,exp1-completion-paced,66,264,0.279900000350608,1.2551999998322572,32.0635999996739,30.80839999984164,0.0208000001293839,21.779299999252544,500,387,16.101700000035635,21.82219999940571,False,387,0.0184999998964485,0.024400000256719,0.017699999261822,5.372300000090036,0.1276000002690125,0.0299000002996763,16.101700000035635,0.1299999994444078,0.0,21.779299999252544,21.82219999940571,21.786100000099395,500,500,333.0,1501.5015015015017,,False,10.241400000268186
2161,exp1-completion-paced,66,264,0.2725000003920286,0.7454999995388789,33.63919999992504,32.89370000038616,0.0595999999859486,21.646099999998118,500,388,15.983600000254228,21.686699999918343,False,388,0.0176000003193621,0.02299999960087,0.0171000001500942,5.331500000465894,0.1211999997394741,0.0319999999192077,15.983600000254228,0.1604999997653067,0.0,21.646099999998118,21.686699999918343,21.65229999991425,500,500,333.0,1501.5015015015017,,False,11.952500000006697
2162,exp1-completion-paced,66,264,0.2809000006891438,0.0697999994372366,40.68889999962266,40.61910000018543,0.0334999995175167,25.70229999946605,500,389,19.70140000048559,25.75059999981022,False,389,0.0218000004679197,0.0264999998762505,0.0172999998540035,5.578700000114623,0.1311999994868529,0.0287000002572312,19.70140000048559,0.2446999997118837,0.0,25.70229999946605,25.75059999981022,25.70980000018608,500,500,333.0,1501.5015015015017,,False,14.938299999812443
2163,exp1-completion-paced,66,264,0.277299999652314,6.249199999729171,35.66289999980654,29.41370000007737,0.0313000000460306,22.049799999877,500,390,16.320099999575177,22.09450000009383,False,390,0.0200000004042522,0.0246999998125829,0.0184999998964485,5.401500000516535,0.1218999996126513,0.0280000003840541,16.320099999575177,0.1595000003362656,0.0,22.049799999877,22.09450000009383,22.05719999983557,500,500,333.0,1501.5015015015017,,False,13.56839999971271
2164,exp1-completion-paced,66,264,0.2755000004981411,0.0504999998156563,28.01009999984672,27.95960000003106,0.0187999994523124,22.865599999931877,500,391,16.689700000824814,22.93920000010985,False,391,0.0190000000657164,0.0546000001122592,0.0186999996003578,5.860899999788671,0.1415000006090849,0.0293999992209137,16.689700000824814,0.1251999992746277,0.0,22.865599999931877,22.93920000010985,22.872999999890453,500,500,333.0,1501.5015015015017,,False,5.07089999973687
2165,exp1-completion-paced,66,264,0.3062999994654092,1.6144000001077077,34.53989999979967,32.925499999691965,0.028299999939918,21.80570000018633,500,392,15.248800000335905,21.84800000031828,False,392,0.0194000003830296,0.0228999997489154,0.0177000001713167,6.260600000132399,0.1268999994863406,0.0282000000879634,15.248800000335905,0.1234000001204549,0.0,21.80570000018633,21.84800000031828,21.813100000144917,500,500,333.0,1501.5015015015017,,False,12.691899999481393
2166,exp1-completion-paced,66,264,0.2571999993961071,5.29510000069422,34.66900000057649,29.37389999988227,0.0206000004254747,23.448800000551277,500,393,17.152499999610882,23.70370000062394,False,393,0.0195000002349843,0.2353999998376821,0.0242000005528097,5.987599999571103,0.12700000024779,0.0301999998555402,17.152499999610882,0.1271000000997446,0.0,23.448800000551277,23.70370000062394,23.47769999960292,500,500,333.0,1501.5015015015017,,False,10.96529999995255
2167,exp1-completion-paced,66,264,0.2818000002662302,0.7951000006869435,36.68210000068939,35.887000000002445,0.0179999997271806,27.185500000086904,500,394,18.8055999997232,27.23630000036792,False,394,0.0197999997908482,0.0310000004901667,0.0175999994098674,7.872600000155216,0.2401000001555076,0.1222000000780099,18.8055999997232,0.1271999999516992,0.0,27.185500000086904,27.23630000036792,27.199299999665527,500,500,333.0,1501.5015015015017,,False,9.44580000032147
2168,exp1-completion-paced,66,264,0.2882999997382285,1.272800000151619,41.69149999961519,40.41869999946357,0.0225000003410968,21.924099999523605,500,395,16.36889999917912,21.969099999296304,False,395,0.0214000001506065,0.0235999996220925,0.0177000001713167,5.251800000223739,0.1194999995277612,0.0298000004477216,16.36889999917912,0.1362000002700369,0.0,21.924099999523605,21.969099999296304,21.93040000020119,500,500,333.0,1501.5015015015017,,False,19.722400000318885
2169,exp1-completion-paced,66,264,0.2761999994618236,0.7063999992169556,29.032099999312777,28.32570000009582,0.0207000002774293,21.136399999704736,500,396,15.66149999962363,21.18609999979526,False,396,0.0199999994947575,0.029700000595767,0.0180999995791353,5.179400000088208,0.1229999998031416,0.0316000005113892,15.66149999962363,0.1226000003953231,0.0,21.136399999704736,21.18609999979526,21.143900000424765,500,500,333.0,1501.5015015015017,,False,7.845999999517517
2170,exp1-completion-paced,66,264,0.269299999672512,0.0411999999414547,41.2133999998332,41.17219999989175,0.0304000004689442,26.691899999605084,500,397,19.13860000058776,26.73690000028728,False,397,0.0214000001506065,0.0236000005315872,0.0174999995579128,7.041900000331225,0.2437999992253026,0.1210000000355648,19.13860000058776,0.1289000001634122,0.0,26.691899999605084,26.73690000028728,26.6977000001134,500,500,333.0,1501.5015015015017,,False,14.476499999545918
2171,exp1-completion-paced,66,264,0.2791000006254762,0.0552000001334818,33.60700000030192,33.55180000016844,0.023200000214274,19.8301000000356,500,398,14.944999999897846,19.89310000044497,False,398,0.0214000001506065,0.0416000002587679,0.0180999995791353,4.582500000651635,0.1201999994009384,0.032400000236521,14.944999999897846,0.1317000005656154,0.0,19.8301000000356,19.89310000044497,19.837200000438315,500,500,333.0,1501.5015015015017,,False,13.713899999856952
2172,exp1-completion-paced,66,264,0.2777999998215819,1.236099999914586,32.20800000053714,30.971900000622558,0.0177000001713167,21.22830000007525,500,399,16.0810000006677,21.48010000018985,False,399,0.0196999999388935,0.2321000001757056,0.0250999992204015,4.841800000576768,0.1252000001841224,0.0298999993901816,16.0810000006677,0.1251999992746277,0.0,21.22830000007525,21.48010000018985,21.254299999782237,500,500,333.0,1501.5015015015017,,False,10.72790000034729
2173,exp1-completion-paced,66,264,0.3093999994234764,1.224999999976717,39.63949999979377,38.41449999981705,0.0175999994098674,23.2971000004909,500,400,16.52419999936683,23.340900000221158,False,400,0.0198999996428028,0.0239000000874511,0.0192000006791204,6.468499999755295,0.1278999998248764,0.0311000003421213,16.52419999936683,0.1259000000572996,0.0,23.2971000004909,23.340900000221158,23.30399999937072,500,500,333.0,1501.5015015015017,,False,16.298599999572613
2174,exp1-completion-paced,66,264,0.2781000002869405,1.2582999997903244,34.07909999987169,32.82080000008136,0.028299999939918,21.429499999612744,500,401,16.09589999952732,21.475200000168115,False,401,0.0224000004891422,0.0233000000662286,0.0159999999596038,5.04099999943719,0.1212000006489688,0.028299999939918,16.09589999952732,0.1269000003958353,0.0,21.429499999612744,21.475200000168115,21.435800000290328,500,500,333.0,1501.5015015015017,,False,12.603899999703572
2175,exp1-completion-paced,66,264,0.2752999998847372,1.2305000000196742,32.5012000002971,31.27070000027743,0.0241000007008551,23.31120000053488,500,402,16.2943000004816,23.55080000052112,False,402,0.0190000000657164,0.2205999999205232,0.0257000001511187,6.676800000604999,0.1505999998698826,0.0363999997716746,16.2943000004816,0.1271999999516992,0.0,23.31120000053488,23.55080000052112,23.333699999966484,500,500,333.0,1501.5015015015017,,False,8.950399999775982
2176,exp1-completion-paced,66,264,0.2714000002015382,1.6792999995232094,41.0636999995404,39.3844000000172,0.0210999996852478,24.609399999462767,500,403,18.430999999509368,24.65419999953156,False,403,0.0196999999388935,0.0251000001298962,0.0172000000020489,5.877200000213634,0.1242999996975413,0.0300000001516309,18.430999999509368,0.1295000001846347,0.0,24.609399999462767,24.65419999953156,24.6156000002884,500,500,333.0,1501.5015015015017,,False,16.409500000008837
2177,exp1-completion-paced,66,264,0.2618999997139326,2.7215999998588813,31.457300000511168,28.735700000652287,0.0200999993467121,21.028600000136063,500,404,15.677100000175416,21.09089999976277,False,404,0.0196999999388935,0.042599999687809,0.0239000000874511,5.049100000178441,0.1211999997394741,0.0312000001940759,15.677100000175416,0.1259000000572996,0.0,21.028600000136063,21.09089999976277,21.03620000070805,500,500,333.0,1501.5015015015017,,False,10.3664000007484
2178,exp1-completion-paced,66,264,0.2735999996730243,1.1991999999736436,40.556500000093365,39.35730000011972,0.0191000008271657,23.768500000187487,500,405,17.558399999870744,24.11399999982677,False,405,0.0215000000025611,0.323999999636726,0.0239999999394058,5.907000000661355,0.1230999996550963,0.0292000004264991,17.558399999870744,0.1265999999304767,0.0,23.768500000187487,24.11399999982677,23.77840000008291,500,500,333.0,1501.5015015015017,,False,16.442500000266595
2179,exp1-completion-paced,66,264,0.2834000006259884,0.0847000001158448,37.23059999992984,37.14589999981399,0.0180999995791353,22.893700000167883,500,406,17.232800000783755,22.947400000703052,False,406,0.0199000005522975,0.0337999999828753,0.019099999917671,5.348900000171852,0.1232999993590056,0.0454999999419669,17.232800000783755,0.1238999993802281,0.0,22.893700000167883,22.947400000703052,22.90050000010524,500,500,333.0,1501.5015015015017,,False,14.283199999226785
2180,exp1-completion-paced,66,264,0.2875999998650513,1.2286999999560066,32.569999999395804,31.3412999994398,0.033600000278966,23.003799999969488,500,407,17.204400000082387,23.050299999340496,False,407,0.0223999995796475,0.0240999997913604,0.0168000005942303,5.471200000101817,0.1419999998688581,0.0310999994326266,17.204400000082387,0.1382000000376138,0.0,23.003799999969488,23.050299999340496,23.01029999944149,500,500,333.0,1501.5015015015017,,False,9.519700000055309
2181,exp1-completion-paced,66,264,0.2836000003298977,1.1687000005622394,39.72739999971964,38.5586999991574,0.0207000002774293,25.972299999921237,500,408,20.21229999991192,26.037700000415494,False,408,0.0215000000025611,0.0439000004917033,0.0180999995791353,5.457100000057835,0.12700000024779,0.0302999997074948,20.21229999991192,0.1273000007131486,0.0,25.972299999921237,26.037700000415494,25.998900000558933,500,500,333.0,1501.5015015015017,,False,13.689699999304143
2182,exp1-completion-paced,66,264,0.2676000003702938,2.719799999795214,40.6369000002087,37.91710000041349,0.0209999998332932,26.387300000351388,500,409,20.34029999958875,26.43019999959506,False,409,0.0194999993254896,0.0233999999181833,0.01810000048863,5.615999999463384,0.1350000002275919,0.0286000004052766,20.34029999958875,0.2490000006218906,0.0,26.387300000351388,26.43019999959506,26.39429999999265,500,500,333.0,1501.5015015015017,,False,14.206700000613637
2183,exp1-completion-paced,66,264,0.2819999999701394,1.193299999613373,45.707299999776296,44.51400000016292,0.0191000008271657,26.71620000000985,500,410,19.147100000736827,26.76829999927577,False,410,0.0181999994310899,0.0338999998348299,0.0158000002556946,7.258800000272458,0.1260999997612089,0.0296999996862723,19.147100000736827,0.1384999995934777,0.0,26.71620000000985,26.76829999927577,26.719499999671825,500,500,333.0,1501.5015015015017,,False,18.939000000500528
2184,exp1-completion-paced,66,264,0.2744000003076507,3.7732999999207095,42.33690000000934,38.56360000008863,0.0195000002349843,22.37680000052933,500,411,16.387399999985064,22.431600000345497,False,411,0.0195000002349843,0.0352999995811842,0.0250000002779415,5.666799999744399,0.1305000005231704,0.0294000001304084,16.387399999985064,0.1374999992549419,0.0,22.37680000052933,22.431600000345497,22.382399999514742,500,500,333.0,1501.5015015015017,,False,19.90529999966384
2185,exp1-completion-paced,66,264,0.2756000003500958,0.091699999757111,34.14410000004864,34.05240000029153,0.0197000008483883,24.810900000375117,500,412,16.385900000386755,24.857000000338303,False,412,0.0180999995791353,0.0280000003840541,0.0185999997484032,8.117100000163191,0.1356000002488144,0.0279999994745594,16.385900000386755,0.125599999591941,0.0,24.810900000375117,24.857000000338303,24.81859999988956,500,500,333.0,1501.5015015015017,,False,9.287099999710335
2186,exp1-completion-paced,66,264,0.2814000008584116,0.0740000004952889,32.04050000022107,31.966499999725784,0.0226000001930515,22.364399999787565,500,413,16.303399999742396,22.412399999666377,False,413,0.0213000002986518,0.0266999995801597,0.0153000000864267,5.746099999669241,0.1283000001421896,0.046400000428548,16.303399999742396,0.1247000000148546,0.0,22.364399999787565,22.412399999666377,22.367599999597587,500,500,333.0,1501.5015015015017,,False,9.628100000554696
2187,exp1-completion-paced,66,264,0.2809999996316037,1.1706000004778616,39.5992000003389,38.42859999986104,0.0191000008271657,23.699399999713933,500,414,16.874199999620032,23.74689999942348,False,414,0.0209999998332932,0.0264999998762505,0.0159999999596038,6.510500000331376,0.1292999995712307,0.0423000001319451,16.874199999620032,0.1269000003958353,0.0,23.699399999713933,23.74689999942348,23.703300000306623,500,500,333.0,1501.5015015015017,,False,15.852300000915417
2188,exp1-completion-paced,66,264,0.2844999999069841,0.1196000002892105,53.32460000045103,53.20500000016182,0.0198999996428028,33.51070000007894,500,415,26.711900000009337,33.5531999999148,False,415,0.0192999996215803,0.023200000214274,0.0182000003405846,6.4886999998634565,0.1363000001219916,0.0296999996862723,26.711900000009337,0.1257000003533903,0.0,33.51070000007894,33.5531999999148,33.518300000650925,500,500,333.0,1501.5015015015017,,False,19.771400000536225
2189,exp1-completion-paced,66,264,0.2687999995032442,1.2415000001055887,39.70849999950588,38.46699999940029,0.0213000002986518,22.851599999739847,500,416,16.59639999979845,23.01489999990736,False,416,0.019099999917671,0.1442000002498389,0.0189999991562217,5.867600000783568,0.2051999999821419,0.0319000000672531,16.59639999979845,0.1313000002483022,0.0,22.851599999739847,23.01489999990736,22.85920000031183,500,500,333.0,1501.5015015015017,,False,16.693599999598522
2190,exp1-completion-paced,66,264,0.2703000000110478,0.111500000457454,38.71210000033898,38.60059999988152,0.01810000048863,23.092600000381932,500,417,16.566700000112178,23.165900000094556,False,417,0.0192999996215803,0.0540000000910367,0.019300000531075,6.212899999809451,0.1285999996980535,0.0306000001728534,16.566700000112178,0.1343000003544148,0.0,23.092600000381932,23.165900000094556,23.11920000011014,500,500,333.0,1501.5015015015017,,False,15.546200000244422
2191,exp1-completion-paced,66,264,0.2685999997993349,1.2270999995962484,36.19949999938399,34.97239999978774,0.019099999917671,22.06159999968804,500,418,16.259600000012142,22.10749999994732,False,418,0.0191999997696257,0.0267000004896544,0.0184000000444939,5.500799999936135,0.1252000001841224,0.0316999994538491,16.259600000012142,0.1257000003533903,0.0,22.06159999968804,22.10749999994732,22.068400000534893,500,500,333.0,1501.5015015015017,,False,14.09199999943667
2192,exp1-completion-paced,66,264,0.2702000001590932,1.2072999998054,34.499399999731395,33.292099999925995,0.0216999997064704,23.33580000049551,500,419,16.513700000359677,23.58150000054593,False,419,0.0217000006159651,0.2239999994344543,0.0172999998540035,6.32080000013957,0.239500000134285,0.1185000000987201,16.513700000359677,0.1257999992958502,0.0,23.33580000049551,23.58150000054593,23.343500000009957,500,500,333.0,1501.5015015015017,,False,10.917899999185465
2193,exp1-completion-paced,66,264,0.2781000002869405,1.2231999999130494,33.52749999976368,32.30429999985063,0.0215999998545157,23.602199999913864,500,420,16.473499999847263,23.642799999834097,False,420,0.0186999996003578,0.0219000003198743,0.0173999997059581,6.775800000468735,0.1692999994702404,0.0414000005548587,16.473499999847263,0.1247000000148546,0.0,23.602199999913864,23.642799999834097,23.607799999808776,500,500,333.0,1501.5015015015017,,False,9.88469999992958
2194,exp1-completion-paced,66,264,0.2729000007093418,1.7582000000402331,33.12180000011722,31.363600000076985,0.0190000000657164,24.3929999996908,500,421,18.27769999999873,24.43760000005568,False,421,0.0203000008696108,0.0242999994952697,0.0171000001500942,5.818900000122085,0.1253999998880317,0.0282000000879634,18.27769999999873,0.1254999997399863,0.0,24.3929999996908,24.43760000005568,24.39919999960693,500,500,333.0,1501.5015015015017,,False,8.684200000061537
2195,exp1-completion-paced,66,264,0.2878999994209152,2.695400000447989,44.2616000000271,41.56619999957911,0.0228000008064555,21.384499999840045,500,422,15.494799999942188,21.427200000289304,False,422,0.0185999997484032,0.0241000007008551,0.017899999875226,5.58409999939613,0.1249000006282585,0.0319999999192077,15.494799999942188,0.1305999994656304,0.0,21.384499999840045,21.427200000289304,21.39209999950253,500,500,333.0,1501.5015015015017,,False,22.834399999737798
2196,exp1-completion-paced,66,264,0.2776000001176726,3.703700000187382,45.16710000007152,41.46339999988413,0.0194000003830296,22.44189999964874,500,423,16.80450000003475,22.484799999801908,False,423,0.0194000003830296,0.0234999997701379,0.0179999997271806,5.3353000002971385,0.1257000003533903,0.0330999992002034,16.80450000003475,0.1251000003321678,0.0,22.44189999964874,22.484799999801908,22.448200000326324,500,500,333.0,1501.5015015015017,,False,22.682300000269613
2197,exp1-completion-paced,66,264,0.2720000002227607,1.2590000005729962,41.14670000035403,39.88769999978104,0.0212999993891571,26.716899999883022,500,424,20.17890000024636,26.76330000031157,False,424,0.0214000001506065,0.0250000002779415,0.0191999997696257,6.227799999578565,0.1289000001634122,0.029499999982363,20.17890000024636,0.1323999995292979,0.0,26.716899999883022,26.76330000031157,26.72419999998965,500,500,333.0,1501.5015015015017,,False,14.38340000004246
2198,exp1-completion-paced,66,264,0.2694000004339614,0.0504999998156563,33.080499999414315,33.02999999959866,0.0181999994310899,21.427200000289304,500,425,15.607700000145996,21.47690000037983,False,425,0.0245999999606283,0.0251000001298962,0.0177000001713167,5.516799999895738,0.1301000002058572,0.0285999994957819,15.607700000145996,0.1261999996131635,0.0,21.427200000289304,21.47690000037983,21.434799999951792,500,500,333.0,1501.5015015015017,,False,11.603599999034486
2199,exp1-completion-paced,66,264,0.2868999999918742,0.0675999999657506,53.77510000016628,53.707500000200525,0.0208999999813386,35.778100000243285,500,426,29.58989999933692,35.82339999957185,False,426,0.02059999951598,0.0246999998125829,0.0184999998964485,5.721800000173971,0.1319000002695247,0.042800000301213,29.58989999933692,0.2727999999478925,0.0,35.778100000243285,35.82339999957185,35.78529999958846,500,500,333.0,1501.5015015015017,,False,17.951700000594435
2200,exp1-completion-paced,66,264,0.2776000001176726,1.6734000000724336,43.07450000032986,41.40110000025743,0.0557000003027496,21.47229999991396,500,427,15.7203999997364,21.51739999953861,False,427,0.0202999999601161,0.0247999996645376,0.0179999997271806,5.445800000416057,0.1286999995500082,0.0282000000879634,15.7203999997364,0.1311000005443929,0.0,21.47229999991396,21.51739999953861,21.47919999970327,500,500,333.0,1501.5015015015017,,False,21.55710000079125
2201,exp1-completion-paced,66,264,0.3062000005229492,0.692400000843918,28.567800000018902,27.875399999174988,0.0187999994523124,21.89890000045125,500,428,16.254600000138453,21.95560000018304,False,428,0.0312000001940759,0.0254999995377147,0.0175000004674075,5.345699999452336,0.1221000002260552,0.0300000001516309,16.254600000138453,0.1287999994019628,0.0,21.89890000045125,21.95560000018304,21.906099999796425,500,500,333.0,1501.5015015015017,,False,6.6121999998358625
2202,exp1-completion-paced,66,264,0.2776999999696272,2.728200000092329,39.805499999602034,37.077299999509705,0.019099999917671,22.463000000243483,500,429,16.851200000019162,22.520000000440632,False,429,0.0325999999404302,0.024400000256719,0.0164000002769171,5.314799999723618,0.1253000000360771,0.0285999994957819,16.851200000019162,0.1265000000785221,0.0,22.463000000243483,22.520000000440632,22.4659999994401,500,500,333.0,1501.5015015015017,,False,17.285499999161402
2203,exp1-completion-paced,66,264,0.2880000001823646,0.0652999997328152,42.15189999922586,42.086599999493046,0.0189000002137618,22.775499999625023,500,430,16.521800000191433,22.822899999482612,False,430,0.0203999998120707,0.0270000000455183,0.0184999998964485,5.931000000600761,0.1290000000153668,0.0389999995604739,16.521800000191433,0.1360999995085876,0.0,22.775499999625023,22.822899999482612,22.78329999990092,500,500,333.0,1501.5015015015017,,False,19.32899999974325
2204,exp1-completion-paced,66,264,0.2720000002227607,1.2250999998286716,35.24550000020099,34.02040000037232,0.0202000001081614,21.87000000049011,500,431,16.049000000748492,21.91430000038963,False,431,0.0208999999813386,0.0233999999181833,0.0177000001713167,5.515900000318652,0.1238999993802281,0.0307999998767627,16.049000000748492,0.1323999995292979,0.0,21.87000000049011,21.91430000038963,21.87709999998333,500,500,333.0,1501.5015015015017,,False,13.33119999981136
2205,exp1-completion-paced,66,264,0.278499999694759,2.648300000146264,44.784400000025926,42.13609999987966,0.0196999999388935,24.336899999980236,500,432,18.514999999752035,24.385499999880267,False,432,0.0208000001293839,0.0277999997706501,0.0190000000657164,5.505799999809824,0.1262000005226582,0.0405999999202322,18.514999999752035,0.1301000002058572,0.0,24.336899999980236,24.385499999880267,24.344200000086857,500,500,333.0,1501.5015015015017,,False,20.39890000014566
2206,exp1-completion-paced,66,264,0.2585000002000015,2.219300000433577,31.650200000513,29.43090000007942,0.027099999897473,21.975799999381707,500,433,16.124700000546,22.03639999970619,False,433,0.0355000001945882,0.0251000001298962,0.0173999997059581,5.505699999957869,0.1595000003362656,0.0414999994973186,16.124700000546,0.126799999634386,0.0,21.975799999381707,22.03639999970619,21.982799999932467,500,500,333.0,1501.5015015015017,,False,9.613800000806808
2207,exp1-completion-paced,66,264,0.4546999998638057,2.545599999393744,46.53210000014951,43.98650000075577,0.0186000006578979,29.49069999976928,500,434,24.0165999994133,29.544899999564223,False,434,0.0203999998120707,0.0337999999828753,0.0189000002137618,5.165100000340317,0.1232999993590056,0.041300000702904,24.0165999994133,0.1253000000360771,0.0,29.49069999976928,29.544899999564223,29.498599999897124,500,500,333.0,1501.5015015015017,,False,16.98720000058529
2208,exp1-completion-paced,66,264,0.2886000002035871,4.293599999982689,56.06250000073487,51.76890000075218,0.0181999994310899,39.602399999239424,500,435,32.574799999565585,39.64669999913895,False,435,0.0200999993467121,0.0242000005528097,0.017699999261822,6.425200000194309,0.2441000006001559,0.1218999996126513,32.574799999565585,0.2185000003009918,0.0,39.602399999239424,39.64669999913895,39.60920000008628,500,500,333.0,1501.5015015015017,,False,16.41580000159592
2209,exp1-completion-paced,66,264,0.2635999999256455,0.0473999998575891,29.59689999988768,29.549500000030093,0.0202999999601161,22.192599999470985,500,436,16.09400000052119,22.25469999939378,False,436,0.0194999993254896,0.0426000005973037,0.025899999855028,5.790500000330212,0.1252999991265824,0.0300000001516309,16.09400000052119,0.1266999997824314,0.0,22.192599999470985,22.25469999939378,22.203600000466395,500,500,333.0,1501.5015015015017,,False,7.3422000004939
2210,exp1-completion-paced,66,264,0.2776999999696272,4.253899999639543,39.09529999964434,34.8414000000048,0.0262000003203866,22.95700000013312,500,437,16.625199999907636,23.053700000673416,False,437,0.0214000001506065,0.0753000003896886,0.0184999998964485,6.018699999913224,0.1288000003114575,0.041399999645364,16.625199999907636,0.1241999998455867,0.0,22.95700000013312,23.053700000673416,22.97180000005028,500,500,333.0,1501.5015015015017,,False,16.041599998970923
2211,exp1-completion-paced,66,264,0.294200000098499,1.7065000001821318,41.66989999976067,39.96339999957854,0.0231999993047793,23.115200000574987,500,438,17.305999999734922,23.161699999945995,False,438,0.0195000002349843,0.0269999991360236,0.0282000000879634,5.495800000062445,0.1238000004377681,0.0313999998979852,17.305999999734922,0.1298000006499933,0.0,23.115200000574987,23.161699999945995,23.122600000533566,500,500,333.0,1501.5015015015017,,False,18.50819999981468
2212,exp1-completion-paced,66,264,0.2711999995881342,1.2114999999539575,36.70460000012099,35.49310000016703,0.0172000000020489,22.918399999980466,500,439,17.221399999471032,22.962899999583897,False,439,0.0203999998120707,0.0240999997913604,0.0179999997271806,5.406100000072911,0.121900000522146,0.0288000001091859,17.221399999471032,0.121900000522146,0.0,22.918399999980466,22.962899999583897,22.92520000082732,500,500,333.0,1501.5015015015017,,False,13.741700000537094
2213,exp1-completion-paced,66,264,0.2856999999494292,1.2164999998276471,39.60400000050868,38.38750000068103,0.0235000006796326,23.87020000060147,500,440,17.34900000064954,23.913200000606597,False,440,0.0207000002774293,0.0222999997276929,0.0177000001713167,6.225099999937811,0.1278999998248764,0.0288000001091859,17.34900000064954,0.1216000000567874,0.0,23.87020000060147,23.913200000606597,23.876799999925424,500,500,333.0,1501.5015015015017,,False,15.69079999990208
2214,exp1-completion-paced,66,264,0.2675999994607991,1.169600000139326,37.19140000066545,36.02180000052613,0.0209999998332932,27.282000000013795,500,441,17.780900000616384,27.324099999532336,False,441,0.0187999994523124,0.0233000000662286,0.0170000002981396,8.999699999549193,0.2472000005582231,0.1097999993362464,17.780900000616384,0.1271999999516992,0.0,27.282000000013795,27.324099999532336,27.288600000247243,500,500,333.0,1501.5015015015017,,False,9.867300001133117
2215,exp1-completion-paced,66,264,0.269500000285916,6.795500000407628,35.623499999928754,28.82799999952113,0.0243999993472243,24.11240000037651,500,442,16.15349999974569,24.18149999994057,False,442,0.0430999998570769,0.0259999997069826,0.0162000005730078,7.65769999998156,0.1316999996561207,0.0329000004057888,16.15349999974569,0.1202000003104331,0.0,24.11240000037651,24.18149999994057,24.115700000038487,500,500,333.0,1501.5015015015017,,False,11.441999999988184
2216,exp1-completion-paced,66,264,0.2739999999903375,1.2164999998276471,37.03959999984363,35.823100000015984,0.0685999993947916,22.41539999977249,500,443,16.404099999817845,22.47129999977915,False,443,0.0216999997064704,0.0342000003001885,0.0172999998540035,5.689800000254763,0.1376000000163912,0.0399999998990097,16.404099999817845,0.1265000000785221,0.0,22.41539999977249,22.47129999977915,22.422199999709846,500,500,333.0,1501.5015015015017,,False,14.568300000064482
2217,exp1-completion-paced,66,264,0.2713000003495835,1.2517000004663714,42.78310000063357,41.5314000001672,0.0215000000025611,29.08339999976306,500,444,17.82649999950081,29.313699999875094,False,444,0.0204999996640253,0.2098000004480127,0.0253999996857601,10.75959999980114,0.23830000009184,0.1120000006267218,17.82649999950081,0.1213000005009234,0.0,29.08339999976306,29.313699999875094,29.115300000739808,500,500,333.0,1501.5015015015017,,False,13.469400000758473
2218,exp1-completion-paced,66,264,0.2684999999473803,1.2297000002945424,33.55509999983042,32.325399999535875,0.0215000000025611,24.014099999476457,500,445,17.648000000008324,24.05780000026425,False,445,0.0194000003830296,0.0243000004047644,0.0163999993674224,6.00990000020829,0.154100000145263,0.0306000001728534,17.648000000008324,0.1548999998703948,0.0,24.014099999476457,24.05780000026425,24.0207000006194,500,500,333.0,1501.5015015015017,,False,9.497299999566167
2219,exp1-completion-paced,66,264,0.3223000003345078,1.684199999544944,41.288499999609485,39.60430000006454,0.0267000004896544,25.47320000030595,500,446,17.7999000006821,25.515199999972538,False,446,0.0196999999388935,0.0222999997276929,0.0179999997271806,7.1431000005759415,0.2599999997983104,0.1211999997394741,17.7999000006821,0.1308000000790343,0.0,25.47320000030595,25.515199999972538,25.480000000243308,500,500,333.0,1501.5015015015017,,False,15.773299999636947
2220,exp1-completion-paced,66,264,0.2755999994406011,1.17950000003475,34.11200000027748,32.932500000242726,0.0297999995382269,21.75780000015948,500,447,15.83200000004581,21.865300000172283,False,447,0.0806999996711965,0.0268000003416091,0.0202999999601161,5.613899999843852,0.1264000002265675,0.0288999999611405,15.83200000004581,0.1360999995085876,0.0,21.75780000015948,21.865300000172283,21.76450000024488,500,500,333.0,1501.5015015015017,,False,12.2467000001052
2221,exp1-completion-paced,66,264,0.2712999994400888,1.2587000001076376,35.71120000015071,34.452500000043074,0.0319000000672531,22.423200000048386,500,448,16.484099999615864,22.4685999992289,False,448,0.0213999992411118,0.0239999999394058,0.0170000002981396,5.634799999825191,0.1301000002058572,0.0305000003208988,16.484099999615864,0.1265000000785221,0.0,22.423200000048386,22.4685999992289,22.42889999979525,500,500,333.0,1501.5015015015017,,False,13.242600000921811
2222,exp1-completion-paced,66,264,0.2768999993350007,1.7126000002463115,39.24730000017007,37.53469999992376,0.0190000000657164,20.69229999960953,500,449,15.216499999951338,20.73689999997441,False,449,0.0216999997064704,0.0229000006584101,0.0185999997484032,5.169699999896693,0.12700000024779,0.0454000000900123,15.216499999951338,0.1149999998233397,0.0,20.69229999960953,20.73689999997441,20.700099999885424,500,500,333.0,1501.5015015015017,,False,18.510400000195663
2223,exp1-completion-paced,66,264,0.2936999999292311,1.195499999994354,35.10050000022602,33.90500000023167,0.0195000002349843,23.458499999833293,500,450,18.575699999928474,23.502299999563547,False,450,0.0202000001081614,0.0235999996220925,0.0178000000232714,4.595399999743677,0.1172000002043205,0.0473999998575891,18.575699999928474,0.1048000003720517,0.0,23.458499999833293,23.502299999563547,23.46579999993992,500,500,333.0,1501.5015015015017,,False,11.598200000662473
2224,exp1-completion-paced,66,264,0.2935000002253218,1.2430999995558525,38.20709999945393,36.96399999989808,0.0200000004042522,20.84290000038891,500,451,15.531600000031176,20.92480000010255,False,451,0.0196000000869389,0.0622999996267026,0.0174000006154528,5.002899999453803,0.122899999951187,0.0311000003421213,15.531600000031176,0.1368000002912595,0.0,20.84290000038891,20.92480000010255,20.84950000062236,500,500,333.0,1501.5015015015017,,False,17.28229999935138
2225,exp1-completion-paced,66,264,0.2868999999918742,1.1346000001140055,38.01970000040456,36.88510000029055,0.0510999998368788,21.475500000633478,500,452,15.931900000396126,21.54450000034558,False,452,0.043799999730254,0.0251999999818508,0.0177000001713167,5.213200000071083,0.1234999999724095,0.0296999996862723,15.931900000396126,0.1592999997228616,0.0,21.475500000633478,21.54450000034558,21.483099999386468,500,500,333.0,1501.5015015015017,,False,16.475200000058983
2226,exp1-completion-paced,66,264,0.2690999999686028,2.7319999999235733,35.14470000027359,32.412700000350014,0.0196999999388935,21.989400000165915,500,453,15.906399999948915,22.03629999985424,False,453,0.0202000001081614,0.0266999995801597,0.0159999999596038,5.790200000774348,0.1208999992741155,0.0288000001091859,15.906399999948915,0.12700000024779,0.0,21.989400000165915,22.03629999985424,21.99229999951058,500,500,333.0,1501.5015015015017,,False,13.108400000419348
2227,exp1-completion-paced,66,264,0.2689999992071534,1.2239999996381812,44.261899999582965,43.037899999944784,0.0320999997711624,22.07490000000689,500,454,16.7436000001544,22.129599999971106,False,454,0.0246999998125829,0.0300000001516309,0.0190000000657164,5.017599999519007,0.1234000001204549,0.044000000343658,16.7436000001544,0.1271000000997446,0.0,22.07490000000689,22.129599999971106,22.07960000032472,500,500,333.0,1501.5015015015017,,False,22.13229999961186
2228,exp1-completion-paced,66,264,0.2807999999276944,1.2166999995315564,42.67460000028223,41.45790000075067,0.0218000004679197,24.93390000017825,500,455,19.879299999956856,24.987700000565383,False,455,0.0233000000662286,0.0305000003208988,0.0183000001925393,4.749699999592849,0.1287000004595029,0.0306000001728534,19.879299999956856,0.1270999991902499,0.0,24.93390000017825,24.987700000565383,24.94189999924856,500,500,333.0,1501.5015015015017,,False,17.68689999971685
2229,exp1-completion-paced,66,264,0.2774000004137633,0.0434000003224355,32.66510000048584,32.6217000001634,0.019300000531075,23.165399999925285,500,456,16.95359999939683,23.35760000005393,False,456,0.0204999996640253,0.1717000004646252,0.0180999995791353,5.916699999943376,0.1226000003953231,0.0269000001935637,16.95359999939683,0.1271999999516992,0.0,23.165399999925285,23.35760000005393,23.20400000007794,500,500,333.0,1501.5015015015017,,False,9.307500000431912
2230,exp1-completion-paced,66,264,0.2807999999276944,0.0882999993336852,28.066799999578507,27.97850000024482,0.0186999996003578,20.94409999972413,500,457,15.295600000172271,20.98519999981363,False,457,0.0190000000657164,0.0221000000237836,0.0170000002981396,5.350099999304803,0.12700000024779,0.0287000002572312,15.295600000172271,0.125599999591941,0.0,20.94409999972413,20.98519999981363,20.95050000025367,500,500,333.0,1501.5015015015017,,False,7.081599999764876
2231,exp1-completion-paced,66,264,0.2714000002015382,1.2326999994911605,32.58619999996881,31.35350000047765,0.0187000005098525,20.73870000003808,500,458,15.22449999993114,20.782900000085647,False,458,0.0195000002349843,0.0246999998125829,0.0178000000232714,5.217900000388909,0.1225999994858284,0.0312000001940759,15.22449999993114,0.1245000003109453,0.0,20.73870000003808,20.782900000085647,20.74570000058884,500,500,333.0,1501.5015015015017,,False,11.803299999883166
2232,exp1-completion-paced,66,264,0.2676000003702938,1.2357000005067675,32.7871999998024,31.55149999929563,0.0187999994523124,24.527999999918396,500,459,18.938499999421765,24.57129999947938,False,459,0.0198999996428028,0.0233999999181833,0.0182000003405846,5.283899999994901,0.1266999997824314,0.0304000004689442,18.938499999421765,0.1301000002058572,0.0,24.527999999918396,24.57129999947938,24.53570000034233,500,500,333.0,1501.5015015015017,,False,8.215900000323018
2233,exp1-completion-paced,66,264,0.2788000001601176,5.23330000032729,36.65100000034727,31.417700000019977,0.0213000002986518,20.687199999883887,500,460,15.256799999406212,20.73199999995268,False,460,0.0199000005522975,0.0248999995164922,0.025600000299164,5.126699999891571,0.1235999998243642,0.029700000595767,15.256799999406212,0.1246000001628999,0.0,20.687199999883887,20.73199999995268,20.69050000045536,500,500,333.0,1501.5015015015017,,False,15.919000000394586
2234,exp1-completion-paced,66,264,0.2720000002227607,2.766900000096939,40.210299999671406,37.44339999957447,0.0203999998120707,20.937800000865536,500,461,15.4329000006328,21.1170000002312,False,461,0.0206999993679346,0.1584999999977299,0.0359000005119014,5.158500000106869,0.1354999994873651,0.0466999999844119,15.4329000006328,0.1280999995287857,0.0,20.937800000865536,21.1170000002312,20.96329999949376,500,500,333.0,1501.5015015015017,,False,19.093299999440205
2235,exp1-completion-paced,66,264,0.2703000000110478,0.7296000003407244,29.771500000606466,29.04190000026574,0.0255000004472094,20.823400000153924,500,462,15.398499999719206,20.86899999994785,False,462,0.02059999951598,0.0250000002779415,0.0176000003193621,5.12449999951059,0.1253999998880317,0.0307000000248081,15.398499999719206,0.1263000003746128,0.0,20.823400000153924,20.86899999994785,20.830100000239327,500,500,333.0,1501.5015015015017,,False,8.902500000658616
2236,exp1-completion-paced,66,264,0.2764999999271822,2.738099999987753,42.16880000058154,39.43070000059379,0.0191999997696257,20.51110000047629,500,463,15.376999999716643,20.55300000029092,False,463,0.0191999997696257,0.0227000000450061,0.0174000006154528,4.8424999995404505,0.1201000004584784,0.0296999996862723,15.376999999716643,0.1241999998455867,0.0,20.51110000047629,20.55300000029092,20.517999999356107,500,500,333.0,1501.5015015015017,,False,21.615800000290623
2237,exp1-completion-paced,66,264,0.2781000002869405,1.2266999992789351,35.69749999951455,34.47080000023561,0.017899999875226,20.017599999846425,500,464,14.775199999348844,20.06320000054984,False,464,0.0202000001081614,0.0254000005952548,0.0174999995579128,4.926000000523345,0.1223999997819191,0.0398000001951004,14.775199999348844,0.1366000005873502,0.0,20.017599999846425,20.06320000054984,20.024299999931827,500,500,333.0,1501.5015015015017,,False,15.634299998964707
2238,exp1-completion-paced,66,264,0.2733000001171604,1.2263000007806113,37.1277000003829,35.90139999960229,0.0329999993482488,21.747799999502604,500,465,16.144299999723444,21.806199999446108,False,465,0.0190000000657164,0.0393999998777871,0.0177000001713167,5.089599999337224,0.2584000003480469,0.1105000001189182,16.144299999723444,0.12700000024779,0.0,21.747799999502604,21.806199999446108,21.754800000053365,500,500,333.0,1501.5015015015017,,False,15.321500000936794
2239,exp1-completion-paced,66,264,0.2601000005597598,0.745199999983015,37.146499999835214,36.4012999998522,0.0203999998120707,26.71670000017912,500,466,18.731799999841314,26.769600000079663,False,466,0.0280000003840541,0.0248999995164922,0.01810000048863,7.483000000320317,0.2374999994572135,0.1185999999506748,18.731799999841314,0.1275000004170579,0.0,26.71670000017912,26.769600000079663,26.723900000433787,500,500,333.0,1501.5015015015017,,False,10.376899999755551
2240,exp1-completion-paced,66,264,0.2736999995249789,1.241699999809498,41.03200000008656,39.79030000027706,0.0199000005522975,20.94050000050629,500,467,15.79059999949095,20.984100000532635,False,467,0.0211000005947425,0.0224999994316021,0.0153999999383813,4.858100000092236,0.1171000003523659,0.0300000001516309,15.79059999949095,0.1291000007768161,0.0,20.94050000050629,20.984100000532635,20.943299999999,500,500,333.0,1501.5015015015017,,False,20.047899999553927
2241,exp1-completion-paced,66,264,0.2802999997584265,4.269999999451102,40.88819999924453,36.61819999979343,0.0182999992830446,24.26220000052126,500,468,19.077300000390096,24.307600000611277,False,468,0.0190000000657164,0.0264000000242958,0.0172000000020489,4.887500000222644,0.1236999996763188,0.029499999982363,19.077300000390096,0.1268999994863406,0.0,24.26220000052126,24.307600000611277,24.26930000001448,500,500,333.0,1501.5015015015017,,False,16.58059999863325
2242,exp1-completion-paced,66,264,0.2701000003071385,1.2477999998736775,36.50019999986398,35.2523999999903,0.0192000006791204,25.24599999924249,500,469,16.10140000047977,25.298599999587168,False,469,0.0214000001506065,0.0312000001940759,0.0262999992628465,8.63870000011957,0.2352000001337728,0.1150999996752943,16.10140000047977,0.1290000000153668,0.0,25.24599999924249,25.298599999587168,25.25359999981447,500,500,333.0,1501.5015015015017,,False,11.201600000276812
2243,exp1-completion-paced,66,264,0.2622000001792912,3.2427999994979477,30.395799999496376,27.15299999999843,0.0192999996215803,21.77970000047935,500,470,16.180800000256568,21.848100000170238,False,470,0.0198999996428028,0.0485000000480795,0.0202000001081614,5.265400000098452,0.1314999999522115,0.0300000001516309,16.180800000256568,0.1515999992989236,0.0,21.77970000047935,21.848100000170238,21.796699999868,500,500,333.0,1501.5015015015017,,False,8.547699999326138
2244,exp1-completion-paced,66,264,0.2708000001803157,0.0463999995190533,33.68239999963407,33.63600000011502,0.0502000002597924,21.91469999979745,500,471,15.820399999938672,21.954599999844504,False,471,0.0184999998964485,0.0214000001506065,0.0185999997484032,5.705499999749009,0.1269000003958353,0.0295999998343177,15.820399999938672,0.2133999996658531,0.0,21.91469999979745,21.954599999844504,21.92209999975603,500,500,333.0,1501.5015015015017,,False,11.727799999789568
2245,exp1-completion-paced,66,264,0.2762000003713183,1.1970000005021575,36.22160000031727,35.02459999981511,0.0196000000869389,21.84429999942949,500,472,16.484000000673404,21.8894999998156,False,472,0.0194000003830296,0.0258000000030733,0.0161999996635131,5.059299999629729,0.1210000000355648,0.0307000000248081,16.484000000673404,0.1328999996985658,0.0,21.84429999942949,21.8894999998156,21.84750000014901,500,500,333.0,1501.5015015015017,,False,14.332100000501665
2246,exp1-completion-paced,66,264,0.270700000328361,4.246100000273145,35.877500000424334,31.63140000015119,0.0219000003198743,21.3925999996718,500,473,16.220600000451668,21.43729999988864,False,473,0.0206999993679346,0.0240000008489005,0.0174999995579128,4.879199999777484,0.1191999999718973,0.0331000001096981,16.220600000451668,0.1228000000992324,0.0,21.3925999996718,21.43729999988864,21.40010000039183,500,500,333.0,1501.5015015015017,,False,14.440200000535693
2247,exp1-completion-paced,66,264,0.2703000000110478,1.2173999994047335,35.581099999944854,34.36370000054012,0.0182000003405846,23.44639999955689,500,474,17.814699999689765,23.487200000090525,False,474,0.0196000000869389,0.0212000004466972,0.0173999997059581,5.311500000061642,0.1314000001002568,0.0411999999414547,17.814699999689765,0.1300000003539025,0.0,23.44639999955689,23.487200000090525,23.452400000678608,500,500,333.0,1501.5015015015017,,False,12.09389999985433
2248,exp1-completion-paced,66,264,0.2768999993350007,2.235599999949045,43.72719999992114,41.491599999972095,0.0210999996852478,22.212500000023283,500,475,16.084099999716273,22.275499999523163,False,475,0.0385000003007007,0.024499999199179,0.0182000003405846,5.836299999828043,0.1206000006277463,0.029499999982363,16.084099999716273,0.1235999998243642,0.0,22.212500000023283,22.275499999523163,22.21929999996064,500,500,333.0,1501.5015015015017,,False,21.451700000397977
2249,exp1-completion-paced,66,264,0.2706999994188663,1.2397000000419212,29.138699999748496,27.89899999970657,0.0196999999388935,22.90030000040133,500,476,17.30680000036955,22.942800000237185,False,476,0.0196999999388935,0.0227999998969608,0.0170000002981396,5.303900000399153,0.1206999995702062,0.0325999999404302,17.30680000036955,0.1191000001199427,0.0,22.90030000040133,22.942800000237185,22.90679999987333,500,500,333.0,1501.5015015015017,,False,6.195899999511312
2250,exp1-completion-paced,66,264,0.2733000001171604,0.073799999881885,32.13630000027479,32.0625000003929,0.0187000005098525,22.315700000035577,500,477,16.634399999929883,22.363899999618297,False,477,0.02059999951598,0.0276000000667409,0.0179000007847207,5.392699999902106,0.124099999993632,0.0296999996862723,16.634399999929883,0.1167000000350526,0.0,22.315700000035577,22.363899999618297,22.3230000001422,500,500,333.0,1501.5015015015017,,False,9.77240000065649
2251,exp1-completion-paced,66,264,0.2748999995674239,2.693300000828458,32.57560000020021,29.882299999371757,0.0203999998120707,22.143099999993865,500,478,16.258300000117742,22.1903999999995,False,478,0.0211000005947425,0.0261999994108919,0.0177000001713167,5.522600000404054,0.1869999996415572,0.0318000002152984,16.258300000117742,0.1254999997399863,0.0,22.143099999993865,22.1903999999995,22.15020000039658,500,500,333.0,1501.5015015015017,,False,10.385200000200712
2252,exp1-completion-paced,66,264,0.2704999997149571,2.75580000015907,39.63300000032177,36.8772000001627,0.0203999998120707,22.86759999969945,500,479,16.89799999985553,23.0874999997468,False,479,0.0207000002774293,0.1991999997699167,0.0238000002354965,5.664100000103645,0.1256999994438956,0.0300000001516309,16.89799999985553,0.125800000205345,0.0,22.86759999969945,23.0874999997468,22.89699999982986,500,500,333.0,1501.5015015015017,,False,16.54550000057497
2253,exp1-completion-paced,66,264,0.2580000000307336,1.1953000002904446,35.63949999988836,34.44419999959791,0.0180999995791353,22.80429999973421,500,480,16.18239999970683,23.03350000056525,False,480,0.0192000006791204,0.210000000151922,0.0247999996645376,6.3098999999056105,0.1291999997192761,0.029700000595767,16.18239999970683,0.1281000004382804,0.0,22.80429999973421,23.03350000056525,22.83530000022438,500,500,333.0,1501.5015015015017,,False,12.605999999323107
2254,exp1-completion-paced,66,264,0.2678000000742031,0.740100000257371,33.06830000019545,32.32819999993808,0.0288000001091859,22.04840000013064,500,481,16.135900000335823,22.090499999649182,False,481,0.0186999996003578,0.0233999999181833,0.0180999995791353,5.612200000541634,0.1277000001209671,0.0307999998767627,16.135900000335823,0.1234999999724095,0.0,22.04840000013064,22.090499999649182,22.055200000068,500,500,333.0,1501.5015015015017,,False,10.977800000546267
2255,exp1-completion-paced,66,264,0.31089999993128,4.253199999766366,37.063100000523264,32.8099000007569,0.0190000000657164,21.83179999974527,500,482,16.292600000269886,21.873499999855994,False,482,0.0193999994735349,0.0223000006371876,0.0183000001925393,5.2455999993981095,0.121900000522146,0.0315999996018945,16.292600000269886,0.1216000000567874,0.0,21.83179999974527,21.873499999855994,21.8380000005709,500,500,333.0,1501.5015015015017,,False,15.18960000066727
2256,exp1-completion-paced,66,264,0.2636999997776001,3.747599999769591,50.01159999937954,46.26399999960995,0.0209999998332932,22.20209999995859,500,483,16.55140000002575,22.247199999583245,False,483,0.0202999999601161,0.0247999996645376,0.017899999875226,5.088800000521587,0.1206999995702062,0.0301000000035855,16.55140000002575,0.3927999996449216,0.0,22.20209999995859,22.247199999583245,22.209400000065216,500,500,333.0,1501.5015015015017,,False,27.764399999796296
2257,exp1-completion-paced,66,264,0.2961000000141212,1.198599999952421,48.13490000015008,46.93630000019766,0.0201000002562068,23.566199999550008,500,484,17.365200000313052,23.62840000023425,False,484,0.0194000003830296,0.042800000301213,0.0548999996681232,5.76679999994667,0.1843000000008032,0.029499999982363,17.365200000313052,0.1652000000831321,0.0,23.566199999550008,23.62840000023425,23.5926000004838,500,500,333.0,1501.5015015015017,,False,24.50649999991583
2258,exp1-completion-paced,66,264,0.2792000004774309,2.266899999995076,42.70929999984219,40.44239999984711,0.0184000000444939,23.786800000380023,500,485,18.302399999811318,23.830800000723684,False,485,0.0213000002986518,0.0227000000450061,0.0239999999394058,5.188400000406546,0.121699999908742,0.028299999939918,18.302399999811318,0.1217999997606966,0.0,23.786800000380023,23.830800000723684,23.793899999873247,500,500,333.0,1501.5015015015017,,False,18.878499999118503
2259,exp1-completion-paced,66,264,0.2791999995679362,1.684400000158348,31.545599999844853,29.861199999686505,0.0196000000869389,22.44830000017828,500,486,16.061199999967357,22.493000000395117,False,486,0.0201000002562068,0.0245999999606283,0.0196000000869389,6.1022999998385785,0.1298999995924532,0.0292000004264991,16.061199999967357,0.1058999996530474,0.0,22.44830000017828,22.493000000395117,22.45579999998881,500,500,333.0,1501.5015015015017,,False,9.052599999449736
2260,exp1-completion-paced,66,264,0.2669000004971167,2.2199000004548,39.61689999960072,37.39699999914592,0.0207999992198892,22.780600000260165,500,487,16.185900000891706,22.825300000477,False,487,0.0201000002562068,0.0245999999606283,0.0175000004674075,6.313299999419542,0.1214000003528781,0.0292999993689591,16.185900000891706,0.1129999991462682,0.0,22.780600000260165,22.825300000477,22.78719999958412,500,500,333.0,1501.5015015015017,,False,16.79159999912372
2261,exp1-completion-paced,66,264,0.2609000002848916,1.2340000002950546,36.64279999975406,35.408799999459006,0.0184999998964485,22.711200000230747,500,488,16.787700000350014,22.755800000595627,False,488,0.0198000007003429,0.0247999996645376,0.0167999996847356,5.623200000627548,0.1282999992326949,0.0307000000248081,16.787700000350014,0.1241999998455867,0.0,22.711200000230747,22.755800000595627,22.717099999681523,500,500,333.0,1501.5015015015017,,False,13.886999999158434
2262,exp1-completion-paced,66,264,0.2759000008154544,1.227699999617471,30.49050000026909,29.262800000651623,0.0192000006791204,22.19520000016928,500,489,16.33140000012645,22.252100000514474,False,489,0.0202000001081614,0.0367000002370332,0.0172000000020489,5.573200000071665,0.1277000001209671,0.0298999993901816,16.33140000012645,0.1154999999926076,0.0,22.19520000016928,22.252100000514474,22.20119999947201,500,500,333.0,1501.5015015015017,,False,8.238399999754616
2263,exp1-completion-paced,66,264,0.2803000006679212,1.1817000004157308,39.15210000013758,37.97039999972185,0.0204000007215654,22.871699999996054,500,490,17.44959999996354,22.930000000087603,False,490,0.0343000001521431,0.0239999999394058,0.016900000446185,5.130300000018906,0.1237999995282734,0.0286000004052766,17.44959999996354,0.1222999999299645,0.0,22.871699999996054,22.930000000087603,22.87869999963732,500,500,333.0,1501.5015015015017,,False,16.222100000049977
2264,exp1-completion-paced,66,264,0.2679999997781124,0.0506999995195656,37.66399999949499,37.61329999997543,0.0192999996215803,21.70299999943381,500,491,15.88510000055976,21.750500000052853,False,491,0.0235000006796326,0.0239999999394058,0.017899999875226,5.508899999767891,0.1377999997203005,0.0417999999626772,15.88510000055976,0.11129999984405,0.0,21.70299999943381,21.750500000052853,21.71089999956166,500,500,333.0,1501.5015015015017,,False,15.913499999442138
2265,exp1-completion-paced,66,264,0.2787999992506229,1.2246000005688984,41.26660000019911,40.04199999963021,0.0226000001930515,21.76469999994879,500,492,15.553600000203003,21.80670000052487,False,492,0.0191999997696257,0.0228000008064555,0.0255999993896693,5.916000000070198,0.1253999998880317,0.028299999939918,15.553600000203003,0.1155999998445622,0.0,21.76469999994879,21.80670000052487,21.771199999420787,500,500,333.0,1501.5015015015017,,False,19.459899999674242
2266,exp1-completion-paced,66,264,0.2701000003071385,1.2625999997908366,43.18830000011076,41.92570000031992,0.0203999998120707,21.89610000004905,500,493,16.348300000572635,21.93890000035026,False,493,0.0191000008271657,0.0236999994740472,0.0175000004674075,5.271899999570451,0.1232000004165456,0.0285999994957819,16.348300000572635,0.1063999998223153,0.0,21.89610000004905,21.93890000035026,21.902700000282493,500,500,333.0,1501.5015015015017,,False,21.2493999997605
2267,exp1-completion-paced,66,264,0.27460000001156,0.7102999998096493,33.08519999973214,32.37489999992249,0.0170000002981396,25.309399999969173,500,494,18.92769999994925,25.48300000034942,False,494,0.0217000006159651,0.1518999997642822,0.0252999998338054,6.06930000049033,0.1274999995075632,0.0286000004052766,18.92769999994925,0.1308000000790343,0.0,25.309399999969173,25.48300000034942,25.33820000007836,500,500,333.0,1501.5015015015017,,False,7.602199999382719
2268,exp1-completion-paced,66,264,0.2619000006234273,1.2360000000626314,29.637100000400096,28.401100000337465,0.0206999993679346,21.744099999523318,500,495,15.876200000093377,21.824200000082783,False,495,0.0346000006175017,0.0454999999419669,0.0180999995791353,5.555599999752303,0.1297000007980386,0.0365999994755839,15.876200000093377,0.1277000001209671,0.0,21.744099999523318,21.824200000082783,21.75199999965116,500,500,333.0,1501.5015015015017,,False,7.812900000317313
2269,exp1-completion-paced,66,264,0.2762000003713183,1.2219000000186495,45.865000000048894,44.643100000030245,0.0281000002360087,33.09449999960634,500,496,24.5349000006172,33.137499999611464,False,496,0.0212999993891571,0.0217000006159651,0.0172999998540035,8.053900000049907,0.2361999995628139,0.1105999999708728,24.5349000006172,0.141299999995681,0.0,33.09449999960634,33.137499999611464,33.10039999996661,500,500,333.0,1501.5015015015017,,False,12.72750000043743
2270,exp1-completion-paced,66,264,0.3296999993835925,0.7581999998365063,54.249699999672885,53.49149999983638,0.0182000003405846,37.69009999996342,500,497,29.71819999947911,37.75519999999233,False,497,0.0378000004275236,0.0272999996013822,0.0187000005098525,7.265499999448366,0.2952000004370347,0.1246000001628999,29.71819999947911,0.2675000005183392,0.0,37.69009999996342,37.75519999999233,37.69780000038736,500,500,333.0,1501.5015015015017,,False,16.494499999680556
2271,exp1-completion-paced,66,264,0.2638000005390495,1.2397999998938758,38.72869999941031,37.488899999516434,0.02059999951598,21.661699999640405,500,498,16.291099999762082,21.704200000385757,False,498,0.0194000003830296,0.0231000003623194,0.0170999992405995,5.072500000096625,0.1233000002685003,0.0307999998767627,16.291099999762082,0.1267000006919261,0.0,21.661699999640405,21.704200000385757,21.66829999987385,500,500,333.0,1501.5015015015017,,False,17.024499999024552
2272,exp1-completion-paced,66,264,0.284000000647211,1.7354000001432723,39.028700000017125,37.29329999987385,0.0190000000657164,23.537799999758136,500,499,17.094599999836646,23.58109999931912,False,499,0.0180999995791353,0.0251999999818508,0.0174000006154528,6.141399999251007,0.1251000003321678,0.0295999998343177,17.094599999836646,0.1295000001846347,0.0,23.537799999758136,23.58109999931912,23.545399999420624,500,500,333.0,1501.5015015015017,,False,15.447600000698003
2273,exp1-completion-paced,66,264,0.2715000000534928,2.727000000049884,35.65330000037648,32.92630000032659,0.01810000048863,22.78310000019701,500,500,17.07260000057431,22.82680000007531,False,500,0.0184000000444939,0.0252999998338054,0.0182000003405846,5.376199999773235,0.1257000003533903,0.0305999992633587,17.07260000057431,0.1596000001882203,0.0,22.78310000019701,22.82680000007531,22.790400000303634,500,500,333.0,1501.5015015015017,,False,12.826500000301174
2274,exp1-completion-paced,66,264,0.2764000000752276,0.0890000001163571,34.14549999979499,34.05649999967864,0.0196000000869389,22.40760000040609,500,501,17.181199999868113,22.4514999999883,False,501,0.0201000002562068,0.0237999993260018,0.0183000001925393,4.9248000004809,0.1219999994646059,0.0318000002152984,17.181199999868113,0.1293000004807254,0.0,22.40760000040609,22.4514999999883,22.414500000195403,500,500,333.0,1501.5015015015017,,False,11.693999999806692
2275,exp1-completion-paced,66,264,0.2917000001616543,1.250399999662477,32.64519999993354,31.39480000027106,0.0202999999601161,21.12719999968249,500,502,15.88129999981902,21.17180000004737,False,502,0.02050000057352,0.0240999997913604,0.0177000001713167,4.845399999794608,0.1214000003528781,0.0291999995170044,15.88129999981902,0.2319000004717963,0.0,21.12719999968249,21.17180000004737,21.134800000254472,500,500,333.0,1501.5015015015017,,False,11.473399999886169
2276,exp1-completion-paced,66,264,0.2801999999064719,1.1838000000352622,32.53339999992022,31.34959999988496,0.0192000006791204,20.14610000060202,500,503,14.638599999670989,20.19139999993058,False,503,0.0212999993891571,0.0239999999394058,0.0182000003405846,5.206900000302994,0.1251999992746277,0.0299000002996763,14.638599999670989,0.12700000024779,0.0,20.14610000060202,20.19139999993058,20.153499999651103,500,500,333.0,1501.5015015015017,,False,12.341999999989639
2277,exp1-completion-paced,66,264,0.2710999997361796,1.227400000061607,39.10859999996319,37.88119999990158,0.0195000002349843,21.60550000007788,500,504,16.36250000046857,21.649000000252272,False,504,0.0208000001293839,0.0227000000450061,0.0174999995579128,4.946900000504684,0.1272999998036539,0.0331999999616527,16.36250000046857,0.1178999991680029,0.0,21.60550000007788,21.649000000252272,21.612699999423057,500,500,333.0,1501.5015015015017,,False,17.459599999710917
2278,exp1-completion-paced,66,264,0.2629000000524684,0.0656000001981738,38.18970000065747,38.12410000045929,0.0212000004466972,27.315199999975448,500,505,20.90459999999439,27.359999999134743,False,505,0.0179999997271806,0.0267999994321144,0.02050000057352,5.908699999963574,0.2395999999862397,0.1184000002467655,20.90459999999439,0.1231999995070509,0.0,27.315199999975448,27.359999999134743,27.32449999984965,500,500,333.0,1501.5015015015017,,False,10.829700001522724
2279,exp1-completion-paced,66,264,0.2872999993996927,1.2373000008665258,42.724000000816886,41.48669999995036,0.0265999997282051,22.22669999991922,500,506,16.578600000684673,22.268300000177987,False,506,0.0196000000869389,0.022000000171829,0.0184999998964485,5.354300000362855,0.1258999991478049,0.0306000001728534,16.578600000684673,0.1185999999506748,0.0,22.22669999991922,22.268300000177987,22.23470000080852,500,500,333.0,1501.5015015015017,,False,20.4557000006389
2280,exp1-completion-paced,66,264,0.4619000001184759,1.0298999995939084,36.42409999974916,35.39420000015525,0.0332999998136074,21.18079999945621,500,507,15.62140000078216,21.231300000181363,False,507,0.0222000007852329,0.028299999939918,0.0174999995579128,5.271500000162632,0.1249999995707185,0.0288999999611405,15.62140000078216,0.1162999997177394,0.0,21.18079999945621,21.231300000181363,21.18659999996453,500,500,333.0,1501.5015015015017,,False,15.192799999567796
2281,exp1-completion-paced,66,264,0.2826999998433166,1.2712999996438157,46.86450000008335,45.59320000043954,0.0207000002774293,28.42869999949471,500,508,18.93060000020341,28.473399999711543,False,508,0.0196000000869389,0.0251000001298962,0.0182999992830446,9.034700000484008,0.2205999999205232,0.1117000001613632,18.93060000020341,0.1125999997384497,0.0,28.42869999949471,28.473399999711543,28.435799999897423,500,500,333.0,1501.5015015015017,,False,18.39110000037181
2282,exp1-completion-paced,66,264,0.2832999998645391,0.7863000000725151,40.24759999992966,39.46129999985715,0.0209999998332932,22.32319999984611,500,509,16.971600000033504,22.390600000107952,False,509,0.0214000001506065,0.0460000001112348,0.0167999996847356,5.07240000024467,0.1230999996550963,0.0292000004264991,16.971600000033504,0.1099999999496503,0.0,22.32319999984611,22.390600000107952,22.329700000227604,500,500,333.0,1501.5015015015017,,False,17.85699999982171
2283,exp1-completion-paced,66,264,0.2846000006684335,2.6843000005101203,38.16180000012537,35.47749999961525,0.0215000000025611,24.439800000436662,500,510,18.42289999967761,24.49330000035843,False,510,0.0264999998762505,0.0270000000455183,0.0184000000444939,5.517200000213052,0.239500000134285,0.12940000033268,18.42289999967761,0.1122000003306311,0.0,24.439800000436662,24.49330000035843,24.44700000069133,500,500,333.0,1501.5015015015017,,False,13.668499999766937
2284,exp1-completion-paced,66,264,0.2767999994830461,2.731700000367709,43.752800000220304,41.0210999998526,0.0184999998964485,20.593799999915063,500,511,15.521199999966484,20.638699999835808,False,511,0.0201000002562068,0.0247999996645376,0.0179999997271806,4.804500000318512,0.1210000000355648,0.0311000003421213,15.521199999966484,0.0977999998212908,0.0,20.593799999915063,20.638699999835808,20.60160000019096,500,500,333.0,1501.5015015015017,,False,23.114100000384497
2285,exp1-completion-paced,66,264,0.2859999995052931,4.2334999998274725,45.26229999919451,41.02879999936704,0.0217000006159651,27.038399999582907,500,512,21.55620000030467,27.128300000185845,False,512,0.019099999917671,0.0708000006852671,0.017899999875226,5.2083000000493485,0.1236999996763188,0.0301999998555402,21.55620000030467,0.1018000002659391,0.0,27.038399999582907,27.128300000185845,27.05870000045252,500,500,333.0,1501.5015015015017,,False,18.133999999008665
2286,exp1-completion-paced,66,264,0.2672000000529806,1.197399999909976,40.180599999985134,38.98320000007516,0.0212000004466972,23.961299999427865,500,513,18.39060000020254,24.02209999945626,False,513,0.0299999992421362,0.0308000007862574,0.019099999917671,5.295699999805947,0.1253000000360771,0.0302999997074948,18.39060000020254,0.1001999999061808,0.0,23.961299999427865,24.02209999945626,23.967899999661316,500,500,333.0,1501.5015015015017,,False,16.158500000528875
2287,exp1-completion-paced,66,264,0.2794000001813401,1.1738999992303434,43.72109999985696,42.54720000062662,0.0191999997696257,22.1534000002066,500,514,15.898399999969117,22.241399999984424,False,514,0.0640999996903701,0.0239000000874511,0.0177000001713167,5.855200000041805,0.1311999994868529,0.0313000000460306,15.898399999969117,0.2193000000261236,0.0,22.1534000002066,22.241399999984424,22.160599999551778,500,500,333.0,1501.5015015015017,,False,21.479699999872537
2288,exp1-completion-paced,66,264,0.2846999996108934,0.0705000002199085,39.716600000247126,39.64610000002722,0.0208000001293839,24.44139999988693,500,515,18.86209999975108,24.491199999829405,False,515,0.0240999997913604,0.0257000001511187,0.0184999998964485,5.173300000024028,0.1247999998668092,0.0305000003208988,18.86209999975108,0.231799999710347,0.0,24.44139999988693,24.491199999829405,24.44889999969746,500,500,333.0,1501.5015015015017,,False,15.225400000417721
2289,exp1-completion-paced,66,264,0.2798999994411133,1.1630999997578328,51.41590000039287,50.25280000063504,0.0216999997064704,36.425100000087696,500,516,29.1058000002522,36.47279999950115,False,516,0.0204999996640253,0.0271999997494276,0.0183000001925393,6.7165999998906045,0.2297999999427702,0.1161999998657847,29.1058000002522,0.2381000003879307,0.0,36.425100000087696,36.47279999950115,36.4318000001731,500,500,333.0,1501.5015015015017,,False,14.943100000891718
2290,exp1-completion-paced,66,264,0.3151000000798376,2.6727000004029837,33.13890000026731,30.46619999986433,0.0194000003830296,22.048000000722823,500,517,16.614400000435126,22.100700000009965,False,517,0.0262999992628465,0.0264000000242958,0.0176000003193621,5.045599999903061,0.1232000004165456,0.0298999993901816,16.614400000435126,0.2168999999412335,0.0,22.048000000722823,22.100700000009965,22.054799999750685,500,500,333.0,1501.5015015015017,,False,11.038200000257348
2291,exp1-completion-paced,66,264,0.4610000005413894,1.0376000000178465,48.30599999968399,47.268399999666144,0.0209999998332932,35.475900000164984,500,518,25.897100000292998,35.52110000055109,False,518,0.0215000000025611,0.0237000003835419,0.017899999875226,8.978200000456127,0.2469000000928645,0.1215999991472926,25.897100000292998,0.2138999998351209,0.0,35.475900000164984,35.52110000055109,35.481500000059896,500,500,333.0,1501.5015015015017,,False,12.784899999132904
2292,exp1-completion-paced,66,264,0.2653999999893131,0.0546999999642139,42.51779999958672,42.4630999996225,0.0237000003835419,25.673899999674177,500,519,18.854999999348365,25.719600000229548,False,519,0.0206000004254747,0.0251000001298962,0.0184000000444939,6.213099999513361,0.2414999999018618,0.1310000006924383,18.854999999348365,0.2146000006177928,0.0,25.673899999674177,25.719600000229548,25.681900000563477,500,500,333.0,1501.5015015015017,,False,16.798199999357173
2293,exp1-completion-paced,66,264,0.2837000001818524,0.7020999992164434,30.648099999780243,29.9460000005638,0.0195000002349843,21.878100000321865,500,520,16.045200000007753,21.92520000062359,False,520,0.0199000005522975,0.0271999997494276,0.0184999998964485,5.450800000289746,0.1310999996348982,0.0313000000460306,16.045200000007753,0.2008999999816296,0.0,21.878100000321865,21.92520000062359,21.8856000001324,500,500,333.0,1501.5015015015017,,False,8.722899999156652
2294,exp1-completion-paced,66,264,0.4591000006257673,6.677200000012817,44.18119999991177,37.50399999989895,0.0180999995791353,20.5190999995466,500,521,15.22590000058699,20.630899999559915,False,521,0.080300000263378,0.0314999997499398,0.0184000000444939,5.019799999899988,0.1230999996550963,0.0288000001091859,15.22590000058699,0.1028999995469348,0.0,20.5190999995466,20.630899999559915,20.526000000245403,500,500,333.0,1501.5015015015017,,False,23.550300000351854
2295,exp1-completion-paced,66,264,0.4506000004766974,1.0288000003129127,29.594900000120106,28.566099999807196,0.0344999998560524,20.71520000026794,500,522,14.633499999945345,20.759100000759645,False,522,0.0206000004254747,0.0233000000662286,0.0185999997484032,5.804999999782012,0.1298000006499933,0.0295999998343177,14.633499999945345,0.0984999996944679,0.0,20.71520000026794,20.759100000759645,20.722199999909208,500,500,333.0,1501.5015015015017,,False,8.83579999936046
2296,exp1-completion-paced,66,264,0.2750000003288733,1.2512000002971035,48.383299999841256,47.13209999954415,0.0304999994114041,26.83470000010857,500,523,18.586400000458525,26.87980000064272,False,523,0.0200000004042522,0.0251000001298962,0.0193999994735349,7.7809000003981055,0.2293999996254569,0.1254999997399863,18.586400000458525,0.0928999997995561,0.0,26.83470000010857,26.87980000064272,26.84279999994033,500,500,333.0,1501.5015015015017,,False,21.503499999198535
2297,exp1-completion-paced,66,264,0.4674000001614331,1.0818999999173684,43.07830000016111,41.99640000024374,0.019099999917671,33.63050000007206,500,524,25.912199999766017,33.721600000717444,False,524,0.0221000000237836,0.0690000006215996,0.0247999996645376,7.398200000352517,0.132099999973434,0.0325999999404302,25.912199999766017,0.1303999997617211,0.0,33.63050000007206,33.721600000717444,33.640399999967485,500,500,333.0,1501.5015015015017,,False,9.356699999443663
2298,exp1-completion-paced,66,264,0.4583999998430954,0.0757999996494618,41.66910000003554,41.59330000038608,0.0204999996640253,28.553300000567106,500,525,17.50590000028751,28.60099999998056,False,525,0.0208999999813386,0.0267999994321144,0.0187000005098525,10.532899999816436,0.2451000000291969,0.1174999997601844,17.50590000028751,0.1329999995505204,0.0,28.553300000567106,28.60099999998056,28.56100000008155,500,500,333.0,1501.5015015015017,,False,13.068100000054983
2299,exp1-completion-paced,66,264,0.2786000004562083,1.1365000000296277,54.325799999787705,53.18929999975808,0.0202999999601161,33.79109999968932,500,526,24.42089999931341,33.83839999969496,False,526,0.0196999999388935,0.0276000000667409,0.0438999995822086,8.858000000145694,0.2457000000504194,0.1132000006691669,24.42089999931341,0.1092000002245185,0.0,33.79109999968932,33.83839999969496,33.79839999979595,500,500,333.0,1501.5015015015017,,False,20.487400000092748
2300,exp1-completion-paced,66,264,0.2803999996103812,0.0503999999637017,36.55290000006062,36.50250000009692,0.0306000001728534,27.480300000206626,500,527,21.86580000034155,27.52240000063466,False,527,0.0209999998332932,0.0211000005947425,0.0173999997059581,5.237200000010489,0.1269000003958353,0.0328999994962941,21.86580000034155,0.19960000008723,0.0,27.480300000206626,27.52240000063466,27.486400000270805,500,500,333.0,1501.5015015015017,,False,9.030499999425956
2301,exp1-completion-paced,66,264,0.296600000183389,0.0495000003866152,44.23930000029941,44.18979999991279,0.0188999993042671,23.019999999633,500,528,17.51180000064778,23.061900000357127,False,528,0.0206000004254747,0.0213000002986518,0.0178000000232714,5.239199999778066,0.1225999994858284,0.0294000001304084,17.51180000064778,0.0989999998637358,0.0,23.019999999633,23.061900000357127,23.02680000047985,500,500,333.0,1501.5015015015017,,False,21.17739999994228
2302,exp1-completion-paced,66,264,0.257900000178779,3.782700000556361,30.349200000273413,26.566499999717053,0.0204000007215654,22.43970000017725,500,529,15.133200000491344,22.48750000035216,False,529,0.0217000006159651,0.0260999995589372,0.0185999997484032,6.976500000746455,0.1756999999997788,0.0346999995599617,15.133200000491344,0.100699999165954,0.0,22.43970000017725,22.48750000035216,22.446799999670475,500,500,333.0,1501.5015015015017,,False,7.861699999921253
2303,exp1-completion-paced,66,264,0.2889999996114056,0.8480000005874899,55.69680000007793,54.84879999949044,0.0209999998332932,37.512799999603885,500,530,27.78109999962908,37.56049999992683,False,530,0.0227000000450061,0.0250000002779415,0.0180999995791353,9.085800000320887,0.2371999999013496,0.1173999999082298,27.78109999962908,0.2729000007093418,0.0,37.512799999603885,37.56049999992683,37.51960000045074,500,500,333.0,1501.5015015015017,,False,18.136300000151095
2304,exp1-completion-paced,66,264,0.2786999993986683,0.6889999995109974,40.81210000003921,40.12310000052821,0.0197999997908482,25.610499999856984,500,531,20.36740000039572,25.6693000001178,False,531,0.0236000005315872,0.0351999997292296,0.0177000001713167,4.9489000002722605,0.1224999996338738,0.0289999998130952,20.36740000039572,0.1247999998668092,0.0,25.610499999856984,25.6693000001178,25.618800000302144,500,500,333.0,1501.5015015015017,,False,15.142799999921408
2305,exp1-completion-paced,66,264,0.2715999999054475,1.2372000001050765,41.40220000044792,40.16500000034284,0.0200000004042522,26.588500000798376,500,532,17.16519999990851,26.641899999958696,False,532,0.0255999993896693,0.0277999997706501,0.0174000006154528,8.900499999981548,0.2629000000524684,0.1219999994646059,17.16519999990851,0.1203000001623877,0.0,26.588500000798376,26.641899999958696,26.595199999974284,500,500,333.0,1501.5015015015017,,False,14.760300000489224
2306,exp1-completion-paced,66,264,0.2663999994183541,2.7205000005778857,45.51690000062081,42.79640000004292,0.0208000001293839,24.67309999974532,500,533,18.06889999988925,24.7164000002158,False,533,0.0214000001506065,0.0219000003198743,0.0173999997059581,6.3030999999682535,0.1242999996975413,0.0291000005745445,18.06889999988925,0.1301000002058572,0.0,24.67309999974532,24.7164000002158,24.68010000029608,500,500,333.0,1501.5015015015017,,False,20.80050000040501
2307,exp1-completion-paced,66,264,0.2690000001166481,1.238899999407295,32.72889999971085,31.490000000303557,0.0252999998338054,19.97300000039104,500,534,14.836999999715772,20.01650000056543,False,534,0.019099999917671,0.024400000256719,0.0172999998540035,4.863600000135193,0.1216000000567874,0.0292000004264991,14.836999999715772,0.1040999995893798,0.0,19.97300000039104,20.01650000056543,19.979400000011083,500,500,333.0,1501.5015015015017,,False,12.712399999145418
2308,exp1-completion-paced,66,264,0.3167000004395959,1.1160000003656023,33.57690000029834,32.460899999932735,0.0178000000232714,21.302099999957136,500,535,15.629900000021737,21.478900000147405,False,535,0.0185999997484032,0.158200000441866,0.017899999875226,5.328199999894423,0.2080000003843451,0.0322999994750716,15.629900000021737,0.0855999996929313,0.0,21.302099999957136,21.478900000147405,21.309499999915715,500,500,333.0,1501.5015015015017,,False,12.098000000150932
2309,exp1-completion-paced,66,264,0.2737999993769335,0.0914000002012471,33.3055000000968,33.21409999989555,0.0189000002137618,25.10430000074848,500,536,19.7067999997671,25.161400000797585,False,536,0.0204000007215654,0.0366999993275385,0.0262000003203866,5.099300000438234,0.1238999993802281,0.0331000001096981,19.7067999997671,0.1148000001194304,0.0,25.10430000074848,25.161400000797585,25.11099999992439,500,500,333.0,1501.5015015015017,,False,8.144099999299215
2310,exp1-completion-paced,66,264,0.2753999997366918,5.2615000004152535,43.81390000071406,38.5524000002988,0.0201000002562068,29.311600000255567,500,537,19.695700000738725,29.600800000480376,False,537,0.0226000001930515,0.2666000000317581,0.0628999996479251,9.006500000396045,0.2351000002818182,0.1215999991472926,19.695700000738725,0.1894999995784019,0.0,29.311600000255567,29.600800000480376,29.34740000000602,500,500,333.0,1501.5015015015017,,False,14.21310000023368
2311,exp1-completion-paced,66,264,0.3434000000197557,1.149799999438983,43.84299999946961,42.69320000003063,0.0184000000444939,27.046100000006845,500,538,18.407000000479457,27.08869999969465,False,538,0.0200000004042522,0.0225999992835568,0.0542000007044407,8.254499999566178,0.1278999998248764,0.0300000001516309,18.407000000479457,0.1721999997243983,0.0,27.046100000006845,27.08869999969465,27.051500000197848,500,500,333.0,1501.5015015015017,,False,16.75429999977496
2312,exp1-completion-paced,66,264,0.286200000118697,1.213100000313716,52.53619999984949,51.32309999953577,0.0276999999186955,29.29949999997916,500,539,18.94019999963348,29.549599999882048,False,539,0.0214000001506065,0.2286999997522798,0.0271000008069677,9.852199999841105,0.2589999994597747,0.1262000005226582,18.94019999963348,0.094600000011269,0.0,29.29949999997916,29.549599999882048,29.319700000087323,500,500,333.0,1501.5015015015017,,False,22.98659999996744
2313,exp1-completion-paced,66,264,0.2720000002227607,0.0407999996241414,29.55179999935353,29.510999999729396,0.0191999997696257,21.576299999651383,500,540,16.220900000007532,21.620900000016263,False,540,0.0208000001293839,0.0238000002354965,0.0171000001500942,5.077699999674223,0.1245000003109453,0.0318000002152984,16.220900000007532,0.1039999997374252,0.0,21.576299999651383,21.620900000016263,21.57989999977872,500,500,333.0,1501.5015015015017,,False,7.930899999337267
2314,exp1-completion-paced,66,264,0.2606000007290276,0.0483000003441702,29.345300000386487,29.29700000004232,0.02050000057352,20.365200000014735,500,541,15.117100000679784,20.42040000014822,False,541,0.0312000001940759,0.0239999999394058,0.0177000001713167,4.961299999195035,0.1220000003741006,0.0296999996862723,15.117100000679784,0.1170999994428712,0.0,20.365200000014735,20.42040000014822,20.37099999961356,500,500,333.0,1501.5015015015017,,False,8.924900000238267
2315,exp1-completion-paced,66,264,0.2882999997382285,0.0685000004523317,31.30200000032346,31.23349999987113,0.0184000000444939,20.61890000004496,500,542,15.401000000565546,20.660899999711543,False,542,0.0179999997271806,0.0239999999394058,0.0170000002981396,4.954799999723036,0.1203000001623877,0.0278999996226048,15.401000000565546,0.0976999999693362,0.0,20.61890000004496,20.660899999711543,20.62519999981305,500,500,333.0,1501.5015015015017,,False,10.641100000611917
2316,exp1-completion-paced,66,264,0.2674999996088445,0.0388999997085193,36.772699999346514,36.733799999638,0.0238999991779564,21.64009999978589,500,543,16.24329999958718,21.689299999707146,False,543,0.023200000214274,0.0259999997069826,0.0180999995791353,5.128300000251329,0.1235999998243642,0.0296000007438124,16.24329999958718,0.0968000003922497,0.0,21.64009999978589,21.689299999707146,21.647700000357872,500,500,333.0,1501.5015015015017,,False,15.083399999639369
2317,exp1-completion-paced,66,264,0.2795000000332948,0.0509999999849242,39.42250000000058,39.37150000001566,0.02050000057352,20.634099999369937,500,544,15.239199999996345,20.67949999945995,False,544,0.0199999994947575,0.0254000005952548,0.0185999997484032,5.135800000061863,0.1272999998036539,0.0296999996862723,15.239199999996345,0.0833000003694905,0.0,20.634099999369937,20.67949999945995,20.642100000259237,500,500,333.0,1501.5015015015017,,False,18.743000000540633
2318,exp1-completion-paced,66,264,0.2763000002232729,0.7419000003210385,42.5889999996798,41.84709999935876,0.0193999994735349,26.368599999841532,500,545,21.12669999951322,26.415099999212543,False,545,0.0224999994316021,0.0239999999394058,0.0177000001713167,4.854800000430259,0.1239999992321827,0.0334000005750567,21.12669999951322,0.2117000003636349,0.0,26.368599999841532,26.415099999212543,26.375299999926938,500,500,333.0,1501.5015015015017,,False,16.173900000467256
2319,exp1-completion-paced,66,264,0.2765999997791368,1.255900000614929,42.8741000005175,41.61819999990257,0.0191999997696257,20.45689999977185,500,546,15.347100000326463,20.77279999957682,False,546,0.0194000003830296,0.2964999994219397,0.0195000002349843,4.706900000201131,0.1205999997182516,0.0411999999414547,15.347100000326463,0.2212999997937004,0.0,20.45689999977185,20.77279999957682,20.624200000384008,500,500,333.0,1501.5015015015017,,False,22.101300000940682
2320,exp1-completion-paced,66,264,0.2801999999064719,0.0689999997121049,41.58790000019508,41.51890000048297,0.0221000000237836,23.588000000017928,500,547,15.462500000467116,23.632599999473317,False,547,0.0191999997696257,0.0253999996857601,0.0184000000444939,7.853900000554859,0.1224999996338738,0.0308999997287173,15.462500000467116,0.0995999998849583,0.0,23.588000000017928,23.632599999473317,23.595100000420643,500,500,333.0,1501.5015015015017,,False,17.95530000072176
2321,exp1-completion-paced,66,264,0.269500000285916,4.314300000260118,39.95169999961945,35.63739999935933,0.0184000000444939,22.138600000289443,500,548,16.29529999991064,22.18319999974483,False,548,0.0192999996215803,0.0252999998338054,0.01810000048863,5.563599999732105,0.1339000000371015,0.0300000001516309,16.29529999991064,0.0974999993559322,0.0,22.138600000289443,22.18319999974483,22.14529999946535,500,500,333.0,1501.5015015015017,,False,17.76849999987462
2322,exp1-completion-paced,66,264,0.2715000000534928,2.717600000323728,36.38850000061211,33.670900000288384,0.0185999997484032,20.682499999566065,500,549,15.468100000362028,20.749700000123998,False,549,0.025600000299164,0.0416000002587679,0.0180999995791353,4.9334000004819245,0.1194999995277612,0.0289999998130952,15.468100000362028,0.1142000000982079,0.0,20.682499999566065,20.749700000123998,20.689599999968777,500,500,333.0,1501.5015015015017,,False,15.638800000488114
2323,exp1-completion-paced,66,264,0.2724000005400739,0.0454000000900123,32.85469999991619,32.80929999982618,0.0208000001293839,20.02230000016425,500,550,14.976200000091922,20.064100000126928,False,550,0.0186999996003578,0.0231000003623194,0.0175000004674075,4.73619999957009,0.1247999998668092,0.0386000001526554,14.976200000091922,0.1288000003114575,0.0,20.02230000016425,20.064100000126928,20.028800000545743,500,500,333.0,1501.5015015015017,,False,12.790599999789265
2324,exp1-completion-paced,66,264,0.2715999999054475,1.2274999999135616,31.129599999985658,29.902100000072096,0.0191999997696257,20.87300000039249,500,551,15.498699999625387,20.938399999977264,False,551,0.0395999995816964,0.0258000000030733,0.0176000003193621,5.08220000028814,0.1191000001199427,0.0271999997494276,15.498699999625387,0.1280000005863257,0.0,20.87300000039249,20.938399999977264,20.880400000351077,500,500,333.0,1501.5015015015017,,False,10.191200000008394
2325,exp1-completion-paced,66,264,0.2742999995462014,0.769899999795598,40.23330000018177,39.46340000038617,0.0201000002562068,24.852200000168523,500,552,19.39070000025822,24.897100000089267,False,552,0.0207000002774293,0.024199999643315,0.0184000000444939,5.123599999933504,0.1647999997658189,0.0305000003208988,19.39070000025822,0.124099999993632,0.0,24.852200000168523,24.897100000089267,24.85930000057124,500,500,333.0,1501.5015015015017,,False,15.336200000092504
2326,exp1-completion-paced,66,264,0.2776999999696272,1.243100000465347,32.7463000003263,31.503199999860957,0.0170999992405995,21.523000000343018,500,553,16.217800000049465,21.67559999998048,False,553,0.0202999999601161,0.1322999996773433,0.0334000005750567,4.993999999896914,0.1276000002690125,0.0296999996862723,16.217800000049465,0.1204000000143423,0.0,21.523000000343018,21.67559999998048,21.53420000013284,500,500,333.0,1501.5015015015017,,False,11.07070000034582
2327,exp1-completion-paced,66,264,0.2854000003935653,0.0540000000910367,34.319000000323285,34.26500000023225,0.019099999917671,23.0742999992799,500,554,17.858600000181468,23.117599999750382,False,554,0.0199000005522975,0.0233999999181833,0.0190000000657164,4.829900000004272,0.1211999997394741,0.0319999999192077,17.858600000181468,0.2132999998138984,0.0,23.0742999992799,23.117599999750382,23.081500000444063,500,500,333.0,1501.5015015015017,,False,11.201400000572903
2328,exp1-completion-paced,66,264,0.2739000001383829,1.2630999999601045,35.23290000066481,33.96980000070471,0.0194000003830296,22.420100000090315,500,555,17.355099999804224,22.47310000075231,False,555,0.0277000008281902,0.0252999998338054,0.0175999994098674,4.7727999999551685,0.1205000007757917,0.027099999897473,17.355099999804224,0.126799999634386,0.0,22.420100000090315,22.47310000075231,22.426599999562317,500,500,333.0,1501.5015015015017,,False,12.759799999912502
2329,exp1-completion-paced,66,264,0.276099999609869,1.2200000001030276,38.829200000691344,37.60920000058832,0.0187999994523124,22.79880000060075,500,556,17.14460000039253,22.848900000099093,False,556,0.0187999994523124,0.0313000000460306,0.0178000000232714,5.3481000004467205,0.1310999996348982,0.0301999998555402,17.14460000039253,0.126799999634386,0.0,22.79880000060075,22.848900000099093,22.812100000010105,500,500,333.0,1501.5015015015017,,False,15.980300000592251
2330,exp1-completion-paced,66,264,0.2786000004562083,0.7279000001290115,32.94019999975717,32.21229999962816,0.0215999998545157,21.3341999997283,500,557,15.85109999996348,21.383899999818823,False,557,0.0227999998969608,0.0269000001935637,0.0184999998964485,5.190800000491436,0.1218999996126513,0.028299999939918,15.85109999996348,0.1234000001204549,0.0,21.3341999997283,21.383899999818823,21.34250000017346,500,500,333.0,1501.5015015015017,,False,11.556299999938346
2331,exp1-completion-paced,66,264,0.2794000001813401,1.2824999994336397,39.40629999942757,38.123799999993935,0.0196000000869389,22.888399999828835,500,558,16.59990000007383,22.96600000045146,False,558,0.0438000006397487,0.0337999999828753,0.0661999993099016,5.913700000746758,0.1419000000169035,0.0316999994538491,16.59990000007383,0.1346999997622333,0.0,22.888399999828835,22.96600000045146,22.8953999994701,500,500,333.0,1501.5015015015017,,False,16.44029999897611
2332,exp1-completion-paced,66,264,0.2758999999059597,2.754600000116625,34.24280000035651,31.488200000239885,0.0213000002986518,22.64869999999064,500,559,16.147600000294915,22.70469999984925,False,559,0.0319999999192077,0.0239999999394058,0.0195000002349843,6.065599999601545,0.1381000001856591,0.0313999998979852,16.147600000294915,0.2462000002196873,0.0,22.64869999999064,22.70469999984925,22.65590000024531,500,500,333.0,1501.5015015015017,,False,11.53810000050726
2333,exp1-completion-paced,66,264,0.285200000689656,2.228800000011688,32.583100000010745,30.354299999999057,0.0295999998343177,20.820200000343903,500,560,15.481200000067474,20.86440000039147,False,560,0.0195000002349843,0.0246999998125829,0.0174999995579128,5.040500000177417,0.122899999951187,0.030900000638212,15.481200000067474,0.1269999993382953,0.0,20.820200000343903,20.86440000039147,20.824000000175147,500,500,333.0,1501.5015015015017,,False,11.718699999619275
2334,exp1-completion-paced,66,264,0.2759999997579143,0.8447999998679734,39.530500000182656,38.68570000031468,0.0184999998964485,21.29400000012538,500,561,15.92880000043806,21.345299999666167,False,561,0.0211999995372025,0.0301000000035855,0.0172000000020489,5.074600000625651,0.1177999993160483,0.0312000001940759,15.92880000043806,0.1241999998455867,0.0,21.29400000012538,21.345299999666167,21.30930000021181,500,500,333.0,1501.5015015015017,,False,18.185200000516488
2335,exp1-completion-paced,66,264,0.2756000003500958,0.0520000003234599,38.27240000009624,38.22039999977278,0.0249999993684468,23.01900000020396,500,562,17.617600000448874,23.060399999849324,False,562,0.0196999999388935,0.0216999997064704,0.0180999995791353,5.106600000544859,0.120499999866297,0.0327999996443395,17.617600000448874,0.1231999995070509,0.0,23.01900000020396,23.060399999849324,23.02619999954913,500,500,333.0,1501.5015015015017,,False,15.212000000246917
2336,exp1-completion-paced,66,264,0.2878000004784553,2.7956000003541703,47.43070000040461,44.63510000005044,0.0228999997489154,25.780199999644537,500,563,20.177500000500004,25.840100000095845,False,563,0.0282000000879634,0.0317000003633438,0.0180999995791353,5.294700000376906,0.1287000004595029,0.0434999992648954,20.177500000500004,0.1174999997601844,0.0,25.780199999644537,25.840100000095845,25.787399999899208,500,500,333.0,1501.5015015015017,,False,21.59060000030877
2337,exp1-completion-paced,66,264,0.2842000003511202,1.2117999995098216,52.34380000001693,51.13200000050711,0.0184999998964485,27.574100000492763,500,564,18.278100000316044,27.62189999975817,False,564,0.0200999993467121,0.0276999999186955,0.01810000048863,8.784900000136986,0.2452999997331062,0.1168999997389619,18.278100000316044,0.1304999996136757,0.0,27.574100000492763,27.62189999975817,27.581499999541848,500,500,333.0,1501.5015015015017,,False,24.721900000258756
2338,exp1-completion-paced,66,264,0.2748999995674239,1.2202999996588917,27.706599999874012,26.486300000215124,0.0196999999388935,21.572800000285497,500,565,15.654400000130408,21.62870000029216,False,565,0.0308000007862574,0.0250999992204015,0.0943000004554051,5.387999999584281,0.2798000004986534,0.0359999994543613,15.654400000130408,0.1201000004584784,0.0,21.572800000285497,21.62870000029216,21.57919999990554,500,500,333.0,1501.5015015015017,,False,6.077899999581852
2339,exp1-completion-paced,66,264,0.2703999998630024,0.0492999997732113,37.72949999984121,37.680200000068,0.0293999992209137,27.13210000001709,500,566,17.88399999986723,27.181299999938343,False,566,0.0177000001713167,0.0314999997499398,0.0186000006578979,8.941899999626912,0.1354000005449052,0.028099999326514,17.88399999986723,0.1239000002897228,0.0,27.13210000001709,27.181299999938343,27.145999999447668,500,500,333.0,1501.5015015015017,,False,10.548199999902867
2340,exp1-completion-paced,66,264,0.2761000005193637,1.2330999998084735,31.26299999985349,30.029900000045014,0.0178000000232714,21.259200000713463,500,567,15.759699999762232,21.319600000424543,False,567,0.0362000000677653,0.024199999643315,0.0172000000020489,5.199800000809773,0.1207999994221609,0.030900000638212,15.759699999762232,0.1305999994656304,0.0,21.259200000713463,21.319600000424543,21.265499999572057,500,500,333.0,1501.5015015015017,,False,9.943399999428948
2341,exp1-completion-paced,66,264,0.2685999997993349,1.7254000003958936,39.24850000021252,37.52309999981662,0.0191999997696257,23.57310000024881,500,568,16.84780000050523,23.624600000403007,False,568,0.022000000171829,0.029499999982363,0.0179999997271806,6.425300000046264,0.1269000003958353,0.0295999998343177,16.84780000050523,0.1251999992746277,0.0,23.57310000024881,23.624600000403007,23.58060000005935,500,500,333.0,1501.5015015015017,,False,15.623899999809517
2342,exp1-completion-paced,66,264,0.2764000000752276,0.055399999837391,42.025000000649015,41.96960000081162,0.0196999999388935,23.042000000714324,500,569,16.954700000496814,23.09060000061436,False,569,0.0225000003410968,0.0260999995589372,0.0185000008059432,5.783099999462138,0.1260999997612089,0.0288000001091859,16.954700000496814,0.130699999317585,0.0,23.042000000714324,23.09060000061436,23.050099999636583,500,500,333.0,1501.5015015015017,,False,18.934400000034657
2343,exp1-completion-paced,66,264,0.2675000005183392,2.7246999998169485,38.28220000013971,35.55750000032276,0.0193999994735349,25.74789999925997,500,570,15.423599999849102,25.82319999964966,False,570,0.0300000001516309,0.0453000002380576,0.0194999993254896,10.021600000072796,0.1264000002265675,0.0292000004264991,15.423599999849102,0.1274999995075632,0.0,25.74789999925997,25.82319999964966,25.75639999940904,500,500,333.0,1501.5015015015017,,False,12.45900000049005
2344,exp1-completion-paced,66,264,0.2803999996103812,2.240400000118825,31.228699999701348,28.988299999582523,0.0218000004679197,21.42290000028879,500,571,15.632600000571983,21.46919999995589,False,571,0.0198999996428028,0.0264000000242958,0.0177000001713167,5.500399999618821,0.121699999908742,0.0281000002360087,15.632600000571983,0.1220999993165605,0.0,21.42290000028879,21.46919999995589,21.429499999612744,500,500,333.0,1501.5015015015017,,False,9.759499999745458
2345,exp1-completion-paced,66,264,0.2755000004981411,1.2599000001500826,30.175400000189256,28.915500000039174,0.0202999999601161,22.53949999976612,500,572,16.78139999967243,22.584500000448315,False,572,0.0196000000869389,0.0254000005952548,0.0173999997059581,5.46920000033424,0.1257999992958502,0.0278000006801448,16.78139999967243,0.1176999994640937,0.0,22.53949999976612,22.584500000448315,22.54609999999957,500,500,333.0,1501.5015015015017,,False,7.590899999740941
2346,exp1-completion-paced,66,264,0.2767000005405862,1.7687999998088344,34.880100000009406,33.11130000020057,0.0196999999388935,20.548800000142364,500,573,15.266399999745772,20.61350000076345,False,573,0.0213000002986518,0.0434000003224355,0.017899999875226,4.989299999579089,0.1203000001623877,0.0300000001516309,15.266399999745772,0.1247000000148546,0.0,20.548800000142364,20.61350000076345,20.562699999572946,500,500,333.0,1501.5015015015017,,False,14.266599999245955
2347,exp1-completion-paced,66,264,0.2783999998428044,1.195900000311667,35.67930000008346,34.48339999977179,0.0186999996003578,23.47399999962363,500,574,16.015299999708077,23.531099999672733,False,574,0.02059999951598,0.0365000005331239,0.0184000000444939,7.110699999429926,0.1858000005086069,0.0283999997918726,16.015299999708077,0.1152000004367437,0.0,23.47399999962363,23.531099999672733,23.481500000343654,500,500,333.0,1501.5015015015017,,False,12.148200000410725
2348,exp1-completion-paced,66,264,0.2905999999711639,1.2294000007386785,32.815300000038405,31.585899999299727,0.0180999995791353,21.039100000052716,500,575,15.42200000039884,21.083700000417597,False,575,0.0201000002562068,0.0245000001086737,0.0170000002981396,5.333499999323976,0.1229000008606817,0.0303999995594494,15.42200000039884,0.1130999999077175,0.0,21.039100000052716,21.083700000417597,21.04490000056103,500,500,333.0,1501.5015015015017,,False,11.731599999620808
2349,exp1-completion-paced,66,264,0.2764000000752276,2.722999999605236,39.24409999945056,36.52109999984532,0.0201000002562068,21.852099999705388,500,576,16.147299999829556,21.898199999668577,False,576,0.0200999993467121,0.0260000006164773,0.0171000001500942,5.418299999291776,0.1239000002897228,0.0292000004264991,16.147299999829556,0.1161000000138301,0.0,21.852099999705388,21.898199999668577,21.858099999917613,500,500,333.0,1501.5015015015017,,False,17.345899999781984
2350,exp1-completion-paced,66,264,0.269299999672512,1.2111000005461392,38.35380000055011,37.14270000000397,0.0221000000237836,23.346299999502666,500,577,15.973200000189536,23.398100000122213,False,577,0.0196000000869389,0.0322000005326117,0.0240999997913604,6.748199999492499,0.3632000007200986,0.121499999295338,15.973200000189536,0.1157000006060116,0.0,23.346299999502666,23.398100000122213,23.353300000053423,500,500,333.0,1501.5015015015017,,False,14.955700000427896
2351,exp1-completion-paced,66,264,0.2866000004360103,1.270700000532088,34.31060000002617,33.03989999949408,0.0191999997696257,24.09099999931641,500,578,18.815599999470574,24.136499999258376,False,578,0.0181999994310899,0.027300000510877,0.0174999995579128,4.997300000468385,0.1271999999516992,0.0301999998555402,18.815599999470574,0.1031000001603388,0.0,24.09099999931641,24.136499999258376,24.09799999986717,500,500,333.0,1501.5015015015017,,False,10.174100000767794
2352,exp1-completion-paced,66,264,0.2669000004971167,1.221800000166695,39.81909999947675,38.59729999931005,0.0286999993477365,20.811200000025565,500,579,15.320499999688764,20.92229999925621,False,579,0.0218999994103796,0.0891999998202663,0.0202000001081614,5.226300000686024,0.1206999995702062,0.0294000001304084,15.320499999688764,0.0939000001380918,0.0,20.811200000025565,20.92229999925621,20.844900000156485,500,500,333.0,1501.5015015015017,,False,18.896800000220537
2353,exp1-completion-paced,66,264,0.2713999992920435,0.0494000005346606,31.24889999980951,31.19949999927485,0.0197999997908482,22.00730000004114,500,580,16.534600000341015,22.04949999941164,False,580,0.0187999994523124,0.0233999999181833,0.0165999999808263,5.214400000113528,0.1222000000780099,0.0294000001304084,16.534600000341015,0.0898999996934435,0.0,22.00730000004114,22.04949999941164,22.01359999980923,500,500,333.0,1501.5015015015017,,False,9.199400000397869
2354,exp1-completion-paced,66,264,0.2785000006042537,1.2325000006967457,35.17290000036155,33.940399999664805,0.0195000002349843,22.09300000049552,500,581,17.000100000586826,22.142300000268733,False,581,0.0215000000025611,0.0277999997706501,0.0170000002981396,4.839999999603606,0.1185000000987201,0.0307000000248081,17.000100000586826,0.0864999992700177,0.0,22.09300000049552,22.142300000268733,22.100399999544607,500,500,333.0,1501.5015015015017,,False,13.030600000092818
2355,exp1-completion-paced,66,264,0.2901999996538507,1.1191999992661297,30.562399999325866,29.443200000059733,0.0288000001091859,21.21220000026369,500,582,15.350300000136484,21.453000000292377,False,582,0.0187999994523124,0.2220000005763722,0.0247999996645376,5.580200000622426,0.1242999996975413,0.0282000000879634,15.350300000136484,0.1040999995893798,0.0,21.21220000026369,21.453000000292377,21.240000000034343,500,500,333.0,1501.5015015015017,,False,9.109399999033489
2356,exp1-completion-paced,66,264,0.2767000005405862,1.2139999998908024,33.19439999995666,31.980400000065856,0.0185999997484032,22.050300000046263,500,583,16.646600000058243,22.093300000051386,False,583,0.0186999996003578,0.0243000004047644,0.0176000003193621,5.024699999921722,0.1225999994858284,0.0301000000035855,16.646600000058243,0.2082999999402091,0.0,22.050300000046263,22.093300000051386,22.05619999949704,500,500,333.0,1501.5015015015017,,False,11.101099999905273
2357,exp1-completion-paced,66,264,0.3925999999410123,1.2158999998064246,35.00100000019302,33.78510000038659,0.030900000638212,21.42379999986588,500,584,16.22629999928904,21.47089999925811,False,584,0.0203999998120707,0.0266999995801597,0.0177000001713167,4.865400000198861,0.1217999997606966,0.0303000006169895,16.22629999928904,0.1621999999770196,0.0,21.42379999986588,21.47089999925811,21.43129999967641,500,500,333.0,1501.5015015015017,,False,13.530100000934908
2358,exp1-completion-paced,66,264,0.2670999992915313,1.1505000002216548,31.136500000684464,29.98600000046281,0.0182000003405846,20.908499999677588,500,585,15.620699999999488,20.954599999640777,False,585,0.022000000171829,0.0240999997913604,0.0165000001288717,5.022600000302191,0.1217999997606966,0.0281000002360087,15.620699999999488,0.0985999995464226,0.0,20.908499999677588,20.954599999640777,20.9153999994669,500,500,333.0,1501.5015015015017,,False,10.181900001043687
2359,exp1-completion-paced,66,264,0.2716999997574021,1.249199999620032,37.34869999971124,36.09950000009121,0.0335000004270114,20.129300000007788,500,586,15.04300000033254,20.185100000162493,False,586,0.0290000007225899,0.0267999994321144,0.0215999998545157,4.804100000001199,0.1236000007338589,0.0304999994114041,15.04300000033254,0.1062999999703606,0.0,20.129300000007788,20.185100000162493,20.136099999945145,500,500,333.0,1501.5015015015017,,False,17.16359999954875
2360,exp1-completion-paced,66,264,0.2634000002217362,1.8070000005536715,28.280600000471168,26.473599999917496,0.0185000008059432,19.577700000809276,500,587,14.452399999754562,19.624400000793685,False,587,0.0210000007427879,0.025699999241624,0.0173000007634982,4.853499999626365,0.1205999997182516,0.0315000006594345,14.452399999754562,0.1021999996737577,0.0,19.577700000809276,19.624400000793685,19.584900000154448,500,500,333.0,1501.5015015015017,,False,8.656199999677483
2361,exp1-completion-paced,66,264,0.3902999997080769,1.1347999998179148,47.96259999966424,46.82779999984632,0.0211999995372025,37.7650000000358,500,588,29.429500000333064,37.807900000188965,False,588,0.0193999994735349,0.0235000006796326,0.017899999875226,7.938300000205345,0.1265000000785221,0.0296999996862723,29.429500000333064,0.2227999993920093,0.0,37.7650000000358,37.807900000188965,37.77209999952902,500,500,333.0,1501.5015015015017,,False,10.154699999475277
2362,exp1-completion-paced,66,264,0.3937000001315027,1.1222000002817367,28.08320000076492,26.961000000483185,0.0294000001304084,21.860700000615907,500,589,16.508499999872583,21.90630000040983,False,589,0.0198999996428028,0.0257000001511187,0.0186000006578979,4.957899999681104,0.1202000003104331,0.0290999996650498,16.508499999872583,0.2260999999634805,0.0,21.860700000615907,21.90630000040983,21.868199999516943,500,500,333.0,1501.5015015015017,,False,6.17690000035509
2363,exp1-completion-paced,66,264,0.2807000000757398,1.2320000005274778,48.039000000244414,46.806999999716936,0.0207000002774293,28.76800000012736,500,590,23.648100000173145,28.81489999981568,False,590,0.0210999996852478,0.0258000000030733,0.0184999998964485,4.8364000003857655,0.1247000000148546,0.0325999999404302,23.648100000173145,0.1075000000128056,0.0,28.76800000012736,28.81489999981568,28.77580000040325,500,500,333.0,1501.5015015015017,,False,19.224100000428734
2364,exp1-completion-paced,66,264,0.2842000003511202,2.242599999590311,29.739100000369945,27.496500000779637,0.0188000003618071,22.95359999970969,500,591,17.682200000308512,23.05239999986952,False,591,0.0730000001567532,0.0258000000030733,0.0182999992830446,4.9968000002991175,0.1259999999092542,0.0301000000035855,17.682200000308512,0.1000000002022716,0.0,22.95359999970969,23.05239999986952,22.961300000133637,500,500,333.0,1501.5015015015017,,False,6.686700000500423
2365,exp1-completion-paced,66,264,0.2819000001181848,1.2115999998059124,38.37750000002416,37.16590000021824,0.0208999999813386,27.955099999417143,500,592,19.12220000031084,28.00019999995129,False,592,0.019300000531075,0.0258000000030733,0.0189000002137618,8.379599999898346,0.2239999994344543,0.1129000002038083,19.12220000031084,0.0972999996520229,0.0,27.955099999417143,28.00019999995129,27.962399999523768,500,500,333.0,1501.5015015015017,,False,10.377300000072875
2366,exp1-completion-paced,66,264,0.2827999996952712,1.2085999996997998,51.19560000002821,49.98700000032841,0.0209999998332932,31.723300000521704,500,593,21.365799999330196,31.783899999936693,False,593,0.0216999997064704,0.0388999997085193,0.0180000006366753,9.887599999274244,0.2354000007471768,0.1148999999713851,21.365799999330196,0.1013999999486259,0.0,31.723300000521704,31.783899999936693,31.730599999718837,500,500,333.0,1501.5015015015017,,False,19.411700000091514
2367,exp1-completion-paced,66,264,0.2761000005193637,1.2290000004213653,40.03850000026432,38.80949999984296,0.0294000001304084,21.542599999520466,500,594,16.094100000373146,21.585999999842898,False,594,0.0211000005947425,0.0222999997276929,0.0171000001500942,4.936999999699765,0.1240000001416774,0.0302999997074948,16.094100000373146,0.3397999998924206,0.0,21.542599999520466,21.585999999842898,21.548599999732687,500,500,333.0,1501.5015015015017,,False,18.452500000421423
2368,exp1-completion-paced,66,264,0.2845999997589388,1.1905000001206645,39.86550000081479,38.675000000694126,0.0238000002354965,21.685000000616128,500,595,15.973000000485628,21.72950000021956,False,595,0.0207000002774293,0.0237999993260018,0.0186000006578979,5.352399999537738,0.1259999999092542,0.0300000001516309,15.973000000485628,0.1846999994086218,0.0,21.685000000616128,21.72950000021956,21.692399999665213,500,500,333.0,1501.5015015015017,,False,18.13600000059523
2369,exp1-completion-paced,66,264,0.2768000003925408,1.253500000530039,39.69370000049821,38.44019999996817,0.0294000001304084,25.51359999961278,500,596,19.98829999956797,25.566199999957465,False,596,0.0200000004042522,0.0325999999404302,0.0190000000657164,5.123899999489368,0.1444999998057028,0.0642000004518195,19.98829999956797,0.1734000006763381,0.0,25.51359999961278,25.566199999957465,25.52079999986745,500,500,333.0,1501.5015015015017,,False,14.127500000540746
2370,exp1-completion-paced,66,264,0.4666000004363013,0.072300000283576,49.15009999967879,49.07779999939521,0.0531999994564102,38.867799999934505,500,597,28.72979999938252,38.9378999998371,False,597,0.0230000005103647,0.0470999993922305,0.0250000002779415,9.590300000127172,0.226499999371299,0.1174000008177245,28.72979999938252,0.1784000005500274,0.0,38.867799999934505,38.9378999998371,38.87850000046456,500,500,333.0,1501.5015015015017,,False,10.212199999841687
2371,exp1-completion-paced,66,264,0.2813999999489169,1.2151000000812928,32.751200000348035,31.536100000266742,0.0202000001081614,22.499100000459293,500,598,16.083200000139186,22.543000000041506,False,598,0.0195000002349843,0.0243999993472243,0.01810000048863,5.925699999352219,0.2372000008108443,0.1196999992316705,16.083200000139186,0.1149999998233397,0.0,22.499100000459293,22.543000000041506,22.50629999980447,500,500,333.0,1501.5015015015017,,False,10.20820000030653
2372,exp1-completion-paced,66,264,0.2765999997791368,0.1400999999532359,35.645300000396674,35.50520000044344,0.0196000000869389,24.131799999850045,500,599,16.85899999938556,24.179600000024948,False,599,0.0217000006159651,0.0260999995589372,0.0171000001500942,6.858499999907508,0.1296999998885439,0.0303000006169895,16.85899999938556,0.2368000004935311,0.0,24.131799999850045,24.179600000024948,24.138800000400806,500,500,333.0,1501.5015015015017,,False,11.465700000371726
2373,exp1-completion-paced,66,264,0.2791999995679362,1.2538000000859029,32.877300000109244,31.62350000002334,0.0178000000232714,22.25920000000769,500,600,16.781499999524385,22.317799999655108,False,600,0.0203999998120707,0.0381999998353421,0.0184000000444939,5.189000000427768,0.1253999998880317,0.0293000002784538,16.781499999524385,0.1154000001406529,0.0,22.25920000000769,22.317799999655108,22.26599999994505,500,500,333.0,1501.5015015015017,,False,10.559500000454136
2374,exp1-completion-paced,66,264,0.2708000001803157,3.326799999740615,41.10469999977795,37.77790000003733,0.021799999558425,21.88380000006873,500,601,16.273000000182947,21.92509999986214,False,601,0.0189000002137618,0.0223999995796475,0.0183000001925393,5.344999999579159,0.120499999866297,0.0311000003421213,16.273000000182947,0.0956000003498047,0.0,21.88380000006873,21.92509999986214,21.89020000059827,500,500,333.0,1501.5015015015017,,False,19.17959999991581
2375,exp1-completion-paced,66,264,0.2797000006466987,0.7189999996626284,36.571599999660975,35.85259999999835,0.033600000278966,24.70850000008795,500,602,19.168799999533803,24.752799999987477,False,602,0.0193999994735349,0.0249000004259869,0.0178000000232714,5.253999999695225,0.1209000001836102,0.0299000002996763,19.168799999533803,0.1168999997389619,0.0,24.70850000008795,24.752799999987477,24.71479999985604,500,500,333.0,1501.5015015015017,,False,11.818799999673498
2376,exp1-completion-paced,66,264,0.2653000001373584,5.342700000255718,35.34589999981108,30.003199999555363,0.0201000002562068,22.19539999987319,500,603,16.412900000432273,22.24200000000565,False,603,0.021799999558425,0.0248000005740323,0.0173999997059581,5.482600000505045,0.1275999993595178,0.0294000001304084,16.412900000432273,0.1253000000360771,0.0,22.19539999987319,22.24200000000565,22.201600000698814,500,500,333.0,1501.5015015015017,,False,13.103899999805432
2377,exp1-completion-paced,66,264,0.4566999996313825,1.0360999995100428,39.54549999980373,38.50940000029368,0.0216999997064704,21.66439999928116,500,604,16.134600000441424,21.71219999945606,False,604,0.0222999997276929,0.0255000004472094,0.019099999917671,5.155500000000757,0.125599999591941,0.0301000000035855,16.134600000441424,0.1991999997699167,0.0,21.66439999928116,21.71219999945606,21.672200000466542,500,500,333.0,1501.5015015015017,,False,17.83330000034767
2378,exp1-completion-paced,66,264,0.2744000003076507,1.3747000002695131,32.7290000004723,31.354300000202784,0.0184000000444939,22.29689999967377,500,605,16.564699999435106,22.35839999957534,False,605,0.0264000000242958,0.0350999998772749,0.0170000002981396,5.458599999656144,0.1238000004377681,0.0277999997706501,16.564699999435106,0.1048000003720517,0.0,22.29689999967377,22.35839999957534,22.304399999484303,500,500,333.0,1501.5015015015017,,False,10.370600000896957
2379,exp1-completion-paced,66,264,0.2737000004344736,3.754100000151084,34.00300000066636,30.24890000051528,0.016900000446185,22.480100000393577,500,606,16.609799999969255,22.52609999959532,False,606,0.0202999999601161,0.025699999241624,0.0171000001500942,5.586199999925157,0.1324000004387926,0.0276999999186955,16.609799999969255,0.1067000002876739,0.0,22.480100000393577,22.52609999959532,22.48700000018289,500,500,333.0,1501.5015015015017,,False,11.47690000107104
2380,exp1-completion-paced,66,264,0.2765999997791368,1.145899999755784,31.725900000310503,30.58000000055472,0.0187000005098525,21.31109999936598,500,607,15.694900000198686,21.356000000196214,False,607,0.0196000000869389,0.0253000007433001,0.0174999995579128,5.16200000038225,0.1187999996545841,0.0282000000879634,15.694900000198686,0.2893999999287189,0.0,21.31109999936598,21.356000000196214,21.318000000064785,500,500,333.0,1501.5015015015017,,False,10.369900000114288
2381,exp1-completion-paced,66,264,0.2794000001813401,0.7063000002744957,44.414599999981874,43.70829999970738,0.0186999996003578,33.847400000013295,500,608,23.81580000019312,33.8900000006106,False,608,0.0188000003618071,0.0238000002354965,0.0179999997271806,9.530899999845133,0.2401000001555076,0.119000000267988,23.81580000019312,0.1233999992109602,0.0,33.847400000013295,33.8900000006106,33.8540999991892,500,500,333.0,1501.5015015015017,,False,10.524599999371276
2382,exp1-completion-paced,66,264,0.2845000008164788,1.2453999997887877,35.757200000261946,34.51180000047316,0.0260999995589372,20.90169999974023,500,609,15.240799999446608,20.948200000020734,False,609,0.0219000003198743,0.0245999999606283,0.0189000002137618,5.385800000112795,0.125599999591941,0.0292000004264991,15.240799999446608,0.101100000392762,0.0,20.90169999974023,20.948200000020734,20.909500000016124,500,500,333.0,1501.5015015015017,,False,14.809000000241213
2383,exp1-completion-paced,66,264,0.3030000007129274,0.7328000001507462,43.39160000017728,42.65880000002653,0.0200999993467121,26.5175000004092,500,610,20.75390000027255,26.61100000022998,False,610,0.065799999902083,0.0276999999186955,0.0168000005942303,5.414599999312486,0.1249000006282585,0.0297999995382269,20.75390000027255,0.1771999995980877,0.0,26.5175000004092,26.61100000022998,26.523900000029244,500,500,333.0,1501.5015015015017,,False,16.7805999999473
2384,exp1-completion-paced,66,264,0.2780999993774458,3.7333000000217,38.30759999982547,34.57429999980377,0.030999999580672,26.94470000005822,500,611,21.13410000038129,26.992799999788986,False,611,0.0223999995796475,0.0257000001511187,0.0173999997059581,5.445200000394834,0.1274999995075632,0.0318000002152984,21.13410000038129,0.1883999993879115,0.0,26.94470000005822,26.992799999788986,26.95179999955144,500,500,333.0,1501.5015015015017,,False,11.314800000036485
2385,exp1-completion-paced,66,264,0.2932999996119179,3.7755999992441502,41.686299999128096,37.910699999883946,0.0203999998120707,21.621800000502844,500,612,15.89719999992667,21.66370000031748,False,612,0.0188000003618071,0.0230999994528247,0.0190000000657164,5.4103000002214685,0.1251000003321678,0.0328999994962941,15.89719999992667,0.1368000002912595,0.0,21.621800000502844,21.66370000031748,21.627600000101666,500,500,333.0,1501.5015015015017,,False,20.022599998810616
2386,exp1-completion-paced,66,264,0.2759999997579143,1.2236999991728226,41.1006999993333,39.87700000016048,0.0191000008271657,20.25850000063656,500,613,15.156200000092213,20.30749999994441,False,613,0.0228999997489154,0.0260999995589372,0.0188000003618071,4.825099999834492,0.123100000564591,0.0307000000248081,15.156200000092213,0.1043999991452437,0.0,20.25850000063656,20.30749999994441,20.2659999995376,500,500,333.0,1501.5015015015017,,False,20.79319999938889
2387,exp1-completion-paced,66,264,0.2744000003076507,2.753800000391493,36.36750000077882,33.613700000387325,0.0182000003405846,22.21430000008695,500,614,16.83859999957349,22.263500000008207,False,614,0.0215000000025611,0.0276999999186955,0.0387999998565646,4.985599999599799,0.2004000007218564,0.0504999998156563,16.83859999957349,0.1000000002022716,0.0,22.21430000008695,22.263500000008207,22.220500000003085,500,500,333.0,1501.5015015015017,,False,14.104000000770611
2388,exp1-completion-paced,66,264,0.2827999996952712,0.0503999999637017,31.15830000024289,31.107900000279187,0.0212000004466972,20.63610000004701,500,615,15.552500000012516,20.681700000750425,False,615,0.0211000005947425,0.0245000001086737,0.0175999994098674,4.809600000044156,0.1201000004584784,0.0297999995382269,15.552500000012516,0.1062999999703606,0.0,20.63610000004701,20.681700000750425,20.642599999519007,500,500,333.0,1501.5015015015017,,False,10.476599999492464
2389,exp1-completion-paced,66,264,0.2791000006254762,2.7694999998857384,37.78529999999592,35.015800000110175,0.0199000005522975,25.516200000311077,500,616,17.642000000705593,25.59590000055323,False,616,0.0247999996645376,0.0549000005776179,0.0392000001738779,7.357299999966926,0.2672000000529806,0.1195999993797158,17.642000000705593,0.0905999995666206,0.0,25.516200000311077,25.59590000055323,25.52319999995234,500,500,333.0,1501.5015015015017,,False,12.189399999442692
2390,exp1-completion-paced,66,264,0.2795000000332948,2.774100000351609,35.2431000001161,32.46899999976449,0.0203999998120707,20.976199999495293,500,617,15.455199999450995,21.032199999353907,False,617,0.0210999996852478,0.0349000001733657,0.0196000000869389,5.247899999631045,0.1188000005640788,0.0295999998343177,15.455199999450995,0.1049000002240063,0.0,20.976199999495293,21.032199999353907,20.992699999624165,500,500,333.0,1501.5015015015017,,False,14.210900000762194
2391,exp1-completion-paced,66,264,0.3100999992966535,1.1627000003500143,40.34560000036436,39.18290000001434,0.0639999998384155,21.06409999942116,500,618,15.98180000019056,21.31569999983185,False,618,0.0206000004254747,0.2309999999852152,0.0193999994735349,4.816300000129559,0.1185999999506748,0.0311000003421213,15.98180000019056,0.0966999996308004,0.0,21.06409999942116,21.31569999983185,21.10459999948944,500,500,333.0,1501.5015015015017,,False,19.029900000532507
2392,exp1-completion-paced,66,264,0.4443000007086084,1.557900000079826,43.74360000019806,42.18570000011823,0.0188000003618071,20.49520000036864,500,619,15.159499999754187,20.538499999929627,False,619,0.0192999996215803,0.0239999999394058,0.0168000005942303,5.056299999523617,0.1232000004165456,0.0289999998130952,15.159499999754187,0.1103000004150089,0.0,20.49520000036864,20.538499999929627,20.50150000013673,500,500,333.0,1501.5015015015017,,False,23.20510000026843
2393,exp1-completion-paced,66,264,0.2779999995254911,1.1967999998887535,31.77159999995638,30.574800000067626,0.0189000002137618,20.619500000066186,500,620,15.074100000674662,20.6873999995878,False,620,0.0393999998777871,0.0284999996438273,0.0200000004042522,5.190599999878032,0.2028999997492064,0.0302999997074948,15.074100000674662,0.1014999998005805,0.0,20.619500000066186,20.6873999995878,20.62649999970745,500,500,333.0,1501.5015015015017,,False,11.084200000368579
2394,exp1-completion-paced,66,264,0.2806000002237852,1.2267000001884298,38.32719999991241,37.10049999972398,0.0172000000020489,27.86590000050637,500,621,21.265000000312284,27.989899999738554,False,621,0.0419999996665865,0.0819999995655962,0.0172000000020489,6.303600000137521,0.1257000003533903,0.030999999580672,21.265000000312284,0.1232000004165456,0.0,27.86590000050637,27.989899999738554,27.869900000041525,500,500,333.0,1501.5015015015017,,False,10.337300000173855
2395,exp1-completion-paced,66,264,0.4441000000952044,1.1709000000337255,28.14730000045529,26.976400000421563,0.0203999998120707,22.031999999853724,500,622,16.754799999944225,22.07399999952031,False,622,0.0190000000657164,0.02299999960087,0.017899999875226,4.995899999812536,0.1218000006701913,0.0289999998130952,16.754799999944225,0.1123000001825857,0.0,22.031999999853724,22.07399999952031,22.039700000277666,500,500,333.0,1501.5015015015017,,False,6.073300000934978
2396,exp1-completion-paced,66,264,0.2786999993986683,1.2243999999554944,34.26850000050763,33.044100000552135,0.0190000000657164,21.57729999998992,500,623,16.30939999995462,21.62549999957264,False,623,0.0222999997276929,0.025899999855028,0.0302000007650349,4.978999999366351,0.1245000003109453,0.0320999997711624,16.30939999995462,0.1018000002659391,0.0,21.57729999998992,21.62549999957264,21.584099999927275,500,500,333.0,1501.5015015015017,,False,12.64300000093499
2397,exp1-completion-paced,66,264,0.2665000001798034,0.0806000007287366,39.80610000053275,39.725499999804015,0.0626000000920612,23.11920000011014,500,624,17.472699999416363,23.164299999734794,False,624,0.0203999998120707,0.0246999998125829,0.01810000048863,5.368099999941478,0.1220999993165605,0.0291000005745445,17.472699999416363,0.1089000006686546,0.0,23.11920000011014,23.164299999734794,23.12609999989945,500,500,333.0,1501.5015015015017,,False,16.641800000797957
2398,exp1-completion-paced,66,264,0.2696000001378706,4.337499999564898,42.9586999998719,38.621200000307,0.0171000001500942,22.42800000021816,500,625,16.523299999789742,22.55440000044473,False,625,0.0200000004042522,0.1063999998223153,0.0373000002582557,5.383099999562546,0.2387000004091533,0.1118999998652725,16.523299999789742,0.133500000629283,0.0,22.42800000021816,22.55440000044473,22.516200000609388,500,500,333.0,1501.5015015015017,,False,20.404299999427167
2399,exp1-completion-paced,66,264,0.2606999996714876,1.2323000000833415,34.22820000014326,32.99590000005992,0.0200000004042522,25.647899999967198,500,626,17.001299999719777,25.68729999984498,False,626,0.0180000006366753,0.0213999992411118,0.0168000005942303,8.174200000212295,0.2297999999427702,0.1111999999920954,17.001299999719777,0.1144999996540718,0.0,25.647899999967198,25.68729999984498,25.654199999735283,500,500,333.0,1501.5015015015017,,False,8.54090000029828
2400,exp1-completion-paced,66,264,0.2790000007735216,0.1971000001503853,35.71990000000369,35.522799999853305,0.0209999998332932,20.65379999930883,500,627,15.52810000066529,20.71219999925233,False,627,0.0212999993891571,0.0371000005543464,0.0250999992204015,4.837700000280165,0.1232000004165456,0.0305999992633587,15.52810000066529,0.1088999997591599,0.0,20.65379999930883,20.71219999925233,20.66060000015568,500,500,333.0,1501.5015015015017,,False,15.00770000075136
2401,exp1-completion-paced,66,264,0.2911000001404318,0.0452999993285629,39.34879999997065,39.30350000064209,0.0277999997706501,21.608000000014727,500,628,16.45260000077542,21.67210000061459,False,628,0.0196999999388935,0.0444000006609712,0.0169999993886449,4.882500000348955,0.1235999998243642,0.0278999996226048,16.45260000077542,0.1041999994413345,0.0,21.608000000014727,21.67210000061459,21.635000000060245,500,500,333.0,1501.5015015015017,,False,17.67669999935606
2402,exp1-completion-paced,66,264,0.2677999991647084,1.2617000002137502,45.93720000048052,44.675500000266766,0.0190000000657164,20.981399999982383,500,629,15.652300000510875,21.04229999986273,False,629,0.0327999996443395,0.0281000002360087,0.0172000000020489,5.052900000009686,0.1222000000780099,0.0278999996226048,15.652300000510875,0.108600000203296,0.0,20.981399999982383,21.04229999986273,20.988400000533147,500,500,333.0,1501.5015015015017,,False,24.894900000617792
2403,exp1-completion-paced,66,264,0.2779000005830312,1.2689999994108805,38.91889999977138,37.6499000003605,0.0206999993679346,25.075900000047117,500,630,19.487999999910244,25.120700000115903,False,630,0.0199999994947575,0.0248000005740323,0.0181999994310899,5.309900000611378,0.122899999951187,0.027099999897473,19.487999999910244,0.1096999994842917,0.0,25.075900000047117,25.120700000115903,25.083199999244243,500,500,333.0,1501.5015015015017,,False,13.798199999655473
2404,exp1-completion-paced,66,264,0.2805000003718305,1.665599999796541,46.250899999904505,44.58530000010797,0.0325000000884756,31.61040000031789,500,631,23.0517999998483,31.656800000746443,False,631,0.0195000002349843,0.0269000001935637,0.0182000003405846,8.09579999986454,0.2272000001539709,0.1101999996535596,23.0517999998483,0.1069999998435378,0.0,31.61040000031789,31.656800000746443,31.61779999936698,500,500,333.0,1501.5015015015017,,False,14.594099999158061
2405,exp1-completion-paced,66,264,0.279900000350608,0.7408000001305481,28.08840000034252,27.34760000021197,0.0221000000237836,21.57549999992625,500,632,16.441499999928055,21.622600000227976,False,632,0.0194000003830296,0.0276999999186955,0.0182999992830446,4.862100000536884,0.1192999998238519,0.0283999997918726,16.441499999928055,0.1056000000971835,0.0,21.57549999992625,21.622600000227976,21.58369999960996,500,500,333.0,1501.5015015015017,,False,6.465800000114545
2406,exp1-completion-paced,66,264,0.2739000001383829,0.719300000127987,33.78030000021681,33.061000000088825,0.0177000001713167,20.10890000019572,500,633,14.89179999953194,20.156600000518665,False,633,0.0215000000025611,0.0262000003203866,0.0172999998540035,4.93579999965732,0.128200000290235,0.0317000003633438,14.89179999953194,0.1038999998854706,0.0,20.10890000019572,20.156600000518665,20.116099999540893,500,500,333.0,1501.5015015015017,,False,13.623699999698147
2407,exp1-completion-paced,66,264,0.2747999997154693,4.223599999932048,35.79319999971631,31.56959999978426,0.0608000000283937,21.29819999936444,500,634,16.282399999909103,21.34419999947568,False,634,0.0196999999388935,0.0263000001723412,0.0184000000444939,4.750499999317981,0.1222000000780099,0.0282000000879634,16.282399999909103,0.0963000002229819,0.0,21.29819999936444,21.34419999947568,21.30430000033812,500,500,333.0,1501.5015015015017,,False,14.449000000240627
2408,exp1-completion-paced,66,264,0.2659000001585809,1.2280000000828295,37.27310000067519,36.04510000059236,0.0200000004042522,22.893700000167883,500,635,16.018399999666144,22.93920000010985,False,635,0.0222999997276929,0.023200000214274,0.0177000001713167,6.591599999410391,0.1238000004377681,0.0299000002996763,16.018399999666144,0.1119999997172271,0.0,22.893700000167883,22.93920000010985,22.900899999513054,500,500,333.0,1501.5015015015017,,False,14.333900000565343
2409,exp1-completion-paced,66,264,0.2806000002237852,0.0522999998793238,38.31369999988965,38.261400000010326,0.0216999997064704,24.91699999973207,500,636,17.29810000051657,25.00839999993332,False,636,0.0303999995594494,0.0610000006417976,0.0269999991360236,7.307300000320538,0.1438999997844803,0.0325000000884756,17.29810000051657,0.1079999992725788,0.0,24.91699999973207,25.00839999993332,24.92909999909898,500,500,333.0,1501.5015015015017,,False,13.305299999956329
2410,exp1-completion-paced,66,264,0.2727999999478925,0.0452999993285629,38.88699999970413,38.84170000037557,0.0224999994316021,23.836299999857147,500,637,16.352999999980966,23.87650000036956,False,637,0.0175000004674075,0.0227000000450061,0.0279999994745594,7.081000000653148,0.1228000000992324,0.0346999995599617,16.352999999980966,0.2166000003853696,0.0,23.836299999857147,23.87650000036956,23.84260000053473,500,500,333.0,1501.5015015015017,,False,15.01049999933457
2411,exp1-completion-paced,66,264,0.2875000000130967,1.246499999979278,35.67879999991419,34.43229999993491,0.0198999996428028,20.612100000107603,500,638,15.421000000060303,20.70060000005469,False,638,0.060900000789843,0.0275999991572462,0.0176000003193621,4.90780000018276,0.1194999995277612,0.0303000006169895,15.421000000060303,0.1155999998445622,0.0,20.612100000107603,20.70060000005469,20.61920000051032,500,500,333.0,1501.5015015015017,,False,14.978199999859502
2412,exp1-completion-paced,66,264,0.2531000000089989,2.7608000000327597,50.60969999976805,47.848899999735295,0.0199000005522975,31.423999999788062,500,639,24.561500000345404,31.476500000280797,False,639,0.022000000171829,0.0305000003208988,0.0184000000444939,6.579399999282032,0.1232000004165456,0.0308999997287173,24.561500000345404,0.1104000002669636,0.0,31.423999999788062,31.476500000280797,31.43160000036005,500,500,333.0,1501.5015015015017,,False,19.13319999948725
2413,exp1-completion-paced,66,264,0.2783999998428044,1.2228999994476908,45.97319999993488,44.75030000048719,0.0201000002562068,28.12530000028346,500,640,17.88689999921189,28.274500000406988,False,640,0.0202000001081614,0.1290000000153668,0.0266999995801597,9.701700000732671,0.2839999997377163,0.1183000003948109,17.88689999921189,0.1075000000128056,0.0,28.12530000028346,28.274500000406988,28.136799999629147,500,500,333.0,1501.5015015015017,,False,17.69869999952789
2414,exp1-completion-paced,66,264,0.2688000004127389,2.7566999997361563,44.29749999962951,41.54079999989335,0.0190000000657164,21.755499999926545,500,641,16.610900000159745,21.802199999910957,False,641,0.0226000001930515,0.0240999997913604,0.016900000446185,4.833399999370158,0.1523000000815955,0.0350999998772749,16.610900000159745,0.1066000004357192,0.0,21.755499999926545,21.802199999910957,21.762600000329257,500,500,333.0,1501.5015015015017,,False,22.49529999971855
2415,exp1-completion-paced,66,264,0.278499999694759,0.1883999993879115,32.74259999943752,32.554200000049605,0.0195000002349843,24.44409999952768,500,642,19.28769999994984,24.492699999427717,False,642,0.0193999994735349,0.0292000004264991,0.0195000002349843,4.762799999298295,0.1233000002685003,0.0417000001107226,19.28769999994984,0.2087000002575223,0.0,24.44409999952768,24.492699999427717,24.45239999997284,500,500,333.0,1501.5015015015017,,False,8.249900000009806
2416,exp1-completion-paced,66,264,0.2947000002677669,0.0516999998581013,40.3267000001506,40.27500000029249,0.0210999996852478,20.957099999577625,500,643,15.740199999527247,21.006699999816192,False,643,0.0215999998545157,0.0280000003840541,0.0184999998964485,4.939200000080746,0.121699999908742,0.0289999998130952,15.740199999527247,0.1083000006474321,0.0,20.957099999577625,21.006699999816192,20.964300000741787,500,500,333.0,1501.5015015015017,,False,19.32000000033441
2417,exp1-completion-paced,66,264,0.2681000005395617,2.736599999479949,35.75809999983903,33.02150000035908,0.019300000531075,23.020599999654223,500,644,15.486999999666295,23.06339999995544,False,644,0.0188000003618071,0.0239999999394058,0.0170000002981396,7.036099999822909,0.2533999995648628,0.1187000007121241,15.486999999666295,0.1081999998859828,0.0,23.020599999654223,23.06339999995544,23.02719999988767,500,500,333.0,1501.5015015015017,,False,12.694699999883593
2418,exp1-completion-paced,66,264,0.2693999995244667,2.7739000006477,29.74950000043464,26.975599999786937,0.0194999993254896,20.921899999848392,500,645,15.593999999509832,20.96689999962109,False,645,0.0216999997064704,0.0233000000662286,0.0167999996847356,5.018599999857543,0.1244000004589906,0.0355000001945882,15.593999999509832,0.1322999996773433,0.0,20.921899999848392,20.96689999962109,20.92839999932039,500,500,333.0,1501.5015015015017,,False,8.782600000813549
2419,exp1-completion-paced,66,264,0.2660000000105356,2.8616999998121173,42.50870000032592,39.6470000005138,0.0188000003618071,22.901899999851597,500,646,16.232400000262714,22.95159999994212,False,646,0.0186000006578979,0.0310999994326266,0.0184000000444939,6.387299999914831,0.1210999998875195,0.028299999939918,16.232400000262714,0.1142000000982079,0.0,22.901899999851597,22.95159999994212,22.90960000027553,500,500,333.0,1501.5015015015017,,False,19.557100000383805
2420,exp1-completion-paced,66,264,0.2820999998220941,2.7765000004364992,38.465200000246114,35.688699999809614,0.0184999998964485,20.834300000387884,500,647,15.623100000084378,20.887800000309653,False,647,0.0307000000248081,0.0227999998969608,0.0176000003193621,4.939800000101968,0.1201999994009384,0.0287000002572312,15.623100000084378,0.104700000520097,0.0,20.834300000387884,20.887800000309653,20.840600000155973,500,500,333.0,1501.5015015015017,,False,17.57739999993646
2421,exp1-completion-paced,66,264,0.2830000003086752,3.245500000048196,36.225699999704375,32.98019999965618,0.01810000048863,20.223699999405653,500,648,15.091600000232576,20.28969999992114,False,648,0.0208999999813386,0.0451000005341484,0.016699999832781,4.843599999730941,0.125500000649481,0.0410999991800054,15.091600000232576,0.105000000075961,0.0,20.223699999405653,20.28969999992114,20.229799999469837,500,500,333.0,1501.5015015015017,,False,15.935999999783235
2422,exp1-completion-paced,66,264,0.268099999630067,1.224700000420853,32.349900000554044,31.12520000013319,0.0184999998964485,24.081000000478525,500,649,18.53790000041045,24.130000000695876,False,649,0.0198000007003429,0.0291999995170044,0.01810000048863,5.258600000161096,0.1307999991695396,0.0307000000248081,18.53790000041045,0.1045999997586477,0.0,24.081000000478525,24.130000000695876,24.08829999967565,500,500,333.0,1501.5015015015017,,False,8.219899999858168
2423,exp1-completion-paced,66,264,0.2844000000550295,1.206899999488087,38.84999999991123,37.643100000423146,0.0208999999813386,21.041699999841512,500,650,15.642499999557913,21.09210000071471,False,650,0.0182000003405846,0.0322000005326117,0.016699999832781,5.111099999339785,0.139800000397372,0.029499999982363,15.642499999557913,0.1020000008793431,0.0,21.041699999841512,21.09210000071471,21.04790000066714,500,500,333.0,1501.5015015015017,,False,17.757899999196525
2424,exp1-completion-paced,66,264,0.2752999998847372,2.22959999973682,32.147400000212656,29.91780000047584,0.0213999992411118,20.751300000483752,500,651,15.461199999663222,20.795899999939135,False,651,0.0215000000025611,0.0230999994528247,0.0186000006578979,4.997399999410845,0.1265000000785221,0.033600000278966,15.461199999663222,0.1137999997808947,0.0,20.751300000483752,20.795899999939135,20.75869999953284,500,500,333.0,1501.5015015015017,,False,11.351500000273521
2425,exp1-completion-paced,66,264,0.2794000001813401,0.72580000050948,28.20500000052561,27.47920000001613,0.0188000003618071,20.890899999358226,500,652,15.4631999994308,20.94149999993533,False,652,0.0188000003618071,0.0318000002152984,0.0172999998540035,5.095599999549449,0.1568000006955117,0.0288000001091859,15.4631999994308,0.1289000001634122,0.0,20.890899999358226,20.94149999993533,20.897800000057032,500,500,333.0,1501.5015015015017,,False,7.26350000059028
2426,exp1-completion-paced,66,264,0.2709000000322703,1.220900000589609,32.08510000058595,30.864199999996345,0.0177000001713167,21.438100000523264,500,653,15.77409999936208,21.485000000211585,False,653,0.0214000001506065,0.0254999995377147,0.0167000007422757,5.243799999334442,0.1693000003797351,0.034800000321411,15.77409999936208,0.1991999997699167,0.0,21.438100000523264,21.485000000211585,21.445399999720397,500,500,333.0,1501.5015015015017,,False,10.600100000374368
2427,exp1-completion-paced,66,264,0.3006999995704973,0.0448000000687898,42.84889999962616,42.804099999557366,0.0194999993254896,23.951600000145845,500,654,18.65189999989525,23.997199999939767,False,654,0.0208999999813386,0.0246999998125829,0.0164000002769171,5.007199999454315,0.122899999951187,0.0313999998979852,18.65189999989525,0.1216000000567874,0.0,23.951600000145845,23.997199999939767,23.954999999659776,500,500,333.0,1501.5015015015017,,False,18.851699999686396
2428,exp1-completion-paced,66,264,0.2704999997149571,1.2096999998902902,31.68809999988298,30.47839999999269,0.0191000008271657,22.01249999961874,500,655,15.769300000101794,22.054600000046776,False,655,0.0176000003193621,0.0245000001086737,0.0167999996847356,5.950900000243564,0.128200000290235,0.0406999997721868,15.769300000101794,0.1064999996742699,0.0,22.01249999961874,22.054600000046776,22.020100000190723,500,500,333.0,1501.5015015015017,,False,9.633499999836204
2429,exp1-completion-paced,66,264,0.2752000000327825,0.0416000002587679,31.19409999999334,31.152499999734573,0.0196999999388935,21.09010000003764,500,656,16.036699999858683,21.13530000042374,False,656,0.0184999998964485,0.0267000004896544,0.0181999994310899,4.775000000336149,0.1185000000987201,0.0290999996650498,16.036699999858683,0.1124000000345404,0.0,21.09010000003764,21.13530000042374,21.096799999213545,500,500,333.0,1501.5015015015017,,False,10.058799999569601
2430,exp1-completion-paced,66,264,0.2754000006461865,0.7518000002164626,34.420800000589225,33.66900000037276,0.0200000004042522,21.77190000020346,500,657,16.430399999990186,21.81650000056834,False,657,0.0215000000025611,0.0231000003623194,0.016699999832781,4.983499999980268,0.124099999993632,0.0303999995594494,16.430399999990186,0.186500000381784,0.0,21.77190000020346,21.81650000056834,21.778299999823503,500,500,333.0,1501.5015015015017,,False,12.604300000020885
2431,exp1-completion-paced,66,264,0.2753000007942319,2.745100000538514,33.408899999813,30.663799999274488,0.0184999998964485,21.09779999955208,500,658,15.843999999560763,21.191799999542127,False,658,0.0677999996696598,0.0262000003203866,0.0184000000444939,4.964499999914551,0.1232999993590056,0.0298000004477216,15.843999999560763,0.1175000006696791,0.0,21.09779999955208,21.191799999542127,21.1048999999548,500,500,333.0,1501.5015015015017,,False,12.217100000270875
2432,exp1-completion-paced,66,264,0.2827999996952712,1.2325999996392056,48.88479999954143,47.65219999990222,0.0193999994735349,31.205499999487078,500,659,24.2179999995642,31.2579999999798,False,659,0.0219000003198743,0.0306000001728534,0.0163999993674224,6.577699999979814,0.1292000006287708,0.0466999999844119,24.2179999995642,0.2171000005546375,0.0,31.205499999487078,31.2579999999798,31.217600000672974,500,500,333.0,1501.5015015015017,,False,17.62679999956163
2433,exp1-completion-paced,66,264,0.273600000582519,1.251100000445149,38.89350000008562,37.64239999964048,0.0202000001081614,22.94609999989916,500,660,17.320500000096217,22.99299999958748,False,660,0.0201000002562068,0.0267999994321144,0.0187000005098525,5.338599999959115,0.1304999996136757,0.0325999999404302,17.320500000096217,0.1050999999279156,0.0,22.94609999989916,22.99299999958748,22.953799999413604,500,500,333.0,1501.5015015015017,,False,15.900500000498145
2434,exp1-completion-paced,66,264,0.4409000002851826,2.1128999997017672,33.63790000003064,31.525000000328877,0.0204999996640253,22.65090000037162,500,661,17.39590000033786,22.69450000039797,False,661,0.017899999875226,0.0257000001511187,0.01810000048863,4.958099999385013,0.1185999999506748,0.0287000002572312,17.39590000033786,0.1311999994868529,0.0,22.65090000037162,22.69450000039797,22.6580999997168,500,500,333.0,1501.5015015015017,,False,10.943399999632671
2435,exp1-completion-paced,66,264,0.2808999997796491,9.402499999850988,36.46209999988059,27.059600000029604,0.0196999999388935,26.54320000056032,500,662,19.086000000243075,26.662000000214903,False,662,0.0197999997908482,0.0989999998637358,0.0245000001086737,7.164800000282412,0.1309999997829436,0.0282000000879634,19.086000000243075,0.1084999994418467,0.0,26.54320000056032,26.662000000214903,26.57459999954881,500,500,333.0,1501.5015015015017,,False,9.80009999966569
2436,exp1-completion-paced,66,264,0.2749999994193786,1.2356999995972728,43.20719999941503,41.97149999981775,0.0215000000025611,21.62069999940286,500,663,15.958500000124332,21.66679999936605,False,663,0.0216999997064704,0.024400000256719,0.0172999998540035,5.394199999500415,0.1217000008182367,0.0296999996862723,15.958500000124332,0.0990999997156905,0.0,21.62069999940286,21.66679999936605,21.626699999615084,500,500,333.0,1501.5015015015017,,False,21.540400000048983
2437,exp1-completion-paced,66,264,0.2991000001202337,0.6529000002046814,32.130599999618425,31.477699999413744,0.0288999999611405,23.439099999450264,500,664,17.416599999705795,23.48449999954028,False,664,0.0201000002562068,0.0252999998338054,0.0172999998540035,5.744000000049709,0.1264000002265675,0.028299999939918,17.416599999705795,0.106200000118406,0.0,23.439099999450264,23.48449999954028,23.44559999983176,500,500,333.0,1501.5015015015017,,False,8.646100000078146
2438,exp1-completion-paced,66,264,0.2834999995684484,0.0602999998591258,32.738099999733095,32.67779999987397,0.0173999997059581,21.517799999855924,500,665,16.220700000303623,21.568399999523532,False,665,0.0227000000450061,0.0278999996226048,0.016699999832781,5.008800000723568,0.1245999992534052,0.0417999999626772,16.220700000303623,0.105000000075961,0.0,21.517799999855924,21.568399999523532,21.52089999981399,500,500,333.0,1501.5015015015017,,False,11.169700000209563
2439,exp1-completion-paced,66,264,0.4462999995666905,0.0846000002638902,39.48290000062116,39.39830000035727,0.0206000004254747,27.75970000038797,500,666,20.670500000051103,27.8057000004992,False,666,0.0202999999601161,0.0257000001511187,0.0179999997271806,6.745900000169058,0.12700000024779,0.073799999881885,20.670500000051103,0.1242999996975413,0.0,27.75970000038797,27.8057000004992,27.76660000017728,500,500,333.0,1501.5015015015017,,False,11.677200000121957
2440,exp1-completion-paced,66,264,0.2503000005162903,1.2795000002370216,42.90390000005573,41.62439999981871,0.0196999999388935,21.99280000058934,500,667,16.276899999866146,22.04299999993964,False,667,0.0188999993042671,0.0313000000460306,0.0174000006154528,5.386899999393791,0.1429000003554392,0.0442000000475673,16.276899999866146,0.1241999998455867,0.0,21.99280000058934,22.04299999993964,21.999800000230607,500,500,333.0,1501.5015015015017,,False,20.86090000011609
2441,exp1-completion-paced,66,264,0.3149000003759283,0.6751999999323743,40.76170000007551,40.08650000014313,0.0222999997276929,20.88450000064768,500,668,15.19419999931415,20.92680000077962,False,668,0.0196999999388935,0.0226000001930515,0.0182000003405846,5.3871000000071945,0.1242999996975413,0.0298000004477216,15.19419999931415,0.1306000003751251,0.0,20.88450000064768,20.92680000077962,20.89090000026772,500,500,333.0,1501.5015015015017,,False,19.834899999295885
2442,exp1-completion-paced,66,264,0.2762999993137782,1.220899999680114,37.63119999985065,36.41030000017054,0.0223999995796475,21.5528999997332,500,669,15.996799999811628,21.604099999422036,False,669,0.0260999995589372,0.0251000001298962,0.0172000000020489,5.269199999929697,0.1259000000572996,0.0307000000248081,15.996799999811628,0.1128000003518536,0.0,21.5528999997332,21.604099999422036,21.559300000262738,500,500,333.0,1501.5015015015017,,False,16.027100000428614
2443,exp1-completion-paced,66,264,0.2784000007522991,2.738400000453112,36.2753999997949,33.53699999934179,0.017899999875226,21.38829999967129,500,670,15.631500000381491,21.494300000085783,False,670,0.0301999998555402,0.0758000005589565,0.0184999998964485,5.451199999697565,0.1234000001204549,0.0320999997711624,15.631500000381491,0.1314000001002568,0.0,21.38829999967129,21.494300000085783,21.39580000039132,500,500,333.0,1501.5015015015017,,False,14.781099999709117
2444,exp1-completion-paced,66,264,0.2617000000100233,2.77020000066841,34.16890000062267,31.39869999995426,0.0383000005967915,22.596700000576675,500,671,16.043100000388222,22.642800000539864,False,671,0.0221999998757382,0.0239000000874511,0.0182000003405846,6.074799999623792,0.1615000001038424,0.0319000000672531,16.043100000388222,0.2667999997356673,0.0,22.596700000576675,22.642800000539864,22.60370000021794,500,500,333.0,1501.5015015015017,,False,11.526100000082806
2445,exp1-completion-paced,66,264,0.2690000001166481,0.0492999997732113,32.78390000014042,32.73460000036721,0.0196000000869389,21.909200000663983,500,672,16.034399999625748,21.96739999999409,False,672,0.0196999999388935,0.038499999391206,0.0342000003001885,5.560499999774038,0.1248000007763039,0.0283999997918726,16.034399999625748,0.1266999997824314,0.0,21.909200000663983,21.96739999999409,21.91679999941698,500,500,333.0,1501.5015015015017,,False,10.81650000014633
2446,exp1-completion-paced,66,264,0.2704999997149571,0.0606000003244844,33.73840000040218,33.677800000077696,0.0253000007433001,21.76049999980023,500,673,15.907799999695271,21.85290000034001,False,673,0.0681999999869731,0.0242000005528097,0.0178000000232714,5.57459999981802,0.1245000003109453,0.0288999999611405,15.907799999695271,0.1068000001396285,0.0,21.76049999980023,21.85290000034001,21.767000000181724,500,500,333.0,1501.5015015015017,,False,11.88550000006217
2447,exp1-completion-paced,66,264,0.3322000002299319,1.1242999999012682,34.25679999963904,33.132499999737774,0.0199999994947575,21.399400000518654,500,674,15.872500000114089,21.451300000080664,False,674,0.0196000000869389,0.0322999994750716,0.0250000002779415,5.244699999821023,0.1204000000143423,0.0292000004264991,15.872500000114089,0.1075000000128056,0.0,21.399400000518654,21.451300000080664,21.406100000604056,500,500,333.0,1501.5015015015017,,False,12.805499999558378
2448,exp1-completion-paced,66,264,0.2821999996740487,1.22549999923649,39.83449999941513,38.60900000017864,0.0203999998120707,24.270500000056927,500,675,18.377099999270285,24.31669999987207,False,675,0.0200000004042522,0.0261999994108919,0.0164000002769171,5.39909999952215,0.2573000001575565,0.1181000006909016,18.377099999270285,0.102300000435207,0.0,24.270500000056927,24.31669999987207,24.27689999967697,500,500,333.0,1501.5015015015017,,False,15.517799999543058
2449,exp1-completion-paced,66,264,0.2757000002020504,2.18710000081046,34.249000000272645,32.061899999462184,0.0191999997696257,24.13900000010472,500,676,18.44979999987117,24.179600000024948,False,676,0.0195000002349843,0.0210999996852478,0.017899999875226,5.406800000855583,0.1239999992321827,0.0305000003208988,18.44979999987117,0.1098000002457411,0.0,24.13900000010472,24.179600000024948,24.145899999894027,500,500,333.0,1501.5015015015017,,False,10.069400000247697
2450,exp1-completion-paced,66,264,0.2795999998852494,0.0552000001334818,29.808700000103272,29.75349999996979,0.0282000000879634,21.747400000094785,500,677,16.151900000295427,21.813299999848823,False,677,0.0228999997489154,0.0430000000051222,0.0159999999596038,5.30239999989135,0.1224999996338738,0.028299999939918,16.151900000295427,0.1260999997612089,0.0,21.747400000094785,21.813299999848823,21.750599999904807,500,500,333.0,1501.5015015015017,,False,7.995400000254449
2451,exp1-completion-paced,66,264,0.2770999999484047,1.2393999995765623,31.132899999647638,29.89350000007107,0.0257000001511187,22.199900000487105,500,678,16.408200000114448,22.24660000047152,False,678,0.0207000002774293,0.0259999997069826,0.0160999998115585,5.491100000654114,0.1248999997187638,0.0326999997923849,16.408200000114448,0.1266999997824314,0.0,22.199900000487105,22.24660000047152,22.202799999831768,500,500,333.0,1501.5015015015017,,False,8.886299999176117
2452,exp1-completion-paced,66,264,0.3111999994871439,1.1219000007258728,38.66610000022774,37.54419999950187,0.0208000001293839,22.466000000349595,500,679,16.607999999905587,22.510099999635717,False,679,0.0195999991774442,0.0245000001086737,0.0182000003405846,5.554700000175217,0.1289000001634122,0.0327999996443395,16.607999999905587,0.1232000004165456,0.0,22.466000000349595,22.510099999635717,22.473200000604265,500,500,333.0,1501.5015015015017,,False,16.156000000592027
2453,exp1-completion-paced,66,264,0.2734999998210696,3.769500000089465,36.748200000147335,32.97870000005787,0.0212999993891571,23.258000000168977,500,680,16.83560000037687,23.48419999998441,False,680,0.0210999996852478,0.2051000001301872,0.0252999998338054,6.108999999923981,0.12940000033268,0.0308999997287173,16.83560000037687,0.1275999993595178,0.0,23.258000000168977,23.48419999998441,23.291699999390403,500,500,333.0,1501.5015015015017,,False,13.264000000162927
2454,exp1-completion-paced,66,264,0.2687999995032442,2.9053999996904167,38.715300000149,35.80990000045858,0.0192999996215803,22.304000000076485,500,681,16.454999999950815,22.35389999987092,False,681,0.0255000004472094,0.0243999993472243,0.0170000002981396,5.487200000061421,0.1664000001255772,0.032400000236521,16.454999999950815,0.1456999998481478,0.0,22.304000000076485,22.35389999987092,22.3108999998658,500,500,333.0,1501.5015015015017,,False,16.36140000027808
2455,exp1-completion-paced,66,264,0.2703999998630024,2.76430000030814,36.4835000000312,33.71919999972306,0.0203999998120707,22.556300000360352,500,682,16.698599999472208,22.75980000013078,False,682,0.0334999995175167,0.1700000002529123,0.0365000005331239,5.52719999996043,0.1276999992114724,0.029700000595767,16.698599999472208,0.1363000001219916,0.0,22.556300000360352,22.75980000013078,22.582799999327108,500,500,333.0,1501.5015015015017,,False,13.723699999900418
2456,exp1-completion-paced,66,264,0.2635999999256455,2.6925000001938315,38.18169999976817,35.48919999957434,0.0187000005098525,26.10619999995833,500,683,18.7261999999464,26.16039999975328,False,683,0.0226000001930515,0.0315999996018945,0.0251999999818508,7.073599999785074,0.1360000005661277,0.0287000002572312,18.7261999999464,0.1162999997177394,0.0,26.10619999995833,26.16039999975328,26.116199999705717,500,500,333.0,1501.5015015015017,,False,12.02130000001489
2457,exp1-completion-paced,66,264,0.266899999587622,1.2391000000206986,36.78169999966485,35.54259999964415,0.0187999994523124,25.08719999968889,500,684,18.801000000166823,25.131100000180595,False,684,0.0202000001081614,0.0237000003835419,0.0192999996215803,5.891699999665434,0.1297000007980386,0.0287999991996912,18.801000000166823,0.2164000006814603,0.0,25.08719999968889,25.131100000180595,25.095300000430143,500,500,333.0,1501.5015015015017,,False,11.650599999484257
2458,exp1-completion-paced,66,264,0.2803999996103812,1.2176000000181375,39.825500000006286,38.60789999998815,0.0206999993679346,24.49389999947016,500,685,18.005700000685465,24.54539999962435,False,685,0.019099999917671,0.032400000236521,0.0165000001288717,6.200799999533047,0.1302000000578118,0.0302999997074948,18.005700000685465,0.1101999996535596,0.0,24.49389999947016,24.54539999962435,24.497299999893585,500,500,333.0,1501.5015015015017,,False,15.280100000381935
2459,exp1-completion-paced,66,264,0.2720000002227607,1.7510999996375176,32.30530000018916,30.55420000055165,0.0202999999601161,26.01370000047609,500,686,19.787999999607564,26.05850000054488,False,686,0.0196999999388935,0.0251000001298962,0.0180000006366753,5.679699999745935,0.2931999997599632,0.1253000000360771,19.787999999607564,0.1093000000764732,0.0,26.01370000047609,26.05850000054488,26.02059999935591,500,500,333.0,1501.5015015015017,,False,6.246799999644285
2460,exp1-completion-paced,66,264,0.2739999999903375,1.2069000003975816,32.7753000001394,31.56839999974181,0.0191999997696257,21.68900000015128,500,687,15.964500000336557,21.98589999989053,False,687,0.0215999998545157,0.2752999998847372,0.0227999998969608,5.414000000200758,0.1235999998243642,0.0411000000895001,15.964500000336557,0.1227999991897377,0.0,21.68900000015128,21.98589999989053,21.81479999944713,500,500,333.0,1501.5015015015017,,False,10.789400000248872
2461,exp1-completion-paced,66,264,0.2716000008149422,1.2410999997882757,42.84069999994245,41.59960000015417,0.0165000001288717,22.42960000057792,500,688,16.352200000255834,22.47460000035062,False,688,0.0194000003830296,0.0255999993896693,0.0177000001713167,5.785299999843119,0.1298000006499933,0.0409999993280507,16.352200000255834,0.103500000477652,0.0,22.42960000057792,22.47460000035062,22.436900000684545,500,500,333.0,1501.5015015015017,,False,20.36609999959183
2462,exp1-completion-paced,66,264,0.2715000000534928,1.2085999996997998,37.17150000011316,35.96290000041336,0.0196000000869389,22.055899999941172,500,689,16.21979999981704,22.10209999975632,False,689,0.0221999998757382,0.0239999999394058,0.0176000003193621,5.538999999771477,0.1271000000997446,0.0295999998343177,16.21979999981704,0.1226000003953231,0.0,22.055899999941172,22.10209999975632,22.06339999975171,500,500,333.0,1501.5015015015017,,False,15.069400000356843
2463,exp1-completion-paced,66,264,0.2727000000959378,2.749500000390981,35.278700000162644,32.52919999977166,0.0214000001506065,22.73129999957746,500,690,16.00589999998192,22.92119999947317,False,690,0.0196000000869389,0.1702999998087762,0.0247999996645376,6.437100000766804,0.1256999994438956,0.028299999939918,16.00589999998192,0.1093000000764732,0.0,22.73129999957746,22.92119999947317,22.7521999995588,500,500,333.0,1501.5015015015017,,False,12.357500000689473
2464,exp1-completion-paced,66,264,0.2764999999271822,2.757500000370783,34.15580000000773,31.398299999636947,0.0201000002562068,22.19359999980952,500,691,15.851600000132748,22.23870000034367,False,691,0.0195000002349843,0.025600000299164,0.0177000001713167,6.050799999684386,0.1296999998885439,0.0325000000884756,15.851600000132748,0.1110000002881861,0.0,22.19359999980952,22.23870000034367,22.201200000381505,500,500,333.0,1501.5015015015017,,False,11.91709999966406
2465,exp1-completion-paced,66,264,0.3047000000151456,0.0513999993927427,42.595999999321066,42.54459999992832,0.0224000004891422,25.93650000017078,500,692,17.492500000116706,25.988400000642287,False,692,0.0260000006164773,0.025899999855028,0.0172000000020489,8.091099999546714,0.1266999997824314,0.029700000595767,17.492500000116706,0.1788999998098006,0.0,25.93650000017078,25.988400000642287,25.94270000008692,500,500,333.0,1501.5015015015017,,False,16.60759999867878
2466,exp1-completion-paced,66,264,0.2803000006679212,1.1990000002697343,34.95580000071641,33.756800000446674,0.0183000001925393,23.026300000310584,500,693,17.22790000076202,23.070900000675465,False,693,0.0207000002774293,0.0239000000874511,0.0180999995791353,5.509500000698608,0.1271000000997446,0.0311999992845812,17.22790000076202,0.1120999995691818,0.0,23.026300000310584,23.070900000675465,23.034099999676982,500,500,333.0,1501.5015015015017,,False,11.884900000040943
2467,exp1-completion-paced,66,264,0.2798999994411133,1.2110999996366445,31.301500000154192,30.090400000517548,0.0368999999409425,22.447500000453147,500,694,16.256699999757984,22.512400000778143,False,694,0.019300000531075,0.0455999997939216,0.0185999997484032,5.892799999855924,0.1308000000790343,0.033600000278966,16.256699999757984,0.1148000001194304,0.0,22.447500000453147,22.512400000778143,22.46610000020155,500,500,333.0,1501.5015015015017,,False,8.789099999376049
2468,exp1-completion-paced,66,264,0.2968999997392529,2.233700000033423,29.688699999496748,27.454999999463325,0.0191999997696257,21.86040000015055,500,695,15.90699999997014,21.908300000177405,False,695,0.0216999997064704,0.0262000003203866,0.0173999997059581,5.650199999763572,0.1305000005231704,0.0296999996862723,15.90699999997014,0.1253999998880317,0.0,21.86040000015055,21.908300000177405,21.867200000087905,500,500,333.0,1501.5015015015017,,False,7.780399999319343
2469,exp1-completion-paced,66,264,0.4690999994636513,1.0345000000597793,42.57930000039778,41.544800000338,0.0196000000869389,26.69049999985873,500,696,20.54119999957038,26.736499999969965,False,696,0.0207000002774293,0.0252999998338054,0.019099999917671,5.846999999448599,0.1254000007975264,0.0356000000465428,20.54119999957038,0.1220000003741006,0.0,26.69049999985873,26.736499999969965,26.698100000430717,500,500,333.0,1501.5015015015017,,False,15.842800000427815
2470,exp1-completion-paced,66,264,0.2796000007947441,3.2001000008676783,31.07210000052873,27.871999999661057,0.0202999999601161,22.297900000012305,500,697,15.626500000507804,22.348800000145275,False,697,0.0206000004254747,0.0302999997074948,0.0179999997271806,6.170500000735046,0.2341999997952371,0.1323999995292979,15.626500000507804,0.1161000000138301,0.0,22.297900000012305,22.348800000145275,22.30500000041502,500,500,333.0,1501.5015015015017,,False,8.723300000383457
2471,exp1-completion-paced,66,264,0.4597000006469898,1.52669999988575,52.25369999971008,50.72699999982433,0.0355000001945882,41.08480000013515,500,698,30.250799999521405,41.14120000031107,False,698,0.0222999997276929,0.0341000004482339,0.0259999997069826,10.2164999998422,0.2369000003454857,0.1160000001618755,30.250799999521405,0.23830000009184,0.0,41.08480000013515,41.14120000031107,41.09489999973448,500,500,333.0,1501.5015015015017,,False,11.112499999399006
2472,exp1-completion-paced,66,264,0.2826999998433166,1.2441999997463429,43.30689999915194,42.0626999994056,0.022000000171829,20.968900000298163,500,699,15.233600000101433,21.022100000664068,False,699,0.0280000003840541,0.0251999999818508,0.0186999996003578,5.445000000690925,0.1282999992326949,0.0311000003421213,15.233600000101433,0.1119999997172271,0.0,20.968900000298163,21.022100000664068,20.975800000087474,500,500,333.0,1501.5015015015017,,False,22.28479999848787
2473,exp1-completion-paced,66,264,0.2819000001181848,1.2323999999352964,41.33490000003803,40.10250000010274,0.0208999999813386,22.84920000056445,500,700,17.06500000000233,22.896200000104727,False,700,0.0211999995372025,0.0258000000030733,0.0183000001925393,5.367499999920256,0.1236999996763188,0.0300000001516309,17.06500000000233,0.2444000001560198,0.0,22.84920000056445,22.896200000104727,22.856599999613536,500,500,333.0,1501.5015015015017,,False,18.438699999933306
2474,exp1-completion-paced,66,264,0.281100000393053,1.1727999999493477,34.13619999992079,32.96339999997144,0.0189999991562217,20.94660000057047,500,701,15.24619999963761,21.00330000030226,False,701,0.0337999999828753,0.0228999997489154,0.0184000000444939,5.389099999774771,0.1363000001219916,0.0306000001728534,15.24619999963761,0.125800000205345,0.0,20.94660000057047,21.00330000030226,20.952899999429064,500,500,333.0,1501.5015015015017,,False,13.13289999961853
2475,exp1-completion-paced,66,264,0.270799999270821,0.0514000003022374,39.90090000024793,39.84949999994569,0.019099999917671,24.261900000055903,500,702,15.883300000496092,24.31199999955425,False,702,0.0215999998545157,0.0284999996438273,0.0414000005548587,7.743199999822536,0.248700000156532,0.1186999998026294,15.883300000496092,0.2263999995193444,0.0,24.261900000055903,24.31199999955425,24.268299999675943,500,500,333.0,1501.5015015015017,,False,15.58890000069368
2476,exp1-completion-paced,66,264,0.2767000005405862,0.7044000003588735,32.443099999909464,31.73869999955059,0.0199999994947575,25.14329999939946,500,703,15.584699999635632,25.202599999829545,False,703,0.0208000001293839,0.0385000003007007,0.016699999832781,9.278300000005402,0.1234999999724095,0.0319999999192077,15.584699999635632,0.1080000001820735,0.0,25.14329999939946,25.202599999829545,25.149099999907776,500,500,333.0,1501.5015015015017,,False,7.240500000079919
2477,exp1-completion-paced,66,264,0.2906999998231185,1.235400000041409,41.973200000029465,40.737799999988056,0.0317999993058037,22.04559999972844,500,704,16.98359999954846,22.09919999950216,False,704,0.0208999999813386,0.0326999997923849,0.0178000000232714,4.79410000025382,0.1187999996545841,0.0288000001091859,16.98359999954846,0.102300000435207,0.0,22.04559999972844,22.09919999950216,22.052799999983108,500,500,333.0,1501.5015015015017,,False,19.874000000527303
2478,exp1-completion-paced,66,264,0.2761000005193637,1.2253000004420755,34.616900000401074,33.391599999959,0.0174000006154528,27.32899999955407,500,705,17.897499999889988,27.375699999538483,False,705,0.0219000003198743,0.0247999996645376,0.0173999997059581,8.82160000037402,0.2561000001151114,0.1230999996550963,17.897499999889988,0.2130000002580345,0.0,27.32899999955407,27.375699999538483,27.336299999660696,500,500,333.0,1501.5015015015017,,False,7.241200000862591
2479,exp1-completion-paced,66,264,0.2709000000322703,0.0514000003022374,37.93099999984406,37.879599999541824,0.0196000000869389,25.004699999954028,500,706,19.52729999993608,25.052799999684797,False,706,0.0196000000869389,0.0284999996438273,0.017899999875226,5.098900000120921,0.1227000002472777,0.0272999996013822,19.52729999993608,0.2104000004692352,0.0,25.004699999954028,25.052799999684797,25.01219999976456,500,500,333.0,1501.5015015015017,,False,12.878200000159264
2480,exp1-completion-paced,66,264,0.2754999995886464,0.0840000002426677,35.62529999999242,35.541299999749754,0.0263000001723412,21.05630000005476,500,707,16.047600000092643,21.101199999975503,False,707,0.0213000002986518,0.0235999996220925,0.0184999998964485,4.729600000246137,0.1212999995914287,0.0329000004057888,16.047600000092643,0.1060999993569566,0.0,21.05630000005476,21.101199999975503,21.063399999547983,500,500,333.0,1501.5015015015017,,False,14.524100000016919
2481,exp1-completion-paced,66,264,0.2759999997579143,1.320800000030431,38.34220000044297,37.02140000041254,0.0176000003193621,27.69220000027417,500,708,18.521599999985483,27.739500000279804,False,708,0.0196000000869389,0.0276999999186955,0.0179999997271806,8.692500000506698,0.2246999993076315,0.1122000003306311,18.521599999985483,0.1229999998031416,0.0,27.69220000027417,27.739500000279804,27.69910000006348,500,500,333.0,1501.5015015015017,,False,10.602700000163168
2482,exp1-completion-paced,66,264,0.252599999839731,1.315400000748923,33.31419999994978,31.998799999200852,0.019099999917671,21.965699999782373,500,709,16.149400000358582,22.011600000041653,False,709,0.0190000000657164,0.0269000001935637,0.0184000000444939,5.536099999517319,0.1262000005226582,0.0286999993477365,16.149400000358582,0.1067000002876739,0.0,21.965699999782373,22.011600000041653,21.97260000048118,500,500,333.0,1501.5015015015017,,False,11.302599999908125
2483,exp1-completion-paced,66,264,0.2854000003935653,0.0709000005372217,47.4197000003187,47.34879999978148,0.0241000007008551,34.78220000033616,500,710,25.14359999986482,34.9077999999281,False,710,0.0242999994952697,0.1013000000966712,0.0264999998762505,9.165200000097684,0.2296000002388609,0.1155999998445622,25.14359999986482,0.1014999998005805,0.0,34.78220000033616,34.9077999999281,34.79279999919527,500,500,333.0,1501.5015015015017,,False,12.511900000390597
2484,exp1-completion-paced,66,264,0.2726999991864431,1.198899999508285,29.610100000354574,28.411200000846293,0.0202999999601161,21.426499999506632,500,711,16.56820000061998,21.48140000008425,False,711,0.0228000008064555,0.0320999997711624,0.0161999996635131,4.58859999980632,0.119000000267988,0.0320999997711624,16.56820000061998,0.1021999996737577,0.0,21.426499999506632,21.48140000008425,21.42999999978201,500,500,333.0,1501.5015015015017,,False,8.128700000270324
2485,exp1-completion-paced,66,264,0.4612000002452987,2.55749999996624,33.65900000062538,31.101500000659144,0.0180000006366753,21.713699999963865,500,712,14.662299999145034,21.778400000584952,False,712,0.0202999999601161,0.0444000006609712,0.0216999997064704,6.781099999898288,0.121699999908742,0.0279000005320995,14.662299999145034,0.0987000003078719,0.0,21.713699999963865,21.778400000584952,21.721699999943667,500,500,333.0,1501.5015015015017,,False,11.880600000040431
2486,exp1-completion-paced,66,264,0.2791999995679362,1.2293999998291838,36.83900000032736,35.609600000498176,0.0198999996428028,25.336499999866646,500,713,18.49969999966561,25.39040000010573,False,713,0.0215000000025611,0.032400000236521,0.0262000003203866,6.359599999996135,0.230599999667902,0.1202000003104331,18.49969999966561,0.0999000003503169,0.0,25.336499999866646,25.39040000010573,25.342100000671053,500,500,333.0,1501.5015015015017,,False,11.448600000221631
2487,exp1-completion-paced,66,264,0.2628000002005137,7.352300000093237,43.4596999994028,36.10739999930957,0.0240999997913604,22.80640000026324,500,714,15.640100000382516,22.97679999992397,False,714,0.0316999994538491,0.1387000002068816,0.037499999962165,6.675600000562554,0.2372999997533043,0.1181999996333615,15.640100000382516,0.0974999993559322,0.0,22.80640000026324,22.97679999992397,22.816599999714526,500,500,333.0,1501.5015015015017,,False,20.482899999478832
2488,exp1-completion-paced,66,264,0.2835000004779431,4.243500000484346,35.220400000071095,30.97689999958675,0.0207999992198892,26.64709999953629,500,715,19.24719999988156,26.69199999945704,False,715,0.02059999951598,0.0243000004047644,0.0179999997271806,6.924100000105682,0.237100000049395,0.1191000001199427,19.24719999988156,0.1013999999486259,0.0,26.64709999953629,26.69199999945704,26.65309999974852,500,500,333.0,1501.5015015015017,,False,8.528400000614056
2489,exp1-completion-paced,66,264,0.2730000005612965,1.1929999991480145,39.8695999992924,38.67660000014439,0.0184000000444939,19.405000000006112,500,716,14.602299999751269,19.45270000032906,False,716,0.0190000000657164,0.0287000002572312,0.0195000002349843,4.536999999800173,0.1185999999506748,0.0311000003421213,14.602299999751269,0.0963000002229819,0.0,19.405000000006112,19.45270000032906,19.413400000303227,500,500,333.0,1501.5015015015017,,False,20.416899998963338
2490,exp1-completion-paced,66,264,0.2848000003723427,1.22300000020914,35.251800000878575,34.028800000669435,0.0186999996003578,23.76300000014453,500,717,17.672099999799684,23.80989999983285,False,717,0.0224999994316021,0.024400000256719,0.016699999832781,5.620400000225345,0.2420999999230844,0.1153000002886983,17.672099999799684,0.0962000003710272,0.0,23.76300000014453,23.80989999983285,23.770300000251154,500,500,333.0,1501.5015015015017,,False,11.441900001045724
2491,exp1-completion-paced,66,264,0.2885999992940924,1.1582000006455928,39.74880000077974,38.59060000013415,0.0202999999601161,22.571900000002643,500,718,17.46999999977561,22.61730000009265,False,718,0.0201000002562068,0.0252999998338054,0.0184999998964485,4.714900000180933,0.1235999998243642,0.0294000001304084,17.46999999977561,0.2152000006390153,0.0,22.571900000002643,22.61730000009265,22.579500000574622,500,500,333.0,1501.5015015015017,,False,17.131500000687087
2492,exp1-completion-paced,66,264,0.2761999994618236,1.2034999999741558,43.88970000036352,42.68620000038936,0.0195000002349843,21.51770000000397,500,719,15.39260000026843,21.566599999459868,False,719,0.0228999997489154,0.0259999997069826,0.0188000003618071,5.825600000207487,0.1474999999118154,0.0307000000248081,15.39260000026843,0.102099999821803,0.0,21.51770000000397,21.566599999459868,21.52470000055473,500,500,333.0,1501.5015015015017,,False,22.32310000090365
2493,exp1-completion-paced,66,264,0.2589000005173147,0.7356000005529495,42.9509000005055,42.21529999995255,0.0203999998120707,22.65209999950457,500,720,17.682899999272195,22.707299999638053,False,720,0.0298999993901816,0.0253000007433001,0.0172999998540035,4.612799999449635,0.1228000000992324,0.030900000638212,17.682899999272195,0.1851000006354297,0.0,22.65209999950457,22.707299999638053,22.65810000062629,500,500,333.0,1501.5015015015017,,False,20.243600000867445
2494,exp1-completion-paced,66,264,0.2830999992511351,2.749500000390981,37.530700000388606,34.781199999997625,0.0190000000657164,24.811500000396336,500,721,18.20809999935591,24.87450000080571,False,721,0.0282000000879634,0.034800000321411,0.0367000002370332,6.245200000194018,0.1698999994914629,0.0501000004078378,18.20809999935591,0.1013000000966712,0.0,24.811500000396336,24.87450000080571,24.814899999910267,500,500,333.0,1501.5015015015017,,False,12.656199999582896
2495,exp1-completion-paced,66,264,0.2833999997164937,1.2420000002748566,39.713299999675655,38.4712999994008,0.021799999558425,24.483400000463007,500,722,19.240300000092248,24.55019999979413,False,722,0.0382999996872968,0.0284999996438273,0.0165000001288717,4.893400000582915,0.1219999994646059,0.0417000001107226,19.240300000092248,0.1691999996182858,0.0,24.483400000463007,24.55019999979413,24.48610000010376,500,500,333.0,1501.5015015015017,,False,15.163099999881524
2496,exp1-completion-paced,66,264,0.278700000308163,1.2483999998949002,42.811400000573485,41.563000000678585,0.0189999991562217,22.147200000290468,500,723,16.38950000051409,22.208800000043997,False,723,0.0210999996852478,0.0405000000682775,0.0178000000232714,5.500900000697584,0.1193999996758066,0.0290999996650498,16.38950000051409,0.0903999998627114,0.0,22.147200000290468,22.208800000043997,22.15489999980491,500,500,333.0,1501.5015015015017,,False,20.60260000052949
2497,exp1-completion-paced,66,264,0.2584000003480469,1.2393999995765623,31.711399999949208,30.472000000372645,0.0192000006791204,19.63359999990644,500,724,14.746899999408924,19.68620000025112,False,724,0.0197999997908482,0.0328000005538342,0.0181999994310899,4.554400000415626,0.1753999995344202,0.0303000006169895,14.746899999408924,0.1082000007954775,0.0,19.63359999990644,19.68620000025112,19.640800000161107,500,500,333.0,1501.5015015015017,,False,12.025199999698089
2498,exp1-completion-paced,66,264,0.2684999999473803,2.278400000250258,38.32590000001801,36.04749999976775,0.0475999995614984,20.377599999847007,500,725,15.436599999702594,20.423300000402374,False,725,0.0208999999813386,0.0248000005740323,0.0177000001713167,4.678999999669031,0.1222999999299645,0.0288000001091859,15.436599999702594,0.0930000005610054,0.0,20.377599999847007,20.423300000402374,20.38390000052459,500,500,333.0,1501.5015015015017,,False,17.902599999615635
2499,exp1-completion-paced,66,264,0.3463000002739136,2.685000000383297,32.75550000034855,30.07049999996525,0.0184000000444939,20.765899999787507,500,726,15.66499999989901,20.80980000027921,False,726,0.0198000007003429,0.0240999997913604,0.0181999994310899,4.811900000277092,0.1234999999724095,0.0288999999611405,15.66499999989901,0.1182000005428562,0.0,20.765899999787507,20.80980000027921,20.772400000169,500,500,333.0,1501.5015015015017,,False,11.945700000069337
2500,exp1-completion-paced,66,264,0.2954999999928986,2.6838000003408524,32.604600000013306,29.92079999967245,0.0196000000869389,20.69299999948271,500,727,15.58359999944514,20.735499999318563,False,727,0.0188999993042671,0.0236000005315872,0.0182999992830446,4.798200000550423,0.1227000002472777,0.0405000000682775,15.58359999944514,0.1295000001846347,0.0,20.69299999948271,20.735499999318563,20.699200000308338,500,500,333.0,1501.5015015015017,,False,11.869100000694743
2501,exp1-completion-paced,66,264,0.2842000003511202,0.0774999998611747,44.98730000068463,44.90980000082345,0.0200000004042522,21.441699999741104,500,728,15.819100000044273,21.50149999943096,False,728,0.0203999998120707,0.0393999998777871,0.0185999997484032,5.312899999807996,0.1271999999516992,0.0392000001738779,15.819100000044273,0.1244000004589906,0.0,21.441699999741104,21.50149999943096,21.449100000609175,500,500,333.0,1501.5015015015017,,False,23.48580000125367
2502,exp1-completion-paced,66,264,0.3315000003567547,1.1954000001423992,35.24150000066584,34.04610000052344,0.0196000000869389,20.25340000000142,500,729,14.983199999733188,20.298999999795345,False,729,0.0222999997276929,0.0233000000662286,0.0171000001500942,4.978200000550714,0.1242999996975413,0.028299999939918,14.983199999733188,0.1221000002260552,0.0,20.25340000000142,20.298999999795345,20.26079999996,500,500,333.0,1501.5015015015017,,False,14.942500000870492
2503,exp1-completion-paced,66,264,0.3335999999762862,1.1459000006652786,31.03330000067217,29.88740000000689,0.0213000002986518,19.67659999991156,500,730,14.551200000823885,19.71770000000106,False,730,0.017899999875226,0.023200000214274,0.0173999997059581,4.836600000089675,0.117599999612139,0.0289999998130952,14.551200000823885,0.1245999992534052,0.0,19.67659999991156,19.71770000000106,19.68329999999696,500,500,333.0,1501.5015015015017,,False,11.315600000671111
2504,exp1-completion-paced,66,264,0.2711000006456743,1.2471000000005006,33.24869999960356,32.00159999960306,0.0188999993042671,22.88829999997688,500,731,17.589200000657,22.93900000040594,False,731,0.0227000000450061,0.0280000003840541,0.0184999998964485,4.900099999758822,0.1221000002260552,0.0298999993901816,17.589200000657,0.2281999995830119,0.0,22.88829999997688,22.93900000040594,22.89639999980864,500,500,333.0,1501.5015015015017,,False,10.309699999197619
2505,exp1-completion-paced,66,264,0.2802000008159666,1.2434999998731655,35.661699999764096,34.41819999989093,0.0409999993280507,20.861999999397085,500,732,15.5296000002636,20.90559999942343,False,732,0.0202999999601161,0.0233000000662286,0.0180999995791353,5.025600000408304,0.1248999997187638,0.0406999997721868,15.5296000002636,0.1228000000992324,0.0,20.861999999397085,20.90559999942343,20.868399999926623,500,500,333.0,1501.5015015015017,,False,14.756100000340666
2506,exp1-completion-paced,66,264,0.3073000007134396,0.0543000005563953,40.15739999977086,40.103099999214464,0.0203999998120707,20.51810000011756,500,733,14.677300000585092,20.684699999947043,False,733,0.0196000000869389,0.1469999997425475,0.0331999999616527,5.527600000277744,0.1271000000997446,0.0304999994114041,14.677300000585092,0.1220999993165605,0.0,20.51810000011756,20.684699999947043,20.553999999719963,500,500,333.0,1501.5015015015017,,False,19.472699999823817
2507,exp1-completion-paced,66,264,0.2625000006446498,0.0469000005978159,33.831499999905645,33.78459999930783,0.0183000001925393,21.6325000001234,500,734,16.280400000141526,21.67899999949441,False,734,0.0197999997908482,0.0266999995801597,0.0188000003618071,5.043199999818171,0.1263000003746128,0.043799999730254,16.280400000141526,0.1197999999931198,0.0,21.6325000001234,21.67899999949441,21.639800000230025,500,500,333.0,1501.5015015015017,,False,12.152500000411237
2508,exp1-completion-paced,66,264,0.2957000006063026,2.75820000024396,38.713900000402646,35.955700000158686,0.0221000000237836,20.79989999947429,500,735,15.265500000168686,20.845299999564304,False,735,0.0237000003835419,0.0216999997064704,0.0181999994310899,5.238800000370247,0.1250000004802132,0.0305999992633587,15.265500000168686,0.121699999908742,0.0,20.79989999947429,20.845299999564304,20.80659999955969,500,500,333.0,1501.5015015015017,,False,17.86860000083834
2509,exp1-completion-paced,66,264,0.2679999997781124,0.7470999998986372,33.72730000046431,32.980200000565674,0.0181999994310899,23.03280000069208,500,736,15.347799999290146,23.07670000027429,False,736,0.019099999917671,0.0247999996645376,0.0171000001500942,7.152799999857962,0.253799999882176,0.1433000006727525,15.347799999290146,0.117800000225543,0.0,23.03280000069208,23.07670000027429,23.03959999971994,500,500,333.0,1501.5015015015017,,False,10.650600000190021
2510,exp1-completion-paced,66,264,0.2807000000757398,1.2964000006832066,33.699400000841706,32.4030000001585,0.0233999999181833,22.629000000051747,500,737,16.973199999483768,22.676100000353472,False,737,0.0214000001506065,0.0257000001511187,0.0173999997059581,5.23700000030658,0.1246000001628999,0.0301999998555402,16.973199999483768,0.2462000002196873,0.0,22.629000000051747,22.676100000353472,22.635600000285194,500,500,333.0,1501.5015015015017,,False,11.023300000488234
2511,exp1-completion-paced,66,264,0.3065999999307678,4.178299999693991,35.740500000429165,31.56220000073517,0.0192999996215803,23.6998999998832,500,738,16.53470000019297,23.744799999803945,False,738,0.0202000001081614,0.0246999998125829,0.0181999994310899,6.68020000011893,0.2346000001125503,0.1202000003104331,16.53470000019297,0.1118000000133179,0.0,23.6998999998832,23.744799999803945,23.707700000159093,500,500,333.0,1501.5015015015017,,False,11.99570000062522
2512,exp1-completion-paced,66,264,0.2652999992278637,1.2260999992577126,44.28079999979673,43.054700000539015,0.0241000007008551,20.90829999997368,500,739,15.768000000207394,20.955699999831268,False,739,0.0192999996215803,0.0281000002360087,0.01810000048863,4.855399999541987,0.1217999997606966,0.0281000002360087,15.768000000207394,0.1167000000350526,0.0,20.90829999997368,20.955699999831268,20.91530000052444,500,500,333.0,1501.5015015015017,,False,23.32509999996546
2513,exp1-completion-paced,66,264,0.2805000003718305,1.2137000003349383,41.65319999992789,40.43949999959296,0.0203999998120707,28.320000000348955,500,740,22.5799999998344,28.36269999988872,False,740,0.0195000002349843,0.0231999993047793,0.0176000003193621,5.348699999558448,0.1267000006919261,0.0288000001091859,22.5799999998344,0.2180000001317239,0.0,28.320000000348955,28.36269999988872,28.326800000286312,500,500,333.0,1501.5015015015017,,False,13.290500000039174
2514,exp1-completion-paced,66,264,0.2824000002874527,0.0486999997519888,32.653699999173114,32.604999999421125,0.0192999996215803,20.863599999756843,500,741,15.245800000229792,20.913599999403232,False,741,0.0222999997276929,0.0276999999186955,0.0245999999606283,5.059600000095088,0.2988999995068297,0.1203000001623877,15.245800000229792,0.1142000000982079,0.0,20.863599999756843,20.913599999403232,20.870999999715423,500,500,333.0,1501.5015015015017,,False,11.740099999769882
2515,exp1-completion-paced,66,264,0.2704999997149571,1.272399999834306,44.25690000061877,42.98450000078447,0.0239999999394058,22.11729999999079,500,742,16.345199999705073,22.332499999720312,False,742,0.0201999991986667,0.1950000005308538,0.0250000002779415,5.473299999721348,0.122899999951187,0.0287000002572312,16.345199999705073,0.1220000003741006,0.0,22.11729999999079,22.332499999720312,22.12800000052084,500,500,333.0,1501.5015015015017,,False,21.92440000089846
2516,exp1-completion-paced,66,264,0.273399999969115,1.1849000002257526,28.531500000099182,27.346599999873437,0.0481000006402609,19.78779999990365,500,743,14.787799999794515,19.842400000015918,False,743,0.0328000005538342,0.021799999558425,0.0165999999808263,4.714600000625069,0.1211999997394741,0.0289999998130952,14.787799999794515,0.1184000002467655,0.0,19.78779999990365,19.842400000015918,19.794499999989057,500,500,333.0,1501.5015015015017,,False,8.689100000083265
2517,exp1-completion-paced,66,264,0.3427999999985331,1.1709000000337255,42.133200000535,40.96230000050127,0.0184999998964485,19.666899999720044,500,744,14.7067000007155,19.72339999974793,False,744,0.0185999997484032,0.0379000002794782,0.017899999875226,4.668199999287026,0.1211000007970142,0.0379999992219382,14.7067000007155,0.1147999992099357,0.0,19.666899999720044,19.72339999974793,19.674499999382533,500,500,333.0,1501.5015015015017,,False,22.40980000078707
2518,exp1-completion-paced,66,264,0.2889000006689457,2.146599999832688,32.01919999992242,29.872600000089733,0.0184999998964485,20.15579999988404,500,745,14.751100000466977,20.19889999974112,False,745,0.0177000001713167,0.0253999996857601,0.0173999997059581,5.110600000080012,0.1207000004797009,0.0401999996029189,14.751100000466977,0.1155999998445622,0.0,20.15579999988404,20.19889999974112,20.163199999842615,500,500,333.0,1501.5015015015017,,False,11.820300000181302
2519,exp1-completion-paced,66,264,0.2753999997366918,1.7399999996996485,39.07189999972616,37.33190000002651,0.0196999999388935,20.613299999240557,500,746,15.354799999840909,20.653499999752967,False,746,0.0183000001925393,0.0219000003198743,0.0177999991137767,4.921900000226742,0.1572000001033302,0.0415000004068133,15.354799999840909,0.1198999998450744,0.0,20.613299999240557,20.653499999752967,20.619599999918137,500,500,333.0,1501.5015015015017,,False,18.418399999973197
2520,exp1-completion-paced,66,264,0.2792000004774309,2.7718999999706284,31.06639999987237,28.294499999901745,0.0185999997484032,20.101500000237134,500,747,14.813500000855129,20.14950000011595,False,747,0.0227999998969608,0.0251999999818508,0.017899999875226,5.003799999940384,0.1222000000780099,0.0315999996018945,14.813500000855129,0.1124000000345404,0.0,20.101500000237134,20.14950000011595,20.10930000051303,500,500,333.0,1501.5015015015017,,False,10.91689999975642
2521,exp1-completion-paced,66,264,0.2702000001590932,1.2165999996796018,34.1337999998359,32.9172000001563,0.0192999996215803,19.792799999777344,500,748,14.909099999385944,19.833199999993667,False,748,0.0187000005098525,0.0216999997064704,0.0184000000444939,4.606100000273727,0.1197999999931198,0.0300000001516309,14.909099999385944,0.1093000000764732,0.0,19.792799999777344,19.833199999993667,19.80050000020128,500,500,333.0,1501.5015015015017,,False,14.300599999842234
2522,exp1-completion-paced,66,264,0.2758999999059597,2.773899999738205,33.65320000011707,30.879300000378866,0.0203999998120707,20.133500000156342,500,749,15.014300000075307,20.35950000026787,False,749,0.0229000006584101,0.2030999994531157,0.0545000002603046,4.807000000255357,0.1191999999718973,0.0275000002147862,15.014300000075307,0.1106999998228275,0.0,20.133500000156342,20.35950000026787,20.16780000030849,500,500,333.0,1501.5015015015017,,False,13.293699999849196
2523,exp1-completion-paced,66,264,0.4484999999476713,1.0565000002316085,32.60020000016084,31.54369999992923,0.0185000008059432,19.87129999997705,500,750,14.986899999712476,19.93320000019594,False,750,0.0358999996024067,0.0260000006164773,0.0175999994098674,4.603200000019569,0.1213000005009234,0.0307000000248081,14.986899999712476,0.111500000457454,0.0,19.87129999997705,19.93320000019594,19.87960000042221,500,500,333.0,1501.5015015015017,,False,12.6669999999649
2524,exp1-completion-paced,66,264,0.2839999997377163,1.2398999997458304,33.69930000008026,32.459400000334426,0.0165999999808263,19.655299999612907,500,751,14.656800000011572,19.70149999942805,False,751,0.019099999917671,0.027099999897473,0.0172000000020489,4.715000000032887,0.1221000002260552,0.0299999992421362,14.656800000011572,0.1140000003942987,0.0,19.655299999612907,19.70149999942805,19.662400000015623,500,500,333.0,1501.5015015015017,,False,13.997800000652205
2525,exp1-completion-paced,66,264,0.2723999996305792,0.049300000682706,36.14360000028682,36.09429999960412,0.0200999993467121,20.14879999933328,500,752,14.92210000014893,20.189799999570823,False,752,0.0196000000869389,0.0214000001506065,0.0175999994098674,4.916900000353053,0.1262999994651181,0.0409000003855908,14.92210000014893,0.1247000000148546,0.0,20.14879999933328,20.189799999570823,20.155199999862816,500,500,333.0,1501.5015015015017,,False,15.953800000715994
2526,exp1-completion-paced,66,264,0.2739999999903375,1.228099999934784,36.63219999998546,35.40410000005068,0.0381999998353421,19.470000000183063,500,753,14.50010000007751,19.534500000190747,False,753,0.0388999997085193,0.025600000299164,0.0170000002981396,4.670499999519961,0.1222000000780099,0.0398000001951004,14.50010000007751,0.1202000003104331,0.0,19.470000000183063,19.534500000190747,19.47680000012042,500,500,333.0,1501.5015015015017,,False,17.097699999794713
2527,exp1-completion-paced,66,264,0.2808999997796491,0.6425999999919441,31.438900000466678,30.79630000047473,0.0202999999601161,19.920900000215624,500,754,14.938700000129757,19.968700000390527,False,754,0.019300000531075,0.0284999996438273,0.0209999998332932,4.682499999944412,0.1175000006696791,0.0301000000035855,14.938700000129757,0.130899999930989,0.0,19.920900000215624,19.968700000390527,19.92940000036469,500,500,333.0,1501.5015015015017,,False,11.47020000007615
2528,exp1-completion-paced,66,264,0.2591999991636839,0.0470000004497705,38.66629999993165,38.61929999948188,0.0301999998555402,22.746399999959976,500,755,16.799999999420834,22.983200000453508,False,755,0.0209999998332932,0.2158000006602378,0.0243999993472243,5.632800000057614,0.1242000007550814,0.0307000000248081,16.799999999420834,0.1340999997410108,0.0,22.746399999959976,22.983200000453508,22.774399999434536,500,500,333.0,1501.5015015015017,,False,15.683099999478145
2529,exp1-completion-paced,66,264,0.4540999998425832,2.062700000351469,37.91160000037053,35.84890000001906,0.0208999999813386,22.643799999968905,500,756,15.994600000340142,22.71839999957592,False,756,0.0211999995372025,0.0534000000698142,0.0198000007003429,6.156200000077661,0.2357999992455006,0.1159000003099208,15.994600000340142,0.1212999995914287,0.0,22.643799999968905,22.71839999957592,22.65129999977944,500,500,333.0,1501.5015015015017,,False,15.193200000794608
2530,exp1-completion-paced,66,264,0.2726000002439832,1.1568999998416984,29.62910000042029,28.4722000005786,0.0214000001506065,20.64750000045024,500,757,15.358599999672151,20.69210000081512,False,757,0.0187000005098525,0.025899999855028,0.0192999996215803,4.949900000610796,0.1596000001882203,0.0401999996029189,15.358599999672151,0.1197000001411652,0.0,20.64750000045024,20.69210000081512,20.65499999935128,500,500,333.0,1501.5015015015017,,False,8.93699999960517
2531,exp1-completion-paced,66,264,0.2696000001378706,1.202700000249024,40.07620000083989,38.87350000059087,0.0191999997696257,20.25980000053096,500,758,15.191500000582892,20.352500000626605,False,758,0.0187000005098525,0.0739999995857942,0.0313000000460306,4.768300000250747,0.1227000002472777,0.0311999992845812,15.191500000582892,0.1146999993579811,0.0,20.25980000053096,20.352500000626605,20.289600000069186,500,500,333.0,1501.5015015015017,,False,19.723700000213285
2532,exp1-completion-paced,66,264,0.2794000001813401,2.738600000157021,41.093300000284216,38.3547000001272,0.0221999998757382,26.349699999627774,500,759,21.141700000043784,26.45010000014736,False,759,0.0225000003410968,0.0779000001784879,0.0185999997484032,4.803400000128022,0.1234999999724095,0.0284999996438273,21.141700000043784,0.2335999997740145,0.0,26.349699999627774,26.45010000014736,26.357099999586357,500,500,333.0,1501.5015015015017,,False,14.643200000136858
2533,exp1-completion-paced,66,264,0.2623999998832005,3.763900000194553,28.616900000088208,24.85299999989365,0.0203999998120707,20.944699999745357,500,760,15.96979999976611,21.034100000179023,False,760,0.0182000003405846,0.0712000000930856,0.0184999998964485,4.685799999606388,0.1191000001199427,0.0395000006392365,15.96979999976611,0.1118000000133179,0.0,20.944699999745357,21.034100000179023,20.972400000573543,500,500,333.0,1501.5015015015017,,False,7.582799999909184
2534,exp1-completion-paced,66,264,0.4187999993519042,1.068400000804104,32.63450000031298,31.56609999950888,0.0200999993467121,21.096100000249866,500,761,15.642800000023271,21.14919999985432,False,761,0.0227000000450061,0.0303999995594494,0.0174000006154528,5.153899999640998,0.125599999591941,0.0393000000258325,15.642800000023271,0.1170000005004112,0.0,21.096100000249866,21.14919999985432,21.103900000525755,500,500,333.0,1501.5015015015017,,False,11.485300000458661
2535,exp1-completion-paced,66,264,0.274399999398156,1.2305000000196742,38.01899999962188,36.78849999960221,0.0203999998120707,20.77079999980924,500,762,15.372700000625628,20.814700000300945,False,762,0.0195000002349843,0.024400000256719,0.0167999996847356,5.105400000502414,0.122899999951187,0.0317999993058037,15.372700000625628,0.1210000000355648,0.0,20.77079999980924,20.814700000300945,20.777499999894644,500,500,333.0,1501.5015015015017,,False,17.204299999320938
2536,exp1-completion-paced,66,264,0.282599999991362,1.1690000001181031,39.25009999966278,38.08109999954468,0.0180999995791353,24.563599999964936,500,763,18.14860000013141,24.60819999942032,False,763,0.0208999999813386,0.0236999994740472,0.0562000004720175,6.080600000132108,0.1248999997187638,0.032199999623117,18.14860000013141,0.1210000000355648,0.0,24.563599999964936,24.60819999942032,24.570499999754247,500,500,333.0,1501.5015015015017,,False,14.641900000242458
2537,exp1-completion-paced,66,264,0.2802999997584265,0.047699999413453,32.1165999994264,32.068900000012945,0.0207000002774293,22.355099999913364,500,764,17.040800000359013,22.414500000195403,False,764,0.0185999997484032,0.0408000005336361,0.017899999875226,5.02520000009099,0.1221000002260552,0.0310999994326266,17.040800000359013,0.1177999993160483,0.0,22.355099999913364,22.414500000195403,22.37900000000081,500,500,333.0,1501.5015015015017,,False,9.702099999230995
2538,exp1-completion-paced,66,264,0.3464999999778229,1.138199999331846,38.11949999999342,36.98130000066158,0.0184000000444939,21.310799999810115,500,765,15.760899999804678,21.36479999990115,False,765,0.0260999995589372,0.0279000005320995,0.0251000001298962,5.247099999905913,0.1259999999092542,0.0302999997074948,15.760899999804678,0.1212000006489688,0.0,21.310799999810115,21.36479999990115,21.31400000052963,500,500,333.0,1501.5015015015017,,False,16.75470000009227
2539,exp1-completion-paced,66,264,0.2770000000964501,0.0483000003441702,28.13760000026377,28.089299999919604,0.0182999992830446,21.324599999388735,500,766,15.39669999965554,21.365099999457016,False,766,0.0184999998964485,0.022000000171829,0.0261999994108919,5.627200000162702,0.1229999998031416,0.028500000553322,15.39669999965554,0.1228000000992324,0.0,21.324599999388735,21.365099999457016,21.33219999996072,500,500,333.0,1501.5015015015017,,False,6.772500000806755
2540,exp1-completion-paced,66,264,0.4749999998239218,2.536400000280992,37.4589000002743,34.922499999993306,0.0211000005947425,23.35980000043492,500,767,16.983100000288687,23.41850000084378,False,767,0.0216000007640104,0.0370999996448517,0.0167999996847356,6.0376999999789405,0.1262000005226582,0.0307999998767627,16.983100000288687,0.1649999994697282,0.0,23.35980000043492,23.41850000084378,23.363199999948847,500,500,333.0,1501.5015015015017,,False,14.04039999943052
2541,exp1-completion-paced,66,264,0.2711999995881342,4.770499999722233,43.28290000012203,38.51240000039979,0.0198999996428028,26.845999999750347,500,768,20.44500000010885,26.891699999396224,False,768,0.0192999996215803,0.0264000000242958,0.0180999995791353,5.904900000132329,0.244599999859929,0.1141000002462533,20.44500000010885,0.1191000001199427,0.0,26.845999999750347,26.891699999396224,26.852799999687704,500,500,333.0,1501.5015015015017,,False,16.391200000725803
2542,exp1-completion-paced,66,264,0.286200000118697,1.2533999997685896,52.94060000051104,51.68720000074245,0.0196999999388935,37.11100000055012,500,769,29.189700000642915,37.15890000057698,False,769,0.0202999999601161,0.0276000000667409,0.0194000003830296,7.244800000080431,0.23590000000695,0.1355999993393197,29.189700000642915,0.2852999996321159,0.0,37.11100000055012,37.15890000057698,37.11769999972603,500,500,333.0,1501.5015015015017,,False,15.781699999934062
2543,exp1-completion-paced,66,264,0.2734999998210696,3.260700000282668,31.001500000456872,27.740800000174204,0.0316000005113892,21.220999999968623,500,770,15.69759999983944,21.29490000061196,False,770,0.0195000002349843,0.05440000040835,0.0547999998161685,5.128499999955238,0.1218999996126513,0.0412000008509494,15.69759999983944,0.1766999994288198,0.0,21.220999999968623,21.29490000061196,21.254599999338097,500,500,333.0,1501.5015015015017,,False,9.706599999844912
2544,exp1-completion-paced,66,264,0.2629000000524684,1.2907000000268454,34.11729999970703,32.826599999680184,0.0196999999388935,21.50620000065828,500,771,16.09199999984412,21.58250000047701,False,771,0.0226000001930515,0.0536999996256781,0.027300000510877,5.107799999677809,0.1232000004165456,0.0316999994538491,16.09199999984412,0.1240000001416774,0.0,21.50620000065828,21.58250000047701,21.53550000002724,500,500,333.0,1501.5015015015017,,False,12.534799999230021
2545,exp1-completion-paced,66,264,0.283800000033807,1.282100000025821,34.11760000017239,32.83550000014657,0.0215999998545157,23.50159999969037,500,772,17.970099999729428,23.547400000097696,False,772,0.0209999998332932,0.0248000005740323,0.0182999992830446,5.2249999998821295,0.1252000001841224,0.0298000004477216,17.970099999729428,0.1330000004600151,0.0,23.50159999969037,23.547400000097696,23.50890000070649,500,500,333.0,1501.5015015015017,,False,10.570200000074692
2546,exp1-completion-paced,66,264,0.2689000002646935,1.2350000006335904,38.17610000078275,36.94110000014916,0.0192999996215803,24.57440000034694,500,773,16.749800000070536,24.620400000458176,False,773,0.0217000006159651,0.0242999994952697,0.0188000003618071,7.47499999943102,0.173700000232202,0.0312000001940759,16.749800000070536,0.1256999994438956,0.0,24.57440000034694,24.620400000458176,24.58189999924798,500,500,333.0,1501.5015015015017,,False,13.555700000324578
2547,exp1-completion-paced,66,264,0.2853999994840706,1.7433999992135796,36.34059999967576,34.59720000046218,0.0250000002779415,29.91790000032779,500,774,18.92099999986385,30.0028999999995,False,774,0.0189999991562217,0.066000000515487,0.1663000002736225,10.174399999414163,0.4933999998684157,0.0316000005113892,18.92099999986385,0.130899999930989,0.0,29.91790000032779,30.0028999999995,29.9299999996947,500,500,333.0,1501.5015015015017,,False,6.337699999676261
2548,exp1-completion-paced,66,264,0.2795999998852494,0.1498999999967054,30.037100000299688,29.887200000302983,0.0195000002349843,22.322300000269024,500,775,16.393500000049244,22.38870000019233,False,775,0.0319999999192077,0.0344000000040978,0.0189000002137618,5.633300000226882,0.1260999997612089,0.0280000003840541,16.393500000049244,0.1222999999299645,0.0,22.322300000269024,22.38870000019233,22.33510000041861,500,500,333.0,1501.5015015015017,,False,7.648400000107358
2549,exp1-completion-paced,66,264,0.2774000004137633,1.1941000002479996,38.825200000246696,37.631099999998696,0.0204000007215654,22.27279999988241,500,776,16.19639999989886,22.497899999507357,False,776,0.0195999991774442,0.2055000004475005,0.0246999998125829,5.77160000011645,0.1250000004802132,0.0319999999192077,16.19639999989886,0.1229999998031416,0.0,22.27279999988241,22.497899999507357,22.31000000028871,500,500,333.0,1501.5015015015017,,False,16.32730000073934
2550,exp1-completion-paced,66,264,0.2873999992516474,0.0479999998788116,36.08759999951872,36.039599999639904,0.028099999326514,22.573100000045088,500,777,17.0879999996032,22.62040000005072,False,777,0.0210999996852478,0.0262000003203866,0.0185999997484032,5.192000000533881,0.1223999997819191,0.0301000000035855,17.0879999996032,0.1217999997606966,0.0,22.573100000045088,22.62040000005072,22.58059999985562,500,500,333.0,1501.5015015015017,,False,13.467199999468004
2551,exp1-completion-paced,66,264,0.2918999998655636,0.0433999994129408,36.6000999993048,36.55669999989186,0.0189000002137618,21.015799999986484,500,778,15.455900000233669,21.062099999653583,False,778,0.0215000000025611,0.0247999996645376,0.019099999917671,5.260500000076718,0.1234999999724095,0.028299999939918,15.455900000233669,0.1283999999941443,0.0,21.015799999986484,21.062099999653583,21.02370000011433,500,500,333.0,1501.5015015015017,,False,15.53799999965122
2552,exp1-completion-paced,66,264,0.2584000003480469,1.2308999994274927,33.508399999846006,32.27750000041851,0.0181999994310899,22.691600000143808,500,779,15.913600000203587,22.885200000018813,False,779,0.0208000001293839,0.1727999997456208,0.0259000007645227,6.360999999742489,0.1824000000851811,0.044999999772699,15.913600000203587,0.1634000000194646,0.0,22.691600000143808,22.885200000018813,22.714700000506127,500,500,333.0,1501.5015015015017,,False,10.623199999827193
2553,exp1-completion-paced,66,264,0.275800000054005,1.18190000011964,33.04279999974824,31.8608999996286,0.0194000003830296,25.53559999978461,500,780,20.245500000783068,25.58199999930366,False,780,0.0190000000657164,0.0273999994533369,0.0180000006366753,5.001499999707448,0.1187999996545841,0.0289999998130952,20.245500000783068,0.1225999994858284,0.0,25.53559999978461,25.58199999930366,25.542700000187324,500,500,333.0,1501.5015015015017,,False,7.4608000004445785
2554,exp1-completion-paced,66,264,0.2653000001373584,0.068499999542837,41.18849999940721,41.119999999864376,0.0179000007847207,19.9402000007467,500,781,14.824299999418145,20.000500000605825,False,781,0.0215999998545157,0.03870000000461,0.0189000002137618,4.824100000405451,0.1186999998026294,0.0281000002360087,14.824299999418145,0.1259000000572996,0.0,19.9402000007467,20.000500000605825,19.957599999543163,500,500,333.0,1501.5015015015017,,False,21.187999998801388
2555,exp1-completion-paced,66,264,0.2614999993966194,0.046400000428548,39.575300000251445,39.5288999998229,0.0894000004336703,21.76569999937783,500,782,16.383700000005774,21.821799999997893,False,782,0.0201000002562068,0.036000000363856,0.0178000000232714,5.059499999333639,0.1272999998036539,0.0307000000248081,16.383700000005774,0.146300000778865,0.0,21.76569999937783,21.821799999997893,21.772000000055414,500,500,333.0,1501.5015015015017,,False,17.753500000253553
2556,exp1-completion-paced,66,264,0.2730999995037564,2.7737999998862506,28.06620000046678,25.29240000058053,0.0182000003405846,21.488899999894784,500,783,16.1841999997705,21.5384000002814,False,783,0.023200000214274,0.0263000001723412,0.0172999998540035,5.006599999433092,0.1240000001416774,0.0311000003421213,16.1841999997705,0.125500000649481,0.0,21.488899999894784,21.5384000002814,21.49580000059359,500,500,333.0,1501.5015015015017,,False,6.52780000018538
2557,exp1-completion-paced,66,264,0.268099999630067,1.1966000001848442,35.135799999807205,33.93919999962236,0.0196000000869389,21.030599999903643,500,784,15.991100000064762,21.078700000543904,False,784,0.0187000005098525,0.0294000001304084,0.0172000000020489,4.75189999997383,0.1162999997177394,0.0279999994745594,15.991100000064762,0.1259000000572996,0.0,21.030599999903643,21.078700000543904,21.03409999926953,500,500,333.0,1501.5015015015017,,False,14.0570999992633
2558,exp1-completion-paced,66,264,0.2685999997993349,0.1831999998103128,44.34049999963463,44.15729999982432,0.0188999993042671,26.07010000065202,500,785,15.671799999836368,26.11800000067888,False,785,0.022000000171829,0.025899999855028,0.0192000006791204,9.915899999214162,0.2508000006855582,0.0376999996660742,15.671799999836368,0.1744999999573337,0.0,26.07010000065202,26.11800000067888,26.07809999972233,500,500,333.0,1501.5015015015017,,False,18.22249999895575
2559,exp1-completion-paced,66,264,0.2805999993142904,0.0535999997737235,44.158100000458944,44.10450000068522,0.0207000002774293,22.000900000421098,500,786,15.854299999773502,22.097699999903853,False,786,0.0207999992198892,0.0760000002628658,0.0245999999606283,5.813800000396441,0.1254999997399863,0.0306000001728534,15.854299999773502,0.1518999997642822,0.0,22.000900000421098,22.097699999903853,22.008699999787492,500,500,333.0,1501.5015015015017,,False,22.06040000055509
2560,exp1-completion-paced,66,264,0.2843000002030749,2.7460000001156004,38.61369999958697,35.86769999947137,0.0222999997276929,20.728499999677297,500,787,15.178600000581357,20.78129999972589,False,787,0.0190000000657164,0.0337999999828753,0.0164000002769171,5.250000000160071,0.1277999999729218,0.0281999991784687,15.178600000581357,0.1272999998036539,0.0,20.728499999677297,20.78129999972589,20.732099999804632,500,500,333.0,1501.5015015015017,,False,17.83239999986108
2561,exp1-completion-paced,66,264,0.465299999632407,1.968799999303883,30.31949999967765,28.350700000373763,0.0307999998767627,20.09599999928469,500,788,14.912799999365234,20.14229999986128,False,788,0.0202000001081614,0.0261000004684319,0.0264000000242958,4.875199999332835,0.1218000006701913,0.0300000001516309,14.912799999365234,0.1296000000365893,0.0,20.09599999928469,20.14229999986128,20.10340000015276,500,500,333.0,1501.5015015015017,,False,10.17719999981637
2562,exp1-completion-paced,66,264,0.2865999995265156,1.1967999998887535,40.2672000000166,39.07040000012785,0.0213999992411118,20.507500000348955,500,789,15.114200000425626,20.57260000037786,False,789,0.0233000000662286,0.0417999999626772,0.017899999875226,5.095100000289676,0.1227000002472777,0.0303999995594494,15.114200000425626,0.12700000024779,0.0,20.507500000348955,20.57260000037786,20.51490000030753,500,500,333.0,1501.5015015015017,,False,19.69459999963874
2563,exp1-completion-paced,66,264,0.2822000005835434,1.228300000548188,36.617800000385614,35.389499999837426,0.0182000003405846,20.94790000046487,500,790,15.26709999961895,20.992099999602942,False,790,0.0187999994523124,0.0253999996857601,0.0180000006366753,5.384699999922304,0.1236999996763188,0.0286000004052766,15.26709999961895,0.1256000005014357,0.0,20.94790000046487,20.992099999602942,20.95499999995809,500,500,333.0,1501.5015015015017,,False,15.625700000782672
2564,exp1-completion-paced,66,264,0.3065000000788132,1.303899999584246,45.419899999615154,44.11600000003091,0.0294000001304084,24.09700000043813,500,791,18.506999999772237,24.14500000031694,False,791,0.0231000003623194,0.0248999995164922,0.0189000002137618,5.007300000215764,0.1205999997182516,0.028500000553322,18.506999999772237,0.4142999996474827,0.0,24.09700000043813,24.14500000031694,24.10449999933917,500,500,333.0,1501.5015015015017,,False,21.274899999298214
2565,exp1-completion-paced,66,264,0.2681000005395617,1.2664999994740356,39.90929999963555,38.64280000016152,0.0180999995791353,21.144399999684538,500,792,15.165199999501056,21.18659999996453,False,792,0.0190000000657164,0.023200000214274,0.0171000001500942,5.6810999994922895,0.1277000001209671,0.0298000004477216,15.165199999501056,0.1234000001204549,0.0,21.144399999684538,21.18659999996453,21.15109999976994,500,500,333.0,1501.5015015015017,,False,18.722699999671022
2566,exp1-completion-paced,66,264,0.2706999994188663,0.720500000170432,36.06670000044687,35.34620000027644,0.0195000002349843,20.34209999965242,500,793,15.226000000438944,20.3905999997005,False,793,0.0233000000662286,0.0251999999818508,0.0191999997696257,4.766600000039034,0.1197999999931198,0.039900000047055,15.226000000438944,0.1703999996607308,0.0,20.34209999965242,20.3905999997005,20.34929999990709,500,500,333.0,1501.5015015015017,,False,15.676100000746374
2567,exp1-completion-paced,66,264,0.261799999861978,4.722399999991467,36.62770000028104,31.90530000028957,0.028500000553322,23.770300000251154,500,794,18.33390000047075,23.8219000002573,False,794,0.0226000001930515,0.0289999998130952,0.0192000006791204,5.1207999995313,0.1277000001209671,0.0420999995185411,18.33390000047075,0.1265000000785221,0.0,23.770300000251154,23.8219000002573,23.77830000023096,500,500,333.0,1501.5015015015017,,False,12.805800000023737
2568,exp1-completion-paced,66,264,0.3139999998893472,4.211600000417093,34.0569999998479,29.84539999943081,0.0207000002774293,21.6762000000017,500,795,16.03350000004866,21.732500000325672,False,795,0.0255000004472094,0.0307999998767627,0.0188999993042671,5.184100000406033,0.1240000001416774,0.0331999999616527,16.03350000004866,0.2822999995260034,0.0,21.6762000000017,21.732500000325672,21.68329999949492,500,500,333.0,1501.5015015015017,,False,12.324499999522232
2569,exp1-completion-paced,66,264,0.2807999999276944,0.7786999995005317,38.238999999521184,37.46030000002065,0.0182999992830446,19.660099999782688,500,796,14.400400000340596,19.707800000105635,False,796,0.0213000002986518,0.0264000000242958,0.0184000000444939,4.958800000167685,0.1260999997612089,0.0313999998979852,14.400400000340596,0.1247999998668092,0.0,19.660099999782688,19.707800000105635,19.66770000035467,500,500,333.0,1501.5015015015017,,False,18.53119999941555
2570,exp1-completion-paced,66,264,0.269299999672512,2.201999999670079,25.044600000001083,22.842600000331004,0.0185999997484032,19.700400000147056,500,797,14.584300000024086,19.747199999983422,False,797,0.0230999994528247,0.0237000003835419,0.0178000000232714,4.815899999812245,0.1214000003528781,0.032199999623117,14.584300000024086,0.1285999996980535,0.0,19.700400000147056,19.747199999983422,19.707200000084413,500,500,333.0,1501.5015015015017,,False,5.29740000001766
2571,exp1-completion-paced,66,264,0.4800999995495658,4.038300000502204,35.488700000314566,31.45039999981236,0.0248999995164922,21.344800000406394,500,798,14.56270000016957,21.39309999984107,False,798,0.0215999998545157,0.0266999995801597,0.0190000000657164,6.490600000688573,0.1243999995494959,0.028299999939918,14.56270000016957,0.1196000002892105,0.0,21.344800000406394,21.39309999984107,21.35210000051302,500,500,333.0,1501.5015015015017,,False,14.095600000473496
2572,exp1-completion-paced,66,264,0.2753999997366918,1.222099999722559,34.14340000017546,32.9213000004529,0.0186999996003578,23.47800000006828,500,799,16.74899999943591,23.535199999969336,False,799,0.0197999997908482,0.0374000001102103,0.0181999994310899,6.442599999900267,0.1321000008829287,0.0295999998343177,16.74899999943591,0.1062999999703606,0.0,23.47800000006828,23.535199999969336,23.4850999995615,500,500,333.0,1501.5015015015017,,False,10.608200000206125
2573,exp1-completion-paced,66,264,0.2770999999484047,2.7528000000529573,34.57440000056522,31.821600000512262,0.0267999994321144,20.58870000018942,500,800,15.150300000641437,20.772800000486317,False,800,0.0215000000025611,0.1626000002943328,0.0254999995377147,5.142699999851175,0.1244000004589906,0.030999999580672,15.150300000641437,0.1145999995060265,0.0,20.58870000018942,20.772800000486317,20.599899999979243,500,500,333.0,1501.5015015015017,,False,13.801600000078903
2574,exp1-completion-paced,66,264,0.2804000005198759,3.254900000683847,41.164000000208034,37.90909999952419,0.0185999997484032,23.738300000331947,500,801,18.254200000228597,23.78690000023198,False,801,0.0215999998545157,0.0270000000455183,0.0180000006366753,5.192399999941699,0.1225999994858284,0.0323000003845663,18.254200000228597,0.1185999999506748,0.0,23.738300000331947,23.78690000023198,23.746000000755885,500,500,333.0,1501.5015015015017,,False,17.377099999976053
2575,exp1-completion-paced,66,264,0.2677000002222485,1.184599999760394,38.09279999950377,36.908199999743374,0.0189000002137618,24.897299999793177,500,802,18.85129999936908,24.955299999419367,False,802,0.0332999998136074,0.0246999998125829,0.0182000003405846,5.55389999954059,0.2358000001549953,0.117800000225543,18.85129999936908,0.1201000004584784,0.0,24.897299999793177,24.955299999419367,24.904500000047847,500,500,333.0,1501.5015015015017,,False,13.137500000084401
2576,exp1-completion-paced,66,264,0.2844999999069841,2.7448000000731554,47.30849999941711,44.56369999934395,0.0212000004466972,38.46990000056394,500,803,29.029499999523978,38.51900000063324,False,803,0.0233999999181833,0.0257000001511187,0.0203999998120707,8.799000000180968,0.2475999999660416,0.1356000002488144,29.029499999523978,0.2376000002186629,0.0,38.46990000056394,38.51900000063324,38.47809999933816,500,500,333.0,1501.5015015015017,,False,8.789499998783867
2577,exp1-completion-paced,66,264,0.2832000000125845,1.1951999995289952,32.504599999811035,31.30940000028204,0.0191999997696257,21.80709999993269,500,804,16.31069999984902,21.854099999472965,False,804,0.0204999996640253,0.0264999998762505,0.0175000004674075,5.218199999944773,0.1297999997404986,0.0301999998555402,16.31069999984902,0.1005000003715395,0.0,21.80709999993269,21.854099999472965,21.814400000039317,500,500,333.0,1501.5015015015017,,False,10.65050000033807
2578,exp1-completion-paced,66,264,0.2808999997796491,1.1699999995471444,35.012600000300154,33.84260000075301,0.0373000002582557,20.319999999628635,500,805,14.987599999585656,20.568099999763945,False,805,0.0196000000869389,0.2285000000483705,0.0191999997696257,5.061900000328024,0.1236999996763188,0.0266000006376998,14.987599999585656,0.1007999999274034,0.0,20.319999999628635,20.568099999763945,20.32839999992575,500,500,333.0,1501.5015015015017,,False,14.444500000536209
2579,exp1-completion-paced,66,264,0.2672000000529806,1.1618999997153878,41.24570000021777,40.08380000050238,0.0201000002562068,23.14239999941492,500,806,16.017099999771744,23.18939999986469,False,806,0.0206000004254747,0.0264000000242958,0.0168999995366903,6.851300000562333,0.1247000000148546,0.0307000000248081,16.017099999771744,0.1014999998005805,0.0,23.14239999941492,23.18939999986469,23.14860000024055,500,500,333.0,1501.5015015015017,,False,18.056300000353076
2580,exp1-completion-paced,66,264,0.2879000003304099,0.0676999998177052,34.05259999999544,33.98490000017773,0.0288000001091859,21.38210000066465,500,807,15.717400000539785,21.43660000001546,False,807,0.027099999897473,0.0273999994533369,0.0198000007003429,5.371699999159318,0.134700000671728,0.0322999994750716,15.717400000539785,0.105999999505002,0.0,21.38210000066465,21.43660000001546,21.389800000179093,500,500,333.0,1501.5015015015017,,False,12.615999999979977
2581,exp1-completion-paced,66,264,0.2843000002030749,1.2703000002147746,29.497900000023947,28.22759999980917,0.0189000002137618,21.8072999996366,500,808,15.86369999949966,21.970699999656063,False,808,0.0208999999813386,0.142500000038126,0.0254999995377147,5.641600000672042,0.1253999998880317,0.0473999998575891,15.86369999949966,0.1034000006256974,0.0,21.8072999996366,21.970699999656063,21.81840000048396,500,500,333.0,1501.5015015015017,,False,7.527200000367884
2582,exp1-completion-paced,66,264,0.29270000050019,1.2912000001961133,34.094000000550295,32.80280000035418,0.02050000057352,21.70120000027964,500,809,16.320099999575177,21.749200000158453,False,809,0.0225000003410968,0.0254999995377147,0.0176000003193621,5.109699999593431,0.1271000000997446,0.029700000595767,16.320099999575177,0.0966999996308004,0.0,21.70120000027964,21.749200000158453,21.70879999994213,500,500,333.0,1501.5015015015017,,False,12.344800000391842
2583,exp1-completion-paced,66,264,0.4520999991655117,2.5311999997938983,30.38159999960044,27.85039999980654,0.0204999996640253,20.420199999534816,500,810,15.297900000405209,20.46909999990021,False,810,0.0203999998120707,0.028500000553322,0.0203999998120707,4.851200000302924,0.1236999996763188,0.0284999996438273,15.297900000405209,0.0982999999905587,0.0,20.420199999534816,20.46909999990021,20.42880000044533,500,500,333.0,1501.5015015015017,,False,9.91249999970023
2584,exp1-completion-paced,66,264,0.2717999996093567,1.7158000000563334,39.30130000026111,37.585500000204775,0.0218999994103796,20.025199999508917,500,811,14.916299999640614,20.12849999937316,False,811,0.0669999999445281,0.0362999999197199,0.0178000000232714,4.805699999451463,0.1218000006701913,0.0291999995170044,14.916299999640614,0.1341000006505055,0.0,20.025199999508917,20.12849999937316,20.03190000050381,500,500,333.0,1501.5015015015017,,False,19.172800000887946
2585,exp1-completion-paced,66,264,0.452199999926961,1.0068000001410835,33.38350000012724,32.37669999998616,0.0272000006589223,19.736599999305326,500,812,14.53730000048381,19.78150000013557,False,812,0.0204000007215654,0.0245000001086737,0.0179999997271806,4.8968999999488005,0.1262999994651181,0.0319000000672531,14.53730000048381,0.1259999999092542,0.0,19.736599999305326,19.78150000013557,19.74380000046949,500,500,333.0,1501.5015015015017,,False,13.601999999991673
2586,exp1-completion-paced,66,264,0.2740999998422921,1.2737999995806604,41.11850000026607,39.84470000068541,0.0208999999813386,22.112700000434412,500,813,15.7470000003741,22.24560000013298,False,813,0.0208999999813386,0.1119999997172271,0.0239000000874511,6.054599999515631,0.1326000001427019,0.0288999999611405,15.7470000003741,0.1254999997399863,0.0,22.112700000434412,22.24560000013298,22.12249999956839,500,500,333.0,1501.5015015015017,,False,18.872900000133086
2587,exp1-completion-paced,66,264,0.2592000000731786,2.229099999567552,33.66009999990638,31.431000000338827,0.0292000004264991,20.03199999944627,500,814,14.773500000046624,20.07820000017091,False,814,0.0208999999813386,0.0253000007433001,0.033399999665562,4.933600000185834,0.1231999995070509,0.0417999999626772,14.773500000046624,0.1263000003746128,0.0,20.03199999944627,20.07820000017091,20.0395000001663,500,500,333.0,1501.5015015015017,,False,13.58189999973547
2588,exp1-completion-paced,66,264,0.3059999999095453,1.2214999997013365,41.09769999922719,39.87619999952585,0.0196999999388935,23.474200000237037,500,815,15.80869999997958,23.529899999630288,False,815,0.0219999992623343,0.0337000001309206,0.0178000000232714,7.382400000096823,0.1263000003746128,0.0431999997090315,15.80869999997958,0.0956000003498047,0.0,23.474200000237037,23.529899999630288,23.48130000063975,500,500,333.0,1501.5015015015017,,False,17.5677999995969
2589,exp1-completion-paced,66,264,0.2709000000322703,0.0462999996670987,31.709899999441404,31.663599999774306,0.0182000003405846,20.660899999711543,500,816,15.181499999926018,20.856799999819486,False,816,0.0491999999212566,0.1467000001866836,0.0179999997271806,5.190200000470213,0.1248999997187638,0.0308999997287173,15.181499999926018,0.115100000584789,0.0,20.660899999711543,20.856799999819486,20.66740000009304,500,500,333.0,1501.5015015015017,,False,10.853099999621918
2590,exp1-completion-paced,66,264,0.3845999999612104,1.0630999995555612,49.57970000032219,48.51660000076663,0.0228999997489154,21.14370000072085,500,817,15.807499999937136,21.188500000789645,False,817,0.0188000003618071,0.0259999997069826,0.0165000001288717,5.065400000603404,0.1219999994646059,0.0311000003421213,15.807499999937136,0.1010999994832673,0.0,21.14370000072085,21.188500000789645,21.15460000004532,500,500,333.0,1501.5015015015017,,False,28.391199999532546
2591,exp1-completion-paced,66,264,0.2672000000529806,0.699999999596912,29.62509999997565,28.92510000037873,0.0524000006407732,19.945300000472344,500,818,14.77560000057565,20.00430000043707,False,818,0.0312000001940759,0.0277999997706501,0.017899999875226,4.895200000646582,0.120499999866297,0.0335999993694713,14.77560000057565,0.1021999996737577,0.0,19.945300000472344,20.00430000043707,19.952900000134832,500,500,333.0,1501.5015015015017,,False,9.62079999953858
2592,exp1-completion-paced,66,264,0.2792999994198908,0.0587999993513221,36.185699999805365,36.12690000045404,0.01810000048863,21.32979999987583,500,819,15.963300000294112,21.38680000007298,False,819,0.0339999996867845,0.0230000005103647,0.017899999875226,5.105299999740964,0.1257000003533903,0.0288999999611405,15.963300000294112,0.0883999991856399,0.0,21.32979999987583,21.38680000007298,21.33689999936905,500,500,333.0,1501.5015015015017,,False,14.798899999732384
2593,exp1-completion-paced,66,264,0.2690999999686028,0.0435000001743901,32.588899999609566,32.545399999435176,0.028099999326514,22.116799999821524,500,820,15.962100000251668,22.16050000060932,False,820,0.0184999998964485,0.0252000008913455,0.0174999995579128,5.899499999941327,0.1234999999724095,0.0296999996862723,15.962100000251668,0.0842999997985316,0.0,22.116799999821524,22.16050000060932,22.12379999946279,500,500,333.0,1501.5015015015017,,False,10.428399999000245
2594,exp1-completion-paced,66,264,0.262799999291019,3.755499999897438,32.03339999981836,28.27789999992092,0.0189000002137618,21.16970000042784,500,821,15.494999999646096,21.22179999969376,False,821,0.0231999993047793,0.0288999999611405,0.0161000007210532,5.414100000052713,0.1272999998036539,0.0295999998343177,15.494999999646096,0.0874000006660935,0.0,21.16970000042784,21.22179999969376,21.18130000053497,500,500,333.0,1501.5015015015017,,False,10.811600000124596
2595,exp1-completion-paced,66,264,0.3167000004395959,0.8063999994192272,38.160099999913655,37.35370000049443,0.0199000005522975,21.92749999994703,500,822,16.25369999965187,21.97100000012142,False,822,0.0193999994735349,0.0241000007008551,0.0172000000020489,5.404099999395839,0.1249000006282585,0.0290999996650498,16.25369999965187,0.0982999999905587,0.0,21.92749999994703,21.97100000012142,21.93399999941903,500,500,333.0,1501.5015015015017,,False,16.189099999792234
2596,exp1-completion-paced,66,264,0.2768000003925408,0.046400000428548,35.73630000028061,35.68989999985206,0.0327999996443395,21.0399999996298,500,823,15.282100000149512,21.08129999942321,False,823,0.0187999994523124,0.0225000003410968,0.015499999790336,5.500000000211003,0.125599999591941,0.029700000595767,15.282100000149512,0.0867999997353763,0.0,21.0399999996298,21.08129999942321,21.042999999735912,500,500,333.0,1501.5015015015017,,False,14.655000000857399
2597,exp1-completion-paced,66,264,0.2643999996507773,1.253000000360771,37.654200000361016,36.40120000000024,0.0208000001293839,22.95130000038625,500,824,17.41980000042531,22.999099999651666,False,824,0.0194999993254896,0.028299999939918,0.0170000002981396,5.25019999986398,0.1212000006489688,0.0279999994745594,17.41980000042531,0.1148999999713851,0.0,22.95130000038625,22.999099999651666,22.957600000154343,500,500,333.0,1501.5015015015017,,False,14.65510000070935
2598,exp1-completion-paced,66,264,0.4565999997794279,1.0641999997460516,34.19029999986378,33.12610000011773,0.0265000007857452,22.457000000031258,500,825,16.965100000561506,22.51440000054572,False,825,0.0341000004482339,0.0233000000662286,0.0169999993886449,5.192399999941699,0.1279000007343711,0.0324999991789809,16.965100000561506,0.1217999997606966,0.0,22.457000000031258,22.51440000054572,22.462899999482037,500,500,333.0,1501.5015015015017,,False,11.675899999318062
2599,exp1-completion-paced,66,264,0.2862999999706517,0.0642999993942794,44.83949999939796,44.77520000000368,0.0212000004466972,26.40679999967688,500,826,20.44540000042616,26.451599999745667,False,826,0.0198999996428028,0.0249000004259869,0.0193999994735349,5.501600000570761,0.2297999999427702,0.1194999995277612,20.44540000042616,0.0909000000319792,0.0,26.40679999967688,26.451599999745667,26.414099999783502,500,500,333.0,1501.5015015015017,,False,18.38789999965229
2600,exp1-completion-paced,66,264,0.2799999992930679,1.240700000380457,39.73649999988993,38.49579999950947,0.0210999996852478,20.02470000024914,500,827,15.09379999970406,20.07229999981064,False,827,0.0240999997913604,0.0234999997701379,0.0180000006366753,4.665099999328959,0.1197999999931198,0.0321000006806571,15.09379999970406,0.0957000002017594,0.0,20.02470000024914,20.07229999981064,20.031699999890407,500,500,333.0,1501.5015015015017,,False,19.66420000007929
2601,exp1-completion-paced,66,264,0.2785000006042537,2.2369999996953998,33.548799999152834,31.311799999457435,0.0191999997696257,20.855199999459728,500,828,15.6779999997525,20.90429999952903,False,828,0.0227000000450061,0.0264000000242958,0.0192999996215803,4.886400000032154,0.126799999634386,0.0329000004057888,15.6779999997525,0.1116000003094086,0.0,20.855199999459728,20.90429999952903,20.86270000017976,500,500,333.0,1501.5015015015017,,False,12.644499999623804
2602,exp1-completion-paced,66,264,0.2826999998433166,1.7100000004575122,37.150900000597176,35.44090000013966,0.0190000000657164,27.5976000002629,500,829,20.75999999942724,27.693200000612705,False,829,0.0287000002572312,0.0669000000925734,0.0264999998762505,6.545199999891338,0.1283000001421896,0.0304000004689442,20.75999999942724,0.1068999999915831,0.0,27.5976000002629,27.693200000612705,27.609199999460543,500,500,333.0,1501.5015015015017,,False,9.45769999998447
2603,exp1-completion-paced,66,264,0.2805000003718305,0.052999999752501,42.14909999973315,42.09609999998065,0.0455999997939216,20.7418999998481,500,830,15.463300000192248,20.78179999989516,False,830,0.0187000005098525,0.0211999995372025,0.0233000000662286,4.997699999876204,0.1277999999729218,0.0307000000248081,15.463300000192248,0.0989000000117812,0.0,20.7418999998481,20.78179999989516,20.74809999976424,500,500,333.0,1501.5015015015017,,False,21.367299999837993
2604,exp1-completion-paced,66,264,0.2786999993986683,1.2169000001449604,38.14349999993283,36.92659999978787,0.0202000001081614,20.66519999971206,500,831,15.296500000658853,20.883400000457183,False,831,0.0227000000450061,0.1955000007001217,0.0335999993694713,5.07850000030885,0.1235999998243642,0.0302999997074948,15.296500000658853,0.1025000001391163,0.0,20.66519999971206,20.883400000457183,20.67590000024211,500,500,333.0,1501.5015015015017,,False,17.260099999475646
2605,exp1-completion-paced,66,264,0.3066999997827224,1.151200000094832,38.10799999973824,36.95679999964341,0.0223999995796475,20.26280000063707,500,832,15.185700000074576,20.30930000000808,False,832,0.0198999996428028,0.0265999997282051,0.0186000006578979,4.795099999682861,0.1245000003109453,0.0323999993270263,15.185700000074576,0.106200000118406,0.0,20.26280000063707,20.30930000000808,20.27029999953811,500,500,333.0,1501.5015015015017,,False,17.79869999973016
2606,exp1-completion-paced,66,264,0.2798999994411133,2.730199999859906,45.22519999954966,42.49499999968975,0.0196999999388935,21.15700000013021,500,833,15.820999999959897,21.199499999966065,False,833,0.0207000002774293,0.021799999558425,0.0180000006366753,5.060599999524129,0.1239000002897228,0.0294000001304084,15.820999999959897,0.1038000000335159,0.0,21.15700000013021,21.199499999966065,21.164600000702197,500,500,333.0,1501.5015015015017,,False,24.025699999583594
2607,exp1-completion-paced,66,264,0.2795999998852494,0.051500000154192,28.518399999484245,28.466899999330053,0.019099999917671,20.80480000040552,500,834,15.66590000038559,20.846899999924062,False,834,0.0199999994947575,0.0221000000237836,0.0178000000232714,4.825100000743987,0.1243999995494959,0.0315999996018945,15.66590000038559,0.1399000002493267,0.0,20.80480000040552,20.846899999924062,20.811999999750697,500,500,333.0,1501.5015015015017,,False,7.671499999560183
2608,exp1-completion-paced,66,264,0.2662999995663995,0.0525000004927278,42.21330000018497,42.16079999969224,0.0184999998964485,25.477700000010373,500,835,16.038400000070396,25.537000000440457,False,835,0.0364000006811693,0.0228999997489154,0.0178000000232714,8.932099999583443,0.2334000000701053,0.1302000000578118,16.038400000070396,0.125599999591941,0.0,25.477700000010373,25.537000000440457,25.484799999503597,500,500,333.0,1501.5015015015017,,False,16.676299999744515
2609,exp1-completion-paced,66,264,0.2771999998003593,1.21579999995447,43.18429999966611,41.96849999971164,0.0196999999388935,21.203799999966577,500,836,15.598999999383524,21.2467999999717,False,836,0.0208000001293839,0.0221999998757382,0.0277999997706501,5.2871000007144175,0.1247000000148546,0.0295999998343177,15.598999999383524,0.1355000003968598,0.0,21.203799999966577,21.2467999999717,21.210799999607843,500,500,333.0,1501.5015015015017,,False,21.93749999969441
2610,exp1-completion-paced,66,264,0.312099999973725,1.6088000002127956,35.96749999996973,34.35869999975694,0.0208000001293839,21.205000000009026,500,837,15.596799999912037,21.25160000014148,False,837,0.022000000171829,0.0245999999606283,0.0163999993674224,5.314800000633113,0.1225999994858284,0.0291000005745445,15.596799999912037,0.1250999994226731,0.0,21.205000000009026,21.25160000014148,21.21179999994638,500,500,333.0,1501.5015015015017,,False,14.715899999828252
2611,exp1-completion-paced,66,264,0.2728000008573872,3.2483000004503992,47.20710000037798,43.95879999992758,0.019099999917671,21.25139999952808,500,838,15.49200000044948,21.29280000008293,False,838,0.0194000003830296,0.022000000171829,0.0246999998125829,5.453699999634409,0.1278999998248764,0.0313999998979852,15.49200000044948,0.1215000002048327,0.0,21.25139999952808,21.29280000008293,21.257400000649795,500,500,333.0,1501.5015015015017,,False,25.914300000295047
2612,exp1-completion-paced,66,264,0.2782000001388951,1.228899999659916,38.7310999994952,37.50219999983528,0.0202000001081614,21.439499999360123,500,839,15.913500000351632,21.48639999995794,False,839,0.0207000002774293,0.0262000003203866,0.0184999998964485,5.202399999689078,0.1263000003746128,0.0426999995397636,15.913500000351632,0.1358999998046783,0.0,21.439499999360123,21.48639999995794,21.4469000002282,500,500,333.0,1501.5015015015017,,False,17.24469999953726
2613,exp1-completion-paced,66,264,0.2699000006032293,1.2190999996164464,34.212599999591475,32.99349999997503,0.0219999992623343,22.04820000042673,500,840,16.55919999939215,22.090100000241364,False,840,0.0198999996428028,0.022000000171829,0.01810000048863,5.14019999991433,0.152699999489414,0.0365000005331239,16.55919999939215,0.1224000006914138,0.0,22.04820000042673,22.090100000241364,22.035800000594463,500,500,333.0,1501.5015015015017,,False,12.122499999350111
2614,exp1-completion-paced,66,264,0.2829999993991805,2.246099999865692,34.8229999999603,32.57690000009461,0.0215999998545157,24.128799999743933,500,841,18.358300000727468,24.18070000021544,False,841,0.0213000002986518,0.0306000001728534,0.0193999994735349,5.494799999723909,0.1228000000992324,0.029499999982363,18.358300000727468,0.1038000000335159,0.0,24.128799999743933,24.18070000021544,24.13680000063323,500,500,333.0,1501.5015015015017,,False,10.64229999974486
2615,exp1-completion-paced,66,264,0.2807999999276944,2.6774999996632687,36.567899999681686,33.89040000001842,0.0286000004052766,21.179499999561813,500,842,15.839599999708298,21.222800000032294,False,842,0.019099999917671,0.0242000005528097,0.016699999832781,5.0539000003482215,0.1254999997399863,0.0276000000667409,15.839599999708298,0.1160000001618755,0.0,21.179499999561813,21.222800000032294,21.18640000026062,500,500,333.0,1501.5015015015017,,False,15.345099999649392
2616,exp1-completion-paced,66,264,0.2731000004132511,1.2193000002298504,36.66270000030636,35.44340000007651,0.0864000003275577,22.230700000363868,500,843,15.986599999450846,22.275299999819254,False,843,0.021799999558425,0.0227999998969608,0.0171000001500942,5.953900000349677,0.1241999998455867,0.0304000004689442,15.986599999450846,0.1183000003948109,0.0,22.230700000363868,22.275299999819254,22.237900000618534,500,500,333.0,1501.5015015015017,,False,14.387400000487105
2617,exp1-completion-paced,66,264,0.3037999995285645,2.702800000406569,41.204099999959,38.50129999955243,0.0197999997908482,22.62820000032661,500,844,17.251799999939976,22.6714999998876,False,844,0.0192999996215803,0.0239999999394058,0.0173999997059581,5.087100000309874,0.1236999996763188,0.0276000000667409,17.251799999939976,0.1203000001623877,0.0,22.62820000032661,22.6714999998876,22.63630000015837,500,500,333.0,1501.5015015015017,,False,18.532600000071398
2618,exp1-completion-paced,66,264,0.2912999998443411,2.7315000006638,33.589800000299874,30.858299999636078,0.0189999991562217,21.286000000145577,500,845,15.658500000427011,21.331900000404858,False,845,0.0218000004679197,0.0240999997913604,0.0172999998540035,5.306699999891862,0.1242000007550814,0.0520999992659199,15.658500000427011,0.12700000024779,0.0,21.286000000145577,21.331900000404858,21.293200000400248,500,500,333.0,1501.5015015015017,,False,12.257899999895017
2619,exp1-completion-paced,66,264,0.2762000003713183,1.2411000006977702,32.03700000085519,30.795900000157417,0.019099999917671,21.504800000002437,500,846,15.892699999312754,21.561800000199582,False,846,0.0198999996428028,0.0371000005543464,0.0170999992405995,5.284900000333437,0.1648999996177735,0.0289000008706352,15.892699999312754,0.1161000000138301,0.0,21.504800000002437,21.561800000199582,21.511500000087835,500,500,333.0,1501.5015015015017,,False,10.475200000655605
2620,exp1-completion-paced,66,264,0.2794000001813401,2.2420999994210438,27.56890000000567,25.326800000584623,0.0209999998332932,20.930300000145508,500,847,15.470800000002782,20.975100000214297,False,847,0.0198999996428028,0.0249000004259869,0.0165000001288717,5.169699999896693,0.1236999996763188,0.0287000002572312,15.470800000002782,0.1206999995702062,0.0,20.930300000145508,20.975100000214297,20.93759999934264,500,500,333.0,1501.5015015015017,,False,6.593799999791372
2621,exp1-completion-paced,66,264,0.2625999995871098,2.738600000157021,33.26039999956265,30.52179999940563,0.0189000002137618,20.70449999973789,500,848,15.09119999991526,20.74919999995473,False,848,0.0192999996215803,0.0254000005952548,0.0180999995791353,5.318600000464357,0.1228000000992324,0.0296999996862723,15.09119999991526,0.1240000001416774,0.0,20.70449999973789,20.74919999995473,20.711900000605965,500,500,333.0,1501.5015015015017,,False,12.511199999607921
2622,exp1-completion-paced,66,264,0.2859999995052931,1.174300000457151,39.66469999977562,38.49039999931847,0.0196999999388935,21.54869999958464,500,849,15.988699999979872,21.59069999925123,False,849,0.0211999995372025,0.0208000001293839,0.0172999998540035,5.2627000004576985,0.125599999591941,0.0325999999404302,15.988699999979872,0.1216000000567874,0.0,21.54869999958464,21.59069999925123,21.55380000021978,500,500,333.0,1501.5015015015017,,False,18.074000000524393
2623,exp1-completion-paced,66,264,0.2757000002020504,1.2176000000181375,43.18830000011076,41.97070000009262,0.0199999994947575,25.863099999696715,500,850,20.55409999957192,25.965099999666563,False,850,0.0184000000444939,0.0835999999253545,0.0197999997908482,5.014100000153121,0.1206999995702062,0.0291000005745445,20.55409999957192,0.1251000003321678,0.0,25.863099999696715,25.965099999666563,25.87099999982456,500,500,333.0,1501.5015015015017,,False,17.223200000444194
2624,exp1-completion-paced,66,264,0.2713000003495835,2.762500000244472,30.99629999996978,28.233799999725303,0.0201000002562068,20.951999999851974,500,851,15.645499999664024,20.99899999939225,False,851,0.0221000000237836,0.0248999995164922,0.0188000003618071,4.989799999748357,0.1195000004372559,0.0307999998767627,15.645499999664024,0.1473000002079061,0.0,20.951999999851974,20.99899999939225,20.958900000550784,500,500,333.0,1501.5015015015017,,False,9.997300000577528
2625,exp1-completion-paced,66,264,0.2689000002646935,1.205199999276374,32.18139999989944,30.976200000623063,0.0202000001081614,22.85310000024765,500,852,16.913699999349774,22.904299999936484,False,852,0.0263000001723412,0.0248999995164922,0.019099999917671,5.641700000523997,0.1215000002048327,0.0288999999611405,16.913699999349774,0.1280000005863257,0.0,22.85310000024765,22.904299999936484,22.85900000060792,500,500,333.0,1501.5015015015017,,False,9.277099999962957
2626,exp1-completion-paced,66,264,0.4490000001169392,1.5470999996978207,32.983299999614246,31.436199999916425,0.0176000003193621,20.72500000031141,500,853,15.378699999928358,20.770600000105333,False,853,0.0184999998964485,0.027099999897473,0.0159999999596038,5.065299999841955,0.1220000003741006,0.029499999982363,15.378699999928358,0.1132999996116268,0.0,20.72500000031141,20.770600000105333,20.73740000014368,500,500,333.0,1501.5015015015017,,False,12.212699999508914
2627,exp1-completion-paced,66,264,0.2832999998645391,1.2483999998949002,35.01010000036331,33.76170000046841,0.0201000002562068,22.80010000049515,500,854,16.841499999827647,22.844500000246622,False,854,0.0206000004254747,0.0237999993260018,0.0174000006154528,5.648999999721127,0.1488999996581697,0.028500000553322,16.841499999827647,0.1146000004155212,0.0,22.80010000049515,22.844500000246622,22.807100000136412,500,500,333.0,1501.5015015015017,,False,12.165600000116687
2628,exp1-completion-paced,66,264,0.2736999995249789,1.252799999747367,31.08780000002298,29.835000000275613,0.0196999999388935,20.65519999996468,500,855,15.299400000003516,20.7113999995272,False,855,0.0286999993477365,0.0275000002147862,0.0178000000232714,5.056899999544839,0.1223000008394592,0.0304999994114041,15.299400000003516,0.128200000290235,0.0,20.65519999996468,20.7113999995272,20.66240000021935,500,500,333.0,1501.5015015015017,,False,10.376400000495781
2629,exp1-completion-paced,66,264,0.2774000004137633,2.291000000695931,37.64660000069853,35.3556000000026,0.0194000003830296,20.805600000130653,500,856,15.421500000229573,20.856100000855804,False,856,0.0196000000869389,0.030900000638212,0.0184999998964485,5.085899999357935,0.1268000005438807,0.0414999994973186,15.421500000229573,0.1111999999920954,0.0,20.805600000130653,20.856100000855804,20.81290000023728,500,500,333.0,1501.5015015015017,,False,16.790499999842723
2630,exp1-completion-paced,66,264,0.2720000002227607,1.7531000003145891,40.73369999969145,38.980599999376864,0.025899999855028,20.882699999674514,500,857,15.14119999956165,20.928799999637704,False,857,0.0219999992623343,0.0241000007008551,0.0336999992214259,5.446699999993143,0.1233000002685003,0.0318000002152984,15.14119999956165,0.1059000005625421,0.0,20.882699999674514,20.928799999637704,20.89090000026772,500,500,333.0,1501.5015015015017,,False,19.80490000005375
2631,exp1-completion-paced,66,264,0.3307000006316229,0.7094000002325629,35.624600000119244,34.91519999988668,0.0202000001081614,20.430599999599508,500,858,15.087100000528151,20.48130000002857,False,858,0.0194000003830296,0.0313000000460306,0.0161999996635131,5.072599999948579,0.119000000267988,0.0302999997074948,15.087100000528151,0.1051999997798702,0.0,20.430599999599508,20.48130000002857,20.435700000234647,500,500,333.0,1501.5015015015017,,False,15.143300000090676
2632,exp1-completion-paced,66,264,0.2756999992925557,2.302699999745528,36.63909999977477,34.33640000002924,0.0190000000657164,20.74850000008155,500,859,15.583999999762456,20.78799999981129,False,859,0.019099999917671,0.0203999998120707,0.0161999996635131,4.89590000051976,0.117800000225543,0.0283999997918726,15.583999999762456,0.1060000004144967,0.0,20.74850000008155,20.78799999981129,20.75409999997646,500,500,333.0,1501.5015015015017,,False,15.85109999996348
2633,exp1-completion-paced,66,264,0.2581999997346429,1.263199999812059,33.09040000021923,31.82720000040717,0.0183000001925393,20.47709999988001,500,860,15.11690000006638,20.51719999963097,False,860,0.0183000001925393,0.021799999558425,0.0184999998964485,5.056900000454334,0.1186999998026294,0.0268000003416091,15.11690000006638,0.1389999997627455,0.0,20.47709999988001,20.51719999963097,20.48439999998664,500,500,333.0,1501.5015015015017,,False,12.573200000588262
2634,exp1-completion-paced,66,264,0.2770000000964501,4.273799999282346,31.00689999973838,26.733100000456037,0.0203999998120707,20.66710000053717,500,861,15.510500000345928,20.715100000415987,False,861,0.0227999998969608,0.0251999999818508,0.0177000001713167,4.847600000175589,0.1275999993595178,0.0318000002152984,15.510500000345928,0.1316999996561207,0.0,20.66710000053717,20.715100000415987,20.6742000000304,500,500,333.0,1501.5015015015017,,False,10.291799999322393
2635,exp1-completion-paced,66,264,0.2752999998847372,2.7259000007688883,32.05930000058288,29.33339999981399,0.029700000595767,25.12120000028517,500,862,19.973599999502767,25.166600000375183,False,862,0.0197999997908482,0.025600000299164,0.0178000000232714,4.851499999858788,0.1217999997606966,0.0315000006594345,19.973599999502767,0.1247000000148546,0.0,25.12120000028517,25.166600000375183,25.127900000370573,500,500,333.0,1501.5015015015017,,False,6.892700000207697
2636,exp1-completion-paced,66,264,0.2756000003500958,1.242899999851943,36.58030000042345,35.337400000571506,0.0208999999813386,22.73890000014944,500,863,17.472900000029767,22.784499999943364,False,863,0.02299999960087,0.0226000001930515,0.0185999997484032,4.951699999764969,0.1276000002690125,0.0301999998555402,17.472900000029767,0.1376999998683459,0.0,22.73890000014944,22.784499999943364,22.74619999934657,500,500,333.0,1501.5015015015017,,False,13.795800000480085
2637,exp1-completion-paced,66,264,0.27460000001156,1.8026000007012044,38.15730000042095,36.35469999971974,0.0318000002152984,20.379200000206765,500,864,15.143099999477272,20.425200000318,False,864,0.0197000008483883,0.0262999992628465,0.0172000000020489,4.942800000208081,0.1256000005014357,0.0283999997918726,15.143099999477272,0.1218000006701913,0.0,20.379200000206765,20.425200000318,20.387100000334613,500,500,333.0,1501.5015015015017,,False,17.732100000102953
2638,exp1-completion-paced,66,264,0.2782999999908497,0.6604000000152155,39.05399999985093,38.39359999983572,0.0207000002774293,21.04460000009567,500,865,15.884700000242448,21.093800000016927,False,865,0.0184999998964485,0.0307000000248081,0.0168999995366903,4.740200000014738,0.1206000006277463,0.0303999995594494,15.884700000242448,0.2514999996492406,0.0,21.04460000009567,21.093800000016927,21.051199999419623,500,500,333.0,1501.5015015015017,,False,17.960199999834003
2639,exp1-completion-paced,66,264,0.2745000001596054,1.2227999995957362,32.59139999954641,31.368599999950675,0.0227999998969608,22.090299999945277,500,866,16.81800000005751,22.135500000331376,False,866,0.0208000001293839,0.024400000256719,0.0185999997484032,4.972200000338489,0.1248999997187638,0.0293000002784538,16.81800000005751,0.1271999999516992,0.0,22.090299999945277,22.135500000331376,22.097900000517257,500,500,333.0,1501.5015015015017,,False,10.455899999215035
2640,exp1-completion-paced,66,264,0.2568999998402432,0.0522999998793238,42.17289999996865,42.120600000089325,0.0208999999813386,24.170699999558565,500,867,18.583499999294872,24.21649999996589,False,867,0.0224000004891422,0.0233999999181833,0.0179999997271806,5.285199999889301,0.1251000003321678,0.032400000236521,18.583499999294872,0.1263000003746128,0.0,24.170699999558565,24.21649999996589,24.178399999982503,500,500,333.0,1501.5015015015017,,False,17.95640000000276
2641,exp1-completion-paced,66,264,0.4253999995853519,1.058700000612589,33.960100000513194,32.901399999900605,0.0194000003830296,20.87630000005447,500,868,15.750699999443896,20.92819999961648,False,868,0.0206999993679346,0.0312000001940759,0.0178000000232714,4.823700000088138,0.130899999930989,0.0292000004264991,15.750699999443896,0.1238000004377681,0.0,20.87630000005447,20.92819999961648,20.88370000001305,500,500,333.0,1501.5015015015017,,False,13.031900000896712
2642,exp1-completion-paced,66,264,0.2555999999458436,2.2659000005660346,31.75420000025042,29.488299999684383,0.0194000003830296,22.32449999974051,500,869,17.405300000064017,22.37359999980981,False,869,0.0235999996220925,0.0255000004472094,0.0168999995366903,4.631900000276801,0.117599999612139,0.0290000007225899,17.405300000064017,0.1236999996763188,0.0,22.32449999974051,22.37359999980981,22.33169999999518,500,500,333.0,1501.5015015015017,,False,9.380600000440612
2643,exp1-completion-paced,66,264,0.2610999999888008,1.255499999388121,33.68119999959163,32.425700000203506,0.0260999995589372,21.348799999941548,500,870,15.615299999808483,21.389999999883003,False,870,0.0185999997484032,0.0226000001930515,0.0179999997271806,5.42570000015985,0.1547000001664855,0.0326999997923849,15.615299999808483,0.1022000005832524,0.0,21.348799999941548,21.389999999883003,21.35660000021744,500,500,333.0,1501.5015015015017,,False,12.291199999708624
2644,exp1-completion-paced,66,264,0.2756999992925557,1.2105999994673766,36.888399999952526,35.67780000048515,0.0811999998404644,21.498500000234344,500,871,16.219099999943865,21.542399999816556,False,871,0.0196999999388935,0.024199999643315,0.0180999995791353,5.002500000045984,0.1247000000148546,0.028500000553322,16.219099999943865,0.1053999994837795,0.0,21.498500000234344,21.542399999816556,21.505299999262206,500,500,333.0,1501.5015015015017,,False,15.34600000013597
2645,exp1-completion-paced,66,264,0.2686999996512895,0.7261999999172986,32.243499999822234,31.51729999990493,0.0182000003405846,22.12340000005497,500,872,16.227799999796844,22.56390000002284,False,872,0.0199000005522975,0.4205999994155718,0.0249000004259869,5.6009999998423154,0.1295000001846347,0.0331000001096981,16.227799999796844,0.1068999999915831,0.0,22.12340000005497,22.56390000002284,22.13310000024649,500,500,333.0,1501.5015015015017,,False,9.679599999799393
2646,exp1-completion-paced,66,264,0.2718000005188514,0.0471000003017252,32.552900000155205,32.50579999985348,0.0180999995791353,21.819899999172776,500,873,16.290099999423546,21.870399999897927,False,873,0.0227000000450061,0.0278000006801448,0.0181999994310899,5.247699999927136,0.1261000006707036,0.0325999999404302,16.290099999423546,0.105000000075961,0.0,21.819899999172776,21.870399999897927,21.82709999942745,500,500,333.0,1501.5015015015017,,False,10.682500000257278
2647,exp1-completion-paced,66,264,0.2633000003697816,1.2328000002526096,41.5078000005451,40.27500000029249,0.0215000000025611,22.809099999903992,500,874,17.402299999957904,22.88159999989148,False,874,0.0436999998782994,0.0288000001091859,0.0164000002769171,5.111599999509053,0.1295000001846347,0.0292000004264991,17.402299999957904,0.1197999999931198,0.0,22.809099999903992,22.88159999989148,22.81970000058209,500,500,333.0,1501.5015015015017,,False,18.626200000653622
2648,exp1-completion-paced,66,264,0.2774999993562232,0.8762999996179133,38.27610000007553,37.39980000045762,0.0195000002349843,22.449199999755365,500,875,16.74430000002758,22.51129999967816,False,875,0.0369999997928971,0.0251000001298962,0.0172999998540035,5.420800000138115,0.1237999995282734,0.0305000003208988,16.74430000002758,0.1123000001825857,0.0,22.449199999755365,22.51129999967816,22.45550000043295,500,500,333.0,1501.5015015015017,,False,15.764800000397369
2649,exp1-completion-paced,66,264,0.2672000000529806,1.209999999446154,37.07539999959408,35.86540000014793,0.0296999996862723,22.673499999655174,500,876,16.397999999753665,22.915099999408994,False,876,0.0336999992214259,0.2079000005323905,0.0248999995164922,5.98820000050182,0.1271999999516992,0.0264999998762505,16.397999999753665,0.108600000203296,0.0,22.673499999655174,22.915099999408994,22.684100000333277,500,500,333.0,1501.5015015015017,,False,14.160300000185089
2650,exp1-completion-paced,66,264,0.2925000007962808,1.2742999997499282,36.818200000197976,35.54390000044805,0.0178000000232714,21.74950000062381,500,877,16.03530000011233,21.812900000441005,False,877,0.0202000001081614,0.0431999997090315,0.0184000000444939,5.411799999819777,0.1435000003766617,0.0319999999192077,16.03530000011233,0.1082999997379374,0.0,21.74950000062381,21.812900000441005,21.756600000117032,500,500,333.0,1501.5015015015017,,False,15.005299999756971
2651,exp1-completion-paced,66,264,0.2795999998852494,2.7137999995829887,31.12739999960468,28.413600000021688,0.0199999994947575,23.11340000051132,500,878,16.92430000002787,23.16739999969286,False,878,0.0298999993901816,0.0240999997913604,0.01810000048863,5.912599999646773,0.1216000000567874,0.0313000000460306,16.92430000002787,0.1053000005413196,0.0,23.11340000051132,23.16739999969286,23.12030000030063,500,500,333.0,1501.5015015015017,,False,7.959999999911819
2652,exp1-completion-paced,66,264,0.2790999997159815,1.1643999996522325,42.72279999986495,41.55840000021272,0.0209999998332932,26.29919999981212,500,879,19.852399999763293,26.38840000054188,False,879,0.0260000006164773,0.0632000001132837,0.0233000000662286,6.148099999336409,0.1390000006722402,0.028299999939918,19.852399999763293,0.1077999995686695,0.0,26.29919999981212,26.38840000054188,26.336399999308924,500,500,333.0,1501.5015015015017,,False,16.334399999323068
2653,exp1-completion-paced,66,264,0.2718999994613114,2.722199999880104,32.53529999983584,29.81309999995574,0.0199000005522975,21.74289999948087,500,880,15.94420000037644,21.83369999966089,False,880,0.0191999997696257,0.0716000004103989,0.029499999982363,5.505199999788601,0.1222999999299645,0.0306000001728534,15.94420000037644,0.1108999995267367,0.0,21.74289999948087,21.83369999966089,21.77430000028835,500,500,333.0,1501.5015015015017,,False,10.701600000174952
2654,exp1-completion-paced,66,264,0.273399999969115,1.241599999957543,39.74159999961557,38.49999999965803,0.0174999995579128,21.836500000063097,500,881,15.937899999698857,21.881300000131887,False,881,0.0213000002986518,0.0234999997701379,0.0176000003193621,5.614299999251671,0.1246000001628999,0.0303000006169895,15.937899999698857,0.1116000003094086,0.0,21.836500000063097,21.881300000131887,21.84330000000045,500,500,333.0,1501.5015015015017,,False,17.860299999483686
2655,exp1-completion-paced,66,264,0.279699999737204,1.214599999912025,34.61539999989327,33.400799999981245,0.019300000531075,22.23720000074536,500,882,16.727199999877485,22.42480000040814,False,882,0.0194000003830296,0.16819999927975,0.0224000004891422,5.224300000008952,0.1210999998875195,0.0319000000672531,16.727199999877485,0.110099999801605,0.0,22.23720000074536,22.42480000040814,22.29139999963081,500,500,333.0,1501.5015015015017,,False,12.19059999948513
2656,exp1-completion-paced,66,264,0.2780000004349858,1.2382000004436122,45.01400000026479,43.77579999982117,0.0212999993891571,22.255299999415,500,883,16.71740000074351,22.301599999991595,False,883,0.0199000005522975,0.0264000000242958,0.0184000000444939,5.257299999357201,0.1218000006701913,0.0354999992850935,16.71740000074351,0.104799999462557,0.0,22.255299999415,22.301599999991595,22.26239999981772,500,500,333.0,1501.5015015015017,,False,22.712400000273192
2657,exp1-completion-paced,66,264,0.2807000000757398,0.7243000000016764,36.589500000445696,35.86520000044402,0.019099999917671,21.740700000009383,500,884,15.762699999868346,21.78379999986646,False,884,0.0184000000444939,0.0246999998125829,0.017899999875226,5.697599999621161,0.1257000003533903,0.0300000001516309,15.762699999868346,0.1065999995262245,0.0,21.740700000009383,21.78379999986646,21.748599999227736,500,500,333.0,1501.5015015015017,,False,14.805700000579236
2658,exp1-completion-paced,66,264,0.2611999998407555,3.815799999756564,30.99130000009609,27.175500000339525,0.026899999284069,21.960199999739416,500,885,15.964700000040466,22.009599999364585,False,885,0.0225999992835568,0.0268000003416091,0.0172999998540035,5.689600000550854,0.130699999317585,0.0422000002799904,15.964700000040466,0.1154999999926076,0.0,21.960199999739416,22.009599999364585,21.96689999982482,500,500,333.0,1501.5015015015017,,False,8.981700000731504
2659,exp1-completion-paced,66,264,0.2829000004567206,0.7230999999592314,45.39609999937966,44.672999999420426,0.0254999995377147,21.78390000062791,500,886,16.047999999500462,21.827000000484983,False,886,0.0203999998120707,0.0227000000450061,0.0182000003405846,5.428299999948649,0.148799999806215,0.0373000002582557,16.047999999500462,0.1031000001603388,0.0,21.78390000062791,21.827000000484983,21.789999999782594,500,500,333.0,1501.5015015015017,,False,23.569099998894675
2660,exp1-completion-paced,66,264,0.2715000000534928,1.2231999999130494,30.06209999966813,28.838899999755085,0.0186999996003578,22.498299999824667,500,887,15.79589999983,22.70799999951123,False,887,0.0211999995372025,0.1885000001493608,0.0371000005543464,6.405099999938102,0.1263999993170728,0.0305000003208988,15.79589999983,0.1032000000122934,0.0,22.498299999824667,22.70799999951123,22.533399999701945,500,500,333.0,1501.5015015015017,,False,7.354100000156901
2661,exp1-completion-paced,66,264,0.2595000005385373,0.7040000000415603,39.7041000005629,39.00010000052134,0.0189000002137618,23.01749999969616,500,888,15.8064999995986,23.15069999986008,False,888,0.0196000000869389,0.1136000000769854,0.017899999875226,6.932000000233529,0.1247000000148546,0.0307000000248081,15.8064999995986,0.1055000002452288,0.0,23.01749999969616,23.15069999986008,23.10990000023594,500,500,333.0,1501.5015015015017,,False,16.553400000702823
2662,exp1-completion-paced,66,264,0.2842000003511202,2.1851999999853438,29.52510000068287,27.33990000069753,0.019099999917671,21.47010000044247,500,889,15.94100000056642,21.509700000024168,False,889,0.017899999875226,0.0216999997064704,0.016900000446185,5.213700000240351,0.1250999994226731,0.0301000000035855,15.94100000056642,0.1431000000593485,0.0,21.47010000044247,21.509700000024168,21.47690000037983,500,500,333.0,1501.5015015015017,,False,8.015400000658701
2663,exp1-completion-paced,66,264,0.2702000001590932,1.175399999738147,29.447500000060245,28.272100000322094,0.0194999993254896,22.028499999578344,500,890,16.40899999983958,22.10289999948145,False,890,0.0179999997271806,0.0564000001759268,0.0454000000900123,5.315499999596796,0.1241999998455867,0.0288000001091859,16.40899999983958,0.1053000005413196,0.0,22.028499999578344,22.10289999948145,22.057000000131666,500,500,333.0,1501.5015015015017,,False,7.344600000578794
2664,exp1-completion-paced,66,264,0.2730999995037564,2.7212999993935227,41.22060000008787,38.49930000069435,0.0201000002562068,23.007400000096823,500,891,17.155900000034308,23.06510000016715,False,891,0.0218000004679197,0.0358999996024067,0.0176000003193621,5.5513999996037455,0.1274000005651032,0.0297999995382269,17.155900000034308,0.1251000003321678,0.0,23.007400000096823,23.06510000016715,23.014500000499535,500,500,333.0,1501.5015015015017,,False,18.15549999992072
2665,exp1-completion-paced,66,264,0.2774999993562232,0.0506999995195656,28.05530000023282,28.004600000713253,0.02059999951598,20.63350000025821,500,892,15.384900000753987,20.677700000305776,False,892,0.0184000000444939,0.0258000000030733,0.0175999994098674,4.957900000590598,0.1181999996333615,0.0319999999192077,15.384900000753987,0.122699999337783,0.0,20.63350000025821,20.677700000305776,20.64059999975143,500,500,333.0,1501.5015015015017,,False,7.3775999999270425
2666,exp1-completion-paced,66,264,0.269299999672512,1.2618999999176594,38.8437999999951,37.58190000007744,0.0208999999813386,21.84300000044459,500,893,16.11959999991086,21.89120000002731,False,893,0.0213999992411118,0.0268000003416091,0.0177000001713167,5.381699999816192,0.1211999997394741,0.0298000004477216,16.11959999991086,0.1728999995975755,0.0,21.84300000044459,21.89120000002731,21.849599999768543,500,500,333.0,1501.5015015015017,,False,16.952599999967788
2667,exp1-completion-paced,66,264,0.2690999999686028,4.255900000316615,44.83479999998963,40.57889999967301,0.0199999994947575,22.94160000019474,500,894,16.286699999909615,22.983400000157417,False,894,0.0192999996215803,0.0225000003410968,0.0257000001511187,6.3536999996358645,0.1245000003109453,0.0277999997706501,16.286699999909615,0.1229999998031416,0.0,22.94160000019474,22.983400000157417,22.94869999968796,500,500,333.0,1501.5015015015017,,False,21.85139999983221
2668,exp1-completion-paced,66,264,0.2827000007528113,1.2273000002096524,33.076900000196474,31.849599999986825,0.0326999997923849,21.01700000002893,500,895,15.268099999957483,21.06769999954849,False,895,0.0202999999601161,0.0303999995594494,0.0189000002137618,5.447300000014366,0.1265999999304767,0.0306000001728534,15.268099999957483,0.1253000000360771,0.0,21.01700000002893,21.06769999954849,21.024599999691414,500,500,333.0,1501.5015015015017,,False,12.009200000647983
2669,exp1-completion-paced,66,264,0.2721000000747153,2.742900000157533,35.62229999988631,32.879399999728776,0.0191000008271657,23.65970000028028,500,896,17.73440000033588,23.706899999524467,False,896,0.0204999996640253,0.0266999995801597,0.0177000001713167,5.627200000162702,0.1245000003109453,0.0320999997711624,17.73440000033588,0.1236999996763188,0.0,23.65970000028028,23.706899999524467,23.666899999625457,500,500,333.0,1501.5015015015017,,False,11.915400000361842
2670,exp1-completion-paced,66,264,0.2684999999473803,4.298799999560288,31.211099999381982,26.9122999998217,0.0210999996852478,22.136399999908463,500,897,16.589200000453275,22.354300000188232,False,897,0.022000000171829,0.1959000001079403,0.0177000001713167,5.250499999419844,0.1245000003109453,0.0315999996018945,16.589200000453275,0.1227000002472777,0.0,22.136399999908463,22.354300000188232,22.1441000003324,500,500,333.0,1501.5015015015017,,False,8.85679999919375
2671,exp1-completion-paced,66,264,0.2658000003066263,4.2090000006282935,36.9645999999193,32.75559999929101,0.0198999996428028,25.9291000002122,500,898,19.24309999958496,26.0840000000826,False,898,0.0187000005098525,0.1361999993605422,0.0247000007220776,6.327600000076927,0.1783999996405327,0.0307999998767627,19.24309999958496,0.1244000004589906,0.0,25.9291000002122,26.0840000000826,25.93940000042494,500,500,333.0,1501.5015015015017,,False,10.8805999998367
2672,exp1-completion-paced,66,264,0.274399999398156,0.0712999999450403,40.77389999929437,40.70259999934933,0.0196000000869389,21.991600000546896,500,899,16.28560000062862,22.03879999979108,False,899,0.0221999998757382,0.0249999993684468,0.0183000001925393,5.403400000432157,0.1323999995292979,0.0307999998767627,16.28560000062862,0.1210000000355648,0.0,21.991600000546896,22.03879999979108,21.99890000065352,500,500,333.0,1501.5015015015017,,False,18.73509999950329
2673,exp1-completion-paced,66,264,0.2733000001171604,1.2507000001278357,41.17179999957443,39.9210999994466,0.0207000002774293,22.6676000002044,500,900,16.93040000009205,22.71290000044246,False,900,0.0200000004042522,0.0252999998338054,0.0179999997271806,5.444000000352389,0.1265000000785221,0.0290999996650498,16.93040000009205,0.1193999996758066,0.0,22.6676000002044,22.71290000044246,22.6753999995708,500,500,333.0,1501.5015015015017,,False,18.458899999131972
2674,exp1-completion-paced,66,264,0.2709999998842249,0.7287999997060979,35.23169999971287,34.502900000006775,0.0221000000237836,22.10449999984121,500,901,15.154599999732454,22.350499999447493,False,901,0.0192999996215803,0.226699999984703,0.0253999996857601,6.642300000748946,0.1272999998036539,0.0308999997287173,15.154599999732454,0.1238000004377681,0.0,22.10449999984121,22.350499999447493,22.13039999969624,500,500,333.0,1501.5015015015017,,False,12.88120000026538
2675,exp1-completion-paced,66,264,0.4564999999274732,3.594599999814818,45.01389999950334,41.41929999968852,0.0187999994523124,34.89939999963099,500,902,25.927499999852444,34.94879999925615,False,902,0.02299999960087,0.0264000000242958,0.0177000001713167,8.382999999412277,0.2398000005996436,0.1120999995691818,25.927499999852444,0.2190000004702597,0.0,34.89939999963099,34.94879999925615,34.90680000049906,500,500,333.0,1501.5015015015017,,False,10.065100000247185
2676,exp1-completion-paced,66,264,0.2778000007310766,0.0562000004720175,31.19739999965532,31.1411999991833,0.0287000002572312,21.205999999438063,500,903,15.10509999934584,21.26349999980448,False,903,0.0210999996852478,0.0364000006811693,0.017699999261822,5.826300000080664,0.1240000001416774,0.0280000003840541,15.10509999934584,0.104700000520097,0.0,21.205999999438063,21.26349999980448,21.213199999692733,500,500,333.0,1501.5015015015017,,False,9.93389999985084
2677,exp1-completion-paced,66,264,0.2715999999054475,1.1829999994006355,30.9992999991664,29.81629999976576,0.0203999998120707,21.793399999296525,500,904,16.097399999125628,21.85699999972712,False,904,0.0397000003431458,0.0239000000874511,0.019099999917671,5.423199999313511,0.1236000007338589,0.0294000001304084,16.097399999125628,0.1004000005195848,0.0,21.793399999296525,21.85699999972712,21.801200000481916,500,500,333.0,1501.5015015015017,,False,9.142299999439281
2678,exp1-completion-paced,66,264,0.2765999997791368,1.2481000003390363,39.82780000023922,38.579699999900186,0.0185999997484032,23.97440000004281,500,905,14.657900000202062,24.01959999951941,False,905,0.0215000000025611,0.0236999994740472,0.0168000005942303,9.04050000008283,0.1254999997399863,0.0294000001304084,14.657900000202062,0.1039999997374252,0.0,23.97440000004281,24.01959999951941,23.981000000276254,500,500,333.0,1501.5015015015017,,False,15.808200000719811
2679,exp1-completion-paced,66,264,0.2812000002450077,2.6528000007601804,34.19990000020334,31.54709999944316,0.0197999997908482,20.01449999988836,500,906,14.564399999471789,20.06359999995766,False,906,0.0218000004679197,0.0272999996013822,0.0177000001713167,5.178999999770895,0.1238000004377681,0.0325999999404302,14.564399999471789,0.0968000003922497,0.0,20.01449999988836,20.06359999995766,20.02199999969889,500,500,333.0,1501.5015015015017,,False,14.136300000245683
2680,exp1-completion-paced,66,264,0.2635999999256455,4.228900000271096,47.212299999955576,42.98339999968448,0.0233999999181833,31.85620000022027,500,907,26.002699999480683,31.908699999803503,False,907,0.0271999997494276,0.0252999998338054,0.0175000004674075,5.247299999609822,0.2339000002393731,0.1129000002038083,26.002699999480683,0.2414999999018618,0.0,31.85620000022027,31.908699999803503,31.862699999692268,500,500,333.0,1501.5015015015017,,False,15.303600000152073
2681,exp1-completion-paced,66,264,0.2782999999908497,0.0523999997312785,41.81739999967249,41.76499999994121,0.0198999996428028,29.817200000252345,500,908,19.5757000001322,29.94269999999233,False,908,0.0208999999813386,0.1045999997586477,0.0686000003042863,9.692999999970198,0.2546999994592624,0.1218000006701913,19.5757000001322,0.1032000000122934,0.0,29.817200000252345,29.94269999999233,29.82770000016899,500,500,333.0,1501.5015015015017,,False,11.87469999968016
2682,exp1-completion-paced,66,264,0.2723000006881193,1.2359000002106768,27.631599999949685,26.39569999973901,0.0185999997484032,19.41499999975349,500,909,14.357699999891338,19.463599999653525,False,909,0.0245999999606283,0.0239999999394058,0.0188000003618071,4.787999999280146,0.1210999998875195,0.0286000004052766,14.357699999891338,0.1005000003715395,0.0,19.41499999975349,19.463599999653525,19.42220000000816,500,500,333.0,1501.5015015015017,,False,8.16800000029616
2683,exp1-completion-paced,66,264,0.4571999998006504,0.0830999997560866,43.14890000023297,43.06580000047688,0.0215000000025611,21.40140000028623,500,910,15.283400000043912,21.45579999978509,False,910,0.0209999998332932,0.033399999665562,0.0184000000444939,5.795500000203901,0.1257000003533903,0.0279999994745594,15.283400000043912,0.150200000462064,0.0,21.40140000028623,21.45579999978509,21.40490000056161,500,500,333.0,1501.5015015015017,,False,21.69310000044788
2684,exp1-completion-paced,66,264,0.2762999993137782,1.2110999996366445,38.73819999989792,37.52710000026127,0.0197000008483883,28.485400000136,500,911,18.22470000024623,28.54879999995319,False,911,0.0215000000025611,0.0418999998146318,0.0251000001298962,9.78209999993851,0.2356000004510861,0.1185999999506748,18.22470000024623,0.0990999997156905,0.0,28.485400000136,28.54879999995319,28.4959999999046,500,500,333.0,1501.5015015015017,,False,10.189399999944733
2685,exp1-completion-paced,66,264,0.2687000005607842,1.2281999997867388,29.565099999672384,28.336899999885645,0.0887000005604932,21.46040000025096,500,912,16.404400000283204,21.5265000006184,False,912,0.0204000007215654,0.0456999996458762,0.0283999997918726,4.705199999989418,0.1247999998668092,0.0287000002572312,16.404400000283204,0.1686999994490179,0.0,21.46040000025096,21.5265000006184,21.465999999236374,500,500,333.0,1501.5015015015017,,False,8.038599999053982
2686,exp1-completion-paced,66,264,0.2828999995472259,1.2110999996366445,33.18039999976463,31.969300000127987,0.0202999999601161,20.879400000012534,500,913,15.69999999992433,20.98059999934776,False,913,0.0197999997908482,0.0813999995443737,0.0197000008483883,4.913399999168178,0.125500000649481,0.0273999994533369,15.69999999992433,0.0932000002649147,0.0,20.879400000012534,20.98059999934776,20.88739999999234,500,500,333.0,1501.5015015015017,,False,12.199800000416872
2687,exp1-completion-paced,66,264,0.2586000000519561,0.7418999994115438,26.512499999626016,25.770600000214472,0.0265999997282051,20.600199999535107,500,914,15.60090000020864,20.644999999603897,False,914,0.0191999997696257,0.025600000299164,0.0172999998540035,4.70709999990504,0.1221000002260552,0.0282000000879634,15.60090000020864,0.1242999996975413,0.0,20.600199999535107,20.644999999603897,20.608099999662954,500,500,333.0,1501.5015015015017,,False,5.867500000022119
2688,exp1-completion-paced,66,264,0.2764000000752276,0.7162000001699198,50.51850000018021,49.80230000001029,0.0211999995372025,31.993300000067396,500,915,25.50520000022516,32.03650000068592,False,915,0.0219000003198743,0.0213000002986518,0.016699999832781,5.824699999720906,0.2394000002823304,0.1197999999931198,25.50520000022516,0.2870999996957835,0.0,31.993300000067396,32.03650000068592,31.99969999968744,500,500,333.0,1501.5015015015017,,False,18.481999999494292
2689,exp1-completion-paced,66,264,0.2729999996518018,1.2226000008013216,40.13430000031804,38.91169999951671,0.0199000005522975,20.434199999726843,500,916,15.255600000273262,20.4794999999649,False,916,0.0198000007003429,0.0254999995377147,0.017899999875226,4.883100000370177,0.1200999995489837,0.0295999998343177,15.255600000273262,0.1277000001209671,0.0,20.434199999726843,20.4794999999649,20.44190000015078,500,500,333.0,1501.5015015015017,,False,19.65480000035314
2690,exp1-completion-paced,66,264,0.2807999999276944,1.147799999671406,35.09630000007746,33.94850000040606,0.0613000001976615,24.44359999935841,500,917,17.66310000039084,24.488000000019383,False,917,0.0212000004466972,0.023200000214274,0.0169999993886449,6.301299999904586,0.2359999998589046,0.1167000000350526,17.66310000039084,0.1093999999284278,0.0,24.44359999935841,24.488000000019383,24.450500000057215,500,500,333.0,1501.5015015015017,,False,10.60830000005808
2691,exp1-completion-paced,66,264,0.2654999998412677,0.7257000006575254,30.545300000085263,29.819599999427737,0.0202999999601161,20.61279999998078,500,918,15.45910000004369,20.65750000019761,False,918,0.0211999995372025,0.0235000006796326,0.0187999994523124,4.879400000390888,0.1222000000780099,0.0301999998555402,15.45910000004369,0.1028999995469348,0.0,20.61279999998078,20.65750000019761,20.620599999347174,500,500,333.0,1501.5015015015017,,False,9.887799999887651
2692,exp1-completion-paced,66,264,0.2670000003490713,0.7513000000471948,31.725599999845144,30.97429999979795,0.0186999996003578,20.79629999934696,500,919,15.03939999929571,20.839999999225256,False,919,0.0193999994735349,0.0243000004047644,0.0254999995377147,5.457600000227103,0.1295000001846347,0.0300000001516309,15.03939999929571,0.1141000002462533,0.0,20.79629999934696,20.839999999225256,20.80409999962285,500,500,333.0,1501.5015015015017,,False,10.885600000619888
2693,exp1-completion-paced,66,264,0.273399999969115,5.758100000093691,51.35340000015276,45.59530000005907,0.0192999996215803,35.81899999971938,500,920,25.325200000224868,35.862900000211084,False,920,0.0204000007215654,0.0234999997701379,0.017899999875226,9.840400000030058,0.2493000001777545,0.1126999995904043,25.325200000224868,0.2731000004132511,0.0,35.81899999971938,35.862900000211084,35.82590000041819,500,500,333.0,1501.5015015015017,,False,15.490499999941676
2694,exp1-completion-paced,66,264,0.283599999420403,1.3458000003083723,34.56960000039544,33.22380000008707,0.0219000003198743,21.9758000002912,500,921,16.574299999774667,22.0220999999583,False,921,0.0204999996640253,0.0258000000030733,0.0174999995579128,5.103400000734837,0.1229999998031416,0.0314999997499398,16.574299999774667,0.1259000000572996,0.0,21.9758000002912,22.0220999999583,21.98309999948833,500,500,333.0,1501.5015015015017,,False,12.54750000043714
2695,exp1-completion-paced,66,264,0.2727999999478925,0.711599999704049,48.20589999962976,47.49429999992572,0.0192999996215803,26.616899999680754,500,922,18.07360000020708,26.65979999983392,False,922,0.0196000000869389,0.0233000000662286,0.0270000000455183,8.246200000030512,0.1221000002260552,0.0289999998130952,18.07360000020708,0.1187999996545841,0.0,26.616899999680754,26.65979999983392,26.623900000231515,500,500,333.0,1501.5015015015017,,False,21.54609999979584
2696,exp1-completion-paced,66,264,0.4579999995257822,0.8551000000807107,36.22330000052898,35.36820000044827,0.0196999999388935,28.07669999947393,500,923,17.443200000343495,28.163199999653443,False,923,0.0424999998358543,0.044000000343658,0.0178000000232714,10.150199999770848,0.2346000001125503,0.113999999484804,17.443200000343495,0.1167000000350526,0.0,28.07669999947393,28.163199999653443,28.084499999749823,500,500,333.0,1501.5015015015017,,False,8.060100000875536
2697,exp1-completion-paced,66,264,0.2778999996735365,1.7775000005713082,43.23999999996886,41.46249999939755,0.0188999993042671,24.719699999877776,500,924,16.537800000151037,24.77840000028664,False,924,0.0311000003421213,0.0276000000667409,0.0179999997271806,7.888099999945552,0.1263000003746128,0.028099999326514,16.537800000151037,0.1211999997394741,0.0,24.719699999877776,24.77840000028664,24.726399999963174,500,500,333.0,1501.5015015015017,,False,18.461599999682218
2698,exp1-completion-paced,66,264,0.2718000005188514,2.727199999753793,35.534999999981665,32.80780000022787,0.0293000002784538,25.04430000044522,500,925,16.48600000044098,25.145700000393845,False,925,0.0198999996428028,0.081500000305823,0.0245999999606283,8.252499999798601,0.1259999999092542,0.0282000000879634,16.48600000044098,0.126799999634386,0.0,25.04430000044522,25.145700000393845,25.055199999769684,500,500,333.0,1501.5015015015017,,False,10.38929999958782
2699,exp1-completion-paced,66,264,0.273399999969115,1.2269999997442935,49.42320000009204,48.196200000347744,0.0216999997064704,27.26410000013857,500,926,21.25590000014199,27.308000000630276,False,926,0.0195000002349843,0.024400000256719,0.0175999994098674,5.490200000167533,0.2544999997553532,0.1196000002892105,21.25590000014199,0.1260999997612089,0.0,27.26410000013857,27.308000000630276,27.27150000009715,500,500,333.0,1501.5015015015017,,False,22.115199999461762
2700,exp1-completion-paced,66,264,0.2647000001161359,0.7740999999441556,27.649900000142225,26.87580000019807,0.0196999999388935,20.671800000855,500,927,15.376800000012736,20.716300000458432,False,927,0.0210999996852478,0.0233999999181833,0.0185000008059432,4.996099999516446,0.1235999998243642,0.0310000004901667,15.376800000012736,0.1254999997399863,0.0,20.671800000855,20.716300000458432,20.678699999734818,500,500,333.0,1501.5015015015017,,False,6.933599999683793
2701,exp1-completion-paced,66,264,0.2819999999701394,0.1651000002311775,35.549100000025646,35.38399999979447,0.0196000000869389,21.391100000073493,500,928,16.206100000090373,21.453700000165554,False,928,0.0198999996428028,0.0427000004492583,0.016499999219377,4.893000000265602,0.1192999998238519,0.0284000007013673,16.206100000090373,0.1274999995075632,0.0,21.391100000073493,21.453700000165554,21.398300000328163,500,500,333.0,1501.5015015015017,,False,14.095399999860092
2702,exp1-completion-paced,66,264,0.2709000000322703,1.227400000061607,38.10239999984333,36.87499999978172,0.0214000001506065,22.2273999997924,500,929,15.920400000140944,22.29799999986426,False,929,0.0386000001526554,0.0319999999192077,0.0174999995579128,5.898500000512286,0.2229000001534586,0.0339999996867845,15.920400000140944,0.1339000000371015,0.0,22.2273999997924,22.29799999986426,22.23839999987831,500,500,333.0,1501.5015015015017,,False,15.804399999979069
2703,exp1-completion-paced,66,264,0.3748999997696955,1.144699999713339,46.639999999570136,45.4952999998568,0.0210999996852478,24.63919999991049,500,930,19.309700000121666,24.704800000108666,False,930,0.0222999997276929,0.0433000004704808,0.0179999997271806,5.03740000021935,0.1225999994858284,0.0311000003421213,19.309700000121666,0.1202000003104331,0.0,24.63919999991049,24.704800000108666,24.643000000651227,500,500,333.0,1501.5015015015017,,False,21.93519999946147
2704,exp1-completion-paced,66,264,0.2875000000130967,1.218400000652764,42.86450000017794,41.64609999952518,0.0198000007003429,22.769199999856937,500,931,16.349099999388272,22.9921000000104,False,931,0.022000000171829,0.2008999999816296,0.0582000002395943,6.081300000005285,0.1277999999729218,0.0288999999611405,16.349099999388272,0.1236000007338589,0.0,22.769199999856937,22.9921000000104,22.77970000068308,500,500,333.0,1501.5015015015017,,False,19.87240000016754
2705,exp1-completion-paced,66,264,0.2776000001176726,1.2188999999125372,36.104599999816855,34.88569999990432,0.0211999995372025,27.810000000499716,500,932,19.620199999735632,27.86310000010417,False,932,0.0299000002996763,0.0231999993047793,0.0179000007847207,7.634999999936554,0.2988999995068297,0.1276000002690125,19.620199999735632,0.1101999996535596,0.0,27.810000000499716,27.86310000010417,27.81719999984489,500,500,333.0,1501.5015015015017,,False,8.241499999712687
2706,exp1-completion-paced,66,264,0.2623000000312459,1.22300000020914,32.724599999710335,31.501599999501195,0.02299999960087,21.295200000167824,500,933,16.006799999559007,21.339299999453942,False,933,0.0211999995372025,0.0228999997489154,0.0173000007634982,5.017499999667052,0.119000000267988,0.029499999982363,16.006799999559007,0.1048000003720517,0.0,21.295200000167824,21.339299999453942,21.30269999997836,500,500,333.0,1501.5015015015017,,False,11.385300000256393
2707,exp1-completion-paced,66,264,0.2853999994840706,4.24139999995532,35.59739999946032,31.355999999505,0.0262000003203866,24.295600000186823,500,934,18.822500000169384,24.382999999943426,False,934,0.0327999996443395,0.0546000001122592,0.0182000003405846,5.1729999995586695,0.1211999997394741,0.0385000003007007,18.822500000169384,0.1218999996126513,0.0,24.295600000186823,24.382999999943426,24.299599999721977,500,500,333.0,1501.5015015015017,,False,11.214399999516896
2708,exp1-completion-paced,66,264,0.2642999997988227,2.730600000177219,33.16450000056648,30.433900000389254,0.0221999998757382,23.67529999992257,500,935,17.930999999407504,23.720700000012584,False,935,0.0215000000025611,0.0239000000874511,0.0168999995366903,5.435000000034052,0.1535000001240405,0.036000000363856,17.930999999407504,0.1028000006044749,0.0,23.67529999992257,23.720700000012584,23.67850000064209,500,500,333.0,1501.5015015015017,,False,9.443800000553892
2709,exp1-completion-paced,66,264,0.2690000001166481,2.7348000003257766,44.264099999963946,41.52929999963817,0.0301000000035855,28.25329999996029,500,936,21.09539999946719,28.29479999945761,False,936,0.0194999993254896,0.022000000171829,0.0233000000662286,6.539099999827158,0.2681000005395617,0.1296999998885439,21.09539999946719,0.1974000006157439,0.0,28.25329999996029,28.29479999945761,28.25940000002447,500,500,333.0,1501.5015015015017,,False,15.969300000506337
2710,exp1-completion-paced,66,264,0.2791999995679362,1.2097999997422448,39.64149999956135,38.4316999998191,0.0399999998990097,21.30230000057054,500,937,15.842100000554638,21.34860000023764,False,937,0.0208999999813386,0.0253999996857601,0.0180000006366753,5.179599999792117,0.1205999997182516,0.0313000000460306,15.842100000554638,0.1104999992094235,0.0,21.30230000057054,21.34860000023764,21.30919999945036,500,500,333.0,1501.5015015015017,,False,18.29289999932371
2711,exp1-completion-paced,66,264,0.4508000001806067,1.0608999991745804,43.465899999318935,42.40500000014436,0.0202999999601161,23.30040000015288,500,938,17.434000000321248,23.34679999967193,False,938,0.0218999994103796,0.0245000001086737,0.0188000003618071,5.558099999689148,0.1247999998668092,0.0300000001516309,17.434000000321248,0.1343999992968747,0.0,23.30040000015288,23.34679999967193,23.307499999646097,500,500,333.0,1501.5015015015017,,False,20.119099999647005
2712,exp1-completion-paced,66,264,0.2728999997998471,1.236099999914586,30.62729999965086,29.391199999736276,0.0291000005745445,22.31649999976071,500,939,16.329799999766692,22.362700000485347,False,939,0.0219000003198743,0.0243000004047644,0.0169999993886449,5.665700000463403,0.1277999999729218,0.0294000001304084,16.329799999766692,0.1467000001866836,0.0,22.31649999976071,22.362700000485347,22.32440000079805,500,500,333.0,1501.5015015015017,,False,8.264599999165512
2713,exp1-completion-paced,66,264,0.2717999996093567,2.2468999995908234,38.68770000008226,36.44080000049144,0.028299999939918,24.467400000503403,500,940,18.274899999596528,24.50899999985268,False,940,0.019099999917671,0.0224999994316021,0.0180000006366753,5.777399999715271,0.1315999998041661,0.0293000002784538,18.274899999596528,0.2358000001549953,0.0,24.467400000503403,24.50899999985268,24.474499999996624,500,500,333.0,1501.5015015015017,,False,14.178700000229579
2714,exp1-completion-paced,66,264,0.2808999997796491,1.2551999998322572,32.10670000044047,30.85150000060821,0.0316000005113892,20.31659999920521,500,941,14.823200000137147,20.362799999929848,False,941,0.0210000007427879,0.0251999999818508,0.0172000000020489,5.172099999981583,0.1220999993165605,0.0415000004068133,14.823200000137147,0.1401999998051906,0.0,20.31659999920521,20.362799999929848,20.32320000034815,500,500,333.0,1501.5015015015017,,False,11.74390000051062
2715,exp1-completion-paced,66,264,0.2721000000747153,2.251099999739381,33.59409999939089,31.34299999965151,0.0191999997696257,22.159199999805423,500,942,16.630799999802548,22.202500000275904,False,942,0.0196999999388935,0.0236000005315872,0.0183000001925393,5.220999999437481,0.1227000002472777,0.0292000004264991,16.630799999802548,0.1369999999951687,0.0,22.159199999805423,22.202500000275904,22.16560000033496,500,500,333.0,1501.5015015015017,,False,11.391599999114987
2716,exp1-completion-paced,66,264,0.2984000002470566,5.737000000408443,36.6453000006004,30.90830000019196,0.0199999994947575,20.606000000043423,500,943,15.233900000566791,20.705199999611068,False,943,0.0329000004057888,0.0662999991618562,0.0184000000444939,5.067200000667071,0.1206999995702062,0.0411999999414547,15.233900000566791,0.1244999994014506,0.0,20.606000000043423,20.705199999611068,20.62709999972867,500,500,333.0,1501.5015015015017,,False,15.940100000989332
2717,exp1-completion-paced,66,264,0.4538000002867193,2.5369999993927195,37.47479999947245,34.93780000007973,0.019099999917671,21.162899999580983,500,944,15.693400000600375,21.207899999353685,False,944,0.0208000001293839,0.024199999643315,0.0466999999844119,5.148899999767309,0.1212000006489688,0.0286999993477365,15.693400000600375,0.1236999996763188,0.0,21.162899999580983,21.207899999353685,21.169900000131747,500,500,333.0,1501.5015015015017,,False,16.266900000118767
2718,exp1-completion-paced,66,264,0.270700000328361,1.2224000001879176,35.121500000059314,33.8990999998714,0.0207999992198892,21.08409999982541,500,945,15.885699999671488,21.132200000465676,False,945,0.0227999998969608,0.0253000007433001,0.0172000000020489,4.904999999780557,0.121699999908742,0.0300000001516309,15.885699999671488,0.1242999996975413,0.0,21.08409999982541,21.132200000465676,21.09139999993204,500,500,333.0,1501.5015015015017,,False,13.989299999593637
2719,exp1-completion-paced,66,264,0.2721000000747153,1.226200000019162,42.71540000081586,41.4892000007967,0.0688999998601502,22.48090000011871,500,946,16.241299999819603,22.60290000049281,False,946,0.0215999998545157,0.1004000005195848,0.0184000000444939,5.765999999312044,0.2237000007880851,0.1102999995055142,16.241299999819603,0.1210000000355648,0.0,22.48090000011871,22.60290000049281,22.4884999997812,500,500,333.0,1501.5015015015017,,False,20.112500000323053
2720,exp1-completion-paced,66,264,0.2710999997361796,2.790600000480481,39.73920000044018,36.9485999999597,0.0208999999813386,22.12280000003375,500,947,16.544499999326945,22.17170000039914,False,947,0.0235000006796326,0.0253999996857601,0.0159999999596038,5.260200000520854,0.1245999992534052,0.030900000638212,16.544499999326945,0.1464000006308197,0.0,22.12280000003375,22.17170000039914,22.12630000030913,500,500,333.0,1501.5015015015017,,False,17.567500000041036
2721,exp1-completion-paced,66,264,0.2634000002217362,1.2352000003374997,37.05930000069202,35.82410000035452,0.0182000003405846,21.33460000004561,500,948,15.644099999917673,21.38039999954344,False,948,0.0210999996852478,0.0246999998125829,0.0177000001713167,5.410200000369514,0.1271000000997446,0.0291999995170044,15.644099999917673,0.1060000004144967,0.0,21.33460000004561,21.38039999954344,21.341700000448327,500,500,333.0,1501.5015015015017,,False,15.67890000114858
2722,exp1-completion-paced,66,264,0.2765000008366769,1.2280000000828295,37.601099999847065,36.37309999976424,0.0197999997908482,25.010800000018207,500,949,19.094899999799964,25.05789999941044,False,949,0.021799999558425,0.0252999998338054,0.0187000005098525,5.631199999697856,0.1265999999304767,0.0304000004689442,19.094899999799964,0.1087000000552507,0.0,25.010800000018207,25.05789999941044,25.017599999955564,500,500,333.0,1501.5015015015017,,False,12.543200000436624
2723,exp1-completion-paced,66,264,0.269299999672512,1.2252999995325808,34.69010000026174,33.46480000072916,0.0188000003618071,21.96410000033211,500,950,16.3142000001244,22.02639999995881,False,950,0.0182999992830446,0.044000000343658,0.01810000048863,5.382499999541324,0.1210000000355648,0.0270000000455183,16.3142000001244,0.1010999994832673,0.0,21.96410000033211,22.02639999995881,21.976499999254884,500,500,333.0,1501.5015015015017,,False,12.663700000302928
2724,exp1-completion-paced,66,264,0.2709999998842249,1.2306999997235837,41.26029999952152,40.02959999979794,0.0201000002562068,22.15649999925517,500,951,16.62820000001375,22.20599999964179,False,951,0.0225000003410968,0.0270000000455183,0.0202999999601161,5.156599999281752,0.1240000001416774,0.0319000000672531,16.62820000001375,0.1952000002347631,0.0,22.15649999925517,22.20599999964179,22.16409999982716,500,500,333.0,1501.5015015015017,,False,19.05429999987973
2725,exp1-completion-paced,66,264,0.2694000004339614,2.2476000003734957,39.15020000022196,36.90259999984846,0.0210999996852478,26.540299999396662,500,952,15.806200000042736,26.591799999550854,False,952,0.0212999993891571,0.0302000007650349,0.0269999991360236,10.433100000227569,0.1277000001209671,0.0403000003643683,15.806200000042736,0.1057999998010927,0.0,26.540299999396662,26.591799999550854,26.551900000413298,500,500,333.0,1501.5015015015017,,False,12.558400000671103
2726,exp1-completion-paced,66,264,0.2801999999064719,2.7620000000752043,40.10350000044127,37.34150000036607,0.0182999992830446,21.75569999963045,500,953,16.408899999987625,21.81730000029347,False,953,0.0370000007023918,0.0245999999606283,0.0175999994098674,5.067099999905622,0.1230000007126363,0.0320999997711624,16.408899999987625,0.1067000002876739,0.0,21.75569999963045,21.81730000029347,21.762000000308035,500,500,333.0,1501.5015015015017,,False,18.2862000001478
2727,exp1-completion-paced,66,264,0.2776999999696272,1.7307999996774015,34.74099999948521,33.01019999980781,0.019099999917671,21.2599999995291,500,954,15.617500000189466,21.30559999932302,False,954,0.02059999951598,0.0250000002779415,0.0163999993674224,5.316400000083377,0.1288000003114575,0.0401999996029189,15.617500000189466,0.1405000002705492,0.0,21.2599999995291,21.30559999932302,21.262899999783254,500,500,333.0,1501.5015015015017,,False,13.43540000016219
2728,exp1-completion-paced,66,264,0.2779999995254911,0.048899999455898,29.63530000033643,29.58640000088053,0.0199000005522975,21.671999999853146,500,955,16.145200000210025,21.77899999969668,False,955,0.0206000004254747,0.086399999418063,0.0331000001096981,5.2157999998598825,0.125800000205345,0.0290999996650498,16.145200000210025,0.1228000000992324,0.0,21.671999999853146,21.77899999969668,21.714200000133133,500,500,333.0,1501.5015015015017,,False,7.856300000639749
2729,exp1-completion-paced,66,264,0.2741999996942468,1.215700000102515,34.043300000121235,32.82760000001872,0.0196000000869389,21.394700000200828,500,956,16.08140000007552,21.437000000332773,False,956,0.0182000003405846,0.0240999997913604,0.017899999875226,5.037800000536663,0.1200999995489837,0.0305000003208988,16.08140000007552,0.1067999992301338,0.0,21.394700000200828,21.437000000332773,21.40129999952478,500,500,333.0,1501.5015015015017,,False,12.606299999788462
2730,exp1-completion-paced,66,264,0.3335000001243315,3.218899999410496,40.12719999991532,36.90830000050482,0.0191999997696257,21.74749999994674,500,957,16.379100000449398,21.793900000375288,False,957,0.023200000214274,0.023200000214274,0.0157000004037399,5.096199999570672,0.1202000003104331,0.0340999995387392,16.379100000449398,0.102099999821803,0.0,21.74749999994674,21.793900000375288,21.750500000052853,500,500,333.0,1501.5015015015017,,False,18.33329999954003
2731,exp1-completion-paced,66,264,0.2786000004562083,1.2233999996169589,34.67610000006971,33.45270000045275,0.0251999999818508,21.369500000218977,500,958,15.80740000008518,21.42290000028879,False,958,0.0184999998964485,0.0349000001733657,0.0158000002556946,5.264399999759917,0.125800000205345,0.0293000002784538,15.80740000008518,0.1265999999304767,0.0,21.369500000218977,21.42290000028879,21.372600000177044,500,500,333.0,1501.5015015015017,,False,13.253199999780918
2732,exp1-completion-paced,66,264,0.2735999996730243,1.276500000130909,32.096800000545045,30.820300000414136,0.034800000321411,20.9500000000844,500,959,15.523000000030152,20.99770000040735,False,959,0.0226000001930515,0.0251000001298962,0.0172000000020489,5.129000000124506,0.1213999994433834,0.0310000004901667,15.523000000030152,0.1281999993807403,0.0,20.9500000000844,20.99770000040735,20.9564999995564,500,500,333.0,1501.5015015015017,,False,11.099100000137696
2733,exp1-completion-paced,66,264,0.2698000007512746,1.257400000213238,29.599399999824527,28.34199999961129,0.0184999998964485,21.615199999359906,500,960,15.781199999764794,21.657000000232077,False,960,0.0188000003618071,0.0230000005103647,0.0175999994098674,5.508299999746669,0.1492999999754829,0.0293000002784538,15.781199999764794,0.1293000004807254,0.0,21.615199999359906,21.657000000232077,21.621300000333576,500,500,333.0,1501.5015015015017,,False,7.94239999959245
2734,exp1-completion-paced,66,264,0.2647999999680905,1.2790000000677535,45.66239999985555,44.3833999997878,0.0201000002562068,22.59649999996327,500,961,16.874799999641255,22.6435999993555,False,961,0.0208000001293839,0.0262999992628465,0.0184000000444939,5.424200000561541,0.1223999997819191,0.0292000004264991,16.874799999641255,0.1272999998036539,0.0,22.59649999996327,22.6435999993555,22.604199999477714,500,500,333.0,1501.5015015015017,,False,23.01880000050005
2735,exp1-completion-paced,66,264,0.2805000003718305,0.7175000000643195,30.651699999907574,29.93419999984326,0.0215000000025611,21.472399999765912,500,962,15.721300000222982,21.70509999996284,False,962,0.0209999998332932,0.2117000003636349,0.0271999997494276,5.399700000452867,0.1520999994681915,0.0342000003001885,15.721300000222982,0.1376999998683459,0.0,21.472399999765912,21.70509999996284,21.49639999970532,500,500,333.0,1501.5015015015017,,False,8.946599999944734
2736,exp1-completion-paced,66,264,0.2724999994825339,2.210600000580598,35.60340000058204,33.39280000000144,0.0174999995579128,20.979500000066764,500,963,15.676799999710056,21.038400000179536,False,963,0.0306000001728534,0.028299999939918,0.0186000006578979,5.007499999919673,0.1210000000355648,0.029499999982363,15.676799999710056,0.1259999999092542,0.0,20.979500000066764,21.038400000179536,20.986900000025344,500,500,333.0,1501.5015015015017,,False,14.565000000402506
2737,exp1-completion-paced,66,264,0.3304000001662643,0.050099999498343,43.36499999953958,43.314900000041234,0.0178000000232714,27.928599999540893,500,964,20.30250000007072,27.98160000020289,False,964,0.0282000000879634,0.0248000005740323,0.0173999997059581,7.329600000048231,0.1222000000780099,0.0319000000672531,20.30250000007072,0.1247999998668092,0.0,27.928599999540893,27.98160000020289,27.93490000021848,500,500,333.0,1501.5015015015017,,False,15.383399999336689
2738,exp1-completion-paced,66,264,0.2709000000322703,2.6881999992838246,42.2153999998045,39.52720000052068,0.0224999994316021,21.57089999946038,500,965,16.21140000042942,21.617599999444792,False,965,0.0212999993891571,0.0254000005952548,0.0187999994523124,5.062000000179978,0.1201000004584784,0.0297999995382269,16.21140000042942,0.1285999996980535,0.0,21.57089999946038,21.617599999444792,21.57859999988432,500,500,333.0,1501.5015015015017,,False,20.597800000359705
2739,exp1-completion-paced,66,264,0.2702000001590932,1.2192999993203557,31.042199999319564,29.82289999999921,0.0192999996215803,20.725299999867275,500,966,15.485099999750672,20.77079999980924,False,966,0.0208000001293839,0.0246999998125829,0.0178000000232714,4.9489000002722605,0.1212999995914287,0.028299999939918,15.485099999750672,0.1235000008819042,0.0,20.725299999867275,20.77079999980924,20.73220000056608,500,500,333.0,1501.5015015015017,,False,10.271399999510326
2740,exp1-completion-paced,66,264,0.2660000000105356,3.7517000000661938,45.25490000014543,41.50320000007923,0.0242000005528097,30.0254000003406,500,967,20.06359999995766,30.083700000432145,False,967,0.0202000001081614,0.0380999999833875,0.017899999875226,9.465900000577676,0.2333000002181506,0.1167999998870072,20.06359999995766,0.1277000001209671,0.0,30.0254000003406,30.083700000432145,30.032399999981862,500,500,333.0,1501.5015015015017,,False,15.171199999713288
2741,exp1-completion-paced,66,264,0.2693000005820067,1.2657000006583985,41.14600000048085,39.880299999822455,0.0211000005947425,21.61820000037551,500,968,15.963100000590202,21.681200000784884,False,968,0.0207000002774293,0.0423000001319451,0.0176000003193621,5.314899999575573,0.1595000003362656,0.0316999994538491,15.963100000590202,0.1311999994868529,0.0,21.61820000037551,21.681200000784884,21.62510000016482,500,500,333.0,1501.5015015015017,,False,19.46479999969597
2742,exp1-completion-paced,66,264,0.2794000001813401,4.216600000290782,34.11710000000312,29.900499999712338,0.0180000006366753,22.087999999712338,500,969,16.72300000063842,22.134099999675527,False,969,0.021799999558425,0.0243000004047644,0.0171000001500942,5.065700000159268,0.1217999997606966,0.0291999995170044,16.72300000063842,0.1309999997829436,0.0,22.087999999712338,22.134099999675527,22.09469999979774,500,500,333.0,1501.5015015015017,,False,11.983000000327593
2743,exp1-completion-paced,66,264,0.2784000007522991,5.76069999988249,36.622499999793945,30.86179999991145,0.0180999995791353,20.966900000530583,500,970,15.702699999565084,21.012400000472557,False,970,0.0206000004254747,0.0248999995164922,0.0175000004674075,4.975199999535107,0.121900000522146,0.029499999982363,15.702699999565084,0.1198999998450744,0.0,20.966900000530583,21.012400000472557,20.97319999938918,500,500,333.0,1501.5015015015017,,False,15.610099999321388
2744,exp1-completion-paced,66,264,0.2826999998433166,1.1829999994006355,33.052399999178306,31.86939999977767,0.0235000006796326,22.266400000262365,500,971,16.46219999929599,22.312000000056287,False,971,0.0219000003198743,0.0236999994740472,0.0178000000232714,5.396300000029441,0.1250000004802132,0.0282000000879634,16.46219999929599,0.2367000006415764,0.0,22.266400000262365,22.312000000056287,22.27279999988241,500,500,333.0,1501.5015015015017,,False,10.740399999122019
2745,exp1-completion-paced,66,264,0.2625000006446498,1.2180000003354507,32.67830000004324,31.460299999707782,0.0200999993467121,21.120600000358536,500,972,15.437300000485266,21.17309999994177,False,972,0.0263000001723412,0.0261999994108919,0.01810000048863,5.38940000024013,0.127999999676831,0.0288999999611405,15.437300000485266,0.1186999998026294,0.0,21.120600000358536,21.17309999994177,21.12829999987298,500,500,333.0,1501.5015015015017,,False,11.505200000101468
2746,exp1-completion-paced,66,264,0.2741999996942468,2.7244000002610846,33.60199999951874,30.87759999925765,0.0191999997696257,20.665400000325462,500,973,15.175199999248434,20.76260000012553,False,973,0.0678999995216145,0.0293000002784538,0.0182000003405846,5.2029999997103005,0.1218999996126513,0.0302000007650349,15.175199999248434,0.1167000000350526,0.0,20.665400000325462,20.76260000012553,20.672699999522592,500,500,333.0,1501.5015015015017,,False,12.839399999393208
2747,exp1-completion-paced,66,264,0.277299999652314,0.0509000001329695,36.76940000059403,36.71850000046106,0.0190000000657164,21.857200000340526,500,974,16.267400000288035,21.90700000028301,False,974,0.0251999999818508,0.0245999999606283,0.0180999995791353,5.303300000377931,0.1227000002472777,0.0302999997074948,16.267400000288035,0.115199999527249,0.0,21.857200000340526,21.90700000028301,21.864199999981796,500,500,333.0,1501.5015015015017,,False,14.862400000311023
2748,exp1-completion-paced,66,264,0.2764000000752276,2.7206000004298403,36.63500000038766,33.91439999995782,0.0198999996428028,20.323899999311838,500,975,15.171099999861326,20.369299999401846,False,975,0.0204999996640253,0.0249000004259869,0.0160999998115585,4.877700000179175,0.1212999995914287,0.0325999999404302,15.171099999861326,0.1049000002240063,0.0,20.323899999311838,20.369299999401846,20.330899999862595,500,500,333.0,1501.5015015015017,,False,16.265700000985817
2749,exp1-completion-paced,66,264,0.2703000000110478,0.7448999995176564,39.1922999997405,38.44740000022284,0.0209999998332932,21.519300000363728,500,976,15.90699999997014,21.56970000032743,False,976,0.0204000007215654,0.0299999992421362,0.01810000048863,5.298000000038883,0.1610999997865292,0.0329000004057888,15.90699999997014,0.1019999999698484,0.0,21.519300000363728,21.56970000032743,21.526900000026217,500,500,333.0,1501.5015015015017,,False,17.62259999941307
2750,exp1-completion-paced,66,264,0.2712000004976289,1.2308999994274927,31.111999999666292,29.881100000238803,0.033399999665562,20.38739999989048,500,977,15.098099999704573,20.43369999955757,False,977,0.0226999991355114,0.0236000005315872,0.017899999875226,5.010200000469922,0.1224999996338738,0.0280000003840541,15.098099999704573,0.1104000002669636,0.0,20.38739999989048,20.43369999955757,20.394200000737328,500,500,333.0,1501.5015015015017,,False,10.67830000010872
2751,exp1-completion-paced,66,264,0.2985000000990112,1.1972000002060668,32.86339999976917,31.666199999563105,0.0327999996443395,20.624599999791823,500,978,14.888100000462146,20.67819999956555,False,978,0.0200999993467121,0.0335000004270114,0.0184000000444939,5.455800000163436,0.1328999996985658,0.0319999999192077,14.888100000462146,0.0971999998000683,0.0,20.624599999791823,20.67819999956555,20.63210000051185,500,500,333.0,1501.5015015015017,,False,12.185200000203622
2752,exp1-completion-paced,66,264,0.2782999999908497,2.7387999998609303,32.05749999960972,29.318699999748787,0.0201000002562068,22.141000000374333,500,979,16.34459999968385,22.189399999660964,False,979,0.0209999998332932,0.0273999994533369,0.0184000000444939,5.358899999919231,0.2266000001327484,0.111500000457454,16.34459999968385,0.0808000004326459,0.0,22.141000000374333,22.189399999660964,22.1480000000156,500,500,333.0,1501.5015015015017,,False,9.868099999948754
2753,exp1-completion-paced,66,264,0.2766999996310915,1.2233000006744987,35.12010000031296,33.89679999963846,0.02050000057352,20.08899999964342,500,980,14.89399999991292,20.135199999458564,False,980,0.0206999993679346,0.0255000004472094,0.0185999997484032,4.928400000608235,0.1225999994858284,0.0269000001935637,14.89399999991292,0.0982999999905587,0.0,20.08899999964342,20.135199999458564,20.096399999602,500,500,333.0,1501.5015015015017,,False,14.984900000854395
2754,exp1-completion-paced,66,264,0.2765999997791368,2.746999999544641,31.529199999567936,28.78220000002329,0.0198999996428028,20.585299999765997,500,981,15.316099999836297,20.632599999771628,False,981,0.0221999998757382,0.0251000001298962,0.0178000000232714,4.993499999727646,0.1283999999941443,0.030900000638212,15.316099999836297,0.0983999998425133,0.0,20.585299999765997,20.632599999771628,20.592300000316754,500,500,333.0,1501.5015015015017,,False,10.896599999796308
2755,exp1-completion-paced,66,264,0.2899000000979868,1.198599999952421,42.22089999984746,41.02229999989504,0.0216999997064704,22.731000000021595,500,982,17.790799999602314,22.770300000047428,False,982,0.0173999997059581,0.0219000003198743,0.0179999997271806,4.673399999774119,0.1203000001623877,0.0299000002996763,17.790799999602314,0.0984999996944679,0.0,22.731000000021595,22.770300000047428,22.73799999966286,500,500,333.0,1501.5015015015017,,False,19.450599999800033
2756,exp1-completion-paced,66,264,0.27460000001156,0.7141999994928483,35.66479999972216,34.950600000229315,0.0202000001081614,20.364099999824248,500,983,15.251200000420797,20.42009999968286,False,983,0.0231000003623194,0.0328999994962941,0.0176000003193621,4.840399999920919,0.1228000000992324,0.0322999994750716,15.251200000420797,0.0995999998849583,0.0,20.364099999824248,20.42009999968286,20.37130000007892,500,500,333.0,1501.5015015015017,,False,15.244700000039302
2757,exp1-completion-paced,66,264,0.2534999994168174,0.0771999993958161,33.833199999207864,33.75599999981205,0.0195000002349843,19.315499999720487,500,984,14.369800000167745,19.360799999958545,False,984,0.0217000006159651,0.0235999996220925,0.016900000446185,4.679899999246118,0.1210999998875195,0.027300000510877,14.369800000167745,0.1002999997581355,0.0,19.315499999720487,19.360799999958545,19.32219999980589,500,500,333.0,1501.5015015015017,,False,14.472399999249319
2758,exp1-completion-paced,66,264,0.2829000004567206,1.2141000006522518,35.14679999989312,33.93269999924087,0.0184000000444939,22.35489999929996,500,985,16.575700000430516,22.407299999940733,False,985,0.028299999939918,0.0241000007008551,0.0178000000232714,5.4995999998936895,0.1287999994019628,0.0343000001521431,16.575700000430516,0.0983999998425133,0.0,22.35489999929996,22.407299999940733,22.36179999999877,500,500,333.0,1501.5015015015017,,False,12.739499999952386
2759,exp1-completion-paced,66,264,0.2618999997139326,2.81029999950988,34.18229999988398,31.3720000003741,0.019099999917671,19.93309999943449,500,986,14.690599999994449,19.98509999975795,False,986,0.0202999999601161,0.0317000003633438,0.0178000000232714,4.970399999365327,0.1256000005014357,0.0300000001516309,14.690599999994449,0.0983999998425133,0.0,19.93309999943449,19.98509999975795,19.940799999858427,500,500,333.0,1501.5015015015017,,False,14.197200000126031
2760,exp1-completion-paced,66,264,0.2955999998448533,2.647100000103819,36.683199999970384,34.036099999866565,0.0188999993042671,20.166100000096776,500,987,15.136499999243824,20.210300000144343,False,987,0.0217000006159651,0.0224999994316021,0.0182000003405846,4.759599999488273,0.1215000002048327,0.0315000006594345,15.136499999243824,0.0985000006039626,0.0,20.166100000096776,20.210300000144343,20.17320000049949,500,500,333.0,1501.5015015015017,,False,16.47289999982604
2761,exp1-completion-paced,66,264,0.2708000001803157,4.322100000536011,38.18970000065747,33.867600000121456,0.0179999997271806,21.352699999624747,500,988,15.27059999989433,21.399899999778427,False,988,0.0182000003405846,0.0289999998130952,0.0258000000030733,5.80549999995128,0.1205999997182516,0.029499999982363,15.27059999989433,0.1005000003715395,0.0,21.352699999624747,21.399899999778427,21.359100000154285,500,500,333.0,1501.5015015015017,,False,16.78980000087904
2762,exp1-completion-paced,66,264,0.2801999999064719,0.0798000000941101,35.596699999587145,35.516899999493035,0.027300000510877,24.704899999960617,500,989,19.245100000262028,24.76589999969292,False,989,0.0219000003198743,0.0390999994124285,0.0229000006584101,4.983199999514909,0.2276000004712841,0.1158999994004261,19.245100000262028,0.1099999999496503,0.0,24.704899999960617,24.76589999969292,24.708400000236,500,500,333.0,1501.5015015015017,,False,10.830799999894225
2763,exp1-completion-paced,66,264,0.283800000033807,2.763299999969604,41.272399999797926,38.50909999982832,0.0196000000869389,21.958600000289152,500,990,16.362299999855168,22.193100000549748,False,990,0.0207000002774293,0.2137999999831663,0.0254999995377147,5.286200000227836,0.1528000002508633,0.0290999996650498,16.362299999855168,0.1025000001391163,0.0,21.958600000289152,22.193100000549748,21.977899999910733,500,500,333.0,1501.5015015015017,,False,19.079299999248178
2764,exp1-completion-paced,66,264,0.2782999999908497,1.240200000211189,35.14309999991383,33.90289999970264,0.05680000049324,21.51419999972859,500,991,15.47409999966476,21.56809999996767,False,991,0.0283999997918726,0.0255000004472094,0.0179999997271806,5.77049999992596,0.122899999951187,0.0293000002784538,15.47409999966476,0.0992000004771398,0.0,21.51419999972859,21.56809999996767,21.52159999968717,500,500,333.0,1501.5015015015017,,False,13.574999999946158
2765,exp1-completion-paced,66,264,0.2609000002848916,0.0479999998788116,44.2284999999174,44.18050000003859,0.025600000299164,26.27429999938613,500,992,18.887000000177068,26.31799999926443,False,992,0.0207999992198892,0.0229000006584101,0.0179999997271806,7.018299999799638,0.2302000002600834,0.0301000000035855,18.887000000177068,0.090499999714666,0.0,26.27429999938613,26.31799999926443,26.281899999958117,500,500,333.0,1501.5015015015017,,False,17.910500000652974
2766,exp1-completion-paced,66,264,0.2721000000747153,1.7268999999942023,31.591900000421447,29.865000000427244,0.0225000003410968,19.57140000013169,500,993,14.68639999984589,19.63559999967401,False,993,0.0322999994750716,0.0319000000672531,0.0185999997484032,4.608199999893259,0.1185000000987201,0.0421000004280358,14.68639999984589,0.0972999996520229,0.0,19.57140000013169,19.63559999967401,19.58439999998518,500,500,333.0,1501.5015015015017,,False,11.956300000747436
2767,exp1-completion-paced,66,264,0.2586000000519561,1.2448999996195198,33.63619999981893,32.39130000019941,0.0184000000444939,21.1128999999346,500,994,15.549599999758357,21.190399999795773,False,994,0.0190000000657164,0.0584999997954582,0.0179999997271806,5.255899999610847,0.1274000005651032,0.029499999982363,15.549599999758357,0.1322999996773433,0.0,21.1128999999346,21.190399999795773,21.15149999917776,500,500,333.0,1501.5015015015017,,False,12.445800000023155
2768,exp1-completion-paced,66,264,0.2658000003066263,1.1747000007744646,37.087200000314624,35.91249999954016,0.0201999991986667,21.560500000305183,500,995,16.198999999687658,21.607200000289595,False,995,0.0218000004679197,0.0248999995164922,0.0164000002769171,5.078999999568623,0.1212000006489688,0.030999999580672,16.198999999687658,0.1137000008384347,0.0,21.560500000305183,21.607200000289595,21.56740000009449,500,500,333.0,1501.5015015015017,,False,15.48000000002503
2769,exp1-completion-paced,66,264,0.2801999999064719,1.2292000001252743,36.68450000077428,35.455300000649004,0.0208000001293839,23.109600000680075,500,996,15.596899999763991,23.353700000370736,False,996,0.0192999996215803,0.2248000000690808,0.0416000002587679,7.209499999589752,0.1206000006277463,0.0319000000672531,15.596899999763991,0.1087999999072053,0.0,23.109600000680075,23.353700000370736,23.14529999966908,500,500,333.0,1501.5015015015017,,False,13.330800000403542
2770,exp1-completion-paced,66,264,0.2771999998003593,0.7351999993261416,33.65129999929195,32.91609999996581,0.0215999998545157,21.087099999931525,500,997,15.508800000134215,21.12790000046516,False,997,0.0176000003193621,0.023200000214274,0.017899999875226,5.305699999553326,0.1226000003953231,0.0263000001723412,15.508800000134215,0.1056000000971835,0.0,21.087099999931525,21.12790000046516,21.09340000060911,500,500,333.0,1501.5015015015017,,False,12.52339999882679
2771,exp1-completion-paced,66,264,0.274800000624964,0.0479999998788116,38.00909999972646,37.96109999984765,0.0199000005522975,20.433299999240266,500,998,15.11300000038318,20.509999999376305,False,998,0.019099999917671,0.0576000002183718,0.0182999992830446,5.01680000070337,0.1322999996773433,0.0401999996029189,15.11300000038318,0.112499999886495,0.0,20.433299999240266,20.509999999376305,20.446999999876425,500,500,333.0,1501.5015015015017,,False,17.499100000350154
2772,exp1-completion-paced,66,264,0.2781000002869405,0.0458000004073255,35.58580000026268,35.539999999855354,0.0228999997489154,23.06339999995544,500,999,17.713199999889184,23.284399999283774,False,999,0.0227999998969608,0.198199999431381,0.0248000005740323,5.0483999993957696,0.124300000607036,0.0285999994957819,17.713199999889184,0.1239000002897228,0.0,23.06339999995544,23.284399999283774,23.07420000033744,500,500,333.0,1501.5015015015017,,False,12.301400000978905
2773,exp1-completion-paced,66,264,0.2583000004960922,1.2490999997680774,39.66649999983929,38.41740000007121,0.0231000003623194,22.614700000303856,500,1000,15.713699999651,22.659500000372645,False,1000,0.0196000000869389,0.0251999999818508,0.0176000003193621,6.574799999725656,0.1320000001214794,0.0293000002784538,15.713699999651,0.1471000005039968,0.0,22.614700000303856,22.659500000372645,22.622600000431703,500,500,333.0,1501.5015015015017,,False,17.006999999466643
2774,exp1-completion-paced,66,264,0.2718999994613114,1.231799999914074,41.82980000041425,40.59800000050018,0.0208000001293839,23.908500000288768,500,1001,18.42500000020664,23.954399999638557,False,1001,0.0221999998757382,0.0236999994740472,0.0272000006589223,5.177899999580404,0.1287000004595029,0.042599999687809,18.42500000020664,0.1068999999915831,0.0,23.908500000288768,23.954399999638557,23.915900000247348,500,500,333.0,1501.5015015015017,,False,17.875400000775695
2775,exp1-completion-paced,66,264,0.2790999997159815,1.1745000001610606,35.19959999994171,34.02509999978065,0.0208000001293839,22.28000000013708,500,1002,15.944499999932304,22.324999999909775,False,1002,0.0202999999601161,0.0246999998125829,0.0170000002981396,5.971300000055635,0.2131999999619438,0.0315999996018945,15.944499999932304,0.102300000435207,0.0,22.28000000013708,22.324999999909775,22.286399999757123,500,500,333.0,1501.5015015015017,,False,12.874600000031936
2776,exp1-completion-paced,66,264,0.2844000000550295,0.0552000001334818,33.488000000033935,33.43279999990045,0.0196999999388935,21.765099999356607,500,1003,16.114899999593035,21.808799999234907,False,1003,0.0193999994735349,0.0243000004047644,0.0179999997271806,5.339899999853515,0.1437999999325256,0.0475000006190384,16.114899999593035,0.1007000000754487,0.0,21.765099999356607,21.808799999234907,21.77190000020346,500,500,333.0,1501.5015015015017,,False,11.679200000799028
2777,exp1-completion-paced,66,264,0.2624999997351551,2.7326999997967505,32.561299999542825,29.828599999746075,0.0194999993254896,22.30039999994915,500,1004,15.8768000001146,22.349399999257,False,1004,0.0203999998120707,0.0285999994957819,0.0184000000444939,6.150600000182749,0.1222999999299645,0.0274000003628316,15.8768000001146,0.1046999996106023,0.0,22.30039999994915,22.349399999257,22.30760000020382,500,500,333.0,1501.5015015015017,,False,10.211900000285826
2778,exp1-completion-paced,66,264,0.2819999999701394,1.2903999995614868,26.563899999928253,25.273500000366766,0.0198000007003429,20.204999999805292,500,1005,14.957600000343518,20.269999999982247,False,1005,0.0411999999414547,0.0238000002354965,0.0167999996847356,4.9748000001272885,0.1188000005640788,0.0296999996862723,14.957600000343518,0.1070999996954924,0.0,20.204999999805292,20.269999999982247,20.21119999972143,500,500,333.0,1501.5015015015017,,False,6.293899999946007
2779,exp1-completion-paced,66,264,0.2797000006466987,2.781999999569962,47.6991999994425,44.91719999987254,0.0213000002986518,31.860000000051517,500,1006,22.54919999995764,31.947399999808116,False,1006,0.019300000531075,0.0680999992255237,0.0372000004063011,8.796699999948032,0.2342999996471917,0.1185000000987201,22.54919999995764,0.1239000002897228,0.0,31.860000000051517,31.947399999808116,31.890500000372413,500,500,333.0,1501.5015015015017,,False,15.751799999634382
2780,exp1-completion-paced,66,264,0.2789999998640269,2.779000000373344,43.75560000062251,40.97660000024917,0.0319000000672531,22.665200000119512,500,1007,16.01050000044779,22.710000000188305,False,1007,0.0223999995796475,0.0224000004891422,0.0181999994310899,6.238400000256661,0.2260999999634805,0.0505999996676109,16.01050000044779,0.1211999997394741,0.0,22.665200000119512,22.710000000188305,22.671900000204914,500,500,333.0,1501.5015015015017,,False,21.045600000434202
2781,exp1-completion-paced,66,264,0.2790999997159815,2.7516000000105123,32.71260000019538,29.961000000184868,0.0200000004042522,20.47219999985828,500,1008,15.02470000014,20.518600000286824,False,1008,0.0201000002562068,0.0263000001723412,0.0183000001925393,5.164799999874958,0.1223999997819191,0.0313999998979852,15.02470000014,0.1104000002669636,0.0,20.47219999985828,20.518600000286824,20.480200000747573,500,500,333.0,1501.5015015015017,,False,12.193999999908556
2782,exp1-completion-paced,66,264,0.2538999997341307,0.6520999995700549,38.67609999997512,38.02400000040507,0.0201000002562068,25.42170000015176,500,1009,19.710900000063702,25.481399999989662,False,1009,0.0221999998757382,0.037499999962165,0.0171000001500942,5.418400000053225,0.1421999995727674,0.0295999998343177,19.710900000063702,0.1034000006256974,0.0,25.42170000015176,25.481399999989662,25.429200000871788,500,500,333.0,1501.5015015015017,,False,13.19469999998546
2783,exp1-completion-paced,66,264,0.2687999995032442,0.0460999999631894,51.42869999963296,51.382599999669765,0.0212999993891571,27.974700000413577,500,1010,22.11299999999028,28.020599999763363,False,1010,0.0202999999601161,0.0255999993896693,0.0163000004249624,5.359599999792408,0.1269000003958353,0.0296999996862723,22.11299999999028,0.3286999999545514,0.0,27.974700000413577,28.020599999763363,27.97740000005433,500,500,333.0,1501.5015015015017,,False,23.4080999998696
2784,exp1-completion-paced,66,264,0.267100000201026,1.2022999999317108,38.107899999886286,36.905599999954575,0.0198000007003429,21.31149999968329,500,1011,15.736899999865273,21.358900000450376,False,1011,0.0213000002986518,0.0261000004684319,0.0186999996003578,5.286100000375882,0.122899999951187,0.0316999994538491,15.736899999865273,0.1150000007328344,0.0,21.31149999968329,21.358900000450376,21.31910000025528,500,500,333.0,1501.5015015015017,,False,16.74899999943591
2785,exp1-completion-paced,66,264,0.2794000001813401,2.762799999800336,44.64559999996709,41.88280000016675,0.0210999996852478,21.69389999926352,500,1012,16.03140000042913,21.93929999975808,False,1012,0.0191999997696257,0.2262000007249298,0.0255999993896693,5.371199999899545,0.1295000001846347,0.029499999982363,16.03140000042913,0.1064999996742699,0.0,21.69389999926352,21.93929999975808,21.718899999541463,500,500,333.0,1501.5015015015017,,False,22.70630000020901
2786,exp1-completion-paced,66,264,0.2647000001161359,0.0508000002810149,33.71470000001864,33.66389999973762,0.0183000001925393,22.135899999739195,500,1013,15.398000000459431,22.197899999810037,False,1013,0.0237000003835419,0.0382999996872968,0.0252999998338054,6.434599999920465,0.1234999999724095,0.0294000001304084,15.398000000459431,0.1248999997187638,0.0,22.135899999739195,22.197899999810037,22.146799999973155,500,500,333.0,1501.5015015015017,,False,11.516800000208601
2787,exp1-completion-paced,66,264,0.4669999998441199,0.0992999994195997,33.40279999974882,33.30350000032922,0.0212999993891571,20.98779999960243,500,1014,15.719600000011267,21.03389999956562,False,1014,0.0211999995372025,0.0249000004259869,0.0191999997696257,4.971800000021176,0.1212999995914287,0.0295999998343177,15.719600000011267,0.1262000005226582,0.0,20.98779999960243,21.03389999956562,20.995800000491727,500,500,333.0,1501.5015015015017,,False,12.368900000183203
2788,exp1-completion-paced,66,264,0.2795999998852494,1.236400000379945,36.638200000197685,35.40179999981774,0.0227999998969608,22.91149999928166,500,1015,16.146500000104425,22.95479999975214,False,1015,0.0195000002349843,0.0238000002354965,0.0172999998540035,6.342599999697995,0.1247999998668092,0.0282000000879634,16.146500000104425,0.2518000001145992,0.0,22.91149999928166,22.95479999975214,22.917600000255334,500,500,333.0,1501.5015015015017,,False,13.683400000445545
2789,exp1-completion-paced,66,264,0.2853999994840706,1.1788000001615728,29.90510000017821,28.72630000001664,0.0194000003830296,21.27219999965746,500,1016,15.704099999311438,21.338900000046124,False,1016,0.0206000004254747,0.0460999999631894,0.0184000000444939,5.216599999585014,0.1732999999148887,0.0345000007655471,15.704099999311438,0.1251000003321678,0.0,21.27219999965746,21.338900000046124,21.27900000050431,500,500,333.0,1501.5015015015017,,False,8.566200000132085
2790,exp1-completion-paced,66,264,0.2776999999696272,4.175900000518595,40.68350000034116,36.50759999982256,0.019300000531075,22.708600000441947,500,1017,16.68619999963994,22.956499999963853,False,1017,0.0213000002986518,0.2265999992232537,0.0518000006195507,5.57699999990291,0.1236999996763188,0.0427000004492583,16.68619999963994,0.2268999996886123,0.0,22.708600000441947,22.956499999963853,22.74330000000191,500,500,333.0,1501.5015015015017,,False,17.72700000037731
2791,exp1-completion-paced,66,264,0.3181000001859502,1.1757999991459656,35.54309999981342,34.367300000667456,0.0195000002349843,21.678000000065367,500,1018,16.289700000015728,21.72439999958442,False,1018,0.0204999996640253,0.025899999855028,0.0176000003193621,5.095900000014808,0.1233000002685003,0.0379999992219382,16.289700000015728,0.1132000006691669,0.0,21.678000000065367,21.72439999958442,21.68520000032004,500,500,333.0,1501.5015015015017,,False,13.818700000229
2792,exp1-completion-paced,66,264,0.2708000001803157,2.7283999997962383,33.6128999997527,30.88449999995646,0.019099999917671,21.0877999998047,500,1019,15.165599999818369,21.319299999959185,False,1019,0.0209999998332932,0.2105000003211898,0.0245999999606283,5.618700000013632,0.1234999999724095,0.0395999995816964,15.165599999818369,0.1157000006060116,0.0,21.0877999998047,21.319299999959185,21.116700000675337,500,500,333.0,1501.5015015015017,,False,12.293599999793514
2793,exp1-completion-paced,66,264,0.2969999995912076,1.2022999999317108,36.72449999976379,35.52219999983208,0.0199999994947575,22.034599999642523,500,1020,16.5313999996215,22.08350000000792,False,1020,0.0208999999813386,0.0280000003840541,0.0201999991986667,5.2095000000917935,0.1263000003746128,0.0299000002996763,16.5313999996215,0.1172000002043205,0.0,22.034599999642523,22.08350000000792,22.043400000256952,500,500,333.0,1501.5015015015017,,False,14.640999999755874
2794,exp1-completion-paced,66,264,0.4698000002463232,0.1519999996162369,36.88830000010057,36.736300000484334,0.0249999993684468,21.645100000569077,500,1021,16.453700000056415,21.694400000342284,False,1021,0.0214000001506065,0.0278999996226048,0.0184000000444939,4.891300000053889,0.1214000003528781,0.0406999997721868,16.453700000056415,0.1195000004372559,0.0,21.645100000569077,21.694400000342284,21.65300000069692,500,500,333.0,1501.5015015015017,,False,15.193899999758287
2795,exp1-completion-paced,66,264,0.2697999998417799,1.7610000004424364,33.17849999984901,31.417499999406573,0.0199000005522975,21.553300000050516,500,1022,16.059100000347826,21.596800000224903,False,1022,0.0183000001925393,0.0251999999818508,0.017899999875226,5.1937999996880535,0.1271000000997446,0.0288999999611405,16.059100000347826,0.1264000002265675,0.0,21.553300000050516,21.596800000224903,21.560400000453228,500,500,333.0,1501.5015015015017,,False,11.581699999624107
2796,exp1-completion-paced,66,264,0.2759999997579143,1.2514000000010128,42.67019999952026,41.41879999951925,0.0196999999388935,22.98220000011497,500,1023,16.48990000012418,23.029099999803293,False,1023,0.0227000000450061,0.024199999643315,0.0176000003193621,6.195199999638135,0.1337000003331923,0.0277999997706501,16.48990000012418,0.1177000003735884,0.0,22.98220000011497,23.029099999803293,22.98919999975624,500,500,333.0,1501.5015015015017,,False,19.641099999716964
2797,exp1-completion-paced,66,264,0.2739000001383829,0.0558000001547043,39.63690000000497,39.58109999985027,0.0208000001293839,23.115200000574987,500,1024,16.615100000308303,23.16150000024209,False,1024,0.0215000000025611,0.0247999996645376,0.0200000004042522,6.198699999913515,0.1273999996556085,0.0293000002784538,16.615100000308303,0.1244999994014506,0.0,23.115200000574987,23.16150000024209,23.12280000023748,500,500,333.0,1501.5015015015017,,False,16.47539999976288
2798,exp1-completion-paced,66,264,0.2782999999908497,2.255200000035984,30.62099999988277,28.365799999846782,0.0221999998757382,23.0055000001812,500,1025,17.271599999730824,23.04999999978463,False,1025,0.0215000000025611,0.02299999960087,0.01810000048863,5.436299999928451,0.1246000001628999,0.029499999982363,17.271599999730824,0.1252000001841224,0.0,23.0055000001812,23.04999999978463,23.012800000287825,500,500,333.0,1501.5015015015017,,False,7.571000000098138
2799,exp1-completion-paced,66,264,0.4590999997162726,0.0761000001148204,40.538899999774,40.46279999965918,0.0207000002774293,28.423599999769067,500,1026,21.21249999981956,28.492200000073357,False,1026,0.0415000004068133,0.027099999897473,0.0197999997908482,6.788499999856867,0.1240000001416774,0.0294000001304084,21.21249999981956,0.2492000003257999,0.0,28.423599999769067,28.492200000073357,28.430700000171782,500,500,333.0,1501.5015015015017,,False,12.046699999700646
2800,exp1-completion-paced,66,264,0.2779000005830312,4.302800000004936,44.74180000033812,40.43900000033318,0.0219000003198743,22.53519999976561,500,1027,15.870900000663823,22.8225000000748,False,1027,0.0207000002774293,0.2666000000317581,0.0248999995164922,6.332799999654526,0.1570000003994209,0.0283999997918726,15.870900000663823,0.1208999992741155,0.0,22.53519999976561,22.8225000000748,22.561599999789905,500,500,333.0,1501.5015015015017,,False,21.919300000263316
2801,exp1-completion-paced,66,264,0.2806000002237852,1.2153000006946968,34.05430000020715,32.83899999951245,0.0178000000232714,22.016400000211437,500,1028,15.911999999843829,22.068600000238803,False,1028,0.0218999994103796,0.0303000006169895,0.017899999875226,5.807200000162993,0.1253999998880317,0.0289999998130952,15.911999999843829,0.1247000000148546,0.0,22.016400000211437,22.068600000238803,22.02419999957783,500,500,333.0,1501.5015015015017,,False,11.985699999968347
2802,exp1-completion-paced,66,264,0.2734999998210696,0.768400000197289,36.32280000056198,35.554400000364694,0.0191999997696257,21.905100000367383,500,1029,16.339499999958207,21.948100000372506,False,1029,0.0208000001293839,0.0221999998757382,0.0168000005942303,5.271399999401183,0.1203000001623877,0.0325000000884756,16.339499999958207,0.1243999995494959,0.0,21.905100000367383,21.948100000372506,21.911399999225974,500,500,333.0,1501.5015015015017,,False,14.374700000189478
2803,exp1-completion-paced,66,264,0.2744000003076507,1.2151999999332477,42.71590000007564,41.50070000014239,0.0202999999601161,21.90489999975398,500,1030,15.68409999981668,21.95229999961157,False,1030,0.024199999643315,0.023200000214274,0.0175999994098674,5.868500000360655,0.1234999999724095,0.0864000003275577,15.68409999981668,0.1246000001628999,0.0,21.90489999975398,21.95229999961157,21.911599999839385,500,500,333.0,1501.5015015015017,,False,20.763600000464074
2804,exp1-completion-paced,66,264,0.2718000005188514,5.827400000271155,41.31390000020474,35.486499999933585,0.0248000005740323,21.99529999961669,500,1031,16.199800000322284,22.041100000024016,False,1031,0.0228999997489154,0.0229000006584101,0.0184000000444939,5.372499999793945,0.126799999634386,0.0307999998767627,16.199800000322284,0.2467000003889552,0.0,21.99529999961669,22.041100000024016,22.00230000016745,500,500,333.0,1501.5015015015017,,False,19.272800000180723
2805,exp1-completion-paced,66,264,0.283800000033807,1.1989000004177797,39.68499999973574,38.48609999931796,0.0389999995604739,20.9936999999627,500,1032,15.475299999707204,21.124999999301508,False,1032,0.0223999995796475,0.1088999997591599,0.0215999998545157,5.210000000261061,0.1220000003741006,0.0417999999626772,15.475299999707204,0.1228000000992324,0.0,20.9936999999627,21.124999999301508,21.042999999735912,500,500,333.0,1501.5015015015017,,False,18.56000000043423
2806,exp1-completion-paced,66,264,0.2815999996528262,2.755099999376398,41.752699999960896,38.9976000005845,0.0325999999404302,24.185400000533264,500,1033,18.027600000095845,24.23440000075061,False,1033,0.0243000004047644,0.0246999998125829,0.0178000000232714,5.85399999999936,0.1275000004170579,0.0313999998979852,18.027600000095845,0.1269999993382953,0.0,24.185400000533264,24.23440000075061,24.19229999941308,500,500,333.0,1501.5015015015017,,False,17.518299999210285
2807,exp1-completion-paced,66,264,0.2702000001590932,1.2071999999534455,32.54530000049272,31.33810000053927,0.0206000004254747,21.824200000082783,500,1034,16.005999999833875,21.879200000512355,False,1034,0.0217000006159651,0.0332999998136074,0.0180999995791353,5.447900000035588,0.1559000002089305,0.0718000001143082,16.005999999833875,0.124300000607036,0.0,21.824200000082783,21.879200000512355,21.831200000633544,500,500,333.0,1501.5015015015017,,False,10.666099999980368
2808,exp1-completion-paced,66,264,0.2884999994421378,1.226200000019162,31.084700000064917,29.85850000004575,0.0207000002774293,21.318000000064785,500,1035,15.857499999583524,21.43660000001546,False,1035,0.0207000002774293,0.0978999996732454,0.0185999997484032,5.162399999790068,0.1229000008606817,0.0314999997499398,15.857499999583524,0.1249000006282585,0.0,21.318000000064785,21.43660000001546,21.3993000006667,500,500,333.0,1501.5015015015017,,False,9.648100000049457
2809,exp1-completion-paced,66,264,0.2826999998433166,2.83320000016829,39.21290000016597,36.37969999999768,0.0200000004042522,21.11629999944853,500,1036,15.557900000203515,21.17610000004788,False,1036,0.0239000000874511,0.0359000005119014,0.0259999997069826,5.238599999756843,0.1276000002690125,0.0419999996665865,15.557900000203515,0.1240000001416774,0.0,21.11629999944853,21.17610000004788,21.12360000046465,500,500,333.0,1501.5015015015017,,False,18.03680000011809
2810,exp1-completion-paced,66,264,0.2804999994623358,1.7761999997674138,37.81749999961903,36.04129999985162,0.0193999994735349,21.59339999980148,500,1037,16.27730000018346,21.63860000018758,False,1037,0.0212000004466972,0.0239999999394058,0.0169999993886449,4.999200000384008,0.1241999998455867,0.0399999998990097,16.27730000018346,0.1354000005449052,0.0,21.59339999980148,21.63860000018758,21.600500000204192,500,500,333.0,1501.5015015015017,,False,16.17889999943145
2811,exp1-completion-paced,66,264,0.2832000000125845,2.7239999999437714,36.59570000036183,33.87170000041806,0.0202999999601161,19.91580000048998,500,1038,14.678399999866087,19.963499999903437,False,1038,0.0235999996220925,0.0240999997913604,0.0199000005522975,4.933899999741698,0.1248999997187638,0.0314000008074799,14.678399999866087,0.1269999993382953,0.0,19.91580000048998,19.963499999903437,19.92339999924297,500,500,333.0,1501.5015015015017,,False,16.632200000458393
2812,exp1-completion-paced,66,264,0.3630000001066946,1.0954999997920822,39.58749999947031,38.49199999967823,0.0185999997484032,19.80439999988448,500,1039,14.602599999307133,19.84939999965718,False,1039,0.0225999992835568,0.0224000004891422,0.0179999997271806,4.907100000309583,0.1240000001416774,0.029499999982363,14.602599999307133,0.122899999951187,0.0,19.80439999988448,19.84939999965718,19.810599999800612,500,500,333.0,1501.5015015015017,,False,19.73809999981313
2813,exp1-completion-paced,66,264,0.2851999997801613,1.3663999998243526,39.200199999868346,37.83380000004399,0.0182000003405846,21.27569999993284,500,1040,16.044300000430667,21.345799999835435,False,1040,0.0223999995796475,0.0477000003229477,0.019099999917671,4.902300000139803,0.1185999999506748,0.0290999996650498,16.044300000430667,0.1621000001250649,0.0,21.27569999993284,21.345799999835435,21.289899999828776,500,500,333.0,1501.5015015015017,,False,17.85440000003291
2814,exp1-completion-paced,66,264,0.2626999994390644,2.760899999884714,31.73479999986739,28.97389999998268,0.017899999875226,20.824900000661728,500,1041,15.513299999838637,21.046700000624696,False,1041,0.0221000000237836,0.1996999999391846,0.0186000006578979,5.01449999956094,0.1227000002472777,0.0301999998555402,15.513299999838637,0.1253999998880317,0.0,20.824900000661728,21.046700000624696,20.8318999993935,500,500,333.0,1501.5015015015017,,False,10.688099999242695
2815,exp1-completion-paced,66,264,0.2617000000100233,0.7099000004018308,38.656900000205496,37.94699999980367,0.0196000000869389,22.889300000315416,500,1042,17.604900000151247,22.944299999835494,False,1042,0.0278999996226048,0.027099999897473,0.0174000006154528,4.995100000087405,0.120299999252893,0.0282000000879634,17.604900000151247,0.1233000002685003,0.0,22.889300000315416,22.944299999835494,22.89579999978741,500,500,333.0,1501.5015015015017,,False,15.712600000370003
2816,exp1-completion-paced,66,264,0.2756000003500958,2.2149999995235703,29.66149999974732,27.44650000022375,0.0193999994735349,20.274699999390577,500,1043,15.00820000001113,20.31779999924765,False,1043,0.0222999997276929,0.0208000001293839,0.0172999998540035,4.974100000254111,0.121699999908742,0.0300000001516309,15.00820000001113,0.1231999995070509,0.0,20.274699999390577,20.31779999924765,20.281899999645248,500,500,333.0,1501.5015015015017,,False,9.34370000049967
2817,exp1-completion-paced,66,264,0.2788000001601176,1.2166000005890965,32.73480000007112,31.51819999948202,0.0192999996215803,21.29289999993489,500,1044,16.02880000064033,21.33719999983441,False,1044,0.022000000171829,0.0222999997276929,0.0161000007210532,4.962799999702838,0.1265999999304767,0.0315999996018945,16.02880000064033,0.126799999634386,0.0,21.29289999993489,21.33719999983441,21.29640000021027,500,500,333.0,1501.5015015015017,,False,11.397600000236707
2818,exp1-completion-paced,66,264,0.2813999999489169,1.2156000002505607,34.13959999943472,32.92399999918416,0.0260999995589372,21.811600000546605,500,1045,16.352399999959744,21.85780000036175,False,1045,0.0221000000237836,0.0240999997913604,0.0171000001500942,5.164399999557645,0.1220000003741006,0.0282000000879634,16.352399999959744,0.1272999998036539,0.0,21.811600000546605,21.85780000036175,21.818100000018603,500,500,333.0,1501.5015015015017,,False,12.281799999072973
2819,exp1-completion-paced,66,264,0.2652000002854038,1.2267000001884298,36.57550000025367,35.34880000006524,0.0207000002774293,20.63300000008894,500,1046,15.36480000049778,20.678599999882863,False,1046,0.0216999997064704,0.0239000000874511,0.019300000531075,4.959299999427458,0.1251000003321678,0.043799999730254,15.36480000049778,0.120499999866297,0.0,20.63300000008894,20.678599999882863,20.64020000034361,500,500,333.0,1501.5015015015017,,False,15.896900000370806
2820,exp1-completion-paced,66,264,0.3426000002946239,7.230900000649854,29.548399999839603,22.31749999918975,0.0195000002349843,20.24359999995795,500,1047,15.047200000481098,20.2887000004921,False,1047,0.0222000007852329,0.0228999997489154,0.0183000001925393,4.888899999968999,0.1231999995070509,0.0398000001951004,15.047200000481098,0.1259999999092542,0.0,20.24359999995795,20.2887000004921,20.250399999895308,500,500,333.0,1501.5015015015017,,False,9.259699999347504
2821,exp1-completion-paced,66,264,0.273199999355711,0.72340000042459,32.07269999984419,31.3492999994196,0.0186999996003578,21.447900000566733,500,1048,15.790800000104356,21.537499999794814,False,1048,0.0233999999181833,0.0661999993099016,0.0186000006578979,5.335899999408866,0.1468999998905928,0.0330000002577435,15.790800000104356,0.1223999997819191,0.0,21.447900000566733,21.537499999794814,21.47169999989273,500,500,333.0,1501.5015015015017,,False,10.535200000049375
2822,exp1-completion-paced,66,264,0.3324999997857958,2.769300000181829,54.46329999995214,51.69399999977031,0.0187999994523124,34.959300000082294,500,1049,26.12069999941013,35.015100000237,False,1049,0.0221999998757382,0.033600000278966,0.0180999995791353,8.333300000231247,0.2388000002611079,0.1227000002472777,26.12069999941013,0.1253999998880317,0.0,34.959300000082294,35.015100000237,34.966599999279424,500,500,333.0,1501.5015015015017,,False,19.448199999715143
2823,exp1-completion-paced,66,264,0.2964000004794798,5.732300000090618,37.59780000018509,31.86550000009447,0.0196999999388935,20.5524000002697,500,1050,15.024499999526595,20.59770000050776,False,1050,0.0221000000237836,0.023200000214274,0.024400000256719,5.200900000090769,0.135999999656633,0.0415000004068133,15.024499999526595,0.1247999998668092,0.0,20.5524000002697,20.59770000050776,20.559099999445607,500,500,333.0,1501.5015015015017,,False,17.000099999677328
2824,exp1-completion-paced,66,264,0.2635999999256455,1.2492999994719869,33.59699999964505,32.34770000017306,0.0184000000444939,21.09209999980521,500,1051,15.357299999777752,21.14989999972749,False,1051,0.0219000003198743,0.0358999996024067,0.0178000000232714,5.430799999885494,0.1210999998875195,0.0270000000455183,15.357299999777752,0.1379000004817498,0.0,21.09209999980521,21.14989999972749,21.100200000546465,500,500,333.0,1501.5015015015017,,False,12.447099999917558
2825,exp1-completion-paced,66,264,0.2785000006042537,0.0756999997975071,30.1220999999714,30.04640000017389,0.0471000003017252,20.5511000003753,500,1052,14.977199999520964,20.605000000614385,False,1052,0.0233999999181833,0.0305000003208988,0.0184000000444939,5.270399999972142,0.12940000033268,0.029499999982363,14.977199999520964,0.1259999999092542,0.0,20.5511000003753,20.605000000614385,20.558799999889743,500,500,333.0,1501.5015015015017,,False,9.517099999357015
2826,exp1-completion-paced,66,264,0.2741999996942468,1.201799999762443,44.2003999996814,42.99859999991895,0.019099999917671,24.877899999410147,500,1053,17.83160000013595,24.923199999648205,False,1053,0.0216999997064704,0.0236000005315872,0.0184000000444939,6.540099999256199,0.2361000006203539,0.1248999997187638,17.83160000013595,0.1265000000785221,0.0,24.877899999410147,24.923199999648205,24.884600000405044,500,500,333.0,1501.5015015015017,,False,19.277200000033197
2827,exp1-completion-paced,66,264,0.2805999993142904,1.201799999762443,34.12500000013097,32.923200000368524,0.0202000001081614,21.882600000026287,500,1054,16.369899999517656,21.92620000005263,False,1054,0.0201000002562068,0.0234999997701379,0.0184999998964485,5.207799999880081,0.1241999998455867,0.0427000004492583,16.369899999517656,0.1194000005853013,0.0,21.882600000026287,21.92620000005263,21.88990000013291,500,500,333.0,1501.5015015015017,,False,12.198800000078336
2828,exp1-completion-paced,66,264,0.2653000001373584,1.1977000003753346,44.18040000018664,42.9826999998113,0.019300000531075,20.409400000062305,500,1055,15.197300000181713,20.485800000642485,False,1055,0.0448999999207444,0.0315000006594345,0.0172000000020489,4.880599999523838,0.1207000004797009,0.0302999997074948,15.197300000181713,0.163099999554106,0.0,20.409400000062305,20.485800000642485,20.41559999997844,500,500,333.0,1501.5015015015017,,False,23.694599999544153
2829,exp1-completion-paced,66,264,0.2771999998003593,1.2466999996831871,34.11869999945338,32.8719999997702,0.0208000001293839,21.79100000012113,500,1056,15.711000000010245,21.83229999991454,False,1056,0.0210999996852478,0.0202000001081614,0.0172000000020489,5.591500000264205,0.225499999942258,0.1180999997814069,15.711000000010245,0.1275000004170579,0.0,21.79100000012113,21.83229999991454,21.7982000003758,500,500,333.0,1501.5015015015017,,False,12.286399999538844
2830,exp1-completion-paced,66,264,0.2761999994618236,1.2134999997215346,41.22209999968618,40.008599999964645,0.0199000005522975,22.72090000042226,500,1057,17.400499999894237,22.77369999956136,False,1057,0.0221999998757382,0.0305999992633587,0.0186000006578979,4.9203999997189385,0.1220000003741006,0.0278999996226048,17.400499999894237,0.2313000004505738,0.0,22.72090000042226,22.77369999956136,22.72850000008475,500,500,333.0,1501.5015015015017,,False,18.44840000012482
2831,exp1-completion-paced,66,264,0.2789999998640269,0.0486999997519888,38.21989999960351,38.17119999985152,0.0200000004042522,22.330300000248823,500,1058,16.755300000113493,22.37429999968299,False,1058,0.0210999996852478,0.0228999997489154,0.017899999875226,5.263600000034785,0.1411000002917717,0.0297999995382269,16.755300000113493,0.1224000006914138,0.0,22.330300000248823,22.37429999968299,22.336900000482277,500,500,333.0,1501.5015015015017,,False,15.845599999920523
2832,exp1-completion-paced,66,264,0.2757000002020504,1.2217999992572004,39.79469999922003,38.57289999996283,0.0200999993467121,21.59570000003441,500,1059,16.204300000026706,21.63749999999709,False,1059,0.0210999996852478,0.0207000002774293,0.0171000001500942,5.094000000099186,0.1253999998880317,0.0303999995594494,16.204300000026706,0.124300000607036,0.0,21.59570000003441,21.63749999999709,21.60249999997177,500,500,333.0,1501.5015015015017,,False,18.15719999922294
2833,exp1-completion-paced,66,264,0.277299999652314,1.2914999997519772,38.17160000016884,36.88010000041686,0.0196999999388935,20.64749999954074,500,1060,15.484399999877496,20.7364999996571,False,1060,0.0221000000237836,0.0669000000925734,0.0182000003405846,4.8763999993752805,0.1216000000567874,0.0305000003208988,15.484399999877496,0.1161999998657847,0.0,20.64749999954074,20.7364999996571,20.6542999994781,500,500,333.0,1501.5015015015017,,False,17.43510000051174
2834,exp1-completion-paced,66,264,0.3799999994953396,1.1043000004065109,31.56680000029155,30.46249999988504,0.0183000001925393,19.56949999930657,500,1061,14.448799999627226,19.612299999607785,False,1061,0.0221999998757382,0.0206000004254747,0.0172999998540035,4.831999999623804,0.1208000003316556,0.0300000001516309,14.448799999627226,0.1204000000143423,0.0,19.56949999930657,19.612299999607785,19.57579999998416,500,500,333.0,1501.5015015015017,,False,11.954500000683765
2835,exp1-completion-paced,66,264,0.2746999998635147,1.236099999914586,39.73430000041844,38.49820000050386,0.0227999998969608,21.5795000003709,500,1062,16.050100000029488,21.6245000001436,False,1062,0.0212000004466972,0.0237999993260018,0.0174000006154528,5.232999999861931,0.1236999996763188,0.0301000000035855,16.050100000029488,0.1251000003321678,0.0,21.5795000003709,21.6245000001436,21.5875000003507,500,500,333.0,1501.5015015015017,,False,18.109800000274845
2836,exp1-completion-paced,66,264,0.273399999969115,0.0692000003255088,32.02160000000731,31.9523999996818,0.0288000001091859,21.005099999456437,500,1063,15.811899999789604,21.05349999965256,False,1063,0.0214000001506065,0.0270000000455183,0.0193999994735349,4.90059999992809,0.1214000003528781,0.032199999623117,15.811899999789604,0.1194000005853013,0.0,21.005099999456437,21.05349999965256,21.012100000007194,500,500,333.0,1501.5015015015017,,False,10.968100000354752
2837,exp1-completion-paced,66,264,0.2785999995467136,3.8199999999051215,27.603800000179035,23.783800000273917,0.0190000000657164,21.19459999994433,500,1064,15.745400000014342,21.26159999988886,False,1064,0.0380999999833875,0.0288999999611405,0.0187999994523124,5.156400000487338,0.1257999992958502,0.0311000003421213,15.745400000014342,0.1168999997389619,0.0,21.19459999994433,21.26159999988886,21.201900000050955,500,500,333.0,1501.5015015015017,,False,6.342200000290177
2838,exp1-completion-paced,66,264,0.2895999996326281,1.2245999996594037,45.84799999975076,44.62340000009135,0.0301999998555402,27.97159999954601,500,1065,21.741499999734515,28.02739999970072,False,1065,0.0277999997706501,0.0280000003840541,0.0171000001500942,5.847699999321776,0.1259000000572996,0.0304000004689442,21.741499999734515,0.2087000002575223,0.0,27.97159999954601,28.02739999970072,27.98350000011851,500,500,333.0,1501.5015015015017,,False,17.820600000050042
2839,exp1-completion-paced,66,264,0.2725999993344885,1.1887999999089516,40.592600000309176,39.403800000400224,0.019099999917671,22.531099999469006,500,1066,16.111300000375195,22.708200000124634,False,1066,0.02050000057352,0.1566000000821077,0.0509999999849242,6.0906999997314415,0.1256000005014357,0.0303999995594494,16.111300000375195,0.1218999996126513,0.0,22.531099999469006,22.708200000124634,22.54259999972419,500,500,333.0,1501.5015015015017,,False,17.88440000018454
2840,exp1-completion-paced,66,264,0.2728999997998471,1.24729999970441,32.645100000081584,31.39780000037717,0.0274000003628316,21.18940000036673,500,1067,15.7762000008006,21.236200000203095,False,1067,0.0222999997276929,0.0245000001086737,0.0178000000232714,5.119499999636901,0.1236000007338589,0.0306999991153134,15.7762000008006,0.1212999995914287,0.0,21.18940000036673,21.236200000203095,21.196499999859952,500,500,333.0,1501.5015015015017,,False,11.40889999987849
2841,exp1-completion-paced,66,264,0.2727999999478925,0.742599999284721,34.73479999956908,33.99220000028436,0.019099999917671,25.088099999265975,500,1068,16.146900000421738,25.131899999905727,False,1068,0.0210000007427879,0.0227999998969608,0.016699999832781,8.662700000058976,0.1222000000780099,0.030999999580672,16.146900000421738,0.1083999995898921,0.0,25.088099999265975,25.131899999905727,25.09490000011283,500,500,333.0,1501.5015015015017,,False,9.60289999966335
2842,exp1-completion-paced,66,264,0.2645000004122266,1.230799999575538,33.60009999960312,32.36930000002758,0.0215999998545157,22.338800000397896,500,1069,16.841699999531556,22.384100000635957,False,1069,0.0225000003410968,0.0227999998969608,0.0173999997059581,5.209600000853243,0.125599999591941,0.0294000001304084,16.841699999531556,0.1148999999713851,0.0,22.338800000397896,22.384100000635957,22.34580000003916,500,500,333.0,1501.5015015015017,,False,11.21599999896716
2843,exp1-completion-paced,66,264,0.2810000005410984,2.21620000047551,52.30130000018107,50.08509999970556,0.0194999993254896,30.44580000005226,500,1070,25.19320000010339,30.49509999982547,False,1070,0.0220999991142889,0.0272000006589223,0.017899999875226,4.969399999936286,0.1265999999304767,0.0306000001728534,25.19320000010339,0.1078999994206242,0.0,30.44580000005226,30.49509999982547,30.45399999973597,500,500,333.0,1501.5015015015017,,False,21.806200000355602
2844,exp1-completion-paced,66,264,0.2693999995244667,1.2175999991086428,38.73399999974936,37.51640000064072,0.0899000006029382,21.11479999985022,500,1071,15.19449999977951,21.162299999559764,False,1071,0.0225999992835568,0.0249000004259869,0.0167999996847356,5.640100000164239,0.1240000001416774,0.0288000001091859,15.19449999977951,0.1104000002669636,0.0,21.11479999985022,21.162299999559764,21.121599999787577,500,500,333.0,1501.5015015015017,,False,17.571700000189594
2845,exp1-completion-paced,66,264,0.268099999630067,1.307000000451808,28.12590000030468,26.818899999852874,0.0197999997908482,20.62850000038452,500,1072,14.937400000235357,20.671399999628196,False,1072,0.0211999995372025,0.0216999997064704,0.0176000003193621,5.3966000004948,0.1317999995080754,0.0288000001091859,14.937400000235357,0.1161000000138301,0.0,20.62850000038452,20.671399999628196,20.6346000004487,500,500,333.0,1501.5015015015017,,False,7.454500000676482
2846,exp1-completion-paced,66,264,0.2690000001166481,1.2083999999958903,33.06700000030105,31.85860000030516,0.0184999998964485,21.463799999764888,500,1073,15.646300000298652,21.510800000214655,False,1073,0.0211000005947425,0.025899999855028,0.0159999999596038,5.479899999954796,0.1594999994267709,0.036000000363856,15.646300000298652,0.1259999999092542,0.0,21.463799999764888,21.510800000214655,21.468300000378804,500,500,333.0,1501.5015015015017,,False,11.556200000086395
2847,exp1-completion-paced,66,264,0.2715999999054475,1.3233999998192305,42.688199999247445,41.364799999428215,0.0194000003830296,24.13440000054834,500,1074,17.592499999409483,24.181400000088612,False,1074,0.0224999994316021,0.0245000001086737,0.0171000001500942,6.052800000361458,0.2337999994779238,0.113900000542344,17.592499999409483,0.124099999993632,0.0,24.13440000054834,24.181400000088612,24.14069999940693,500,500,333.0,1501.5015015015017,,False,18.506799999158833
2848,exp1-completion-paced,66,264,0.2921999994214275,1.2287999998079613,44.42620000008901,43.19740000028105,0.0215000000025611,22.904299999936484,500,1075,17.12500000030559,22.95090000006894,False,1075,0.0227000000450061,0.0239000000874511,0.0174000006154528,5.474699999467703,0.1284999998460989,0.0307999998767627,17.12500000030559,0.1277999999729218,0.0,22.904299999936484,22.95090000006894,22.91100000002189,500,500,333.0,1501.5015015015017,,False,21.47530000002007
2849,exp1-completion-paced,66,264,0.2743000004556961,0.0569999992876546,37.11799999928189,37.06099999999424,0.0175000004674075,29.588000000330798,500,1076,18.68740000008984,29.64369999972405,False,1076,0.0246999998125829,0.030999999580672,0.027300000510877,10.372699999606994,0.2450000001772423,0.1229999998031416,18.68740000008984,0.1324000004387926,0.0,29.588000000330798,29.64369999972405,29.599200000120614,500,500,333.0,1501.5015015015017,,False,7.474299999557843
2850,exp1-completion-paced,66,264,0.2756999992925557,3.250099999604572,41.69089999959397,38.4407999999894,0.0213000002986518,20.121300000027983,500,1077,14.550199999575852,20.16700000058336,False,1077,0.0212000004466972,0.0245000001086737,0.0180999995791353,5.259300000034273,0.1230999996550963,0.040100000660459,14.550199999575852,0.1302999999097664,0.0,20.121300000027983,20.16700000058336,20.12860000013461,500,500,333.0,1501.5015015015017,,False,21.523899999010606
2851,exp1-completion-paced,66,264,0.2574999998614657,2.2935999995752354,33.67199999956938,31.378399999994144,0.0269000001935637,21.730200000092736,500,1078,16.439799999716342,21.777200000542507,False,1078,0.022000000171829,0.0250000002779415,0.0165000001288717,4.993300000023737,0.1243999995494959,0.0280000003840541,16.439799999716342,0.127999999676831,0.0,21.730200000092736,21.777200000542507,21.733699999458626,500,500,333.0,1501.5015015015017,,False,11.894799999026873
2852,exp1-completion-paced,66,264,0.2494000000297092,1.2108000000807806,36.57699999985198,35.3661999997712,0.0201000002562068,23.89309999944089,500,1079,18.23119999971823,23.94029999959457,False,1079,0.0234999997701379,0.0237000003835419,0.0172000000020489,5.3582999998980085,0.1301000002058572,0.0301000000035855,18.23119999971823,0.1259999999092542,0.0,23.89309999944089,23.94029999959457,23.900500000308966,500,500,333.0,1501.5015015015017,,False,12.63670000025741
2853,exp1-completion-paced,66,264,0.276099999609869,1.253599999472499,34.24509999967995,32.99150000020745,0.0204999996640253,21.0878000007142,500,1080,15.734399999928428,21.13310000004276,False,1080,0.0218999994103796,0.0233999999181833,0.0188000003618071,5.063200000222423,0.1234999999724095,0.0296999996862723,15.734399999928428,0.117800000225543,0.0,21.0878000007142,21.13310000004276,21.09519999976328,500,500,333.0,1501.5015015015017,,False,13.111999999637192
2854,exp1-completion-paced,66,264,0.2592999999251333,3.2441000003018416,34.632600000804814,31.38850000050297,0.0182999992830446,21.08880000014324,500,1081,15.770799999700102,21.133700000063985,False,1081,0.0215999998545157,0.0233000000662286,0.0252999998338054,5.017800000132411,0.1259999999092542,0.0307999998767627,15.770799999700102,0.1179000000774976,0.0,21.08880000014324,21.133700000063985,21.095799999784504,500,500,333.0,1501.5015015015017,,False,13.498900000740829
2855,exp1-completion-paced,66,264,0.4503000000113388,2.048699999249948,34.98020000006363,32.931500000813685,0.0192999996215803,20.59060000010504,500,1082,15.434100000675244,20.644700000048037,False,1082,0.0228999997489154,0.0312000001940759,0.0199999994947575,4.850000000260479,0.1254999997399863,0.0331999999616527,15.434100000675244,0.1275999993595178,0.0,20.59060000010504,20.644700000048037,20.598299999619485,500,500,333.0,1501.5015015015017,,False,14.335500000015596
2856,exp1-completion-paced,66,264,0.2749000004769186,0.0657000000501284,34.280300000318675,34.21460000026855,0.0183999991349992,22.646800000075014,500,1083,15.727099999821805,22.87090000027092,False,1083,0.0602999998591258,0.1638000003367778,0.0202999999601161,6.619400000090536,0.1271999999516992,0.0307999998767627,15.727099999821805,0.121699999908742,0.0,22.646800000075014,22.87090000027092,22.68120000007912,500,500,333.0,1501.5015015015017,,False,11.409400000047754
2857,exp1-completion-paced,66,264,0.2790999997159815,2.7675000001181616,41.20160000002216,38.43409999990399,0.0301000000035855,29.542100000071517,500,1084,19.37180000004446,29.6701999996003,False,1084,0.0712000000930856,0.0568999994357,0.0259000007645227,9.643399999731628,0.2613999995446647,0.121900000522146,19.37180000004446,0.117599999612139,0.0,29.542100000071517,29.6701999996003,29.55259999998816,500,500,333.0,1501.5015015015017,,False,11.531400000421861
2858,exp1-completion-paced,66,264,0.283599999420403,1.1801999999079271,43.73899999973219,42.55879999982426,0.0210000007427879,28.392100000019127,500,1085,22.928399999727844,28.44069999991916,False,1085,0.0218000004679197,0.0267999994321144,0.0179999997271806,5.161100000805163,0.1280999995287857,0.0311000003421213,22.928399999727844,0.1252000001841224,0.0,28.392100000019127,28.44069999991916,28.399499999977703,500,500,333.0,1501.5015015015017,,False,15.298299999813025
2859,exp1-completion-paced,66,264,0.2777999998215819,3.283400000327674,39.657399999669,36.37399999934132,0.0213000002986518,22.603800000069896,500,1086,17.025299999659183,22.650400000202357,False,1086,0.0208000001293839,0.0258000000030733,0.0194999993254896,5.283899999994901,0.1310000006924383,0.0290999996650498,17.025299999659183,0.1148000001194304,0.0,22.603800000069896,22.650400000202357,22.61129999988043,500,500,333.0,1501.5015015015017,,False,17.006999999466647
2860,exp1-completion-paced,66,264,0.2970999994431622,1.1401000001569628,39.04340000008233,37.903299999925366,0.0184000000444939,23.906499999611697,500,1087,18.571000000520144,23.964599999999336,False,1087,0.0219000003198743,0.0362000000677653,0.0172000000020489,5.042499999944994,0.1231999995070509,0.0287000002572312,18.571000000520144,0.1236999996763188,0.0,23.906499999611697,23.964599999999336,23.91030000035244,500,500,333.0,1501.5015015015017,,False,15.078800000082992
2861,exp1-completion-paced,66,264,0.2789000000120722,2.7063000006819493,49.77080000026035,47.0644999995784,0.0235999996220925,24.45110000007844,500,1088,17.960299999685958,24.54089999991993,False,1088,0.0224999994316021,0.0673000004098867,0.0270000000455183,6.172699999297038,0.1378000006297952,0.0423000001319451,17.960299999685958,0.1107999996747821,0.0,24.45110000007844,24.54089999991993,24.46129999952973,500,500,333.0,1501.5015015015017,,False,25.22990000034042
2862,exp1-completion-paced,66,264,0.273399999969115,0.7261000000653439,39.99910000038653,39.27300000032119,0.0196999999388935,24.083600000267325,500,1089,17.198499999722117,24.12679999997636,False,1089,0.0210999996852478,0.0221000000237836,0.0172999998540035,6.60040000002482,0.125500000649481,0.0301000000035855,17.198499999722117,0.1114999995479593,0.0,24.083600000267325,24.12679999997636,24.090299999443232,500,500,333.0,1501.5015015015017,,False,15.872300000410167
2863,exp1-completion-paced,66,264,0.2791000006254762,0.0447000002168351,47.78040000019246,47.73569999997562,0.0204000007215654,23.175500000434116,500,1090,17.399199999999837,23.223000000143657,False,1090,0.0221999998757382,0.0252999998338054,0.0250000002779415,5.485200000293844,0.1310999996348982,0.0288999999611405,17.399199999999837,0.1057999998010927,0.0,23.175500000434116,23.223000000143657,23.18329999980051,500,500,333.0,1501.5015015015017,,False,24.5574000000488
2864,exp1-completion-paced,66,264,0.2813000000969623,0.0552000001334818,47.23930000000109,47.18409999986761,0.0185999997484032,26.63100000063423,500,1091,20.526600000266622,26.6804000002594,False,1091,0.0239999999394058,0.0253999996857601,0.0357999997504521,5.592100000285427,0.2553000003899797,0.1217999997606966,20.526600000266622,0.0991999995676451,0.0,26.63100000063423,26.6804000002594,26.639099999556493,500,500,333.0,1501.5015015015017,,False,20.558899999741687
2865,exp1-completion-paced,66,264,0.4465000001800945,1.062799999999697,44.60120000021561,43.53840000021592,0.022000000171829,33.85190000062721,500,1092,22.996199999397504,33.929799999896204,False,1092,0.0408999994760961,0.0369999997928971,0.0319000000672531,10.230500000034226,0.246000000515778,0.1277999999729218,22.996199999397504,0.2191000003222143,0.0,33.85190000062721,33.929799999896204,33.87120000024879,500,500,333.0,1501.5015015015017,,False,10.671400000319409
2866,exp1-completion-paced,66,264,0.286200000118697,1.2125000002924935,56.49320000065927,55.28070000036678,0.0208000001293839,35.12510000018665,500,1093,24.1716999998971,35.26569999939966,False,1093,0.02299999960087,0.117599999612139,0.0259000007645227,10.363200000028884,0.2423999994789483,0.1167000000350526,24.1716999998971,0.2049000004262779,0.0,35.12510000018665,35.26569999939966,35.135600000103295,500,500,333.0,1501.5015015015017,,False,21.227500001259614
2867,exp1-completion-paced,66,264,0.2600000007078051,1.3308000006873044,41.396000000531785,40.06519999984448,0.0233000000662286,20.88800000001356,500,1094,14.90769999963959,20.93719999993482,False,1094,0.023200000214274,0.0259999997069826,0.0189000002137618,5.691399999705027,0.1296999998885439,0.0304000004689442,14.90769999963959,0.1097000003937864,0.0,20.88800000001356,20.93719999993482,20.89510000041628,500,500,333.0,1501.5015015015017,,False,20.458800000596966
2868,exp1-completion-paced,66,264,0.4773000000568572,0.0811999998404644,35.847300000568794,35.76610000072833,0.0208999999813386,20.738600000186125,500,1095,15.274200000021663,20.79370000046765,False,1095,0.0270000000455183,0.0281000002360087,0.019099999917671,5.1628000001073815,0.1290000000153668,0.0281000002360087,15.274200000021663,0.1251999992746277,0.0,20.738600000186125,20.79370000046765,20.746599999256432,500,500,333.0,1501.5015015015017,,False,15.053600000101145
2869,exp1-completion-paced,66,264,0.2791000006254762,1.7563999999765656,34.19120000035036,32.4348000003738,0.025899999855028,20.319999999628635,500,1096,15.144599999985076,20.383099999889964,False,1096,0.0240999997913604,0.0390000004699686,0.0190000000657164,4.8882000000958215,0.1213999994433834,0.0286000004052766,15.144599999985076,0.1179999999294523,0.0,20.319999999628635,20.383099999889964,20.32820000022184,500,500,333.0,1501.5015015015017,,False,13.8081000004604
2870,exp1-completion-paced,66,264,0.2786999993986683,1.2086000006092943,43.34420000031969,42.1355999997104,0.0182000003405846,23.262599999725357,500,1097,15.446800000063377,23.365199999716424,False,1097,0.0215000000025611,0.0810999999885098,0.0213000002986518,7.529900000008638,0.13189999936003,0.0291000005745445,15.446800000063377,0.1033999997162027,0.0,23.262599999725357,23.365199999716424,23.31640000011248,500,500,333.0,1501.5015015015017,,False,19.979000000603264
2871,exp1-completion-paced,66,264,0.2768999993350007,2.296200000273529,43.74800000005053,41.451799999777,0.0242999994952697,30.459499999778927,500,1098,19.934599999942293,30.641800000012157,False,1098,0.0233999999181833,0.1589000003150431,0.0279000005320995,10.022899999967194,0.2451999998811516,0.1283999999941443,19.934599999942293,0.1002999997581355,0.0,30.459499999778927,30.641800000012157,30.57040000021516,500,500,333.0,1501.5015015015017,,False,13.106200000038374
2872,exp1-completion-paced,66,264,0.2715999999054475,1.2278999993213802,43.17129999981262,41.94340000049124,0.0236999994740472,21.300399999745423,500,1099,15.502000000196858,21.347699999751057,False,1099,0.0221999998757382,0.0251000001298962,0.019099999917671,5.475699999806238,0.1338000001851469,0.0307000000248081,15.502000000196858,0.1387000002068816,0.0,21.300399999745423,21.347699999751057,21.308700000190584,500,500,333.0,1501.5015015015017,,False,21.82360000006156
2873,exp1-completion-paced,66,264,0.2749000004769186,1.2175000001661829,38.18260000025475,36.96510000008857,0.0297999995382269,21.673899999768764,500,1100,16.279100000247126,21.79900000010093,False,1100,0.0326999997923849,0.0924000005397829,0.0209999998332932,5.101400000057765,0.1251000003321678,0.0315999996018945,16.279100000247126,0.1154000001406529,0.0,21.673899999768764,21.79900000010093,21.74560000003112,500,500,333.0,1501.5015015015017,,False,16.383600000153823
2874,exp1-completion-paced,66,264,0.290099999801896,2.765000000181317,39.06860000006418,36.30359999988286,0.02059999951598,20.770600000105333,500,1101,15.206999999463733,20.82220000011148,False,1101,0.024400000256719,0.0271999997494276,0.0195000002349843,5.275800000163144,0.1285999996980535,0.0319000000672531,15.206999999463733,0.107600000774255,0.0,20.770600000105333,20.82220000011148,20.77850000023318,500,500,333.0,1501.5015015015017,,False,18.2463999999527
2875,exp1-completion-paced,66,264,0.2727000000959378,0.058300000091549,36.321500000667584,36.26320000057604,0.0202000001081614,20.87900000060472,500,1102,15.297199999622537,20.926000000144995,False,1102,0.0226000001930515,0.0243999993472243,0.0290000007225899,5.288099999233964,0.124099999993632,0.0299000002996763,15.297199999622537,0.1104000002669636,0.0,20.87900000060472,20.926000000144995,20.886700000119163,500,500,333.0,1501.5015015015017,,False,15.395500000522588
