config,track,vehicle,setting,stage,channel,statistic,unit,n,mean,sample_sd,median,min,max,interpretation,configuration,metric
ks_barcelona+ks_toyota_ae86_drift,ks_barcelona,ks_toyota_ae86_drift,80,lap,lap,duration_s,s,5,161.46594029417363,0.0909713781347884,161.45375129999584,161.36908974570312,161.60970590684877,"Across-run descriptive statistics; n is finite contributing runs, not telemetry samples",Barcelona/AE86,lap_s
ks_barcelona+ks_toyota_ae86_drift,ks_barcelona,ks_toyota_ae86_drift,85,lap,lap,duration_s,s,5,153.9979929776075,0.1061089398345446,153.94955773349434,153.89134196706976,154.15377277539253,"Across-run descriptive statistics; n is finite contributing runs, not telemetry samples",Barcelona/AE86,lap_s
ks_barcelona+ks_toyota_ae86_drift,ks_barcelona,ks_toyota_ae86_drift,90,lap,lap,duration_s,s,5,147.255934067209,0.207988292728016,147.1601537863746,147.0376093461554,147.50761638342368,"Across-run descriptive statistics; n is finite contributing runs, not telemetry samples",Barcelona/AE86,lap_s
ks_barcelona+ks_toyota_ae86_drift,ks_barcelona,ks_toyota_ae86_drift,95,lap,lap,duration_s,s,5,144.43853569966947,0.1516160950227913,144.4887023998787,144.26422472338476,144.59873791751417,"Across-run descriptive statistics; n is finite contributing runs, not telemetry samples",Barcelona/AE86,lap_s
ks_barcelona+ks_toyota_ae86_drift,ks_barcelona,ks_toyota_ae86_drift,100,lap,lap,duration_s,s,5,142.29552011530328,0.0285989517164667,142.30097554286334,142.26445352923986,142.326441680901,"Across-run descriptive statistics; n is finite contributing runs, not telemetry samples",Barcelona/AE86,lap_s
ks_barcelona+ks_toyota_supra_mkiv_drift,ks_barcelona,ks_toyota_supra_mkiv_drift,80,lap,lap,duration_s,s,5,145.786058752376,0.4091665993899711,145.93977572348942,145.07492132059747,146.05115120525173,"Across-run descriptive statistics; n is finite contributing runs, not telemetry samples",Barcelona/Supra,lap_s
ks_barcelona+ks_toyota_supra_mkiv_drift,ks_barcelona,ks_toyota_supra_mkiv_drift,85,lap,lap,duration_s,s,5,138.50428481159452,0.2067576110709119,138.54373837423523,138.21088308680555,138.73408873874217,"Across-run descriptive statistics; n is finite contributing runs, not telemetry samples",Barcelona/Supra,lap_s
ks_barcelona+ks_toyota_supra_mkiv_drift,ks_barcelona,ks_toyota_supra_mkiv_drift,90,lap,lap,duration_s,s,5,132.39948980700888,0.050083204029606,132.39880224343412,132.32645778243355,132.46705999146585,"Across-run descriptive statistics; n is finite contributing runs, not telemetry samples",Barcelona/Supra,lap_s
ks_barcelona+ks_toyota_supra_mkiv_drift,ks_barcelona,ks_toyota_supra_mkiv_drift,95,lap,lap,duration_s,s,5,129.36296787632946,0.2980425881538217,129.2126886676863,129.08400644452206,129.79979167723283,"Across-run descriptive statistics; n is finite contributing runs, not telemetry samples",Barcelona/Supra,lap_s
ks_barcelona+ks_toyota_supra_mkiv_drift,ks_barcelona,ks_toyota_supra_mkiv_drift,100,lap,lap,duration_s,s,5,126.93477609977704,0.280521740213348,127.05823897154852,126.50114478423647,127.19354355461164,"Across-run descriptive statistics; n is finite contributing runs, not telemetry samples",Barcelona/Supra,lap_s
ks_silverstone1967+ks_toyota_ae86_drift,ks_silverstone1967,ks_toyota_ae86_drift,80,lap,lap,duration_s,s,5,128.14290400605606,0.0090665685413915,128.13908512193123,128.13630399207142,128.15834775519667,"Across-run descriptive statistics; n is finite contributing runs, not telemetry samples",Silverstone/AE86,lap_s
ks_silverstone1967+ks_toyota_ae86_drift,ks_silverstone1967,ks_toyota_ae86_drift,85,lap,lap,duration_s,s,5,122.4080597170464,0.0161025372318322,122.40291169995945,122.3897737089722,122.43258732078668,"Across-run descriptive statistics; n is finite contributing runs, not telemetry samples",Silverstone/AE86,lap_s
ks_silverstone1967+ks_toyota_ae86_drift,ks_silverstone1967,ks_toyota_ae86_drift,90,lap,lap,duration_s,s,5,117.02593836176564,0.0197469626973823,117.02171152291592,117.00474049042934,117.05232423364984,"Across-run descriptive statistics; n is finite contributing runs, not telemetry samples",Silverstone/AE86,lap_s
ks_silverstone1967+ks_toyota_ae86_drift,ks_silverstone1967,ks_toyota_ae86_drift,95,lap,lap,duration_s,s,5,115.22949276995166,0.0702738626390647,115.22547217130072,115.16017659485186,115.33115250175504,"Across-run descriptive statistics; n is finite contributing runs, not telemetry samples",Silverstone/AE86,lap_s
ks_silverstone1967+ks_toyota_ae86_drift,ks_silverstone1967,ks_toyota_ae86_drift,100,lap,lap,duration_s,s,5,117.3704426036481,0.4305491116680586,117.31229103897348,116.87888967402294,118.06546040001514,"Across-run descriptive statistics; n is finite contributing runs, not telemetry samples",Silverstone/AE86,lap_s
ks_silverstone1967+ks_toyota_supra_mkiv_drift,ks_silverstone1967,ks_toyota_supra_mkiv_drift,80,lap,lap,duration_s,s,5,116.07186944697747,0.1509162828947762,116.10819007571872,115.82925986200172,116.2097488150538,"Across-run descriptive statistics; n is finite contributing runs, not telemetry samples",Silverstone/Supra,lap_s
ks_silverstone1967+ks_toyota_supra_mkiv_drift,ks_silverstone1967,ks_toyota_supra_mkiv_drift,85,lap,lap,duration_s,s,5,109.6764635628621,0.1507868283569613,109.7036528457128,109.4939527897248,109.86732069150862,"Across-run descriptive statistics; n is finite contributing runs, not telemetry samples",Silverstone/Supra,lap_s
ks_silverstone1967+ks_toyota_supra_mkiv_drift,ks_silverstone1967,ks_toyota_supra_mkiv_drift,90,lap,lap,duration_s,s,5,104.55323826454932,0.2384730875125441,104.5237079938666,104.22621441473312,104.83367982215287,"Across-run descriptive statistics; n is finite contributing runs, not telemetry samples",Silverstone/Supra,lap_s
ks_silverstone1967+ks_toyota_supra_mkiv_drift,ks_silverstone1967,ks_toyota_supra_mkiv_drift,95,lap,lap,duration_s,s,5,103.13187298735996,0.1786457954240951,103.1453653266734,102.8927439377486,103.3539610567206,"Across-run descriptive statistics; n is finite contributing runs, not telemetry samples",Silverstone/Supra,lap_s
ks_silverstone1967+ks_toyota_supra_mkiv_drift,ks_silverstone1967,ks_toyota_supra_mkiv_drift,100,lap,lap,duration_s,s,5,102.24191440399996,0.0624858681751578,102.21746203735545,102.18468705032735,102.33246554043248,"Across-run descriptive statistics; n is finite contributing runs, not telemetry samples",Silverstone/Supra,lap_s
ks_barcelona+ks_toyota_ae86_drift,ks_barcelona,ks_toyota_ae86_drift,80,raw,speedKmh,time_mean,km/h,5,104.34315756673092,0.0608697864846344,104.34980386050246,104.24831198839404,104.40774840459332,"Across-run descriptive statistics; n is finite contributing runs, not telemetry samples",Barcelona/AE86,speed_mean_kmh
ks_barcelona+ks_toyota_ae86_drift,ks_barcelona,ks_toyota_ae86_drift,85,raw,speedKmh,time_mean,km/h,5,109.42714175063186,0.0733266869643379,109.4606376504011,109.31942880490392,109.49869140500648,"Across-run descriptive statistics; n is finite contributing runs, not telemetry samples",Barcelona/AE86,speed_mean_kmh
ks_barcelona+ks_toyota_ae86_drift,ks_barcelona,ks_toyota_ae86_drift,90,raw,speedKmh,time_mean,km/h,5,114.4865142646141,0.1612612649692631,114.56219441844856,114.29291840311508,114.65549181898206,"Across-run descriptive statistics; n is finite contributing runs, not telemetry samples",Barcelona/AE86,speed_mean_kmh
ks_barcelona+ks_toyota_ae86_drift,ks_barcelona,ks_toyota_ae86_drift,95,raw,speedKmh,time_mean,km/h,5,116.81093936496556,0.1256554710160589,116.77494664714683,116.6823161042026,116.95090739700996,"Across-run descriptive statistics; n is finite contributing runs, not telemetry samples",Barcelona/AE86,speed_mean_kmh
ks_barcelona+ks_toyota_ae86_drift,ks_barcelona,ks_toyota_ae86_drift,100,raw,speedKmh,time_mean,km/h,5,118.7511309724446,0.0219054191588058,118.74281853108629,118.72900050446464,118.78087126561869,"Across-run descriptive statistics; n is finite contributing runs, not telemetry samples",Barcelona/AE86,speed_mean_kmh
ks_barcelona+ks_toyota_supra_mkiv_drift,ks_barcelona,ks_toyota_supra_mkiv_drift,80,raw,speedKmh,time_mean,km/h,5,115.49471541775247,0.3229694817630281,115.3701623908034,115.28900168851084,116.05737297357967,"Across-run descriptive statistics; n is finite contributing runs, not telemetry samples",Barcelona/Supra,speed_mean_kmh
ks_barcelona+ks_toyota_supra_mkiv_drift,ks_barcelona,ks_toyota_supra_mkiv_drift,85,raw,speedKmh,time_mean,km/h,5,121.59525457643085,0.1797489695849514,121.56550555213704,121.39499181411388,121.85085995542312,"Across-run descriptive statistics; n is finite contributing runs, not telemetry samples",Barcelona/Supra,speed_mean_kmh
ks_barcelona+ks_toyota_supra_mkiv_drift,ks_barcelona,ks_toyota_supra_mkiv_drift,90,raw,speedKmh,time_mean,km/h,5,127.2471288142976,0.0487765889725485,127.24578671563673,127.18530667356036,127.32109952362434,"Across-run descriptive statistics; n is finite contributing runs, not telemetry samples",Barcelona/Supra,speed_mean_kmh
ks_barcelona+ks_toyota_supra_mkiv_drift,ks_barcelona,ks_toyota_supra_mkiv_drift,95,raw,speedKmh,time_mean,km/h,5,130.31328452998918,0.292400788805607,130.47855356529897,129.88482002358015,130.5718654372133,"Across-run descriptive statistics; n is finite contributing runs, not telemetry samples",Barcelona/Supra,speed_mean_kmh
ks_barcelona+ks_toyota_supra_mkiv_drift,ks_barcelona,ks_toyota_supra_mkiv_drift,100,raw,speedKmh,time_mean,km/h,5,132.94357329986966,0.2971259848290155,132.8245640259337,132.66653426256772,133.3985089573919,"Across-run descriptive statistics; n is finite contributing runs, not telemetry samples",Barcelona/Supra,speed_mean_kmh
ks_silverstone1967+ks_toyota_ae86_drift,ks_silverstone1967,ks_toyota_ae86_drift,80,raw,speedKmh,time_mean,km/h,5,133.29841769261262,0.0136536015407798,133.30213819695408,133.2783948594609,133.31162679063388,"Across-run descriptive statistics; n is finite contributing runs, not telemetry samples",Silverstone/AE86,speed_mean_kmh
ks_silverstone1967+ks_toyota_ae86_drift,ks_silverstone1967,ks_toyota_ae86_drift,85,raw,speedKmh,time_mean,km/h,5,139.55093813261644,0.011698461741885,139.5464443464885,139.5370623146728,139.56595957486564,"Across-run descriptive statistics; n is finite contributing runs, not telemetry samples",Silverstone/AE86,speed_mean_kmh
ks_silverstone1967+ks_toyota_ae86_drift,ks_silverstone1967,ks_toyota_ae86_drift,90,raw,speedKmh,time_mean,km/h,5,146.0061866128741,0.0178197310366997,146.01088845479762,145.9820430044791,146.02650075535976,"Across-run descriptive statistics; n is finite contributing runs, not telemetry samples",Silverstone/AE86,speed_mean_kmh
ks_silverstone1967+ks_toyota_ae86_drift,ks_silverstone1967,ks_toyota_ae86_drift,95,raw,speedKmh,time_mean,km/h,5,148.3423478538071,0.0851062517561519,148.3526985624482,148.22576656966916,148.44018531630783,"Across-run descriptive statistics; n is finite contributing runs, not telemetry samples",Silverstone/AE86,speed_mean_kmh
ks_silverstone1967+ks_toyota_ae86_drift,ks_silverstone1967,ks_toyota_ae86_drift,100,raw,speedKmh,time_mean,km/h,5,145.90006386995057,0.5097854327532719,145.98690298720842,145.07371707729567,146.47571561736606,"Across-run descriptive statistics; n is finite contributing runs, not telemetry samples",Silverstone/AE86,speed_mean_kmh
ks_silverstone1967+ks_toyota_supra_mkiv_drift,ks_silverstone1967,ks_toyota_supra_mkiv_drift,80,raw,speedKmh,time_mean,km/h,5,147.0960011735564,0.1904245524196464,147.04490165210356,146.93858030554037,147.40897600350084,"Across-run descriptive statistics; n is finite contributing runs, not telemetry samples",Silverstone/Supra,speed_mean_kmh
ks_silverstone1967+ks_toyota_supra_mkiv_drift,ks_silverstone1967,ks_toyota_supra_mkiv_drift,85,raw,speedKmh,time_mean,km/h,5,155.70347171385166,0.2101334695997618,155.67691499321063,155.44900122549092,155.9498763846072,"Across-run descriptive statistics; n is finite contributing runs, not telemetry samples",Silverstone/Supra,speed_mean_kmh
ks_silverstone1967+ks_toyota_supra_mkiv_drift,ks_silverstone1967,ks_toyota_supra_mkiv_drift,90,raw,speedKmh,time_mean,km/h,5,163.35215209263475,0.3616645552478399,163.38270313451758,162.92172628502016,163.8409463349664,"Across-run descriptive statistics; n is finite contributing runs, not telemetry samples",Silverstone/Supra,speed_mean_kmh
ks_silverstone1967+ks_toyota_supra_mkiv_drift,ks_silverstone1967,ks_toyota_supra_mkiv_drift,95,raw,speedKmh,time_mean,km/h,5,165.6551315337476,0.286412591799614,165.60610431950025,165.3103674698316,166.03161906320685,"Across-run descriptive statistics; n is finite contributing runs, not telemetry samples",Silverstone/Supra,speed_mean_kmh
ks_silverstone1967+ks_toyota_supra_mkiv_drift,ks_silverstone1967,ks_toyota_supra_mkiv_drift,100,raw,speedKmh,time_mean,km/h,5,167.22863725668145,0.0971253900011252,167.27653649250627,167.09475946795922,167.31521649027897,"Across-run descriptive statistics; n is finite contributing runs, not telemetry samples",Silverstone/Supra,speed_mean_kmh
ks_barcelona+ks_toyota_ae86_drift,ks_barcelona,ks_toyota_ae86_drift,80,raw,speedKmh,q95,km/h,5,167.5637612901779,0.0088931202578346,167.56282654593707,167.55297970020644,167.57773305228346,"Across-run descriptive statistics; n is finite contributing runs, not telemetry samples",Barcelona/AE86,speed_p95_kmh
ks_barcelona+ks_toyota_ae86_drift,ks_barcelona,ks_toyota_ae86_drift,85,raw,speedKmh,q95,km/h,5,175.49564388647843,0.0175187422798676,175.49954560273665,175.4656670450256,175.50852803984046,"Across-run descriptive statistics; n is finite contributing runs, not telemetry samples",Barcelona/AE86,speed_p95_kmh
ks_barcelona+ks_toyota_ae86_drift,ks_barcelona,ks_toyota_ae86_drift,90,raw,speedKmh,q95,km/h,5,183.53766781767257,0.0509145041431246,183.5652079026373,183.45234119493136,183.57245537616836,"Across-run descriptive statistics; n is finite contributing runs, not telemetry samples",Barcelona/AE86,speed_p95_kmh
ks_barcelona+ks_toyota_ae86_drift,ks_barcelona,ks_toyota_ae86_drift,95,raw,speedKmh,q95,km/h,5,185.49168423621813,0.0783990265661138,185.5251195908236,185.38679828478985,185.56297619932155,"Across-run descriptive statistics; n is finite contributing runs, not telemetry samples",Barcelona/AE86,speed_p95_kmh
ks_barcelona+ks_toyota_ae86_drift,ks_barcelona,ks_toyota_ae86_drift,100,raw,speedKmh,q95,km/h,5,186.8621540544557,0.0409879258042634,186.85801104509616,186.8278064084782,186.9303389865073,"Across-run descriptive statistics; n is finite contributing runs, not telemetry samples",Barcelona/AE86,speed_p95_kmh
ks_barcelona+ks_toyota_supra_mkiv_drift,ks_barcelona,ks_toyota_supra_mkiv_drift,80,raw,speedKmh,q95,km/h,5,188.71333480897908,0.0848670194148517,188.707333162333,188.62605927272912,188.8346752846608,"Across-run descriptive statistics; n is finite contributing runs, not telemetry samples",Barcelona/Supra,speed_p95_kmh
ks_barcelona+ks_toyota_supra_mkiv_drift,ks_barcelona,ks_toyota_supra_mkiv_drift,85,raw,speedKmh,q95,km/h,5,200.0396113684324,0.0454673150209121,200.0371196353855,199.9698160431417,200.09069511241,"Across-run descriptive statistics; n is finite contributing runs, not telemetry samples",Barcelona/Supra,speed_p95_kmh
ks_barcelona+ks_toyota_supra_mkiv_drift,ks_barcelona,ks_toyota_supra_mkiv_drift,90,raw,speedKmh,q95,km/h,5,212.58746120234883,0.0172091546646037,212.5943145028519,212.5588102477384,212.60037216978444,"Across-run descriptive statistics; n is finite contributing runs, not telemetry samples",Barcelona/Supra,speed_p95_kmh
ks_barcelona+ks_toyota_supra_mkiv_drift,ks_barcelona,ks_toyota_supra_mkiv_drift,95,raw,speedKmh,q95,km/h,5,216.1690112348168,0.1078002287306449,216.21795769495824,216.0146118772042,216.28612169943335,"Across-run descriptive statistics; n is finite contributing runs, not telemetry samples",Barcelona/Supra,speed_p95_kmh
ks_barcelona+ks_toyota_supra_mkiv_drift,ks_barcelona,ks_toyota_supra_mkiv_drift,100,raw,speedKmh,q95,km/h,5,218.6730842835056,0.0752158255185038,218.6766636162323,218.5742706955512,218.78436978449923,"Across-run descriptive statistics; n is finite contributing runs, not telemetry samples",Barcelona/Supra,speed_p95_kmh
ks_silverstone1967+ks_toyota_ae86_drift,ks_silverstone1967,ks_toyota_ae86_drift,80,raw,speedKmh,q95,km/h,5,175.90580692302825,0.0211505452702879,175.90788782476625,175.87197812973469,175.92925764312145,"Across-run descriptive statistics; n is finite contributing runs, not telemetry samples",Silverstone/AE86,speed_p95_kmh
ks_silverstone1967+ks_toyota_ae86_drift,ks_silverstone1967,ks_toyota_ae86_drift,85,raw,speedKmh,q95,km/h,5,183.17250011446492,0.0377306548079176,183.17778680545013,183.1239140184878,183.21316171620504,"Across-run descriptive statistics; n is finite contributing runs, not telemetry samples",Silverstone/AE86,speed_p95_kmh
ks_silverstone1967+ks_toyota_ae86_drift,ks_silverstone1967,ks_toyota_ae86_drift,90,raw,speedKmh,q95,km/h,5,192.5262423798286,0.0160118200766019,192.5325253748904,192.50456346242837,192.5452172416792,"Across-run descriptive statistics; n is finite contributing runs, not telemetry samples",Silverstone/AE86,speed_p95_kmh
ks_silverstone1967+ks_toyota_ae86_drift,ks_silverstone1967,ks_toyota_ae86_drift,95,raw,speedKmh,q95,km/h,5,194.3615134617586,0.0214611734365475,194.35584535337247,194.33278535793855,194.3830167797553,"Across-run descriptive statistics; n is finite contributing runs, not telemetry samples",Silverstone/AE86,speed_p95_kmh
ks_silverstone1967+ks_toyota_ae86_drift,ks_silverstone1967,ks_toyota_ae86_drift,100,raw,speedKmh,q95,km/h,5,195.5423981356661,0.0810050476007392,195.53752519324797,195.42769089474515,195.6276435186124,"Across-run descriptive statistics; n is finite contributing runs, not telemetry samples",Silverstone/AE86,speed_p95_kmh
ks_silverstone1967+ks_toyota_supra_mkiv_drift,ks_silverstone1967,ks_toyota_supra_mkiv_drift,80,raw,speedKmh,q95,km/h,5,197.1164989178316,0.5809007128046471,196.72381962326037,196.6756304927222,197.75891967603408,"Across-run descriptive statistics; n is finite contributing runs, not telemetry samples",Silverstone/Supra,speed_p95_kmh
ks_silverstone1967+ks_toyota_supra_mkiv_drift,ks_silverstone1967,ks_toyota_supra_mkiv_drift,85,raw,speedKmh,q95,km/h,5,212.013987426227,0.7400741763293108,212.45440393573412,211.1911892628549,212.6166878986175,"Across-run descriptive statistics; n is finite contributing runs, not telemetry samples",Silverstone/Supra,speed_p95_kmh
ks_silverstone1967+ks_toyota_supra_mkiv_drift,ks_silverstone1967,ks_toyota_supra_mkiv_drift,90,raw,speedKmh,q95,km/h,5,224.3031661803872,0.6099416554251356,224.4744340221596,223.48610488938803,225.0309332778994,"Across-run descriptive statistics; n is finite contributing runs, not telemetry samples",Silverstone/Supra,speed_p95_kmh
ks_silverstone1967+ks_toyota_supra_mkiv_drift,ks_silverstone1967,ks_toyota_supra_mkiv_drift,95,raw,speedKmh,q95,km/h,5,225.2619254653177,0.564749742564247,225.05223918026945,224.6420680034465,226.13532232583617,"Across-run descriptive statistics; n is finite contributing runs, not telemetry samples",Silverstone/Supra,speed_p95_kmh
ks_silverstone1967+ks_toyota_supra_mkiv_drift,ks_silverstone1967,ks_toyota_supra_mkiv_drift,100,raw,speedKmh,q95,km/h,5,226.47904844907663,0.3856015268963025,226.4277827751517,226.10707808725311,227.1270866750218,"Across-run descriptive statistics; n is finite contributing runs, not telemetry samples",Silverstone/Supra,speed_p95_kmh
ks_barcelona+ks_toyota_ae86_drift,ks_barcelona,ks_toyota_ae86_drift,80,raw,gas,time_mean,fraction (recorded convention),5,0.5542331767201814,0.0002523918254626,0.5542801680525429,0.5539337781902143,0.5545382929415709,"Across-run descriptive statistics; n is finite contributing runs, not telemetry samples",Barcelona/AE86,gas_mean
ks_barcelona+ks_toyota_ae86_drift,ks_barcelona,ks_toyota_ae86_drift,85,raw,gas,time_mean,fraction (recorded convention),5,0.6126869090934255,0.0008880902437793,0.6129254223865319,0.6111640219891082,0.6133837812940163,"Across-run descriptive statistics; n is finite contributing runs, not telemetry samples",Barcelona/AE86,gas_mean
ks_barcelona+ks_toyota_ae86_drift,ks_barcelona,ks_toyota_ae86_drift,90,raw,gas,time_mean,fraction (recorded convention),5,0.6714000020335201,0.0009873467569965,0.6712101349771813,0.6699966878431792,0.6725639895967322,"Across-run descriptive statistics; n is finite contributing runs, not telemetry samples",Barcelona/AE86,gas_mean
ks_barcelona+ks_toyota_ae86_drift,ks_barcelona,ks_toyota_ae86_drift,95,raw,gas,time_mean,fraction (recorded convention),5,0.6968081544111112,0.0009839739716645,0.6969919543924015,0.695212583709276,0.6977701475521707,"Across-run descriptive statistics; n is finite contributing runs, not telemetry samples",Barcelona/AE86,gas_mean
ks_barcelona+ks_toyota_ae86_drift,ks_barcelona,ks_toyota_ae86_drift,100,raw,gas,time_mean,fraction (recorded convention),5,0.7124400863604669,0.000472954981436,0.7124934581986831,0.7119818826127792,0.713166829252491,"Across-run descriptive statistics; n is finite contributing runs, not telemetry samples",Barcelona/AE86,gas_mean
ks_barcelona+ks_toyota_supra_mkiv_drift,ks_barcelona,ks_toyota_supra_mkiv_drift,80,raw,gas,time_mean,fraction (recorded convention),5,0.576056816779482,0.0006662299907799,0.5758006528492992,0.5754792047350185,0.5771751277043292,"Across-run descriptive statistics; n is finite contributing runs, not telemetry samples",Barcelona/Supra,gas_mean
ks_barcelona+ks_toyota_supra_mkiv_drift,ks_barcelona,ks_toyota_supra_mkiv_drift,85,raw,gas,time_mean,fraction (recorded convention),5,0.615489839271316,0.000651398073632,0.6155833506886735,0.6147456409574209,0.616373170677214,"Across-run descriptive statistics; n is finite contributing runs, not telemetry samples",Barcelona/Supra,gas_mean
ks_barcelona+ks_toyota_supra_mkiv_drift,ks_barcelona,ks_toyota_supra_mkiv_drift,90,raw,gas,time_mean,fraction (recorded convention),5,0.6503710351950126,0.000224976515905,0.650283660616733,0.650203734807405,0.6507659957002749,"Across-run descriptive statistics; n is finite contributing runs, not telemetry samples",Barcelona/Supra,gas_mean
ks_barcelona+ks_toyota_supra_mkiv_drift,ks_barcelona,ks_toyota_supra_mkiv_drift,95,raw,gas,time_mean,fraction (recorded convention),5,0.655367528468159,0.002642355830418,0.653614000897904,0.6531849428686307,0.6586859406016167,"Across-run descriptive statistics; n is finite contributing runs, not telemetry samples",Barcelona/Supra,gas_mean
ks_barcelona+ks_toyota_supra_mkiv_drift,ks_barcelona,ks_toyota_supra_mkiv_drift,100,raw,gas,time_mean,fraction (recorded convention),5,0.6579227780480241,0.0013374658567505,0.6583728234512567,0.6563280367852269,0.6593112839082695,"Across-run descriptive statistics; n is finite contributing runs, not telemetry samples",Barcelona/Supra,gas_mean
ks_silverstone1967+ks_toyota_ae86_drift,ks_silverstone1967,ks_toyota_ae86_drift,80,raw,gas,time_mean,fraction (recorded convention),5,0.6390234312432657,0.0001053236023698,0.6390601702083363,0.6388649838814571,0.6391245648959764,"Across-run descriptive statistics; n is finite contributing runs, not telemetry samples",Silverstone/AE86,gas_mean
ks_silverstone1967+ks_toyota_ae86_drift,ks_silverstone1967,ks_toyota_ae86_drift,85,raw,gas,time_mean,fraction (recorded convention),5,0.7035704252559543,0.0005662874756554,0.7038400467289876,0.7026126949851661,0.7039918998939815,"Across-run descriptive statistics; n is finite contributing runs, not telemetry samples",Silverstone/AE86,gas_mean
ks_silverstone1967+ks_toyota_ae86_drift,ks_silverstone1967,ks_toyota_ae86_drift,90,raw,gas,time_mean,fraction (recorded convention),5,0.764527702235601,0.0002175862995926,0.7645252903635793,0.7642462795839897,0.7647662976383419,"Across-run descriptive statistics; n is finite contributing runs, not telemetry samples",Silverstone/AE86,gas_mean
ks_silverstone1967+ks_toyota_ae86_drift,ks_silverstone1967,ks_toyota_ae86_drift,95,raw,gas,time_mean,fraction (recorded convention),5,0.774959550365329,0.0003137981337959,0.7749089377671801,0.774642305935304,0.7754800922431239,"Across-run descriptive statistics; n is finite contributing runs, not telemetry samples",Silverstone/AE86,gas_mean
ks_silverstone1967+ks_toyota_ae86_drift,ks_silverstone1967,ks_toyota_ae86_drift,100,raw,gas,time_mean,fraction (recorded convention),5,0.7753867960855306,0.0041247802995327,0.7753843617014085,0.7689215133249486,0.7796218675358623,"Across-run descriptive statistics; n is finite contributing runs, not telemetry samples",Silverstone/AE86,gas_mean
ks_silverstone1967+ks_toyota_supra_mkiv_drift,ks_silverstone1967,ks_toyota_supra_mkiv_drift,80,raw,gas,time_mean,fraction (recorded convention),5,0.6336279241608953,0.0006545762084359,0.6336991782997795,0.6326035215954705,0.6344329916855955,"Across-run descriptive statistics; n is finite contributing runs, not telemetry samples",Silverstone/Supra,gas_mean
ks_silverstone1967+ks_toyota_supra_mkiv_drift,ks_silverstone1967,ks_toyota_supra_mkiv_drift,85,raw,gas,time_mean,fraction (recorded convention),5,0.6830814022578069,0.0006144885890347,0.6833304888285798,0.6822198959170814,0.6836813187291937,"Across-run descriptive statistics; n is finite contributing runs, not telemetry samples",Silverstone/Supra,gas_mean
ks_silverstone1967+ks_toyota_supra_mkiv_drift,ks_silverstone1967,ks_toyota_supra_mkiv_drift,90,raw,gas,time_mean,fraction (recorded convention),5,0.7273573704551912,0.0015262534837624,0.7280497580557518,0.7248705955994963,0.7286330128873743,"Across-run descriptive statistics; n is finite contributing runs, not telemetry samples",Silverstone/Supra,gas_mean
ks_silverstone1967+ks_toyota_supra_mkiv_drift,ks_silverstone1967,ks_toyota_supra_mkiv_drift,95,raw,gas,time_mean,fraction (recorded convention),5,0.7241703084671667,0.0028872005919595,0.7240316159318142,0.7211631774279078,0.7282487182129552,"Across-run descriptive statistics; n is finite contributing runs, not telemetry samples",Silverstone/Supra,gas_mean
ks_silverstone1967+ks_toyota_supra_mkiv_drift,ks_silverstone1967,ks_toyota_supra_mkiv_drift,100,raw,gas,time_mean,fraction (recorded convention),5,0.723957304128966,0.0021926368237426,0.724260960764972,0.7205023809792745,0.7265678347856209,"Across-run descriptive statistics; n is finite contributing runs, not telemetry samples",Silverstone/Supra,gas_mean
ks_barcelona+ks_toyota_ae86_drift,ks_barcelona,ks_toyota_ae86_drift,80,raw,gas,max,fraction (recorded convention),5,0.8000000715255737,0.0,0.8000000715255737,0.8000000715255737,0.8000000715255737,"Across-run descriptive statistics; n is finite contributing runs, not telemetry samples",Barcelona/AE86,gas_max
ks_barcelona+ks_toyota_ae86_drift,ks_barcelona,ks_toyota_ae86_drift,85,raw,gas,max,fraction (recorded convention),5,0.8999999761581421,0.0,0.8999999761581421,0.8999999761581421,0.8999999761581421,"Across-run descriptive statistics; n is finite contributing runs, not telemetry samples",Barcelona/AE86,gas_max
ks_barcelona+ks_toyota_ae86_drift,ks_barcelona,ks_toyota_ae86_drift,90,raw,gas,max,fraction (recorded convention),5,1.0,0.0,1.0,1.0,1.0,"Across-run descriptive statistics; n is finite contributing runs, not telemetry samples",Barcelona/AE86,gas_max
ks_barcelona+ks_toyota_ae86_drift,ks_barcelona,ks_toyota_ae86_drift,95,raw,gas,max,fraction (recorded convention),5,1.0,0.0,1.0,1.0,1.0,"Across-run descriptive statistics; n is finite contributing runs, not telemetry samples",Barcelona/AE86,gas_max
ks_barcelona+ks_toyota_ae86_drift,ks_barcelona,ks_toyota_ae86_drift,100,raw,gas,max,fraction (recorded convention),5,1.0,0.0,1.0,1.0,1.0,"Across-run descriptive statistics; n is finite contributing runs, not telemetry samples",Barcelona/AE86,gas_max
ks_barcelona+ks_toyota_supra_mkiv_drift,ks_barcelona,ks_toyota_supra_mkiv_drift,80,raw,gas,max,fraction (recorded convention),5,0.8000000715255737,0.0,0.8000000715255737,0.8000000715255737,0.8000000715255737,"Across-run descriptive statistics; n is finite contributing runs, not telemetry samples",Barcelona/Supra,gas_max
ks_barcelona+ks_toyota_supra_mkiv_drift,ks_barcelona,ks_toyota_supra_mkiv_drift,85,raw,gas,max,fraction (recorded convention),5,0.8999999761581421,0.0,0.8999999761581421,0.8999999761581421,0.8999999761581421,"Across-run descriptive statistics; n is finite contributing runs, not telemetry samples",Barcelona/Supra,gas_max
ks_barcelona+ks_toyota_supra_mkiv_drift,ks_barcelona,ks_toyota_supra_mkiv_drift,90,raw,gas,max,fraction (recorded convention),5,1.0,0.0,1.0,1.0,1.0,"Across-run descriptive statistics; n is finite contributing runs, not telemetry samples",Barcelona/Supra,gas_max
ks_barcelona+ks_toyota_supra_mkiv_drift,ks_barcelona,ks_toyota_supra_mkiv_drift,95,raw,gas,max,fraction (recorded convention),5,1.0,0.0,1.0,1.0,1.0,"Across-run descriptive statistics; n is finite contributing runs, not telemetry samples",Barcelona/Supra,gas_max
ks_barcelona+ks_toyota_supra_mkiv_drift,ks_barcelona,ks_toyota_supra_mkiv_drift,100,raw,gas,max,fraction (recorded convention),5,1.0,0.0,1.0,1.0,1.0,"Across-run descriptive statistics; n is finite contributing runs, not telemetry samples",Barcelona/Supra,gas_max
ks_silverstone1967+ks_toyota_ae86_drift,ks_silverstone1967,ks_toyota_ae86_drift,80,raw,gas,max,fraction (recorded convention),5,0.8000000715255737,0.0,0.8000000715255737,0.8000000715255737,0.8000000715255737,"Across-run descriptive statistics; n is finite contributing runs, not telemetry samples",Silverstone/AE86,gas_max
ks_silverstone1967+ks_toyota_ae86_drift,ks_silverstone1967,ks_toyota_ae86_drift,85,raw,gas,max,fraction (recorded convention),5,0.8999999761581421,0.0,0.8999999761581421,0.8999999761581421,0.8999999761581421,"Across-run descriptive statistics; n is finite contributing runs, not telemetry samples",Silverstone/AE86,gas_max
ks_silverstone1967+ks_toyota_ae86_drift,ks_silverstone1967,ks_toyota_ae86_drift,90,raw,gas,max,fraction (recorded convention),5,1.0,0.0,1.0,1.0,1.0,"Across-run descriptive statistics; n is finite contributing runs, not telemetry samples",Silverstone/AE86,gas_max
ks_silverstone1967+ks_toyota_ae86_drift,ks_silverstone1967,ks_toyota_ae86_drift,95,raw,gas,max,fraction (recorded convention),5,1.0,0.0,1.0,1.0,1.0,"Across-run descriptive statistics; n is finite contributing runs, not telemetry samples",Silverstone/AE86,gas_max
ks_silverstone1967+ks_toyota_ae86_drift,ks_silverstone1967,ks_toyota_ae86_drift,100,raw,gas,max,fraction (recorded convention),5,1.0,0.0,1.0,1.0,1.0,"Across-run descriptive statistics; n is finite contributing runs, not telemetry samples",Silverstone/AE86,gas_max
ks_silverstone1967+ks_toyota_supra_mkiv_drift,ks_silverstone1967,ks_toyota_supra_mkiv_drift,80,raw,gas,max,fraction (recorded convention),5,0.8000000715255737,0.0,0.8000000715255737,0.8000000715255737,0.8000000715255737,"Across-run descriptive statistics; n is finite contributing runs, not telemetry samples",Silverstone/Supra,gas_max
ks_silverstone1967+ks_toyota_supra_mkiv_drift,ks_silverstone1967,ks_toyota_supra_mkiv_drift,85,raw,gas,max,fraction (recorded convention),5,0.8999999761581421,0.0,0.8999999761581421,0.8999999761581421,0.8999999761581421,"Across-run descriptive statistics; n is finite contributing runs, not telemetry samples",Silverstone/Supra,gas_max
ks_silverstone1967+ks_toyota_supra_mkiv_drift,ks_silverstone1967,ks_toyota_supra_mkiv_drift,90,raw,gas,max,fraction (recorded convention),5,1.0,0.0,1.0,1.0,1.0,"Across-run descriptive statistics; n is finite contributing runs, not telemetry samples",Silverstone/Supra,gas_max
ks_silverstone1967+ks_toyota_supra_mkiv_drift,ks_silverstone1967,ks_toyota_supra_mkiv_drift,95,raw,gas,max,fraction (recorded convention),5,1.0,0.0,1.0,1.0,1.0,"Across-run descriptive statistics; n is finite contributing runs, not telemetry samples",Silverstone/Supra,gas_max
ks_silverstone1967+ks_toyota_supra_mkiv_drift,ks_silverstone1967,ks_toyota_supra_mkiv_drift,100,raw,gas,max,fraction (recorded convention),5,1.0,0.0,1.0,1.0,1.0,"Across-run descriptive statistics; n is finite contributing runs, not telemetry samples",Silverstone/Supra,gas_max
ks_barcelona+ks_toyota_ae86_drift,ks_barcelona,ks_toyota_ae86_drift,80,raw,brake,time_mean,fraction (recorded convention),5,0.0903000730195933,0.0002648751954585,0.0903673875234703,0.090002603723909,0.0905542897077879,"Across-run descriptive statistics; n is finite contributing runs, not telemetry samples",Barcelona/AE86,brake_mean
ks_barcelona+ks_toyota_ae86_drift,ks_barcelona,ks_toyota_ae86_drift,85,raw,brake,time_mean,fraction (recorded convention),5,0.095896550232832,0.000278931396277,0.0958950872893449,0.0955342551972493,0.0961816092479906,"Across-run descriptive statistics; n is finite contributing runs, not telemetry samples",Barcelona/AE86,brake_mean
ks_barcelona+ks_toyota_ae86_drift,ks_barcelona,ks_toyota_ae86_drift,90,raw,brake,time_mean,fraction (recorded convention),5,0.1053452681618165,0.0005420676636966,0.1055405022212576,0.10472175670187,0.106042591347287,"Across-run descriptive statistics; n is finite contributing runs, not telemetry samples",Barcelona/AE86,brake_mean
ks_barcelona+ks_toyota_ae86_drift,ks_barcelona,ks_toyota_ae86_drift,95,raw,brake,time_mean,fraction (recorded convention),5,0.1106941982008914,0.0014293160693935,0.1109292359535876,0.1084969563912689,0.1122382876896408,"Across-run descriptive statistics; n is finite contributing runs, not telemetry samples",Barcelona/AE86,brake_mean
ks_barcelona+ks_toyota_ae86_drift,ks_barcelona,ks_toyota_ae86_drift,100,raw,brake,time_mean,fraction (recorded convention),5,0.1090657127488843,0.0001674417950488,0.1090564686859377,0.1088239686814658,0.1092939503007805,"Across-run descriptive statistics; n is finite contributing runs, not telemetry samples",Barcelona/AE86,brake_mean
ks_barcelona+ks_toyota_supra_mkiv_drift,ks_barcelona,ks_toyota_supra_mkiv_drift,80,raw,brake,time_mean,fraction (recorded convention),5,0.1033573775824995,0.0005807178766854,0.1033168594693718,0.1028772903352845,0.1043178087606841,"Across-run descriptive statistics; n is finite contributing runs, not telemetry samples",Barcelona/Supra,brake_mean
ks_barcelona+ks_toyota_supra_mkiv_drift,ks_barcelona,ks_toyota_supra_mkiv_drift,85,raw,brake,time_mean,fraction (recorded convention),5,0.1157998322977144,0.0005569801519134,0.1157769572991821,0.1151871729984208,0.1164131630294824,"Across-run descriptive statistics; n is finite contributing runs, not telemetry samples",Barcelona/Supra,brake_mean
ks_barcelona+ks_toyota_supra_mkiv_drift,ks_barcelona,ks_toyota_supra_mkiv_drift,90,raw,brake,time_mean,fraction (recorded convention),5,0.1257482635065587,0.0005705263046175,0.1256207889006312,0.1250141983463481,0.1265251472173788,"Across-run descriptive statistics; n is finite contributing runs, not telemetry samples",Barcelona/Supra,brake_mean
ks_barcelona+ks_toyota_supra_mkiv_drift,ks_barcelona,ks_toyota_supra_mkiv_drift,95,raw,brake,time_mean,fraction (recorded convention),5,0.1279056816498878,0.0016563078884152,0.1275712355484631,0.1264211342030155,0.1304988975815929,"Across-run descriptive statistics; n is finite contributing runs, not telemetry samples",Barcelona/Supra,brake_mean
ks_barcelona+ks_toyota_supra_mkiv_drift,ks_barcelona,ks_toyota_supra_mkiv_drift,100,raw,brake,time_mean,fraction (recorded convention),5,0.1285997515779638,0.0009069783586381,0.1284058473233356,0.1274615463788626,0.1299695631837785,"Across-run descriptive statistics; n is finite contributing runs, not telemetry samples",Barcelona/Supra,brake_mean
ks_silverstone1967+ks_toyota_ae86_drift,ks_silverstone1967,ks_toyota_ae86_drift,80,raw,brake,time_mean,fraction (recorded convention),5,0.074629678569589,0.0001185408899552,0.0746575098387356,0.0744609575733802,0.0747436478444332,"Across-run descriptive statistics; n is finite contributing runs, not telemetry samples",Silverstone/AE86,brake_mean
ks_silverstone1967+ks_toyota_ae86_drift,ks_silverstone1967,ks_toyota_ae86_drift,85,raw,brake,time_mean,fraction (recorded convention),5,0.0810934869339472,0.0004790430102895,0.0810399808127372,0.0805792078537672,0.081663369643917,"Across-run descriptive statistics; n is finite contributing runs, not telemetry samples",Silverstone/AE86,brake_mean
ks_silverstone1967+ks_toyota_ae86_drift,ks_silverstone1967,ks_toyota_ae86_drift,90,raw,brake,time_mean,fraction (recorded convention),5,0.091378306219958,0.0003288014960631,0.0913157732107215,0.09102316007584,0.0917999596992793,"Across-run descriptive statistics; n is finite contributing runs, not telemetry samples",Silverstone/AE86,brake_mean
ks_silverstone1967+ks_toyota_ae86_drift,ks_silverstone1967,ks_toyota_ae86_drift,95,raw,brake,time_mean,fraction (recorded convention),5,0.0968305370895109,0.0002724762859142,0.0967586123546145,0.0965343214480434,0.0972132081336078,"Across-run descriptive statistics; n is finite contributing runs, not telemetry samples",Silverstone/AE86,brake_mean
ks_silverstone1967+ks_toyota_ae86_drift,ks_silverstone1967,ks_toyota_ae86_drift,100,raw,brake,time_mean,fraction (recorded convention),5,0.0991020898813034,0.0004860140956605,0.09910658677277,0.0983923956221137,0.0997305477207477,"Across-run descriptive statistics; n is finite contributing runs, not telemetry samples",Silverstone/AE86,brake_mean
ks_silverstone1967+ks_toyota_supra_mkiv_drift,ks_silverstone1967,ks_toyota_supra_mkiv_drift,80,raw,brake,time_mean,fraction (recorded convention),5,0.0886160657831428,0.0004169784990464,0.0884577745738238,0.0882029502810681,0.0892495568378863,"Across-run descriptive statistics; n is finite contributing runs, not telemetry samples",Silverstone/Supra,brake_mean
ks_silverstone1967+ks_toyota_supra_mkiv_drift,ks_silverstone1967,ks_toyota_supra_mkiv_drift,85,raw,brake,time_mean,fraction (recorded convention),5,0.1054014325279454,0.0001464675487033,0.1054163924456702,0.1051988720873247,0.1056086241425932,"Across-run descriptive statistics; n is finite contributing runs, not telemetry samples",Silverstone/Supra,brake_mean
ks_silverstone1967+ks_toyota_supra_mkiv_drift,ks_silverstone1967,ks_toyota_supra_mkiv_drift,90,raw,brake,time_mean,fraction (recorded convention),5,0.1184855305304666,0.0005802844446149,0.1187664061350293,0.1176989197623707,0.1190155203988311,"Across-run descriptive statistics; n is finite contributing runs, not telemetry samples",Silverstone/Supra,brake_mean
ks_silverstone1967+ks_toyota_supra_mkiv_drift,ks_silverstone1967,ks_toyota_supra_mkiv_drift,95,raw,brake,time_mean,fraction (recorded convention),5,0.1145303534194438,0.0011159384510004,0.1140736181114559,0.1138058931385248,0.1165090322125713,"Across-run descriptive statistics; n is finite contributing runs, not telemetry samples",Silverstone/Supra,brake_mean
ks_silverstone1967+ks_toyota_supra_mkiv_drift,ks_silverstone1967,ks_toyota_supra_mkiv_drift,100,raw,brake,time_mean,fraction (recorded convention),5,0.1237602296566097,0.0004169296147119,0.1235740377590015,0.1234817940317768,0.1244716214616745,"Across-run descriptive statistics; n is finite contributing runs, not telemetry samples",Silverstone/Supra,brake_mean
ks_barcelona+ks_toyota_ae86_drift,ks_barcelona,ks_toyota_ae86_drift,80,events,brake,gt_0.05__active_fraction,ratio,5,0.139104283833774,0.0018300209820534,0.1381872213967308,0.1375464684014867,0.1416170634920638,"Across-run descriptive statistics; n is finite contributing runs, not telemetry samples",Barcelona/AE86,brake_active_fraction
ks_barcelona+ks_toyota_ae86_drift,ks_barcelona,ks_toyota_ae86_drift,85,events,brake,gt_0.05__active_fraction,ratio,5,0.1404252682804105,0.0004144628512612,0.1405356214248568,0.1399064692127825,0.1409622886866059,"Across-run descriptive statistics; n is finite contributing runs, not telemetry samples",Barcelona/AE86,brake_active_fraction
ks_barcelona+ks_toyota_ae86_drift,ks_barcelona,ks_toyota_ae86_drift,90,events,brake,gt_0.05__active_fraction,ratio,5,0.1507389067219842,0.0007168596140023,0.1502992383025026,0.1501293044780184,0.1516754850088182,"Across-run descriptive statistics; n is finite contributing runs, not telemetry samples",Barcelona/AE86,brake_active_fraction
ks_barcelona+ks_toyota_ae86_drift,ks_barcelona,ks_toyota_ae86_drift,95,events,brake,gt_0.05__active_fraction,ratio,5,0.1351729394650058,0.0020552466954539,0.1353185595567868,0.1324732972673049,0.1374775024228161,"Across-run descriptive statistics; n is finite contributing runs, not telemetry samples",Barcelona/AE86,brake_active_fraction
ks_barcelona+ks_toyota_ae86_drift,ks_barcelona,ks_toyota_ae86_drift,100,events,brake,gt_0.05__active_fraction,ratio,5,0.1334664556587462,0.0006699912050602,0.1333520889013927,0.1327334083239595,0.1341583462241599,"Across-run descriptive statistics; n is finite contributing runs, not telemetry samples",Barcelona/AE86,brake_active_fraction
ks_barcelona+ks_toyota_supra_mkiv_drift,ks_barcelona,ks_toyota_supra_mkiv_drift,80,events,brake,gt_0.05__active_fraction,ratio,5,0.1778266460699652,0.0008349437082973,0.1778661546900715,0.1767607563716085,0.178816114003837,"Across-run descriptive statistics; n is finite contributing runs, not telemetry samples",Barcelona/Supra,brake_active_fraction
ks_barcelona+ks_toyota_supra_mkiv_drift,ks_barcelona,ks_toyota_supra_mkiv_drift,85,events,brake,gt_0.05__active_fraction,ratio,5,0.1896940974975116,0.0005959083018598,0.1898021089123211,0.1888213147987257,0.1902769763416042,"Across-run descriptive statistics; n is finite contributing runs, not telemetry samples",Barcelona/Supra,brake_active_fraction
ks_barcelona+ks_toyota_supra_mkiv_drift,ks_barcelona,ks_toyota_supra_mkiv_drift,90,events,brake,gt_0.05__active_fraction,ratio,5,0.1952717372289559,0.0007790195084991,0.1951625094482237,0.1945284159613059,0.1965230536659111,"Across-run descriptive statistics; n is finite contributing runs, not telemetry samples",Barcelona/Supra,brake_active_fraction
ks_barcelona+ks_toyota_supra_mkiv_drift,ks_barcelona,ks_toyota_supra_mkiv_drift,95,events,brake,gt_0.05__active_fraction,ratio,5,0.1809221374271221,0.0019381354422003,0.1810877626699629,0.1789147286821708,0.1832403965303594,"Across-run descriptive statistics; n is finite contributing runs, not telemetry samples",Barcelona/Supra,brake_active_fraction
ks_barcelona+ks_toyota_supra_mkiv_drift,ks_barcelona,ks_toyota_supra_mkiv_drift,100,events,brake,gt_0.05__active_fraction,ratio,5,0.1704776917530424,0.0006683092988828,0.1703668713588412,0.1698232323232323,0.1714918525549754,"Across-run descriptive statistics; n is finite contributing runs, not telemetry samples",Barcelona/Supra,brake_active_fraction
ks_silverstone1967+ks_toyota_ae86_drift,ks_silverstone1967,ks_toyota_ae86_drift,80,events,brake,gt_0.05__active_fraction,ratio,5,0.1165500805205776,0.0005767344543019,0.1168384879725084,0.1157270029673591,0.1171508903467667,"Across-run descriptive statistics; n is finite contributing runs, not telemetry samples",Silverstone/AE86,brake_active_fraction
ks_silverstone1967+ks_toyota_ae86_drift,ks_silverstone1967,ks_toyota_ae86_drift,85,events,brake,gt_0.05__active_fraction,ratio,5,0.1195226505960658,0.001292273102813,0.1188685415304119,0.1183586725519045,0.1210139002452984,"Across-run descriptive statistics; n is finite contributing runs, not telemetry samples",Silverstone/AE86,brake_active_fraction
ks_silverstone1967+ks_toyota_ae86_drift,ks_silverstone1967,ks_toyota_ae86_drift,90,events,brake,gt_0.05__active_fraction,ratio,5,0.1228363481278124,0.0009430193403936,0.1224559603215322,0.1219637358877865,0.1241662390969726,"Across-run descriptive statistics; n is finite contributing runs, not telemetry samples",Silverstone/AE86,brake_active_fraction
ks_silverstone1967+ks_toyota_ae86_drift,ks_silverstone1967,ks_toyota_ae86_drift,95,events,brake,gt_0.05__active_fraction,ratio,5,0.1222815663226309,0.0011631523236898,0.1218326969802152,0.1211331247827598,0.1241966301893345,"Across-run descriptive statistics; n is finite contributing runs, not telemetry samples",Silverstone/AE86,brake_active_fraction
ks_silverstone1967+ks_toyota_ae86_drift,ks_silverstone1967,ks_toyota_ae86_drift,100,events,brake,gt_0.05__active_fraction,ratio,5,0.1194129871690525,0.0009196041522815,0.1197122794999141,0.1178165790812001,0.1201775349948787,"Across-run descriptive statistics; n is finite contributing runs, not telemetry samples",Silverstone/AE86,brake_active_fraction
ks_silverstone1967+ks_toyota_supra_mkiv_drift,ks_silverstone1967,ks_toyota_supra_mkiv_drift,80,events,brake,gt_0.05__active_fraction,ratio,5,0.1486124600231783,0.0024648060690434,0.1486905582356994,0.1448026202378898,0.1508553654743389,"Across-run descriptive statistics; n is finite contributing runs, not telemetry samples",Silverstone/Supra,brake_active_fraction
ks_silverstone1967+ks_toyota_supra_mkiv_drift,ks_silverstone1967,ks_toyota_supra_mkiv_drift,85,events,brake,gt_0.05__active_fraction,ratio,5,0.171119545262692,0.0008447496277234,0.1711366538952745,0.1698354661791587,0.171986138975014,"Across-run descriptive statistics; n is finite contributing runs, not telemetry samples",Silverstone/Supra,brake_active_fraction
ks_silverstone1967+ks_toyota_supra_mkiv_drift,ks_silverstone1967,ks_toyota_supra_mkiv_drift,90,events,brake,gt_0.05__active_fraction,ratio,5,0.1832590483053854,0.001449034767632,0.1835020049646744,0.1813481424741481,0.1848241590214068,"Across-run descriptive statistics; n is finite contributing runs, not telemetry samples",Silverstone/Supra,brake_active_fraction
ks_silverstone1967+ks_toyota_supra_mkiv_drift,ks_silverstone1967,ks_toyota_supra_mkiv_drift,95,events,brake,gt_0.05__active_fraction,ratio,5,0.168709660401547,0.0023052197769507,0.168896645336436,0.165144744511366,0.1713564913642538,"Across-run descriptive statistics; n is finite contributing runs, not telemetry samples",Silverstone/Supra,brake_active_fraction
ks_silverstone1967+ks_toyota_supra_mkiv_drift,ks_silverstone1967,ks_toyota_supra_mkiv_drift,100,events,brake,gt_0.05__active_fraction,ratio,5,0.1627050260095778,0.0004166384970036,0.162849872773537,0.162162162162162,0.1631733594515182,"Across-run descriptive statistics; n is finite contributing runs, not telemetry samples",Silverstone/Supra,brake_active_fraction
ks_barcelona+ks_toyota_ae86_drift,ks_barcelona,ks_toyota_ae86_drift,80,raw,steerAngle,time_mean_abs,native,5,0.0292769722357473,0.0001021662591635,0.0292716533915271,0.0291738038920918,0.0293870893891166,"Across-run descriptive statistics; n is finite contributing runs, not telemetry samples",Barcelona/AE86,steer_abs_mean_native
ks_barcelona+ks_toyota_ae86_drift,ks_barcelona,ks_toyota_ae86_drift,85,raw,steerAngle,time_mean_abs,native,5,0.0317844565186991,8.775937330118934e-05,0.0317742686854703,0.0317137766033784,0.031930943837479,"Across-run descriptive statistics; n is finite contributing runs, not telemetry samples",Barcelona/AE86,steer_abs_mean_native
ks_barcelona+ks_toyota_ae86_drift,ks_barcelona,ks_toyota_ae86_drift,90,raw,steerAngle,time_mean_abs,native,5,0.0375328151070227,0.0001741814566628,0.0376264734611851,0.0372492207993187,0.0376709337487093,"Across-run descriptive statistics; n is finite contributing runs, not telemetry samples",Barcelona/AE86,steer_abs_mean_native
ks_barcelona+ks_toyota_ae86_drift,ks_barcelona,ks_toyota_ae86_drift,95,raw,steerAngle,time_mean_abs,native,5,0.0440461777985673,0.0003641705228094,0.0439691159725332,0.043762544965043,0.0446606747014245,"Across-run descriptive statistics; n is finite contributing runs, not telemetry samples",Barcelona/AE86,steer_abs_mean_native
ks_barcelona+ks_toyota_ae86_drift,ks_barcelona,ks_toyota_ae86_drift,100,raw,steerAngle,time_mean_abs,native,5,0.0499286505201979,0.0001351506126288,0.0499954283679068,0.0496947861247153,0.0500206376428942,"Across-run descriptive statistics; n is finite contributing runs, not telemetry samples",Barcelona/AE86,steer_abs_mean_native
ks_barcelona+ks_toyota_supra_mkiv_drift,ks_barcelona,ks_toyota_supra_mkiv_drift,80,raw,steerAngle,time_mean_abs,native,5,0.0322525857089756,0.0001486193528293,0.0323022686453051,0.032005344129368,0.0323716084872884,"Across-run descriptive statistics; n is finite contributing runs, not telemetry samples",Barcelona/Supra,steer_abs_mean_native
ks_barcelona+ks_toyota_supra_mkiv_drift,ks_barcelona,ks_toyota_supra_mkiv_drift,85,raw,steerAngle,time_mean_abs,native,5,0.0348697947987238,6.010037663304988e-05,0.0348554635863944,0.0348205411972779,0.0349672795617932,"Across-run descriptive statistics; n is finite contributing runs, not telemetry samples",Barcelona/Supra,steer_abs_mean_native
ks_barcelona+ks_toyota_supra_mkiv_drift,ks_barcelona,ks_toyota_supra_mkiv_drift,90,raw,steerAngle,time_mean_abs,native,5,0.0407083613868605,0.0001817537010852,0.0406238491507956,0.0405296643149313,0.0409593297827093,"Across-run descriptive statistics; n is finite contributing runs, not telemetry samples",Barcelona/Supra,steer_abs_mean_native
ks_barcelona+ks_toyota_supra_mkiv_drift,ks_barcelona,ks_toyota_supra_mkiv_drift,95,raw,steerAngle,time_mean_abs,native,5,0.0492179078898365,0.0007381941052803,0.0493288128758119,0.0479924892782374,0.0499468106597747,"Across-run descriptive statistics; n is finite contributing runs, not telemetry samples",Barcelona/Supra,steer_abs_mean_native
ks_barcelona+ks_toyota_supra_mkiv_drift,ks_barcelona,ks_toyota_supra_mkiv_drift,100,raw,steerAngle,time_mean_abs,native,5,0.0547566153395771,0.0001724365214075,0.0548178533573394,0.0544799774052166,0.0549328534050546,"Across-run descriptive statistics; n is finite contributing runs, not telemetry samples",Barcelona/Supra,steer_abs_mean_native
ks_silverstone1967+ks_toyota_ae86_drift,ks_silverstone1967,ks_toyota_ae86_drift,80,raw,steerAngle,time_mean_abs,native,5,0.0158111769768253,8.541357795629196e-05,0.0157540306064409,0.0157448330484829,0.015915478563988,"Across-run descriptive statistics; n is finite contributing runs, not telemetry samples",Silverstone/AE86,steer_abs_mean_native
ks_silverstone1967+ks_toyota_ae86_drift,ks_silverstone1967,ks_toyota_ae86_drift,85,raw,steerAngle,time_mean_abs,native,5,0.0179780874432097,0.0001402222189413,0.0180217528665551,0.017766164494388,0.0181308344051912,"Across-run descriptive statistics; n is finite contributing runs, not telemetry samples",Silverstone/AE86,steer_abs_mean_native
ks_silverstone1967+ks_toyota_ae86_drift,ks_silverstone1967,ks_toyota_ae86_drift,90,raw,steerAngle,time_mean_abs,native,5,0.0215482320540189,0.000133757425614,0.0215082824698999,0.0214591601194037,0.0217841932051331,"Across-run descriptive statistics; n is finite contributing runs, not telemetry samples",Silverstone/AE86,steer_abs_mean_native
ks_silverstone1967+ks_toyota_ae86_drift,ks_silverstone1967,ks_toyota_ae86_drift,95,raw,steerAngle,time_mean_abs,native,5,0.028237482262006,0.0004146646419243,0.0282750011304744,0.0276162047668375,0.028611868783509,"Across-run descriptive statistics; n is finite contributing runs, not telemetry samples",Silverstone/AE86,steer_abs_mean_native
ks_silverstone1967+ks_toyota_ae86_drift,ks_silverstone1967,ks_toyota_ae86_drift,100,raw,steerAngle,time_mean_abs,native,5,0.0341177476912661,0.0006538873593816,0.03379804593414,0.033667699735367,0.0352511656372023,"Across-run descriptive statistics; n is finite contributing runs, not telemetry samples",Silverstone/AE86,steer_abs_mean_native
ks_silverstone1967+ks_toyota_supra_mkiv_drift,ks_silverstone1967,ks_toyota_supra_mkiv_drift,80,raw,steerAngle,time_mean_abs,native,5,0.0179716541290579,8.620648507918054e-05,0.0179726919140332,0.0178337246444438,0.0180651691120744,"Across-run descriptive statistics; n is finite contributing runs, not telemetry samples",Silverstone/Supra,steer_abs_mean_native
ks_silverstone1967+ks_toyota_supra_mkiv_drift,ks_silverstone1967,ks_toyota_supra_mkiv_drift,85,raw,steerAngle,time_mean_abs,native,5,0.02007467272735,0.0001414547599495,0.0200380524994482,0.0199252290386893,0.0202926828434246,"Across-run descriptive statistics; n is finite contributing runs, not telemetry samples",Silverstone/Supra,steer_abs_mean_native
ks_silverstone1967+ks_toyota_supra_mkiv_drift,ks_silverstone1967,ks_toyota_supra_mkiv_drift,90,raw,steerAngle,time_mean_abs,native,5,0.0234715069681828,0.0001632367848238,0.0234145468721503,0.0233261583573946,0.0237003152760517,"Across-run descriptive statistics; n is finite contributing runs, not telemetry samples",Silverstone/Supra,steer_abs_mean_native
ks_silverstone1967+ks_toyota_supra_mkiv_drift,ks_silverstone1967,ks_toyota_supra_mkiv_drift,95,raw,steerAngle,time_mean_abs,native,5,0.0306068296799534,0.0005983239698851,0.0307770364775697,0.0299837360254275,0.031413230410017,"Across-run descriptive statistics; n is finite contributing runs, not telemetry samples",Silverstone/Supra,steer_abs_mean_native
ks_silverstone1967+ks_toyota_supra_mkiv_drift,ks_silverstone1967,ks_toyota_supra_mkiv_drift,100,raw,steerAngle,time_mean_abs,native,5,0.0362175635173613,0.0006162328648624,0.0361107209093213,0.035544871614984,0.0371836442440491,"Across-run descriptive statistics; n is finite contributing runs, not telemetry samples",Silverstone/Supra,steer_abs_mean_native
ks_barcelona+ks_toyota_ae86_drift,ks_barcelona,ks_toyota_ae86_drift,80,regularized,SlipAngle_four_wheel_abs_mean,time_mean,deg,5,1.6919021872547475,0.0069230077539443,1.691814105658142,1.6833952426045098,1.699170854078428,"Across-run descriptive statistics; n is finite contributing runs, not telemetry samples",Barcelona/AE86,slip_abs_mean_deg
ks_barcelona+ks_toyota_ae86_drift,ks_barcelona,ks_toyota_ae86_drift,85,regularized,SlipAngle_four_wheel_abs_mean,time_mean,deg,5,1.951800794142112,0.004269109417778,1.9499929480311669,1.948171711907784,1.9589403769882805,"Across-run descriptive statistics; n is finite contributing runs, not telemetry samples",Barcelona/AE86,slip_abs_mean_deg
ks_barcelona+ks_toyota_ae86_drift,ks_barcelona,ks_toyota_ae86_drift,90,regularized,SlipAngle_four_wheel_abs_mean,time_mean,deg,5,2.314151443024265,0.0061971295233206,2.31574612360997,2.3044781020627254,2.320738254848855,"Across-run descriptive statistics; n is finite contributing runs, not telemetry samples",Barcelona/AE86,slip_abs_mean_deg
ks_barcelona+ks_toyota_ae86_drift,ks_barcelona,ks_toyota_ae86_drift,95,regularized,SlipAngle_four_wheel_abs_mean,time_mean,deg,5,2.591560855876109,0.0107931977004,2.5908705874318443,2.578231188598296,2.6070900005290327,"Across-run descriptive statistics; n is finite contributing runs, not telemetry samples",Barcelona/AE86,slip_abs_mean_deg
ks_barcelona+ks_toyota_ae86_drift,ks_barcelona,ks_toyota_ae86_drift,100,regularized,SlipAngle_four_wheel_abs_mean,time_mean,deg,5,2.848109982288604,0.0046535348552121,2.848397418843281,2.8408603905098744,2.852764850377538,"Across-run descriptive statistics; n is finite contributing runs, not telemetry samples",Barcelona/AE86,slip_abs_mean_deg
ks_barcelona+ks_toyota_supra_mkiv_drift,ks_barcelona,ks_toyota_supra_mkiv_drift,80,regularized,SlipAngle_four_wheel_abs_mean,time_mean,deg,5,1.525143198727601,0.0038627743979685,1.526656545522906,1.5192714575559425,1.5284521635075006,"Across-run descriptive statistics; n is finite contributing runs, not telemetry samples",Barcelona/Supra,slip_abs_mean_deg
ks_barcelona+ks_toyota_supra_mkiv_drift,ks_barcelona,ks_toyota_supra_mkiv_drift,85,regularized,SlipAngle_four_wheel_abs_mean,time_mean,deg,5,1.8101867560044875,0.0008751789449313,1.81023146074074,1.8088972763182205,1.8113194001747412,"Across-run descriptive statistics; n is finite contributing runs, not telemetry samples",Barcelona/Supra,slip_abs_mean_deg
ks_barcelona+ks_toyota_supra_mkiv_drift,ks_barcelona,ks_toyota_supra_mkiv_drift,90,regularized,SlipAngle_four_wheel_abs_mean,time_mean,deg,5,2.182774396863304,0.0055794252509796,2.1824227720216456,2.177978633526509,2.19200096006604,"Across-run descriptive statistics; n is finite contributing runs, not telemetry samples",Barcelona/Supra,slip_abs_mean_deg
ks_barcelona+ks_toyota_supra_mkiv_drift,ks_barcelona,ks_toyota_supra_mkiv_drift,95,regularized,SlipAngle_four_wheel_abs_mean,time_mean,deg,5,2.5119847047935977,0.0132182720754037,2.509683999078694,2.49341112954385,2.526007001755937,"Across-run descriptive statistics; n is finite contributing runs, not telemetry samples",Barcelona/Supra,slip_abs_mean_deg
ks_barcelona+ks_toyota_supra_mkiv_drift,ks_barcelona,ks_toyota_supra_mkiv_drift,100,regularized,SlipAngle_four_wheel_abs_mean,time_mean,deg,5,2.755085891170439,0.018896630929468,2.7583975547354878,2.727963474987559,2.779093870699713,"Across-run descriptive statistics; n is finite contributing runs, not telemetry samples",Barcelona/Supra,slip_abs_mean_deg
ks_silverstone1967+ks_toyota_ae86_drift,ks_silverstone1967,ks_toyota_ae86_drift,80,regularized,SlipAngle_four_wheel_abs_mean,time_mean,deg,5,1.2620586266983804,0.0049277057256274,1.259344176040863,1.257634906403331,1.2690039835663414,"Across-run descriptive statistics; n is finite contributing runs, not telemetry samples",Silverstone/AE86,slip_abs_mean_deg
ks_silverstone1967+ks_toyota_ae86_drift,ks_silverstone1967,ks_toyota_ae86_drift,85,regularized,SlipAngle_four_wheel_abs_mean,time_mean,deg,5,1.4478046799058124,0.0041603978159603,1.4504896388596769,1.4425185510552654,1.4510513042936393,"Across-run descriptive statistics; n is finite contributing runs, not telemetry samples",Silverstone/AE86,slip_abs_mean_deg
ks_silverstone1967+ks_toyota_ae86_drift,ks_silverstone1967,ks_toyota_ae86_drift,90,regularized,SlipAngle_four_wheel_abs_mean,time_mean,deg,5,1.6904703252300783,0.0068142151470151,1.6896267139665069,1.6823700611137726,1.7011254973564294,"Across-run descriptive statistics; n is finite contributing runs, not telemetry samples",Silverstone/AE86,slip_abs_mean_deg
ks_silverstone1967+ks_toyota_ae86_drift,ks_silverstone1967,ks_toyota_ae86_drift,95,regularized,SlipAngle_four_wheel_abs_mean,time_mean,deg,5,1.9253203740024416,0.0099013579441332,1.9264499545229008,1.9114763943220965,1.9360319870011609,"Across-run descriptive statistics; n is finite contributing runs, not telemetry samples",Silverstone/AE86,slip_abs_mean_deg
ks_silverstone1967+ks_toyota_ae86_drift,ks_silverstone1967,ks_toyota_ae86_drift,100,regularized,SlipAngle_four_wheel_abs_mean,time_mean,deg,5,2.030278182424689,0.0062649652360068,2.0328333359934234,2.0217452683097226,2.036969639928373,"Across-run descriptive statistics; n is finite contributing runs, not telemetry samples",Silverstone/AE86,slip_abs_mean_deg
ks_silverstone1967+ks_toyota_supra_mkiv_drift,ks_silverstone1967,ks_toyota_supra_mkiv_drift,80,regularized,SlipAngle_four_wheel_abs_mean,time_mean,deg,5,1.1566471702149626,0.0019653283064285,1.1574117372081292,1.1538416059158725,1.1589263964469698,"Across-run descriptive statistics; n is finite contributing runs, not telemetry samples",Silverstone/Supra,slip_abs_mean_deg
ks_silverstone1967+ks_toyota_supra_mkiv_drift,ks_silverstone1967,ks_toyota_supra_mkiv_drift,85,regularized,SlipAngle_four_wheel_abs_mean,time_mean,deg,5,1.3629712295823528,0.0042059731305494,1.361248560446915,1.3589830109121743,1.367580895070908,"Across-run descriptive statistics; n is finite contributing runs, not telemetry samples",Silverstone/Supra,slip_abs_mean_deg
ks_silverstone1967+ks_toyota_supra_mkiv_drift,ks_silverstone1967,ks_toyota_supra_mkiv_drift,90,regularized,SlipAngle_four_wheel_abs_mean,time_mean,deg,5,1.6084151786460918,0.0097640800592058,1.6111256495286863,1.5981181192721965,1.620503851551833,"Across-run descriptive statistics; n is finite contributing runs, not telemetry samples",Silverstone/Supra,slip_abs_mean_deg
ks_silverstone1967+ks_toyota_supra_mkiv_drift,ks_silverstone1967,ks_toyota_supra_mkiv_drift,95,regularized,SlipAngle_four_wheel_abs_mean,time_mean,deg,5,1.8318966082411416,0.01141508341276,1.8362271118996507,1.819947552654908,1.845318862481257,"Across-run descriptive statistics; n is finite contributing runs, not telemetry samples",Silverstone/Supra,slip_abs_mean_deg
ks_silverstone1967+ks_toyota_supra_mkiv_drift,ks_silverstone1967,ks_toyota_supra_mkiv_drift,100,regularized,SlipAngle_four_wheel_abs_mean,time_mean,deg,5,2.0030740923610715,0.0086146775717141,2.003530545870868,1.9900722740157584,2.0125778633956406,"Across-run descriptive statistics; n is finite contributing runs, not telemetry samples",Silverstone/Supra,slip_abs_mean_deg
ks_barcelona+ks_toyota_ae86_drift,ks_barcelona,ks_toyota_ae86_drift,80,regularized,SlipAngle_four_wheel_abs_mean,q95,deg,5,3.634587050111822,0.0226283194590043,3.6250403729163705,3.6097711592838815,3.6651896843571783,"Across-run descriptive statistics; n is finite contributing runs, not telemetry samples",Barcelona/AE86,slip_abs_p95_deg
ks_barcelona+ks_toyota_ae86_drift,ks_barcelona,ks_toyota_ae86_drift,85,regularized,SlipAngle_four_wheel_abs_mean,q95,deg,5,4.300315589427436,0.0121545258258833,4.295708504776233,4.288905810765514,4.32074216121352,"Across-run descriptive statistics; n is finite contributing runs, not telemetry samples",Barcelona/AE86,slip_abs_p95_deg
ks_barcelona+ks_toyota_ae86_drift,ks_barcelona,ks_toyota_ae86_drift,90,regularized,SlipAngle_four_wheel_abs_mean,q95,deg,5,5.85364478523761,0.0512323984710175,5.8773129225717655,5.78156317657264,5.905662230281499,"Across-run descriptive statistics; n is finite contributing runs, not telemetry samples",Barcelona/AE86,slip_abs_p95_deg
ks_barcelona+ks_toyota_ae86_drift,ks_barcelona,ks_toyota_ae86_drift,95,regularized,SlipAngle_four_wheel_abs_mean,q95,deg,5,6.959249499938044,0.0248966180060558,6.954239015710444,6.934441775479717,6.997208828844685,"Across-run descriptive statistics; n is finite contributing runs, not telemetry samples",Barcelona/AE86,slip_abs_p95_deg
ks_barcelona+ks_toyota_ae86_drift,ks_barcelona,ks_toyota_ae86_drift,100,regularized,SlipAngle_four_wheel_abs_mean,q95,deg,5,7.321393913416387,0.0046608039849479,7.320133811262735,7.317532985569742,7.329364210962887,"Across-run descriptive statistics; n is finite contributing runs, not telemetry samples",Barcelona/AE86,slip_abs_p95_deg
ks_barcelona+ks_toyota_supra_mkiv_drift,ks_barcelona,ks_toyota_supra_mkiv_drift,80,regularized,SlipAngle_four_wheel_abs_mean,q95,deg,5,3.186530165374085,0.0075000703695148,3.1875911717789984,3.175992926006836,3.1966250356444066,"Across-run descriptive statistics; n is finite contributing runs, not telemetry samples",Barcelona/Supra,slip_abs_p95_deg
ks_barcelona+ks_toyota_supra_mkiv_drift,ks_barcelona,ks_toyota_supra_mkiv_drift,85,regularized,SlipAngle_four_wheel_abs_mean,q95,deg,5,3.9957860140105934,0.0362537961570877,3.979498484568888,3.974448912715523,4.059910701765041,"Across-run descriptive statistics; n is finite contributing runs, not telemetry samples",Barcelona/Supra,slip_abs_p95_deg
ks_barcelona+ks_toyota_supra_mkiv_drift,ks_barcelona,ks_toyota_supra_mkiv_drift,90,regularized,SlipAngle_four_wheel_abs_mean,q95,deg,5,5.168608045928281,0.019398015238896,5.178415759600282,5.146525145824736,5.189721896742695,"Across-run descriptive statistics; n is finite contributing runs, not telemetry samples",Barcelona/Supra,slip_abs_p95_deg
ks_barcelona+ks_toyota_supra_mkiv_drift,ks_barcelona,ks_toyota_supra_mkiv_drift,95,regularized,SlipAngle_four_wheel_abs_mean,q95,deg,5,6.540146058619205,0.0463665661225153,6.55313139858383,6.462138793281324,6.584733465529037,"Across-run descriptive statistics; n is finite contributing runs, not telemetry samples",Barcelona/Supra,slip_abs_p95_deg
ks_barcelona+ks_toyota_supra_mkiv_drift,ks_barcelona,ks_toyota_supra_mkiv_drift,100,regularized,SlipAngle_four_wheel_abs_mean,q95,deg,5,6.729688597173379,0.009611531554097,6.725285237589809,6.720840996269306,6.744623184216116,"Across-run descriptive statistics; n is finite contributing runs, not telemetry samples",Barcelona/Supra,slip_abs_p95_deg
ks_silverstone1967+ks_toyota_ae86_drift,ks_silverstone1967,ks_toyota_ae86_drift,80,regularized,SlipAngle_four_wheel_abs_mean,q95,deg,5,3.6181988212799743,0.0218925773411248,3.606692275900033,3.5980289284030564,3.6427354390230193,"Across-run descriptive statistics; n is finite contributing runs, not telemetry samples",Silverstone/AE86,slip_abs_p95_deg
ks_silverstone1967+ks_toyota_ae86_drift,ks_silverstone1967,ks_toyota_ae86_drift,85,regularized,SlipAngle_four_wheel_abs_mean,q95,deg,5,4.166795593064676,0.034430585661383,4.165443591557364,4.130402733123663,4.205996898749241,"Across-run descriptive statistics; n is finite contributing runs, not telemetry samples",Silverstone/AE86,slip_abs_p95_deg
ks_silverstone1967+ks_toyota_ae86_drift,ks_silverstone1967,ks_toyota_ae86_drift,90,regularized,SlipAngle_four_wheel_abs_mean,q95,deg,5,5.095833188237467,0.0300037427237168,5.098063060050672,5.054130208938882,5.137271005427375,"Across-run descriptive statistics; n is finite contributing runs, not telemetry samples",Silverstone/AE86,slip_abs_p95_deg
ks_silverstone1967+ks_toyota_ae86_drift,ks_silverstone1967,ks_toyota_ae86_drift,95,regularized,SlipAngle_four_wheel_abs_mean,q95,deg,5,7.0182634796556185,0.0548659115192691,7.0414472352272,6.95509207758704,7.066533613850045,"Across-run descriptive statistics; n is finite contributing runs, not telemetry samples",Silverstone/AE86,slip_abs_p95_deg
ks_silverstone1967+ks_toyota_ae86_drift,ks_silverstone1967,ks_toyota_ae86_drift,100,regularized,SlipAngle_four_wheel_abs_mean,q95,deg,5,7.259812345332196,0.0090887811287477,7.263297843022651,7.247611701070378,7.270890383676732,"Across-run descriptive statistics; n is finite contributing runs, not telemetry samples",Silverstone/AE86,slip_abs_p95_deg
ks_silverstone1967+ks_toyota_supra_mkiv_drift,ks_silverstone1967,ks_toyota_supra_mkiv_drift,80,regularized,SlipAngle_four_wheel_abs_mean,q95,deg,5,3.2484233692325075,0.0355011498600595,3.2375258133062044,3.221927908695952,3.308565515462114,"Across-run descriptive statistics; n is finite contributing runs, not telemetry samples",Silverstone/Supra,slip_abs_p95_deg
ks_silverstone1967+ks_toyota_supra_mkiv_drift,ks_silverstone1967,ks_toyota_supra_mkiv_drift,85,regularized,SlipAngle_four_wheel_abs_mean,q95,deg,5,3.85858333719262,0.0336860986366333,3.862832840563175,3.825482222958828,3.905731956267009,"Across-run descriptive statistics; n is finite contributing runs, not telemetry samples",Silverstone/Supra,slip_abs_p95_deg
ks_silverstone1967+ks_toyota_supra_mkiv_drift,ks_silverstone1967,ks_toyota_supra_mkiv_drift,90,regularized,SlipAngle_four_wheel_abs_mean,q95,deg,5,4.867586384618397,0.0946513496805877,4.86038785339494,4.752121364451014,4.9770067628430255,"Across-run descriptive statistics; n is finite contributing runs, not telemetry samples",Silverstone/Supra,slip_abs_p95_deg
ks_silverstone1967+ks_toyota_supra_mkiv_drift,ks_silverstone1967,ks_toyota_supra_mkiv_drift,95,regularized,SlipAngle_four_wheel_abs_mean,q95,deg,5,6.309957334106608,0.1288749707091736,6.374810806848169,6.102273215269887,6.406417113207807,"Across-run descriptive statistics; n is finite contributing runs, not telemetry samples",Silverstone/Supra,slip_abs_p95_deg
ks_silverstone1967+ks_toyota_supra_mkiv_drift,ks_silverstone1967,ks_toyota_supra_mkiv_drift,100,regularized,SlipAngle_four_wheel_abs_mean,q95,deg,5,6.784881830870793,0.0123885525594597,6.785008408683278,6.770745112471774,6.798285239066338,"Across-run descriptive statistics; n is finite contributing runs, not telemetry samples",Silverstone/Supra,slip_abs_p95_deg
ks_barcelona+ks_toyota_ae86_drift,ks_barcelona,ks_toyota_ae86_drift,80,regularized,SlipAngle_rear_minus_front,time_mean,deg,5,0.1463358017338932,0.0049203320706038,0.148903774966835,0.1403834080425033,0.1504477862471141,"Across-run descriptive statistics; n is finite contributing runs, not telemetry samples",Barcelona/AE86,rear_front_slip_signed
ks_barcelona+ks_toyota_ae86_drift,ks_barcelona,ks_toyota_ae86_drift,85,regularized,SlipAngle_rear_minus_front,time_mean,deg,5,0.1996992693090744,0.0035085817979076,0.1990885579962996,0.1956747767362454,0.2036386767923781,"Across-run descriptive statistics; n is finite contributing runs, not telemetry samples",Barcelona/AE86,rear_front_slip_signed
ks_barcelona+ks_toyota_ae86_drift,ks_barcelona,ks_toyota_ae86_drift,90,regularized,SlipAngle_rear_minus_front,time_mean,deg,5,0.3485210800930314,0.0060872188461644,0.351370800049722,0.3385975957138055,0.3539274134787345,"Across-run descriptive statistics; n is finite contributing runs, not telemetry samples",Barcelona/AE86,rear_front_slip_signed
ks_barcelona+ks_toyota_ae86_drift,ks_barcelona,ks_toyota_ae86_drift,95,regularized,SlipAngle_rear_minus_front,time_mean,deg,5,0.4634408697425833,0.0173409361583286,0.4680112066514346,0.4395629257406268,0.4804328125753451,"Across-run descriptive statistics; n is finite contributing runs, not telemetry samples",Barcelona/AE86,rear_front_slip_signed
ks_barcelona+ks_toyota_ae86_drift,ks_barcelona,ks_toyota_ae86_drift,100,regularized,SlipAngle_rear_minus_front,time_mean,deg,5,0.5164062638887774,0.0083987959728064,0.5154756765223686,0.5085812317757581,0.5305043977560733,"Across-run descriptive statistics; n is finite contributing runs, not telemetry samples",Barcelona/AE86,rear_front_slip_signed
ks_barcelona+ks_toyota_supra_mkiv_drift,ks_barcelona,ks_toyota_supra_mkiv_drift,80,regularized,SlipAngle_rear_minus_front,time_mean,deg,5,0.1822663810522646,0.0017399539294846,0.1814592178800178,0.1807763033846772,0.1843620635968733,"Across-run descriptive statistics; n is finite contributing runs, not telemetry samples",Barcelona/Supra,rear_front_slip_signed
ks_barcelona+ks_toyota_supra_mkiv_drift,ks_barcelona,ks_toyota_supra_mkiv_drift,85,regularized,SlipAngle_rear_minus_front,time_mean,deg,5,0.2158309304102564,0.0041959768086042,0.2174335764549274,0.2099030828781103,0.2207717266467439,"Across-run descriptive statistics; n is finite contributing runs, not telemetry samples",Barcelona/Supra,rear_front_slip_signed
ks_barcelona+ks_toyota_supra_mkiv_drift,ks_barcelona,ks_toyota_supra_mkiv_drift,90,regularized,SlipAngle_rear_minus_front,time_mean,deg,5,0.3526279546715591,0.0037573431398884,0.3531134585532813,0.3484223955375827,0.3569859496555513,"Across-run descriptive statistics; n is finite contributing runs, not telemetry samples",Barcelona/Supra,rear_front_slip_signed
ks_barcelona+ks_toyota_supra_mkiv_drift,ks_barcelona,ks_toyota_supra_mkiv_drift,95,regularized,SlipAngle_rear_minus_front,time_mean,deg,5,0.4849926763213436,0.0310867512198295,0.4748603007732025,0.4606502996699277,0.5391506274055192,"Across-run descriptive statistics; n is finite contributing runs, not telemetry samples",Barcelona/Supra,rear_front_slip_signed
ks_barcelona+ks_toyota_supra_mkiv_drift,ks_barcelona,ks_toyota_supra_mkiv_drift,100,regularized,SlipAngle_rear_minus_front,time_mean,deg,5,0.686545422236809,0.0148512181141679,0.6788757777435744,0.674742008643206,0.708110260204973,"Across-run descriptive statistics; n is finite contributing runs, not telemetry samples",Barcelona/Supra,rear_front_slip_signed
ks_silverstone1967+ks_toyota_ae86_drift,ks_silverstone1967,ks_toyota_ae86_drift,80,regularized,SlipAngle_rear_minus_front,time_mean,deg,5,0.1784120497262301,0.0027906288608642,0.1773361327414729,0.1760785095297715,0.18281986887935,"Across-run descriptive statistics; n is finite contributing runs, not telemetry samples",Silverstone/AE86,rear_front_slip_signed
ks_silverstone1967+ks_toyota_ae86_drift,ks_silverstone1967,ks_toyota_ae86_drift,85,regularized,SlipAngle_rear_minus_front,time_mean,deg,5,0.2417525217783929,0.0034015340624184,0.2409683914939226,0.2388818047666325,0.2470913674305767,"Across-run descriptive statistics; n is finite contributing runs, not telemetry samples",Silverstone/AE86,rear_front_slip_signed
ks_silverstone1967+ks_toyota_ae86_drift,ks_silverstone1967,ks_toyota_ae86_drift,90,regularized,SlipAngle_rear_minus_front,time_mean,deg,5,0.3615741586380362,0.002125980266691,0.3623329088227777,0.359071939242594,0.3642972290071539,"Across-run descriptive statistics; n is finite contributing runs, not telemetry samples",Silverstone/AE86,rear_front_slip_signed
ks_silverstone1967+ks_toyota_ae86_drift,ks_silverstone1967,ks_toyota_ae86_drift,95,regularized,SlipAngle_rear_minus_front,time_mean,deg,5,0.6477735276448334,0.0182065982964332,0.6560434890748399,0.6221889250804614,0.6674302009126033,"Across-run descriptive statistics; n is finite contributing runs, not telemetry samples",Silverstone/AE86,rear_front_slip_signed
ks_silverstone1967+ks_toyota_ae86_drift,ks_silverstone1967,ks_toyota_ae86_drift,100,regularized,SlipAngle_rear_minus_front,time_mean,deg,5,0.854108226347291,0.0077815943962371,0.853628502963451,0.8425773296108786,0.8633122276644066,"Across-run descriptive statistics; n is finite contributing runs, not telemetry samples",Silverstone/AE86,rear_front_slip_signed
ks_silverstone1967+ks_toyota_supra_mkiv_drift,ks_silverstone1967,ks_toyota_supra_mkiv_drift,80,regularized,SlipAngle_rear_minus_front,time_mean,deg,5,0.1732091369731287,0.00213444119626,0.1734678190716591,0.169990051827765,0.1759656382792725,"Across-run descriptive statistics; n is finite contributing runs, not telemetry samples",Silverstone/Supra,rear_front_slip_signed
ks_silverstone1967+ks_toyota_supra_mkiv_drift,ks_silverstone1967,ks_toyota_supra_mkiv_drift,85,regularized,SlipAngle_rear_minus_front,time_mean,deg,5,0.2046717163570273,0.0028930177635584,0.2060550226492066,0.201523341011445,0.2078875541547138,"Across-run descriptive statistics; n is finite contributing runs, not telemetry samples",Silverstone/Supra,rear_front_slip_signed
ks_silverstone1967+ks_toyota_supra_mkiv_drift,ks_silverstone1967,ks_toyota_supra_mkiv_drift,90,regularized,SlipAngle_rear_minus_front,time_mean,deg,5,0.2883975238663445,0.0183592050496398,0.2974539895350576,0.2685644076165063,0.3062537047780441,"Across-run descriptive statistics; n is finite contributing runs, not telemetry samples",Silverstone/Supra,rear_front_slip_signed
ks_silverstone1967+ks_toyota_supra_mkiv_drift,ks_silverstone1967,ks_toyota_supra_mkiv_drift,95,regularized,SlipAngle_rear_minus_front,time_mean,deg,5,0.5587289956160663,0.0108406138771625,0.5580893995164493,0.5488325019644269,0.5766967285357145,"Across-run descriptive statistics; n is finite contributing runs, not telemetry samples",Silverstone/Supra,rear_front_slip_signed
ks_silverstone1967+ks_toyota_supra_mkiv_drift,ks_silverstone1967,ks_toyota_supra_mkiv_drift,100,regularized,SlipAngle_rear_minus_front,time_mean,deg,5,0.8164904982148571,0.0225237690266706,0.8068697575557163,0.8008716853559008,0.8554442893525016,"Across-run descriptive statistics; n is finite contributing runs, not telemetry samples",Silverstone/Supra,rear_front_slip_signed
ks_barcelona+ks_toyota_ae86_drift,ks_barcelona,ks_toyota_ae86_drift,80,regularized,speed_derivative_m_s2,time_rms,m/s^2,5,3.2825893591715576,0.0120921132862832,3.2892547220692068,3.265832481822024,3.2941454395334104,"Across-run descriptive statistics; n is finite contributing runs, not telemetry samples",Barcelona/AE86,accel_rms
ks_barcelona+ks_toyota_ae86_drift,ks_barcelona,ks_toyota_ae86_drift,85,regularized,speed_derivative_m_s2,time_rms,m/s^2,5,3.415248677916309,0.0029030912258112,3.413994659404986,3.4124829001599357,3.419082354472146,"Across-run descriptive statistics; n is finite contributing runs, not telemetry samples",Barcelona/AE86,accel_rms
ks_barcelona+ks_toyota_ae86_drift,ks_barcelona,ks_toyota_ae86_drift,90,regularized,speed_derivative_m_s2,time_rms,m/s^2,5,3.608387782440089,0.0064568810016369,3.6092372228061778,3.6002667217652693,3.6162358998594666,"Across-run descriptive statistics; n is finite contributing runs, not telemetry samples",Barcelona/AE86,accel_rms
ks_barcelona+ks_toyota_ae86_drift,ks_barcelona,ks_toyota_ae86_drift,95,regularized,speed_derivative_m_s2,time_rms,m/s^2,5,3.71451859716454,0.0145439888330085,3.7083641959157343,3.7009885047799616,3.73422823921823,"Across-run descriptive statistics; n is finite contributing runs, not telemetry samples",Barcelona/AE86,accel_rms
ks_barcelona+ks_toyota_ae86_drift,ks_barcelona,ks_toyota_ae86_drift,100,regularized,speed_derivative_m_s2,time_rms,m/s^2,5,3.6764729187842966,0.0029110522467119,3.6757462546924673,3.673628774667654,3.681145605336276,"Across-run descriptive statistics; n is finite contributing runs, not telemetry samples",Barcelona/AE86,accel_rms
ks_barcelona+ks_toyota_supra_mkiv_drift,ks_barcelona,ks_toyota_supra_mkiv_drift,80,regularized,speed_derivative_m_s2,time_rms,m/s^2,5,4.170910863967476,0.0146236667216443,4.163256400739529,4.162208104689197,4.196550948334012,"Across-run descriptive statistics; n is finite contributing runs, not telemetry samples",Barcelona/Supra,accel_rms
ks_barcelona+ks_toyota_supra_mkiv_drift,ks_barcelona,ks_toyota_supra_mkiv_drift,85,regularized,speed_derivative_m_s2,time_rms,m/s^2,5,4.520021090799522,0.009229466283594,4.524088320515944,4.509020402914844,4.529434881058835,"Across-run descriptive statistics; n is finite contributing runs, not telemetry samples",Barcelona/Supra,accel_rms
ks_barcelona+ks_toyota_supra_mkiv_drift,ks_barcelona,ks_toyota_supra_mkiv_drift,90,regularized,speed_derivative_m_s2,time_rms,m/s^2,5,4.757098424821001,0.0098854056845083,4.752900310984798,4.746969804012273,4.771361836107039,"Across-run descriptive statistics; n is finite contributing runs, not telemetry samples",Barcelona/Supra,accel_rms
ks_barcelona+ks_toyota_supra_mkiv_drift,ks_barcelona,ks_toyota_supra_mkiv_drift,95,regularized,speed_derivative_m_s2,time_rms,m/s^2,5,4.8284093282535006,0.0288578865635158,4.820477060318793,4.801827133733662,4.876528250180842,"Across-run descriptive statistics; n is finite contributing runs, not telemetry samples",Barcelona/Supra,accel_rms
ks_barcelona+ks_toyota_supra_mkiv_drift,ks_barcelona,ks_toyota_supra_mkiv_drift,100,regularized,speed_derivative_m_s2,time_rms,m/s^2,5,4.877836086820248,0.0229670112682019,4.871198192495405,4.84754516989579,4.901340085893862,"Across-run descriptive statistics; n is finite contributing runs, not telemetry samples",Barcelona/Supra,accel_rms
ks_silverstone1967+ks_toyota_ae86_drift,ks_silverstone1967,ks_toyota_ae86_drift,80,regularized,speed_derivative_m_s2,time_rms,m/s^2,5,3.008709479447257,0.0019812076430106,3.007702239633032,3.0072568480764748,3.011968381595466,"Across-run descriptive statistics; n is finite contributing runs, not telemetry samples",Silverstone/AE86,accel_rms
ks_silverstone1967+ks_toyota_ae86_drift,ks_silverstone1967,ks_toyota_ae86_drift,85,regularized,speed_derivative_m_s2,time_rms,m/s^2,5,3.170197729651611,0.0014727781866697,3.1696117051680317,3.169115079786068,3.172778951340054,"Across-run descriptive statistics; n is finite contributing runs, not telemetry samples",Silverstone/AE86,accel_rms
ks_silverstone1967+ks_toyota_ae86_drift,ks_silverstone1967,ks_toyota_ae86_drift,90,regularized,speed_derivative_m_s2,time_rms,m/s^2,5,3.3595543852657483,0.0031299145820537,3.3589077596912578,3.3565011507747724,3.3648092850947817,"Across-run descriptive statistics; n is finite contributing runs, not telemetry samples",Silverstone/AE86,accel_rms
ks_silverstone1967+ks_toyota_ae86_drift,ks_silverstone1967,ks_toyota_ae86_drift,95,regularized,speed_derivative_m_s2,time_rms,m/s^2,5,3.273775720314083,0.0052509150544514,3.272418231835312,3.2677591993866977,3.2799257728684275,"Across-run descriptive statistics; n is finite contributing runs, not telemetry samples",Silverstone/AE86,accel_rms
ks_silverstone1967+ks_toyota_ae86_drift,ks_silverstone1967,ks_toyota_ae86_drift,100,regularized,speed_derivative_m_s2,time_rms,m/s^2,5,3.3665949613148234,0.0105896917021064,3.3703702810186567,3.347870186998946,3.3740162623242185,"Across-run descriptive statistics; n is finite contributing runs, not telemetry samples",Silverstone/AE86,accel_rms
ks_silverstone1967+ks_toyota_supra_mkiv_drift,ks_silverstone1967,ks_toyota_supra_mkiv_drift,80,regularized,speed_derivative_m_s2,time_rms,m/s^2,5,3.862060277105722,0.0154222219281282,3.866551799532596,3.8353420294193024,3.8728764680512255,"Across-run descriptive statistics; n is finite contributing runs, not telemetry samples",Silverstone/Supra,accel_rms
ks_silverstone1967+ks_toyota_supra_mkiv_drift,ks_silverstone1967,ks_toyota_supra_mkiv_drift,85,regularized,speed_derivative_m_s2,time_rms,m/s^2,5,4.284791677367446,0.0032398511221867,4.286032807499775,4.281121947425313,4.2885378900640445,"Across-run descriptive statistics; n is finite contributing runs, not telemetry samples",Silverstone/Supra,accel_rms
ks_silverstone1967+ks_toyota_supra_mkiv_drift,ks_silverstone1967,ks_toyota_supra_mkiv_drift,90,regularized,speed_derivative_m_s2,time_rms,m/s^2,5,4.599755827111751,0.0044078345725527,4.601105149399119,4.592298248131404,4.603887314861801,"Across-run descriptive statistics; n is finite contributing runs, not telemetry samples",Silverstone/Supra,accel_rms
ks_silverstone1967+ks_toyota_supra_mkiv_drift,ks_silverstone1967,ks_toyota_supra_mkiv_drift,95,regularized,speed_derivative_m_s2,time_rms,m/s^2,5,4.527283471616601,0.0056265894341235,4.5307342061969,4.51959424473231,4.532095382452533,"Across-run descriptive statistics; n is finite contributing runs, not telemetry samples",Silverstone/Supra,accel_rms
ks_silverstone1967+ks_toyota_supra_mkiv_drift,ks_silverstone1967,ks_toyota_supra_mkiv_drift,100,regularized,speed_derivative_m_s2,time_rms,m/s^2,5,4.558492391109249,0.0070826544485064,4.556626809978557,4.552433825372716,4.569962904795657,"Across-run descriptive statistics; n is finite contributing runs, not telemetry samples",Silverstone/Supra,accel_rms
ks_barcelona+ks_toyota_ae86_drift,ks_barcelona,ks_toyota_ae86_drift,80,lap,lap,path_length_xz_m,m,5,4678.1838983189,0.0945092557362847,4678.220489612995,4678.046625220003,4678.266784646176,"Across-run descriptive statistics; n is finite contributing runs, not telemetry samples",Barcelona/AE86,path_length_m
ks_barcelona+ks_toyota_ae86_drift,ks_barcelona,ks_toyota_ae86_drift,85,lap,lap,path_length_xz_m,m,5,4679.2173538802535,0.1678420869825567,4679.1357728111225,4679.046296507174,4679.427907967332,"Across-run descriptive statistics; n is finite contributing runs, not telemetry samples",Barcelona/AE86,path_length_m
ks_barcelona+ks_toyota_ae86_drift,ks_barcelona,ks_toyota_ae86_drift,90,lap,lap,path_length_xz_m,m,5,4681.130636760235,0.1026106967725872,4681.129952889026,4680.9939288376645,4681.272304562341,"Across-run descriptive statistics; n is finite contributing runs, not telemetry samples",Barcelona/AE86,path_length_m
ks_barcelona+ks_toyota_ae86_drift,ks_barcelona,ks_toyota_ae86_drift,95,lap,lap,path_length_xz_m,m,5,4684.86508514875,0.3055621872443922,4684.855749008002,4684.5036149302905,4685.230677050337,"Across-run descriptive statistics; n is finite contributing runs, not telemetry samples",Barcelona/AE86,path_length_m
ks_barcelona+ks_toyota_ae86_drift,ks_barcelona,ks_toyota_ae86_drift,100,lap,lap,path_length_xz_m,m,5,4692.069798031653,0.3294621367846287,4692.003647920303,4691.643540020063,4692.546960923424,"Across-run descriptive statistics; n is finite contributing runs, not telemetry samples",Barcelona/AE86,path_length_m
ks_barcelona+ks_toyota_supra_mkiv_drift,ks_barcelona,ks_toyota_supra_mkiv_drift,80,lap,lap,path_length_xz_m,m,5,4675.312267115788,0.1821478508318615,4675.292665020116,4675.131598306271,4675.605000456731,"Across-run descriptive statistics; n is finite contributing runs, not telemetry samples",Barcelona/Supra,path_length_m
ks_barcelona+ks_toyota_supra_mkiv_drift,ks_barcelona,ks_toyota_supra_mkiv_drift,85,lap,lap,path_length_xz_m,m,5,4676.360470775746,0.130046544082242,4676.324203657948,4676.201390253923,4676.544197112643,"Across-run descriptive statistics; n is finite contributing runs, not telemetry samples",Barcelona/Supra,path_length_m
ks_barcelona+ks_toyota_supra_mkiv_drift,ks_barcelona,ks_toyota_supra_mkiv_drift,90,lap,lap,path_length_xz_m,m,5,4678.041093370751,0.1638589633232444,4678.007555836746,4677.854559053308,4678.210935269852,"Across-run descriptive statistics; n is finite contributing runs, not telemetry samples",Barcelona/Supra,path_length_m
ks_barcelona+ks_toyota_supra_mkiv_drift,ks_barcelona,ks_toyota_supra_mkiv_drift,95,lap,lap,path_length_xz_m,m,5,4680.891334464246,0.5371013078633634,4680.978937241093,4680.015888476548,4681.325218799974,"Across-run descriptive statistics; n is finite contributing runs, not telemetry samples",Barcelona/Supra,path_length_m
ks_barcelona+ks_toyota_supra_mkiv_drift,ks_barcelona,ks_toyota_supra_mkiv_drift,100,lap,lap,path_length_xz_m,m,5,4685.692652020547,0.2809688556408003,4685.728189821779,4685.320189837529,4686.011339107265,"Across-run descriptive statistics; n is finite contributing runs, not telemetry samples",Barcelona/Supra,path_length_m
ks_silverstone1967+ks_toyota_ae86_drift,ks_silverstone1967,ks_toyota_ae86_drift,80,lap,lap,path_length_xz_m,m,5,4744.881567161889,0.3685111784445389,4745.018131473476,4744.288130560902,4745.212034961753,"Across-run descriptive statistics; n is finite contributing runs, not telemetry samples",Silverstone/AE86,path_length_m
ks_silverstone1967+ks_toyota_ae86_drift,ks_silverstone1967,ks_toyota_ae86_drift,85,lap,lap,path_length_xz_m,m,5,4745.096053122796,0.7319374457778608,4745.23954518666,4744.123915528327,4745.844086201901,"Across-run descriptive statistics; n is finite contributing runs, not telemetry samples",Silverstone/AE86,path_length_m
ks_silverstone1967+ks_toyota_ae86_drift,ks_silverstone1967,ks_toyota_ae86_drift,90,lap,lap,path_length_xz_m,m,5,4746.28401238926,0.5168298168525199,4746.564008231831,4745.47361949495,4746.662505117215,"Across-run descriptive statistics; n is finite contributing runs, not telemetry samples",Silverstone/AE86,path_length_m
ks_silverstone1967+ks_toyota_ae86_drift,ks_silverstone1967,ks_toyota_ae86_drift,95,lap,lap,path_length_xz_m,m,5,4748.187806207224,0.5494937313305358,4748.506728402746,4747.36740516648,4748.626876133811,"Across-run descriptive statistics; n is finite contributing runs, not telemetry samples",Silverstone/AE86,path_length_m
ks_silverstone1967+ks_toyota_ae86_drift,ks_silverstone1967,ks_toyota_ae86_drift,100,lap,lap,path_length_xz_m,m,5,4756.783001125522,0.8830538319834671,4756.587288031371,4755.582915332683,4757.835124881085,"Across-run descriptive statistics; n is finite contributing runs, not telemetry samples",Silverstone/AE86,path_length_m
ks_silverstone1967+ks_toyota_supra_mkiv_drift,ks_silverstone1967,ks_toyota_supra_mkiv_drift,80,lap,lap,path_length_xz_m,m,5,4742.733977196759,0.4123256964775902,4742.614951315039,4742.258258671092,4743.341332093791,"Across-run descriptive statistics; n is finite contributing runs, not telemetry samples",Silverstone/Supra,path_length_m
ks_silverstone1967+ks_toyota_supra_mkiv_drift,ks_silverstone1967,ks_toyota_supra_mkiv_drift,85,lap,lap,path_length_xz_m,m,5,4743.556700237115,0.5706922799476866,4743.769450263528,4742.770197591132,4744.123182078894,"Across-run descriptive statistics; n is finite contributing runs, not telemetry samples",Silverstone/Supra,path_length_m
ks_silverstone1967+ks_toyota_supra_mkiv_drift,ks_silverstone1967,ks_toyota_supra_mkiv_drift,90,lap,lap,path_length_xz_m,m,5,4744.250299063448,0.416675226960694,4744.2628168815645,4743.752446449476,4744.702803930568,"Across-run descriptive statistics; n is finite contributing runs, not telemetry samples",Silverstone/Supra,path_length_m
ks_silverstone1967+ks_toyota_supra_mkiv_drift,ks_silverstone1967,ks_toyota_supra_mkiv_drift,95,lap,lap,path_length_xz_m,m,5,4745.729771095188,0.5410364611378131,4745.617093708017,4745.233229178283,4746.564257109293,"Across-run descriptive statistics; n is finite contributing runs, not telemetry samples",Silverstone/Supra,path_length_m
ks_silverstone1967+ks_toyota_supra_mkiv_drift,ks_silverstone1967,ks_toyota_supra_mkiv_drift,100,lap,lap,path_length_xz_m,m,5,4749.429393345336,0.9052515775382944,4749.147912956865,4748.59281451196,4750.672332603521,"Across-run descriptive statistics; n is finite contributing runs, not telemetry samples",Silverstone/Supra,path_length_m
ks_barcelona+ks_toyota_ae86_drift,ks_barcelona,ks_toyota_ae86_drift,80,lap,lap,speed_integrated_distance_m,m,5,4679.961562032673,0.141543677401333,4679.907577971363,4679.815848432584,4680.161504821252,"Across-run descriptive statistics; n is finite contributing runs, not telemetry samples",Barcelona/AE86,speed_distance_m
ks_barcelona+ks_toyota_ae86_drift,ks_barcelona,ks_toyota_ae86_drift,85,lap,lap,speed_integrated_distance_m,m,5,4680.98721785802,0.118036605091924,4681.009258076199,4680.805712209582,4681.111774424128,"Across-run descriptive statistics; n is finite contributing runs, not telemetry samples",Barcelona/AE86,speed_distance_m
ks_barcelona+ks_toyota_ae86_drift,ks_barcelona,ks_toyota_ae86_drift,90,lap,lap,speed_integrated_distance_m,m,5,4682.99771248282,0.0633485584239495,4682.965312083807,4682.930048290607,4683.076656430178,"Across-run descriptive statistics; n is finite contributing runs, not telemetry samples",Barcelona/AE86,speed_distance_m
ks_barcelona+ks_toyota_ae86_drift,ks_barcelona,ks_toyota_ae86_drift,95,lap,lap,speed_integrated_distance_m,m,5,4686.662726468368,0.2874440486888212,4686.698790544481,4686.200928706195,4686.9437741502425,"Across-run descriptive statistics; n is finite contributing runs, not telemetry samples",Barcelona/AE86,speed_distance_m
ks_barcelona+ks_toyota_ae86_drift,ks_barcelona,ks_toyota_ae86_drift,100,lap,lap,speed_integrated_distance_m,m,5,4693.82040792967,0.2886349605767853,4693.7011532231445,4693.513297133631,4694.244629287962,"Across-run descriptive statistics; n is finite contributing runs, not telemetry samples",Barcelona/AE86,speed_distance_m
ks_barcelona+ks_toyota_supra_mkiv_drift,ks_barcelona,ks_toyota_supra_mkiv_drift,80,lap,lap,speed_integrated_distance_m,m,5,4677.059348585446,0.1543208697795784,4676.971006804556,4676.924072425292,4677.247616086448,"Across-run descriptive statistics; n is finite contributing runs, not telemetry samples",Barcelona/Supra,speed_distance_m
ks_barcelona+ks_toyota_supra_mkiv_drift,ks_barcelona,ks_toyota_supra_mkiv_drift,85,lap,lap,speed_integrated_distance_m,m,5,4678.176123270974,0.132491968944777,4678.160848517767,4678.03140043411,4678.37211015192,"Across-run descriptive statistics; n is finite contributing runs, not telemetry samples",Barcelona/Supra,speed_distance_m
ks_barcelona+ks_toyota_supra_mkiv_drift,ks_barcelona,ks_toyota_supra_mkiv_drift,90,lap,lap,speed_integrated_distance_m,m,5,4679.848051316194,0.1242353775575755,4679.822882593922,4679.694179053946,4679.986139146081,"Across-run descriptive statistics; n is finite contributing runs, not telemetry samples",Barcelona/Supra,speed_distance_m
ks_barcelona+ks_toyota_supra_mkiv_drift,ks_barcelona,ks_toyota_supra_mkiv_drift,95,lap,lap,speed_integrated_distance_m,m,5,4682.678772475888,0.5162534580292738,4682.674797495864,4681.872088769585,4683.190199900833,"Across-run descriptive statistics; n is finite contributing runs, not telemetry samples",Barcelona/Supra,speed_distance_m
ks_barcelona+ks_toyota_supra_mkiv_drift,ks_barcelona,ks_toyota_supra_mkiv_drift,100,lap,lap,speed_integrated_distance_m,m,5,4687.526683024628,0.3296982919477099,4687.517804338971,4687.106799937367,4687.904221471898,"Across-run descriptive statistics; n is finite contributing runs, not telemetry samples",Barcelona/Supra,speed_distance_m
ks_silverstone1967+ks_toyota_ae86_drift,ks_silverstone1967,ks_toyota_ae86_drift,80,lap,lap,speed_integrated_distance_m,m,5,4744.790630265587,0.3262361010809373,4744.945769771077,4744.291367000523,4745.119414741156,"Across-run descriptive statistics; n is finite contributing runs, not telemetry samples",Silverstone/AE86,speed_distance_m
ks_silverstone1967+ks_toyota_ae86_drift,ks_silverstone1967,ks_toyota_ae86_drift,85,lap,lap,speed_integrated_distance_m,m,5,4745.044315025829,0.6591065466004169,4745.146202324009,4744.147907137744,4745.769843596836,"Across-run descriptive statistics; n is finite contributing runs, not telemetry samples",Silverstone/AE86,speed_distance_m
ks_silverstone1967+ks_toyota_ae86_drift,ks_silverstone1967,ks_toyota_ae86_drift,90,lap,lap,speed_integrated_distance_m,m,5,4746.252990938485,0.4761535987132185,4746.424974774698,4745.546142341838,4746.741957248491,"Across-run descriptive statistics; n is finite contributing runs, not telemetry samples",Silverstone/AE86,speed_distance_m
ks_silverstone1967+ks_toyota_ae86_drift,ks_silverstone1967,ks_toyota_ae86_drift,95,lap,lap,speed_integrated_distance_m,m,5,4748.169101497248,0.441904255967765,4748.336038817983,4747.536370855896,4748.624580260016,"Across-run descriptive statistics; n is finite contributing runs, not telemetry samples",Silverstone/AE86,speed_distance_m
ks_silverstone1967+ks_toyota_ae86_drift,ks_silverstone1967,ks_toyota_ae86_drift,100,lap,lap,speed_integrated_distance_m,m,5,4756.716532560005,0.8690529986412663,4756.51049116468,4755.53305710158,4757.831999631237,"Across-run descriptive statistics; n is finite contributing runs, not telemetry samples",Silverstone/AE86,speed_distance_m
ks_silverstone1967+ks_toyota_supra_mkiv_drift,ks_silverstone1967,ks_toyota_supra_mkiv_drift,80,lap,lap,speed_integrated_distance_m,m,5,4742.690248852343,0.3688530114019113,4742.532608524389,4742.304094477174,4743.248752374293,"Across-run descriptive statistics; n is finite contributing runs, not telemetry samples",Silverstone/Supra,speed_distance_m
ks_silverstone1967+ks_toyota_supra_mkiv_drift,ks_silverstone1967,ks_toyota_supra_mkiv_drift,85,lap,lap,speed_integrated_distance_m,m,5,4743.605799217772,0.5372868374106653,4743.868111965795,4742.866464750276,4744.101463559924,"Across-run descriptive statistics; n is finite contributing runs, not telemetry samples",Silverstone/Supra,speed_distance_m
ks_silverstone1967+ks_toyota_supra_mkiv_drift,ks_silverstone1967,ks_toyota_supra_mkiv_drift,90,lap,lap,speed_integrated_distance_m,m,5,4744.146536159244,0.5196181459447852,4744.356691510065,4743.478222950274,4744.63298523426,"Across-run descriptive statistics; n is finite contributing runs, not telemetry samples",Silverstone/Supra,speed_distance_m
ks_silverstone1967+ks_toyota_supra_mkiv_drift,ks_silverstone1967,ks_toyota_supra_mkiv_drift,95,lap,lap,speed_integrated_distance_m,m,5,4745.634210685637,0.5906750848894428,4745.517754154818,4744.861702878344,4746.422110953496,"Across-run descriptive statistics; n is finite contributing runs, not telemetry samples",Silverstone/Supra,speed_distance_m
ks_silverstone1967+ks_toyota_supra_mkiv_drift,ks_silverstone1967,ks_toyota_supra_mkiv_drift,100,lap,lap,speed_integrated_distance_m,m,5,4749.3809405228285,0.8727751300259483,4749.101678484865,4748.590964964011,4750.704663851943,"Across-run descriptive statistics; n is finite contributing runs, not telemetry samples",Silverstone/Supra,speed_distance_m
ks_barcelona+ks_toyota_ae86_drift,ks_barcelona,ks_toyota_ae86_drift,80,regularized,path_curvature_abs_m_inv,time_mean,1/m,5,0.0070219783555658,7.06745412034879e-06,0.0070217839002942,0.0070132796407903,0.0070317728093275,"Across-run descriptive statistics; n is finite contributing runs, not telemetry samples",Barcelona/AE86,path_curvature_mean
ks_barcelona+ks_toyota_ae86_drift,ks_barcelona,ks_toyota_ae86_drift,85,regularized,path_curvature_abs_m_inv,time_mean,1/m,5,0.007030367285508,7.000505983410993e-06,0.0070293745651115,0.007022537692648,0.0070392358885384,"Across-run descriptive statistics; n is finite contributing runs, not telemetry samples",Barcelona/AE86,path_curvature_mean
ks_barcelona+ks_toyota_ae86_drift,ks_barcelona,ks_toyota_ae86_drift,90,regularized,path_curvature_abs_m_inv,time_mean,1/m,5,0.0070532973172432,7.0335008386335565e-06,0.0070515365329508,0.0070452730298703,0.0070628297325725,"Across-run descriptive statistics; n is finite contributing runs, not telemetry samples",Barcelona/AE86,path_curvature_mean
ks_barcelona+ks_toyota_ae86_drift,ks_barcelona,ks_toyota_ae86_drift,95,regularized,path_curvature_abs_m_inv,time_mean,1/m,5,0.0070810308050121,1.2515364497526405e-05,0.007076875701238,0.0070676902322886,0.0071012118943681,"Across-run descriptive statistics; n is finite contributing runs, not telemetry samples",Barcelona/AE86,path_curvature_mean
ks_barcelona+ks_toyota_ae86_drift,ks_barcelona,ks_toyota_ae86_drift,100,regularized,path_curvature_abs_m_inv,time_mean,1/m,5,0.0070577545315932,9.778014503801328e-06,0.0070587138366223,0.0070443969604949,0.0070708197421415,"Across-run descriptive statistics; n is finite contributing runs, not telemetry samples",Barcelona/AE86,path_curvature_mean
ks_barcelona+ks_toyota_supra_mkiv_drift,ks_barcelona,ks_toyota_supra_mkiv_drift,80,regularized,path_curvature_abs_m_inv,time_mean,1/m,5,0.0069990193397799,6.181411260374766e-06,0.0070006445477648,0.0069897941558701,0.0070045065202156,"Across-run descriptive statistics; n is finite contributing runs, not telemetry samples",Barcelona/Supra,path_curvature_mean
ks_barcelona+ks_toyota_supra_mkiv_drift,ks_barcelona,ks_toyota_supra_mkiv_drift,85,regularized,path_curvature_abs_m_inv,time_mean,1/m,5,0.0070494697695348,7.518483403551341e-06,0.007047545860047,0.007041784111287,0.0070613012189172,"Across-run descriptive statistics; n is finite contributing runs, not telemetry samples",Barcelona/Supra,path_curvature_mean
ks_barcelona+ks_toyota_supra_mkiv_drift,ks_barcelona,ks_toyota_supra_mkiv_drift,90,regularized,path_curvature_abs_m_inv,time_mean,1/m,5,0.0071191665971445,3.776152665968065e-06,0.007119387339332,0.0071150439529698,0.0071241197571806,"Across-run descriptive statistics; n is finite contributing runs, not telemetry samples",Barcelona/Supra,path_curvature_mean
ks_barcelona+ks_toyota_supra_mkiv_drift,ks_barcelona,ks_toyota_supra_mkiv_drift,95,regularized,path_curvature_abs_m_inv,time_mean,1/m,5,0.0071488478992419,9.735138728196574e-06,0.0071544493589066,0.0071376754012787,0.0071582911729112,"Across-run descriptive statistics; n is finite contributing runs, not telemetry samples",Barcelona/Supra,path_curvature_mean
ks_barcelona+ks_toyota_supra_mkiv_drift,ks_barcelona,ks_toyota_supra_mkiv_drift,100,regularized,path_curvature_abs_m_inv,time_mean,1/m,5,0.0071787456175078,1.1518482474775623e-05,0.0071744892394606,0.0071645514352216,0.0071925886969477,"Across-run descriptive statistics; n is finite contributing runs, not telemetry samples",Barcelona/Supra,path_curvature_mean
ks_silverstone1967+ks_toyota_ae86_drift,ks_silverstone1967,ks_toyota_ae86_drift,80,regularized,path_curvature_abs_m_inv,time_mean,1/m,5,0.0030665084221254,6.971167937664727e-06,0.0030657787146749,0.0030604715191755,0.0030780860821453,"Across-run descriptive statistics; n is finite contributing runs, not telemetry samples",Silverstone/AE86,path_curvature_mean
ks_silverstone1967+ks_toyota_ae86_drift,ks_silverstone1967,ks_toyota_ae86_drift,85,regularized,path_curvature_abs_m_inv,time_mean,1/m,5,0.0030823748942701,3.942079259158369e-06,0.0030828463160795,0.0030762719672938,0.0030859457882277,"Across-run descriptive statistics; n is finite contributing runs, not telemetry samples",Silverstone/AE86,path_curvature_mean
ks_silverstone1967+ks_toyota_ae86_drift,ks_silverstone1967,ks_toyota_ae86_drift,90,regularized,path_curvature_abs_m_inv,time_mean,1/m,5,0.0030942309302052,3.2240257725699565e-06,0.0030937005256574,0.0030908723748667,0.0030995890252816,"Across-run descriptive statistics; n is finite contributing runs, not telemetry samples",Silverstone/AE86,path_curvature_mean
ks_silverstone1967+ks_toyota_ae86_drift,ks_silverstone1967,ks_toyota_ae86_drift,95,regularized,path_curvature_abs_m_inv,time_mean,1/m,5,0.0030974571877024,6.933852106715083e-06,0.0030952588401156,0.0030890704308892,0.0031065118796451,"Across-run descriptive statistics; n is finite contributing runs, not telemetry samples",Silverstone/AE86,path_curvature_mean
ks_silverstone1967+ks_toyota_ae86_drift,ks_silverstone1967,ks_toyota_ae86_drift,100,regularized,path_curvature_abs_m_inv,time_mean,1/m,5,0.0032511434418999,1.2073666767384916e-05,0.003254255441276,0.003234341893491,0.0032640813719352,"Across-run descriptive statistics; n is finite contributing runs, not telemetry samples",Silverstone/AE86,path_curvature_mean
ks_silverstone1967+ks_toyota_supra_mkiv_drift,ks_silverstone1967,ks_toyota_supra_mkiv_drift,80,regularized,path_curvature_abs_m_inv,time_mean,1/m,5,0.0030904711420887,4.648834847159145e-06,0.0030886446023813,0.0030869770853144,0.0030985791295486,"Across-run descriptive statistics; n is finite contributing runs, not telemetry samples",Silverstone/Supra,path_curvature_mean
ks_silverstone1967+ks_toyota_supra_mkiv_drift,ks_silverstone1967,ks_toyota_supra_mkiv_drift,85,regularized,path_curvature_abs_m_inv,time_mean,1/m,5,0.0031318745631591,5.60222864788064e-06,0.0031317304936603,0.0031259393946495,0.0031392599547236,"Across-run descriptive statistics; n is finite contributing runs, not telemetry samples",Silverstone/Supra,path_curvature_mean
ks_silverstone1967+ks_toyota_supra_mkiv_drift,ks_silverstone1967,ks_toyota_supra_mkiv_drift,90,regularized,path_curvature_abs_m_inv,time_mean,1/m,5,0.0031637322714442,8.873670435271035e-06,0.003161310980563,0.0031523193748737,0.0031763555469584,"Across-run descriptive statistics; n is finite contributing runs, not telemetry samples",Silverstone/Supra,path_curvature_mean
ks_silverstone1967+ks_toyota_supra_mkiv_drift,ks_silverstone1967,ks_toyota_supra_mkiv_drift,95,regularized,path_curvature_abs_m_inv,time_mean,1/m,5,0.0031664631023142,6.221865478654804e-06,0.0031680450932092,0.0031583068104349,0.0031728799018075,"Across-run descriptive statistics; n is finite contributing runs, not telemetry samples",Silverstone/Supra,path_curvature_mean
ks_silverstone1967+ks_toyota_supra_mkiv_drift,ks_silverstone1967,ks_toyota_supra_mkiv_drift,100,regularized,path_curvature_abs_m_inv,time_mean,1/m,5,0.0031796417035255,3.342315666839707e-06,0.0031797678471512,0.0031741434242891,0.0031824050617175,"Across-run descriptive statistics; n is finite contributing runs, not telemetry samples",Silverstone/Supra,path_curvature_mean
ks_barcelona+ks_toyota_ae86_drift,ks_barcelona,ks_toyota_ae86_drift,80,regularized,yaw_rate_rad_s,time_mean_abs,rad/s,5,0.1584045646175893,0.000233986264494,0.1584282885657229,0.1580448634120431,0.1586647944997167,"Across-run descriptive statistics; n is finite contributing runs, not telemetry samples",Barcelona/AE86,yaw_rate_abs_mean
ks_barcelona+ks_toyota_ae86_drift,ks_barcelona,ks_toyota_ae86_drift,85,regularized,yaw_rate_rad_s,time_mean_abs,rad/s,5,0.1663768104435949,0.0002250900111798,0.1664747427834787,0.1660279376993472,0.1665593010357144,"Across-run descriptive statistics; n is finite contributing runs, not telemetry samples",Barcelona/AE86,yaw_rate_abs_mean
ks_barcelona+ks_toyota_ae86_drift,ks_barcelona,ks_toyota_ae86_drift,90,regularized,yaw_rate_rad_s,time_mean_abs,rad/s,5,0.1742480818926819,0.0002127327563988,0.1743524746715173,0.1738941946713081,0.1744129996693847,"Across-run descriptive statistics; n is finite contributing runs, not telemetry samples",Barcelona/AE86,yaw_rate_abs_mean
ks_barcelona+ks_toyota_ae86_drift,ks_barcelona,ks_toyota_ae86_drift,95,regularized,yaw_rate_rad_s,time_mean_abs,rad/s,5,0.1780930583209511,0.0004011203898907,0.1780269606615373,0.1775385371364517,0.1785225226831829,"Across-run descriptive statistics; n is finite contributing runs, not telemetry samples",Barcelona/AE86,yaw_rate_abs_mean
ks_barcelona+ks_toyota_ae86_drift,ks_barcelona,ks_toyota_ae86_drift,100,regularized,yaw_rate_rad_s,time_mean_abs,rad/s,5,0.1826707923870141,0.0002309884825501,0.1826386586708104,0.1823539612057887,0.1829755989608019,"Across-run descriptive statistics; n is finite contributing runs, not telemetry samples",Barcelona/AE86,yaw_rate_abs_mean
ks_barcelona+ks_toyota_supra_mkiv_drift,ks_barcelona,ks_toyota_supra_mkiv_drift,80,regularized,yaw_rate_rad_s,time_mean_abs,rad/s,5,0.1743452191137165,0.0005450108782546,0.1741738677161887,0.1738854793363276,0.1752861238999031,"Across-run descriptive statistics; n is finite contributing runs, not telemetry samples",Barcelona/Supra,yaw_rate_abs_mean
ks_barcelona+ks_toyota_supra_mkiv_drift,ks_barcelona,ks_toyota_supra_mkiv_drift,85,regularized,yaw_rate_rad_s,time_mean_abs,rad/s,5,0.1840216253639945,0.0001886736377698,0.1840565594426464,0.1837561715570828,0.1842668860836439,"Across-run descriptive statistics; n is finite contributing runs, not telemetry samples",Barcelona/Supra,yaw_rate_abs_mean
ks_barcelona+ks_toyota_supra_mkiv_drift,ks_barcelona,ks_toyota_supra_mkiv_drift,90,regularized,yaw_rate_rad_s,time_mean_abs,rad/s,5,0.1933304127265834,0.0001279520960736,0.1933524077759697,0.1931224821191819,0.1934677394974859,"Across-run descriptive statistics; n is finite contributing runs, not telemetry samples",Barcelona/Supra,yaw_rate_abs_mean
ks_barcelona+ks_toyota_supra_mkiv_drift,ks_barcelona,ks_toyota_supra_mkiv_drift,95,regularized,yaw_rate_rad_s,time_mean_abs,rad/s,5,0.1978629165273319,0.0004403254859501,0.1977922278923501,0.1973226972819913,0.198332133689941,"Across-run descriptive statistics; n is finite contributing runs, not telemetry samples",Barcelona/Supra,yaw_rate_abs_mean
ks_barcelona+ks_toyota_supra_mkiv_drift,ks_barcelona,ks_toyota_supra_mkiv_drift,100,regularized,yaw_rate_rad_s,time_mean_abs,rad/s,5,0.2023921607234975,0.0004404835900926,0.2022608045641787,0.2020250687110302,0.2031558144901505,"Across-run descriptive statistics; n is finite contributing runs, not telemetry samples",Barcelona/Supra,yaw_rate_abs_mean
ks_silverstone1967+ks_toyota_ae86_drift,ks_silverstone1967,ks_toyota_ae86_drift,80,regularized,yaw_rate_rad_s,time_mean_abs,rad/s,5,0.0914465066859051,0.000216361930725,0.0913428721400558,0.0912993630775176,0.0918245151288083,"Across-run descriptive statistics; n is finite contributing runs, not telemetry samples",Silverstone/AE86,yaw_rate_abs_mean
ks_silverstone1967+ks_toyota_ae86_drift,ks_silverstone1967,ks_toyota_ae86_drift,85,regularized,yaw_rate_rad_s,time_mean_abs,rad/s,5,0.0959937347618519,0.0003233265833743,0.0958611095455535,0.0956622133829751,0.0964479392701083,"Across-run descriptive statistics; n is finite contributing runs, not telemetry samples",Silverstone/AE86,yaw_rate_abs_mean
ks_silverstone1967+ks_toyota_ae86_drift,ks_silverstone1967,ks_toyota_ae86_drift,90,regularized,yaw_rate_rad_s,time_mean_abs,rad/s,5,0.1005514384928486,0.0002995398054781,0.1004333449991472,0.1003324755515541,0.1010778958540515,"Across-run descriptive statistics; n is finite contributing runs, not telemetry samples",Silverstone/AE86,yaw_rate_abs_mean
ks_silverstone1967+ks_toyota_ae86_drift,ks_silverstone1967,ks_toyota_ae86_drift,95,regularized,yaw_rate_rad_s,time_mean_abs,rad/s,5,0.1027602992094652,0.0002395004495676,0.1026313145788777,0.1025953528421652,0.103158545657262,"Across-run descriptive statistics; n is finite contributing runs, not telemetry samples",Silverstone/AE86,yaw_rate_abs_mean
ks_silverstone1967+ks_toyota_ae86_drift,ks_silverstone1967,ks_toyota_ae86_drift,100,regularized,yaw_rate_rad_s,time_mean_abs,rad/s,5,0.1077326634895031,0.000515247530904,0.1076305193856063,0.1070964679448083,0.1084817439283289,"Across-run descriptive statistics; n is finite contributing runs, not telemetry samples",Silverstone/AE86,yaw_rate_abs_mean
ks_silverstone1967+ks_toyota_supra_mkiv_drift,ks_silverstone1967,ks_toyota_supra_mkiv_drift,80,regularized,yaw_rate_rad_s,time_mean_abs,rad/s,5,0.1007764736638928,0.0001650670631606,0.1008467913997306,0.1004866520408368,0.1008888469620941,"Across-run descriptive statistics; n is finite contributing runs, not telemetry samples",Silverstone/Supra,yaw_rate_abs_mean
ks_silverstone1967+ks_toyota_supra_mkiv_drift,ks_silverstone1967,ks_toyota_supra_mkiv_drift,85,regularized,yaw_rate_rad_s,time_mean_abs,rad/s,5,0.1069235889757787,0.0002144173091594,0.1069158343543184,0.1066769638189227,0.1071571029378562,"Across-run descriptive statistics; n is finite contributing runs, not telemetry samples",Silverstone/Supra,yaw_rate_abs_mean
ks_silverstone1967+ks_toyota_supra_mkiv_drift,ks_silverstone1967,ks_toyota_supra_mkiv_drift,90,regularized,yaw_rate_rad_s,time_mean_abs,rad/s,5,0.1125434979393983,0.000501976195764,0.1125052263256239,0.1120293373842711,0.1132023647164315,"Across-run descriptive statistics; n is finite contributing runs, not telemetry samples",Silverstone/Supra,yaw_rate_abs_mean
ks_silverstone1967+ks_toyota_supra_mkiv_drift,ks_silverstone1967,ks_toyota_supra_mkiv_drift,95,regularized,yaw_rate_rad_s,time_mean_abs,rad/s,5,0.1141491658857153,0.0001666694995941,0.1141264798766628,0.1139221059382303,0.1143837964099922,"Across-run descriptive statistics; n is finite contributing runs, not telemetry samples",Silverstone/Supra,yaw_rate_abs_mean
ks_silverstone1967+ks_toyota_supra_mkiv_drift,ks_silverstone1967,ks_toyota_supra_mkiv_drift,100,regularized,yaw_rate_rad_s,time_mean_abs,rad/s,5,0.1160700277222242,0.0001289580571492,0.1160491368907327,0.1159273576756438,0.1162253724734298,"Across-run descriptive statistics; n is finite contributing runs, not telemetry samples",Silverstone/Supra,yaw_rate_abs_mean
ks_barcelona+ks_toyota_ae86_drift,ks_barcelona,ks_toyota_ae86_drift,80,regularized,position_vs_recorded_speed_m_s,time_rms,m/s,5,0.3374903971076427,0.0100010923713615,0.3331807978849165,0.3266372412931763,0.3516995692076013,"Across-run descriptive statistics; n is finite contributing runs, not telemetry samples",Barcelona/AE86,position_vs_speed_rms
ks_barcelona+ks_toyota_ae86_drift,ks_barcelona,ks_toyota_ae86_drift,85,regularized,position_vs_recorded_speed_m_s,time_rms,m/s,5,0.3516602571413519,0.0066186987048588,0.3524233432533983,0.3425917315607582,0.3599544130752435,"Across-run descriptive statistics; n is finite contributing runs, not telemetry samples",Barcelona/AE86,position_vs_speed_rms
ks_barcelona+ks_toyota_ae86_drift,ks_barcelona,ks_toyota_ae86_drift,90,regularized,position_vs_recorded_speed_m_s,time_rms,m/s,5,0.3623918327486876,0.0092705557977431,0.362074300107722,0.3499717342889329,0.3726419489679431,"Across-run descriptive statistics; n is finite contributing runs, not telemetry samples",Barcelona/AE86,position_vs_speed_rms
ks_barcelona+ks_toyota_ae86_drift,ks_barcelona,ks_toyota_ae86_drift,95,regularized,position_vs_recorded_speed_m_s,time_rms,m/s,5,0.3773276096234381,0.0141837124374947,0.378563531259973,0.359219448590482,0.3972220502701055,"Across-run descriptive statistics; n is finite contributing runs, not telemetry samples",Barcelona/AE86,position_vs_speed_rms
ks_barcelona+ks_toyota_ae86_drift,ks_barcelona,ks_toyota_ae86_drift,100,regularized,position_vs_recorded_speed_m_s,time_rms,m/s,5,0.3832882963875871,0.0105121308570854,0.3821772571588268,0.3695718773660817,0.3982501506539656,"Across-run descriptive statistics; n is finite contributing runs, not telemetry samples",Barcelona/AE86,position_vs_speed_rms
ks_barcelona+ks_toyota_supra_mkiv_drift,ks_barcelona,ks_toyota_supra_mkiv_drift,80,regularized,position_vs_recorded_speed_m_s,time_rms,m/s,5,0.3762974739767389,0.0055749937479892,0.3733945804760628,0.3705732781368472,0.38391931286768,"Across-run descriptive statistics; n is finite contributing runs, not telemetry samples",Barcelona/Supra,position_vs_speed_rms
ks_barcelona+ks_toyota_supra_mkiv_drift,ks_barcelona,ks_toyota_supra_mkiv_drift,85,regularized,position_vs_recorded_speed_m_s,time_rms,m/s,5,0.3903020608341367,0.0067603401744424,0.392289987824727,0.3813501511648051,0.3972677445234594,"Across-run descriptive statistics; n is finite contributing runs, not telemetry samples",Barcelona/Supra,position_vs_speed_rms
ks_barcelona+ks_toyota_supra_mkiv_drift,ks_barcelona,ks_toyota_supra_mkiv_drift,90,regularized,position_vs_recorded_speed_m_s,time_rms,m/s,5,0.4098787345774567,0.0150558327345893,0.4102966853395646,0.3922922730141147,0.4307632196460093,"Across-run descriptive statistics; n is finite contributing runs, not telemetry samples",Barcelona/Supra,position_vs_speed_rms
ks_barcelona+ks_toyota_supra_mkiv_drift,ks_barcelona,ks_toyota_supra_mkiv_drift,95,regularized,position_vs_recorded_speed_m_s,time_rms,m/s,5,0.4231083187240709,0.0117058728335905,0.4248885973884935,0.409048157722487,0.4381147720140022,"Across-run descriptive statistics; n is finite contributing runs, not telemetry samples",Barcelona/Supra,position_vs_speed_rms
ks_barcelona+ks_toyota_supra_mkiv_drift,ks_barcelona,ks_toyota_supra_mkiv_drift,100,regularized,position_vs_recorded_speed_m_s,time_rms,m/s,5,0.4329374006563629,0.0161507830971759,0.4415142948846043,0.411836726840229,0.4484818192086864,"Across-run descriptive statistics; n is finite contributing runs, not telemetry samples",Barcelona/Supra,position_vs_speed_rms
ks_silverstone1967+ks_toyota_ae86_drift,ks_silverstone1967,ks_toyota_ae86_drift,80,regularized,position_vs_recorded_speed_m_s,time_rms,m/s,5,0.2668563880482033,0.0140128517410083,0.2635438302872566,0.2563427750610016,0.2906272123448175,"Across-run descriptive statistics; n is finite contributing runs, not telemetry samples",Silverstone/AE86,position_vs_speed_rms
ks_silverstone1967+ks_toyota_ae86_drift,ks_silverstone1967,ks_toyota_ae86_drift,85,regularized,position_vs_recorded_speed_m_s,time_rms,m/s,5,0.2729814839067545,0.0042700923258601,0.2726256491419788,0.2694987990281911,0.2801118097714844,"Across-run descriptive statistics; n is finite contributing runs, not telemetry samples",Silverstone/AE86,position_vs_speed_rms
ks_silverstone1967+ks_toyota_ae86_drift,ks_silverstone1967,ks_toyota_ae86_drift,90,regularized,position_vs_recorded_speed_m_s,time_rms,m/s,5,0.3024302754057181,0.018325941917769,0.2975345148555915,0.2856820067775603,0.332021353063914,"Across-run descriptive statistics; n is finite contributing runs, not telemetry samples",Silverstone/AE86,position_vs_speed_rms
ks_silverstone1967+ks_toyota_ae86_drift,ks_silverstone1967,ks_toyota_ae86_drift,95,regularized,position_vs_recorded_speed_m_s,time_rms,m/s,5,0.3011755857800643,0.0205159722760158,0.3013855535230005,0.2805232381192478,0.3339439735688578,"Across-run descriptive statistics; n is finite contributing runs, not telemetry samples",Silverstone/AE86,position_vs_speed_rms
ks_silverstone1967+ks_toyota_ae86_drift,ks_silverstone1967,ks_toyota_ae86_drift,100,regularized,position_vs_recorded_speed_m_s,time_rms,m/s,5,0.2944326870239382,0.0131384633391483,0.2982411393536639,0.2780402260689098,0.3116538468483799,"Across-run descriptive statistics; n is finite contributing runs, not telemetry samples",Silverstone/AE86,position_vs_speed_rms
ks_silverstone1967+ks_toyota_supra_mkiv_drift,ks_silverstone1967,ks_toyota_supra_mkiv_drift,80,regularized,position_vs_recorded_speed_m_s,time_rms,m/s,5,0.4829383366283772,0.0096377543548821,0.485542742155468,0.468297268098136,0.4936860505696896,"Across-run descriptive statistics; n is finite contributing runs, not telemetry samples",Silverstone/Supra,position_vs_speed_rms
ks_silverstone1967+ks_toyota_supra_mkiv_drift,ks_silverstone1967,ks_toyota_supra_mkiv_drift,85,regularized,position_vs_recorded_speed_m_s,time_rms,m/s,5,0.5145924756973868,0.0252143273227485,0.5082196938782926,0.4866931232435337,0.5548233434601763,"Across-run descriptive statistics; n is finite contributing runs, not telemetry samples",Silverstone/Supra,position_vs_speed_rms
ks_silverstone1967+ks_toyota_supra_mkiv_drift,ks_silverstone1967,ks_toyota_supra_mkiv_drift,90,regularized,position_vs_recorded_speed_m_s,time_rms,m/s,5,0.537904375672713,0.0154859795880456,0.5461195314096412,0.5180052527253625,0.5535709152244774,"Across-run descriptive statistics; n is finite contributing runs, not telemetry samples",Silverstone/Supra,position_vs_speed_rms
ks_silverstone1967+ks_toyota_supra_mkiv_drift,ks_silverstone1967,ks_toyota_supra_mkiv_drift,95,regularized,position_vs_recorded_speed_m_s,time_rms,m/s,5,0.5405903954715593,0.0093861733184894,0.5398141146939569,0.5297453486905331,0.5513740821716409,"Across-run descriptive statistics; n is finite contributing runs, not telemetry samples",Silverstone/Supra,position_vs_speed_rms
ks_silverstone1967+ks_toyota_supra_mkiv_drift,ks_silverstone1967,ks_toyota_supra_mkiv_drift,100,regularized,position_vs_recorded_speed_m_s,time_rms,m/s,5,0.5413028384675315,0.0141874351563161,0.5440375703630317,0.5215902532265722,0.5558623944311928,"Across-run descriptive statistics; n is finite contributing runs, not telemetry samples",Silverstone/Supra,position_vs_speed_rms
