request_id,reason,payload_floats,bytes_sent,client_build_ms,client_send_call_ms,client_send_start_to_recv_ms,client_send_end_to_recv_ms,result_parse_ms,optimizer_processing_ms,prediction_steps,round_idx,rollout_with_logging_ms,optimizer_total_ms,state_csv_enabled,model_round_idx,model_recv_parse_ms,model_event_wait_ms,model_build_hotstart_ms,model_snapshot_stabilize_ms,model_state_restore_ms,model_rollout_prepare_ms,model_rollout_with_logging_ms,model_postprocess_ms,model_state_csv_flush_ms,model_optimizer_processing_ms,model_optimizer_total_ms,model_elapsed_ms,model_full_horizon_steps,model_prediction_steps,model_sim_hz,model_prediction_sim_ms,model_state_csv,model_state_csv_enabled,comm_sched_residual_ms
7,exp1-completion-paced,66,264,0.3068000005441718,6.831800000327348,53.6206000006132,46.788800000285846,0.0565000000278814,33.416899999792804,500,1,25.52300000024843,33.479499999884865,False,1,0.0299999992421362,0.0326000008499249,0.0260999995589372,7.316700000046694,0.3072999998039449,0.003600000127335,25.52300000024843,0.2398999995421036,0.0,33.416899999792804,33.479499999884865,33.427499999561405,500,500,333.0,1501.5015015015017,,False,20.141100000728336
8,exp1-completion-paced,66,264,0.4817999997612787,3.5293999999339576,50.78649999995832,47.257100000024366,0.0284999996438273,37.93539999969653,500,2,28.09460000025865,38.02499999983411,False,2,0.0554999996893457,0.0341000004482339,0.0267999994321144,9.263100000680424,0.2671999991434859,0.0651000000289059,28.09460000025865,0.2182999996875878,0.0,37.93539999969653,38.02499999983411,37.94229999948584,500,500,333.0,1501.5015015015017,,False,12.761500000124215
9,exp1-completion-paced,66,264,0.4284999995434191,2.591399999801069,37.96579999925598,35.37439999945491,0.0582000002395943,19.76749999994354,500,3,15.005899999778194,19.80809999986377,False,3,0.0196000000869389,0.0209999998332932,0.0165000001288717,4.475499999898602,0.1308000000790343,0.0279999994745594,15.005899999778194,0.1105999999708728,0.0,19.76749999994354,19.80809999986377,19.773699999859677,500,500,333.0,1501.5015015015017,,False,18.157699999392207
10,exp1-completion-paced,66,264,0.2685999997993349,0.0459000002592802,29.52750000076776,29.48160000050848,0.0172999998540035,21.005199999308388,500,4,15.104199999768753,21.050199999990586,False,4,0.0196999999388935,0.0253000007433001,0.0169999993886449,5.543199999920034,0.1679000006333808,0.0266999995801597,15.104199999768753,0.1460000003135064,0.0,21.005199999308388,21.050199999990586,21.012700000028417,500,500,333.0,1501.5015015015017,,False,8.477300000777173
11,exp1-completion-paced,66,264,0.2752999998847372,2.2180000005391776,33.59290000025794,31.374899999718764,0.0293000002784538,20.426600000064354,500,5,15.185399999609215,20.472399999562185,False,5,0.0196999999388935,0.0260999995589372,0.0196000000869389,4.930500000227767,0.1469999997425475,0.0262000003203866,15.185399999609215,0.1177000003735884,0.0,20.426600000064354,20.472399999562185,20.43409999987489,500,500,333.0,1501.5015015015017,,False,13.120500000695756
12,exp1-completion-paced,66,264,0.2740999998422921,2.7345999997123727,44.742199999745935,42.00760000003356,0.0203999998120707,20.68679999956657,500,6,15.722300000561518,20.736099999339785,False,6,0.027099999897473,0.0221999998757382,0.0177000001713167,4.654899999877671,0.1394000000800588,0.0266999995801597,15.722300000561518,0.125599999591941,0.0,20.68679999956657,20.736099999339785,20.6940999996732,500,500,333.0,1501.5015015015017,,False,24.00610000040615
13,exp1-completion-paced,66,264,0.2997000001414562,1.2077000001227134,35.23270000005141,34.024999999928696,0.0177000001713167,20.49449999958597,500,7,15.26079999985086,20.537899999908404,False,7,0.0207000002774293,0.0227000000450061,0.0175999994098674,4.924599999867496,0.1397000005454174,0.0279999994745594,15.26079999985086,0.1236000007338589,0.0,20.49449999958597,20.537899999908404,20.502100000157952,500,500,333.0,1501.5015015015017,,False,14.694800000143005
14,exp1-completion-paced,66,264,0.2803999996103812,1.235400000041409,36.6119999998773,35.37659999983589,0.0200000004042522,23.684799999500683,500,8,15.354000000115777,23.73209999950632,False,8,0.0210999996852478,0.0262000003203866,0.0190000000657164,8.006999999452091,0.1407999998264131,0.0270000000455183,15.354000000115777,0.1368000002912595,0.0,23.684799999500683,23.73209999950632,23.692100000516803,500,500,333.0,1501.5015015015017,,False,12.879900000370977
15,exp1-completion-paced,66,264,0.3243000001020846,0.0523999997312785,35.07799999988492,35.025600000153645,0.0210999996852478,21.578500000032363,500,9,16.11609999963548,21.625700000186043,False,9,0.0198999996428028,0.027300000510877,0.0161999996635131,5.143000000316533,0.1450999998269253,0.0305000003208988,16.11609999963548,0.1273999996556085,0.0,21.578500000032363,21.625700000186043,21.581299999525072,500,500,333.0,1501.5015015015017,,False,13.45229999969888
16,exp1-completion-paced,66,264,0.2562999998190207,2.704499999708787,43.757299999924726,41.05280000021594,0.0242000005528097,23.83610000015324,500,10,16.53919999989739,23.88200000041252,False,10,0.0212000004466972,0.0246999998125829,0.019099999917671,6.776199999876553,0.2757000002020504,0.1019999999698484,16.53919999989739,0.1238000004377681,0.0,23.83610000015324,23.88200000041252,23.842900000090594,500,500,333.0,1501.5015015015017,,False,19.875299999512205
17,exp1-completion-paced,66,264,0.2726000002439832,0.7408000001305481,37.105399999745714,36.364599999615166,0.0208999999813386,20.08560000012949,500,11,14.947900000152003,20.129499999711697,False,11,0.019099999917671,0.0247999996645376,0.0178000000232714,4.8269999997501145,0.1394999999320134,0.028500000553322,14.947900000152003,0.1245999992534052,0.0,20.08560000012949,20.129499999711697,20.09269999962271,500,500,333.0,1501.5015015015017,,False,16.975900000034017
18,exp1-completion-paced,66,264,0.3075000004173489,1.2123000005885842,44.16149999997288,42.94919999938429,0.0357999997504521,29.272800000399,500,12,24.09239999997226,29.314000000340457,False,12,0.0189000002137618,0.0222999997276929,0.0175000004674075,4.827200000363519,0.1381999991281191,0.0302000007650349,24.09239999997226,0.166999999237305,0.0,29.272800000399,29.314000000340457,29.279299999871,500,500,333.0,1501.5015015015017,,False,14.847499999632426
19,exp1-completion-paced,66,264,0.2764000000752276,2.755999999862979,41.1789999998291,38.42299999996612,0.0208000001293839,25.75069999966217,500,13,20.469199999752163,25.79429999968852,False,13,0.0185999997484032,0.0250000002779415,0.0178000000232714,4.964799999470415,0.1376000000163912,0.0292000004264991,20.469199999752163,0.1319000002695247,0.0,25.75069999966217,25.79429999968852,25.758200000382203,500,500,333.0,1501.5015015015017,,False,15.384700000140583
20,exp1-completion-paced,66,264,0.2688000004127389,2.241000000140048,46.75760000009177,44.51659999995172,0.0206000004254747,28.19550000003801,500,14,22.757000000638072,28.238400000191177,False,14,0.0200000004042522,0.0228999997489154,0.0172999998540035,5.0316999995629885,0.138600000354927,0.027099999897473,22.757000000638072,0.2235999991171411,0.0,28.19550000003801,28.238400000191177,28.20259999953123,500,500,333.0,1501.5015015015017,,False,18.519199999900593
21,exp1-completion-paced,66,264,0.459900000350899,0.0896999999895342,59.49060000057216,59.400900000582624,0.0337000001309206,38.10859999975946,500,15,28.5820999997668,38.25500000039028,False,15,0.0325000000884756,0.113900000542344,0.0277999997706501,8.903799999643525,0.2503000005162903,0.1032000000122934,28.5820999997668,0.240999999732594,0.0,38.10859999975946,38.25500000039028,38.119900000310736,500,500,333.0,1501.5015015015017,,False,21.235600000181876
22,exp1-completion-paced,66,264,0.2971000003526569,1.2353000001894543,42.207600000438106,40.97230000024865,0.0295000008918577,31.397699999615725,500,16,25.664299999334617,31.44219999921916,False,16,0.0199999994947575,0.0245000001086737,0.0196999999388935,5.25500000003376,0.1593999995748163,0.0320000008287024,25.664299999334617,0.2670000003490713,0.0,31.397699999615725,31.44219999921916,31.405400000039663,500,500,333.0,1501.5015015015017,,False,10.765400001218946
23,exp1-completion-paced,66,264,0.2789000000120722,0.6536999999298132,45.23990000052436,44.58620000059455,0.0300000001516309,37.4749000002339,500,17,27.67149999999674,37.605700000312936,False,17,0.0344999998560524,0.0963000002229819,0.025600000299164,9.151199999905655,0.2634000002217362,0.1208999992741155,27.67149999999674,0.2420000000711297,0.0,37.4749000002339,37.605700000312936,37.4852999993891,500,500,333.0,1501.5015015015017,,False,7.634200000211422
24,exp1-completion-paced,66,264,0.3202999996574363,1.1307999993732665,44.07009999977163,42.93930000039836,0.0161999996635131,20.447500000045693,500,18,15.120199999728356,20.48899999954301,False,18,0.0185999997484032,0.0228999997489154,0.0171000001500942,5.033999999795924,0.1376999998683459,0.0267000004896544,15.120199999728356,0.1116000003094086,0.0,20.447500000045693,20.48899999954301,20.45429999998305,500,500,333.0,1501.5015015015017,,False,23.581100000228616
25,exp1-completion-paced,66,264,0.2764999999271822,0.720500000170432,33.115600000201084,32.39510000003065,0.0196000000869389,20.866500000011,500,19,15.530499999840686,20.90550000048097,False,19,0.0173000007634982,0.0216999997064704,0.023200000214274,5.036099999415455,0.133300000015879,0.027300000510877,15.530499999840686,0.1159000003099208,0.0,20.866500000011,20.90550000048097,20.873400000709808,500,500,333.0,1501.5015015015017,,False,12.210099999720114
26,exp1-completion-paced,66,264,0.2817999993567355,0.0519999994139652,35.58419999990292,35.53220000048896,0.022000000171829,20.42170000004262,500,20,15.01989999997022,20.46390000032261,False,20,0.01810000048863,0.0240999997913604,0.0174999995579128,5.091700000775745,0.1455999999961932,0.0307999998767627,15.01989999997022,0.1160000001618755,0.0,20.42170000004262,20.46390000032261,20.428400000128025,500,500,333.0,1501.5015015015017,,False,15.120299999580311
27,exp1-completion-paced,66,264,0.4404000001159147,1.0196000002906658,34.51390000009269,33.494299999802024,0.0267000004896544,22.75379999991856,500,21,17.286400000557478,22.799299999860523,False,21,0.0209999998332932,0.0245000001086737,0.0186999996003578,5.140300000675779,0.1419999998688581,0.0322999994750716,17.286400000557478,0.1339000000371015,0.0,22.75379999991856,22.799299999860523,22.759899999982736,500,500,333.0,1501.5015015015017,,False,11.714600000232167
28,exp1-completion-paced,66,264,0.4341999992902856,0.0853000001370674,43.987099999867496,43.90179999973043,0.024400000256719,31.601500000761007,500,22,21.916300000157207,31.74370000033377,False,22,0.0364999996236292,0.1056999999491381,0.0257000001511187,9.258000000045286,0.2396999998381943,0.0310000004901667,21.916300000157207,0.1304999996136757,0.0,31.601500000761007,31.74370000033377,31.61149999959889,500,500,333.0,1501.5015015015017,,False,12.243399999533725
29,exp1-completion-paced,66,264,0.4856999994444777,1.0425999998915358,47.832799999923736,46.7902000000322,0.0188000003618071,27.77409999998781,500,23,18.029099999694157,27.84799999972165,False,23,0.027300000510877,0.0465999992229626,0.0313000000460306,9.222300000146788,0.2494000000297092,0.1090000005206093,18.029099999694157,0.1327999998466111,0.0,27.77409999998781,27.84799999972165,27.786999999989348,500,500,333.0,1501.5015015015017,,False,19.984800000202085
30,exp1-completion-paced,66,264,0.4767999998875893,2.1237000000837725,47.89740000069287,45.7737000006091,0.0362000000677653,37.73590000037075,500,24,27.751999999964028,37.876900000810565,False,24,0.029499999982363,0.111500000457454,0.0271999997494276,9.292600000662787,0.2732999992076657,0.1163000006272341,27.751999999964028,0.2741999996942468,0.0,37.73590000037075,37.876900000810565,37.74590000011813,500,500,333.0,1501.5015015015017,,False,10.020499999882304
31,exp1-completion-paced,66,264,0.4711999999926775,0.9589000001142268,48.73529999986204,47.77639999974781,0.046400000428548,38.35680000065622,500,25,28.24479999981122,38.488799999868206,False,25,0.0264000000242958,0.1055999991876888,0.0265000007857452,9.435399999347284,0.266800000645162,0.1213999994433834,28.24479999981122,0.2616000001580687,0.0,38.35680000065622,38.488799999868206,38.36690000025556,500,500,333.0,1501.5015015015017,,False,10.246499999993837
32,exp1-completion-paced,66,264,0.5025999998906627,2.578499999799533,45.06729999957315,42.48879999977362,0.0270000000455183,35.229899999649206,500,26,25.6269000001339,35.30609999961598,False,26,0.029499999982363,0.0466999999844119,0.0288000001091859,9.04679999985092,0.2828999995472259,0.1129000002038083,25.6269000001339,0.1314000001002568,0.0,35.229899999649206,35.30609999961598,35.24170000036975,500,500,333.0,1501.5015015015017,,False,9.76119999995717
33,exp1-completion-paced,66,264,0.3385999998499756,2.662900000359514,36.43110000029992,33.76819999994041,0.0183000001925393,20.05050000025221,500,27,15.060799999446315,20.10020000034274,False,27,0.0184000000444939,0.0313000000460306,0.016900000446185,4.685599999902479,0.1351999999315012,0.0305000003208988,15.060799999446315,0.1213000005009234,0.0,20.05050000025221,20.10020000034274,20.05710000048566,500,500,333.0,1501.5015015015017,,False,16.330899999957182
34,exp1-completion-paced,66,264,0.4518000005191425,0.081299999692419,51.34400000042661,51.262700000734185,0.0202000001081614,36.179799999445095,500,28,26.61770000031538,36.23499999957858,False,28,0.0252999998338054,0.0299000002996763,0.0195000002349843,8.870799999385781,0.270700000328361,0.1179999999294523,26.61770000031538,0.2827999996952712,0.0,36.179799999445095,36.23499999957858,36.18740000001708,500,500,333.0,1501.5015015015017,,False,15.109000000848035
35,exp1-completion-paced,66,264,0.4731999997602543,2.0310999998400803,58.839199999965786,56.808100000125705,0.033600000278966,37.981200000103854,500,29,28.28109999973094,38.04909999962547,False,29,0.0270000000455183,0.0408999994760961,0.0275000002147862,9.004100000311155,0.2735999996730243,0.113900000542344,28.28109999973094,0.2807000000757398,0.0,37.981200000103854,38.04909999962547,37.99189999972441,500,500,333.0,1501.5015015015017,,False,20.790100000340317
36,exp1-completion-paced,66,264,0.2867000002879649,1.159200000074634,25.464999999712745,24.30579999963811,0.0184999998964485,19.240699999500062,500,30,14.258899999731511,19.291900000098394,False,30,0.0202000001081614,0.0310000004901667,0.0180999995791353,4.66950000009092,0.1425999998900806,0.0281000002360087,14.258899999731511,0.1233000002685003,0.0,19.240699999500062,19.291900000098394,19.24799999960669,500,500,333.0,1501.5015015015017,,False,6.173099999614351
37,exp1-completion-paced,66,264,0.2560000002631568,1.27269999939017,33.49579999940033,32.22310000001016,0.0215000000025611,21.24430000003485,500,31,15.48469999943336,21.488500000486965,False,31,0.0194000003830296,0.2248000000690808,0.0540999999429914,5.310000000463333,0.1429999992978992,0.0286000004052766,15.48469999943336,0.2237000007880851,0.0,21.24430000003485,21.488500000486965,21.279100000356262,500,500,333.0,1501.5015015015017,,False,12.007299998913368
38,exp1-completion-paced,66,264,0.2778999996735365,0.0639999998384155,36.53719999965688,36.47319999981846,0.0182000003405846,26.63579999989452,500,32,21.43919999980426,26.67799999926501,False,32,0.0184000000444939,0.0237999993260018,0.0182000003405846,4.8814000001584645,0.1385999994454323,0.0322000005326117,21.43919999980426,0.1259999999092542,0.0,26.63579999989452,26.67799999926501,26.64310000000114,500,500,333.0,1501.5015015015017,,False,9.85920000039187
39,exp1-completion-paced,66,264,0.4699999999502324,0.9516999998595566,41.1606000006941,40.20890000083455,0.0189999991562217,21.588300000075836,500,33,16.430599999694095,21.63419999942562,False,33,0.0199999994947575,0.025899999855028,0.019099999917671,4.859500000748085,0.1315999998041661,0.0294000001304084,16.430599999694095,0.1179000000774976,0.0,21.588300000075836,21.63419999942562,21.59600000049977,500,500,333.0,1501.5015015015017,,False,19.526400001268485
40,exp1-completion-paced,66,264,0.2997999999934109,1.178299999992305,39.03100000025006,37.85270000025776,0.0221999998757382,20.5190999995466,500,34,15.559999999823049,20.56189999984781,False,34,0.0195000002349843,0.0233000000662286,0.0173999997059581,4.619400000592577,0.1674999994065729,0.0337000001309206,15.559999999823049,0.1208000003316556,0.0,20.5190999995466,20.56189999984781,20.52610000009736,500,500,333.0,1501.5015015015017,,False,18.46910000040225
41,exp1-completion-paced,66,264,0.2820999998220941,3.2584999999016877,32.61280000060651,29.354300000704825,0.0215000000025611,20.940400000654336,500,35,16.136000000187778,20.98110000042652,False,35,0.01810000048863,0.0225999992835568,0.0177000001713167,4.493700000239187,0.1333999998678336,0.0289999998130952,16.136000000187778,0.1303999997617211,0.0,20.940400000654336,20.98110000042652,20.9458999997878,500,500,333.0,1501.5015015015017,,False,11.631700000179993
42,exp1-completion-paced,66,264,0.260300000263669,0.0847000001158448,38.09279999950377,38.00809999938792,0.0234999997701379,20.15679999931308,500,36,15.307699999539182,20.197799999550625,False,36,0.0173999997059581,0.0236000005315872,0.017699999261822,4.535200000646,0.1342999994449201,0.028500000553322,15.307699999539182,0.1332000001639244,0.0,20.15679999931308,20.197799999550625,20.16360000015993,500,500,333.0,1501.5015015015017,,False,17.894999999953143
43,exp1-completion-paced,66,264,0.2936999999292311,1.2382999993860722,33.6102999999639,32.37200000057783,0.0271999997494276,23.103200000150537,500,37,18.291100000169536,23.14440000009199,False,37,0.0185000008059432,0.0226999991355114,0.0167000007422757,4.498799999964831,0.1341999995929654,0.0311000003421213,18.291100000169536,0.1310999996348982,0.0,23.103200000150537,23.14440000009199,23.10940000006667,500,500,333.0,1501.5015015015017,,False,10.465899999871908
44,exp1-completion-paced,66,264,0.2746999998635147,0.0861999997141538,34.240199999658216,34.15399999994406,0.0218000004679197,22.41430000049149,500,38,17.322900000181107,22.455600000284903,False,38,0.0180999995791353,0.023200000214274,0.0187000005098525,4.776799999490322,0.1379000004817498,0.0301999998555402,17.322900000181107,0.1274999995075632,0.0,22.41430000049149,22.455600000284903,22.42149999983667,500,500,333.0,1501.5015015015017,,False,11.784599999373313
45,exp1-completion-paced,66,264,0.2785999995467136,1.1789000000135277,45.74950000005629,44.57060000004276,0.0174999995579128,23.284099999727918,500,39,16.01490000030026,23.329899999225745,False,39,0.0195999991774442,0.0262000003203866,0.0163000004249624,6.970200000068871,0.1401999998051906,0.0308999997287173,16.01490000030026,0.1113999996960046,0.0,23.284099999727918,23.329899999225745,23.28760000000329,500,500,333.0,1501.5015015015017,,False,22.419600000830542
46,exp1-completion-paced,66,264,0.2720000002227607,0.7511000003432855,36.54679999999644,35.79569999965315,0.0890999999683117,26.229699999930745,500,40,21.33479999974952,26.312200000575103,False,40,0.0192000006791204,0.0632999999652383,0.017699999261822,4.584500000419212,0.1313000002483022,0.0278999996226048,21.33479999974952,0.1332000001639244,0.0,26.229699999930745,26.312200000575103,26.247300000250107,500,500,333.0,1501.5015015015017,,False,10.234599999421334
47,exp1-completion-paced,66,264,0.2720000002227607,5.261899999823072,36.03709999970306,30.775199999879987,0.0186999996003578,21.6841999999815,500,41,16.19719999962399,21.72340000015538,False,41,0.016699999832781,0.0225000003410968,0.0167999996847356,5.171599999812315,0.1369999999951687,0.0269000001935637,16.19719999962399,0.134500000058324,0.0,21.6841999999815,21.72340000015538,21.69139999932668,500,500,333.0,1501.5015015015017,,False,14.31369999954768
48,exp1-completion-paced,66,264,0.2717999996093567,2.277200000207813,34.65099999993981,32.373799999732,0.0195000002349843,25.0186000002941,500,42,19.58070000000589,25.0636000000668,False,42,0.0197999997908482,0.0251999999818508,0.0179999997271806,5.008600000110164,0.1560000000608852,0.0288000001091859,19.58070000000589,0.2261999998154351,0.0,25.0186000002941,25.0636000000668,25.02569999978732,500,500,333.0,1501.5015015015017,,False,9.587399999873014
49,exp1-completion-paced,66,264,0.2738000002864282,2.2153999998408835,39.58520000014687,37.36980000030599,0.0175000004674075,20.40450000004057,500,43,15.371399999821731,20.44810000006692,False,43,0.0197999997908482,0.0238000002354965,0.0175999994098674,4.743500000586209,0.1361999993605422,0.0291000005745445,15.371399999821731,0.1064999996742699,0.0,20.40450000004057,20.44810000006692,20.411200000125973,500,500,333.0,1501.5015015015017,,False,19.13710000007995
50,exp1-completion-paced,66,264,0.2651999993759091,4.275400000551599,47.22490000040125,42.94949999984965,0.0912999994397978,21.886300000005576,500,44,15.26339999963966,22.18449999963923,False,44,0.0565000000278814,0.2416999996057711,0.0263000001723412,6.305500000053144,0.1376999998683459,0.0282000000879634,15.26339999963966,0.1250000004802132,0.0,21.886300000005576,22.18449999963923,21.89970000017638,500,500,333.0,1501.5015015015017,,False,25.04040000076202
51,exp1-completion-paced,66,264,0.2712000004976289,1.2234999994689133,42.14239999964775,40.91890000017884,0.0203999998120707,21.18460000019695,500,45,15.28509999934613,21.225999999842315,False,45,0.0173999997059581,0.0239999999394058,0.0177000001713167,5.590400000073714,0.1373000004605273,0.0399999998990097,15.28509999934613,0.113900000542344,0.0,21.18460000019695,21.225999999842315,21.191599999838218,500,500,333.0,1501.5015015015017,,False,20.916399999805435
52,exp1-completion-paced,66,264,0.261799999861978,0.7232000007206807,37.584200000310375,36.860999999589694,0.0187000005098525,20.74079999965761,500,46,15.530099999523372,20.846800000072108,False,46,0.0762999998187297,0.029700000595767,0.0168999995366903,4.92720000056579,0.1376000000163912,0.0307000000248081,15.530099999523372,0.0981000002866494,0.0,20.74079999965761,20.846800000072108,20.747700000356417,500,500,333.0,1501.5015015015017,,False,16.737400000238267
53,exp1-completion-paced,66,264,0.2747999997154693,1.1930999999094638,34.556099999463186,33.36299999955372,0.0196999999388935,20.881599999484024,500,47,15.574700000797748,20.94659999966097,False,47,0.0290999996650498,0.0359000005119014,0.0266999995801597,5.000299999665003,0.1357999999527237,0.028299999939918,15.574700000797748,0.1154999999926076,0.0,20.881599999484024,20.94659999966097,20.888900000500144,500,500,333.0,1501.5015015015017,,False,13.609499999802214
54,exp1-completion-paced,66,264,0.273199999355711,0.7359000001088134,39.606999999705295,38.87109999959648,0.0180000006366753,21.098900000652066,500,48,15.712299999904644,21.14000000074157,False,48,0.0196999999388935,0.0214000001506065,0.0172999998540035,5.104600000777282,0.1342999994449201,0.027099999897473,15.712299999904644,0.1031000001603388,0.0,21.098900000652066,21.14000000074157,21.10529999936261,500,500,333.0,1501.5015015015017,,False,18.466999998963725
55,exp1-completion-paced,66,264,0.2686000007088296,0.7548000003225752,28.06820000023436,27.31339999991178,0.0184000000444939,20.79910000065865,500,49,15.347399999882327,20.989900000131456,False,49,0.0454999999419669,0.1452999995308346,0.058300000091549,5.104300000311923,0.1327999998466111,0.0319999999192077,15.347399999882327,0.124099999993632,0.0,20.79910000065865,20.989900000131456,20.83270000002813,500,500,333.0,1501.5015015015017,,False,7.078300000102903
56,exp1-completion-paced,66,264,0.2672999999049352,2.7748000002247863,50.37170000014157,47.59689999991679,0.0214000001506065,36.11869999986084,500,50,27.71109999957844,36.1867000001439,False,50,0.0294000001304084,0.0386000001526554,0.0290999996650498,7.987900000443915,0.226499999371299,0.0438000006397487,27.71109999957844,0.1201000004584784,0.0,36.11869999986084,36.1867000001439,36.12880000036967,500,500,333.0,1501.5015015015017,,False,14.184999999997672
57,exp1-completion-paced,66,264,0.2664000003278488,1.226899999892339,40.557799999987765,39.33090000009543,0.0313000000460306,20.824800000809773,500,51,15.476099999432336,20.866000000751228,False,51,0.0171000001500942,0.0240999997913604,0.0168000005942303,5.043699999987439,0.1340999997410108,0.0262000003203866,15.476099999432336,0.1277999999729218,0.0,20.824800000809773,20.866000000751228,20.83199999924545,500,500,333.0,1501.5015015015017,,False,19.691799999236537
58,exp1-completion-paced,66,264,0.4558999999062507,1.0544000006120768,32.44009999980335,31.385699999191274,0.01810000048863,20.536600000014005,500,52,15.1904000003924,20.59850000023289,False,52,0.0189000002137618,0.0430000000051222,0.024400000256719,5.027100000006612,0.1402999996571452,0.0272999996013822,15.1904000003924,0.1268999994863406,0.0,20.536600000014005,20.59850000023289,20.543099999486003,500,500,333.0,1501.5015015015017,,False,11.841599999570462
59,exp1-completion-paced,66,264,0.252800000453135,0.0836999997773091,34.0143999992506,33.93069999947329,0.0179999997271806,20.29850000053557,500,53,15.21119999961229,20.3481999997166,False,53,0.0249999993684468,0.0246999998125829,0.0187000005098525,4.769799999849056,0.135999999656633,0.038900000618014,15.21119999961229,0.1238000004377681,0.0,20.29850000053557,20.3481999997166,20.306000000346103,500,500,333.0,1501.5015015015017,,False,13.666199999534001
60,exp1-completion-paced,66,264,0.4741000002468354,1.0558000003584311,54.8490999999558,53.793299999597366,0.0311000003421213,39.88700000081735,500,54,29.824300000655057,39.96670000015001,False,54,0.0308999997287173,0.0487999996039434,0.0307000000248081,9.358700000120734,0.2752000000327825,0.1265999999304767,29.824300000655057,0.2710999997361796,0.0,39.88700000081735,39.96670000015001,39.89929999988817,500,500,333.0,1501.5015015015017,,False,14.882399999805784
61,exp1-completion-paced,66,264,0.45849999969505,1.0581000005913666,51.21750000034808,50.15939999975672,0.0317999993058037,37.84269999960088,500,55,28.62840000034339,37.89340000002994,False,55,0.0214000001506065,0.0293000002784538,0.02059999951598,8.549700000003213,0.2622000001792912,0.1082999997379374,28.62840000034339,0.273199999355711,0.0,37.84269999960088,37.89340000002994,37.85079999943264,500,500,333.0,1501.5015015015017,,False,13.32410000031814
62,exp1-completion-paced,66,264,0.4830999996556784,0.9422000002814456,46.763600000304,45.82140000002255,0.023200000214274,33.47789999952511,500,56,23.57930000016495,33.53960000004008,False,56,0.0234999997701379,0.0382000007448368,0.0273999994533369,9.267299999919487,0.2491000004738452,0.1065999995262245,23.57930000016495,0.2479000004314002,0.0,33.47789999952511,33.53960000004008,33.48760000062612,500,500,333.0,1501.5015015015017,,False,13.22400000026392
63,exp1-completion-paced,66,264,0.4774999997607665,0.0754000002416432,59.46420000054786,59.38880000030622,0.0209999998332932,40.303700000549725,500,57,29.487900000276568,40.39240000020072,False,57,0.0386000001526554,0.050099999498343,0.0305000003208988,10.120500000084576,0.2812000002450077,0.1134999993155361,29.487900000276568,0.2696000001378706,0.0,40.303700000549725,40.39240000020072,40.316100000382,500,500,333.0,1501.5015015015017,,False,19.07180000034714
64,exp1-completion-paced,66,264,0.4840000001422595,1.9510000001901064,46.33579999972426,44.38479999953415,0.0207000002774293,32.29099999953178,500,58,23.15749999979744,32.41799999977957,False,58,0.0202000001081614,0.1068000001396285,0.0249999993684468,8.703400000740658,0.1404999993610545,0.0290000007225899,23.15749999979744,0.2352000001337728,0.0,32.29099999953178,32.41799999977957,32.30070000063279,500,500,333.0,1501.5015015015017,,False,13.917799999944691
65,exp1-completion-paced,66,264,0.4650000000765431,0.996800000393705,42.574200000672136,41.57740000027843,0.0239999999394058,28.52450000045792,500,59,22.46579999973619,28.57190000031551,False,59,0.0204999996640253,0.0269000001935637,0.0184000000444939,5.735599999752594,0.1417000003129942,0.0310000004901667,22.46579999973619,0.1319000002695247,0.0,28.52450000045792,28.57190000031551,28.53170000071259,500,500,333.0,1501.5015015015017,,False,14.002300000356627
66,exp1-completion-paced,66,264,0.2806000002237852,1.273800000490155,39.13470000043162,37.860899999941466,0.0201000002562068,22.30009999948379,500,60,14.71159999982774,22.346099999595022,False,60,0.0186999996003578,0.027300000510877,0.0264000000242958,7.273600000189617,0.1405999992130091,0.0298000004477216,14.71159999982774,0.1179000000774976,0.0,22.30009999948379,22.346099999595022,22.310700000161887,500,500,333.0,1501.5015015015017,,False,16.7886000008366
67,exp1-completion-paced,66,264,0.4908000000796164,0.917700000172772,56.23860000014247,55.3208999999697,0.0271000008069677,38.08099999969272,500,61,27.986799999780487,38.15859999940585,False,61,0.0300000001516309,0.0475999995614984,0.0294000001304084,9.375099999488157,0.2699000006032293,0.1352999997834558,27.986799999780487,0.284000000647211,0.0,38.08099999969272,38.15859999940585,38.09330000058253,500,500,333.0,1501.5015015015017,,False,18.080000000736618
68,exp1-completion-paced,66,264,0.4644000000553205,0.0809000002846005,54.801299999780895,54.72039999949629,0.0184999998964485,37.40209999978106,500,62,27.549800000088,37.47029999976803,False,62,0.0288999999611405,0.0393000000258325,0.0269000001935637,9.215000000040163,0.2609000002848916,0.1251999992746277,27.549800000088,0.2239000004919944,0.0,37.40209999978106,37.47029999976803,37.41280000031111,500,500,333.0,1501.5015015015017,,False,17.331000000012864
69,exp1-completion-paced,66,264,0.4915999998047482,1.0037000001830163,54.58619999990333,53.58249999972031,0.0211999995372025,38.34629999983008,500,63,28.50000000034925,38.45460000047751,False,63,0.0303000006169895,0.0780000000304426,0.025699999241624,9.19750000048225,0.2635000000736909,0.1106999998228275,28.50000000034925,0.2485999993950827,0.0,38.34629999983008,38.45460000047751,38.35699999945064,500,500,333.0,1501.5015015015017,,False,16.131599999425816
70,exp1-completion-paced,66,264,0.2778000007310766,0.0719999998182174,41.26480000013544,41.19280000031722,0.0201000002562068,26.383500000520144,500,64,21.20279999962804,26.43110000008164,False,64,0.0214000001506065,0.0261999994108919,0.0192000006791204,4.857699999774923,0.1419999998688581,0.0313000000460306,21.20279999962804,0.1302999999097664,0.0,26.383500000520144,26.43110000008164,26.391099999273138,500,500,333.0,1501.5015015015017,,False,14.833700000053799
71,exp1-completion-paced,66,264,0.2899999999499414,0.0575999993088771,45.1361999994333,45.078600000124425,0.0194000003830296,31.075399999281217,500,65,25.70949999972072,31.12209999926563,False,65,0.0208999999813386,0.0258000000030733,0.0178000000232714,4.913099999612314,0.141299999995681,0.0299000002996763,25.70949999972072,0.2634000002217362,0.0,31.075399999281217,31.12209999926563,31.08150000025489,500,500,333.0,1501.5015015015017,,False,14.014100000167673
72,exp1-completion-paced,66,264,0.388800000109768,1.082499999938591,46.71820000021398,45.63570000027539,0.0290999996650498,38.515600000209815,500,66,28.466499999922235,38.596700000198325,False,66,0.0263000001723412,0.0547999998161685,0.0279999994745594,9.39470000048459,0.2693999995244667,0.1104000002669636,28.466499999922235,0.246300000071642,0.0,38.515600000209815,38.596700000198325,38.52610000012646,500,500,333.0,1501.5015015015017,,False,8.121500000015658
73,exp1-completion-paced,66,264,0.3029999998034327,1.1706000004778616,47.16000000007625,45.98939999959839,0.0240999997913604,27.23619999960647,500,67,17.598599999473663,27.345599999534898,False,67,0.0266999995801597,0.082700000348268,0.0247999996645376,9.125800000219895,0.2469000000928645,0.1093000000764732,17.598599999473663,0.1306000003751251,0.0,27.23619999960647,27.345599999534898,27.246200000263343,500,500,333.0,1501.5015015015017,,False,19.814400000541355
74,exp1-completion-paced,66,264,0.2808999997796491,0.063399999817193,51.981399999931455,51.91800000011426,0.0310000004901667,34.4957000006616,500,68,27.83859999999549,34.551400000054855,False,68,0.0239000000874511,0.0317999993058037,0.0212000004466972,5.973700000140525,0.2612999996927101,0.1184000002467655,27.83859999999549,0.2821999996740487,0.0,34.4957000006616,34.551400000054855,34.50369999973191,500,500,333.0,1501.5015015015017,,False,17.4299999998766
75,exp1-completion-paced,66,264,0.45849999969505,2.0653999999922235,50.70129999967321,48.63589999968099,0.02299999960087,30.24829999958456,500,69,21.643300000505405,30.28850000009697,False,69,0.0182000003405846,0.022000000171829,0.0182999992830446,8.085300000857387,0.2558999995017075,0.1132999996116268,21.643300000505405,0.1320000001214794,0.0,30.24829999958456,30.28850000009697,30.254400000558235,500,500,333.0,1501.5015015015017,,False,20.41279999957624
76,exp1-completion-paced,66,264,0.2861000002667424,1.2904000004709817,45.72750000079395,44.43710000032297,0.0182999992830446,29.40200000011828,500,70,20.08380000006582,29.523600000175065,False,70,0.0283000008494127,0.0932999992073746,0.0248000005740323,8.997299999464303,0.138600000354927,0.0288000001091859,20.08380000006582,0.1284999998460989,0.0,29.40200000011828,29.523600000175065,29.41160000045784,500,500,333.0,1501.5015015015017,,False,16.203900000618887
77,exp1-completion-paced,66,264,0.2753999997366918,1.2358000003587222,54.322299999512325,53.0864999991536,0.0185999997484032,37.96909999982745,500,71,28.36420000039652,38.03909999987809,False,71,0.0396999994336511,0.0303000006169895,0.0181999994310899,8.976900000561727,0.2545999996073078,0.1087000000552507,28.36420000039652,0.2461999993101926,0.0,37.96909999982745,38.03909999987809,37.9769999999553,500,500,333.0,1501.5015015015017,,False,16.283199999634235
78,exp1-completion-paced,66,264,0.4877999999735039,0.273600000582519,56.48879999989731,56.21519999931479,0.0284000007013673,39.24490000008518,500,72,28.96630000032019,39.33819999929256,False,72,0.0506999995195656,0.042599999687809,0.0296000007438124,9.59699999930308,0.2782000001388951,0.1167999998870072,28.96630000032019,0.256700000136334,0.0,39.24490000008518,39.33819999929256,39.25620000063645,500,500,333.0,1501.5015015015017,,False,17.150600000604747
79,exp1-completion-paced,66,264,0.2751000001808279,1.3210999995862949,30.080000000452856,28.75890000086656,0.0179999997271806,22.68089999961376,500,73,17.254200000024866,22.723799999766925,False,73,0.0197999997908482,0.0231000003623194,0.0178000000232714,5.112399999234185,0.1382000000376138,0.0288000001091859,17.254200000024866,0.1293000004807254,0.0,22.68089999961376,22.723799999766925,22.68830000048183,500,500,333.0,1501.5015015015017,,False,7.356200000685931
80,exp1-completion-paced,66,264,0.4553999997369828,0.0770000006014015,38.49080000054528,38.41379999994388,0.0196000000869389,22.634199999629345,500,74,16.989900000226044,22.69569999953092,False,74,0.0275000002147862,0.0339999996867845,0.0195000002349843,5.18499999998312,0.142500000038126,0.0296999996862723,16.989900000226044,0.2672999999049352,0.0,22.634199999629345,22.69569999953092,22.64310000009573,500,500,333.0,1501.5015015015017,,False,15.795100001014358
81,exp1-completion-paced,66,264,0.4632000000128755,0.0942999995459104,48.63289999957488,48.53860000002896,0.0313999998979852,34.90409999994881,500,75,24.214999999458087,34.95089999978518,False,75,0.019099999917671,0.0276999999186955,0.0183000001925393,10.00209999983781,0.2649000007295399,0.1290999998673214,24.214999999458087,0.2744000003076507,0.0,34.90409999994881,34.95089999978518,34.91140000005544,500,500,333.0,1501.5015015015017,,False,13.681999999789703
82,exp1-completion-paced,66,264,0.2974999997604755,1.1897000003955327,45.22280000037426,44.03309999997873,0.0229000006584101,29.23090000058437,500,76,19.174899999597983,29.27960000033636,False,76,0.0218000004679197,0.026899999284069,0.0185000008059432,9.526299999379262,0.2658000003066263,0.1135000002250308,19.174899999597983,0.1317000005656154,0.0,29.23090000058437,29.27960000033636,29.23850000024686,500,500,333.0,1501.5015015015017,,False,15.943200000037898
83,exp1-completion-paced,66,264,0.2665000001798034,0.0430999998570769,47.82570000043052,47.78260000057344,0.0202000001081614,27.75949999977456,500,77,21.94599999984348,27.824699999655422,False,77,0.0343000001521431,0.0308999997287173,0.0202000001081614,5.34590000006574,0.1467000001866836,0.0315999996018945,21.94599999984348,0.2688000004127389,0.0,27.75949999977456,27.824699999655422,27.7672000001985,500,500,333.0,1501.5015015015017,,False,20.0010000007751
84,exp1-completion-paced,66,264,0.2873999992516474,1.1684000000968808,48.74919999929261,47.58079999919573,0.0204999996640253,37.69370000009076,500,78,27.82740000020567,37.78440000041883,False,78,0.0261000004684319,0.064599999859638,0.0253999996857601,9.214100000463077,0.2805999993142904,0.1136000000769854,27.82740000020567,0.2323999997315695,0.0,37.69370000009076,37.78440000041883,37.703899999542045,500,500,333.0,1501.5015015015017,,False,10.96479999887378
85,exp1-completion-paced,66,264,0.5006999999750406,0.0953999997364007,56.27430000004097,56.178900000304566,0.0289999998130952,37.265799999659066,500,79,27.21639999981562,37.33749999992142,False,79,0.0275000002147862,0.0442000000475673,0.0293000002784538,9.369999999762513,0.2667999997356673,0.1075000000128056,27.21639999981562,0.2754000006461865,0.0,37.265799999659066,37.33749999992142,37.27840000010474,500,500,333.0,1501.5015015015017,,False,18.936800000119547
86,exp1-completion-paced,66,264,0.4551000001811189,0.0796000003902008,48.74600000039209,48.666400000001886,0.019099999917671,39.20389999984764,500,80,29.25839999988966,39.30279999985942,False,80,0.0519999994139652,0.0469000005978159,0.0697999994372366,9.215000000040163,0.2795999998852494,0.134500000058324,29.25839999988966,0.2462000002196873,0.0,39.20389999984764,39.30279999985942,39.21459999946819,500,500,333.0,1501.5015015015017,,False,9.44320000053267
87,exp1-completion-paced,66,264,0.2767000005405862,1.227600000675011,53.01700000018173,51.78939999950671,0.0252000008913455,37.073899999995774,500,81,27.707100000043283,37.1580000000904,False,81,0.0246999998125829,0.0594000002820394,0.0257000001511187,8.683099999871047,0.2580999998826883,0.1164000004791887,27.707100000043283,0.2830999992511351,0.0,37.073899999995774,37.1580000000904,37.08389999974315,500,500,333.0,1501.5015015015017,,False,15.859000000091335
88,exp1-completion-paced,66,264,0.4680000001826556,2.0721000000776257,49.35149999982968,47.27939999975206,0.0212000004466972,37.81650000018999,500,82,28.199700000186567,37.90089999984048,False,82,0.0251000001298962,0.05929999952059,0.0267000004896544,8.934800000133691,0.2453999995850608,0.107400000160851,28.199700000186567,0.301999999464897,0.0,37.81650000018999,37.90089999984048,37.82759999921837,500,500,333.0,1501.5015015015017,,False,11.450599999989194
89,exp1-completion-paced,66,264,0.2790000007735216,0.7208999995782506,36.70580000016344,35.984900000585185,0.0438999995822086,20.924200000081328,500,83,15.21859999957087,20.963099999789847,False,83,0.017899999875226,0.0209999998332932,0.0359999994543613,5.378900000323483,0.1388000000588363,0.0281000002360087,15.21859999957087,0.1235999998243642,0.0,20.924200000081328,20.963099999789847,20.931399999426503,500,500,333.0,1501.5015015015017,,False,15.742700000373596
90,exp1-completion-paced,66,264,0.2712000004976289,1.251899999260786,31.10499999911553,29.85309999985475,0.0197999997908482,19.934599999942293,500,84,14.559799999915413,19.97809999920719,False,84,0.0193999994735349,0.0240999997913604,0.0189000002137618,5.061599999862665,0.1368000002912595,0.0264999998762505,14.559799999915413,0.1308000000790343,0.0,19.934599999942293,19.97809999920719,19.941800000196963,500,500,333.0,1501.5015015015017,,False,11.126899999908343
91,exp1-completion-paced,66,264,0.4601999999067629,1.015900000311376,53.31149999983609,52.29559999952471,0.0210999996852478,38.22119999949791,500,85,28.83170000040991,38.28029999931459,False,85,0.0233999999181833,0.0356999998984974,0.0261999994108919,8.722700000362238,0.2453999995850608,0.1073000003088964,28.83170000040991,0.2875000000130967,0.0,38.22119999949791,38.28029999931459,38.23100000045088,500,500,333.0,1501.5015015015017,,False,15.031200000521494
92,exp1-completion-paced,66,264,0.4617000004145666,2.592999999251333,47.11049999968964,44.517500000438304,0.0194000003830296,37.54029999981867,500,86,28.397799999765997,37.71710000000894,False,86,0.0280000003840541,0.148799999806215,0.0248000005740323,8.521099999597936,0.2580000000307336,0.1140000003942987,28.397799999765997,0.2243999997517676,0.0,37.54029999981867,37.71710000000894,37.55009999986214,500,500,333.0,1501.5015015015017,,False,9.393399999680696
93,exp1-completion-paced,66,264,0.476899999739544,1.0325999992346624,45.11599999932514,44.08340000009048,0.0268000003416091,37.4495999994906,500,87,28.285499999583408,37.5183999994988,False,87,0.0315999996018945,0.0372000004063011,0.0240999997913604,8.491900000080932,0.2457999999023741,0.1122000003306311,28.285499999583408,0.2896000005421228,0.0,37.4495999994906,37.5183999994988,37.45660000004136,500,500,333.0,1501.5015015015017,,False,7.597599999826343
94,exp1-completion-paced,66,264,0.2874000001611421,0.0561999995625228,44.434999999793945,44.37880000023142,0.0218000004679197,35.79939999963244,500,88,28.219499999977412,35.85899999961839,False,88,0.0259999997069826,0.033600000278966,0.0199999994947575,6.912700000611949,0.2651999993759091,0.1144000007116119,28.219499999977412,0.2673999997568899,0.0,35.79939999963244,35.85899999961839,35.80810000039492,500,500,333.0,1501.5015015015017,,False,8.576000000175554
95,exp1-completion-paced,66,264,0.4708000005848589,0.050300000111747,33.424100000047474,33.37379999993573,0.0181999994310899,22.39259999987553,500,89,16.176500000256056,22.554000000127417,False,89,0.0188000003618071,0.1425999998900806,0.0257000001511187,5.861399999957939,0.168399999893154,0.0325999999404302,16.176500000256056,0.1277999999729218,0.0,22.39259999987553,22.554000000127417,22.402400000828493,500,500,333.0,1501.5015015015017,,False,10.870099999920058
96,exp1-completion-paced,66,264,0.4721999994217185,0.0757999996494618,49.65329999959067,49.57749999994121,0.0191999997696257,40.29689999970287,500,90,29.99529999942752,40.37349999998696,False,90,0.0337000001309206,0.0429000001531676,0.0275000002147862,9.628599999814467,0.2691999998205574,0.1136000000769854,29.99529999942752,0.2623000000312459,0.0,40.29689999970287,40.37349999998696,40.30539999985194,500,500,333.0,1501.5015015015017,,False,9.27979999960371
97,exp1-completion-paced,66,264,0.2807000000757398,0.0583999999435036,33.60579999934998,33.54739999940648,0.0236999994740472,26.11969999998109,500,91,20.416600000316976,26.166099999500148,False,91,0.0214000001506065,0.0249999993684468,0.0204000007215654,5.238099999587575,0.1404000004185945,0.0299999992421362,20.416600000316976,0.2738000002864282,0.0,26.11969999998109,26.166099999500148,26.126900000235764,500,500,333.0,1501.5015015015017,,False,7.439699999849836
98,exp1-completion-paced,66,264,0.2801999999064719,0.0982999999905587,49.87379999965924,49.77549999966868,0.0207000002774293,36.82130000015604,500,92,27.245599999332622,36.91609999987122,False,92,0.0295999998343177,0.0651999998808605,0.0267999994321144,8.980500000689062,0.2629000000524684,0.1111999999920954,27.245599999332622,0.1940000001923181,0.0,36.82130000015604,36.91609999987122,36.83180000007269,500,500,333.0,1501.5015015015017,,False,12.95769999978802
99,exp1-completion-paced,66,264,0.2593999997770879,0.0486999997519888,43.40469999988272,43.356000000130734,0.0302999997074948,31.77400000004127,500,93,25.68390000033105,31.83199999966746,False,93,0.0307000000248081,0.0272999996013822,0.0184999998964485,5.572900000515801,0.1476999996157246,0.0522000000273692,25.68390000033105,0.2985000000990112,0.0,31.77400000004127,31.83199999966746,31.78190000016912,500,500,333.0,1501.5015015015017,,False,11.572700000215264
100,exp1-completion-paced,66,264,0.4635000004782341,2.546300000176416,48.28009999982896,45.73379999965255,0.0288000001091859,38.33610000037879,500,94,28.050599999914997,38.39070000049105,False,94,0.0226000001930515,0.0319999999192077,0.0288999999611405,9.635100000195962,0.2676000003702938,0.110099999801605,28.050599999914997,0.2434999996694387,0.0,38.33610000037879,38.39070000049105,38.34779999942839,500,500,333.0,1501.5015015015017,,False,9.889399999337911
101,exp1-completion-paced,66,264,0.2892000002248096,1.1730000005627517,52.76099999991857,51.587999999355816,0.019099999917671,39.09349999958067,500,95,28.92510000037873,39.22419999980775,False,95,0.0201000002562068,0.1105999999708728,0.0251000001298962,9.556399999382847,0.2601000005597598,0.1107999996747821,28.92510000037873,0.2156999998987885,0.0,39.09349999958067,39.22419999980775,39.10300000006828,500,500,333.0,1501.5015015015017,,False,13.536800000110816
102,exp1-completion-paced,66,264,0.4324000001361128,1.030400000672671,51.78669999986596,50.75629999919329,0.0547999998161685,37.2360999999728,500,96,27.27979999963281,37.29690000000119,False,96,0.0252999998338054,0.0355000001945882,0.0274000003628316,9.276499999941734,0.2555999999458436,0.1266999997824314,27.27979999963281,0.2699000006032293,0.0,37.2360999999728,37.29690000000119,37.24630000033358,500,500,333.0,1501.5015015015017,,False,14.489799999864772
103,exp1-completion-paced,66,264,0.2786999993986683,4.258399999343965,39.10939999968832,34.85100000034436,0.0210999996852478,21.358500000133063,500,97,15.597300000081304,21.409000000858214,False,97,0.0197000008483883,0.0307999998767627,0.0190000000657164,5.424099999800092,0.1578999999765074,0.0290999996650498,15.597300000081304,0.1308000000790343,0.0,21.358500000133063,21.409000000858214,21.365700000387733,500,500,333.0,1501.5015015015017,,False,17.700399998830108
104,exp1-completion-paced,66,264,0.4534999998213607,1.0424000001876266,45.68350000045029,44.64110000026267,0.0284999996438273,33.95559999989928,500,98,27.641500000754604,34.00179999971442,False,98,0.0208000001293839,0.0253999996857601,0.0182000003405846,5.675499999597378,0.2569999996921979,0.1247000000148546,27.641500000754604,0.2383999999437946,0.0,33.95559999989928,34.00179999971442,33.963100000619306,500,500,333.0,1501.5015015015017,,False,11.681700000735866
105,exp1-completion-paced,66,264,0.2919999997175182,2.7863999994224287,54.939999999987776,52.15360000056535,0.0293999992209137,36.20430000046326,500,99,25.82689999962895,36.266600000089966,False,99,0.0295999998343177,0.0326999997923849,0.0206000004254747,9.747099999913187,0.2573000001575565,0.1099999999496503,25.82689999962895,0.2420999999230844,0.0,36.20430000046326,36.266600000089966,36.21019999991404,500,500,333.0,1501.5015015015017,,False,18.67339999989781
106,exp1-completion-paced,66,264,0.4842999996981234,0.0884999999470892,47.1692000000985,47.08070000015141,0.0216999997064704,33.14349999982369,500,100,23.31149999918125,33.218599999599974,False,100,0.0393999998777871,0.0356999998984974,0.0295999998343177,9.305800000220188,0.2524000001358217,0.1072000004569417,23.31149999918125,0.1367000004393048,0.0,33.14349999982369,33.218599999599974,33.155299999634735,500,500,333.0,1501.5015015015017,,False,13.950600000498525
107,exp1-completion-paced,66,264,0.2842000003511202,0.0516999998581013,50.80820000057429,50.75650000071619,0.0297999995382269,37.66789999917819,500,101,27.99830000003567,37.725899999713874,False,101,0.0210999996852478,0.0369000008504372,0.0267999994321144,8.993600000394508,0.2674999996088445,0.1196000002892105,27.99830000003567,0.261799999861978,0.0,37.66789999917819,37.725899999713874,37.67820000030042,500,500,333.0,1501.5015015015017,,False,13.082300000860414
108,exp1-completion-paced,66,264,0.4551000001811189,2.497100000255159,48.19510000015725,45.697999999902095,0.0196999999388935,34.06080000058864,500,102,25.56989999993675,34.14909999992233,False,102,0.0537999994776328,0.0344999998560524,0.01810000048863,7.978900000125577,0.2481999999872641,0.1094999997803825,25.56989999993675,0.135999999656633,0.0,34.06080000058864,34.14909999992233,34.06790000008186,500,500,333.0,1501.5015015015017,,False,14.046000000234919
109,exp1-completion-paced,66,264,0.270700000328361,2.804900000228372,35.578699999859964,32.77379999963159,0.0174000006154528,25.14940000037313,500,103,19.557999999960884,25.209999999788124,False,103,0.0185999997484032,0.0419999996665865,0.0177000001713167,5.277100000057544,0.1345999999102787,0.0317000003633438,19.557999999960884,0.1300000003539025,0.0,25.14940000037313,25.209999999788124,25.15910000056465,500,500,333.0,1501.5015015015017,,False,10.36870000007184
110,exp1-completion-paced,66,264,0.47420000009879,0.0909999998839339,53.7094999999681,53.61850000008417,0.0213999992411118,39.10160000032192,500,104,28.96919999966485,39.2996000000494,False,104,0.0257000001511187,0.172299999576353,0.0264000000242958,9.458399999857647,0.2770000000964501,0.1181000006909016,28.96919999966485,0.2521999995224178,0.0,39.10160000032192,39.2996000000494,39.11229999994248,500,500,333.0,1501.5015015015017,,False,14.4098999999187
111,exp1-completion-paced,66,264,0.2752000000327825,2.2345999996105093,36.79560000000493,34.561000000394415,0.0291000005745445,25.130400000307414,500,105,19.567600000300445,25.173800000629853,False,105,0.0178000000232714,0.025600000299164,0.0159999999596038,5.12799999978597,0.137400000312482,0.0328999994962941,19.567600000300445,0.2481000001353095,0.0,25.130400000307414,25.173800000629853,25.13619999990624,500,500,333.0,1501.5015015015017,,False,11.621799999375078
112,exp1-completion-paced,66,264,0.5067000001872657,2.5613000007069786,57.88560000019061,55.32429999948363,0.0203999998120707,37.66590000032011,500,106,28.568300000188174,37.733800000751216,False,106,0.0278000006801448,0.0400999997509643,0.0239999999394058,8.41969999964931,0.2705000006244518,0.1167999998870072,28.568300000188174,0.2662999995663995,0.0,37.66590000032011,37.733800000751216,37.67470000002504,500,500,333.0,1501.5015015015017,,False,20.15179999943939
113,exp1-completion-paced,66,264,0.2681999994820216,1.189800000247487,38.36690000025556,37.17710000000807,0.033600000278966,31.148099999882103,500,107,25.59659999951691,31.206599999677564,False,107,0.0276999999186955,0.0307999998767627,0.0196000000869389,5.076600000393228,0.1420999997208127,0.0293000002784538,25.59659999951691,0.2835000004779431,0.0,31.148099999882103,31.206599999677564,31.15550000075018,500,500,333.0,1501.5015015015017,,False,7.1603000005779975
114,exp1-completion-paced,66,264,0.4779999999300344,1.025100000333623,50.35200000020268,49.326899999869056,0.0281000002360087,32.13400000004185,500,108,22.59700000013254,32.20380000038858,False,108,0.0323000003845663,0.037499999962165,0.0271999997494276,9.056300000338524,0.1349999993180972,0.0301000000035855,22.59700000013254,0.2880000001823646,0.0,32.13400000004185,32.20380000038858,32.14209999987361,500,500,333.0,1501.5015015015017,,False,18.148199999814096
115,exp1-completion-paced,66,264,0.2716999997574021,1.2238999997862263,52.8241000001799,51.60020000039367,0.0243999993472243,35.6034999995245,500,109,28.39399999993475,35.72689999964496,False,109,0.0230999994528247,0.1003000006676302,0.0379999992219382,6.587900000340596,0.2573000001575565,0.1137999997808947,28.39399999993475,0.2120999997714534,0.0,35.6034999995245,35.72689999964496,35.613399999419926,500,500,333.0,1501.5015015015017,,False,17.09720000053494
116,exp1-completion-paced,66,264,0.441599999248865,2.499799999895913,57.04929999956221,54.549499999666295,0.0214000001506065,36.81930000038847,500,110,27.915099999518134,36.86970000035217,False,110,0.0215999998545157,0.0288000001091859,0.0189000002137618,8.247699999628821,0.2611999998407555,0.1257000003533903,27.915099999518134,0.2505000002201996,0.0,36.81930000038847,36.86970000035217,36.82789999948,500,500,333.0,1501.5015015015017,,False,20.17959999921004
117,exp1-completion-paced,66,264,0.4580000004352769,1.5628999999535154,44.44249999960448,42.87959999965096,0.0292999993689591,33.72479999961797,500,111,27.810800000224845,33.771299999898474,False,111,0.02059999951598,0.0259000007645227,0.0188999993042671,5.129000000124506,0.36290000025474,0.117599999612139,27.810800000224845,0.2853000005416106,0.0,33.72479999961797,33.771299999898474,33.732300000338,500,500,333.0,1501.5015015015017,,False,10.671199999706005
118,exp1-completion-paced,66,264,0.5252000000837143,2.152400000341004,56.543300000157615,54.39089999981661,0.0274000003628316,38.565099999686936,500,112,28.64369999952032,38.63249999994878,False,112,0.0287000002572312,0.03870000000461,0.0296999996862723,9.21329999982845,0.2804000005198759,0.1180999997814069,28.64369999952032,0.2795999998852494,0.0,38.565099999686936,38.63249999994878,38.576199999624805,500,500,333.0,1501.5015015015017,,False,17.910800000208837
119,exp1-completion-paced,66,264,0.4555000004984322,1.0308999999324442,56.18750000030559,55.156600000373146,0.0262999992628465,36.23849999985396,500,113,29.47919999951409,36.28279999975348,False,113,0.0183000001925393,0.0259999997069826,0.0184000000444939,6.053500000234635,0.2667999997356673,0.1189000004160334,29.47919999951409,0.3014000003531691,0.0,36.23849999985396,36.28279999975348,36.24560000025667,500,500,333.0,1501.5015015015017,,False,19.90470000055211
120,exp1-completion-paced,66,264,0.2715999999054475,1.2369999994916725,33.16019999965647,31.9232000001648,0.017699999261822,20.06269999947108,500,114,15.148800000133631,20.170699999653152,False,114,0.0627999997959705,0.045200000386103,0.0181999994310899,4.60670000029495,0.1338000001851469,0.0282000000879634,15.148800000133631,0.126799999634386,0.0,20.06269999947108,20.170699999653152,20.070100000339156,500,500,333.0,1501.5015015015017,,False,12.989500000003318
121,exp1-completion-paced,66,264,0.259100000221224,2.7309000006425777,47.74520000046323,45.01429999982065,0.0303999995594494,25.992699999733304,500,115,18.87639999949897,26.03709999948478,False,115,0.0208999999813386,0.0234999997701379,0.017899999875226,6.622599999900558,0.1444999998057028,0.0341000004482339,18.87639999949897,0.2967999998872983,0.0,25.992699999733304,26.03709999948478,25.99989999998797,500,500,333.0,1501.5015015015017,,False,21.708100000978447
122,exp1-completion-paced,66,264,0.2801999999064719,0.0536999996256781,47.02099999940401,46.967299999778334,0.0207999992198892,35.318300000653835,500,116,25.691999999253312,35.4075000004741,False,116,0.0270000000455183,0.0621999997747479,0.0262000003203866,9.07790000019304,0.2715000000534928,0.1197999999931198,25.691999999253312,0.1307000002270797,0.0,35.318300000653835,35.4075000004741,35.327999999935855,500,500,333.0,1501.5015015015017,,False,11.61349999892991
123,exp1-completion-paced,66,264,0.2666000000317581,0.0701999997545499,56.49519999951736,56.4249999997628,0.0254999995377147,38.04420000051323,500,117,29.1772000000492,38.08879999996861,False,117,0.0192999996215803,0.0252999998338054,0.0161000007210532,8.236599999690952,0.2542000001994893,0.1187999996545841,29.1772000000492,0.240999999732594,0.0,38.04420000051323,38.08879999996861,38.04779999973107,500,500,333.0,1501.5015015015017,,False,18.406399999548753
124,exp1-completion-paced,66,264,0.2805000003718305,2.728200000092329,49.67110000052344,46.94290000043111,0.019099999917671,33.06059999977151,500,118,23.346099999798756,33.11359999952401,False,118,0.0185999997484032,0.0344000000040978,0.0156000005517853,9.19039999917004,0.2612000007502502,0.116399999569694,23.346099999798756,0.1307000002270797,0.0,33.06059999977151,33.11359999952401,33.06479999992007,500,500,333.0,1501.5015015015017,,False,16.557500000999426
125,exp1-completion-paced,66,264,0.282399999377958,2.770799999780138,48.851599999579776,46.08079999979964,0.0278999996226048,34.292599999389495,500,119,28.65430000019842,34.346099999311264,False,119,0.0273999994533369,0.0261000004684319,0.0195000002349843,4.952199999934237,0.2569999996921979,0.1172000002043205,28.65430000019842,0.2920999995694728,0.0,34.292599999389495,34.346099999311264,34.30019999996148,500,500,333.0,1501.5015015015017,,False,14.505500000268512
126,exp1-completion-paced,66,264,0.2983000003951019,0.0490000002173474,52.79919999975391,52.75019999953656,0.0223999995796475,28.281900000365567,500,120,19.26309999998921,28.33970000028785,False,120,0.0251000001298962,0.0326999997923849,0.0341000004482339,8.469399999739835,0.2748999995674239,0.1092000002245185,19.26309999998921,0.130899999930989,0.0,28.281900000365567,28.33970000028785,28.29089999977441,500,500,333.0,1501.5015015015017,,False,24.45949999946606
127,exp1-completion-paced,66,264,0.4338999997344217,1.0242000007565366,59.28250000033586,58.25829999957932,0.0325999999404302,38.947600000028615,500,121,29.320800000277814,39.04090000014549,False,121,0.0263000001723412,0.0669999999445281,0.0255999993896693,8.990300000732532,0.2909999993789824,0.0477000003229477,29.320800000277814,0.2718999994613114,0.0,38.947600000028615,39.04090000014549,38.9577999994799,500,500,333.0,1501.5015015015017,,False,20.241600000190367
128,exp1-completion-paced,66,264,0.2734999998210696,2.188200000091456,39.57009999976435,37.381899999672896,0.0296999996862723,28.152300000328975,500,122,20.1680000000124,28.223500000422064,False,122,0.01810000048863,0.0530999996044556,0.0171000001500942,7.471800000530493,0.2479999993738602,0.1136000000769854,20.1680000000124,0.1336000004812376,0.0,28.152300000328975,28.223500000422064,28.165800000351737,500,500,333.0,1501.5015015015017,,False,11.346599999342288
129,exp1-completion-paced,66,264,0.2841000004991656,0.0534999999217689,55.62079999981506,55.567299999893294,0.0343000001521431,39.063399999577086,500,123,29.336600000533508,39.130399999521615,False,123,0.0208999999813386,0.0460999999631894,0.0264999998762505,9.047900000041407,0.2590000003692694,0.1104999992094235,29.336600000533508,0.2825000001394073,0.0,39.063399999577086,39.130399999521615,39.07299999991665,500,500,333.0,1501.5015015015017,,False,16.490400000293448
130,exp1-completion-paced,66,264,0.2804000005198759,0.706499999978405,57.63550000028772,56.92900000030932,0.0210999996852478,38.31650000029185,500,124,29.75210000022344,38.38160000032076,False,124,0.0262000003203866,0.0388999997085193,0.0250000002779415,7.8743000003669295,0.2679999997781124,0.1155999998445622,29.75210000022344,0.281199999335513,0.0,38.31650000029185,38.38160000032076,38.32689999944705,500,500,333.0,1501.5015015015017,,False,19.25389999996696
131,exp1-completion-paced,66,264,0.2718999994613114,4.2492000002312125,37.24239999974088,32.99319999950967,0.0189000002137618,20.846000000346976,500,125,15.188600000328734,20.891000000119675,False,125,0.0191999997696257,0.0258000000030733,0.0164000002769171,5.349199999727716,0.1381000001856591,0.0294000001304084,15.188600000328734,0.124099999993632,0.0,20.846000000346976,20.891000000119675,20.852300000115065,500,500,333.0,1501.5015015015017,,False,16.351399999621208
132,exp1-completion-paced,66,264,0.2782999999908497,2.7682999998432933,41.77689999960421,39.00859999976092,0.0204999996640253,22.697800000059942,500,126,16.964399999778834,22.74930000021413,False,126,0.0207000002774293,0.0307999998767627,0.016699999832781,5.423599999630824,0.1380000003337045,0.0331999999616527,16.964399999778834,0.1218000006701913,0.0,22.697800000059942,22.74930000021413,22.70420000058948,500,500,333.0,1501.5015015015017,,False,19.02759999939008
133,exp1-completion-paced,66,264,0.2674000006663846,0.0498999997944338,36.58309999991616,36.53320000012173,0.022000000171829,19.987700000456243,500,127,14.834500000688422,20.274700000300072,False,127,0.0184999998964485,0.2684999999473803,0.0195000002349843,4.841400000259455,0.1384999995934777,0.0395999995816964,14.834500000688422,0.113999999484804,0.0,19.987700000456243,20.274700000300072,19.995900000139954,500,500,333.0,1501.5015015015017,,False,16.308399999616086
134,exp1-completion-paced,66,264,0.2755999994406011,2.774900000076741,35.1079000001846,32.33300000010786,0.0183000001925393,24.26240000022517,500,128,17.057699999895704,24.30639999965933,False,128,0.0197999997908482,0.024199999643315,0.0241000007008551,6.713899999340356,0.2486000003045774,0.1093000000764732,17.057699999895704,0.108600000203296,0.0,24.26240000022517,24.30639999965933,24.26960000047984,500,500,333.0,1501.5015015015017,,False,10.80150000052527
135,exp1-completion-paced,66,264,0.2727000000959378,1.2409000000843662,28.99770000021817,27.756800000133808,0.0187000005098525,19.958800000495103,500,129,14.752900000530644,20.003700000415847,False,129,0.01810000048863,0.0267999994321144,0.0165999999808263,4.921499999909429,0.1376999998683459,0.0281000002360087,14.752900000530644,0.1017999993564444,0.0,19.958800000495103,20.003700000415847,19.962399999712943,500,500,333.0,1501.5015015015017,,False,8.993999999802323
136,exp1-completion-paced,66,264,0.2666999998837127,0.7602000005135778,32.06300000056217,31.30280000004859,0.0198999996428028,20.4092000003584,500,130,15.21039999988716,20.447100000637874,False,130,0.0175000004674075,0.0203999998120707,0.0176000003193621,4.917199999908917,0.1369000001432141,0.0295999998343177,15.21039999988716,0.0972999996520229,0.0,20.4092000003584,20.447100000637874,20.41539999936504,500,500,333.0,1501.5015015015017,,False,11.615899999924295
137,exp1-completion-paced,66,264,0.2776000001176726,0.0496000002385699,33.20299999995768,33.15339999971911,0.0192999996215803,20.508400000835536,500,131,15.050899999550891,20.5511000003753,False,131,0.0185999997484032,0.0240999997913604,0.0177000001713167,5.165700000361539,0.1419000000169035,0.0288000001091859,15.050899999550891,0.1032000000122934,0.0,20.508400000835536,20.5511000003753,20.51489999939804,500,500,333.0,1501.5015015015017,,False,12.651899999582383
138,exp1-completion-paced,66,264,0.2757000002020504,2.706900000703172,32.17360000053304,29.46669999982987,0.0291000005745445,19.266999999672407,500,132,14.042300000255636,19.314199999826087,False,132,0.02050000057352,0.0266999995801597,0.017899999875226,4.939899999953923,0.1363000001219916,0.0300000001516309,14.042300000255636,0.1004999994620448,0.0,19.266999999672407,19.314199999826087,19.273799999609764,500,500,333.0,1501.5015015015017,,False,12.859400000706955
139,exp1-completion-paced,66,264,0.2689000002646935,3.2565000001341105,33.0578000002788,29.801300000144693,0.0203999998120707,21.49180000014894,500,133,15.469500000108384,21.531400000640133,False,133,0.019099999917671,0.02050000057352,0.0168999995366903,5.737299999964307,0.1373000004605273,0.0288000001091859,15.469500000108384,0.1017999993564444,0.0,21.49180000014894,21.531400000640133,21.498199999768985,500,500,333.0,1501.5015015015017,,False,11.52639999963867
140,exp1-completion-paced,66,264,0.4673000003094785,2.023400000325637,41.90300000027492,39.87959999994928,0.0227000000450061,20.76889999989362,500,134,15.354800000750402,20.82239999981539,False,134,0.0221000000237836,0.0313999998979852,0.0577000000703264,5.087399999865738,0.141299999995681,0.0303999995594494,15.354800000750402,0.0970999999481136,0.0,20.76889999989362,20.82239999981539,20.772500000020955,500,500,333.0,1501.5015015015017,,False,21.080600000459533
141,exp1-completion-paced,66,264,0.2580999998826883,1.214599999912025,44.80299999977433,43.588399999862304,0.0280000003840541,27.106100000310107,500,135,21.902200000113226,27.14879999984987,False,135,0.0184999998964485,0.024199999643315,0.0184000000444939,4.783700000189128,0.1414999996995902,0.0342000003001885,21.902200000113226,0.2258999993500765,0.0,27.106100000310107,27.14879999984987,27.11339999950724,500,500,333.0,1501.5015015015017,,False,17.654199999924458
142,exp1-completion-paced,66,264,0.2580000000307336,1.2483999998949002,45.19639999944047,43.94799999954557,0.0210000007427879,21.9716999999946,500,136,16.462399999909394,22.019000000000236,False,136,0.017899999875226,0.0294000001304084,0.0175999994098674,5.21630000002915,0.1341000006505055,0.0274999993052915,16.462399999909394,0.1136000000769854,0.0,21.9716999999946,22.019000000000236,21.9781999994666,500,500,333.0,1501.5015015015017,,False,23.177399999440237
143,exp1-completion-paced,66,264,0.4414000004544505,0.071100000241131,48.206999999820255,48.13589999957912,0.0261000004684319,36.323799999991024,500,137,26.72770000026503,36.38700000010431,False,137,0.0255999993896693,0.0376000007236143,0.0272999996013822,8.977999999842723,0.2635000000736909,0.1149999998233397,26.72770000026503,0.2119999999194988,0.0,36.323799999991024,36.38700000010431,36.33389999959036,500,500,333.0,1501.5015015015017,,False,11.819999999715947
144,exp1-completion-paced,66,264,0.2932999996119179,0.0528999999005463,43.82209999948827,43.76919999958773,0.0283999997918726,35.64600000026985,500,138,27.872800000295683,35.71550000015122,False,138,0.0344000000040978,0.0350999998772749,0.025899999855028,7.198600000265287,0.2522000004319125,0.0649999992674565,27.872800000295683,0.2311999996891245,0.0,35.64600000026985,35.71550000015122,35.65529999923456,500,500,333.0,1501.5015015015017,,False,8.10659999933705
145,exp1-completion-paced,66,264,0.4559999997582054,0.0679999993735691,49.26519999935408,49.19719999998051,0.0307000000248081,36.45909999977448,500,139,27.244900000368943,36.5313000002061,False,139,0.0281000002360087,0.0441000001956126,0.0264999998762505,8.565199999793549,0.2633000003697816,0.1176999994640937,27.244900000368943,0.2410999995845486,0.0,36.45909999977448,36.5313000002061,36.468600000262086,500,500,333.0,1501.5015015015017,,False,12.73389999914798
146,exp1-completion-paced,66,264,0.4672000004575238,2.551800000219373,52.77289999958157,50.2210999993622,0.0313999998979852,35.4403999999704,500,140,27.43100000043341,35.48739999951067,False,140,0.0209999998332932,0.0259999997069826,0.0261000004684319,7.386399999631976,0.2659000001585809,0.1234999999724095,27.43100000043341,0.2071999997497187,0.0,35.4403999999704,35.48739999951067,35.446300000330666,500,500,333.0,1501.5015015015017,,False,17.285500000070897
147,exp1-completion-paced,66,264,0.3101000002061482,2.134700000169687,28.34679999978107,26.212099999611382,0.0181999994310899,19.921899999644666,500,141,15.042799999719136,19.967399999586632,False,141,0.0184000000444939,0.027099999897473,0.0185999997484032,4.605500000252505,0.1340999997410108,0.0280000003840541,15.042799999719136,0.0926000002436922,0.0,19.921899999644666,19.967399999586632,19.928900000195423,500,500,333.0,1501.5015015015017,,False,8.379400000194437
148,exp1-completion-paced,66,264,0.2956999996968079,1.1489999997138511,29.98589999970136,28.83689999998751,0.0185999997484032,19.31319999948755,500,142,14.44089999949938,19.35640000010608,False,142,0.0191999997696257,0.0240000008489005,0.0174999995579128,4.502200000388257,0.1336999994236976,0.0281000002360087,14.44089999949938,0.190600000678387,0.0,19.31319999948755,19.35640000010608,19.320000000334403,500,500,333.0,1501.5015015015017,,False,10.629499999595279
149,exp1-completion-paced,66,264,0.4686000002038781,0.0688000000081956,59.20689999948081,59.138099999472615,0.0328999994962941,36.8994999998904,500,143,27.870400000210797,37.07070000018575,False,143,0.0304000004689442,0.1407999998264131,0.0259999997069826,8.339400000295427,0.2640000002429588,0.119099999210448,27.870400000210797,0.2801999999064719,0.0,36.8994999998904,37.07070000018575,36.90969999934168,500,500,333.0,1501.5015015015017,,False,22.13619999929506
150,exp1-completion-paced,66,264,0.2812000002450077,2.271399999699497,33.821699999862176,31.55030000016268,0.0186000006578979,18.899100000453476,500,144,14.221000000361528,18.94920000086131,False,144,0.0265000007857452,0.0235999996220925,0.0172000000020489,4.388700000163226,0.1332000001639244,0.0273999994533369,14.221000000361528,0.1113999996960046,0.0,18.899100000453476,18.94920000086131,18.90589999948133,500,500,333.0,1501.5015015015017,,False,14.872499999000866
151,exp1-completion-paced,66,264,0.273600000582519,2.738899999712885,33.07589999985794,30.337000000145053,0.0179000007847207,19.073699999353263,500,145,14.236500000151864,19.11409999956959,False,145,0.0174999995579128,0.0229000006584101,0.0331999999616527,4.516599999988102,0.1378999995722551,0.0271999997494276,14.236500000151864,0.1221000002260552,0.0,19.073699999353263,19.11409999956959,19.08050000020012,500,500,333.0,1501.5015015015017,,False,13.961800000288349
152,exp1-completion-paced,66,264,0.2692000007300521,4.2644999994081445,32.55300000000716,28.28850000059901,0.0174999995579128,19.481899999846064,500,146,14.677099999971688,19.52009999968141,False,146,0.0176000003193621,0.02059999951598,0.0182000003405846,4.514899999776389,0.1356000002488144,0.0294000001304084,14.677099999971688,0.1064999996742699,0.0,19.481899999846064,19.52009999968141,19.48840000022756,500,500,333.0,1501.5015015015017,,False,13.03290000032575
153,exp1-completion-paced,66,264,0.2782999999908497,4.350000000158616,37.25539999959437,32.90539999943576,0.017699999261822,19.66320000065025,500,147,14.970300000641146,19.72660000046744,False,147,0.0177000001713167,0.0456999996458762,0.0178000000232714,4.3837000002895365,0.1333999998678336,0.039900000047055,14.970300000641146,0.1178999991680029,0.0,19.66320000065025,19.72660000046744,19.68089999991207,500,500,333.0,1501.5015015015017,,False,17.528799999126928
154,exp1-completion-paced,66,264,0.2829000004567206,1.2145000000600703,34.592300000440446,33.377800000380375,0.0191999997696257,19.57609999954002,500,148,14.766100000088043,19.62809999986348,False,148,0.019300000531075,0.0326999997923849,0.0175999994098674,4.522200000792509,0.1339999998890562,0.030999999580672,14.766100000088043,0.1050999999279156,0.0,19.57609999954002,19.62809999986348,19.58310000009078,500,500,333.0,1501.5015015015017,,False,14.964200000576966
155,exp1-completion-paced,66,264,0.2694999993764213,0.0467999998363666,42.642200000045705,42.59540000020934,0.0178000000232714,20.894100000077746,500,149,15.512799999669369,21.133199999894718,False,149,0.0184000000444939,0.2206999997724779,0.0176000003193621,5.079900000055204,0.1391999994666548,0.028500000553322,15.512799999669369,0.1159000003099208,0.0,20.894100000077746,21.133199999894718,20.90130000033241,500,500,333.0,1501.5015015015017,,False,21.509000000150987
156,exp1-completion-paced,66,264,0.2752000000327825,1.2330999998084735,33.08920000017679,31.856100000368315,0.019099999917671,19.66670000001613,500,150,14.679799999612442,19.728899999790883,False,150,0.017699999261822,0.0445000005129259,0.0173999997059581,4.694299999755458,0.146300000778865,0.0277999997706501,14.679799999612442,0.100899999779358,0.0,19.66670000001613,19.728899999790883,19.67379999950936,500,500,333.0,1501.5015015015017,,False,13.360300000385905
157,exp1-completion-paced,66,264,0.4603999996106722,0.0876000003700028,48.11120000067604,48.02360000030603,0.0266000006376998,34.91550000035204,500,151,25.613000000703323,35.1782000007006,False,151,0.0288000001091859,0.2339000002393731,0.0251000001298962,8.688799999617913,0.2473000004101777,0.107199999547447,25.613000000703323,0.2336999996259692,0.0,34.91550000035204,35.1782000007006,34.92590000041673,500,500,333.0,1501.5015015015017,,False,12.932999999975443
158,exp1-completion-paced,66,264,0.4439999993337551,1.049299999976938,55.442600000787934,54.393300000811,0.0539000002390821,36.4873999997144,500,152,26.891299999988405,36.5444999997635,False,152,0.0236999994740472,0.0334000005750567,0.0487999996039434,8.964499999819964,0.2498000003470224,0.1129000002038083,26.891299999988405,0.2196999994339421,0.0,36.4873999997144,36.5444999997635,36.497599999165686,500,500,333.0,1501.5015015015017,,False,18.89810000102443
159,exp1-completion-paced,66,264,0.2726000002439832,2.6671000005080714,33.484600000520004,30.817500000011933,0.0179999997271806,23.176799999419018,500,153,17.94250000057218,23.22169999933976,False,153,0.0201999991986667,0.0247000007220776,0.0165999999808263,4.918999999972584,0.1348999994661426,0.0294000001304084,17.94250000057218,0.1341999995929654,0.0,23.176799999419018,23.22169999933976,23.1831000000966,500,500,333.0,1501.5015015015017,,False,10.262900001180245
160,exp1-completion-paced,66,264,0.2590000003692694,2.7423999999882653,28.04379999997764,25.30139999998937,0.0210999996852478,20.60130000063509,500,154,15.051200000016252,20.83829999992304,False,154,0.0180999995791353,0.2188999997088103,0.307000000248081,4.950600000483973,0.1370999998471234,0.0466000001324573,15.051200000016252,0.1085999992938013,0.0,20.60130000063509,20.83829999992304,20.61279999998078,500,500,333.0,1501.5015015015017,,False,7.205500000054599
161,exp1-completion-paced,66,264,0.2737999993769335,0.0603999997110804,31.6049999992174,31.54459999950632,0.0163000004249624,19.71249999951397,500,155,14.831800000138172,19.752999999582244,False,155,0.0178000000232714,0.0227000000450061,0.016699999832781,4.505799999606097,0.1975000004676985,0.0470999993922305,14.831800000138172,0.1134000003730761,0.0,19.71249999951397,19.752999999582244,19.719200000508863,500,500,333.0,1501.5015015015017,,False,11.851999999635158
162,exp1-completion-paced,66,264,0.2617000000100233,0.0538999993295874,40.76329999952577,40.70940000019618,0.024499999199179,26.30569999928412,500,156,21.169600000575883,26.372799999990093,False,156,0.02050000057352,0.0466000001324573,0.0182999992830446,4.715800000667514,0.1453999993827892,0.0423999999838997,21.169600000575883,0.2138999998351209,0.0,26.30569999928412,26.372799999990093,26.31269999983488,500,500,333.0,1501.5015015015017,,False,14.390499999535677
163,exp1-completion-paced,66,264,0.4537000004347646,0.0655000003462191,48.10290000023088,48.037399999884656,0.022000000171829,34.97629999947094,500,157,25.73620000021037,35.1660999995147,False,157,0.0212999993891571,0.1685000006546033,0.0239999999394058,8.729999999559368,0.255200000538025,0.112499999886495,25.73620000021037,0.1181999996333615,0.0,34.97629999947094,35.1660999995147,34.98680000029708,500,500,333.0,1501.5015015015017,,False,12.936800000716183
164,exp1-completion-paced,66,264,0.4700999998021871,1.190800000586023,52.06910000015341,50.87829999956739,0.0325999999404302,37.42670000065118,500,158,28.35570000024745,37.48910000012984,False,158,0.0251000001298962,0.037299999348761,0.0276000000667409,8.458600000267325,0.2482999998392188,0.11369999992894,28.35570000024745,0.2224999998361454,0.0,37.42670000065118,37.48910000012984,37.43729999951029,500,500,333.0,1501.5015015015017,,False,14.580000000023574
165,exp1-completion-paced,66,264,0.2681000005395617,0.0497000000905245,41.64260000015929,41.59290000006877,0.0266999995801597,29.132900000149675,500,159,19.66400000037538,29.254400000354508,False,159,0.0229000006584101,0.0985999995464226,0.01810000048863,8.965299999545095,0.2571000004536472,0.1147999992099357,19.66400000037538,0.1134000003730761,0.0,29.132900000149675,29.254400000354508,29.14050000072166,500,500,333.0,1501.5015015015017,,False,12.388199999804783
166,exp1-completion-paced,66,264,0.2832999998645391,3.840200000013283,54.00590000044758,50.1657000004343,0.0207000002774293,36.55419999995502,500,160,27.37509999951726,36.68849999939994,False,160,0.0211999995372025,0.1130999999077175,0.025600000299164,8.65799999974115,0.2624000007926952,0.1205999997182516,27.37509999951726,0.1123000001825857,0.0,36.55419999995502,36.68849999939994,36.56439999940631,500,500,333.0,1501.5015015015017,,False,17.317400001047645
167,exp1-completion-paced,66,264,0.2729999996518018,1.2657999996008584,31.51449999950273,30.248699999901877,0.0182000003405846,20.96689999962109,500,161,15.791599999829486,21.01929999935237,False,161,0.0271999997494276,0.0251999999818508,0.0176000003193621,4.873500000030617,0.1377999997203005,0.0302999997074948,15.791599999829486,0.1159000003099208,0.0,20.96689999962109,21.01929999935237,20.973099999537222,500,500,333.0,1501.5015015015017,,False,10.495200000150358
168,exp1-completion-paced,66,264,0.2758999999059597,0.0585000007049529,48.22260000037204,48.16409999966709,0.0306000001728534,36.3627999995515,500,162,28.3636000003753,36.40639999957784,False,162,0.0187999994523124,0.0248000005740323,0.0179999997271806,7.295599999451952,0.342100000125356,0.1141000002462533,28.3636000003753,0.2289999993081437,0.0,36.3627999995515,36.40639999957784,36.36999999980617,500,500,333.0,1501.5015015015017,,False,11.816200000794197
169,exp1-completion-paced,66,264,0.4810000000361469,2.551000000494241,36.85850000056234,34.3075000000681,0.0190000000657164,19.96599999984028,500,163,14.859699999760778,20.0247999991916,False,163,0.0221999998757382,0.0365999994755839,0.0188000003618071,4.804399999557063,0.1384000006510177,0.0297999995382269,14.859699999760778,0.1147000002674758,0.0,19.96599999984028,20.0247999991916,19.973899999968125,500,500,333.0,1501.5015015015017,,False,16.833700001370737
170,exp1-completion-paced,66,264,0.2669999994395766,1.1911999999938416,48.1221000000005,46.93090000000666,0.0215000000025611,32.77600000001257,500,164,25.76090000002296,32.83590000046388,False,164,0.0200000004042522,0.039900000047055,0.0271999997494276,6.599199999982375,0.1381000001856591,0.0297999995382269,25.76090000002296,0.220400000216614,0.0,32.77600000001257,32.83590000046388,32.797300000311225,500,500,333.0,1501.5015015015017,,False,15.28619999953662
171,exp1-completion-paced,66,264,0.2875000000130967,1.2486000005083042,38.14180000063061,36.89320000012231,0.0183000001925393,22.4833000002036,500,165,17.166600000564358,22.54709999942861,False,165,0.0291999995170044,0.034599999708007,0.0194000003830296,5.007400000067719,0.141000000439817,0.0299999992421362,17.166600000564358,0.1186999998026294,0.0,22.4833000002036,22.54709999942861,22.491599999739265,500,500,333.0,1501.5015015015017,,False,15.594700001202
172,exp1-completion-paced,66,264,0.2844000000550295,1.22060000012425,53.00770000030752,51.78710000018327,0.0209999998332932,37.55989999990561,500,166,29.00469999985944,37.622999999257445,False,166,0.0253999996857601,0.0376999996660742,0.0196000000869389,7.885400000304799,0.262999999904423,0.1168999997389619,29.00469999985944,0.2698000007512746,0.0,37.55989999990561,37.622999999257445,37.568100000498816,500,500,333.0,1501.5015015015017,,False,15.384700001050078
173,exp1-completion-paced,66,264,0.275800000054005,1.2908999997307546,36.12259999954404,34.83169999981328,0.0197999997908482,19.993500000055064,500,167,14.916899999661837,20.0395000001663,False,167,0.0175000004674075,0.0284999996438273,0.0185999997484032,4.763000000821194,0.1373999994029873,0.0310000004901667,14.916899999661837,0.1265000000785221,0.0,19.993500000055064,20.0395000001663,20.00140000018291,500,500,333.0,1501.5015015015017,,False,16.083099999377744
174,exp1-completion-paced,66,264,0.2719000003708061,1.267300000108662,42.207800000142015,40.94050000003335,0.0223999995796475,22.692900000038208,500,168,15.600200000335462,22.733900000275757,False,168,0.0191999997696257,0.0218000004679197,0.0263000001723412,6.767899999431393,0.1412000001437263,0.029499999982363,15.600200000335462,0.1275999993595178,0.0,22.692900000038208,22.733900000275757,22.699000000102387,500,500,333.0,1501.5015015015017,,False,19.47389999986626
175,exp1-completion-paced,66,264,0.4591000006257673,3.5545999999158084,39.4693999996889,35.914799999773095,0.02050000057352,20.309200000156125,500,169,15.174600000136708,20.354899999802,False,169,0.0207000002774293,0.0249999993684468,0.0174000006154528,4.8206999999820255,0.1382000000376138,0.026899999284069,15.174600000136708,0.1312000003963476,0.0,20.309200000156125,20.354899999802,20.316799999818613,500,500,333.0,1501.5015015015017,,False,19.114499999886903
176,exp1-completion-paced,66,264,0.4528999998001382,2.551300000050105,37.54480000043259,34.99350000038248,0.0197999997908482,22.08749999954307,500,170,16.438799999377807,22.13449999999284,False,170,0.0204000007215654,0.0265999997282051,0.0196999999388935,5.323899999893911,0.1400000001012813,0.0318000002152984,16.438799999377807,0.1331000003119697,0.0,22.08749999954307,22.13449999999284,22.09489999950165,500,500,333.0,1501.5015015015017,,False,15.410300000439747
177,exp1-completion-paced,66,264,0.2739000001383829,2.7459999992061057,50.99939999945491,48.2534000002488,0.0219000003198743,34.402800000862044,500,171,29.2037999997774,34.45390000069892,False,171,0.0221000000237836,0.0289999998130952,0.0184000000444939,4.73500000043714,0.1388000000588363,0.0269000001935637,29.2037999997774,0.2795999998852494,0.0,34.402800000862044,34.45390000069892,34.41050000037649,500,500,333.0,1501.5015015015017,,False,16.545499998755986
178,exp1-completion-paced,66,264,0.3430000006119371,1.681799999460054,47.244899999896006,45.56310000043595,0.0301000000035855,39.37650000079884,500,172,29.29149999999936,39.65150000021822,False,172,0.0291999995170044,0.2457999999023741,0.0227000000450061,9.392900000420925,0.2585000002000015,0.1195999993797158,29.29149999999936,0.2909000004365225,0.0,39.37650000079884,39.65150000021822,39.382900000418886,500,500,333.0,1501.5015015015017,,False,7.593399999677786
179,exp1-completion-paced,66,264,0.262999999904423,1.2792999996236176,38.70639999968262,37.427100000059,0.0209999998332932,21.920999999565534,500,173,16.339300000254298,21.97989999967831,False,173,0.0172999998540035,0.0416000002587679,0.0161999996635131,5.243900000095891,0.134700000671728,0.0271999997494276,16.339300000254298,0.1594999994267709,0.0,21.920999999565534,21.97989999967831,21.92740000009508,500,500,333.0,1501.5015015015017,,False,16.726500000004307
180,exp1-completion-paced,66,264,0.2809000006891438,4.17970000034984,48.99289999957546,44.81319999922562,0.0239000000874511,32.305900000210386,500,174,21.580700000413344,32.35769999992044,False,174,0.0204999996640253,0.0313000000460306,0.0251000001298962,10.188400000515683,0.2607999995234422,0.1156999996965169,21.580700000413344,0.1350000002275919,0.0,32.305900000210386,32.35769999992044,32.31730000061361,500,500,333.0,1501.5015015015017,,False,16.635199999655015
181,exp1-completion-paced,66,264,0.4661000002670334,2.109399999426387,45.51759999958449,43.4082000001581,0.0224000004891422,23.95020000039949,500,175,15.935000000354194,23.99520000017219,False,175,0.0196999999388935,0.0252999998338054,0.0187000005098525,7.683799999540497,0.1493999998274375,0.0288000001091859,15.935000000354194,0.1343000003544148,0.0,23.95020000039949,23.99520000017219,23.957700000210025,500,500,333.0,1501.5015015015017,,False,21.5223999994123
182,exp1-completion-paced,66,264,0.2769000002444954,1.250899999831745,39.62400000000344,38.37310000017169,0.0199999994947575,29.11550000044372,500,176,18.817899999703517,29.171600000154285,False,176,0.0192999996215803,0.0368000000889878,0.0355000001945882,9.963499999685157,0.1393000002281041,0.0293000002784538,18.817899999703517,0.1297999997404986,0.0,29.11550000044372,29.171600000154285,29.121999999915715,500,500,333.0,1501.5015015015017,,False,10.452399999849156
183,exp1-completion-paced,66,264,0.2704999997149571,1.2661999999181717,30.094699999608565,28.828499999690397,0.0364999996236292,21.96249999997235,500,177,16.066099999989092,22.01090000016848,False,177,0.0197999997908482,0.0286000004052766,0.0191999997696257,5.564899999626505,0.1447000004191068,0.0295999998343177,16.066099999989092,0.1376000000163912,0.0,21.96249999997235,22.01090000016848,21.96989999993093,500,500,333.0,1501.5015015015017,,False,8.083799999440085
184,exp1-completion-paced,66,264,0.275800000054005,1.7745000004651956,49.71190000014758,47.937399999682384,0.0213999992411118,35.209799999393,500,178,24.924100000134786,35.3410999996413,False,178,0.0195000002349843,0.1118000000133179,0.0246999998125829,9.6319999993284,0.2537000000302214,0.1103000004150089,24.924100000134786,0.2647000001161359,0.0,35.209799999393,35.3410999996413,35.21970000019792,500,500,333.0,1501.5015015015017,,False,14.370800000506279
185,exp1-completion-paced,66,264,0.27219999992667,2.739599999586062,49.87099999925704,47.131399999670975,0.0288000001091859,38.28549999980169,500,179,27.35080000002199,38.33589999976539,False,179,0.0198999996428028,0.0305000003208988,0.0270000000455183,10.248099999444094,0.2624999997351551,0.1236000007338589,27.35080000002199,0.273199999355711,0.0,38.28549999980169,38.33589999976539,38.29559999940102,500,500,333.0,1501.5015015015017,,False,11.53509999949165
186,exp1-completion-paced,66,264,0.4642000003514113,2.5139999997918494,41.94230000030075,39.4283000005089,0.022000000171829,28.357499999401625,500,180,18.43600000029255,28.40809999997873,False,180,0.0186000006578979,0.0319999999192077,0.0182999992830446,9.598600000572333,0.1431000000593485,0.0272999996013822,18.43600000029255,0.1339999998890562,0.0,28.357499999401625,28.40809999997873,28.371399999741698,500,500,333.0,1501.5015015015017,,False,13.534200000322016
187,exp1-completion-paced,66,264,0.3827000000455882,1.1388000002625631,42.61709999991581,41.478299999653245,0.0240999997913604,29.18279999994411,500,181,23.29379999991943,29.228400000647525,False,181,0.0196999999388935,0.0259000007645227,0.0182999992830446,5.573200000071665,0.1418000001649488,0.0276999999186955,23.29379999991943,0.1277999999729218,0.0,29.18279999994411,29.228400000647525,29.190899999775866,500,500,333.0,1501.5015015015017,,False,13.388699999268283
188,exp1-completion-paced,66,264,0.475600000754639,1.0657000002538553,57.23609999949986,56.170399999246,0.0306000001728534,39.8843000002671,500,182,29.00549999958457,39.98649999994086,False,182,0.0307000000248081,0.0714999996489496,0.0267000004896544,10.205099999438971,0.2602000004117144,0.1142999999501626,29.00549999958457,0.2722999997786246,0.0,39.8843000002671,39.98649999994086,39.89179999916814,500,500,333.0,1501.5015015015017,,False,17.249599999558995
189,exp1-completion-paced,66,264,0.4596999997374951,1.4864000004308764,56.623100000251725,55.13669999982085,0.0354000003426335,36.30040000007284,500,183,25.457300000198305,36.35029999986728,False,183,0.0202000001081614,0.0296999996862723,0.0257000001511187,10.302499999852444,0.2684999999473803,0.1154000001406529,25.457300000198305,0.1308000000790343,0.0,36.30040000007284,36.35029999986728,36.31030000087776,500,500,333.0,1501.5015015015017,,False,20.272800000384443
190,exp1-completion-paced,66,264,0.2877000006265007,0.0760000002628658,37.73180000007415,37.65579999981128,0.0303999995594494,24.697000000742264,500,184,17.0365000003585,24.744500000451808,False,184,0.0197999997908482,0.0276999999186955,0.0194000003830296,7.122199999685108,0.2658000003066263,0.1205999997182516,17.0365000003585,0.1321999998253886,0.0,24.697000000742264,24.744500000451808,24.704299999939398,500,500,333.0,1501.5015015015017,,False,12.987299999622344
191,exp1-completion-paced,66,264,0.2754000006461865,1.2354999998933636,35.60560000005353,34.370100000160164,0.0211000005947425,21.824499999638647,500,185,15.99030000033963,21.873800000321356,False,185,0.0229000006584101,0.0264000000242958,0.0202000001081614,5.510799999683513,0.1417000003129942,0.0287999991996912,15.99030000033963,0.1325000002907472,0.0,21.824499999638647,21.873800000321356,21.83289999993576,500,500,333.0,1501.5015015015017,,False,13.731799999732171
192,exp1-completion-paced,66,264,0.2822000005835434,0.0509999999849242,47.23400000057154,47.18300000058662,0.0210999996852478,24.57909999975527,500,186,17.47319999958563,24.629599999570928,False,186,0.0198999996428028,0.0306000001728534,0.0183000001925393,6.583800000043993,0.256700000136334,0.117800000225543,17.47319999958563,0.1290999998673214,0.0,24.57909999975527,24.629599999570928,24.586399999861897,500,500,333.0,1501.5015015015017,,False,22.604400001000613
193,exp1-completion-paced,66,264,0.271999999313266,1.2266000003364752,36.08030000032159,34.85369999998511,0.0198999996428028,20.15469999969355,500,187,15.05890000044019,20.19469999959256,False,187,0.0178000000232714,0.0221999998757382,0.017899999875226,4.7531999998682295,0.1338000001851469,0.0273999994533369,15.05890000044019,0.16330000016751,0.0,20.15469999969355,20.19469999959256,20.161400000688445,500,500,333.0,1501.5015015015017,,False,15.885600000729031
194,exp1-completion-paced,66,264,0.2701000003071385,1.2195999997857143,32.028100000388804,30.80850000060309,0.0181999994310899,20.522300000266117,500,188,15.215300000818388,20.56200000060926,False,188,0.0172999998540035,0.0224000004891422,0.0238000002354965,4.993699999431556,0.1337000003331923,0.0267999994321144,15.215300000818388,0.1288999992539174,0.0,20.522300000266117,20.56200000060926,20.528600000034203,500,500,333.0,1501.5015015015017,,False,11.466099999779544
195,exp1-completion-paced,66,264,0.2538999997341307,2.756099999714934,41.08189999988099,38.325800000166055,0.0172999998540035,20.910999999614432,500,189,15.435299999808194,20.96559999972669,False,189,0.0228999997489154,0.0317000003633438,0.017899999875226,5.168799999410112,0.133300000015879,0.0304000004689442,15.435299999808194,0.1251000003321678,0.0,20.910999999614432,20.96559999972669,20.91770000060933,500,500,333.0,1501.5015015015017,,False,20.116300000154297
196,exp1-completion-paced,66,264,0.2725999993344885,0.0690999995640595,33.644099999946775,33.575000000382715,0.0188999993042671,22.21540000027744,500,190,14.607099999921047,22.323900000628782,False,190,0.0270000000455183,0.081500000305823,0.0245000001086737,7.27660000029573,0.1460999992559664,0.0322000005326117,14.607099999921047,0.1286999995500082,0.0,22.21540000027744,22.323900000628782,22.225899999284596,500,500,333.0,1501.5015015015017,,False,11.320199999317992
197,exp1-completion-paced,66,264,0.2599999997983104,1.340099999652011,48.30839999976888,46.96830000011687,0.0202000001081614,35.465700000713696,500,191,26.18369999981951,35.58860000066488,False,191,0.0199000005522975,0.1029999993988894,0.0245999999606283,8.741500000724045,0.2512000000933767,0.121699999908742,26.18369999981951,0.1427999995939899,0.0,35.465700000713696,35.58860000066488,35.47509999953036,500,500,333.0,1501.5015015015017,,False,12.719799999103998
198,exp1-completion-paced,66,264,0.2828000006047659,1.217699999870092,35.103000000162865,33.88530000029277,0.0184000000444939,20.54469999984576,500,192,15.31050000085088,20.617000000129337,False,192,0.025600000299164,0.0466999999844119,0.0161999996635131,4.891100000349979,0.1361999993605422,0.03870000000461,15.31050000085088,0.1517999999123276,0.0,20.54469999984576,20.617000000129337,20.55079999990994,500,500,333.0,1501.5015015015017,,False,14.486000000033528
199,exp1-completion-paced,66,264,0.2696999999898253,0.0476000004709931,29.04830000079528,29.000700000324287,0.0218000004679197,21.0175000001982,500,193,15.998100000615525,21.05959999971674,False,193,0.0194999993254896,0.0226000001930515,0.0176000003193621,4.716599999483151,0.1329000006080605,0.0273999994533369,15.998100000615525,0.1247000000148546,0.0,21.0175000001982,21.05959999971674,21.024900000156777,500,500,333.0,1501.5015015015017,,False,7.988700001078541
200,exp1-completion-paced,66,264,0.2696999999898253,0.0605999994149897,29.50719999989815,29.44660000048316,0.0182000003405846,20.259599999917555,500,194,15.313599999899452,20.300899999710964,False,194,0.0188000003618071,0.0224999994316021,0.0247000007220776,4.636499999833177,0.1327999998466111,0.0283999997918726,15.313599999899452,0.1234999999724095,0.0,20.259599999917555,20.300899999710964,20.26630000000296,500,500,333.0,1501.5015015015017,,False,9.206300000187184
201,exp1-completion-paced,66,264,0.2694000004339614,0.0537000005351728,30.99670000028709,30.94299999975192,0.0196999999388935,20.083899999917776,500,195,15.009700000518931,20.127100000536306,False,195,0.0178000000232714,0.0254000005952548,0.0170999992405995,4.77110000065295,0.1339000000371015,0.028099999326514,15.009700000518931,0.1237999995282734,0.0,20.083899999917776,20.127100000536306,20.090600000003175,500,500,333.0,1501.5015015015017,,False,10.869599999750783
202,exp1-completion-paced,66,264,0.2766999996310915,1.220399999510846,49.88760000014736,48.66720000063651,0.0320999997711624,37.68270000000484,500,196,28.255299999727868,37.95009999976173,False,196,0.0406999997721868,0.226699999984703,0.0235999996220925,8.72570000046835,0.2560000002631568,0.1260999997612089,28.255299999727868,0.2956999996968079,0.0,37.68270000000484,37.95009999976173,37.68999999920197,500,500,333.0,1501.5015015015017,,False,11.937500000385626
203,exp1-completion-paced,66,264,0.2655999996932223,0.2077999997709412,57.91919999956008,57.71139999978914,0.0638999999864609,37.90330000083486,500,197,28.13630000036937,38.037700000131736,False,197,0.0191999997696257,0.115199999527249,0.028299999939918,9.070900000551774,0.2643999996507773,0.1192999998238519,28.13630000036937,0.283800000033807,0.0,37.90330000083486,38.037700000131736,37.96590000001743,500,500,333.0,1501.5015015015017,,False,19.881499999428343
204,exp1-completion-paced,66,264,0.2819999999701394,1.2692999998762389,38.083800000094925,36.814500000218686,0.0199999994947575,26.160299999901326,500,198,20.79429999957938,26.209300000118677,False,198,0.0245999999606283,0.024400000256719,0.0176000003193621,5.052299999988463,0.1390999996147002,0.0311000003421213,20.79429999957938,0.125800000205345,0.0,26.160299999901326,26.209300000118677,26.16560000024037,500,500,333.0,1501.5015015015017,,False,11.874499999976248
205,exp1-completion-paced,66,264,0.279699999737204,2.710800000386371,42.66610000013316,39.95529999974679,0.0211999995372025,20.336800000222865,500,199,15.079599999808124,20.3867000000173,False,199,0.022000000171829,0.0278999996226048,0.0182000003405846,4.930799999783631,0.1381000001856591,0.0405999999202322,15.079599999808124,0.1293000004807254,0.0,20.336800000222865,20.3867000000173,20.3443000000334,500,500,333.0,1501.5015015015017,,False,22.279400000115864
206,exp1-completion-paced,66,264,0.2809000006891438,0.0554000007468857,36.213800000041374,36.15839999929449,0.0286999993477365,20.406999999977412,500,200,15.056200000799436,20.453499999348423,False,200,0.0202999999601161,0.0261999994108919,0.0199000005522975,5.021899999519519,0.1399000002493267,0.0290999996650498,15.056200000799436,0.1397999994878773,0.0,20.406999999977412,20.453499999348423,20.41509999980917,500,500,333.0,1501.5015015015017,,False,15.76030000069295
207,exp1-completion-paced,66,264,0.4546000000118511,1.0564000003796536,36.86770000058459,35.81130000020494,0.0225000003410968,21.873899999263813,500,201,16.725399999813817,21.921199999269447,False,201,0.0215000000025611,0.0258000000030733,0.0182999992830446,4.841200000555546,0.1351000000795466,0.029499999982363,16.725399999813817,0.1241999998455867,0.0,21.873899999263813,21.921199999269447,21.88159999968775,500,500,333.0,1501.5015015015017,,False,14.946500001315144
208,exp1-completion-paced,66,264,0.2822999995260034,0.0713999997969949,31.114700000216544,31.04330000041955,0.02059999951598,20.954499999788823,500,202,15.83299999947485,20.999500000471016,False,202,0.019300000531075,0.0257000001511187,0.0174999995579128,4.793500000232598,0.1416999994034995,0.0425000007453491,15.83299999947485,0.1259999999092542,0.0,20.954499999788823,20.999500000471016,20.960899999408863,500,500,333.0,1501.5015015015017,,False,10.115199999745528
209,exp1-completion-paced,66,264,0.2749000004769186,0.0494999994771205,45.192300000053365,45.14280000057624,0.0267999994321144,25.52040000045963,500,203,20.25659999981144,25.56660000027477,False,203,0.0201000002562068,0.0260999995589372,0.0190000000657164,4.947600000377861,0.1421999995727674,0.0281000002360087,20.25659999981144,0.1266999997824314,0.0,25.52040000045963,25.56660000027477,25.52779999950872,500,500,333.0,1501.5015015015017,,False,19.625699999778593
210,exp1-completion-paced,66,264,0.2726000002439832,1.2252999995325808,33.536699999785924,32.31140000025334,0.0184000000444939,20.32560000043304,500,204,15.305099999750382,20.368999999845983,False,204,0.0191999997696257,0.024199999643315,0.0280000003840541,4.707299999608949,0.1324000004387926,0.0275000002147862,15.305099999750382,0.1252000001841224,0.0,20.32560000043304,20.368999999845983,20.331400000031863,500,500,333.0,1501.5015015015017,,False,13.167699999939941
211,exp1-completion-paced,66,264,0.4398999999466468,0.073799999881885,50.24839999987307,50.17459999999119,0.0292000004264991,37.40369999923132,500,205,28.88199999961216,37.46009999940725,False,205,0.0249999993684468,0.0314000008074799,0.0247999996645376,7.847599999877275,0.2567999999882886,0.1154000001406529,28.88199999961216,0.2768000003925408,0.0,37.40369999923132,37.46009999940725,37.41249999984575,500,500,333.0,1501.5015015015017,,False,12.788300000465824
212,exp1-completion-paced,66,264,0.5019999998694402,1.2507999999797903,56.81340000046475,55.56260000048496,0.0210999996852478,40.02240000045276,500,206,29.445600000144623,40.09720000067318,False,206,0.0320000008287024,0.0427999993917183,0.0294000001304084,9.902200000396988,0.2687999995032442,0.1111999999920954,29.445600000144623,0.2648999998200452,0.0,40.02240000045276,40.09720000067318,40.03479999937554,500,500,333.0,1501.5015015015017,,False,16.71619999979157
213,exp1-completion-paced,66,264,0.4655000002458109,0.1523000000815955,47.99629999979516,47.84399999971356,0.019300000531075,39.67259999990347,500,207,30.172099999617785,39.71809999984544,False,207,0.0212000004466972,0.0242999994952697,0.0187000005098525,8.852299999489333,0.2585000002000015,0.117800000225543,30.172099999617785,0.2529000003050896,0.0,39.67259999990347,39.71809999984544,39.67999999986205,500,500,333.0,1501.5015015015017,,False,8.27819999994972
214,exp1-completion-paced,66,264,0.4750999996758764,1.0211999997409291,56.23900000045978,55.21780000071885,0.0221000000237836,39.79470000012952,500,208,29.545800000050804,39.88290000052075,False,208,0.034800000321411,0.0534000000698142,0.0331000001096981,9.569699999701696,0.2732000002652057,0.1147999992099357,29.545800000050804,0.2577000004748697,0.0,39.79470000012952,39.88290000052075,39.80789999968693,500,500,333.0,1501.5015015015017,,False,16.356099999939033
215,exp1-completion-paced,66,264,0.283599999420403,0.068499999542837,39.38949999974284,39.3210000002,0.0259999997069826,32.58870000081515,500,209,22.48500000041531,32.66700000040146,False,209,0.0483000003441702,0.0299999992421362,0.0258000000030733,9.559400000398456,0.2678000000742031,0.1205999997182516,22.48500000041531,0.1298999995924532,0.0,32.58870000081515,32.66700000040146,32.59909999997035,500,500,333.0,1501.5015015015017,,False,6.72249999934138
216,exp1-completion-paced,66,264,0.2623999998832005,1.2620999996215687,36.56839999985095,35.306300000229385,0.0188000003618071,20.874700000604207,500,210,15.495199999350008,20.91920000020764,False,210,0.019099999917671,0.0253999996857601,0.0184000000444939,5.071600000519538,0.1349999993180972,0.0302000007650349,15.495199999350008,0.1241999998455867,0.0,20.874700000604207,20.91920000020764,20.88149999963207,500,500,333.0,1501.5015015015017,,False,15.649199999643315
217,exp1-completion-paced,66,264,0.2718000005188514,1.269999999749416,39.08940000019357,37.81940000044415,0.0178000000232714,20.938200000273355,500,211,15.696100000241133,21.027300000241667,False,211,0.0617000005149748,0.0273999994533369,0.0178000000232714,4.939200000080746,0.1351000000795466,0.0288000001091859,15.696100000241133,0.1209000001836102,0.0,20.938200000273355,21.027300000241667,20.9448000005068,500,500,333.0,1501.5015015015017,,False,18.062099999951904
218,exp1-completion-paced,66,264,0.2925999997387407,1.7213000000992906,37.55060000003141,35.82929999993212,0.0185999997484032,21.50999999958003,500,212,15.986200000043029,21.555699999225908,False,212,0.0190000000657164,0.0266999995801597,0.0167999996847356,5.195800000365125,0.1426999997420353,0.0409000003855908,15.986200000043029,0.1273999996556085,0.0,21.50999999958003,21.555699999225908,21.517099999982747,500,500,333.0,1501.5015015015017,,False,15.994900000805501
219,exp1-completion-paced,66,264,0.4590999997162726,0.0738000007913797,53.05540000063047,52.98159999983909,0.0202000001081614,38.484499999867694,500,213,27.60979999948177,38.5524000002988,False,213,0.0305000003208988,0.0374000001102103,0.0203999998120707,10.209300000497024,0.250199999754841,0.1252000001841224,27.60979999948177,0.2693000005820067,0.0,38.484499999867694,38.5524000002988,38.49850000005972,500,500,333.0,1501.5015015015017,,False,14.503000000331667
220,exp1-completion-paced,66,264,0.4971999996996601,0.0795999994807061,60.31970000003639,60.240100000555685,0.0202999999601161,40.818899999976566,500,214,30.21549999994022,40.87590000017372,False,214,0.0184000000444939,0.0386000001526554,0.0212000004466972,9.947300000021642,0.2583999994385522,0.1117000001613632,30.21549999994022,0.2645000004122266,0.0,40.818899999976566,40.87590000017372,40.82540000035806,500,500,333.0,1501.5015015015017,,False,19.44379999986267
221,exp1-completion-paced,66,264,0.2696999999898253,1.206800000545627,32.476999999744294,31.270199999198667,0.0180000006366753,21.798800000397023,500,215,15.379100000245671,21.8830000003436,False,215,0.0195000002349843,0.0646999997115926,0.0163000004249624,6.123199999819917,0.135999999656633,0.0282000000879634,15.379100000245671,0.1157999995484715,0.0,21.798800000397023,21.8830000003436,21.83429999968212,500,500,333.0,1501.5015015015017,,False,10.593999999400694
222,exp1-completion-paced,66,264,0.2609000002848916,1.198599999952421,33.03700000014942,31.838400000197,0.0177000001713167,21.9624000001204,500,216,15.609800000675024,22.002799999427225,False,216,0.0167999996847356,0.0235999996220925,0.0175000004674075,6.007799999679264,0.1453000004403293,0.0292999993689591,15.609800000675024,0.1523999999335501,0.0,21.9624000001204,22.002799999427225,21.969000000353844,500,500,333.0,1501.5015015015017,,False,11.034200000722194
223,exp1-completion-paced,66,264,0.2709000000322703,0.0520000003234599,38.06129999975383,38.00929999943037,0.0276000000667409,21.164499999940745,500,217,15.628900000592694,21.204300000135845,False,217,0.0188000003618071,0.0209999998332932,0.0170000002981396,5.239500000243424,0.1335999995717429,0.0277999997706501,15.628900000592694,0.117599999612139,0.0,21.164499999940745,21.204300000135845,21.170799999708837,500,500,333.0,1501.5015015015017,,False,16.856999999617983
224,exp1-completion-paced,66,264,0.2745000001596054,2.2267000003921567,46.83199999999488,44.60529999960272,0.0198999996428028,37.834400000065216,500,218,27.723100000002887,37.931400000161375,False,218,0.0593000004300847,0.0376999996660742,0.0351999997292296,9.417100000064238,0.260300000263669,0.1149999998233397,27.723100000002887,0.2832999998645391,0.0,37.834400000065216,37.931400000161375,37.846799999897485,500,500,333.0,1501.5015015015017,,False,8.900599999833503
225,exp1-completion-paced,66,264,0.2997999999934109,1.164000000244414,41.083899999648565,39.91989999940415,0.0231000003623194,27.43790000022273,500,219,19.49049999984709,27.48310000060883,False,219,0.0196999999388935,0.0255000004472094,0.0170000002981396,7.431599999108585,0.2422000006845337,0.1125999997384497,19.49049999984709,0.1437999999325256,0.0,27.43790000022273,27.48310000060883,27.444700000160083,500,500,333.0,1501.5015015015017,,False,13.600799999039737
226,exp1-completion-paced,66,264,0.2850999999282066,3.7415000006149057,27.57800000017596,23.836499999561056,0.0174000006154528,19.985700000688663,500,220,15.052199999445293,20.065400000021327,False,220,0.0200999993467121,0.0595999999859486,0.0183000001925393,4.627400000572379,0.130899999930989,0.0295999998343177,15.052199999445293,0.1271000000997446,0.0,19.985700000688663,20.065400000021327,20.016800000121293,500,500,333.0,1501.5015015015017,,False,7.5126000001546345
227,exp1-completion-paced,66,264,0.2674999996088445,0.0492999997732113,39.55200000018522,39.502700000412005,0.0184999998964485,20.397900000716614,500,221,15.314900000703346,20.447300000341784,False,221,0.0276999999186955,0.0216999997064704,0.0172000000020489,4.771600000822218,0.1365999996778555,0.0377999995180289,15.314900000703346,0.1194999995277612,0.0,20.397900000716614,20.447300000341784,20.40390000001935,500,500,333.0,1501.5015015015017,,False,19.104699999843433
228,exp1-completion-paced,66,264,0.2643999996507773,0.0805999998192419,51.88379999981407,51.80319999999483,0.0330999992002034,37.91319999982079,500,222,27.224499999647374,37.98559999995632,False,222,0.0196999999388935,0.0527000001966371,0.0270000000455183,9.874599999420752,0.2521000005799578,0.2507999997760635,27.224499999647374,0.2836000003298977,0.0,37.91319999982079,37.98559999995632,37.925100000393286,500,500,333.0,1501.5015015015017,,False,13.898199999857752
229,exp1-completion-paced,66,264,0.4693999999290099,0.0742000001991982,40.62410000005912,40.54989999985992,0.0197999997908482,34.09379999993689,500,223,27.64620000016293,34.160899999733374,False,223,0.0292000004264991,0.0378999993699835,0.0204000007215654,5.80790000003617,0.2595999994809972,0.1301000002058572,27.64620000016293,0.2292999997735023,0.0,34.09379999993689,34.160899999733374,34.1019999996206,500,500,333.0,1501.5015015015017,,False,6.463200000325749
230,exp1-completion-paced,66,264,0.2584000003480469,4.352099999778147,38.11529999984487,33.76320000006672,0.0187999994523124,19.815599999674305,500,224,14.5847000003414,19.87840000037977,False,224,0.0397000003431458,0.0231000003623194,0.017899999875226,4.925899999761896,0.1337000003331923,0.026899999284069,14.5847000003414,0.1264000002265675,0.0,19.815599999674305,19.87840000037977,19.822199999907752,500,500,333.0,1501.5015015015017,,False,18.236899999465102
231,exp1-completion-paced,66,264,0.2819999999701394,2.722400000493508,39.52750000007654,36.80509999958304,0.0219000003198743,21.00729999983741,500,225,15.929000000141968,21.061000000372587,False,225,0.0184000000444939,0.0353000004906789,0.0178000000232714,4.769000000123924,0.1369999999951687,0.0313999998979852,15.929000000141968,0.122899999951187,0.0,21.00729999983741,21.061000000372587,21.016100000451843,500,500,333.0,1501.5015015015017,,False,18.466499999703956
232,exp1-completion-paced,66,264,0.262999999904423,1.260099999853992,41.28119999950286,40.02109999964887,0.0172999998540035,20.57039999999688,500,226,15.374599999631757,20.62670000032085,False,226,0.0272999996013822,0.0290000007225899,0.0168999995366903,4.892900000413647,0.1379999994242098,0.0279000005320995,15.374599999631757,0.1197999999931198,0.0,20.57039999999688,20.62670000032085,20.57659999991301,500,500,333.0,1501.5015015015017,,False,20.65449999918201
233,exp1-completion-paced,66,264,0.2660999998624902,0.050300000111747,31.02760000001581,30.977299999904066,0.0412999997934093,21.32129999972676,500,227,15.929399999549789,21.36400000017602,False,227,0.0183000001925393,0.024400000256719,0.0186999996003578,5.02890000007028,0.1640000000406871,0.0496000002385699,15.929399999549789,0.1306000003751251,0.0,21.32129999972676,21.36400000017602,21.328900000298745,500,500,333.0,1501.5015015015017,,False,9.66359999983979
234,exp1-completion-paced,66,264,0.2800000002025626,1.2126999999964028,39.16930000013963,37.956600000143226,0.0187000005098525,20.27929999985645,500,228,14.902799999617857,20.31850000003033,False,228,0.0165000001288717,0.0227000000450061,0.0184999998964485,5.073699999229575,0.1353000006929505,0.0295999998343177,14.902799999617857,0.1191999999718973,0.0,20.27929999985645,20.31850000003033,20.286599999963077,500,500,333.0,1501.5015015015017,,False,18.8508000001093
235,exp1-completion-paced,66,264,0.2600999996502651,0.8066000000326312,28.54699999988952,27.74039999985689,0.0182000003405846,19.829500000014377,500,229,14.92549999966286,19.87029999963852,False,229,0.0179999997271806,0.0227999998969608,0.0165999999808263,4.614999999830616,0.1312000003963476,0.0288999999611405,14.92549999966286,0.1121000004786765,0.0,19.829500000014377,19.87029999963852,19.83600000039587,500,500,333.0,1501.5015015015017,,False,8.676700000251
236,exp1-completion-paced,66,264,0.2780999993774458,0.0458000004073255,34.56240000014077,34.516599999733444,0.0295999998343177,19.795600000179547,500,230,14.441600000282053,19.84080000056565,False,230,0.017899999875226,0.027300000510877,0.0163999993674224,5.055800000263844,0.138600000354927,0.0289999998130952,14.441600000282053,0.113999999484804,0.0,19.795600000179547,19.84080000056565,19.80159999948228,500,500,333.0,1501.5015015015017,,False,14.721599999575119
237,exp1-completion-paced,66,264,0.4533000001174514,1.0443000001032487,53.473899999517016,52.42959999941377,0.0264999998762505,37.79899999972258,500,231,27.97069999996893,37.8750999998374,False,231,0.0366000003850786,0.0394999997297418,0.030999999580672,9.210799999891606,0.2662000006239395,0.1161999998657847,27.97069999996893,0.2038000002357876,0.0,37.79899999972258,37.8750999998374,37.810300000273855,500,500,333.0,1501.5015015015017,,False,15.598799999679613
238,exp1-completion-paced,66,264,0.4337000000305124,0.0770000006014015,51.73960000047373,51.66259999987233,0.0331999999616527,36.54439999991155,500,232,27.72100000038336,36.59669999979087,False,232,0.0239999999394058,0.028299999939918,0.0201000002562068,8.187800000087009,0.2594999996290426,0.1211999997394741,27.72100000038336,0.234400000408641,0.0,36.54439999991155,36.59669999979087,36.55050000088522,500,500,333.0,1501.5015015015017,,False,15.142900000682857
239,exp1-completion-paced,66,264,0.5043999999543303,0.0811999998404644,52.3934000002555,52.31220000041503,0.0298999993901816,35.96279999965191,500,233,26.56219999971654,36.025700000209326,False,233,0.0296000007438124,0.0332999998136074,0.0252999998338054,8.773599999585713,0.2523000002838671,0.1202000003104331,26.56219999971654,0.2287999996042344,0.0,35.96279999965191,36.025700000209326,35.970199999610486,500,500,333.0,1501.5015015015017,,False,16.36770000004617
240,exp1-completion-paced,66,264,0.4804000000149244,1.008700000056706,55.73370000001887,54.724999999962165,0.0233999999181833,28.57190000031551,500,234,19.27849999992759,28.656800000135263,False,234,0.0315999996018945,0.0533000002178596,0.025600000299164,8.794200000011188,0.2471999996487284,0.1119999997172271,19.27849999992759,0.1141000002462533,0.0,28.57190000031551,28.656800000135263,28.58199999991484,500,500,333.0,1501.5015015015017,,False,27.076899999883608
241,exp1-completion-paced,66,264,0.4663999998228973,2.080599999317201,54.185499999221065,52.10489999990386,0.0227999998969608,37.19529999943916,500,235,28.047200000401062,37.25579999991169,False,235,0.0194000003830296,0.0411000000895001,0.0577999999222811,8.509199999934935,0.2497999994375277,0.1185999999506748,28.047200000401062,0.212199999623408,0.0,37.19529999943916,37.25579999991169,37.20709999925021,500,500,333.0,1501.5015015015017,,False,16.929699999309378
242,exp1-completion-paced,66,264,0.3051999992749188,1.2144000002081157,48.33630000030098,47.12190000009287,0.0301000000035855,26.90849999999045,500,236,21.8525000000227,27.172300000529503,False,236,0.2297000000908156,0.0341000004482339,0.0171000001500942,4.6926999993957,0.1317000005656154,0.0273999994533369,21.8525000000227,0.1867999999376479,0.0,26.90849999999045,27.172300000529503,26.916499999970256,500,500,333.0,1501.5015015015017,,False,21.163999999771477
243,exp1-completion-paced,66,264,0.4728999992948957,0.9949999994205428,46.606599999904574,45.61160000048403,0.0266000006376998,36.66760000032809,500,237,26.22919999976148,36.900400000376976,False,237,0.0235000006796326,0.2092999993692501,0.024400000256719,9.938799999872572,0.2517000002626446,0.1136000000769854,26.22919999976148,0.1095999996323371,0.0,36.66760000032809,36.900400000376976,36.677899999631336,500,500,333.0,1501.5015015015017,,False,9.706199999527598
244,exp1-completion-paced,66,264,0.445900000158872,2.502000000276894,53.09540000052948,50.593400000252586,0.0233000000662286,37.39359999963199,500,238,27.607199999692966,37.45999999955529,False,238,0.0242999994952697,0.0421000004280358,0.0276999999186955,9.13459999992483,0.2659000001585809,0.1343000003544148,27.607199999692966,0.2236000000266358,0.0,37.39359999963199,37.45999999955529,37.403700000140816,500,500,333.0,1501.5015015015017,,False,15.635400000974187
245,exp1-completion-paced,66,264,0.278499999694759,1.2006999995719525,46.64169999978185,45.4410000002099,0.0313000000460306,23.18239999931393,500,239,18.13730000048963,23.23009999963688,False,239,0.0212000004466972,0.0264999998762505,0.0192999996215803,4.64190000002418,0.138399999741523,0.0288999999611405,18.13730000048963,0.2162000000680564,0.0,23.18239999931393,23.23009999963688,23.18920000016078,500,500,333.0,1501.5015015015017,,False,23.41160000014497
246,exp1-completion-paced,66,264,0.4694999997809645,1.0513999995964696,48.70729999947798,47.65589999988151,0.0312000001940759,37.6936000002388,500,240,28.044699999554723,37.75880000011966,False,240,0.0298000004477216,0.0353999994331388,0.0255000004472094,9.005799999613373,0.2729000007093418,0.1187999996545841,28.044699999554723,0.2253000002383487,0.0,37.6936000002388,37.75880000011966,37.70249999979569,500,500,333.0,1501.5015015015017,,False,10.948499999358319
247,exp1-completion-paced,66,264,0.462599999991653,0.924900000427442,52.27540000032605,51.3504999998986,0.0298999993901816,36.22950000044512,500,241,27.04279999943537,36.36030000052415,False,241,0.022000000171829,0.1087999999072053,0.025600000299164,8.542399999896588,0.2568999998402432,0.1207000004797009,27.04279999943537,0.2407000001767301,0.0,36.22950000044512,36.36030000052415,36.23979999974836,500,500,333.0,1501.5015015015017,,False,15.915099999801903
248,exp1-completion-paced,66,264,0.316200000270328,2.203400000325928,29.072500000438595,26.869100000112667,0.0206000004254747,19.28909999969619,500,242,14.384299999619545,19.3303999994896,False,242,0.0180999995791353,0.023200000214274,0.0173999997059581,4.620400000021618,0.1343000003544148,0.0306000001728534,14.384299999619545,0.1019000001178938,0.0,19.28909999969619,19.3303999994896,19.296500000564265,500,500,333.0,1501.5015015015017,,False,9.742100000948994
249,exp1-completion-paced,66,264,0.2855000002455199,1.195900000311667,36.15350000018225,34.95759999987058,0.0196999999388935,19.575000000259024,500,243,14.666500000203088,19.622400000116613,False,243,0.0210999996852478,0.0263000001723412,0.0186999996003578,4.61630000063451,0.1357999999527237,0.0310999994326266,14.666500000203088,0.1063999998223153,0.0,19.575000000259024,19.622400000116613,19.582899999477377,500,500,333.0,1501.5015015015017,,False,16.531100000065635
250,exp1-completion-paced,66,264,0.4699999999502324,0.903199999811477,32.91059999992285,32.007400000111375,0.017899999875226,20.37199999995209,500,244,15.223000000332831,20.41800000006333,False,244,0.0210999996852478,0.0249000004259869,0.0194999993254896,4.847100000006321,0.1406999999744584,0.0293000002784538,15.223000000332831,0.1121999994211364,0.0,20.37199999995209,20.41800000006333,20.37919999929727,500,500,333.0,1501.5015015015017,,False,12.492599999859522
251,exp1-completion-paced,66,264,0.2741999996942468,0.0487999996039434,35.12259999934031,35.073799999736366,0.0322999994750716,20.0857999998334,500,245,13.924800000495452,20.217999999658787,False,245,0.0198999996428028,0.1123000001825857,0.0398000001951004,5.847700000231271,0.1440999994883895,0.0294000001304084,13.924800000495452,0.0997999995888676,0.0,20.0857999998334,20.217999999658787,20.12050000030285,500,500,333.0,1501.5015015015017,,False,14.904599999681523
252,exp1-completion-paced,66,264,0.2739000001383829,0.0489000003653927,33.12700000060431,33.07810000023892,0.0291999995170044,18.89140000002953,500,246,14.24219999989873,18.936700000267592,False,246,0.0202000001081614,0.0251000001298962,0.0187999994523124,4.309099999773025,0.1318000004175701,0.0293000002784538,14.24219999989873,0.1599999995960388,0.0,18.89140000002953,18.936700000267592,18.898499999522755,500,500,333.0,1501.5015015015017,,False,14.19030000033672
253,exp1-completion-paced,66,264,0.2795999998852494,2.776699999230914,38.16069999993488,35.38400000070396,0.0316999994538491,19.969099999798345,500,247,14.745000000402795,20.00930000031076,False,247,0.0179999997271806,0.0222000007852329,0.0182999992830446,4.806500000086089,0.1394000000800588,0.0306000001728534,14.745000000402795,0.2288999994561891,0.0,19.969099999798345,20.00930000031076,19.97560000017984,500,500,333.0,1501.5015015015017,,False,18.151399999624118
254,exp1-completion-paced,66,264,0.2794000001813401,0.0578999997742357,47.41079999985232,47.35290000007808,0.0261999994108919,31.806500000129745,500,248,25.567599999703816,31.94799999982933,False,248,0.0240999997913604,0.1173999999082298,0.0270000000455183,5.830699999933131,0.135999999656633,0.0292000004264991,25.567599999703816,0.2156999998987885,0.0,31.806500000129745,31.94799999982933,31.815999999707856,500,500,333.0,1501.5015015015017,,False,15.462800000022991
255,exp1-completion-paced,66,264,0.4526000002442742,4.567599999973027,54.66119999982766,50.09359999985463,0.0198999996428028,32.00159999960306,500,249,26.137300000300456,32.0451999996294,False,249,0.01810000048863,0.0254999995377147,0.0191999997696257,5.495200000041223,0.1384000006510177,0.0329999993482488,26.137300000300456,0.1782999997885781,0.0,32.00159999960306,32.0451999996294,32.00939999987895,500,500,333.0,1501.5015015015017,,False,22.616000000198255
256,exp1-completion-paced,66,264,0.2690999999686028,1.2740000001940643,44.20399999980873,42.929999999614665,0.0208999999813386,22.78169999954116,500,250,17.99959999971179,22.82969999941997,False,250,0.0216999997064704,0.0263000001723412,0.0196000000869389,4.50379999983852,0.134500000058324,0.0296999996862723,17.99959999971179,0.0943000004554051,0.0,22.78169999954116,22.82969999941997,22.79009999983828,500,500,333.0,1501.5015015015017,,False,21.37430000038876
257,exp1-completion-paced,66,264,0.3313999995953054,0.0587999993513221,54.902999999285385,54.84419999993406,0.0312000001940759,37.227099999654456,500,251,28.481299999839397,37.32119999949646,False,251,0.0260999995589372,0.0680000002830638,0.0259999997069826,8.170199999767647,0.2558000005592475,0.1161999998657847,28.481299999839397,0.177300000359537,0.0,37.227099999654456,37.32119999949646,37.23720000016328,500,500,333.0,1501.5015015015017,,False,17.581799999788927
258,exp1-completion-paced,66,264,0.2752000000327825,4.285099999833619,43.65500000039901,39.369900000565394,0.0219000003198743,22.004600000400387,500,252,16.922400000112248,22.045699999580396,False,252,0.0189999991562217,0.0221000000237836,0.0174000006154528,4.738300000099116,0.1769999998941784,0.0285999994957819,16.922400000112248,0.1206000006277463,0.0,22.004600000400387,22.045699999580396,22.010500000760658,500,500,333.0,1501.5015015015017,,False,21.609300000818617
259,exp1-completion-paced,66,264,0.4655000002458109,0.0727000006008893,30.32580000035523,30.25309999975434,0.0227000000450061,23.610399999597576,500,253,18.430000000080327,23.657799999455165,False,253,0.0212999993891571,0.0261000004684319,0.0181999994310899,4.791100000147708,0.1357999999527237,0.0301000000035855,18.430000000080327,0.2047999996648286,0.0,23.610399999597576,23.657799999455165,23.617799999556155,500,500,333.0,1501.5015015015017,,False,6.668000000900065
260,exp1-completion-paced,66,264,0.4741000002468354,0.0861000007716938,47.30900000049587,47.22289999972418,0.025600000299164,35.15889999926003,500,254,25.90409999993426,35.23689999929047,False,254,0.0303999995594494,0.0476000004709931,0.0266999995801597,8.735000000342552,0.2529999992475495,0.1206000006277463,25.90409999993426,0.1192999998238519,0.0,35.15889999926003,35.23689999929047,35.16680000029737,500,500,333.0,1501.5015015015017,,False,12.0721000012054
261,exp1-completion-paced,66,264,0.2863999998226063,0.053999999181542,43.4531999999308,43.39920000074926,0.034800000321411,30.57780000017374,500,255,24.070400000709924,30.64230000018142,False,255,0.0284999996438273,0.036000000363856,0.0176000003193621,6.094999999731954,0.1391999994666548,0.029499999982363,24.070400000709924,0.2257999994981219,0.0,30.57780000017374,30.64230000018142,30.58569999939209,500,500,333.0,1501.5015015015017,,False,12.810899999749381
262,exp1-completion-paced,66,264,0.4704999992100056,5.189399999835587,52.74049999934505,47.55109999950946,0.0227000000450061,30.589400000280875,500,256,20.18809999935911,30.64730000005511,False,256,0.0206000004254747,0.037299999348761,0.0191000008271657,9.79989999996178,0.2494999998816638,0.1124000000345404,20.18809999935911,0.22010000066075,0.0,30.589400000280875,30.64730000005511,30.5967000003875,500,500,333.0,1501.5015015015017,,False,22.093199999289936
263,exp1-completion-paced,66,264,0.4932000001645065,1.8798999999489752,40.351100000407314,38.47120000045834,0.0203999998120707,21.3649000006626,500,257,16.333900000063295,21.417800000563147,False,257,0.0190000000657164,0.0338999998348299,0.0187000005098525,4.724599999462953,0.1336000004812376,0.0330000002577435,16.333900000063295,0.1208999992741155,0.0,21.3649000006626,21.417800000563147,21.371699999690463,500,500,333.0,1501.5015015015017,,False,18.933299999844166
264,exp1-completion-paced,66,264,0.3213999998479266,0.6251000004340312,35.015600000406266,34.390499999972235,0.0186999996003578,23.88989999963087,500,258,18.720699999903445,23.932999999487947,False,258,0.0184000000444939,0.0246999998125829,0.0218000004679197,4.870099999607191,0.1376999998683459,0.028299999939918,18.720699999903445,0.1110000002881861,0.0,23.88989999963087,23.932999999487947,23.8974000003509,500,500,333.0,1501.5015015015017,,False,11.082600000918319
265,exp1-completion-paced,66,264,0.4434000002220273,0.0595999999859486,50.1737000004141,50.11410000042815,0.0298999993901816,38.780599999881815,500,259,29.116400000020803,38.84550000020681,False,259,0.0276999999186955,0.0372000004063011,0.0288999999611405,9.02570000016567,0.2672000000529806,0.1218999996126513,29.116400000020803,0.22010000066075,0.0,38.780599999881815,38.84550000020681,38.79219999998895,500,500,333.0,1501.5015015015017,,False,11.32820000020729
266,exp1-completion-paced,66,264,0.4386999999042018,2.072599999337399,49.66849999982514,47.59590000048775,0.0190000000657164,37.25579999991169,500,260,27.58819999962725,37.37290000026405,False,260,0.027099999897473,0.0900000004548928,0.0266999995801597,9.151100000053702,0.2498000003470224,0.1167999998870072,27.58819999962725,0.1230000007126363,0.0,37.25579999991169,37.37290000026405,37.26690000075905,500,500,333.0,1501.5015015015017,,False,12.295599999561084
267,exp1-completion-paced,66,264,0.2670000003490713,5.333300000529562,33.57750000031956,28.24419999979,0.0196999999388935,20.21360000071581,500,261,15.215899999930116,20.25850000063656,False,261,0.0185000008059432,0.0263999991148011,0.0177000001713167,4.706600000645267,0.1329999995505204,0.0295999998343177,15.215899999930116,0.1105999999708728,0.0,20.21360000071581,20.25850000063656,20.2209999997649,500,500,333.0,1501.5015015015017,,False,13.318999999683001
268,exp1-completion-paced,66,264,0.2709999998842249,1.192300000184332,32.520499999918684,31.328199999734352,0.0202999999601161,21.40030000009574,500,262,15.966300000400224,21.600000000034925,False,262,0.0174999995579128,0.1822000003812718,0.0332999998136074,5.1015999997616746,0.1366000005873502,0.0278999996226048,15.966300000400224,0.1344000002063694,0.0,21.40030000009574,21.600000000034925,21.41010000013921,500,500,333.0,1501.5015015015017,,False,10.92049999988376
269,exp1-completion-paced,66,264,0.3048999997190549,2.7190999999220367,34.13199999977223,31.4128999998502,0.0172000000020489,22.662899999886577,500,263,17.25299999998242,22.7151999997659,False,263,0.025899999855028,0.0264000000242958,0.0264999998762505,5.103299999973388,0.1397000005454174,0.0301000000035855,17.25299999998242,0.110099999801605,0.0,22.662899999886577,22.7151999997659,22.6701999999932,500,500,333.0,1501.5015015015017,,False,11.416800000006333
270,exp1-completion-paced,66,264,0.2739999999903375,1.2192000003778958,38.14390000025014,36.924699999872246,0.0198000007003429,21.054300000287185,500,264,15.858099999604748,21.100700000715733,False,264,0.0203000008696108,0.0260999995589372,0.0182000003405846,4.897599999821978,0.1339000000371015,0.0288999999611405,15.858099999604748,0.1173999999082298,0.0,21.054300000287185,21.100700000715733,21.062199999505538,500,500,333.0,1501.5015015015017,,False,17.04319999953441
271,exp1-completion-paced,66,264,0.2724999994825339,5.720199999814213,33.986699999331904,28.26649999951769,0.0175000004674075,21.86600000004546,500,265,16.650399999889487,21.91190000030474,False,265,0.019099999917671,0.0268000003416091,0.0167999996847356,4.921099999592116,0.1336000004812376,0.0283999997918726,16.650399999889487,0.1154999999926076,0.0,21.86600000004546,21.91190000030474,21.87319999939064,500,500,333.0,1501.5015015015017,,False,12.074799999027164
272,exp1-completion-paced,66,264,0.2672999999049352,1.232799999343115,34.69409999979689,33.461300000453775,0.0186999996003578,20.11659999971016,500,266,14.884100000017495,20.160899999609683,False,266,0.0197999997908482,0.0245000001086737,0.0191999997696257,4.929800000354589,0.1357000001007691,0.0298999993901816,14.884100000017495,0.1177000003735884,0.0,20.11659999971016,20.160899999609683,20.124399999986053,500,500,333.0,1501.5015015015017,,False,14.533200000187207
273,exp1-completion-paced,66,264,0.2586999999039108,1.2242000002515852,38.07799999958661,36.853799999335024,0.0307999998767627,20.75929999955406,500,267,15.29839999966498,20.799699999770382,False,267,0.0173999997059581,0.0230000005103647,0.0245000001086737,5.097499999465072,0.1342000005024601,0.0276999999186955,15.29839999966498,0.1768000001902692,0.0,20.75929999955406,20.799699999770382,20.76550000037969,500,500,333.0,1501.5015015015017,,False,17.278299999816227
274,exp1-completion-paced,66,264,0.2752000000327825,0.0512999995407881,44.18600000008155,44.13470000054076,0.0215000000025611,36.85680000035063,500,268,28.57159999985015,36.927099999957136,False,268,0.0292000004264991,0.0410999991800054,0.0251999999818508,7.777600000736129,0.2457000000504194,0.1155999998445622,28.57159999985015,0.1209000001836102,0.0,36.85680000035063,36.927099999957136,36.87119999995048,500,500,333.0,1501.5015015015017,,False,7.258900000124413
275,exp1-completion-paced,66,264,0.2825000001394073,1.2200999999549822,46.28130000037345,45.06120000041847,0.02299999960087,26.44150000014633,500,269,20.11439999932918,26.48970000063855,False,269,0.0194000003830296,0.0288000001091859,0.0185999997484032,5.822400000397465,0.247500000114087,0.1161000000138301,20.11439999932918,0.1222000000780099,0.0,26.44150000014633,26.48970000063855,26.44929999951273,500,500,333.0,1501.5015015015017,,False,19.7915999997349
276,exp1-completion-paced,66,264,0.276099999609869,3.746700000192504,29.450400000314403,25.7037000001219,0.0184999998964485,20.8466000003682,500,270,15.692300000409888,20.887300000140385,False,270,0.0177000001713167,0.02299999960087,0.0179999997271806,4.856800000197836,0.1330000004600151,0.0271999997494276,15.692300000409888,0.119099999210448,0.0,20.8466000003682,20.887300000140385,20.85349999924801,500,500,333.0,1501.5015015015017,,False,8.563100000174018
277,exp1-completion-paced,66,264,0.267100000201026,1.2030000007143826,32.95490000073187,31.75190000001749,0.0224000004891422,21.38360000026296,500,271,16.115399999762303,21.424800000204414,False,271,0.0177000001713167,0.0234999997701379,0.0172999998540035,4.9659000005704,0.1319000002695247,0.0297999995382269,16.115399999762303,0.123100000564591,0.0,21.38360000026296,21.424800000204414,21.39030000034836,500,500,333.0,1501.5015015015017,,False,11.530100000527455
278,exp1-completion-paced,66,264,0.2666999998837127,1.2245999996594037,43.657400000483904,42.4328000008245,0.0185999997484032,21.77759999995033,500,272,16.384999999900174,21.84949999991659,False,272,0.0319999999192077,0.039900000047055,0.0170999992405995,5.092200000035518,0.1371000007566181,0.028299999939918,16.384999999900174,0.1176999994640937,0.0,21.77759999995033,21.84949999991659,21.7847999992955,500,500,333.0,1501.5015015015017,,False,21.807900000567315
279,exp1-completion-paced,66,264,0.2616000001580687,0.0492999997732113,40.21920000013779,40.16990000036458,0.0193999994735349,22.649000000456,500,273,16.795599999568367,22.69210000031308,False,273,0.0183000001925393,0.0247999996645376,0.0182000003405846,5.487000000357512,0.1437999999325256,0.0276000000667409,16.795599999568367,0.1765999995768652,0.0,22.649000000456,22.69210000031308,22.65599999918777,500,500,333.0,1501.5015015015017,,False,17.52709999982471
280,exp1-completion-paced,66,264,0.2733000001171604,1.246900000296591,35.15320000042266,33.906300000126066,0.0211000005947425,26.50889999949868,500,274,20.313300000452728,26.55770000001212,False,274,0.019300000531075,0.029499999982363,0.0174999995579128,5.657499999870197,0.1454000002922839,0.0319999999192077,20.313300000452728,0.3427999999985331,0.0,26.50889999949868,26.55770000001212,26.51610000066285,500,500,333.0,1501.5015015015017,,False,8.595500000410539
281,exp1-completion-paced,66,264,0.2775000002657179,0.1479999991715885,56.05519999971875,55.90720000054717,0.0202000001081614,34.876799999437935,500,275,25.57429999978922,34.92969999933848,False,275,0.0233999999181833,0.029499999982363,0.0196000000869389,8.778800000072806,0.2601999995022197,0.1155999998445622,25.57429999978922,0.1281000004382804,0.0,34.876799999437935,34.92969999933848,34.88449999986187,500,500,333.0,1501.5015015015017,,False,21.12550000038027
282,exp1-completion-paced,66,264,0.2739999999903375,1.1758000000554605,40.11570000056963,38.93990000051417,0.0184000000444939,22.977499999797143,500,276,15.46669999970618,23.039899999275804,False,276,0.0203999998120707,0.0419999996665865,0.0268000003416091,7.186400000136928,0.1370999998471234,0.0318000002152984,15.46669999970618,0.1284999998460989,0.0,22.977499999797143,23.039899999275804,22.989399999460147,500,500,333.0,1501.5015015015017,,False,17.07580000129383
283,exp1-completion-paced,66,264,0.4791999999724794,1.0167000000365078,45.046799999909126,44.03009999987262,0.0200000004042522,29.639299999871582,500,277,23.20140000028914,29.6875000003638,False,277,0.0196999999388935,0.028500000553322,0.0184000000444939,6.07179999951768,0.1431999999113031,0.0318000002152984,23.20140000028914,0.1725000001897569,0.0,29.639299999871582,29.6875000003638,29.64680000059161,500,500,333.0,1501.5015015015017,,False,15.359299999545325
284,exp1-completion-paced,66,264,0.2747999997154693,1.7659000004641712,39.132800000516,37.36690000005183,0.0197999997908482,22.281500000644883,500,278,16.534999999748834,22.33539999997447,False,278,0.0311999992845812,0.0227000000450061,0.0189000002137618,5.430600000181585,0.1428999994459445,0.0323000003845663,16.534999999748834,0.1215000002048327,0.0,22.281500000644883,22.33539999997447,22.288899999693967,500,500,333.0,1501.5015015015017,,False,16.79740000054153
285,exp1-completion-paced,66,264,0.273399999969115,1.216000000567874,42.2113000004174,40.99529999984952,0.0197999997908482,26.78390000073705,500,279,18.26290000008157,27.0289000000048,False,279,0.0200999993467121,0.2248999999210355,0.024400000256719,8.189299999685318,0.1482000006944872,0.0296999996862723,18.26290000008157,0.1291999997192761,0.0,26.78390000073705,27.0289000000048,26.81729999949312,500,500,333.0,1501.5015015015017,,False,15.182400000412603
286,exp1-completion-paced,66,264,0.2621000003273366,0.6573999999091029,33.625000000029104,32.96760000012,0.0173000007634982,24.12370000001829,500,280,17.08310000049096,24.204999999710708,False,280,0.0196000000869389,0.0616999996054801,0.025600000299164,6.708599999910803,0.1480999999330379,0.029499999982363,17.08310000049096,0.1285999996980535,0.0,24.12370000001829,24.204999999710708,24.13410000008298,500,500,333.0,1501.5015015015017,,False,9.420000000318396
287,exp1-completion-paced,66,264,0.2716000008149422,1.288600000407314,34.709900000052585,33.42129999964527,0.0195000002349843,22.615599999880946,500,281,15.311299999666517,22.656600000118488,False,281,0.0191999997696257,0.0218000004679197,0.0172999998540035,6.982899999457004,0.1545000004625762,0.0301999998555402,15.311299999666517,0.1191999999718973,0.0,22.615599999880946,22.656600000118488,22.62259999952221,500,500,333.0,1501.5015015015017,,False,12.053299999934097
288,exp1-completion-paced,66,264,0.2575000007709604,1.216000000567874,32.56930000043212,31.353299999864248,0.0209999998332932,24.58810000007361,500,282,15.791299999364128,24.63129999978264,False,282,0.0180999995791353,0.0251000001298962,0.0170000002981396,8.401199999752862,0.14270000065153,0.027099999897473,15.791299999364128,0.208500000553613,0.0,24.58810000007361,24.63129999978264,24.59530000032828,500,500,333.0,1501.5015015015017,,False,7.938000000649481
289,exp1-completion-paced,66,264,0.4650999999284977,2.534299999751965,30.93439999975089,28.40009999999893,0.0194000003830296,20.26780000051076,500,283,15.186600000561157,20.31360000000859,False,283,0.0196999999388935,0.0260999995589372,0.0190000000657164,4.777699999976903,0.1354000005449052,0.0318999991577584,15.186600000561157,0.1169999995909165,0.0,20.26780000051076,20.31360000000859,20.27509999970789,500,500,333.0,1501.5015015015017,,False,10.6207999997423
290,exp1-completion-paced,66,264,0.2715999999054475,1.1852000006911112,27.488600000651783,26.303399999960675,0.0182999992830446,20.205799999530427,500,284,15.216599999803291,20.250599999599217,False,284,0.0188000003618071,0.0259999997069826,0.0183000001925393,4.70229999973526,0.1319000002695247,0.030999999580672,15.216599999803291,0.1055000002452288,0.0,20.205799999530427,20.250599999599217,20.217600000250968,500,500,333.0,1501.5015015015017,,False,7.238000001052566
291,exp1-completion-paced,66,264,0.2690999999686028,1.2159000007159193,34.10950000034063,32.89359999962471,0.025899999855028,20.889100000204053,500,285,15.556600000309118,20.938999999998487,False,285,0.0269000001935637,0.02299999960087,0.0159999999596038,5.020900000090478,0.133300000015879,0.0302999997074948,15.556600000309118,0.1318000004175701,0.0,20.889100000204053,20.938999999998487,20.89510000041628,500,500,333.0,1501.5015015015017,,False,13.170500000342145
292,exp1-completion-paced,66,264,0.2669000004971167,1.2323999999352964,32.068900000012945,30.83650000007765,0.0199999994947575,21.985700000186625,500,286,16.365999999834457,22.171200000229877,False,286,0.0196999999388935,0.1658000001043547,0.0497000000905245,5.2666000001408975,0.1358999998046783,0.0368999999409425,16.365999999834457,0.1304000006712158,0.0,21.985700000186625,22.171200000229877,22.02110000052926,500,500,333.0,1501.5015015015017,,False,9.897699999783068
293,exp1-completion-paced,66,264,0.2604000001156237,1.156000000264612,38.07360000064364,36.91760000037903,0.0211999995372025,23.42930000031629,500,287,15.39169999978185,23.510600000008708,False,287,0.0197999997908482,0.0614999999015708,0.0263000001723412,7.479500000044936,0.1404999993610545,0.0293000002784538,15.39169999978185,0.3614000006564311,0.0,23.42930000031629,23.510600000008708,23.439999999936845,500,500,333.0,1501.5015015015017,,False,14.56300000063493
294,exp1-completion-paced,66,264,0.4748999999719672,1.014999999824795,31.4237000002322,30.408700000407407,0.0187000005098525,21.818100000018603,500,288,16.073799999503535,21.86230000006617,False,288,0.0185999997484032,0.025600000299164,0.0184999998964485,5.4153999999471125,0.1388999999107909,0.0312000001940759,16.073799999503535,0.1400999999532359,0.0,21.818100000018603,21.86230000006617,21.82599999923696,500,500,333.0,1501.5015015015017,,False,9.561400000166028
295,exp1-completion-paced,66,264,0.2883000006477232,0.0905000006241607,47.7816000002349,47.69109999961074,0.0209999998332932,38.55829999974958,500,289,28.315900000052352,38.60710000026302,False,289,0.0212000004466972,0.0276000000667409,0.090499999714666,9.50490000013815,0.2744000003076507,0.1230999996550963,28.315900000052352,0.2491999994163052,0.0,38.55829999974958,38.60710000026302,38.56629999972938,500,500,333.0,1501.5015015015017,,False,9.174499999971886
296,exp1-completion-paced,66,264,0.4597999995894497,2.544599999964703,42.53190000054019,39.98730000057549,0.027099999897473,30.243700000028184,500,290,20.526299999801267,30.29789999982313,False,290,0.0218999994103796,0.0323000003845663,0.0194999993254896,9.208800000124029,0.2494000000297092,0.1128000003518536,20.526299999801267,0.1266999997824314,0.0,30.243700000028184,30.29789999982313,30.251399999542627,500,500,333.0,1501.5015015015017,,False,12.23400000071706
297,exp1-completion-paced,66,264,0.4576999999699183,0.0700000000506406,42.03469999993104,41.9646999998804,0.0522000000273692,19.94350000040868,500,291,14.892799999870476,19.990200000393088,False,291,0.0209999998332932,0.0257000001511187,0.0178000000232714,4.737000000204716,0.137199999699078,0.0299000002996763,14.892799999870476,0.1285999996980535,0.0,19.94350000040868,19.990200000393088,19.95069999975385,500,500,333.0,1501.5015015015017,,False,22.044499999537955
298,exp1-completion-paced,66,264,0.2702000001590932,5.779699999948207,34.15150000000722,28.37180000005901,0.019300000531075,20.265199999812467,500,292,15.116200000193205,20.3481999997166,False,292,0.017899999875226,0.0651000000289059,0.030999999580672,4.821499999707157,0.1381000001856591,0.0276999999186955,15.116200000193205,0.1303999997617211,0.0,20.265199999812467,20.3481999997166,20.296099999541184,500,500,333.0,1501.5015015015017,,False,13.80330000029062
299,exp1-completion-paced,66,264,0.2678000000742031,3.611199999795645,32.96689999933733,29.355699999541685,0.0184999998964485,21.0216000004948,500,293,15.519599999606726,21.086100000502483,False,293,0.0211000005947425,0.0433999994129408,0.0185999997484032,5.186800000046787,0.1351000000795466,0.0293000002784538,15.519599999606726,0.1320000001214794,0.0,21.0216000004948,21.086100000502483,21.03009999973437,500,500,333.0,1501.5015015015017,,False,11.880799998834846
300,exp1-completion-paced,66,264,0.2748999995674239,1.2219000000186495,37.25219999978435,36.0302999997657,0.0187999994523124,23.634999999558204,500,294,18.226099999992584,23.68229999956384,False,294,0.0196999999388935,0.0276000000667409,0.0187999994523124,5.090000000564032,0.1384999995934777,0.0300000001516309,18.226099999992584,0.1313000002483022,0.0,23.634999999558204,23.68229999956384,23.64310000029945,500,500,333.0,1501.5015015015017,,False,13.569900000220514
301,exp1-completion-paced,66,264,0.2870999996957835,1.2326999994911605,45.29899999943154,44.066299999940384,0.0286000004052766,28.722900000502705,500,295,23.303800000576302,28.778100000636183,False,295,0.0245999999606283,0.0306000001728534,0.0213000002986518,4.989199999727134,0.1435000003766617,0.0304999994114041,23.303800000576302,0.2340999999432824,0.0,28.722900000502705,28.778100000636183,28.73100000033446,500,500,333.0,1501.5015015015017,,False,16.520899998795354
302,exp1-completion-paced,66,264,0.3139000000373926,1.1902999995072605,48.685699999623466,47.495400000116206,0.0207000002774293,26.54569999958767,500,296,16.7050999998537,26.652499999727297,False,296,0.0614999999015708,0.0453000002380576,0.0262999992628465,9.308700000474346,0.2569999996921979,0.1165000003311433,16.7050999998537,0.1318000004175701,0.0,26.54569999958767,26.652499999727297,26.556499999969677,500,500,333.0,1501.5015015015017,,False,22.03319999989617
303,exp1-completion-paced,66,264,0.468899999759742,1.0283000001436449,63.42860000040673,62.40030000026309,0.0339000007443246,38.93470000002708,500,297,28.522800000246207,39.0599000002112,False,297,0.0760000002628658,0.0491999999212566,0.0233999999181833,9.765100000549864,0.2608999993753969,0.1276000002690125,28.522800000246207,0.2346000001125503,0.0,38.93470000002708,39.0599000002112,38.94170000057784,500,500,333.0,1501.5015015015017,,False,24.36870000019553
304,exp1-completion-paced,66,264,0.4672999993999838,3.042299999833631,48.72399999931076,45.68169999947713,0.0200000004042522,32.044800000221585,500,298,26.435000000674336,32.09580000020651,False,298,0.0236000005315872,0.0273999994533369,0.0202000001081614,5.205999999816413,0.1431999999113031,0.0313999998979852,26.435000000674336,0.208599999496073,0.0,32.044800000221585,32.09580000020651,32.05269999943994,500,500,333.0,1501.5015015015017,,False,16.628199999104254
305,exp1-completion-paced,66,264,0.2802999997584265,1.7643999999563675,40.17380000004778,38.40940000009141,0.0325999999404302,23.331799999141367,500,299,18.017299999883107,23.37529999931576,False,299,0.0190000000657164,0.0245000001086737,0.0192999996215803,4.858700000113458,0.1379999994242098,0.0303000006169895,18.017299999883107,0.2678000000742031,0.0,23.331799999141367,23.37529999931576,23.33859999998822,500,500,333.0,1501.5015015015017,,False,16.798500000732016
306,exp1-completion-paced,66,264,0.4793999996763887,0.0769999996919068,48.56579999977839,48.488800000086485,0.0340999995387392,38.22760000002745,500,300,28.02369999972143,38.30659999948693,False,300,0.0346999995599617,0.0442999998995219,0.0305000003208988,9.521899999526797,0.2597000002424465,0.1196000002892105,28.02369999972143,0.2718000005188514,0.0,38.22760000002745,38.30659999948693,38.239900000007765,500,500,333.0,1501.5015015015017,,False,10.259200000291465
307,exp1-completion-paced,66,264,0.2688999993551988,1.628099999834376,56.29589999989548,54.66780000006111,0.0301999998555402,38.14260000035574,500,301,28.255199999875916,38.209100000131,False,301,0.0266999995801597,0.0398000001951004,0.0270000000455183,9.219700000357989,0.2541999992899946,0.1153000002886983,28.255199999875916,0.2709000000322703,0.0,38.14260000035574,38.209100000131,38.1545999998707,500,500,333.0,1501.5015015015017,,False,18.08679999976448
308,exp1-completion-paced,66,264,0.268500000856875,0.2270999993925215,43.99389999980485,43.76680000041233,0.0188000003618071,37.08740000001853,500,302,28.39109999968059,37.13390000029904,False,302,0.0209999998332932,0.0255000004472094,0.0184999998964485,8.009399999536981,0.2714000002015382,0.1227000002472777,28.39109999968059,0.2739999999903375,0.0,37.08740000001853,37.13390000029904,37.095599999702245,500,500,333.0,1501.5015015015017,,False,6.85999999950581
309,exp1-completion-paced,66,264,0.2562999998190207,1.3378000003285706,34.14330000032351,32.805499999994936,0.0187000005098525,19.9704999995447,500,303,14.868399999613755,20.083599999452417,False,303,0.0292999993689591,0.0838000005387584,0.0253999996857601,4.792499999894062,0.137400000312482,0.0288000001091859,14.868399999613755,0.117800000225543,0.0,19.9704999995447,20.083599999452417,19.97990000018035,500,500,333.0,1501.5015015015017,,False,14.05970000087109
310,exp1-completion-paced,66,264,0.495000000228174,1.0964000002786634,54.19400000027963,53.097600000000966,0.0194000003830296,38.34929999993619,500,304,28.623899999729478,38.42919999988226,False,304,0.0340999995387392,0.0458000004073255,0.029499999982363,9.086399999432617,0.2696999999898253,0.1133000005211215,28.623899999729478,0.2262999996673897,0.0,38.34929999993619,38.42919999988226,38.36030000002211,500,500,333.0,1501.5015015015017,,False,15.764800000397372
311,exp1-completion-paced,66,264,0.2663000004758942,4.278700000213576,40.24530000060622,35.966600000392646,0.0284000007013673,19.86039999974309,500,305,14.685699999972712,19.905699999981152,False,305,0.0214000001506065,0.0239000000874511,0.0190000000657164,4.86670000009326,0.134500000058324,0.0329999993482488,14.685699999972712,0.1212000006489688,0.0,19.86039999974309,19.905699999981152,19.86780000061117,500,500,333.0,1501.5015015015017,,False,20.33960000062507
312,exp1-completion-paced,66,264,0.4621999996743398,0.0694000000294181,38.92879999966681,38.85939999963739,0.0249000004259869,24.291099999572907,500,306,18.59409999997297,24.358800000300107,False,306,0.0318000002152984,0.0359000005119014,0.0209999998332932,5.255899999610847,0.1492000001235283,0.0331000001096981,18.59409999997297,0.2372999997533043,0.0,24.291099999572907,24.358800000300107,24.29989999927784,500,500,333.0,1501.5015015015017,,False,14.5699999993667
313,exp1-completion-paced,66,264,0.4976000000169733,2.0351000002847286,55.227900000318186,53.19280000003346,0.02059999951598,37.9174999998213,500,307,28.221799999300856,38.05480000028183,False,307,0.0327000007018796,0.1045999997586477,0.0276000000667409,9.084100000109174,0.2635000000736909,0.1191000001199427,28.221799999300856,0.2009999998335843,0.0,37.9174999998213,38.05480000028183,37.92879999946308,500,500,333.0,1501.5015015015017,,False,17.173100000036357
314,exp1-completion-paced,66,264,0.4435000000739819,1.5545000005658949,53.17790000026434,51.62339999969845,0.0208999999813386,37.29180000027554,500,308,28.65159999964817,37.34989999975369,False,308,0.0255999993896693,0.0325000000884756,0.0257000001511187,8.003699999790115,0.2647000001161359,0.1209000001836102,28.65159999964817,0.2248999999210355,0.0,37.29180000027554,37.34989999975369,37.3012000000017,500,500,333.0,1501.5015015015017,,False,15.828000000510649
315,exp1-completion-paced,66,264,0.4986000003555091,1.0195000004387111,60.88679999993474,59.867299999496026,0.0315999996018945,39.36179999982414,500,309,29.560500000116008,39.42000000006374,False,309,0.0283999997918726,0.0298000004477216,0.0207000002774293,9.152199999334698,0.2627000003485591,0.1193999996758066,29.560500000116008,0.246000000515778,0.0,39.36179999982414,39.42000000006374,39.36780000003637,500,500,333.0,1501.5015015015017,,False,21.466799999871
316,exp1-completion-paced,66,264,0.2634000002217362,1.209299999572977,35.292699999445176,34.0833999998722,0.0195999991774442,20.70460000049934,500,310,15.64330000019254,20.746600000165927,False,310,0.0178000000232714,0.024199999643315,0.0171000001500942,4.781499999808148,0.1313000002483022,0.0301000000035855,15.64330000019254,0.100899999779358,0.0,20.70460000049934,20.746600000165927,20.711000000119384,500,500,333.0,1501.5015015015017,,False,14.54609999927925
317,exp1-completion-paced,66,264,0.4785999999512569,1.0684999997465638,39.58999999940716,38.52149999966059,0.0208999999813386,30.050000000301225,500,311,20.088199999918288,30.113400000118418,False,311,0.0255999993896693,0.0378000004275236,0.0284999996438273,9.336200000689132,0.269299999672512,0.1122000003306311,20.088199999918288,0.2151999997295206,0.0,30.050000000301225,30.113400000118418,30.060600000069822,500,500,333.0,1501.5015015015017,,False,9.476599999288744
318,exp1-completion-paced,66,264,0.4924000004393747,0.9500000005573384,48.15190000044822,47.20189999989088,0.0299999992421362,39.70680000020366,500,312,29.858900000363064,39.8470999998608,False,312,0.0302999997074948,0.1099999999496503,0.0271999997494276,9.236800000508085,0.2698999996937345,0.1192999998238519,29.858900000363064,0.194299999748182,0.0,39.70680000020366,39.8470999998608,39.71670000009908,500,500,333.0,1501.5015015015017,,False,8.30480000058742
319,exp1-completion-paced,66,264,0.4975000001650187,1.0229999998045969,61.407499999404536,60.38449999959994,0.0335999993694713,39.01680000035413,500,313,28.96839999993972,39.09380000004603,False,313,0.0302999997074948,0.0466999999844119,0.0292000004264991,9.403000000020256,0.2732999992076657,0.1242000007550814,28.96839999993972,0.2183999995395424,0.0,39.01680000035413,39.09380000004603,39.02949999974226,500,500,333.0,1501.5015015015017,,False,22.313699999358505
320,exp1-completion-paced,66,264,0.2777999998215819,0.0632999999652383,40.3016000000207,40.23830000005546,0.01810000048863,20.589700000527955,500,314,15.226800000164076,20.632900000236987,False,314,0.0196000000869389,0.0235999996220925,0.0173000007634982,5.083199999717181,0.1352999997834558,0.0274000003628316,15.226800000164076,0.0995000000330037,0.0,20.589700000527955,20.632900000236987,20.596199999999957,500,500,333.0,1501.5015015015017,,False,19.668699999783712
321,exp1-completion-paced,66,264,0.4647999994631391,0.515800000357558,55.66230000022188,55.14649999986432,0.0213000002986518,37.74130000056175,500,315,27.95969999988301,37.8857000005155,False,315,0.0411999999414547,0.1032000000122934,0.0263000001723412,9.24810000014986,0.2721000000747153,0.1277000001209671,27.95969999988301,0.1070999996954924,0.0,37.74130000056175,37.8857000005155,37.752199999886216,500,500,333.0,1501.5015015015017,,False,17.776599999706384
322,exp1-completion-paced,66,264,0.4988000000594184,1.0245999992548604,48.73129999941739,47.70670000016253,0.0494999994771205,37.687199999709264,500,316,28.528199999527715,37.76209999978164,False,316,0.0337000001309206,0.0411999999414547,0.0297999995382269,8.635500000309548,0.2456000001984648,0.0516000000061467,28.528199999527715,0.1961000007213442,0.0,37.687199999709264,37.76209999978164,37.69850000026054,500,500,333.0,1501.5015015015017,,False,10.969199999635748
323,exp1-completion-paced,66,264,0.4799999996976112,1.0454000002937391,38.56929999983549,37.52389999954176,0.0211999995372025,30.167299999448005,500,317,20.49449999958597,30.35959999942861,False,317,0.0314999997499398,0.1608000002306653,0.0277999997706501,9.125599999606491,0.2641000000949134,0.1230000007126363,20.49449999958597,0.132099999973434,0.0,30.167299999448005,30.35959999942861,30.178199999681965,500,500,333.0,1501.5015015015017,,False,8.209700000406883
324,exp1-completion-paced,66,264,0.2689000002646935,1.215700000102515,42.83699999996316,41.62129999986064,0.0340999995387392,24.171399999431745,500,318,16.392500000620203,24.215499999627355,False,318,0.0194000003830296,0.0246999998125829,0.0184000000444939,7.312499999898137,0.1488999996581697,0.0302999997074948,16.392500000620203,0.2684000000954256,0.0,24.171399999431745,24.215499999627355,24.179000000003725,500,500,333.0,1501.5015015015017,,False,18.621500000335807
325,exp1-completion-paced,66,264,0.2756999992925557,0.0491999999212566,31.69309999975667,31.64389999983541,0.0200999993467121,20.4807999998593,500,319,15.087900000253285,20.522199999504664,False,319,0.0184000000444939,0.02299999960087,0.0175000004674075,5.084599999463535,0.1363999999739462,0.0317000003633438,15.087900000253285,0.1224999996338738,0.0,20.4807999998593,20.522199999504664,20.48819999981788,500,500,333.0,1501.5015015015017,,False,11.170900000252004
326,exp1-completion-paced,66,264,0.2715999999054475,1.199799999994866,32.062999999652675,30.86319999965781,0.0208999999813386,19.42339999914111,500,320,14.461100000517035,19.52049999999872,False,320,0.0197000008483883,0.0774000000092201,0.025899999855028,4.665899999963585,0.1354999994873651,0.029499999982363,14.461100000517035,0.1052999996318249,0.0,19.42339999914111,19.52049999999872,19.473800000014307,500,500,333.0,1501.5015015015017,,False,12.542499999653955
327,exp1-completion-paced,66,264,0.470300000415591,1.0244999994029058,37.488899999516434,36.46440000011353,0.0206999993679346,19.29149999978108,500,321,14.120800000455349,19.339299999955983,False,321,0.0207000002774293,0.027099999897473,0.0194000003830296,4.878599999756261,0.1379999994242098,0.032400000236521,14.120800000455349,0.102099999821803,0.0,19.29149999978108,19.339299999955983,19.299100000353064,500,500,333.0,1501.5015015015017,,False,18.14959999956045
328,exp1-completion-paced,66,264,0.4586999993989593,2.5458999998591025,49.66699999931734,47.12109999945824,0.0189000002137618,36.05030000016996,500,322,26.7493999999715,36.181200000100944,False,322,0.0233000000662286,0.1075999998647603,0.0261999994108919,8.720200000425393,0.2456000001984648,0.1197999999931198,26.7493999999715,0.1887999997052247,0.0,36.05030000016996,36.181200000100944,36.06029999991733,500,500,333.0,1501.5015015015017,,False,13.485799999216397
329,exp1-completion-paced,66,264,0.2649999996719998,1.2243000001035398,49.72490000000107,48.50059999989753,0.0312000001940759,35.995700000057695,500,323,26.748700000098324,36.11259999979666,False,323,0.0213000002986518,0.09559999944031,0.0248000005740323,8.637799999632989,0.2390999998169718,0.1152000004367437,26.748700000098324,0.2297999999427702,0.0,35.995700000057695,36.11259999979666,36.005300000397256,500,500,333.0,1501.5015015015017,,False,13.612300000204414
330,exp1-completion-paced,66,264,0.2780999993774458,0.0614000000496162,39.09919999932754,39.03779999927792,0.0173999997059581,23.120099999687227,500,324,15.006800000264777,23.20029999918916,False,324,0.0198999996428028,0.0602999998591258,0.0250000002779415,7.786199999827659,0.1670999999987543,0.0314999997499398,15.006800000264777,0.1032000000122934,0.0,23.120099999687227,23.20029999918916,23.13109999977314,500,500,333.0,1501.5015015015017,,False,15.89890000013838
331,exp1-completion-paced,66,264,0.2844999999069841,1.1914999995497055,42.639499999495456,41.44799999994575,0.0199999994947575,34.961399999701825,500,325,25.92959999947197,35.02779999962513,False,325,0.0286000004052766,0.0377999995180289,0.0206000004254747,8.468099999845435,0.2539999995860853,0.1152000004367437,25.92959999947197,0.1736000003802473,0.0,34.961399999701825,35.02779999962513,34.96979999999894,500,500,333.0,1501.5015015015017,,False,7.611699999870325
332,exp1-completion-paced,66,264,0.4700999998021871,0.995399999737856,49.54730000008567,48.55190000034781,0.0293000002784538,35.87060000063502,500,326,26.454199999534467,35.98020000026736,False,326,0.0200000004042522,0.0895999992280849,0.0249000004259869,8.811099999547878,0.2452000007906463,0.1156999996965169,26.454199999534467,0.2192000001741689,0.0,35.87060000063502,35.98020000026736,35.87950000019191,500,500,333.0,1501.5015015015017,,False,13.56709999981831
333,exp1-completion-paced,66,264,0.2759000008154544,1.2464000001273234,34.20449999975972,32.958099999632395,0.0201999991986667,20.741999999700056,500,327,15.881099999205617,20.78469999923982,False,327,0.0185999997484032,0.0240999997913604,0.0176000003193621,4.494599999816273,0.1406999999744584,0.0286000004052766,15.881099999205617,0.1791000004232046,0.0,20.741999999700056,20.78469999923982,20.74929999980668,500,500,333.0,1501.5015015015017,,False,13.4198000005199
334,exp1-completion-paced,66,264,0.2861000002667424,1.723399999718822,51.50800000046729,49.78460000074847,0.0215999998545157,35.71970000029978,500,328,26.54780000011669,35.76760000032664,False,328,0.0209999998332932,0.0269000001935637,0.0198000007003429,8.554199999707635,0.2634000002217362,0.121699999908742,26.54780000011669,0.2124999991792719,0.0,35.71970000029978,35.76760000032664,35.72729999996227,500,500,333.0,1501.5015015015017,,False,15.740400000140653
335,exp1-completion-paced,66,264,0.2746999998635147,1.2189999997644918,36.48379999958706,35.26479999982257,0.0204999996640253,20.01380000001518,500,329,15.126299999792536,20.06040000014764,False,329,0.0194000003830296,0.0271999997494276,0.0215000000025611,4.560299999866402,0.1578999999765074,0.0308000007862574,15.126299999792536,0.1167999998870072,0.0,20.01380000001518,20.06040000014764,20.022599999720114,500,500,333.0,1501.5015015015017,,False,16.42339999943942
336,exp1-completion-paced,66,264,0.2554000002419343,1.225699999849894,41.163899999446585,39.93819999959669,0.0184000000444939,20.8042000003843,500,330,15.082599999914237,20.841399999881105,False,330,0.0176000003193621,0.0195999991774442,0.0278000006801448,5.417700000180048,0.130899999930989,0.0285999994957819,15.082599999914237,0.1164000004791887,0.0,20.8042000003843,20.841399999881105,20.811000000321656,500,500,333.0,1501.5015015015017,,False,20.32249999956548
337,exp1-completion-paced,66,264,0.4641000004994566,0.0861999997141538,35.314699999617005,35.22849999990285,0.0353999994331388,19.113600000309816,500,331,14.395500000318862,19.15929999995569,False,331,0.0214000001506065,0.0242999994952697,0.0194000003830296,4.357699999673059,0.1353999996354105,0.0298000004477216,14.395500000318862,0.1754999993863748,0.0,19.113600000309816,19.15929999995569,19.12059999995108,500,500,333.0,1501.5015015015017,,False,16.155399999661316
338,exp1-completion-paced,66,264,0.27460000001156,0.7846999997127568,39.198100000248814,38.41340000053606,0.0203999998120707,19.436399999904097,500,332,14.102600000114762,19.50029999989056,False,332,0.0184999998964485,0.0454000000900123,0.0175000004674075,5.037199999605946,0.1341999995929654,0.0300000001516309,14.102600000114762,0.1147000002674758,0.0,19.436399999904097,19.50029999989056,19.44420000017999,500,500,333.0,1501.5015015015017,,False,19.697800000358253
339,exp1-completion-paced,66,264,0.2666999998837127,1.7348999999740045,38.22719999971014,36.49229999973613,0.0208000001293839,20.0713000003816,500,333,15.012200000455778,20.114400000238675,False,333,0.0186999996003578,0.024400000256719,0.0184999998964485,4.664400000365276,0.1314999999522115,0.0295999998343177,15.012200000455778,0.2147999994122074,0.0,20.0713000003816,20.114400000238675,20.078300000022864,500,500,333.0,1501.5015015015017,,False,18.112799999471463
340,exp1-completion-paced,66,264,0.2848000003723427,2.7825000006487244,39.22099999999773,36.438499999349006,0.019099999917671,19.976800000222283,500,334,15.022999999928288,20.024000000375963,False,334,0.0214000001506065,0.0258000000030733,0.0171000001500942,4.578000000037719,0.2289000003656838,0.0322999994750716,15.022999999928288,0.0973000005615176,0.0,19.976800000222283,20.024000000375963,19.983300000603776,500,500,333.0,1501.5015015015017,,False,19.196999999621767
341,exp1-completion-paced,66,264,0.275800000054005,0.0522000000273692,45.828399999663816,45.77619999963645,0.0207000002774293,35.81930000018474,500,335,27.95510000032664,35.88069999932486,False,335,0.0221999998757382,0.0391999992643832,0.0188000003618071,7.322299999941606,0.1397000005454174,0.1742999993439298,27.95510000032664,0.208599999496073,0.0,35.81930000018474,35.88069999932486,35.83659999912925,500,500,333.0,1501.5015015015017,,False,9.947700000338955
342,exp1-completion-paced,66,264,0.4589000000123633,1.026000000820204,46.58020000078977,45.55419999996957,0.0203999998120707,31.348200000138604,500,336,24.41330000056041,31.396399999721325,False,336,0.0208999999813386,0.0272999996013822,0.0184000000444939,6.448699999964447,0.2494999998816638,0.1144999996540718,24.41330000056041,0.1036000003296067,0.0,31.348200000138604,31.396399999721325,31.355800000710587,500,500,333.0,1501.5015015015017,,False,15.183800001068448
343,exp1-completion-paced,66,264,0.4508000001806067,2.5783000000956235,26.496700000279816,23.918400000184192,0.0228000008064555,18.876099999943108,500,337,14.070899999751418,18.923399999948742,False,337,0.0210999996852478,0.0262000003203866,0.0196000000869389,4.498799999964831,0.138600000354927,0.0314999997499398,14.070899999751418,0.1165000003311433,0.0,18.876099999943108,18.923399999948742,18.884300000536317,500,500,333.0,1501.5015015015017,,False,7.5733000003310735
344,exp1-completion-paced,66,264,0.2613000006022048,0.0540000000910367,40.27490000044054,40.2209000003495,0.019300000531075,21.757900000011432,500,338,16.87670000046637,21.80990000033489,False,338,0.0212000004466972,0.0307999998767627,0.0195000002349843,4.491499999858206,0.1375000001644366,0.0304999994114041,16.87670000046637,0.201799999558716,0.0,21.757900000011432,21.80990000033489,21.76599999984319,500,500,333.0,1501.5015015015017,,False,18.46500000010565
345,exp1-completion-paced,66,264,0.2844999999069841,0.0636000004305969,49.34700000012526,49.283399999694666,0.0195000002349843,29.96740000071441,500,339,21.289100000103645,30.08270000009361,False,339,0.0215000000025611,0.0937999993766425,0.0250000002779415,8.169400000042515,0.2491000004738452,0.1168999997389619,21.289100000103645,0.1176999994640937,0.0,29.96740000071441,30.08270000009361,29.97659999982716,500,500,333.0,1501.5015015015017,,False,19.264300000031653
346,exp1-completion-paced,66,264,0.2873999992516474,1.161199999842211,38.14499999953114,36.98379999968893,0.0267000004896544,26.67029999975057,500,340,17.785000000003492,26.723699999820383,False,340,0.024400000256719,0.0289999998130952,0.0196999999388935,8.390199999666947,0.2548000002207118,0.1170000005004112,17.785000000003492,0.1032999998642481,0.0,26.67029999975057,26.723699999820383,26.678199999878416,500,500,333.0,1501.5015015015017,,False,11.421299999710754
347,exp1-completion-paced,66,264,0.4749999998239218,2.4834999994709506,27.773400000114638,25.289900000643684,0.019099999917671,21.306300000105693,500,341,15.134000000216474,21.34990000013204,False,341,0.0201000002562068,0.0234999997701379,0.0189000002137618,5.826800000249932,0.1604999997653067,0.0308999997287173,15.134000000216474,0.1349000003756373,0.0,21.306300000105693,21.34990000013204,21.31360000021232,500,500,333.0,1501.5015015015017,,False,6.4234999999825995
348,exp1-completion-paced,66,264,0.2592000000731786,2.3554999997941195,39.16959999969549,36.81409999990137,0.0227000000450061,22.94330000040645,500,342,18.20320000024367,22.99140000013722,False,342,0.0196000000869389,0.0284999996438273,0.019300000531075,4.366799999843352,0.1333999998678336,0.0307000000248081,18.20320000024367,0.1895999994303565,0.0,22.94330000040645,22.99140000013722,22.95129999947676,500,500,333.0,1501.5015015015017,,False,16.178199999558274
349,exp1-completion-paced,66,264,0.278499999694759,2.726199999415257,32.23559999969439,29.50940000027913,0.0196999999388935,20.593100000041886,500,343,15.800199999830513,20.654300000387597,False,343,0.0359000005119014,0.0252999998338054,0.0180999995791353,4.381499999908556,0.1326999999946565,0.0293000002784538,15.800199999830513,0.2309999999852152,0.0,20.593100000041886,20.654300000387597,20.600899999408284,500,500,333.0,1501.5015015015017,,False,11.58129999930679
350,exp1-completion-paced,66,264,0.3530999993017758,2.190700000028301,35.257800000181305,33.067100000153005,0.0185999997484032,19.266899999820453,500,344,14.537400000335763,19.311999999445103,False,344,0.0184999998964485,0.0265999997282051,0.0184000000444939,4.438200000549841,0.1311999994868529,0.0276999999186955,14.537400000335763,0.1137999997808947,0.0,19.266899999820453,19.311999999445103,19.27389999946172,500,500,333.0,1501.5015015015017,,False,15.945800000736202
351,exp1-completion-paced,66,264,0.2687000005607842,0.0516999998581013,44.33119999976043,44.27949999990233,0.042800000301213,18.91410000007454,500,345,14.313099999526456,18.958999999995285,False,345,0.0183000001925393,0.0265999997282051,0.0325000000884756,4.278299999896262,0.132099999973434,0.0286000004052766,14.313099999526456,0.1291000007768161,0.0,18.91410000007454,18.958999999995285,18.92150000003312,500,500,333.0,1501.5015015015017,,False,25.372199999765144
352,exp1-completion-paced,66,264,0.269299999672512,1.27020000036282,35.195200000089244,33.924999999726424,0.0218000004679197,20.080500000403845,500,346,15.260599999237456,20.13650000026246,False,346,0.0186999996003578,0.0373000002582557,0.0263000001723412,4.395899999508401,0.1317000005656154,0.0312000001940759,15.260599999237456,0.2345000002605957,0.0,20.080500000403845,20.13650000026246,20.08740000019316,500,500,333.0,1501.5015015015017,,False,15.058699999826786
353,exp1-completion-paced,66,264,0.4666000004363013,4.069200000230921,32.00190000006842,27.932699999837496,0.0215999998545157,21.571500000391097,500,347,16.657199999826844,21.617299999888928,False,347,0.0208999999813386,0.0248999995164922,0.0184000000444939,4.458500000509957,0.1366999995298101,0.0288999999611405,16.657199999826844,0.2715000000534928,0.0,21.571500000391097,21.617299999888928,21.57929999975749,500,500,333.0,1501.5015015015017,,False,10.38460000017949
354,exp1-completion-paced,66,264,0.2730999995037564,2.2478000000774045,27.09709999999177,24.849299999914365,0.0215999998545157,19.0640999999232,500,348,14.150799999697483,19.109900000330526,False,348,0.0173999997059581,0.0284000007013673,0.0172000000020489,4.599799999596144,0.139800000397372,0.0276999999186955,14.150799999697483,0.1285999996980535,0.0,19.0640999999232,19.109900000330526,19.071299999268376,500,500,333.0,1501.5015015015017,,False,7.987199999661243
355,exp1-completion-paced,66,264,0.2611999998407555,1.25690000004397,45.19830000026559,43.94140000022162,0.024199999643315,23.40989999993326,500,349,18.667700000150944,23.451399999430578,False,349,0.0184000000444939,0.0230999994528247,0.0176000003193621,4.432300000189571,0.1320000001214794,0.0297999995382269,18.667700000150944,0.1302999999097664,0.0,23.40989999993326,23.451399999430578,23.416899999574525,500,500,333.0,1501.5015015015017,,False,21.746900000835012
356,exp1-completion-paced,66,264,0.4651999997804523,2.070199999252509,43.76549999960844,41.69530000035593,0.0187000005098525,33.19829999963986,500,350,24.37960000042949,33.40980000029958,False,350,0.0267000004896544,0.1848000001700711,0.0276999999186955,8.28929999988759,0.2560000002631568,0.1224999996338738,24.37960000042949,0.1229999998031416,0.0,33.19829999963986,33.40980000029958,33.209500000339176,500,500,333.0,1501.5015015015017,,False,10.355699999308854
357,exp1-completion-paced,66,264,0.262999999904423,2.714299999752257,36.70030000012048,33.98600000036822,0.0427000004492583,18.45070000035776,500,351,13.676800000212095,18.498600000384613,False,351,0.02050000057352,0.0273999994533369,0.0176000003193621,4.454099999747996,0.1312000003963476,0.0407999996241414,13.676800000212095,0.1300000003539025,0.0,18.45070000035776,18.498600000384613,18.457799999850977,500,500,333.0,1501.5015015015017,,False,18.201699999735865
358,exp1-completion-paced,66,264,0.4632000000128755,1.063100000465056,47.13280000032682,46.06969999986177,0.0207999992198892,28.808399999434187,500,352,24.20059999985824,28.856500000074448,False,352,0.0212000004466972,0.0269000001935637,0.0190000000657164,4.3009999999412685,0.1320000001214794,0.0303999995594494,24.20059999985824,0.1252000001841224,0.0,28.808399999434187,28.856500000074448,28.81580000030226,500,500,333.0,1501.5015015015017,,False,18.27630000025237
359,exp1-completion-paced,66,264,0.2905000001192093,3.703299999870069,38.19860000021436,34.49530000034429,0.0210999996852478,27.11210000052233,500,353,22.08000000064203,27.172400000381455,False,353,0.0301000000035855,0.0301999998555402,0.0182000003405846,4.724000000351225,0.1323999995292979,0.0290999996650498,22.08000000064203,0.1283000001421896,0.0,27.11210000052233,27.172400000381455,27.12020000035409,500,500,333.0,1501.5015015015017,,False,11.026199999832908
360,exp1-completion-paced,66,264,0.4629999993994715,1.0401999998066458,45.53109999960725,44.49089999980061,0.0201000002562068,23.49400000002788,500,354,18.756800000119256,23.537399999440822,False,354,0.0198999996428028,0.0234999997701379,0.019099999917671,4.418100000293634,0.1302000000578118,0.0290999996650498,18.756800000119256,0.1404000004185945,0.0,23.49400000002788,23.537399999440822,23.50120000028255,500,500,333.0,1501.5015015015017,,False,21.993700000166427
361,exp1-completion-paced,66,264,0.2714000002015382,0.7100000002537854,32.087200000205485,31.3771999999517,0.0191999997696257,18.60820000001695,500,355,13.75960000041232,18.68330000070273,False,355,0.01810000048863,0.0570000001971493,0.0211999995372025,4.53040000047622,0.1379999994242098,0.0299000002996763,13.75960000041232,0.1284999998460989,0.0,18.60820000001695,18.68330000070273,18.62489999984973,500,500,333.0,1501.5015015015017,,False,13.403899999502755
362,exp1-completion-paced,66,264,0.2807999999276944,3.249100000175531,33.602800000153366,30.353699999977835,0.0217000006159651,27.08950000032928,500,356,18.324699999539007,27.19040000010864,False,356,0.0194000003830296,0.0814999993963283,0.025899999855028,8.243600000241713,0.2449000003252877,0.1161000000138301,18.324699999539007,0.1341000006505055,0.0,27.08950000032928,27.19040000010864,27.099800000542015,500,500,333.0,1501.5015015015017,,False,6.412400000044727
363,exp1-completion-paced,66,264,0.2654999998412677,1.242899999851943,33.07240000049205,31.82950000064011,0.0215999998545157,20.72630000020581,500,357,16.012099999898055,20.77660000031756,False,357,0.0251000001298962,0.0251999999818508,0.0179999997271806,4.401600000164763,0.1334999997197883,0.0318000002152984,16.012099999898055,0.1290999998673214,0.0,20.72630000020581,20.77660000031756,20.73229999950854,500,500,333.0,1501.5015015015017,,False,12.295800000174491
364,exp1-completion-paced,66,264,0.4644000000553205,0.979199999164848,41.90319999997882,40.924000000813976,0.0302999997074948,22.90269999957673,500,358,17.72789999995439,22.950499999751628,False,358,0.0215999998545157,0.0262000003203866,0.0186999996003578,4.738399999951071,0.1569000005474663,0.0303999995594494,17.72789999995439,0.2300000005561742,0.0,22.90269999957673,22.950499999751628,22.910499999852615,500,500,333.0,1501.5015015015017,,False,18.95270000022719
365,exp1-completion-paced,66,264,0.4460000000108266,0.0748000002204207,33.46680000049673,33.39200000027631,0.0196000000869389,25.00809999946796,500,359,20.262399999410263,25.084799999604,False,359,0.0383999995392514,0.0383000005967915,0.0196999999388935,4.305100000237871,0.1368999992337194,0.0303000006169895,20.262399999410263,0.2533000006224029,0.0,25.00809999946796,25.084799999604,25.0160000005053,500,500,333.0,1501.5015015015017,,False,8.382000000892731
366,exp1-completion-paced,66,264,0.2575999997134204,2.755599999545666,28.04190000006201,25.28630000051635,0.0194000003830296,18.704399999478483,500,360,14.190599999892584,18.746400000054564,False,360,0.0194000003830296,0.0226000001930515,0.0183000001925393,4.205599999295373,0.1289000001634122,0.0286000004052766,14.190599999892584,0.1321999998253886,0.0,18.704399999478483,18.746400000054564,18.71180000034656,500,500,333.0,1501.5015015015017,,False,9.295500000007447
367,exp1-completion-paced,66,264,0.282599999991362,0.1007999999274034,32.501899999260786,32.40109999933338,0.02059999951598,19.974700000602752,500,361,15.069799999764657,20.019600000523496,False,361,0.0200000004042522,0.0248999995164922,0.0186000006578979,4.591899999468296,0.1404000004185945,0.0271999997494276,15.069799999764657,0.1265999999304767,0.0,19.974700000602752,20.019600000523496,19.982299999355742,500,500,333.0,1501.5015015015017,,False,12.48229999873729
368,exp1-completion-paced,66,264,0.2561999999670661,0.7098000005498761,34.629100000529434,33.91929999997956,0.0173999997059581,21.16550000027928,500,362,16.173399999388494,21.239900000182388,False,362,0.0183000001925393,0.0560999997105682,0.016900000446185,4.652800000258139,0.161899999511661,0.0341000004482339,16.173399999388494,0.1262000005226582,0.0,21.16550000027928,21.239900000182388,21.16950000072393,500,500,333.0,1501.5015015015017,,False,13.389200000347046
369,exp1-completion-paced,66,264,0.2768000003925408,2.73289999950066,36.06249999938882,33.32959999988816,0.0180999995791353,20.569599999362254,500,363,15.58480000039708,20.61799999955838,False,363,0.0193999994735349,0.0290000007225899,0.0411000000895001,4.638499999600754,0.1505000000179279,0.0276999999186955,15.58480000039708,0.1268999994863406,0.0,20.569599999362254,20.61799999955838,20.577399999638143,500,500,333.0,1501.5015015015017,,False,15.444499999830441
370,exp1-completion-paced,66,264,0.2749000004769186,0.050300000111747,33.15149999980349,33.101199999691744,0.0221000000237836,24.69429999928252,500,364,18.537700000706536,24.741700000049605,False,364,0.0208000001293839,0.0266000006376998,0.0394999997297418,5.615099999886297,0.2518000001145992,0.1133999994635814,18.537700000706536,0.1364999998259009,0.0,24.69429999928252,24.741700000049605,24.702200000319863,500,500,333.0,1501.5015015015017,,False,8.409799999753886
371,exp1-completion-paced,66,264,0.2810999994835583,5.242199999884178,32.08509999967646,26.84289999979228,0.0200000004042522,22.022300000571704,500,365,16.427799999291892,22.12490000056277,False,365,0.067200000557932,0.0353999994331388,0.0183000001925393,5.278700000417302,0.1376999998683459,0.0301000000035855,16.427799999291892,0.1295000001846347,0.0,22.022300000571704,22.12490000056277,22.028899999895657,500,500,333.0,1501.5015015015017,,False,9.960199999113687
372,exp1-completion-paced,66,264,0.260300000263669,0.0497000000905245,29.565499999989697,29.515799999899173,0.0178000000232714,20.91060000020661,500,366,14.915900000232796,21.05120000032912,False,366,0.0404000002163229,0.1001999999061808,0.0251000001298962,5.653000000165775,0.1597999998921295,0.0328999994962941,14.915900000232796,0.1237000005858135,0.0,20.91060000020661,21.05120000032912,20.92090000041935,500,500,333.0,1501.5015015015017,,False,8.514299999660576
373,exp1-completion-paced,66,264,0.27219999992667,1.1880999991262795,29.5150999991165,28.32699999999022,0.0319000000672531,18.469200000254204,500,367,13.910200000282202,18.51780000015424,False,367,0.0180999995791353,0.0305000003208988,0.0173999997059581,4.249999999956344,0.1304000006712158,0.0286999993477365,13.910200000282202,0.1322999996773433,0.0,18.469200000254204,18.51780000015424,18.475399999260844,500,500,333.0,1501.5015015015017,,False,10.997299998962262
374,exp1-completion-paced,66,264,0.2740999998422921,0.7012000005488517,33.08800000013434,32.38679999958549,0.0263000001723412,18.90780000030645,500,368,14.280500000495522,18.953400000100373,False,368,0.019099999917671,0.0264999998762505,0.0184999998964485,4.327000000557746,0.1314999999522115,0.0285999994957819,14.280500000495522,0.1216000000567874,0.0,18.90780000030645,18.953400000100373,18.91510000041308,500,500,333.0,1501.5015015015017,,False,14.13460000003397
375,exp1-completion-paced,66,264,0.264199999946868,1.248900000064168,29.073099999550323,27.824199999486154,0.0195000002349843,19.087300000137475,500,369,14.295200000560726,19.142300000567047,False,369,0.0172999998540035,0.0377000005755689,0.0192999996215803,4.462300000341202,0.1369999999951687,0.0279999994745594,14.295200000560726,0.1449999999749707,0.0,19.087300000137475,19.142300000567047,19.0946000002441,500,500,333.0,1501.5015015015017,,False,9.930799998983275
376,exp1-completion-paced,66,264,0.2730000005612965,0.0470999993922305,36.70830000010028,36.66120000070805,0.0197999997908482,19.024199999876146,500,370,14.124000000265369,19.088600000031875,False,370,0.0204000007215654,0.0439999994341633,0.01810000048863,4.587800000081188,0.1414999996995902,0.0284999996438273,14.124000000265369,0.1240000001416774,0.0,19.024199999876146,19.088600000031875,19.052300000112155,500,500,333.0,1501.5015015015017,,False,17.619700000068406
377,exp1-completion-paced,66,264,0.2830000003086752,1.2384000001475215,35.20029999981489,33.96189999966737,0.0203000008696108,19.76790000026085,500,371,15.024499999526595,19.81650000016089,False,371,0.0198999996428028,0.0287000002572312,0.0179999997271806,4.40340000022843,0.1357000001007691,0.0317000003633438,15.024499999526595,0.154100000145263,0.0,19.76790000026085,19.81650000016089,19.77520000036748,500,500,333.0,1501.5015015015017,,False,15.383799999653998
378,exp1-completion-paced,66,264,0.2677000002222485,0.7192000002760324,36.06270000000222,35.34349999972619,0.0208999999813386,21.798699999635573,500,372,17.002300000058312,21.84330000000045,False,372,0.0204999996640253,0.0241000007008551,0.017899999875226,4.480799999328156,0.1354000005449052,0.0386000001526554,17.002300000058312,0.1235999998243642,0.0,21.798699999635573,21.84330000000045,21.805899999890244,500,500,333.0,1501.5015015015017,,False,14.219400000001773
379,exp1-completion-paced,66,264,0.2787999992506229,1.222099999722559,32.64909999961674,31.42699999989418,0.0211999995372025,19.127900000057707,500,373,14.259499999752734,19.178599999577276,False,373,0.0204999996640253,0.0301999998555402,0.0170000002981396,4.571100000248407,0.1333999998678336,0.0282000000879634,14.259499999752734,0.1185000000987201,0.0,19.127900000057707,19.178599999577276,19.1341999998258,500,500,333.0,1501.5015015015017,,False,13.470500000039461
380,exp1-completion-paced,66,264,0.2738000002864282,0.0509999999849242,40.80470000008063,40.753700000095705,0.0171000001500942,20.58619999934308,500,374,15.579699999761942,20.653999999922235,False,374,0.0196000000869389,0.0482000004922156,0.0184999998964485,4.676199999266828,0.1705000004221801,0.0307000000248081,15.579699999761942,0.1104000002669636,0.0,20.58619999934308,20.653999999922235,20.61549999962153,500,500,333.0,1501.5015015015017,,False,20.150700000158395
381,exp1-completion-paced,66,264,0.2678000000742031,2.7198000007047085,35.178300000552554,32.458499999847845,0.0208000001293839,21.16299999943294,500,375,15.590899999551766,21.21739999984129,False,375,0.0191999997696257,0.0352000006387243,0.017899999875226,5.085699999654025,0.2407000001767301,0.1129000002038083,15.590899999551766,0.1146000004155212,0.0,21.16299999943294,21.21739999984129,21.169999999983705,500,500,333.0,1501.5015015015017,,False,13.960900000711263
382,exp1-completion-paced,66,264,0.2674000006663846,1.304800000070827,32.10659999967902,30.801799999608196,0.0335999993694713,19.47070000005624,500,376,14.508000000205357,19.51120000012452,False,376,0.0187000005098525,0.021799999558425,0.0170000002981396,4.675000000133878,0.1339000000371015,0.0284999996438273,14.508000000205357,0.1081000000340282,0.0,19.47070000005624,19.51120000012452,19.47790000031091,500,500,333.0,1501.5015015015017,,False,12.595399999554498
383,exp1-completion-paced,66,264,0.2675000005183392,0.7525000000896398,29.04930000022432,28.29680000013468,0.0211999995372025,20.426400000360445,500,377,15.80069999999978,20.475299999816343,False,377,0.0212999993891571,0.0276000000667409,0.0196999999388935,4.303700000491517,0.1302000000578118,0.0419999996665865,15.80069999999978,0.1299000005019479,0.0,20.426400000360445,20.475299999816343,20.43720000074245,500,500,333.0,1501.5015015015017,,False,8.574000000407977
384,exp1-completion-paced,66,264,0.2653000001373584,2.7390000004743342,31.548900000416324,28.80989999994199,0.0305000003208988,19.138800000291667,500,378,14.535000000250877,19.21409999977186,False,378,0.0327999996443395,0.0424999998358543,0.0176000003193621,4.3063000002803165,0.1275999993595178,0.0293000002784538,14.535000000250877,0.1228000000992324,0.0,19.138800000291667,19.21409999977186,19.14610000039829,500,500,333.0,1501.5015015015017,,False,12.334800000644464
385,exp1-completion-paced,66,264,0.2604000001156237,0.0412999997934093,36.617300000216346,36.57600000042294,0.0165999999808263,19.28239999961079,500,379,14.57750000008673,19.32349999970029,False,379,0.0176000003193621,0.0234999997701379,0.0170000002981396,4.357699999673059,0.1673999995546182,0.0328000005538342,14.57750000008673,0.1298999995924532,0.0,19.28239999961079,19.32349999970029,19.28899999984424,500,500,333.0,1501.5015015015017,,False,17.293800000516057
386,exp1-completion-paced,66,264,0.2738000002864282,0.0496000002385699,35.909900000660855,35.860300000422285,0.0339999996867845,20.677700000305776,500,380,15.974099999766622,20.7274000003963,False,380,0.019300000531075,0.0303999995594494,0.0189000002137618,4.395199999635224,0.1308000000790343,0.0275000002147862,15.974099999766622,0.1310000006924383,0.0,20.677700000305776,20.7274000003963,20.68570000028558,500,500,333.0,1501.5015015015017,,False,15.182500000264554
387,exp1-completion-paced,66,264,0.2703999998630024,2.737999999226304,34.087199999703444,31.34920000047714,0.019300000531075,20.996300000660995,500,381,15.372500000012224,21.04730000064592,False,381,0.019099999917671,0.0319000000672531,0.0182000003405846,5.127800000082061,0.2395999999862397,0.1110000002881861,15.372500000012224,0.1269999993382953,0.0,20.996300000660995,21.04730000064592,21.00329999939277,500,500,333.0,1501.5015015015017,,False,13.039899999057525
388,exp1-completion-paced,66,264,0.2742000006037415,2.743699999882665,41.24580000006972,38.502100000187056,0.0228999997489154,19.39210000000457,500,382,14.477699999588369,19.43360000041139,False,382,0.0179000007847207,0.0235999996220925,0.0174999995579128,4.60060000023077,0.1382999998895684,0.0281000002360087,14.477699999588369,0.1297000007980386,0.0,19.39210000000457,19.43360000041139,19.39920000040729,500,500,333.0,1501.5015015015017,,False,21.812199999658333
389,exp1-completion-paced,66,264,0.2792000004774309,0.0506000005771056,36.29600000022037,36.24539999964327,0.0276999999186955,19.86360000046261,500,383,14.54699999976583,19.92640000025858,False,383,0.0385000003007007,0.0242999994952697,0.0165000001288717,4.978500000106578,0.1416000004610396,0.028299999939918,14.54699999976583,0.1515000003564637,0.0,19.86360000046261,19.92640000025858,19.86960000067484,500,500,333.0,1501.5015015015017,,False,16.369599999961785
390,exp1-completion-paced,66,264,0.2570999995441525,0.0528999999005463,31.077699999514152,31.02479999961361,0.0190000000657164,18.83559999987483,500,384,13.855100000000675,18.889900000431226,False,384,0.0215000000025611,0.0328000005538342,0.019099999917671,4.665800000111631,0.1339000000371015,0.0288000001091859,13.855100000000675,0.1326999999946565,0.0,18.83559999987483,18.889900000431226,18.84289999998145,500,500,333.0,1501.5015015015017,,False,12.187799999082927
391,exp1-completion-paced,66,264,0.2717999996093567,0.6973999998081126,39.26620000038383,38.56880000057572,0.0266000006376998,22.554700000000597,500,385,17.49870000003284,22.598399999878893,False,385,0.0198999996428028,0.0238000002354965,0.0181999994310899,4.58969999999681,0.1422000004822621,0.0306000001728534,17.49870000003284,0.2748999995674239,0.0,22.554700000000597,22.598399999878893,22.56200000010722,500,500,333.0,1501.5015015015017,,False,16.66780000050494
392,exp1-completion-paced,66,264,0.2702000001590932,1.3022000002820278,44.833299999481824,43.5310999991998,0.0315999996018945,36.68379999999161,500,386,27.325800000653544,36.81860000051529,False,386,0.0262000003203866,0.108600000203296,0.0253999996857601,8.709599999747297,0.248700000156532,0.1198999998450744,27.325800000653544,0.2540999994380399,0.0,36.68379999999161,36.81860000051529,36.69459999946412,500,500,333.0,1501.5015015015017,,False,8.014699998966535
393,exp1-completion-paced,66,264,0.480700000480283,0.137400000312482,55.90230000052543,55.76490000021295,0.0305000003208988,36.87949999948614,500,387,27.78089999992517,36.97569999985717,False,387,0.0508000002810149,0.0454000000900123,0.0299999992421362,8.45850000041537,0.2615000003061141,0.1130000000557629,27.78089999992517,0.2352000001337728,0.0,36.87949999948614,36.97569999985717,36.8904000006296,500,500,333.0,1501.5015015015017,,False,18.92660000066826
394,exp1-completion-paced,66,264,0.2832999998645391,2.289600000040082,37.67950000019482,35.38990000015474,0.0172999998540035,27.600700000220968,500,388,18.908299999566225,27.734000000236847,False,388,0.0231000003623194,0.1101999996535596,0.0245999999606283,8.166100000380538,0.257900000178779,0.1172000002043205,18.908299999566225,0.1264000002265675,0.0,27.600700000220968,27.734000000236847,27.6107999998203,500,500,333.0,1501.5015015015017,,False,9.945499999957974
395,exp1-completion-paced,66,264,0.2938999996331404,0.0597999996898579,39.61669999989681,39.55690000020695,0.0215999998545157,24.29260000008071,500,389,19.15519999965909,24.344200000086857,False,389,0.0251999999818508,0.0264000000242958,0.0167999996847356,4.713299999821174,0.1412000001437263,0.0303000006169895,19.15519999965909,0.2353999998376821,0.0,24.29260000008071,24.344200000086857,24.30000000003929,500,500,333.0,1501.5015015015017,,False,15.272499999809952
396,exp1-completion-paced,66,264,0.463800000034098,1.0597999998935848,58.86550000013813,57.80570000024454,0.0319999999192077,35.10460000052262,500,390,26.439499999469263,35.162400000444904,False,390,0.0231000003623194,0.0346999995599617,0.0271999997494276,8.005700000467186,0.2562999998190207,0.1183000003948109,26.439499999469263,0.2572000003056018,0.0,35.10460000052262,35.162400000444904,35.11600000001636,500,500,333.0,1501.5015015015017,,False,23.703099999693222
397,exp1-completion-paced,66,264,0.4423000000315369,6.089299999985087,46.23790000005101,40.148600000065926,0.0196999999388935,31.85999999914202,500,391,27.113500000268687,31.90919999997277,False,391,0.0208000001293839,0.0284000007013673,0.0194999993254896,4.292500000701693,0.1331999992544297,0.0301999998555402,27.113500000268687,0.2708000001803157,0.0,31.85999999914202,31.90919999997277,31.86769999956596,500,500,333.0,1501.5015015015017,,False,14.328700000078243
398,exp1-completion-paced,66,264,0.261799999861978,1.2708000003840425,54.606300000159536,53.33549999977549,0.0301000000035855,34.198299999843584,500,392,26.192600000285893,34.2436999999336,False,392,0.0194999993254896,0.0259000007645227,0.0196000000869389,7.467599999472441,0.2575999997134204,0.1207000004797009,26.192600000285893,0.1397999994878773,0.0,34.198299999843584,34.2436999999336,34.205500000098255,500,500,333.0,1501.5015015015017,,False,20.36260000022594
399,exp1-completion-paced,66,264,0.3763999993680045,0.0445999994553858,50.738599999931466,50.69400000047608,0.0238000002354965,30.76269999928627,500,393,25.173900000481808,30.80489999956626,False,393,0.0191999997696257,0.0230000005103647,0.0175999994098674,5.1047000006292365,0.1459999994040117,0.0325999999404302,25.173900000481808,0.2875999998650513,0.0,30.76269999928627,30.80489999956626,30.76859999964654,500,500,333.0,1501.5015015015017,,False,19.933700000365207
400,exp1-completion-paced,66,264,0.2832999998645391,1.2781999994331272,46.76380000000791,45.48560000057478,0.0180999995791353,23.99839999998221,500,394,15.699599999607017,24.04690000003029,False,394,0.0195000002349843,0.0289999998130952,0.0177000001713167,7.497599999624072,0.5455000000438304,0.1142000000982079,15.699599999607017,0.1234999999724095,0.0,23.99839999998221,24.04690000003029,24.00570000008884,500,500,333.0,1501.5015015015017,,False,22.71689999997762
401,exp1-completion-paced,66,264,0.2611999998407555,1.255700000001525,38.04819999913889,36.79249999913736,0.0186999996003578,19.54010000008566,500,395,14.599499999349064,19.584900000154448,False,395,0.0195000002349843,0.0252999998338054,0.0172999998540035,4.610300000422285,0.1611999996384838,0.0292000004264991,14.599499999349064,0.1225000005433685,0.0,19.54010000008566,19.584900000154448,19.54730000034033,500,500,333.0,1501.5015015015017,,False,18.46329999898444
402,exp1-completion-paced,66,264,0.2623000000312459,1.2514000000010128,33.520400000270456,32.26900000026944,0.0209999998332932,19.517000000632837,500,396,14.75899999968533,19.71849999972619,False,396,0.0198999996428028,0.1815999994505546,0.02050000057352,4.441099999894504,0.1390999996147002,0.0278000006801448,14.75899999968533,0.1292999995712307,0.0,19.517000000632837,19.71849999972619,19.551799999135252,500,500,333.0,1501.5015015015017,,False,13.801900000544265
403,exp1-completion-paced,66,264,0.2604999999675783,0.0393999998777871,41.277700000136974,41.23830000025919,0.0227999998969608,25.622900000598747,500,397,20.77220000046509,25.66230000047653,False,397,0.0190000000657164,0.0203999998120707,0.0187000005098525,4.421399999955611,0.1316999996561207,0.0288000001091859,20.77220000046509,0.2496999995855731,0.0,25.622900000598747,25.66230000047653,25.62959999977465,500,500,333.0,1501.5015015015017,,False,15.615399999660443
404,exp1-completion-paced,66,264,0.4695999996329192,0.0875000005180481,55.05020000055083,54.96270000003278,0.0313000000460306,31.63969999968685,500,398,22.58489999985613,31.862599999840317,False,398,0.0667999993311241,0.1561000008223345,0.0260999995589372,8.41500000024098,0.2556999997977982,0.1264000002265675,22.58489999985613,0.2311999996891245,0.0,31.63969999968685,31.862599999840317,31.65110000009008,500,500,333.0,1501.5015015015017,,False,23.187600000710514
405,exp1-completion-paced,66,264,0.2797999995891587,2.714600000217615,33.52150000046095,30.80690000024333,0.019099999917671,19.64369999950577,500,399,14.806299999690964,19.685199999912584,False,399,0.0174000006154528,0.0240999997913604,0.0168999995366903,4.5446000003721565,0.1332000001639244,0.0288999999611405,14.806299999690964,0.1136000000769854,0.0,19.64369999950577,19.685199999912584,19.65079999990849,500,500,333.0,1501.5015015015017,,False,13.836300000548363
406,exp1-completion-paced,66,264,0.4772000002049026,0.0721000005796668,50.6137000002127,50.54159999963304,0.0189000002137618,36.8877999999313,500,400,27.32759999980772,37.05230000014126,False,400,0.0251999999818508,0.1393000002281041,0.0274999993052915,8.915100000194798,0.2666000000317581,0.1171000003523659,27.32759999980772,0.2334999999220599,0.0,36.8877999999313,37.05230000014126,36.89860000031331,500,500,333.0,1501.5015015015017,,False,13.561400000071444
407,exp1-completion-paced,66,264,0.2868999999918742,2.795200000036857,54.09589999999298,51.30069999995612,0.0311000003421213,34.4254000001456,500,401,25.98959999977524,34.4902999995611,False,401,0.0301000000035855,0.0347999994119163,0.0257000001511187,7.758200000353099,0.3489999999146675,0.0762999998187297,25.98959999977524,0.2263000005768844,0.0,34.4254000001456,34.4902999995611,34.43450000031589,500,500,333.0,1501.5015015015017,,False,19.605600000431878
408,exp1-completion-paced,66,264,0.2637999996295548,2.7411999999458203,42.68360000060056,39.94240000065474,0.0192999996215803,20.943800000168267,500,402,15.961699999934352,21.008900000197173,False,402,0.0185999997484032,0.0465000002805027,0.0459000002592802,4.580499999974563,0.1322999996773433,0.0279000005320995,15.961699999934352,0.1953000000867177,0.0,20.943800000168267,21.008900000197173,20.971100000679144,500,500,333.0,1501.5015015015017,,False,21.67470000040339
409,exp1-completion-paced,66,264,0.2667999997356673,6.876000000374916,44.0046000003349,37.12859999995999,0.0310000004901667,35.777000000052794,500,403,26.880999999775668,35.86559999985184,False,403,0.0284999996438273,0.0601000001552165,0.0293000002784538,8.271400000012363,0.2571999993961071,0.1197000001411652,26.880999999775668,0.2180999999836785,0.0,35.777000000052794,35.86559999985184,35.78729999935604,500,500,333.0,1501.5015015015017,,False,8.139000000483058
410,exp1-completion-paced,66,264,0.4489000002649845,0.5767000002379064,51.8554000000222,51.27869999978429,0.0230000005103647,37.28430000046501,500,404,28.33519999967393,37.3834000001807,False,404,0.0538000003871275,0.0452999993285629,0.0284000007013673,8.299099999931059,0.2694999993764213,0.1287000004595029,28.33519999967393,0.2230999998573679,0.0,37.28430000046501,37.3834000001807,37.29659999953583,500,500,333.0,1501.5015015015017,,False,14.4719999998415
411,exp1-completion-paced,66,264,0.2892000002248096,1.2142999994466663,53.487399999539775,52.27310000009311,0.0299999992421362,35.99400000075548,500,405,26.859000000513333,36.10790000038833,False,405,0.0350000000253203,0.078899999607529,0.027300000510877,8.55649999994057,0.2410999995845486,0.1135000002250308,26.859000000513333,0.1963999993677134,0.0,35.99400000075548,36.10790000038833,36.005199999635806,500,500,333.0,1501.5015015015017,,False,17.37949999915145
412,exp1-completion-paced,66,264,0.491100000544975,0.9067000000868576,49.608100000114064,48.701400000027206,0.0307999998767627,33.57990000040445,500,406,24.91180000015447,33.685200000036275,False,406,0.0225000003410968,0.082799999290728,0.0284000007013673,8.154799999829265,0.242199999775039,0.1148000001194304,24.91180000015447,0.1277000001209671,0.0,33.57990000040445,33.685200000036275,33.58970000044792,500,500,333.0,1501.5015015015017,,False,15.922900000077789
413,exp1-completion-paced,66,264,0.4525000003923196,0.0834000002214452,44.11179999988235,44.028399999660905,0.0202000001081614,35.84580000006099,500,407,27.021099999728904,36.15660000014032,False,407,0.0269000001935637,0.2838999998857616,0.0254999995377147,8.220400000027439,0.2437000002828426,0.1153000002886983,27.021099999728904,0.2195999995819875,0.0,35.84580000006099,36.15660000014032,35.85629999997764,500,500,333.0,1501.5015015015017,,False,7.955199999742028
414,exp1-completion-paced,66,264,0.2638000005390495,1.2020000003758469,37.05119999995077,35.84919999957492,0.0204999996640253,22.339399999509624,500,408,16.990699999951175,22.387699999853798,False,408,0.0202000001081614,0.0281000002360087,0.0177000001713167,4.784799999470124,0.1360000005661277,0.0302999997074948,16.990699999951175,0.3795000002355664,0.0,22.339399999509624,22.387699999853798,22.346200000356475,500,500,333.0,1501.5015015015017,,False,14.66350000009697
415,exp1-completion-paced,66,264,0.4622000005838345,0.97509999977774,57.755200000428886,56.780100000651146,0.0302999997074948,36.678200000096695,500,409,27.88440000040282,36.76950000044599,False,409,0.029700000595767,0.0615999997535254,0.0276000000667409,8.138299999700394,0.2543000000514439,0.1240000001416774,27.88440000040282,0.2491999994163052,0.0,36.678200000096695,36.76950000044599,36.68930000003456,500,500,333.0,1501.5015015015017,,False,20.9856999999829
416,exp1-completion-paced,66,264,0.2664999992703087,1.2536000003819936,32.575899999756075,31.32229999937408,0.0201000002562068,19.04850000028091,500,410,14.408699999876262,19.087499999841384,False,410,0.0184000000444939,0.02059999951598,0.0171000001500942,4.347000000052503,0.1295000001846347,0.0292999993689591,14.408699999876262,0.1167000000350526,0.0,19.04850000028091,19.087499999841384,19.055199999456818,500,500,333.0,1501.5015015015017,,False,13.48839999991469
417,exp1-completion-paced,66,264,0.2828000006047659,1.7216000005646492,31.52750000026572,29.80589999970107,0.0202999999601161,19.540300000699062,500,411,14.655900000434483,19.58379999996396,False,411,0.0187999994523124,0.0246999998125829,0.0174000006154528,4.581799999868963,0.1351999999315012,0.0325999999404302,14.655900000434483,0.1173000000562751,0.0,19.540300000699062,19.58379999996396,19.54750000004424,500,500,333.0,1501.5015015015017,,False,11.94370000030176
418,exp1-completion-paced,66,264,0.2817999993567355,0.0497000000905245,44.27579999992304,44.22609999983251,0.0172999998540035,23.94989999993413,500,412,15.13729999987845,24.108000000524044,False,412,0.0637000002825516,0.0944000003073597,0.0390999994124285,8.329000000230735,0.2321000001757056,0.1088999997591599,15.13729999987845,0.1033000007737428,0.0,23.94989999993413,24.108000000524044,23.984899999959453,500,500,333.0,1501.5015015015017,,False,20.167799999398994
419,exp1-completion-paced,66,264,0.2666000000317581,0.0599000004513072,32.5898999999481,32.529999999496795,0.017899999875226,20.48529999956372,500,413,14.80950000041048,20.55789999940316,False,413,0.0503999999637017,0.0221999998757382,0.0171000001500942,5.36279999960243,0.1538000005893991,0.0279999994745594,14.80950000041048,0.1138999996328493,0.0,20.48529999956372,20.55789999940316,20.492200000262528,500,500,333.0,1501.5015015015017,,False,12.032000000544944
420,exp1-completion-paced,66,264,0.2788000001601176,0.7307999994736747,35.61219999937748,34.881399999903806,0.0214000001506065,19.212700000025507,500,414,14.504400000078022,19.258500000432832,False,414,0.019099999917671,0.0267000004896544,0.0193999994735349,4.419900000357302,0.1357000001007691,0.0282000000879634,14.504400000078022,0.104799999462557,0.0,19.212700000025507,19.258500000432832,19.220600000153357,500,500,333.0,1501.5015015015017,,False,16.35369999894465
421,exp1-completion-paced,66,264,0.2719000003708061,1.1954000001423992,38.151200000356766,36.95580000021437,0.0211999995372025,23.411299999679613,500,415,18.52599999983795,23.461299999326,False,415,0.0193999994735349,0.0306000001728534,0.0184000000444939,4.595000000335858,0.1393999991705641,0.0283000008494127,18.52599999983795,0.1039999997374252,0.0,23.411299999679613,23.461299999326,23.41840000008233,500,500,333.0,1501.5015015015017,,False,14.689900001030768
422,exp1-completion-paced,66,264,0.273600000582519,2.2238999999899534,26.54750000056083,24.32360000057088,0.0185999997484032,18.990800000210584,500,416,14.35440000022936,19.03779999975086,False,416,0.0191999997696257,0.0277999997706501,0.01810000048863,4.354199999397679,0.1334000007773284,0.0283999997918726,14.35440000022936,0.102099999821803,0.0,18.990800000210584,19.03779999975086,18.99800000046525,500,500,333.0,1501.5015015015017,,False,7.509700000809971
423,exp1-completion-paced,66,264,0.2819000001181848,1.30170000011276,38.72970000065834,37.42800000054558,0.0180999995791353,19.738999999390217,500,417,14.751499999874795,19.778599999881408,False,417,0.0174000006154528,0.0221999998757382,0.0165000001288717,4.683699999986857,0.1325999992332072,0.0290000007225899,14.751499999874795,0.1254999997399863,0.0,19.738999999390217,19.778599999881408,19.74520000021585,500,500,333.0,1501.5015015015017,,False,18.951100000776933
424,exp1-completion-paced,66,264,0.2649000007295399,2.280499999869789,38.20799999994051,35.92750000007072,0.0180000006366753,19.065100000261737,500,418,14.086600000155158,19.112200000563465,False,418,0.0190000000657164,0.0281000002360087,0.0188000003618071,4.700499999671592,0.1344000002063694,0.027099999897473,14.086600000155158,0.0974999993559322,0.0,19.065100000261737,19.112200000563465,19.072599999162776,500,500,333.0,1501.5015015015017,,False,19.095799999377046
425,exp1-completion-paced,66,264,0.2690999999686028,1.2507000001278357,43.21059999983845,41.959899999710615,0.0194999993254896,25.89329999955225,500,419,17.445200000111072,25.94239999962156,False,419,0.0211999995372025,0.0279000005320995,0.017899999875226,8.057699999881152,0.1361000004180823,0.0297999995382269,17.445200000111072,0.2062000003206776,0.0,25.89329999955225,25.94239999962156,25.90039999995497,500,500,333.0,1501.5015015015017,,False,17.26820000021689
426,exp1-completion-paced,66,264,0.289100000372855,0.0535999997737235,46.80160000043543,46.748000000661705,0.0302000007650349,32.66960000019026,500,420,24.9469999998837,32.731999999668915,False,420,0.0224999994316021,0.039900000047055,0.0199000005522975,7.062199999381846,0.2592999999251333,0.1191000001199427,24.9469999998837,0.2618000007714727,0.0,32.66960000019026,32.731999999668915,32.67710000000079,500,500,333.0,1501.5015015015017,,False,14.069600000766513
427,exp1-completion-paced,66,264,0.2823000004354981,0.0608000000283937,41.21519999989687,41.15439999986848,0.0195000002349843,34.15060000043013,500,421,27.905099999770755,34.197199999653094,False,421,0.0196000000869389,0.0269999991360236,0.0176000003193621,5.700499999875319,0.2588000006653601,0.11369999992894,27.905099999770755,0.1544999995530815,0.0,34.15060000043013,34.197199999653094,34.157999999479216,500,500,333.0,1501.5015015015017,,False,7.018000000243774
428,exp1-completion-paced,66,264,0.2762000003713183,0.0696000006428221,48.17580000053567,48.10619999989285,0.0222999997276929,31.524699999863515,500,422,26.15629999945668,31.6064999997252,False,422,0.0436000000263447,0.0381999998353421,0.0214000001506065,4.987499999515421,0.1442000002498389,0.0281000002360087,26.15629999945668,0.1869000006990973,0.0,31.524699999863515,31.6064999997252,31.533600000329898,500,500,333.0,1501.5015015015017,,False,16.569300000810472
429,exp1-completion-paced,66,264,0.2783999998428044,2.24999999954889,30.132899999443907,27.882899999895017,0.0274000003628316,23.271199999726377,500,423,18.326999999771942,23.322799999732524,False,423,0.0209999998332932,0.0306000001728534,0.0192999996215803,4.641800000172225,0.1351999999315012,0.0288000001091859,18.326999999771942,0.1189000004160334,0.0,23.271199999726377,23.322799999732524,23.282799999833514,500,500,333.0,1501.5015015015017,,False,6.810099999711383
430,exp1-completion-paced,66,264,0.4361999999673571,2.1360999999160413,43.55390000000625,41.41780000009021,0.0275000002147862,34.4305999997232,500,424,25.08190000025934,34.48649999972986,False,424,0.0196999999388935,0.0362000000677653,0.0280000003840541,8.815999999569613,0.2893000000767642,0.1107999996747821,25.08190000025934,0.1043000002027838,0.0,34.4305999997232,34.48649999972986,34.44310000031692,500,500,333.0,1501.5015015015017,,False,9.067400000276393
431,exp1-completion-paced,66,264,0.2849000002242974,1.2465999998312327,48.88489999939338,47.63829999956215,0.0306000001728534,34.26690000014787,500,425,27.51320000061241,34.3431999999666,False,425,0.0297999995382269,0.0465000002805027,0.01810000048863,6.164299999909417,0.2569999996921979,0.1285999996980535,27.51320000061241,0.1853999992817989,0.0,34.26690000014787,34.3431999999666,34.27499999997963,500,500,333.0,1501.5015015015017,,False,14.541699999426783
432,exp1-completion-paced,66,264,0.2601999995022197,2.745400000094378,41.23559999970894,38.49019999961456,0.0232999991567339,19.27019999948243,500,426,14.349099999890312,19.32799999940471,False,426,0.0210999996852478,0.0367000002370332,0.0183000001925393,4.642099999728089,0.1346999997622333,0.0279000005320995,14.349099999890312,0.0978999996732454,0.0,19.27019999948243,19.32799999940471,19.27799999975832,500,500,333.0,1501.5015015015017,,False,21.907600000304228
433,exp1-completion-paced,66,264,0.4591999995682272,0.5540999991353601,48.64779999934399,48.09370000020863,0.0318999991577584,32.5064000007842,500,427,25.43550000063988,32.55540000009205,False,427,0.02059999951598,0.0283999997918726,0.0398000001951004,6.56170000002021,0.2491000004738452,0.1176999994640937,25.43550000063988,0.1022999995257123,0.0,32.5064000007842,32.55540000009205,32.51000000000204,500,500,333.0,1501.5015015015017,,False,16.09239999925194
434,exp1-completion-paced,66,264,0.2650999995239544,2.7203999998164363,43.65560000042024,40.9352000006038,0.0230000005103647,23.659999999836145,500,428,16.86299999983021,23.86550000028365,False,428,0.0259999997069826,0.1795000007405178,0.0286999993477365,6.500600000435952,0.1381000001856591,0.0285999994957819,16.86299999983021,0.1008000008368981,0.0,23.659999999836145,23.86550000028365,23.679900000388443,500,500,333.0,1501.5015015015017,,False,19.790100000136594
435,exp1-completion-paced,66,264,0.467900000330701,3.5688999996636994,50.75310000029276,47.18420000062906,0.0283999997918726,36.22630000063509,500,429,27.00839999943128,36.29950000049576,False,429,0.0226000001930515,0.0505999996676109,0.0275000002147862,8.59290000062174,0.2447999995638383,0.1147000002674758,27.00839999943128,0.2375000003667082,0.0,36.22630000063509,36.29950000049576,36.236400000234426,500,500,333.0,1501.5015015015017,,False,14.453599999797
436,exp1-completion-paced,66,264,0.4602000008162576,0.0717000002623535,39.44350000074337,39.37180000048102,0.0225000003410968,20.540100000289385,500,430,15.325899999879766,20.58599999963917,False,430,0.0212999993891571,0.0245999999606283,0.0196000000869389,4.914500000268163,0.1365999996778555,0.0310000004901667,15.325899999879766,0.1123000001825857,0.0,20.540100000289385,20.58599999963917,20.546800000374787,500,500,333.0,1501.5015015015017,,False,18.8575000011042
437,exp1-completion-paced,66,264,0.2899000000979868,0.0547999998161685,28.5412000002907,28.48640000047453,0.0298999993901816,21.27349999955186,500,431,16.099499999654654,21.32399999936752,False,431,0.0251999999818508,0.0252999998338054,0.0193999994735349,4.873500000030617,0.1445000007151975,0.0303999995594494,16.099499999654654,0.1060000004144967,0.0,21.27349999955186,21.32399999936752,21.281700000145065,500,500,333.0,1501.5015015015017,,False,7.217200000923182
438,exp1-completion-paced,66,264,0.4811999997400562,0.9284000007028226,35.81980000035401,34.891399999651185,0.0298000004477216,21.22529999996914,500,432,15.954399999827729,21.276200000102108,False,432,0.0209999998332932,0.0299000002996763,0.0184999998964485,4.912700000204495,0.1608999991731252,0.0548000007256632,15.954399999827729,0.1237999995282734,0.0,21.22529999996914,21.276200000102108,21.232899999631627,500,500,333.0,1501.5015015015017,,False,14.5436000002519
439,exp1-completion-paced,66,264,0.4622999995262944,0.0861999997141538,32.03929999926913,31.95309999955498,0.0208999999813386,21.01889999994455,500,433,15.67810000051395,21.086100000502483,False,433,0.0208999999813386,0.0463000005765934,0.0183000001925393,4.980799999430019,0.1911999997901148,0.0300000001516309,15.67810000051395,0.120299999252893,0.0,21.01889999994455,21.086100000502483,21.026599999458995,500,500,333.0,1501.5015015015017,,False,10.95319999876665
440,exp1-completion-paced,66,264,0.2807000000757398,0.0516000000061467,34.99749999991764,34.94589999991149,0.0211999995372025,22.457300000496616,500,434,17.6499999997759,22.50340000045981,False,434,0.0214000001506065,0.0246999998125829,0.0186000006578979,4.489799999646493,0.1315999998041661,0.0294000001304084,17.6499999997759,0.1376999998683459,0.0,22.457300000496616,22.50340000045981,22.463299999799347,500,500,333.0,1501.5015015015017,,False,12.494099999457834
441,exp1-completion-paced,66,264,0.2720000002227607,0.0531000005139503,30.553600000530423,30.500500000016476,0.0208999999813386,21.31589999953576,500,435,15.42890000018815,21.36609999979555,False,435,0.0222999997276929,0.0279000005320995,0.0200999993467121,5.587500000729051,0.1349999993180972,0.0305000003208988,15.42890000018815,0.11369999992894,0.0,21.31589999953576,21.36609999979555,21.323599999959697,500,500,333.0,1501.5015015015017,,False,9.187500000734872
442,exp1-completion-paced,66,264,0.2706000004764064,1.2450000003809691,34.57260000050155,33.32760000012058,0.0206000004254747,20.745299999362032,500,436,15.570499999739695,20.790199999282777,False,436,0.0194999993254896,0.0254000005952548,0.0180999995791353,4.882199999883596,0.1355000003968598,0.0290999996650498,15.570499999739695,0.1098000002457411,0.0,20.745299999362032,20.790199999282777,20.752399999764748,500,500,333.0,1501.5015015015017,,False,13.782400001218775
443,exp1-completion-paced,66,264,0.2802999997584265,1.2098999995941997,37.6853999996456,36.4755000000514,0.0198999996428028,24.77129999988392,500,437,19.88910000000033,24.81530000022758,False,437,0.0199000005522975,0.0240999997913604,0.0164000002769171,4.604899999321788,0.1310000006924383,0.0283999997918726,19.88910000000033,0.1013000000966712,0.0,24.77129999988392,24.81530000022758,24.778300000434683,500,500,333.0,1501.5015015015017,,False,12.870099999418017
444,exp1-completion-paced,66,264,0.283599999420403,1.2210999993840232,51.35659999996278,50.13550000057876,0.0306000001728534,37.73139999975683,500,438,28.21250000033615,37.78799999963667,False,438,0.0221000000237836,0.0344999998560524,0.0279000005320995,8.91319999936968,0.2622000001792912,0.1199999996970291,28.21250000033615,0.1952000002347631,0.0,37.73139999975683,37.78799999963667,37.742900000012014,500,500,333.0,1501.5015015015017,,False,13.568600000326114
445,exp1-completion-paced,66,264,0.2611999998407555,0.0614000000496162,36.13790000053996,36.07650000049034,0.022000000171829,21.240099999886297,500,439,15.894800000751276,21.308399999725225,False,439,0.0320999997711624,0.0362000000677653,0.0184000000444939,4.961699999512348,0.134700000671728,0.0306999991153134,15.894800000751276,0.19960000008723,0.0,21.240099999886297,21.308399999725225,21.24820000062755,500,500,333.0,1501.5015015015017,,False,14.829500000814733
446,exp1-completion-paced,66,264,0.2884000004996778,0.7305999997697654,40.60719999961293,39.876599999843165,0.0297999995382269,23.921400000290305,500,440,18.69209999949817,23.9822000003187,False,440,0.0350999998772749,0.0257000001511187,0.0190000000657164,4.947200000060548,0.1365999996778555,0.0290000007225899,18.69209999949817,0.0971999998000683,0.0,23.921400000290305,23.9822000003187,23.92839999993157,500,500,333.0,1501.5015015015017,,False,16.624999999294232
447,exp1-completion-paced,66,264,0.2875999998650513,1.1475999999674968,29.46780000002036,28.320200000052864,0.0306000001728534,21.81850000033592,500,441,14.764600000489736,21.892599999773665,False,441,0.0302999997074948,0.043799999730254,0.028500000553322,6.749700000000303,0.1411000002917717,0.0293999992209137,14.764600000489736,0.105000000075961,0.0,21.81850000033592,21.892599999773665,21.831200000633544,500,500,333.0,1501.5015015015017,,False,7.575200000246696
448,exp1-completion-paced,66,264,0.2757000002020504,2.267700000629702,36.73280000020896,34.46509999957925,0.0227999998969608,24.74010000059934,500,442,15.917099999569473,24.831100000483275,False,442,0.0204999996640253,0.0705000002199085,0.0257000001511187,8.513599999787402,0.1461000001654611,0.0304000004689442,15.917099999569473,0.1069999998435378,0.0,24.74010000059934,24.831100000483275,24.750099999437225,500,500,333.0,1501.5015015015017,,False,11.901699999725686
449,exp1-completion-paced,66,264,0.4734000003736582,1.9713000001502223,46.437300000434334,44.46600000028411,0.0207000002774293,35.43660000013915,500,443,25.576600000022157,35.491499999807274,False,443,0.0235999996220925,0.0313000000460306,0.0287000002572312,9.237299999767856,0.2586000000519561,0.1192999998238519,25.576600000022157,0.2158000006602378,0.0,35.43660000013915,35.491499999807274,35.4473000006692,500,500,333.0,1501.5015015015017,,False,10.94580000062706
450,exp1-completion-paced,66,264,0.4680000001826556,1.0208000003331108,47.23730000023352,46.21649999990041,0.0297999995382269,36.81800000049407,500,444,29.24890000031155,36.87710000031075,False,444,0.0253999996857601,0.0337000001309206,0.0194000003830296,6.946999999854597,0.267100000201026,0.1199999996970291,29.24890000031155,0.2151999997295206,0.0,36.81800000049407,36.87710000031075,36.82639999988169,500,500,333.0,1501.5015015015017,,False,10.36019999992277
451,exp1-completion-paced,66,264,0.2887999999074964,0.7402999999612803,37.59320000062871,36.85290000066743,0.0185999997484032,20.223700000315148,500,445,14.760600000045088,20.27189999989787,False,445,0.0178000000232714,0.0303999995594494,0.0167999996847356,5.160300000170537,0.1380000003337045,0.0289999998130952,14.760600000045088,0.1186999998026294,0.0,20.223700000315148,20.27189999989787,20.227399999384943,500,500,333.0,1501.5015015015017,,False,17.321300000730844
452,exp1-completion-paced,66,264,0.2810999994835583,0.0538000003871275,37.41280000031111,37.35899999992398,0.0223999995796475,23.64800000032119,500,446,18.4516999997868,23.6944999996922,False,446,0.0194999993254896,0.0270000000455183,0.017899999875226,4.805800000212912,0.1339000000371015,0.0312000001940759,18.4516999997868,0.207300000511168,0.0,23.64800000032119,23.6944999996922,23.654999999962456,500,500,333.0,1501.5015015015017,,False,13.718300000618907
453,exp1-completion-paced,66,264,0.4730999999082996,0.5107999995743739,33.36439999930008,32.8535999997257,0.029499999982363,27.02820000013162,500,447,17.30989999941812,27.14709999963816,False,447,0.0192999996215803,0.0995999998849583,0.0251000001298962,9.207400000377676,0.2608999993753969,0.1176000005216337,17.30989999941812,0.1071000006049871,0.0,27.02820000013162,27.14709999963816,27.03800000017509,500,500,333.0,1501.5015015015017,,False,6.217299999661922
454,exp1-completion-paced,66,264,0.267100000201026,3.757999999834283,33.0893999998807,29.33140000004641,0.0221000000237836,20.542700000078185,500,448,15.050599999995027,20.594599999640195,False,448,0.0283999997918726,0.0234999997701379,0.0172999998540035,5.171400000108406,0.1587000006111338,0.0512999995407881,15.050599999995027,0.0932000002649147,0.0,20.542700000078185,20.594599999640195,20.5498000004809,500,500,333.0,1501.5015015015017,,False,12.494800000240502
455,exp1-completion-paced,66,264,0.2678000000742031,0.6675999993603909,27.452700000139885,26.785100000779494,0.0180999995791353,19.985599999927217,500,449,14.691400000629072,20.02919999995356,False,449,0.0196000000869389,0.0239999999394058,0.0178000000232714,5.016500000238011,0.1346999997622333,0.0326999997923849,14.691400000629072,0.0922999997783335,0.0,19.985599999927217,20.02919999995356,19.99200000045676,500,500,333.0,1501.5015015015017,,False,7.423500000186326
456,exp1-completion-paced,66,264,0.2779999995254911,1.2280000000828295,32.53580000000511,31.30779999992228,0.0190000000657164,19.206900000426685,500,450,14.276500000050872,19.25910000045405,False,450,0.028500000553322,0.0236999994740472,0.0180000006366753,4.643999999643711,0.1369000001432141,0.0298999993901816,14.276500000050872,0.1013999999486259,0.0,19.206900000426685,19.25910000045405,19.21409999977186,500,500,333.0,1501.5015015015017,,False,13.27669999955106
457,exp1-completion-paced,66,264,0.2648999998200452,0.7277000004251022,41.24159999992116,40.51389999949606,0.0211999995372025,23.043500000312637,500,451,17.631200000323588,23.100000000340515,False,451,0.0208000001293839,0.0356999998984974,0.0172999998540035,5.094699999972363,0.1364999998259009,0.0344000000040978,17.631200000323588,0.1291999997192761,0.0,23.043500000312637,23.100000000340515,23.046899999826564,500,500,333.0,1501.5015015015017,,False,18.14159999958065
458,exp1-completion-paced,66,264,0.2740999998422921,0.0473999998575891,45.74589999992895,45.69850000007136,0.019300000531075,30.958899999859568,500,452,21.93929999975808,31.00289999929373,False,452,0.0196000000869389,0.0243999993472243,0.0268000003416091,8.490899999742396,0.2464999997755512,0.1109000004362315,21.93929999975808,0.1443000001017935,0.0,30.958899999859568,31.00289999929373,30.967499999860596,500,500,333.0,1501.5015015015017,,False,14.74300000063522
459,exp1-completion-paced,66,264,0.2507999997760635,0.0473999998575891,43.70010000002367,43.65270000016608,0.0239000000874511,23.52969999992638,500,453,14.36829999965994,23.58000000003813,False,453,0.0197999997908482,0.0305000003208988,0.0416000002587679,8.686999999554246,0.2953000002889894,0.0393999998777871,14.36829999965994,0.0979000005827401,0.0,23.52969999992638,23.58000000003813,23.53769999990618,500,500,333.0,1501.5015015015017,,False,20.120099999985538
460,exp1-completion-paced,66,264,0.3021000002263463,0.049100000069302,48.26690000027156,48.21780000020226,0.0300000001516309,28.946999999789117,500,454,23.521600000094622,29.06299999995099,False,454,0.0323000003845663,0.0836999997773091,0.0194000003830296,4.985699999451754,0.1431000000593485,0.0288000001091859,23.521600000094622,0.2481000001353095,0.0,28.946999999789117,29.06299999995099,28.955300000234278,500,500,333.0,1501.5015015015017,,False,19.203900000320573
461,exp1-completion-paced,66,264,0.2771999998003593,0.0528000000485917,34.695600000304694,34.6428000002561,0.0198999996428028,20.045599999320984,500,455,14.787300000534742,20.09269999962271,False,455,0.0215999998545157,0.0255000004472094,0.0188999993042671,4.954100000759354,0.1373999994029873,0.029499999982363,14.787300000534742,0.1182999994853162,0.0,20.045599999320984,20.09269999962271,20.05370000006224,500,500,333.0,1501.5015015015017,,False,14.602900000681984
462,exp1-completion-paced,66,264,0.2716999997574021,0.7048999996186467,52.79789999985951,52.09300000024086,0.0213000002986518,35.63969999959227,500,456,26.36090000032709,35.69259999949281,False,456,0.0196999999388935,0.0331999999616527,0.019099999917671,8.614299999862851,0.260300000263669,0.1155999998445622,26.36090000032709,0.2691999998205574,0.0,35.63969999959227,35.69259999949281,35.647599999720114,500,500,333.0,1501.5015015015017,,False,17.105300000366697
463,exp1-completion-paced,66,264,0.267100000201026,0.0516000000061467,35.158599999704165,35.10699999969802,0.0172000000020489,27.47150000050169,500,457,18.639099999745667,27.622300000075484,False,457,0.0216999997064704,0.1290999998673214,0.0248000005740323,8.322099999531929,0.2442000004521105,0.1120999995691818,18.639099999745667,0.1290000000153668,0.0,27.47150000050169,27.622300000075484,27.482200000122248,500,500,333.0,1501.5015015015017,,False,7.536299999628682
464,exp1-completion-paced,66,264,0.4668000001402106,0.0724000001355307,36.41969999989669,36.34729999976116,0.0236999994740472,25.7235999997647,500,458,20.86500000041269,25.770499999453023,False,458,0.0200999993467121,0.0268000003416091,0.0192999996215803,4.546200000731915,0.1350999991700519,0.0299000002996763,20.86500000041269,0.1278999998248764,0.0,25.7235999997647,25.770499999453023,25.73130000018864,500,500,333.0,1501.5015015015017,,False,10.64920000044367
465,exp1-completion-paced,66,264,0.2821999996740487,0.2003999998123617,26.576199999908567,26.37580000009621,0.0215000000025611,19.476100000247243,500,459,14.619200000197452,19.52750000054948,False,459,0.0198000007003429,0.0315999996018945,0.0194000003830296,4.518099999586411,0.139800000397372,0.0319999999192077,14.619200000197452,0.1474000000598607,0.0,19.476100000247243,19.52750000054948,19.48430000084045,500,500,333.0,1501.5015015015017,,False,7.048699999359087
466,exp1-completion-paced,66,264,0.2758999999059597,0.0491999999212566,41.24360000059824,41.19440000067698,0.0185999997484032,23.534599999948117,500,460,18.58489999995072,23.580900000524707,False,460,0.0184999998964485,0.0278000006801448,0.0193999994735349,4.636600000594626,0.1354999994873651,0.0299000002996763,18.58489999995072,0.1280999995287857,0.0,23.534599999948117,23.580900000524707,23.54259999992792,500,500,333.0,1501.5015015015017,,False,17.662700000073535
467,exp1-completion-paced,66,264,0.2799999992930679,0.1807999997254228,29.564899999968475,29.38410000024305,0.0185999997484032,21.08719999978348,500,461,15.595699999721546,21.137199999429868,False,461,0.0221999998757382,0.0277999997706501,0.0183000001925393,5.1524000000426895,0.1456999998481478,0.0477000003229477,15.595699999721546,0.1271999999516992,0.0,21.08719999978348,21.137199999429868,21.09519999976328,500,500,333.0,1501.5015015015017,,False,8.427700000538607
468,exp1-completion-paced,66,264,0.4619999999704305,1.0349999993195524,45.04169999927399,44.00669999995444,0.0189000002137618,34.64030000031926,500,462,25.51500000026863,34.69489999952202,False,462,0.0213999992411118,0.0331999999616527,0.0293000002784538,8.573900000556023,0.2549999999246211,0.1194999995277612,25.51500000026863,0.1427999995939899,0.0,34.64030000031926,34.69489999952202,34.6464999993259,500,500,333.0,1501.5015015015017,,False,10.346799999751966
469,exp1-completion-paced,66,264,0.2728999997998471,1.1534999994182726,30.006399999365385,28.852899999947116,0.0268000003416091,18.90259999981936,500,463,14.1168000000107,18.94850000007864,False,463,0.0199000005522975,0.0259999997069826,0.019099999917671,4.4720000005327165,0.1349999993180972,0.0278000006801448,14.1168000000107,0.1316999996561207,0.0,18.90259999981936,18.94850000007864,18.91009999962989,500,500,333.0,1501.5015015015017,,False,11.057899999286747
470,exp1-completion-paced,66,264,0.2719000003708061,1.262499999938882,42.72270000001299,41.46020000007411,0.0184000000444939,25.888899999699788,500,464,16.641899999740417,25.95149999979185,False,464,0.0215999998545157,0.0410000002375454,0.0277999997706501,8.783500000390632,0.2486000003045774,0.0516999998581013,16.641899999740417,0.1351000000795466,0.0,25.888899999699788,25.95149999979185,25.89940000052593,500,500,333.0,1501.5015015015017,,False,16.771200000221143
471,exp1-completion-paced,66,264,0.2841000004991656,0.0526000003446824,33.62749999996595,33.574899999621266,0.0230000005103647,26.72789999996894,500,465,20.492500000727887,26.77640000001702,False,465,0.0191999997696257,0.0293000002784538,0.0165000001288717,5.760799999734445,0.1400000001012813,0.0493999996251659,20.492500000727887,0.2684000000954256,0.0,26.72789999996894,26.77640000001702,26.73170000070968,500,500,333.0,1501.5015015015017,,False,6.851099999948929
472,exp1-completion-paced,66,264,0.4628999995475169,0.4119000004720874,49.46810000001278,49.056199999540695,0.0216999997064704,27.50179999929969,500,466,18.095700000230863,27.564699999857112,False,466,0.0227999998969608,0.040100000660459,0.0289999998130952,8.766699999796401,0.2635999999256455,0.2137000001312117,18.095700000230863,0.1328999996985658,0.0,27.50179999929969,27.564699999857112,27.513899999576097,500,500,333.0,1501.5015015015017,,False,21.90340000015567
473,exp1-completion-paced,66,264,0.2733000001171604,3.2436999999845284,45.15309999987949,41.90939999989496,0.030999999580672,23.199100000056205,500,467,16.16530000046623,23.246100000505976,False,467,0.023200000214274,0.0238000002354965,0.0181999994310899,6.713700000545941,0.1421999995727674,0.0307999998767627,16.16530000046623,0.1286999995500082,0.0,23.199100000056205,23.246100000505976,23.20569999938016,500,500,333.0,1501.5015015015017,,False,21.90699999937351
474,exp1-completion-paced,66,264,0.2982000005431473,1.2057000003551366,28.043300000717863,26.837600000362727,0.0228999997489154,20.385199999509496,500,468,14.554700000189769,20.430499999747557,False,468,0.0203999998120707,0.0249000004259869,0.0184999998964485,5.5191999999806285,0.1344000002063694,0.0286999993477365,14.554700000189769,0.1295000001846347,0.0,20.385199999509496,20.430499999747557,20.392899999933437,500,500,333.0,1501.5015015015017,,False,7.6128000009703065
475,exp1-completion-paced,66,264,0.2742999995462014,0.0479999998788116,33.63119999994524,33.58320000006643,0.0206000004254747,20.60700000038196,500,469,15.596299999742769,20.6503999997949,False,469,0.0198999996428028,0.0234999997701379,0.0194000003830296,4.708299999947485,0.1304999996136757,0.0283000008494127,15.596299999742769,0.124099999993632,0.0,20.60700000038196,20.6503999997949,20.61409999987518,500,500,333.0,1501.5015015015017,,False,12.980800000150339
476,exp1-completion-paced,66,264,0.4576000001179636,1.0797999993883425,33.92009999970469,32.84030000031635,0.0182000003405846,20.462399999814807,500,470,15.17599999988306,20.5071999998836,False,470,0.0208000001293839,0.0239999999394058,0.0196999999388935,4.9138000003949855,0.1365999996778555,0.0846000002638902,15.17599999988306,0.1314999999522115,0.0,20.462399999814807,20.5071999998836,20.470100000238745,500,500,333.0,1501.5015015015017,,False,13.41289999982109
477,exp1-completion-paced,66,264,0.2696000001378706,1.2756999994962823,35.10740000001533,33.83170000051905,0.0186999996003578,19.561000000067,500,471,14.45010000043112,19.604099999924077,False,471,0.0177000001713167,0.0253999996857601,0.0155000006998307,4.8008999992816825,0.1402000007146853,0.0297999995382269,14.45010000043112,0.1243999995494959,0.0,19.561000000067,19.604099999924077,19.570999999814376,500,500,333.0,1501.5015015015017,,False,15.503300000091254
478,exp1-completion-paced,66,264,0.2612999996927101,1.2110999996366445,40.13380000014877,38.92270000051212,0.0215000000025611,19.840100000692477,500,472,14.80489999994461,19.912900000235823,False,472,0.0190000000657164,0.0537999994776328,0.0178000000232714,4.717900000287045,0.1336000004812376,0.0417999999626772,14.80489999994461,0.1237999995282734,0.0,19.840100000692477,19.912900000235823,19.854799999848183,500,500,333.0,1501.5015015015017,,False,20.220899999912945
479,exp1-completion-paced,66,264,0.2599000008558505,0.0483000003441702,47.74580000048445,47.69750000014028,0.0221000000237836,29.881700000260025,500,473,23.584399999890596,29.94250000028842,False,473,0.0269000001935637,0.0338999998348299,0.0172000000020489,5.669600000146602,0.2402000000074622,0.1143999998021172,23.584399999890596,0.2555000000938889,0.0,29.881700000260025,29.94250000028842,29.88869999990129,500,500,333.0,1501.5015015015017,,False,17.80330000019603
480,exp1-completion-paced,66,264,0.2720000002227607,1.226400000632566,28.46540000064124,27.239000000008676,0.0169999993886449,19.39719999973022,500,474,14.602199999899312,19.43719999962923,False,474,0.0174999995579128,0.0225000003410968,0.0170000002981396,4.493200000069919,0.1312999993388075,0.028500000553322,14.602199999899312,0.1247999998668092,0.0,19.39719999973022,19.43719999962923,19.403700000111712,500,500,333.0,1501.5015015015017,,False,9.02820000101201
481,exp1-completion-paced,66,264,0.2617000000100233,1.1856999999508844,49.67859999942448,48.49289999947359,0.0226000001930515,29.777099999591883,500,475,24.720499999602907,29.831900000317543,False,475,0.0259000007645227,0.0288999999611405,0.0181999994310899,4.625100000339444,0.1334999997197883,0.0299000002996763,24.720499999602907,0.2496000006431131,0.0,29.777099999591883,29.831900000317543,29.78490000077727,500,500,333.0,1501.5015015015017,,False,19.846699999106935
482,exp1-completion-paced,66,264,0.2842999992935802,1.2323000000833415,51.31400000027497,50.08170000019163,0.0313999998979852,31.25819999968371,500,476,25.865800000246963,31.31459999985964,False,476,0.0269000001935637,0.029499999982363,0.0195999991774442,4.888400000709225,0.2440999996906612,0.1148000001194304,25.865800000246963,0.1251999992746277,0.0,31.25819999968371,31.31459999985964,31.2657999993462,500,500,333.0,1501.5015015015017,,False,19.99940000041533
483,exp1-completion-paced,66,264,0.2722000008361647,0.7480000003852183,38.14460000012332,37.3965999997381,0.017899999875226,19.76959999956307,500,477,14.471899999989546,19.81309999973746,False,477,0.0184999998964485,0.0250000002779415,0.0182000003405846,4.995499999495223,0.1364999998259009,0.0274000003628316,14.471899999989546,0.1199999996970291,0.0,19.76959999956307,19.81309999973746,19.776099999944563,500,500,333.0,1501.5015015015017,,False,18.33150000038586
484,exp1-completion-paced,66,264,0.2518000001145992,1.298600000154693,37.06429999965621,35.76569999950152,0.0177000001713167,19.468800000140615,500,478,14.442499999859136,19.513899999765272,False,478,0.0187999994523124,0.0263000001723412,0.0173999997059581,4.71910000032949,0.1324000004387926,0.0301999998555402,14.442499999859136,0.1271000000997446,0.0,19.468800000140615,19.513899999765272,19.475799999781884,500,500,333.0,1501.5015015015017,,False,17.550399999890935
485,exp1-completion-paced,66,264,0.2737000004344736,0.6886999999551335,38.14150000016525,37.45280000021012,0.0196999999388935,19.274100000075123,500,479,14.236700000765268,19.31319999948755,False,479,0.0185999997484032,0.0204999996640253,0.0162000005730078,4.728899999463465,0.1299000005019479,0.0286999993477365,14.236700000765268,0.1333999998678336,0.0,19.274100000075123,19.31319999948755,19.280100000287348,500,500,333.0,1501.5015015015017,,False,18.8283000006777
486,exp1-completion-paced,66,264,0.2642999997988227,1.1647000001175911,35.00050000002375,33.83579999990616,0.0202000001081614,18.94659999925352,500,480,13.997800000652203,19.089799999164825,False,480,0.0182999992830446,0.1249000006282585,0.016699999832781,4.640000000108557,0.1343999992968747,0.0288000001091859,13.997800000652203,0.1286999995500082,0.0,18.94659999925352,19.089799999164825,18.953799999508192,500,500,333.0,1501.5015015015017,,False,15.910700000858924
487,exp1-completion-paced,66,264,0.282599999991362,2.7408000005380018,38.11700000005658,35.376199999518576,0.0192999996215803,20.405299999765703,500,481,14.57769999979064,20.446399999855203,False,481,0.0193999994735349,0.0217000006159651,0.0172000000020489,5.521600000065519,0.1333999998678336,0.0276999999186955,14.57769999979064,0.1275000004170579,0.0,20.405299999765703,20.446399999855203,20.411600000443286,500,500,333.0,1501.5015015015017,,False,17.670600000201375
488,exp1-completion-paced,66,264,0.2776999999696272,2.6840999998967163,32.45220000007976,29.76810000018304,0.0202999999601161,20.21439999953145,500,482,14.742500000465952,20.257500000298023,False,482,0.0191000008271657,0.0239999999394058,0.0184000000444939,5.153999999492953,0.1428000005034846,0.0278999996226048,14.742500000465952,0.1284999998460989,0.0,20.21439999953145,20.257500000298023,20.221499999934167,500,500,333.0,1501.5015015015017,,False,12.19469999978174
489,exp1-completion-paced,66,264,0.4448999998203362,1.095300000088173,31.43600000021252,30.340700000124343,0.0184000000444939,20.201799999995277,500,483,15.315800000280433,20.250300000043357,False,483,0.0188000003618071,0.0296999996862723,0.0172999998540035,4.553200000373181,0.1321999998253886,0.0290999996650498,15.315800000280433,0.1540000002933084,0.0,20.201799999995277,20.250300000043357,20.210399999996294,500,500,333.0,1501.5015015015017,,False,11.185700000169163
490,exp1-completion-paced,66,264,0.2715999999054475,0.7378999998763902,38.02129999985482,37.28339999997843,0.0190000000657164,19.4643000004362,500,484,14.455399999860674,19.503399999848625,False,484,0.0178000000232714,0.0212999993891571,0.0172000000020489,4.6951000003900845,0.1425999998900806,0.0298000004477216,14.455399999860674,0.1240000001416774,0.0,19.4643000004362,19.503399999848625,19.470400000500376,500,500,333.0,1501.5015015015017,,False,18.517900000006193
491,exp1-completion-paced,66,264,0.2764999999271822,2.659499999936088,35.46540000024834,32.80590000031225,0.0213000002986518,19.89069999945059,500,485,14.94009999987611,19.931199999518867,False,485,0.0198999996428028,0.0206000004254747,0.0161999996635131,4.610500000126194,0.1418000001649488,0.0388999997085193,14.94009999987611,0.1430000002073939,0.0,19.89069999945059,19.931199999518867,19.89770000000135,500,500,333.0,1501.5015015015017,,False,15.53420000072947
492,exp1-completion-paced,66,264,0.2789999998640269,2.6980000002367888,31.031600000460458,28.33360000022367,0.0203999998120707,21.03019999958633,500,486,14.428700000280514,21.07369999976072,False,486,0.0198999996428028,0.0236000005315872,0.0188999993042671,6.26410000040778,0.1406999999744584,0.039900000047055,14.428700000280514,0.1377999997203005,0.0,21.03019999958633,21.07369999976072,21.038200000475623,500,500,333.0,1501.5015015015017,,False,9.957900000699738
493,exp1-completion-paced,66,264,0.2630999997563776,1.2597999993886333,36.58649999943009,35.326700000041455,0.0202000001081614,24.856699999872944,500,487,19.405400000323425,24.900999999772463,False,487,0.0198999996428028,0.024400000256719,0.0194000003830296,4.92839999969874,0.2481999999872641,0.1187999996545841,19.405400000323425,0.1363000001219916,0.0,24.856699999872944,24.900999999772463,24.86419999968348,500,500,333.0,1501.5015015015017,,False,11.685499999657626
494,exp1-completion-paced,66,264,0.4714999995485414,1.0044999999081483,47.71589999927528,46.71139999936713,0.0307999998767627,37.91120000005321,500,488,28.59379999972589,38.10870000052091,False,488,0.0283000008494127,0.1691999996182858,0.0266999995801597,8.6144000006243,0.2618999997139326,0.1263000003746128,28.59379999972589,0.2875999998650513,0.0,37.91120000005321,38.10870000052091,37.92210000028717,500,500,333.0,1501.5015015015017,,False,9.607199998754368
495,exp1-completion-paced,66,264,0.2726000002439832,1.2423999996826751,52.97280000013416,51.73040000045148,0.02050000057352,36.66559999965102,500,489,27.311599999848116,36.72960000039893,False,489,0.0208000001293839,0.0432000006185262,0.2012999993894482,8.3266999999978,0.2478000005794456,0.1111999999920954,27.311599999848116,0.466700000288256,0.0,36.66559999965102,36.72960000039893,36.67600000062521,500,500,333.0,1501.5015015015017,,False,16.243199999735225
496,exp1-completion-paced,66,264,0.4539999999906285,1.040600000123959,50.08579999957874,49.04519999945478,0.0191999997696257,36.73889999936364,500,490,27.42240000043239,36.82320000007167,False,490,0.0472000001536798,0.0371000005543464,0.0264999998762505,8.64610000007815,0.2482999998392188,0.1212999995914287,27.42240000043239,0.2736999995249789,0.0,36.73889999936364,36.82320000007167,36.75039999961882,500,500,333.0,1501.5015015015017,,False,13.262599999507067
497,exp1-completion-paced,66,264,0.2732000002652057,2.738399999543617,31.61749999981112,28.8791000002675,0.0189000002137618,22.47739999984333,500,491,17.107700000451587,22.52390000012383,False,491,0.0208999999813386,0.025600000299164,0.0170000002981396,5.057099999248749,0.1326000001427019,0.028299999939918,17.107700000451587,0.134500000058324,0.0,22.47739999984333,22.52390000012383,22.483700000520912,500,500,333.0,1501.5015015015017,,False,9.093599999687289
498,exp1-completion-paced,66,264,0.4304999993109959,2.153599999473954,60.14129999948637,57.98770000001241,0.0245999999606283,37.836999999854015,500,492,27.991499999188814,37.90889999982028,False,492,0.0297999995382269,0.0421000004280358,0.0289999998130952,9.141499999714142,0.270700000328361,0.1250000004802132,27.991499999188814,0.2788000001601176,0.0,37.836999999854015,37.90889999982028,37.848299999495794,500,500,333.0,1501.5015015015017,,False,22.232399999666093
499,exp1-completion-paced,66,264,0.4999000002499087,0.8981999999377877,45.12650000015128,44.22830000021349,0.0283999997918726,36.71590000067226,500,493,27.228800000557385,36.79400000055466,False,493,0.0306000001728534,0.0474999997095437,0.0296000007438124,8.832299999994575,0.2610999999888008,0.1232999993590056,27.228800000557385,0.2404999995633261,0.0,36.71590000067226,36.79400000055466,36.728999999468215,500,500,333.0,1501.5015015015017,,False,8.332499999596621
500,exp1-completion-paced,66,264,0.2819999999701394,4.284999999981665,41.30500000064785,37.02000000066619,0.0208000001293839,29.566600000180188,500,494,24.073200000202636,29.634299999997893,False,494,0.033399999665562,0.0343000001521431,0.0279000005320995,5.040799999733281,0.1363999999739462,0.0290999996650498,24.073200000202636,0.2589000005173147,0.0,29.566600000180188,29.634299999997893,29.577500000414148,500,500,333.0,1501.5015015015017,,False,11.670700000649958
501,exp1-completion-paced,66,264,0.2709000000322703,1.283100000364357,34.16730000026291,32.88419999989856,0.0207000002774293,21.959700000479643,500,495,17.05000000038126,22.00820000052772,False,495,0.02050000057352,0.0279999994745594,0.0183000001925393,4.523300000073505,0.1266999997824314,0.0313000000460306,17.05000000038126,0.2096999996865634,0.0,21.959700000479643,22.00820000052772,21.96670000012091,500,500,333.0,1501.5015015015017,,False,12.159099999735194
502,exp1-completion-paced,66,264,0.2684000000954256,3.288300000349409,40.31390000000101,37.0255999996516,0.032400000236521,33.73269999974582,500,496,27.238000000579632,33.78510000038659,False,496,0.019099999917671,0.0333000007231021,0.0194999993254896,5.837499999870488,0.2545000006648479,0.1244999994014506,27.238000000579632,0.2582999995865975,0.0,33.73269999974582,33.78510000038659,33.74040000016976,500,500,333.0,1501.5015015015017,,False,6.528799999614421
503,exp1-completion-paced,66,264,0.2806000002237852,1.1227000004510046,58.938200000739016,57.81550000028801,0.0328000005538342,36.22379999978875,500,497,27.24769999986165,36.30299999986164,False,497,0.0304000004689442,0.0487999996039434,0.0263000001723412,8.283299999675364,0.2567999999882886,0.1214000003528781,27.24769999986165,0.2879000003304099,0.0,36.22379999978875,36.30299999986164,36.23420000076294,500,500,333.0,1501.5015015015017,,False,22.635200000877376
504,exp1-completion-paced,66,264,0.4481999994823127,2.0143000001553446,36.492100000032224,34.47779999987688,0.0287999991996912,27.40790000007109,500,498,22.38240000042424,27.458800000204064,False,498,0.0219000003198743,0.0289999998130952,0.0202000001081614,4.560999999739579,0.1357999999527237,0.0295999998343177,22.38240000042424,0.2785999995467136,0.0,27.40790000007109,27.458800000204064,27.41619999960676,500,500,333.0,1501.5015015015017,,False,9.03329999982816
505,exp1-completion-paced,66,264,0.487299999804236,0.081500000305823,46.53440000038245,46.45290000007663,0.0183000001925393,34.10040000017034,500,499,24.760199999946053,34.24559999984922,False,499,0.0252999998338054,0.1198999998450744,0.1167000000350526,8.705899999768008,0.2639000003910041,0.1185000000987201,24.760199999946053,0.1349999993180972,0.0,34.10040000017034,34.24559999984922,34.11189999951603,500,500,333.0,1501.5015015015017,,False,12.288800000533229
506,exp1-completion-paced,66,264,0.5217999996602884,0.0694000000294181,57.19080000017129,57.12140000014188,0.0337999999828753,37.83830000065791,500,500,28.275599999687984,37.90590000062366,False,500,0.0266000006376998,0.0409999993280507,0.025899999855028,8.868900000379654,0.2628000002005137,0.1217999997606966,28.275599999687984,0.2829000004567206,0.0,37.83830000065791,37.90590000062366,37.84950000044773,500,500,333.0,1501.5015015015017,,False,19.284899999547633
507,exp1-completion-paced,66,264,0.2746999998635147,1.2192999993203557,31.130499999562744,29.91120000024239,0.0283999997918726,23.03530000062892,500,501,17.665100000158418,23.263900000529247,False,501,0.0227000000450061,0.205899999855319,0.0253000007433001,4.92009999925358,0.1390000006722402,0.0304999994114041,17.665100000158418,0.2549999999246211,0.0,23.03530000062892,23.263900000529247,23.04600000024948,500,500,333.0,1501.5015015015017,,False,7.866599999033497
508,exp1-completion-paced,66,264,0.277299999652314,2.732500000092841,41.16560000056779,38.43310000047495,0.0203999998120707,22.69629999955214,500,502,17.88159999978234,22.7415999997902,False,502,0.0191999997696257,0.0261000004684319,0.0181999994310899,4.405100000440143,0.133300000015879,0.0313000000460306,17.88159999978234,0.2265000002807937,0.0,22.69629999955214,22.7415999997902,22.70409999982803,500,500,333.0,1501.5015015015017,,False,18.424000000777593
509,exp1-completion-paced,66,264,0.2633000003697816,1.224499999807449,42.421699999977136,41.19720000016969,0.0268000003416091,33.123000000159664,500,503,27.35200000006444,33.16970000014408,False,503,0.0208000001293839,0.025899999855028,0.0177000001713167,5.119000000377127,0.2545999996073078,0.1223999997819191,27.35200000006444,0.2570000006016926,0.0,33.123000000159664,33.16970000014408,33.13030000026629,500,500,333.0,1501.5015015015017,,False,9.251999999833053
510,exp1-completion-paced,66,264,0.279699999737204,5.809700000099838,52.53360000006069,46.72389999996085,0.029499999982363,35.5241000006572,500,504,26.781499999742664,35.62730000066949,False,504,0.025899999855028,0.0773000001572654,0.0263000001723412,8.090100000117673,0.2593999997770879,0.1213000005009234,26.781499999742664,0.2451999998811516,0.0,35.5241000006572,35.62730000066949,35.53409999949508,500,500,333.0,1501.5015015015017,,False,16.906299999391194
511,exp1-completion-paced,66,264,0.2709999998842249,1.1919000007765137,34.54020000026503,33.34829999948852,0.0178000000232714,22.569900000235062,500,505,15.710200000285113,22.615200000473124,False,505,0.0184999998964485,0.0268000003416091,0.0178000000232714,6.103599999732978,0.4862000005232403,0.1350999991700519,15.710200000285113,0.1167000000350526,0.0,22.569900000235062,22.615200000473124,22.57709999958024,500,500,333.0,1501.5015015015017,,False,11.924999999791908
512,exp1-completion-paced,66,264,0.4989999997633276,2.5384000000485685,47.141399999418354,44.602999999369786,0.0316000005113892,37.193599999227445,500,506,27.685899999596582,37.26109999934124,False,506,0.0272999996013822,0.0402000005124136,0.0296999996862723,8.846400000038557,0.2690000001166481,0.1210999998875195,27.685899999596582,0.2410000006420887,0.0,37.193599999227445,37.26109999934124,37.20479999992676,500,500,333.0,1501.5015015015017,,False,9.880300000077114
513,exp1-completion-paced,66,264,0.2679999997781124,1.2129000006098067,40.80750000048283,39.59459999987303,0.0215999998545157,27.14560000003985,500,507,22.317799999655108,27.23839999998745,False,507,0.0267000004896544,0.0660999994579469,0.0184000000444939,4.407600000376988,0.1431999999113031,0.0319999999192077,22.317799999655108,0.2262000007249298,0.0,27.14560000003985,27.23839999998745,27.1563000005699,500,500,333.0,1501.5015015015017,,False,13.569100000495382
514,exp1-completion-paced,66,264,0.4847000000154366,2.048599999397993,45.14839999956166,43.09980000016367,0.0273999994533369,34.10789999998087,500,508,24.928300000283343,34.187500000371074,False,508,0.0339999996867845,0.0456000007034163,0.0299999992421362,8.670800000800227,0.2514999996492406,0.1205999997182516,24.928300000283343,0.1064999996742699,0.0,34.10789999998087,34.187500000371074,34.12069999922096,500,500,333.0,1501.5015015015017,,False,10.960899999190588
515,exp1-completion-paced,66,264,0.268099999630067,1.7225999999936903,34.66810000008991,32.94550000009622,0.0239999999394058,19.07770000070741,500,509,14.25929999913933,19.1212000008818,False,509,0.0207000002774293,0.0227999998969608,0.0187000005098525,4.517700000178593,0.1337999992756522,0.0290000007225899,14.25929999913933,0.119000000267988,0.0,19.07770000070741,19.1212000008818,19.084900000052585,500,500,333.0,1501.5015015015017,,False,15.546899999208108
516,exp1-completion-paced,66,264,0.4611000003933441,1.0594000004857662,33.80449999986013,32.74509999937436,0.0189999991562217,19.13719999993191,500,510,14.391499999874211,19.183399999747053,False,510,0.0202999999601161,0.025899999855028,0.0177000001713167,4.452999999557505,0.1308000000790343,0.0300000001516309,14.391499999874211,0.1140000003942987,0.0,19.13719999993191,19.183399999747053,19.143600000461447,500,500,333.0,1501.5015015015017,,False,14.621100000113074
517,exp1-completion-paced,66,264,0.2776999999696272,0.739899999643967,43.22799999954441,42.48809999990044,0.0199000005522975,19.173800000316987,500,511,14.359200000399142,19.2166000006182,False,511,0.0175000004674075,0.0252999998338054,0.0163000004249624,4.475599999750557,0.1774000002114917,0.0305999992633587,14.359200000399142,0.1144999996540718,0.0,19.173800000316987,19.2166000006182,19.176799999513605,500,500,333.0,1501.5015015015017,,False,24.01139999892621
518,exp1-completion-paced,66,264,0.4343999999036896,1.0325000002922025,51.38330000045244,50.35080000016024,0.0296999996862723,35.51509999942937,500,512,26.785399999425863,35.60300000026473,False,512,0.0275000002147862,0.0604000006205751,0.028299999939918,8.083799999440089,0.2502000006643357,0.1162999997177394,26.785399999425863,0.2507000008336035,0.0,35.51509999942937,35.60300000026473,35.52560000025551,500,500,333.0,1501.5015015015017,,False,15.780300000187708
519,exp1-completion-paced,66,264,0.266899999587622,1.294699999561999,42.16679999990447,40.87210000034247,0.019099999917671,22.90140000059182,500,513,15.723800000159828,22.962400000324124,False,513,0.0219000003198743,0.0390999994124285,0.0176000003193621,6.644500000220432,0.2848999993148027,0.1177000003735884,15.723800000159828,0.1126999995904043,0.0,22.90140000059182,22.962400000324124,22.909299999810173,500,500,333.0,1501.5015015015017,,False,19.204399999580346
520,exp1-completion-paced,66,264,0.4770000005009933,1.1309000001347158,44.30380000030709,43.172900000172376,0.0300000001516309,36.62870000061957,500,514,27.687499999956344,36.77550000065821,False,514,0.0358000006599468,0.1109999993786914,0.0274000003628316,8.314300000165531,0.2635000000736909,0.1249999995707185,27.687499999956344,0.2106000001731445,0.0,36.62870000061957,36.77550000065821,36.63979999964795,500,500,333.0,1501.5015015015017,,False,7.52829999964888
521,exp1-completion-paced,66,264,0.480700000480283,1.5084999995451651,43.475699999362405,41.96719999981724,0.0236999994740472,35.78879999986384,500,515,26.616000000103668,35.85719999955472,False,515,0.0270000000455183,0.041399999645364,0.0287000002572312,8.55879999926401,0.2720000002227607,0.1155999998445622,26.616000000103668,0.1974000006157439,0.0,35.78879999986384,35.85719999955472,35.799600000245846,500,500,333.0,1501.5015015015017,,False,7.618499999807682
522,exp1-completion-paced,66,264,0.4813000005015055,0.0804000001153326,55.53359999976237,55.45319999964704,0.0276000000667409,33.638100000644044,500,516,24.441900000056197,33.70730000006006,False,516,0.0237999993260018,0.0454000000900123,0.0280000003840541,8.692899999914516,0.2613999995446647,0.1230000007126363,24.441900000056197,0.0906999994185753,0.0,33.638100000644044,33.70730000006006,33.648799999355106,500,500,333.0,1501.5015015015017,,False,21.826299999702314
523,exp1-completion-paced,66,264,0.2744999992501107,1.2158999998064246,33.53270000025077,32.316800000444346,0.0192999996215803,18.97240000016609,500,517,14.254900000196358,19.018900000446592,False,517,0.0189000002137618,0.0276000000667409,0.01810000048863,4.432399999132031,0.134500000058324,0.0292000004264991,14.254900000196358,0.1029999993988894,0.0,18.97240000016609,19.018900000446592,18.97979999921517,500,500,333.0,1501.5015015015017,,False,14.513799999804178
524,exp1-completion-paced,66,264,0.4550000003291643,2.028500000051281,37.91480000018055,35.88630000012927,0.0208999999813386,25.573199999598728,500,518,19.1052000000127,25.614299999688228,False,518,0.019099999917671,0.022000000171829,0.017699999261822,5.984800000078394,0.2485000004526227,0.1159000003099208,19.1052000000127,0.100899999779358,0.0,25.573199999598728,25.614299999688228,25.5793000005724,500,500,333.0,1501.5015015015017,,False,12.30050000049232
525,exp1-completion-paced,66,264,0.4767999998875893,1.0668999993868056,49.77179999968939,48.70490000030259,0.0236000005315872,36.76520000044548,500,519,28.049100000316685,37.1223000001919,False,519,0.0350999998772749,0.3219999998691492,0.0264999998762505,8.175800000572053,0.2293999996254569,0.0524999995832331,28.049100000316685,0.2313000004505738,0.0,36.76520000044548,37.1223000001919,36.77530000004481,500,500,333.0,1501.5015015015017,,False,12.649499999497493
526,exp1-completion-paced,66,264,0.2893000000767642,1.1604999999690335,55.29519999981858,54.134699999849545,0.0317000003633438,36.76339999947231,500,520,27.69760000046517,36.840299999312265,False,520,0.0332999998136074,0.0436000000263447,0.0290999996650498,8.449100000689214,0.2624999997351551,0.1107999996747821,27.69760000046517,0.2140999995390302,0.0,36.76339999947231,36.840299999312265,36.77549999974872,500,500,333.0,1501.5015015015017,,False,18.454900000506314
527,exp1-completion-paced,66,264,0.2775000002657179,2.9080000003887108,44.41899999983434,41.51099999944563,0.0349000001733657,32.51929999987624,500,521,27.738599999793223,32.56669999973383,False,521,0.0223999995796475,0.0250000002779415,0.0178000000232714,4.339899999649788,0.1539000004413537,0.0322999994750716,27.738599999793223,0.2365000000281725,0.0,32.51929999987624,32.56669999973383,32.52709999924264,500,500,333.0,1501.5015015015017,,False,11.852300000100513
528,exp1-completion-paced,66,264,0.4619999999704305,1.9927000003008288,40.04570000051899,38.05300000021816,0.0202999999601161,32.776600000033795,500,522,23.87630000066565,32.89099999983591,False,522,0.0212000004466972,0.09319999935542,0.0249000004259869,8.303900000100839,0.2531999998609535,0.1144999996540718,23.87630000066565,0.2033999999184743,0.0,32.776600000033795,32.89099999983591,32.7871999998024,500,500,333.0,1501.5015015015017,,False,7.1547000006830785
529,exp1-completion-paced,66,264,0.2703000000110478,4.329300000790681,54.38600000070437,50.05669999991369,0.032199999623117,33.40360000038345,500,523,24.261200000182725,33.47230000053969,False,523,0.027099999897473,0.0416000002587679,0.0266999995801597,8.5335000003397,0.248700000156532,0.1191999999718973,24.261200000182725,0.2138999998351209,0.0,33.40360000038345,33.47230000053969,33.41470000032132,500,500,333.0,1501.5015015015017,,False,20.91370000016468
530,exp1-completion-paced,66,264,0.2646000002641813,5.315899999914109,51.89250000057655,46.57660000066244,0.0227000000450061,31.685899999502,500,524,22.67119999942224,31.74909999961528,False,524,0.0249000004259869,0.0382999996872968,0.0257000001511187,8.400799999435549,0.2522000004319125,0.1130000000557629,22.67119999942224,0.2226000005975947,0.0,31.685899999502,31.74909999961528,31.69620000062423,500,500,333.0,1501.5015015015017,,False,20.143400000961268
531,exp1-completion-paced,66,264,0.2893000000767642,0.0669000000925734,55.86289999973815,55.79599999964557,0.0307999998767627,37.86280000076658,500,525,28.436100000362785,37.93360000054236,False,525,0.0275000002147862,0.0432999995609861,0.0268000003416091,8.808900000076392,0.2533999995648628,0.1171000003523659,28.436100000362785,0.22019999960321,0.0,37.86280000076658,37.93360000054236,37.87370000009105,500,500,333.0,1501.5015015015017,,False,17.929299999195784
532,exp1-completion-paced,66,264,0.2741999996942468,2.658500000507047,31.001000000287604,28.34249999978056,0.0307000000248081,21.11349999995582,500,526,15.882699999565377,21.175099999709342,False,526,0.0255999993896693,0.036000000363856,0.0197999997908482,4.937800000334391,0.1404999993610545,0.0303000006169895,15.882699999565377,0.1022000005832524,0.0,21.11349999995582,21.175099999709342,21.121900000252936,500,500,333.0,1501.5015015015017,,False,9.825900000578262
533,exp1-completion-paced,66,264,0.2676000003702938,2.250900000035472,39.60880000067846,37.357900000642985,0.0198999996428028,22.21579999968526,500,527,16.76980000047479,22.261000000071363,False,527,0.0207000002774293,0.0245000001086737,0.0162999995154677,5.149300000084622,0.1375000001644366,0.0277999997706501,16.76980000047479,0.1148000001194304,0.0,22.21579999968526,22.261000000071363,22.222300000066756,500,500,333.0,1501.5015015015017,,False,17.347800000607094
534,exp1-completion-paced,66,264,0.4706999998234096,0.1087000000552507,56.38859999999113,56.27989999993588,0.0188999993042671,37.63989999970363,500,528,28.01550000003772,37.71049999977549,False,528,0.0306000001728534,0.0399999998990097,0.0277999997706501,9.12129999960598,0.2640000002429588,0.1196000002892105,28.01550000003772,0.0914000002012471,0.0,37.63989999970363,37.71049999977549,37.651000000550994,500,500,333.0,1501.5015015015017,,False,18.678100000215636
535,exp1-completion-paced,66,264,0.2947000002677669,1.1561000001165669,56.314499999643886,55.15839999952732,0.0218999994103796,39.56290000041918,500,529,29.78510000048118,39.612700000361656,False,529,0.0227000000450061,0.027099999897473,0.0206000004254747,9.16880000022502,0.2621999992697965,0.1179000000774976,29.78510000048118,0.2078999996228958,0.0,39.56290000041918,39.612700000361656,39.57099999934144,500,500,333.0,1501.5015015015017,,False,16.70179999928223
536,exp1-completion-paced,66,264,0.2797000006466987,1.2145000000600703,41.6867000003549,40.47220000029483,0.0203999998120707,20.573200000399083,500,530,15.112899999621732,20.616700000573477,False,530,0.019099999917671,0.024400000256719,0.0182000003405846,5.173699999431847,0.1365000007353956,0.0297999995382269,15.112899999621732,0.1019000001178938,0.0,20.573200000399083,20.616700000573477,20.58039999974426,500,500,333.0,1501.5015015015017,,False,21.06999999978142
537,exp1-completion-paced,66,264,0.2899000000979868,0.05680000049324,43.61289999997098,43.55609999947774,0.0258000000030733,35.66210000008141,500,531,26.005199999417528,35.73779999987892,False,531,0.0375999998141196,0.0380999999833875,0.0301000000035855,9.20640000003914,0.2543000000514439,0.0445000005129259,26.005199999417528,0.1214000003528781,0.0,35.66210000008141,35.73779999987892,35.67240000029415,500,500,333.0,1501.5015015015017,,False,7.875100000092054
538,exp1-completion-paced,66,264,0.2761000005193637,1.2356999995972728,51.41459999958897,50.1788999999917,0.0292000004264991,31.425999999555643,500,532,18.648799999937182,31.48539999983768,False,532,0.0202999999601161,0.0391000003219232,0.0276999999186955,12.235299999701963,0.2670000003490713,0.1117000001613632,18.648799999937182,0.1351999999315012,0.0,31.425999999555643,31.48539999983768,31.437800000276184,500,500,333.0,1501.5015015015017,,False,19.929199999751294
539,exp1-completion-paced,66,264,0.2807000000757398,0.0926999991861521,46.75449999922421,46.661800000038056,0.0254999995377147,24.90730000045005,500,533,18.502700000681216,25.014499999997497,False,533,0.0308999997287173,0.0762999998187297,0.02050000057352,5.989299999782816,0.1406000001225038,0.0305999992633587,18.502700000681216,0.2232999995612772,0.0,24.90730000045005,25.014499999997497,24.938599999586582,500,500,333.0,1501.5015015015017,,False,21.73999999922671
540,exp1-completion-paced,66,264,0.2782000001388951,1.227199999448203,39.94979999970383,38.722600000255625,0.0197999997908482,21.06980000007752,500,534,14.997500000390572,21.11499999955413,False,534,0.0196000000869389,0.0255999993896693,0.0188000003618071,5.763699999988603,0.1419000000169035,0.0290999996650498,14.997500000390572,0.1185999999506748,0.0,21.06980000007752,21.11499999955413,21.07729999988805,500,500,333.0,1501.5015015015017,,False,18.8348000001497
541,exp1-completion-paced,66,264,0.2773000005618087,4.758400000355323,35.117499999614665,30.359099999259342,0.029499999982363,23.43780000046536,500,535,16.474600000037753,23.506499999712105,False,535,0.0195999991774442,0.049100000069302,0.0186000006578979,6.582399999388144,0.1406999999744584,0.0279000005320995,16.474600000037753,0.1931999995576916,0.0,23.43780000046536,23.506499999712105,23.46979999947507,500,500,333.0,1501.5015015015017,,False,11.61099999990256
542,exp1-completion-paced,66,264,0.457500000266009,0.9918000005200156,45.57220000060624,44.58040000008623,0.0184999998964485,37.72509999998874,500,536,26.972700000442277,37.77549999995245,False,536,0.0226000001930515,0.0277999997706501,0.0650000001769512,10.11229999949137,0.2545000006648479,0.1165999992736033,26.972700000442277,0.2035999996223836,0.0,37.72509999998874,37.77549999995245,37.73329999967245,500,500,333.0,1501.5015015015017,,False,7.796700000653786
543,exp1-completion-paced,66,264,0.2791000006254762,1.212600000144448,39.13470000043162,37.92210000028717,0.0816000001577776,21.20799999920564,500,537,14.967799999794806,21.253599999909056,False,537,0.0208999999813386,0.0247000007220776,0.0173999997059581,5.959099999927275,0.1370999998471234,0.0299000002996763,14.967799999794806,0.0965999997788458,0.0,21.20799999920564,21.253599999909056,21.215299999312265,500,500,333.0,1501.5015015015017,,False,17.881100000522565
544,exp1-completion-paced,66,264,0.2895000006901682,1.2563000000227476,51.80220000056579,50.54590000054304,0.0299000002996763,32.487899999978254,500,538,22.377299999789106,32.538499999645865,False,538,0.021799999558425,0.0288000001091859,0.0186000006578979,9.558899999319692,0.3028999999514781,0.115100000584789,22.377299999789106,0.1148999999713851,0.0,32.487899999978254,32.538499999645865,32.495700000254146,500,500,333.0,1501.5015015015017,,False,19.263700000919926
545,exp1-completion-paced,66,264,0.2805000003718305,0.0581999993300996,43.77199999998993,43.71380000065983,0.0301999998555402,37.15160000047035,500,539,27.36379999987548,37.26780000033614,False,539,0.0344000000040978,0.0817999998616869,0.0275000002147862,9.20109999970009,0.2635999999256455,0.123100000564591,27.36379999987548,0.1720999998724437,0.0,37.15160000047035,37.26780000033614,37.16350000013336,500,500,333.0,1501.5015015015017,,False,6.5041999996537925
546,exp1-completion-paced,66,264,0.4662000001189881,2.550600000176928,52.75390000042535,50.20330000024842,0.0307000000248081,35.338599999704456,500,540,26.129199999559205,35.463399999571266,False,540,0.0224999994316021,0.102300000435207,0.0265999997282051,8.657399999719928,0.2443000003040651,0.1136000000769854,26.129199999559205,0.1672000007602037,0.0,35.338599999704456,35.463399999571266,35.34920000038255,500,500,333.0,1501.5015015015017,,False,17.29050000085408
547,exp1-completion-paced,66,264,0.2874000001611421,2.726300000176707,38.62519999984215,35.898899999665446,0.0263000001723412,27.356399999916903,500,541,19.885599999724946,27.39959999962593,False,541,0.0198999996428028,0.0233000000662286,0.0184000000444939,6.956799999898067,0.1394000000800588,0.0613000001976615,19.885599999724946,0.2946000004158122,0.0,27.356399999916903,27.39959999962593,27.363400000467664,500,500,333.0,1501.5015015015017,,False,11.225600000216222
548,exp1-completion-paced,66,264,0.2837000001818524,0.0528999999005463,44.39360000014858,44.340700000248034,0.0257000001511187,36.79209999972954,500,542,27.950300000156854,36.870299999463896,False,542,0.0215999998545157,0.0565999998798361,0.0282000000879634,8.226500000091619,0.2453999995850608,0.1184000002467655,27.950300000156854,0.2229000001534586,0.0,36.79209999972954,36.870299999463896,36.820799999986775,500,500,333.0,1501.5015015015017,,False,7.523300000684685
549,exp1-completion-paced,66,264,0.476899999739544,0.9296999996877277,55.671000000074855,54.74130000038713,0.0315999996018945,36.41919999972743,500,543,27.182199999515436,36.48109999994631,False,543,0.0245999999606283,0.0373000002582557,0.0268000003416091,8.51169999987178,0.2771999998003593,0.2223000001322361,27.182199999515436,0.1987000005101435,0.0,36.41919999972743,36.48109999994631,36.42990000025748,500,500,333.0,1501.5015015015017,,False,19.189900000128546
550,exp1-completion-paced,66,264,0.2732000002652057,1.252300000487594,57.52670000038052,56.27439999989292,0.0215000000025611,35.160099999302474,500,544,27.18999999979133,35.218199999690114,False,544,0.0215000000025611,0.0366000003850786,0.0192999996215803,7.3725000002013985,0.2663999994183541,0.1214000003528781,27.18999999979133,0.1902000003610737,0.0,35.160099999302474,35.218199999690114,35.1676000000225,500,500,333.0,1501.5015015015017,,False,22.308500000690408
551,exp1-completion-paced,66,264,0.2757000002020504,1.2269999997442935,32.55650000028254,31.329500000538246,0.0208999999813386,19.772200000261364,500,545,14.95230000000447,19.824599999992643,False,545,0.0284999996438273,0.0239000000874511,0.0168000005942303,4.531699999461125,0.12940000033268,0.0277999997706501,14.95230000000447,0.1138999996328493,0.0,19.772200000261364,19.824599999992643,19.77909999914118,500,500,333.0,1501.5015015015017,,False,12.731900000289897
552,exp1-completion-paced,66,264,0.2860000004147878,1.191100000141887,51.34530000032101,50.15420000017912,0.0301999998555402,35.84890000001906,500,546,26.985200000126497,35.9056999996028,False,546,0.0233000000662286,0.0334999995175167,0.0287000002572312,8.227799999986019,0.2620999994178419,0.1159000003099208,26.985200000126497,0.2289000003656838,0.0,35.84890000001906,35.9056999996028,35.86080000059155,500,500,333.0,1501.5015015015017,,False,15.439600000718208
553,exp1-completion-paced,66,264,0.278700000308163,0.7787999993524863,54.43349999950442,53.654700000151934,0.0315999996018945,35.59260000020004,500,547,26.533999999628577,35.64390000065032,False,547,0.0200000004042522,0.0313000000460306,0.0474999997095437,8.411400000113645,0.2549999999246211,0.1221000002260552,26.533999999628577,0.2222000002802815,0.0,35.59260000020004,35.64390000065032,35.60379999998986,500,500,333.0,1501.5015015015017,,False,18.7895999988541
554,exp1-completion-paced,66,264,0.2798999994411133,2.212999999755993,41.17659999974421,38.96359999998822,0.0359999994543613,24.47669999946811,500,548,18.348600000535956,24.51779999955761,False,548,0.0185999997484032,0.0225000003410968,0.0184000000444939,5.619599999590719,0.2345000002605957,0.0358999996024067,18.348600000535956,0.2193999998780782,0.0,24.47669999946811,24.51779999955761,24.48360000016692,500,500,333.0,1501.5015015015017,,False,16.658800000186602
555,exp1-completion-paced,66,264,0.2919999997175182,0.0576000002183718,33.981699999458215,33.92409999923984,0.0221999998757382,19.588199999816425,500,549,14.55919999989419,19.651799999337527,False,549,0.0340999995387392,0.029499999982363,0.0183000001925393,4.709300000286021,0.1438999997844803,0.0301999998555402,14.55919999989419,0.1271000000997446,0.0,19.588199999816425,19.651799999337527,19.59530000021914,500,500,333.0,1501.5015015015017,,False,14.329900000120688
556,exp1-completion-paced,66,264,0.2848000003723427,2.214600000115752,33.579600000848586,31.365000000732834,0.0190000000657164,19.015099999705853,500,550,14.242299999750683,19.06520000011369,False,550,0.023400000827678,0.0266999995801597,0.0195000002349843,4.468000000088068,0.1377999997203005,0.0280000003840541,14.242299999750683,0.1192999998238519,0.0,19.015099999705853,19.06520000011369,19.02350000000297,500,500,333.0,1501.5015015015017,,False,14.514400000734895
557,exp1-completion-paced,66,264,0.45849999969505,1.0428000005049398,48.07250000067143,47.029700000166486,0.0295999998343177,30.72880000036093,500,551,21.67250000002241,30.81040000051871,False,551,0.0472000001536798,0.0344000000040978,0.0293000002784538,8.513800000400806,0.2833999997164937,0.1099000000976957,21.67250000002241,0.1197000001411652,0.0,30.72880000036093,30.81040000051871,30.74090000063734,500,500,333.0,1501.5015015015017,,False,17.26210000015272
558,exp1-completion-paced,66,264,0.2877999995689606,2.2280000002865563,36.594700000023295,34.36669999973674,0.0194999993254896,18.532699999923352,500,552,13.735100000303646,18.59590000003664,False,552,0.022000000171829,0.0411999999414547,0.0187999994523124,4.499700000451412,0.1329999995505204,0.0287000002572312,13.735100000303646,0.1172000002043205,0.0,18.532699999923352,18.59590000003664,18.54040000034729,500,500,333.0,1501.5015015015017,,False,17.998799999986655
559,exp1-completion-paced,66,264,0.27460000001156,1.6680999997333856,35.085800000160816,33.41770000042743,0.0192999996215803,19.922399999813933,500,553,14.538899999934074,19.963800000368792,False,553,0.0182000003405846,0.023200000214274,0.0178000000232714,5.0836999998864485,0.1379999994242098,0.0315000006594345,14.538899999934074,0.1123000001825857,0.0,19.922399999813933,19.963800000368792,19.92990000053396,500,500,333.0,1501.5015015015017,,False,15.121999999792024
560,exp1-completion-paced,66,264,0.2703999998630024,2.7810000001409207,42.67860000072688,39.89760000058595,0.0206999993679346,22.658599999886064,500,554,17.331400000330177,22.69559999967896,False,554,0.0180999995791353,0.0189000002137618,0.017899999875226,5.028100000345148,0.1366999995298101,0.0275000002147862,17.331400000330177,0.1167000000350526,0.0,22.658599999886064,22.69559999967896,22.66460000009829,500,500,333.0,1501.5015015015017,,False,19.98300000104792
561,exp1-completion-paced,66,264,0.4533000001174514,1.0454000002937391,31.944100000146136,30.8986999998524,0.0306000001728534,18.74080000015965,500,555,13.959800000520772,18.819200000507408,False,555,0.0350000000253203,0.0434000003224355,0.0189000002137618,4.477499999666179,0.1354000005449052,0.0316999994538491,13.959800000520772,0.1172999991467804,0.0,18.74080000015965,18.819200000507408,18.748099999356786,500,500,333.0,1501.5015015015017,,False,13.124899999638728
562,exp1-completion-paced,66,264,0.4704000002675457,2.53190000057657,52.62620000030438,50.09429999972781,0.0212999993891571,36.61180000017339,500,556,27.09630000026664,36.67080000013812,False,556,0.0208000001293839,0.0381999998353421,0.0198000007003429,8.909599999242346,0.2572000003056018,0.1130000000557629,27.09630000026664,0.2156000000468338,0.0,36.61180000017339,36.67080000013812,36.619900000005146,500,500,333.0,1501.5015015015017,,False,15.955400000166257
563,exp1-completion-paced,66,264,0.2840999995896709,1.2483000000429456,45.17920000034792,43.93090000030497,0.0247000007220776,26.150800000323212,500,557,17.39720000023226,26.320599999962724,False,557,0.0262000003203866,0.1435999993191217,0.0250000002779415,8.227100000112841,0.2529000003050896,0.1218999996126513,17.39720000023226,0.1265000000785221,0.0,26.150800000323212,26.320599999962724,26.16050000051473,500,500,333.0,1501.5015015015017,,False,18.858600000385195
564,exp1-completion-paced,66,264,0.2818000002662302,2.2299000002021785,42.21190000043862,39.98200000023644,0.0282000000879634,21.852599999874656,500,558,17.052399999556656,21.904499999436663,False,558,0.022000000171829,0.0298999993901816,0.0191999997696257,4.495099999985541,0.1368000002912595,0.0293000002784538,17.052399999556656,0.1195000004372559,0.0,21.852599999874656,21.904499999436663,21.860500000002503,500,500,333.0,1501.5015015015017,,False,20.307400001001955
565,exp1-completion-paced,66,264,0.2754999995886464,0.0664999997752602,52.96879999968951,52.90229999991425,0.0199000005522975,37.00649999973393,500,559,27.757899999414803,37.09279999930004,False,559,0.0394999997297418,0.0467999998363666,0.0288000001091859,8.56480000038573,0.2639999993334641,0.1224000006914138,27.757899999414803,0.268300000243471,0.0,37.00649999973393,37.09279999930004,37.01830000045448,500,500,333.0,1501.5015015015017,,False,15.876000000389467
566,exp1-completion-paced,66,264,0.276000000667409,0.0506000005771056,40.83200000059151,40.7814000000144,0.0335000004270114,29.82689999953436,500,560,22.259899999880872,29.887099999541533,False,560,0.0202000001081614,0.0399999998990097,0.0234999997701379,6.997399999818299,0.2356000004510861,0.0455999997939216,22.259899999880872,0.2646000002641813,0.0,29.82689999953436,29.887099999541533,29.83560000029684,500,500,333.0,1501.5015015015017,,False,10.94490000104998
567,exp1-completion-paced,66,264,0.5006000001230859,1.019799999994575,58.82550000023912,57.80570000024454,0.033399999665562,36.82070000013482,500,561,27.55559999968682,36.90480000022944,False,561,0.0350000000253203,0.049100000069302,0.029499999982363,8.54909999998199,0.290099999801896,0.1619000004211557,27.55559999968682,0.2342000007047318,0.0,36.82070000013482,36.90480000022944,36.83340000043245,500,500,333.0,1501.5015015015017,,False,21.920700000009674
568,exp1-completion-paced,66,264,0.4589000000123633,0.9600000003047172,54.111500000544765,53.15150000024005,0.0215000000025611,32.67810000033933,500,562,25.47130000039033,32.751099999586586,False,562,0.029499999982363,0.0434999992648954,0.0267000004896544,6.676299999526236,0.2467000003889552,0.1229999998031416,25.47130000039033,0.1338000001851469,0.0,32.67810000033933,32.751099999586586,32.689700000446464,500,500,333.0,1501.5015015015017,,False,21.36040000095818
569,exp1-completion-paced,66,264,0.2895999996326281,1.2653999992835452,36.68930000003456,35.42390000075102,0.0173000007634982,19.4430999999895,500,563,14.536300000145276,19.4947999998476,False,563,0.0215000000025611,0.0301999998555402,0.0356999998984974,4.574200000206474,0.1317999995080754,0.0264000000242958,14.536300000145276,0.1384999995934777,0.0,19.4430999999895,19.4947999998476,19.449799999165407,500,500,333.0,1501.5015015015017,,False,17.194500000186956
570,exp1-completion-paced,66,264,0.2704999997149571,0.0491999999212566,27.533299999959127,27.48410000003787,0.01810000048863,20.151000000623757,500,564,15.353200000390643,20.19449999988865,False,564,0.0185999997484032,0.0248999995164922,0.0183000001925393,4.477899999983492,0.1342000005024601,0.0292999993689591,15.353200000390643,0.1377999997203005,0.0,20.151000000623757,20.19449999988865,20.15919999939797,500,500,333.0,1501.5015015015017,,False,7.338800000070478
571,exp1-completion-paced,66,264,0.2652999992278637,1.2427999999999884,43.89449999962381,42.651699999623816,0.0693000001774635,21.323599999959697,500,565,15.153100000134144,21.365700000387733,False,565,0.0191999997696257,0.0229000006584101,0.017899999875226,5.837699999574397,0.160600000526756,0.0296999996862723,15.153100000134144,0.1243999995494959,0.0,21.323599999959697,21.365700000387733,21.329899999727783,500,500,333.0,1501.5015015015017,,False,22.528799999236078
572,exp1-completion-paced,66,264,0.2709999998842249,2.205400000093505,47.18990000037593,44.98450000028242,0.0184999998964485,34.46940000048926,500,566,25.86299999984476,34.52220000053785,False,566,0.0238000002354965,0.0289999998130952,0.0176000003193621,8.100000000013097,0.2517000002626446,0.1145999995060265,25.86299999984476,0.1222999999299645,0.0,34.46940000048926,34.52220000053785,34.47619999951712,500,500,333.0,1501.5015015015017,,False,12.667699999838078
573,exp1-completion-paced,66,264,0.4686000002038781,0.0741000003472436,41.13580000012007,41.06169999977283,0.033600000278966,35.68639999957668,500,567,27.729099999305618,35.74659999958385,False,567,0.0273999994533369,0.0328000005538342,0.0233000000662286,7.263599999532744,0.2639000003910041,0.1265000000785221,27.729099999305618,0.2795000000332948,0.0,35.68639999957668,35.74659999958385,35.69520000019111,500,500,333.0,1501.5015015015017,,False,5.389200000536221
574,exp1-completion-paced,66,264,0.4901000002064393,2.5224999999409192,52.76880000019446,50.24630000025354,0.0311000003421213,36.895999999615015,500,568,27.848699999594828,36.9553000000451,False,568,0.022000000171829,0.0373000002582557,0.0269000001935637,8.362099999430939,0.2584000003480469,0.1196000002892105,27.848699999594828,0.279900000350608,0.0,36.895999999615015,36.9553000000451,36.90650000044116,500,500,333.0,1501.5015015015017,,False,15.81350000014936
575,exp1-completion-paced,66,264,0.4692000002251006,3.140700000585639,43.117700000038894,39.976999999453255,0.0201000002562068,26.3903000004575,500,569,17.21590000033757,26.474400000552123,False,569,0.0385000003007007,0.0455999997939216,0.0299000002996763,8.627000000160479,0.2651999993759091,0.1197000001411652,17.21590000033757,0.1323999995292979,0.0,26.3903000004575,26.474400000552123,26.4022000001205,500,500,333.0,1501.5015015015017,,False,16.64329999948677
576,exp1-completion-paced,66,264,0.4613000000972533,0.0710000003891764,48.5554000006232,48.48440000023402,0.0307999998767627,35.36829999939073,500,570,27.118300000438467,35.41559999939636,False,570,0.0215000000025611,0.0258000000030733,0.0195999991774442,7.572200000140583,0.2699000006032293,0.107199999547447,27.118300000438467,0.2807999999276944,0.0,35.36829999939073,35.41559999939636,35.37620000042807,500,500,333.0,1501.5015015015017,,False,13.139800001226838
577,exp1-completion-paced,66,264,0.3074000005653943,2.7000000000043656,37.041900000076566,34.3419000000722,0.0193999994735349,19.44149999962974,500,571,14.249200000449491,19.484600000396316,False,571,0.0180000006366753,0.0251000001298962,0.017899999875226,4.886899999291927,0.133500000629283,0.0279999994745594,14.249200000449491,0.125800000205345,0.0,19.44149999962974,19.484600000396316,19.448700000793902,500,500,333.0,1501.5015015015017,,False,17.55729999968025
578,exp1-completion-paced,66,264,0.458700000308454,0.0928999997995561,50.66439999973227,50.57149999993271,0.0304999994114041,36.68209999977989,500,572,27.36449999974866,36.83009999986098,False,572,0.0264000000242958,0.1216000000567874,0.028299999939918,8.6725999999544,0.259100000221224,0.1239000002897228,27.36449999974866,0.2334000000701053,0.0,36.68209999977989,36.83009999986098,36.69330000047921,500,500,333.0,1501.5015015015017,,False,13.834299999871291
579,exp1-completion-paced,66,264,0.2942999999504536,1.262200000383018,48.76990000047954,47.50770000009652,0.029499999982363,31.01590000005672,500,573,22.769700000026205,31.086199999663226,False,573,0.0346999995599617,0.0356000000465428,0.0261000004684319,7.910599999377155,0.1470000006520422,0.029499999982363,22.769700000026205,0.1327999998466111,0.0,31.01590000005672,31.086199999663226,31.02709999984654,500,500,333.0,1501.5015015015017,,False,17.683700000816312
580,exp1-completion-paced,66,264,0.479299999824434,0.9604000006220303,59.1710000007879,58.21060000016587,0.0290999996650498,35.78960000049847,500,574,26.299099999960163,35.86560000076133,False,574,0.0251999999818508,0.0508000002810149,0.0275000002147862,8.824100000310864,0.2438999999867519,0.1138999996328493,26.299099999960163,0.2807000000757398,0.0,35.78960000049847,35.86560000076133,35.81839999969816,500,500,333.0,1501.5015015015017,,False,23.305400000026566
581,exp1-completion-paced,66,264,0.4819000005227281,0.1093999999284278,43.12659999959578,43.01719999966736,0.0306000001728534,35.13500000008207,500,575,25.981599999795435,35.20140000000538,False,575,0.0286999993477365,0.0377000005755689,0.0282000000879634,8.445799999208248,0.2979000000777887,0.1215000002048327,25.981599999795435,0.2597000002424465,0.0,35.13500000008207,35.20140000000538,35.14710000035848,500,500,333.0,1501.5015015015017,,False,7.925199999590404
582,exp1-completion-paced,66,264,0.278700000308163,7.789700000103039,33.55889999966166,25.769199999558623,0.028299999939918,21.96639999965555,500,576,17.31770000060351,22.015300000020943,False,576,0.0219000003198743,0.0270000000455183,0.0185999997484032,4.3399000005592825,0.1341999995929654,0.0288999999611405,17.31770000060351,0.1268999994863406,0.0,21.96639999965555,22.015300000020943,21.97410000007949,500,500,333.0,1501.5015015015017,,False,11.543599999640719
583,exp1-completion-paced,66,264,0.484600000163482,0.9237000003849972,49.11190000075294,48.18820000036794,0.022000000171829,36.04470000027504,500,577,27.041600000302424,36.12319999956526,False,577,0.0324999991789809,0.0460000001112348,0.0311000003421213,8.346200000232784,0.2605999998195329,0.1169999995909165,27.041600000302424,0.2479000004314002,0.0,36.04470000027504,36.12319999956526,36.05640000023413,500,500,333.0,1501.5015015015017,,False,12.98870000118768
584,exp1-completion-paced,66,264,0.4797000001417473,0.0742000001991982,44.092600000112725,44.01839999991353,0.0583999999435036,35.150200000316545,500,578,26.50530000028084,35.21470000032423,False,578,0.0247999996645376,0.0397000003431458,0.0277999997706501,8.044100000006438,0.2518000001145992,0.1154000001406529,26.50530000028084,0.2053999996860511,0.0,35.150200000316545,35.21470000032423,35.16159999981028,500,500,333.0,1501.5015015015017,,False,8.877899999788497
585,exp1-completion-paced,66,264,0.2899999999499414,2.711699999963457,49.84689999946568,47.13519999950222,0.0281000002360087,34.264400000211026,500,579,25.8469000000332,34.32930000053602,False,579,0.032400000236521,0.0325000000884756,0.0187999994523124,7.813300000634626,0.2598000000944012,0.1177999993160483,25.8469000000332,0.2074000003631226,0.0,34.264400000211026,34.32930000053602,34.27240000019083,500,500,333.0,1501.5015015015017,,False,15.517599998929654
586,exp1-completion-paced,66,264,0.4533000001174514,3.0547999995178543,47.69359999954759,44.63880000002973,0.030900000638212,35.82699999969918,500,580,27.009999999791034,35.89709999960178,False,580,0.028099999326514,0.0420000005760812,0.0294000001304084,8.129999999255233,0.2545000006648479,0.11129999984405,27.009999999791034,0.2913999996962957,0.0,35.82699999969918,35.89709999960178,35.83919999982754,500,500,333.0,1501.5015015015017,,False,11.796499999945809
587,exp1-completion-paced,66,264,0.3584999994927784,3.689199999826087,48.43129999972007,44.74209999989398,0.0303999995594494,35.95630000017991,500,581,26.946500000121887,36.02859999955399,False,581,0.0294000001304084,0.0428999992436729,0.0302000007650349,8.297599999423255,0.2714000002015382,0.1259000000572996,26.946500000121887,0.2843000002030749,0.0,35.95630000017991,36.02859999955399,35.968099999990955,500,500,333.0,1501.5015015015017,,False,12.402700000166078
588,exp1-completion-paced,66,264,0.4626999998436076,0.0768999998399522,39.448499999707565,39.37159999986761,0.0200000004042522,25.85210000052029,500,582,17.372499999510183,26.07179999995424,False,582,0.0382999996872968,0.1813999997466453,0.0251999999818508,7.9764000001887325,0.2496999995855731,0.1083000006474321,17.372499999510183,0.1197999999931198,0.0,25.85210000052029,26.07179999995424,25.862599999527447,500,500,333.0,1501.5015015015017,,False,13.376699999753324
589,exp1-completion-paced,66,264,0.2698999996937345,2.748799999608309,24.45599999919068,21.70719999958237,0.0184999998964485,18.687599999793747,500,583,14.009600000463251,18.73150000028545,False,583,0.0182000003405846,0.0257000001511187,0.0167999996847356,4.377199999908044,0.1320000001214794,0.028299999939918,14.009600000463251,0.1234999999724095,0.0,18.687599999793747,18.73150000028545,18.6944000006406,500,500,333.0,1501.5015015015017,,False,5.72449999890523
590,exp1-completion-paced,66,264,0.2715000000534928,2.738899999712885,33.55609999925946,30.81719999954657,0.0180999995791353,19.383599999855505,500,584,14.687099999719068,19.42429999962769,False,584,0.017899999875226,0.0227999998969608,0.0179999997271806,4.375499999696331,0.133500000629283,0.0410000002375454,14.687099999719068,0.1283000001421896,0.0,19.383599999855505,19.42429999962769,19.39070000025822,500,500,333.0,1501.5015015015017,,False,14.13179999963177
591,exp1-completion-paced,66,264,0.2702000001590932,1.2301000006118556,36.643000000367465,35.41289999975561,0.0185999997484032,18.79189999999653,500,585,14.246300000195331,18.84570000038366,False,585,0.0209999998332932,0.0328000005538342,0.0172999998540035,4.2501999996602535,0.1311000005443929,0.0273999994533369,14.246300000195331,0.1195000004372559,0.0,18.79189999999653,18.84570000038366,18.798699999933888,500,500,333.0,1501.5015015015017,,False,17.797299999983807
592,exp1-completion-paced,66,264,0.2633000003697816,1.313300000219897,42.37970000031055,41.06640000009065,0.0210999996852478,22.904899999957703,500,586,13.97240000005695,22.947100000237697,False,586,0.019099999917671,0.0231000003623194,0.019099999917671,8.486099999572616,0.2669000004971167,0.030999999580672,13.97240000005695,0.1291999997192761,0.0,22.904899999957703,22.947100000237697,22.911999999450927,500,500,333.0,1501.5015015015017,,False,19.432600000072853
593,exp1-completion-paced,66,264,0.2727000000959378,0.0626999999440158,37.789999999404245,37.72729999946023,0.0198999996428028,24.996300000566407,500,587,16.706299999896146,25.046900000234015,False,587,0.0237000003835419,0.026899999284069,0.0293000002784538,7.966899999701127,0.1440000005459296,0.0300000001516309,16.706299999896146,0.1195999993797158,0.0,24.996300000566407,25.046900000234015,25.0038999993194,500,500,333.0,1501.5015015015017,,False,12.74309999917023
594,exp1-completion-paced,66,264,0.2749000004769186,0.0495000003866152,38.35869999966235,38.30919999927573,0.0573000006625079,23.16129999962868,500,588,18.384400000286405,23.21269999993092,False,588,0.0201000002562068,0.0313000000460306,0.0192999996215803,4.464000000552915,0.1351999999315012,0.0291999995170044,18.384400000286405,0.1290000000153668,0.0,23.16129999962868,23.21269999993092,23.168900000200665,500,500,333.0,1501.5015015015017,,False,15.14599999973143
595,exp1-completion-paced,66,264,0.268300000243471,0.0507999993715202,54.55720000009023,54.50640000071871,0.0237000003835419,35.82150000056572,500,589,27.411999999458203,35.95990000030724,False,589,0.0240999997913604,0.1142999999501626,0.0245000001086737,7.907799999884446,0.2420999999230844,0.1109000004362315,27.411999999458203,0.124099999993632,0.0,35.82150000056572,35.95990000030724,35.83119999984774,500,500,333.0,1501.5015015015017,,False,18.59729999978299
596,exp1-completion-paced,66,264,0.2982000005431473,1.2349999997240957,33.39270000014949,32.15770000042539,0.0195000002349843,18.272399999659683,500,590,13.719999999921129,18.361899999945308,False,590,0.0192999996215803,0.0702000006640446,0.0305999992633587,4.244700000526791,0.1293999994231853,0.0278000006801448,13.719999999921129,0.1197000001411652,0.0,18.272399999659683,18.361899999945308,18.300900000213005,500,500,333.0,1501.5015015015017,,False,15.03080000020418
597,exp1-completion-paced,66,264,0.2771999998003593,1.7424000006940332,43.0383000002621,41.295899999568064,0.0214000001506065,24.571599999944738,500,591,15.937600000142991,24.634499999592663,False,591,0.0312000001940759,0.0316999994538491,0.0269000001935637,8.126800000354706,0.2441999995426158,0.1165000003311433,15.937600000142991,0.1193999996758066,0.0,24.571599999944738,24.634499999592663,24.582099999861384,500,500,333.0,1501.5015015015017,,False,18.403800000669435
598,exp1-completion-paced,66,264,0.449799999842071,1.128699999753735,37.10589999991498,35.97720000016125,0.0189000002137618,25.36000000054628,500,592,18.019699999968,25.410899999769757,False,592,0.0212999993891571,0.0295999998343177,0.0189000002137618,6.8120000005365,0.2542999991419492,0.1173000000562751,18.019699999968,0.1376000000163912,0.0,25.36000000054628,25.410899999769757,25.367399999595364,500,500,333.0,1501.5015015015017,,False,11.695000000145225
599,exp1-completion-paced,66,264,0.2672999999049352,1.3344999997570994,47.86210000020219,46.52760000044509,0.0190000000657164,35.135400000399386,500,593,26.583399999253743,35.193900000194844,False,593,0.023200000214274,0.0352999995811842,0.0255000004472094,7.963399999425746,0.2586999999039108,0.1113000007535447,26.583399999253743,0.192800000149873,0.0,35.135400000399386,35.193900000194844,35.145400000146765,500,500,333.0,1501.5015015015017,,False,12.668200000007346
600,exp1-completion-paced,66,264,0.2703000000110478,4.243099999257538,42.7732999996806,38.530200000423065,0.019099999917671,19.84409999931813,500,594,15.145100000154343,19.89049999974668,False,594,0.0190000000657164,0.0274000003628316,0.0178000000232714,4.333099999712431,0.1965999999811174,0.0307000000248081,15.145100000154343,0.1205999997182516,0.0,19.84409999931813,19.89049999974668,19.857199999933076,500,500,333.0,1501.5015015015017,,False,22.882799999933923
601,exp1-completion-paced,66,264,0.4600000002028537,0.917400000616908,32.43980000024749,31.52239999963058,0.0221000000237836,22.811400000136928,500,595,14.202100000147766,22.90790000006382,False,595,0.0198999996428028,0.0766000002840883,0.0547999998161685,8.07859999986249,0.2480000002833549,0.1192999998238519,14.202100000147766,0.1083999995898921,0.0,22.811400000136928,22.90790000006382,22.821199999270902,500,500,333.0,1501.5015015015017,,False,9.531900000183668
602,exp1-completion-paced,66,264,0.2795999998852494,2.7019999997719424,54.40499999986059,51.70300000008865,0.0318000002152984,36.10380000009173,500,596,27.061400000093272,36.16899999997258,False,596,0.0215999998545157,0.0436000000263447,0.0362999999197199,8.410299999923154,0.2488999998604413,0.1175000006696791,27.061400000093272,0.2289999993081437,0.0,36.10380000009173,36.16899999997258,36.11499999988155,500,500,333.0,1501.5015015015017,,False,18.235999999888016
603,exp1-completion-paced,66,264,0.4801000004590605,0.0741000003472436,49.11510000056296,49.04100000021572,0.0265999997282051,30.48639999997249,500,597,21.63860000018758,30.56309999919904,False,597,0.0310999994326266,0.0455999997939216,0.0307000000248081,8.34220000069763,0.253799999882176,0.1154999999926076,21.63860000018758,0.1053999994837795,0.0,30.48639999997249,30.56309999919904,30.498399999487447,500,500,333.0,1501.5015015015017,,False,18.552000001363922
604,exp1-completion-paced,66,264,0.2833999997164937,0.0631000002613291,49.588100000619306,49.52500000035798,0.0327999996443395,36.515600000711856,500,598,27.45379999942088,36.60089999993943,False,598,0.0260999995589372,0.0591999996686354,0.0284000007013673,8.414699999775621,0.2715000000534928,0.1216000000567874,27.45379999942088,0.2253000002383487,0.0,36.515600000711856,36.60089999993943,36.52749999946536,500,500,333.0,1501.5015015015017,,False,12.987200000679877
605,exp1-completion-paced,66,264,0.2728000008573872,0.0463999995190533,30.286499999419902,30.24009999990085,0.0196000000869389,21.20170000034705,500,599,16.44380000016099,21.321300000636256,False,599,0.0210000007427879,0.0985999995464226,0.0179999997271806,4.379700000754383,0.1339000000371015,0.0301999998555402,16.44380000016099,0.1955999996425816,0.0,21.20170000034705,21.321300000636256,21.230999999716005,500,500,333.0,1501.5015015015017,,False,8.965199998783646
606,exp1-completion-paced,66,264,0.2808999997796491,0.051799999710056,31.24860000025365,31.19680000054359,0.0184000000444939,18.93029999973805,500,600,14.085000000704897,18.975200000568293,False,600,0.0198000007003429,0.0251000001298962,0.0192999996215803,4.545499999949243,0.141299999995681,0.0290999996650498,14.085000000704897,0.1097999993362464,0.0,18.93029999973805,18.975200000568293,18.937999999252497,500,500,333.0,1501.5015015015017,,False,12.273399999685356
607,exp1-completion-paced,66,264,0.2953999992314493,0.0547999998161685,37.99470000012661,37.939900000310445,0.0287000002572312,19.122300000162795,500,601,14.391900000191526,19.169000000147207,False,601,0.0197999997908482,0.0269000001935637,0.0194000003830296,4.446699999789416,0.1362000002700369,0.0299999992421362,14.391900000191526,0.0977999998212908,0.0,19.122300000162795,19.169000000147207,19.129899999825284,500,500,333.0,1501.5015015015017,,False,18.825699999979406
608,exp1-completion-paced,66,264,0.3183999997418141,1.1467999993328704,42.80069999913394,41.65389999980107,0.022000000171829,21.345099999962255,500,602,15.52590000028431,21.388000000115422,False,602,0.0195000002349843,0.0233999999181833,0.0179999997271806,5.450099999507074,0.1373000004605273,0.0289999998130952,15.52590000028431,0.1843999998527579,0.0,21.345099999962255,21.388000000115422,21.35199999975157,500,500,333.0,1501.5015015015017,,False,21.412699999018518
609,exp1-completion-paced,66,264,0.4626999998436076,0.0715000005584443,47.1956000001228,47.12409999956435,0.0466999999844119,36.73979999985022,500,603,27.78570000009495,36.81010000036622,False,603,0.0314000008074799,0.0388999997085193,0.0283999997918726,8.27449999997043,0.2690999999686028,0.1244000004589906,27.78570000009495,0.2572999992480618,0.0,36.73979999985022,36.81010000036622,36.75219999968249,500,500,333.0,1501.5015015015017,,False,10.385499999756583
610,exp1-completion-paced,66,264,0.4749999998239218,1.011000000289641,53.49490000025981,52.48389999997016,0.0301999998555402,33.18699999999808,500,604,24.52030000040395,33.25270000004821,False,604,0.0276000000667409,0.0380999999833875,0.0258000000030733,8.145400000103109,0.2398999995421036,0.1143999998021172,24.52030000040395,0.141000000439817,0.0,33.18699999999808,33.25270000004821,33.19470000042202,500,500,333.0,1501.5015015015017,,False,20.242200000211604
611,exp1-completion-paced,66,264,0.5079000002297107,1.0821999994732323,55.010199999742326,53.92800000026909,0.0203999998120707,37.12499999983265,500,605,28.049300000020597,37.27139999955398,False,605,0.0350999998772749,0.11129999984405,0.0272999996013822,8.460300000479037,0.2456000001984648,0.1161999998657847,28.049300000020597,0.2257999994981219,0.0,37.12499999983265,37.27139999955398,37.1354999997493,500,500,333.0,1501.5015015015017,,False,17.73880000018835
612,exp1-completion-paced,66,264,0.4881000004388625,2.039099999819882,48.27349999959552,46.23439999977563,0.0243000004047644,38.1121999998868,500,606,28.574299999490904,38.27369999999064,False,606,0.029700000595767,0.1317999995080754,0.0268000003416091,8.845699999255885,0.2723000006881193,0.1161000000138301,28.574299999490904,0.2767000005405862,0.0,38.1121999998868,38.27369999999064,38.12210000069172,500,500,333.0,1501.5015015015017,,False,9.999799999604882
613,exp1-completion-paced,66,264,0.2839999997377163,0.0586000005569076,41.802499999903375,41.74389999934647,0.0210999996852478,23.542099999758648,500,607,18.265100000462557,23.602499999469728,False,607,0.0203999998120707,0.0399999998990097,0.0199000005522975,4.832799999348936,0.137400000312482,0.0285999994957819,18.265100000462557,0.2580000000307336,0.0,23.542099999758648,23.602499999469728,23.549499999717227,500,500,333.0,1501.5015015015017,,False,18.200000000433647
614,exp1-completion-paced,66,264,0.2753999997366918,1.1827000007542663,27.53220000067813,26.349499999923864,0.0197999997908482,20.45020000059594,500,608,15.353800000411866,20.493200000601064,False,608,0.0187000005098525,0.0242999994952697,0.0168000005942303,4.779599999892525,0.1517999999123276,0.0272999996013822,15.353800000411866,0.1206999995702062,0.0,20.45020000059594,20.493200000601064,20.45689999977185,500,500,333.0,1501.5015015015017,,False,7.039000000077067
615,exp1-completion-paced,66,264,0.2837000001818524,0.0496999991810298,46.027999999751046,45.978300000570016,0.0506999995195656,28.2457000002978,500,609,20.953499999450287,28.29310000015539,False,609,0.0223999995796475,0.0250000002779415,0.0176000003193621,6.69229999948584,0.259100000221224,0.1134000003730761,20.953499999450287,0.2094999999826541,0.0,28.2457000002978,28.29310000015539,28.2534999996642,500,500,333.0,1501.5015015015017,,False,17.734899999595655
616,exp1-completion-paced,66,264,0.2769000002444954,5.828800000017509,28.18839999963529,22.359599999617785,0.0218999994103796,20.56650000031368,500,610,15.289099999790778,20.61289999983273,False,610,0.0191999997696257,0.0271999997494276,0.0188000003618071,4.951699999764969,0.1407999998264131,0.0292000004264991,15.289099999790778,0.1367000004393048,0.0,20.56650000031368,20.61289999983273,20.573800000420302,500,500,333.0,1501.5015015015017,,False,7.57549999980256
617,exp1-completion-paced,66,264,0.2660999998624902,1.245299999936833,40.45109999970009,39.20579999976326,0.0185999997484032,24.835000000166477,500,611,15.624200000274868,24.884899999960908,False,611,0.0210999996852478,0.0288000001091859,0.0261000004684319,8.714399999917077,0.2384999997957493,0.11369999992894,15.624200000274868,0.1177999993160483,0.0,24.835000000166477,24.884899999960908,24.845799999638984,500,500,333.0,1501.5015015015017,,False,15.566199999739183
618,exp1-completion-paced,66,264,0.2738000002864282,0.0514000003022374,33.75560000040423,33.70420000010199,0.0204999996640253,20.663600000261795,500,612,15.19179999922926,20.713599999908183,False,612,0.0236999994740472,0.0263000001723412,0.0190000000657164,5.150900000444381,0.1416999994034995,0.0296000007438124,15.19179999922926,0.1304000006712158,0.0,20.663600000261795,20.713599999908183,20.6716000002416,500,500,333.0,1501.5015015015017,,False,13.042000000496046
619,exp1-completion-paced,66,264,0.27460000001156,4.764100000102189,36.18749999986903,31.423399999766843,0.0303999995594494,22.55040000000008,500,613,17.021099999510625,22.60279999973136,False,613,0.0213000002986518,0.0310999994326266,0.0184999998964485,5.112100000587816,0.1376999998683459,0.0293000002784538,17.021099999510625,0.2313000004505738,0.0,22.55040000000008,22.60279999973136,22.558500000741333,500,500,333.0,1501.5015015015017,,False,13.584700000137673
620,exp1-completion-paced,66,264,0.2783999998428044,1.2359000002106768,40.04629999963072,38.81039999942004,0.0208999999813386,19.249900000431808,500,614,14.242700000067998,19.306899999719462,False,614,0.0219999992623343,0.0350000000253203,0.019300000531075,4.700100000263774,0.1337999992756522,0.0293000002784538,14.242700000067998,0.1245000003109453,0.0,19.249900000431808,19.306899999719462,19.256900000073077,500,500,333.0,1501.5015015015017,,False,20.739399999911257
621,exp1-completion-paced,66,264,0.4693000000770553,2.5302000003648573,33.48240000013902,30.95219999977417,0.0187000005098525,19.540400000551017,500,615,14.606699999603734,19.59760000045208,False,615,0.0249000004259869,0.0322999994750716,0.0196000000869389,4.631499999959488,0.1320000001214794,0.0310000004901667,14.606699999603734,0.1193999996758066,0.0,19.540400000551017,19.59760000045208,19.548999999642547,500,500,333.0,1501.5015015015017,,False,13.884799999686944
622,exp1-completion-paced,66,264,0.4558999999062507,1.0486999999557156,48.84519999995973,47.796500000004016,0.0208999999813386,35.50500000073953,500,616,26.391399999738496,35.58520000024146,False,616,0.0261999994108919,0.0540000000910367,0.0268000003416091,8.59260000015638,0.2483999996911734,0.1140000003942987,26.391399999738496,0.1315999998041661,0.0,35.50500000073953,35.58520000024146,35.515200000190816,500,500,333.0,1501.5015015015017,,False,13.259999999718275
623,exp1-completion-paced,66,264,0.4831000005651731,0.97749999986263,48.74849999941944,47.77099999955681,0.0271999997494276,37.78829999919253,500,617,28.28709999994317,37.94099999959144,False,617,0.0270000000455183,0.1257000003533903,0.027099999897473,8.87220000004163,0.2538999997341307,0.1214000003528781,28.28709999994317,0.2263999995193444,0.0,37.78829999919253,37.94099999959144,37.799599999743805,500,500,333.0,1501.5015015015017,,False,10.807499999827996
624,exp1-completion-paced,66,264,0.4711999999926775,1.0118999998667275,38.748199999645294,37.736299999778566,0.0203999998120707,23.93389999997453,500,618,17.23480000055133,24.05419999922742,False,618,0.0668999991830787,0.0534000000698142,0.0268000003416091,6.230699999832723,0.1369000001432141,0.0277999997706501,17.23480000055133,0.2765999997791368,0.0,23.93389999997453,24.05419999922742,23.944800000208488,500,500,333.0,1501.5015015015017,,False,14.694000000417873
625,exp1-completion-paced,66,264,0.2776999999696272,2.7810000001409207,35.7958000004146,33.01480000027368,0.0196000000869389,21.512400000574416,500,619,16.431899999588495,21.568800000750343,False,619,0.0187000005098525,0.0376999996660742,0.0176000003193621,4.7853999994913465,0.1312000003963476,0.0288000001091859,16.431899999588495,0.1173000000562751,0.0,21.512400000574416,21.568800000750343,21.519699999771547,500,500,333.0,1501.5015015015017,,False,14.226999999664258
626,exp1-completion-paced,66,264,0.2858999996533384,0.0525999994351877,34.732699999949546,34.68010000051436,0.0296999996862723,19.8660000005475,500,620,14.683100000183911,19.928499999878117,False,620,0.0277999997706501,0.0346999995599617,0.0195000002349843,4.864900000029593,0.1388000000588363,0.0296999996862723,14.683100000183911,0.1297999997404986,0.0,19.8660000005475,19.928499999878117,19.874099999469763,500,500,333.0,1501.5015015015017,,False,14.804200000071429
627,exp1-completion-paced,66,264,0.4885999996986356,1.0535999999774504,50.26460000044608,49.21100000046863,0.0331999999616527,35.64659999938158,500,621,28.281199999582896,35.71829999964393,False,621,0.0344999998560524,0.0372000004063011,0.0267999994321144,6.705300000248826,0.2653000001373584,0.1171000003523659,28.281199999582896,0.2506000000721542,0.0,35.64659999938158,35.71829999964393,35.65669999989041,500,500,333.0,1501.5015015015017,,False,14.546300000802148
628,exp1-completion-paced,66,264,0.465299999632407,0.0833000003694905,56.411300000036135,56.327999999666645,0.023200000214274,38.30550000020594,500,622,28.59369999987393,38.37229999953706,False,622,0.0266999995801597,0.0400999997509643,0.027300000510877,9.043099999871629,0.2666000000317581,0.1130999999077175,28.59369999987393,0.2615000003061141,0.0,38.30550000020594,38.37229999953706,38.31720000016503,500,500,333.0,1501.5015015015017,,False,18.039000000499072
629,exp1-completion-paced,66,264,0.2696000001378706,1.2735000000247965,52.244100000280014,50.97060000025522,0.0280000003840541,30.31939999982569,500,623,21.226700000624987,30.384400000002643,False,623,0.0272999996013822,0.0377000005755689,0.0276999999186955,8.58559999960562,0.196699999833072,0.0337999999828753,21.226700000624987,0.2485999993950827,0.0,30.31939999982569,30.384400000002643,30.330799999319424,500,500,333.0,1501.5015015015017,,False,21.85970000027737
630,exp1-completion-paced,66,264,0.2709999998842249,1.2287999998079613,37.29569999995874,36.06690000015078,0.0171000001500942,20.083700000213867,500,624,14.915400000063528,20.16029999958846,False,624,0.0271999997494276,0.0493999996251659,0.0175000004674075,4.865500000050815,0.1324999993812525,0.028299999939918,14.915400000063528,0.124300000607036,0.0,20.083700000213867,20.16029999958846,20.092599999770755,500,500,333.0,1501.5015015015017,,False,17.135400000370282
631,exp1-completion-paced,66,264,0.2722999997786246,2.783500000077765,30.700399999659567,27.9168999995818,0.0194000003830296,23.03140000003623,500,625,17.672600000878447,23.07810000002064,False,625,0.0189000002137618,0.0277999997706501,0.0173999997059581,5.034499999965192,0.1430000002073939,0.0407999996241414,17.672600000878447,0.122899999951187,0.0,23.03140000003623,23.07810000002064,23.03900000060821,500,500,333.0,1501.5015015015017,,False,7.622299999638926
632,exp1-completion-paced,66,264,0.2833999997164937,5.825899999763351,38.76739999941492,32.94149999965157,0.0178000000232714,20.07880000019213,500,626,14.604099999814936,20.13340000030439,False,626,0.0246999998125829,0.0299000002996763,0.019099999917671,5.157300000064424,0.1407999998264131,0.0300000001516309,14.604099999814936,0.1272999998036539,0.0,20.07880000019213,20.13340000030439,20.087199999579752,500,500,333.0,1501.5015015015017,,False,18.63399999911053
633,exp1-completion-paced,66,264,0.45849999969505,0.988800000413903,45.66860000068118,44.67980000026728,0.0212000004466972,31.54129999984434,500,627,21.491299999979677,31.60670000033861,False,627,0.0236000005315872,0.0417999999626772,0.0262999992628465,9.52040000083798,0.2614999993966194,0.1256000005014357,21.491299999979677,0.1160000001618755,0.0,31.54129999984434,31.60670000033861,31.55140000035317,500,500,333.0,1501.5015015015017,,False,14.061900000342572
634,exp1-completion-paced,66,264,0.2728999997998471,1.1811000003945082,34.730100000160746,33.54899999976624,0.0215000000025611,20.06100000016886,500,628,14.861800000289804,20.105300000068382,False,628,0.019099999917671,0.0251999999818508,0.0177000001713167,4.882399999587506,0.1339999998890562,0.0337000001309206,14.861800000289804,0.1311999994868529,0.0,20.06100000016886,20.105300000068382,20.067800000106217,500,500,333.0,1501.5015015015017,,False,14.624800000092364
635,exp1-completion-paced,66,264,0.3947000004700385,2.6799999996001134,45.986099999936414,43.3061000003363,0.0190000000657164,27.26299999994808,500,629,17.881499999930384,27.31939999921451,False,629,0.0277999997706501,0.0285999994957819,0.0178000000232714,8.899899999960326,0.2455000003465102,0.1104000002669636,17.881499999930384,0.1076999997167149,0.0,27.26299999994808,27.31939999921451,27.26970000003348,500,500,333.0,1501.5015015015017,,False,18.666700000721903
636,exp1-completion-paced,66,264,0.3097000007983297,4.91390000024694,28.642000000218104,23.728099999971164,0.0299000002996763,20.03710000008141,500,630,14.889800000673858,20.08779999960097,False,630,0.0213999992411118,0.0293000002784538,0.0190000000657164,4.824800000278628,0.1385999994454323,0.0307000000248081,14.889800000673858,0.1339999998890562,0.0,20.03710000008141,20.08779999960097,20.044400000188038,500,500,333.0,1501.5015015015017,,False,8.554200000617133
637,exp1-completion-paced,66,264,0.449599999228667,0.0936999995246878,45.35419999956503,45.26050000004034,0.0315000006594345,30.538199999682547,500,631,24.306900000738096,30.604499999753894,False,631,0.0224999994316021,0.0438000006397487,0.0180999995791353,5.604300000413787,0.2761999994618236,0.11369999992894,24.306900000738096,0.2185999992434517,0.0,30.538199999682547,30.604499999753894,30.54569999949308,500,500,333.0,1501.5015015015017,,False,14.749699999811138
638,exp1-completion-paced,66,264,0.3194999999323045,0.0485999999000341,27.303699999720266,27.25509999982023,0.0185999997484032,20.809199999348493,500,632,15.670200000386105,20.85299999998824,False,632,0.01810000048863,0.0257000001511187,0.0245999999606283,4.821099999389844,0.1324000004387926,0.0301999998555402,15.670200000386105,0.1304999996136757,0.0,20.809199999348493,20.85299999998824,20.815300000322168,500,500,333.0,1501.5015015015017,,False,6.450699999732027
639,exp1-completion-paced,66,264,0.5086999999548425,2.1028999999543885,51.77580000054149,49.67290000058711,0.0212000004466972,36.62890000032348,500,633,27.51049999915267,36.7022000000361,False,633,0.033399999665562,0.039900000047055,0.0271999997494276,8.442000000286498,0.2417999994577258,0.1149000008808798,27.51049999915267,0.2921000004789675,0.0,36.62890000032348,36.7022000000361,36.63940000024013,500,500,333.0,1501.5015015015017,,False,15.073600000505387
640,exp1-completion-paced,66,264,0.4936999994242796,1.5834000005270354,57.63600000045699,56.05259999992995,0.0267000004896544,38.35059999983059,500,634,28.34419999999227,38.408000000345055,False,634,0.0237000003835419,0.0337000001309206,0.025899999855028,9.28459999977349,0.27460000001156,0.1354000005449052,28.34419999999227,0.2855999991879798,0.0,38.35059999983059,38.408000000345055,38.36049999972602,500,500,333.0,1501.5015015015017,,False,19.228000000111933
641,exp1-completion-paced,66,264,0.282599999991362,1.2050000004819594,44.91560000042227,43.71059999994032,0.0200000004042522,37.63070000059088,500,635,27.87160000025324,37.71039999992354,False,635,0.0389999995604739,0.0406999997721868,0.0240000008489005,9.11679999990156,0.2703000000110478,0.1238999993802281,27.87160000025324,0.2237999997305451,0.0,37.63070000059088,37.71039999992354,37.64150000006339,500,500,333.0,1501.5015015015017,,False,7.205200000498735
642,exp1-completion-paced,66,264,0.2666999998837127,0.0551000002815271,49.9100000006365,49.854900000354974,0.0197999997908482,36.09819999928732,500,636,27.004300000044168,36.19230000003881,False,636,0.0301000000035855,0.0640000007479102,0.026899999284069,8.460200000627083,0.2625999995871098,0.1171000003523659,27.004300000044168,0.2268999996886123,0.0,36.09819999928732,36.19230000003881,36.10939999998664,500,500,333.0,1501.5015015015017,,False,13.717700000597688
643,exp1-completion-paced,66,264,0.4607000000760308,0.0850000005812035,52.97080000036658,52.88579999978538,0.028299999939918,33.466300000327465,500,637,25.42989999983547,33.535200000187615,False,637,0.0301999998555402,0.03870000000461,0.0260000006164773,7.442899999659858,0.2524000001358217,0.1143999998021172,25.42989999983547,0.2003999998123617,0.0,33.466300000327465,33.535200000187615,33.47630000007484,500,500,333.0,1501.5015015015017,,False,19.435600000178965
644,exp1-completion-paced,66,264,0.4619999999704305,4.14320000072621,56.385900000350375,52.242699999624165,0.0313000000460306,38.693399999829126,500,638,28.98139999979321,38.766100000430015,False,638,0.0382000007448368,0.0344999998560524,0.0279999994745594,9.078699999918172,0.2538000007916707,0.1118000000133179,28.98139999979321,0.2394000002823304,0.0,38.693399999829126,38.766100000430015,38.704400000824535,500,500,333.0,1501.5015015015017,,False,17.61979999992036
645,exp1-completion-paced,66,264,0.3090999998676125,0.0481999995827209,42.34410000026401,42.295900000681286,0.0217000006159651,30.58859999964625,500,639,19.98249999996915,30.636000000413333,False,639,0.0224000004891422,0.0250000002779415,0.017899999875226,10.098499999912748,0.2565999993748846,0.1154000001406529,19.98249999996915,0.1175000006696791,0.0,30.58859999964625,30.636000000413333,30.59590000066237,500,500,333.0,1501.5015015015017,,False,11.708099999850674
646,exp1-completion-paced,66,264,0.4593000003296765,0.0681000001350184,59.49779999991733,59.42969999978232,0.0322000005326117,38.431900000432506,500,640,28.94790000027569,38.50250000050437,False,640,0.032400000236521,0.0381999998353421,0.0304000004689442,8.837999999741442,0.2566000002843793,0.1177999993160483,28.94790000027569,0.2408999998806393,0.0,38.431900000432506,38.50250000050437,38.44250000020111,500,500,333.0,1501.5015015015017,,False,20.995299999412964
647,exp1-completion-paced,66,264,0.4687999999077874,0.0777000004745787,50.25019999993674,50.17249999946216,0.0340000005962792,38.16439999991417,500,641,28.651199999330856,38.24809999969148,False,641,0.0405000000682775,0.0431999997090315,0.0301000000035855,8.877700000084587,0.2640000002429588,0.1124000000345404,28.651199999330856,0.2285999999003252,0.0,38.16439999991417,38.24809999969148,38.17559999970399,500,500,333.0,1501.5015015015017,,False,12.002100000245257
648,exp1-completion-paced,66,264,0.4501000003074296,0.075200000537734,51.20970000007219,51.134499999534455,0.0302999997074948,38.45999999975902,500,642,28.903699999318636,38.56069999983447,False,642,0.0337000001309206,0.0669999999445281,0.0286000004052766,8.944199999859848,0.2628000002005137,0.1167999998870072,28.903699999318636,0.2037000003838329,0.0,38.45999999975902,38.56069999983447,38.47229999973933,500,500,333.0,1501.5015015015017,,False,12.64900000023772
649,exp1-completion-paced,66,264,0.4783999993378529,0.0794000006862916,52.68230000001495,52.602899999328656,0.0350000000253203,39.46350000023813,500,643,29.033699999672532,39.54120000071271,False,643,0.0337000001309206,0.044000000343658,0.0285999994957819,9.79670000015176,0.2720000002227607,0.1173000000562751,29.033699999672532,0.2149000001736567,0.0,39.46350000023813,39.54120000071271,39.47439999956259,500,500,333.0,1501.5015015015017,,False,13.141099999302234
650,exp1-completion-paced,66,264,0.4917999995086575,7.071400000313588,51.75609999969311,44.68469999937952,0.0189000002137618,39.92859999925713,500,644,29.17669999987993,39.99859999930777,False,644,0.0302999997074948,0.0397000003431458,0.0301000000035855,10.12049999917508,0.2774000004137633,0.1131999997596722,29.17669999987993,0.2103000006172806,0.0,39.92859999925713,39.99859999930777,39.94150000016816,500,500,333.0,1501.5015015015017,,False,11.757500000385342
651,exp1-completion-paced,66,264,0.4641999994419166,1.1008999999830849,56.47620000036113,55.37530000037805,0.0317000003633438,39.30909999962751,500,645,28.76560000004247,39.3910999991931,False,645,0.0348999992638709,0.0471000003017252,0.0288999999611405,9.900699999889184,0.2761000005193637,0.1259000000572996,28.76560000004247,0.2114999997502309,0.0,39.30909999962751,39.3910999991931,39.32110000005196,500,500,333.0,1501.5015015015017,,False,17.08510000116803
652,exp1-completion-paced,66,264,0.2770999999484047,5.899100000533508,39.07510000044567,33.175999999912165,0.0194000003830296,20.90779999980441,500,646,15.406499999699008,20.954599999640777,False,646,0.0208999999813386,0.025899999855028,0.0181999994310899,5.187000000660191,0.1423999992766766,0.028500000553322,15.406499999699008,0.1250000004802132,0.0,20.90779999980441,20.954599999640777,20.914500000799308,500,500,333.0,1501.5015015015017,,False,18.120500000804896
653,exp1-completion-paced,66,264,0.2512000000933767,0.050300000111747,30.119099999865284,30.068799999753537,0.0209999998332932,19.61440000013681,500,647,14.514600000438804,19.65810000001511,False,647,0.019099999917671,0.0245999999606283,0.0174000006154528,4.8114999999597785,0.1334999997197883,0.0276999999186955,14.514600000438804,0.1093999999284278,0.0,19.61440000013681,19.65810000001511,19.62050000020099,500,500,333.0,1501.5015015015017,,False,10.460999999850173
654,exp1-completion-paced,66,264,0.2752999998847372,1.2347000001682318,39.71290000026784,38.478200000099605,0.0175999994098674,19.93880000009085,500,648,15.18729999952484,20.19490000020596,False,648,0.0189000002137618,0.2371999999013496,0.0184999998964485,4.421399999955611,0.1300000003539025,0.0410000002375454,15.18729999952484,0.1404000004185945,0.0,19.93880000009085,20.19490000020596,19.946899999922607,500,500,333.0,1501.5015015015017,,False,19.51800000006188
655,exp1-completion-paced,66,264,0.4908999999315711,0.0792000000728876,45.44199999963894,45.36279999956605,0.0301999998555402,37.9891000002317,500,649,28.44959999947605,38.11080000014044,False,649,0.0263000001723412,0.0953999997364007,0.0252999998338054,8.89530000040395,0.2669999994395766,0.123100000564591,28.44959999947605,0.2285000000483705,0.0,37.9891000002317,38.11080000014044,37.99919999983104,500,500,333.0,1501.5015015015017,,False,7.331199999498494
656,exp1-completion-paced,66,264,0.4940999997415929,0.0757999996494618,51.335500000277534,51.25970000062807,0.0301000000035855,39.584199999808334,500,650,28.31479999986186,39.65729999981704,False,650,0.0298999993901816,0.0432000006185262,0.0284999996438273,10.6153999995513,0.283800000033807,0.1187000007121241,28.31479999986186,0.2225999996881,0.0,39.584199999808334,39.65729999981704,39.59589999976743,500,500,333.0,1501.5015015015017,,False,11.678200000460492
657,exp1-completion-paced,66,264,0.479299999824434,0.9964000000763916,51.076499999908265,50.08009999983187,0.0294000001304084,38.09170000022277,500,651,28.005099999973027,38.161500000569504,False,651,0.028500000553322,0.0412999997934093,0.0291999995170044,9.472600000663078,0.2657999993971316,0.1177000003735884,28.005099999973027,0.200800000129675,0.0,38.09170000022277,38.161500000569504,38.10280000016064,500,500,333.0,1501.5015015015017,,False,12.914999999338761
658,exp1-completion-paced,66,264,0.4635999994206941,1.0464999995747348,47.8715999997803,46.825100000205566,0.030999999580672,34.36469999996916,500,652,27.25020000070799,34.432899999956135,False,652,0.0261999994108919,0.0420000005760812,0.0265999997282051,6.574799999725656,0.2364000001762178,0.0473999998575891,27.25020000070799,0.2288999994561891,0.0,34.36469999996916,34.432899999956135,34.37469999971654,500,500,333.0,1501.5015015015017,,False,13.438699999824166
659,exp1-completion-paced,66,264,0.4727000005004811,2.5697999999465537,52.557799999704,49.98799999975745,0.0196000000869389,35.08719999990717,500,653,25.195199999870965,35.160800000085146,False,653,0.0255000004472094,0.0480999997307662,0.0266999995801597,9.342900000774534,0.2634999991641962,0.1307000002270797,25.195199999870965,0.1280000005863257,0.0,35.08719999990717,35.160800000085146,35.09810000014113,500,500,333.0,1501.5015015015017,,False,17.396999999618856
660,exp1-completion-paced,66,264,0.2998999998453655,3.706299999976181,52.03579999943031,48.32949999945413,0.0223999995796475,37.415900000269176,500,654,27.63430000049993,37.48769999947399,False,654,0.028099999326514,0.0436999998782994,0.0278000006801448,9.139899999354384,0.2711000006456743,0.1158999994004261,27.63430000049993,0.2262999996673897,0.0,37.415900000269176,37.48769999947399,37.427799999932176,500,500,333.0,1501.5015015015017,,False,14.548099999956321
661,exp1-completion-paced,66,264,0.4675000000133877,1.9823000002361368,47.26750000008906,45.28519999985292,0.0212000004466972,37.81559999970341,500,655,28.29930000007153,37.88640000038868,False,655,0.0299000002996763,0.0409000003855908,0.030999999580672,8.869100000083563,0.2666999998837127,0.1202000003104331,28.29930000007153,0.2289999993081437,0.0,37.81559999970341,37.88640000038868,37.82719999981055,500,500,333.0,1501.5015015015017,,False,9.381099999700375
662,exp1-completion-paced,66,264,0.4937000003337743,0.9714999996504048,50.17880000013975,49.20730000048934,0.029700000595767,37.3423000000912,500,656,27.824499999951517,37.41379999974015,False,656,0.0331999999616527,0.0382999996872968,0.0287000002572312,8.84700000005978,0.2893000000767642,0.128200000290235,27.824499999951517,0.2242000000478583,0.0,37.3423000000912,37.41379999974015,37.35120000055758,500,500,333.0,1501.5015015015017,,False,12.765000000399603
663,exp1-completion-paced,66,264,0.3026000003956142,0.0477000003229477,29.690200000004552,29.642499999681604,0.0202999999601161,19.64750000024651,500,657,14.725500000167813,19.691899999997982,False,657,0.02059999951598,0.0238000002354965,0.0172000000020489,4.63930000023538,0.1352999997834558,0.0276999999186955,14.725500000167813,0.1022999995257123,0.0,19.64750000024651,19.691899999997982,19.65440000003582,500,500,333.0,1501.5015015015017,,False,9.99830000000657
664,exp1-completion-paced,66,264,0.294200000098499,7.357099999353522,40.49459999987448,33.13750000052096,0.0200999993467121,18.96759999999631,500,658,14.214900000297348,19.0162999997483,False,658,0.0203999998120707,0.028299999939918,0.0196000000869389,4.472500000701984,0.1316999996561207,0.0276999999186955,14.214900000297348,0.1009999996313126,0.0,18.96759999999631,19.0162999997483,18.975699999828063,500,500,333.0,1501.5015015015017,,False,21.478300000126183
665,exp1-completion-paced,66,264,0.29270000050019,0.0585000007049529,54.83600000025035,54.7774999995454,0.0277999997706501,37.85559999960242,500,659,28.565599999637925,37.9307000002882,False,659,0.0320000008287024,0.0430999998570769,0.0277999997706501,8.679900000061025,0.2456000001984648,0.1179999999294523,28.565599999637925,0.2184000004490371,0.0,37.85559999960242,37.9307000002882,37.867300000471005,500,500,333.0,1501.5015015015017,,False,16.905299999962153
666,exp1-completion-paced,66,264,0.2861000002667424,0.0695000007908674,55.1262000008137,55.05670000002283,0.0325000000884756,35.60180000022228,500,660,26.53900000041176,35.67060000023048,False,660,0.0202000001081614,0.0485999999000341,0.0243000004047644,8.477599999423546,0.2524000001358217,0.1148000001194304,26.53900000041176,0.1932999994096462,0.0,35.60180000022228,35.67060000023048,35.61159999935626,500,500,333.0,1501.5015015015017,,False,19.455600000583217
667,exp1-completion-paced,66,264,0.4847000000154366,1.0262000005241134,64.14500000028056,63.11879999975645,0.0195000002349843,41.7090000000826,500,661,32.24060000047757,41.78570000021864,False,661,0.0281000002360087,0.0485999999000341,0.0318000002152984,8.83109999995213,0.300700000479992,0.1288999992539174,32.24060000047757,0.1755000002958695,0.0,41.7090000000826,41.78570000021864,41.721700000380224,500,500,333.0,1501.5015015015017,,False,22.35930000006192
668,exp1-completion-paced,66,264,0.2703999998630024,0.0709999994796817,41.5672999997696,41.49630000028992,0.0207000002774293,20.920699999805947,500,662,16.000800000256277,20.966600000065228,False,662,0.0202000001081614,0.0257000001511187,0.017899999875226,4.607599999872036,0.1369999999951687,0.0403000003643683,16.000800000256277,0.1167999998870072,0.0,20.920699999805947,20.966600000065228,20.927300000039395,500,500,333.0,1501.5015015015017,,False,20.600699999704375
669,exp1-completion-paced,66,264,0.4139000002396642,1.1868999999933294,55.11440000009316,53.92750000009983,0.0223999995796475,37.71469999992405,500,663,28.489299999819195,37.870699999984936,False,663,0.0325999999404302,0.1234000001204549,0.026899999284069,8.54440000057366,0.2580999998826883,0.1266999997824314,28.489299999819195,0.2688000004127389,0.0,37.71469999992405,37.870699999984936,37.72529999969265,500,500,333.0,1501.5015015015017,,False,17.243700000108227
670,exp1-completion-paced,66,264,0.4515000000537839,0.0763000007282244,48.16660000051343,48.0902999997852,0.0307999998767627,40.047299999969255,500,664,29.90659999977652,40.11090000039985,False,664,0.0219000003198743,0.0417000001107226,0.0255999993896693,9.509200000138662,0.2614000004541594,0.1168999997389619,29.90659999977652,0.2272000001539709,0.0,40.047299999969255,40.11090000039985,40.05719999986468,500,500,333.0,1501.5015015015017,,False,8.055700000113575
671,exp1-completion-paced,66,264,0.2748999995674239,3.280599999925471,40.3134999996837,37.03289999975823,0.0229000006584101,28.139699999883305,500,665,21.597400000246125,28.185999999550404,False,665,0.0223999995796475,0.0239000000874511,0.0182000003405846,6.113899999945716,0.1458999995520571,0.0287000002572312,21.597400000246125,0.2352999999857274,0.0,28.139699999883305,28.185999999550404,28.147099999841885,500,500,333.0,1501.5015015015017,,False,12.127500000133296
672,exp1-completion-paced,66,264,0.4736999999295221,1.0984000000462402,44.60870000002615,43.51029999997991,0.0349000001733657,29.508200000236684,500,666,18.352500000219152,29.70490000006976,False,666,0.0262000003203866,0.1704999995126854,0.0263000001723412,10.632999999870664,0.2635000000736909,0.1098000002457411,18.352500000219152,0.122899999951187,0.0,29.508200000236684,29.70490000006976,29.519100000470644,500,500,333.0,1501.5015015015017,,False,14.903799999956387
673,exp1-completion-paced,66,264,0.2727999999478925,2.7356000000509084,39.851200000157405,37.1156000001065,0.0265999997282051,26.518700000451645,500,667,18.374000000221717,26.5930000005028,False,667,0.0190000000657164,0.0552999999854364,0.017899999875226,7.847700000638724,0.1412000001437263,0.0262999992628465,18.374000000221717,0.11129999984405,0.0,26.518700000451645,26.5930000005028,26.525399999627552,500,500,333.0,1501.5015015015017,,False,13.258199999654604
674,exp1-completion-paced,66,264,0.475400000141235,1.0988999993060131,48.37090000000899,47.272000000702974,0.0285999994957819,40.0800999996136,500,668,29.076500000883243,40.14769999957935,False,668,0.0292999993689591,0.0383000005967915,0.026899999284069,10.42570000026899,0.2701000003071385,0.1183999993372708,29.076500000883243,0.1621999999770196,0.0,40.0800999996136,40.14769999957935,40.090800000143645,500,500,333.0,1501.5015015015017,,False,8.223200000429635
675,exp1-completion-paced,66,264,0.2746999998635147,1.253500000530039,54.23710000013671,52.98359999960667,0.01810000048863,37.63989999970363,500,669,26.45059999940713,37.962700000207406,False,669,0.0282000000879634,0.2946000004158122,0.0263000001723412,10.6696999991982,0.2628000002005137,0.1177000003735884,26.45059999940713,0.1126000006479444,0.0,37.63989999970363,37.962700000207406,37.651800000276126,500,500,333.0,1501.5015015015017,,False,16.2743999999293
676,exp1-completion-paced,66,264,0.4601000000548083,0.0703999994584592,37.01009999986127,36.93970000040281,0.0350000000253203,30.130199999803157,500,670,24.64730000065174,30.179400000633905,False,670,0.022000000171829,0.0272000006589223,0.019099999917671,5.054799999925308,0.142299999424722,0.028299999939918,24.64730000065174,0.2378999997745268,0.0,30.130199999803157,30.179400000633905,30.137800000375137,500,500,333.0,1501.5015015015017,,False,6.830699999227363
677,exp1-completion-paced,66,264,0.4609999996318947,1.0524000008445,45.74740000043676,44.694999999592255,0.0208999999813386,24.053699999967648,500,671,18.12040000004345,24.106900000333557,False,671,0.0235000006796326,0.0296999996862723,0.0190000000657164,5.656299999827752,0.1413999998476356,0.0294000001304084,18.12040000004345,0.0870000003487803,0.0,24.053699999967648,24.106900000333557,24.06220000011672,500,500,333.0,1501.5015015015017,,False,21.640500000103206
678,exp1-completion-paced,66,264,0.4642000003514113,0.0787000008131144,60.9256000007008,60.84689999988768,0.0221000000237836,39.89169999931619,500,672,30.456899999990128,39.96819999974832,False,672,0.0286000004052766,0.047900000026857,0.0344999998560524,8.965699999862409,0.2365000000281725,0.0457999994978308,30.456899999990128,0.1520000005257316,0.0,39.89169999931619,39.96819999974832,39.90190000058647,500,500,333.0,1501.5015015015017,,False,20.957400000952475
679,exp1-completion-paced,66,264,0.2648999998200452,2.7718999999706284,40.83009999976639,38.05819999979576,0.0207000002774293,22.850800000014715,500,673,16.301900000144087,22.89310000014666,False,673,0.0180999995791353,0.0242000005528097,0.0181999994310899,5.891800000426883,0.1835000002756714,0.3693999997267383,16.301900000144087,0.0857999993968405,0.0,22.850800000014715,22.89310000014666,22.85829999982525,500,500,333.0,1501.5015015015017,,False,17.93699999961973
680,exp1-completion-paced,66,264,0.4733000005217036,1.027799999974377,42.70499999984168,41.6771999998673,0.0286000004052766,25.881500000650703,500,674,19.93800000036572,25.93460000025516,False,674,0.0216999997064704,0.0313999998979852,0.0187000005098525,5.56109999979526,0.1436000002286164,0.0295999998343177,19.93800000036572,0.190199999451579,0.0,25.881500000650703,25.93460000025516,25.888799999847837,500,500,333.0,1501.5015015015017,,False,16.770399999586523
681,exp1-completion-paced,66,264,0.2663000004758942,0.0797000002421555,41.513099999974656,41.4333999997325,0.0196999999388935,25.325200000224868,500,675,19.64049999969575,25.37430000029417,False,675,0.0233999999181833,0.0257000001511187,0.0195000002349843,5.310499999723106,0.138399999741523,0.0280000003840541,19.64049999969575,0.1879000001281383,0.0,25.325200000224868,25.37430000029417,25.332400000479534,500,500,333.0,1501.5015015015017,,False,16.138799999680487
682,exp1-completion-paced,66,264,0.4648000003726338,0.0702999996065045,30.980699999417997,30.91039999981149,0.0202000001081614,20.9114999997837,500,676,14.927999999599706,20.961799999895447,False,676,0.022000000171829,0.028299999939918,0.0196000000869389,5.685399999492802,0.1368000002912595,0.0288000001091859,14.927999999599706,0.112700000499899,0.0,20.9114999997837,20.961799999895447,20.919900000080816,500,500,333.0,1501.5015015015017,,False,10.01889999952255
683,exp1-completion-paced,66,264,0.2737999993769335,0.0522999998793238,35.233399999924586,35.18110000004526,0.0219000003198743,22.71039999959612,500,677,17.16229999965435,22.76309999979276,False,677,0.024400000256719,0.028299999939918,0.0184999998964485,5.2467999994405545,0.1372000006085727,0.0300000001516309,17.16229999965435,0.1154000001406529,0.0,22.71039999959612,22.76309999979276,22.718199999872013,500,500,333.0,1501.5015015015017,,False,12.470300000131825
684,exp1-completion-paced,66,264,0.2775999992081779,2.736899999945308,45.3256999999212,42.58879999997589,0.0253999996857601,30.96170000026177,500,678,25.410700000065845,31.007500000669097,False,678,0.0211000005947425,0.0246999998125829,0.0186999996003578,5.146700000295823,0.1364999998259009,0.027300000510877,25.410700000065845,0.2214999994976096,0.0,30.96170000026177,31.007500000669097,30.969700000241573,500,500,333.0,1501.5015015015017,,False,14.318199999252101
685,exp1-completion-paced,66,264,0.4618000002665212,1.0018000002673944,45.72050000024319,44.7186999999758,0.0206000004254747,33.96789999987959,500,679,26.25369999987015,34.02769999956945,False,679,0.0199999994947575,0.0398000001951004,0.032199999623117,7.175200000347104,0.2684000000954256,0.1154999999926076,26.25369999987015,0.1227000002472777,0.0,33.96789999987959,34.02769999956945,33.975899999859394,500,500,333.0,1501.5015015015017,,False,11.692800000673742
686,exp1-completion-paced,66,264,0.4862000005232403,0.0706000000718631,41.57110000051034,41.50050000043848,0.0203999998120707,29.505999999855703,500,680,23.818600000595325,29.556099999354046,False,680,0.022000000171829,0.028099999326514,0.0214000001506065,5.273200000374345,0.1414999996995902,0.0284999996438273,23.818600000595325,0.2224999998361454,0.0,29.505999999855703,29.556099999354046,29.51370000027964,500,500,333.0,1501.5015015015017,,False,12.015000001156295
687,exp1-completion-paced,66,264,0.4542999995464925,2.567399999861664,50.39050000050338,47.82310000064172,0.034599999708007,38.36600000067847,500,681,28.27499999966676,38.43360000064422,False,681,0.0323000003845663,0.0352999995811842,0.0255000004472094,9.448599999814178,0.2611999998407555,0.1507000006313319,28.27499999966676,0.204699999812874,0.0,38.36600000067847,38.43360000064422,38.373999999748776,500,500,333.0,1501.5015015015017,,False,11.95689999985916
688,exp1-completion-paced,66,264,0.4883999999947264,0.0926000002436922,60.935400000744266,60.842800000500574,0.0307999998767627,38.57849999985774,500,682,28.56030000020837,38.838500000565546,False,682,0.0322000005326117,0.2278000001751934,0.0245999999606283,9.35620000018389,0.2701999992495985,0.1220000003741006,28.56030000020837,0.244899999415793,0.0,38.57849999985774,38.838500000565546,38.58609999952023,500,500,333.0,1501.5015015015017,,False,22.09690000017872
689,exp1-completion-paced,66,264,0.4505999995672027,0.0700999999025953,31.08539999993809,31.01530000003549,0.0731000000087078,21.39869999973598,500,683,14.63400000011461,21.457699999700708,False,683,0.0225999992835568,0.0364000006811693,0.0276000000667409,6.443799999942712,0.142299999424722,0.0298000004477216,14.63400000011461,0.1210000000355648,0.0,21.39869999973598,21.457699999700708,21.41000000028725,500,500,333.0,1501.5015015015017,,False,9.627700000237382
690,exp1-completion-paced,66,264,0.4816999999093241,0.0746999994589714,49.05999999937194,48.98529999991297,0.0193999994735349,33.806299999923795,500,684,24.69810000002326,34.07160000006115,False,684,0.0279999994745594,0.237300000662799,0.0271999997494276,8.593200000177603,0.2503999994587502,0.1153000002886983,24.69810000002326,0.1218999996126513,0.0,33.806299999923795,34.07160000006115,33.81859999990411,500,500,333.0,1501.5015015015017,,False,14.988399999310786
691,exp1-completion-paced,66,264,0.2832999998645391,0.0549999995200778,45.48799999975017,45.433000000230095,0.0201000002562068,35.28609999921173,500,685,25.263599999561848,35.58139999950072,False,685,0.029499999982363,0.2658000003066263,0.0252999998338054,9.15149999946152,0.3418000005694921,0.1119999997172271,25.263599999561848,0.3915000006600166,0.0,35.28609999921173,35.58139999950072,35.29700000035518,500,500,333.0,1501.5015015015017,,False,9.906600000249455
692,exp1-completion-paced,66,264,0.478099999781989,0.0763000007282244,48.309700000572775,48.23339999984455,0.0182000003405846,34.099200000127894,500,686,24.74480000000767,34.15510000013455,False,686,0.0249000004259869,0.030999999580672,0.0251000001298962,8.853399999679823,0.2431000002616201,0.1154999999926076,24.74480000000767,0.1171000003523659,0.0,34.099200000127894,34.15510000013455,34.109900000657944,500,500,333.0,1501.5015015015017,,False,14.154600000438222
693,exp1-completion-paced,66,264,0.4745999995066086,0.0690999995640595,47.2061999998914,47.13710000032734,0.0291000005745445,36.69820000050095,500,687,28.352600000289385,36.79389999979321,False,687,0.042599999687809,0.0530999996044556,0.0260000006164773,7.697099999859347,0.2678999999261577,0.1259999999092542,28.352600000289385,0.2282999994349666,0.0,36.69820000050095,36.79389999979321,36.70789999978297,500,500,333.0,1501.5015015015017,,False,10.412300000098192
694,exp1-completion-paced,66,264,0.4808000003322377,0.076400000580179,54.370400000152586,54.29399999957241,0.0335000004270114,36.25310000006721,500,688,27.533100000255217,36.36540000024979,False,688,0.0242999994952697,0.088000000687316,0.0276999999186955,8.121099999698345,0.2462000002196873,0.1121999994211364,27.533100000255217,0.2125000000887666,0.0,36.25310000006721,36.36540000024979,36.264399999708985,500,500,333.0,1501.5015015015017,,False,18.004999999902793
695,exp1-completion-paced,66,264,0.2781999992294004,3.746499999579101,37.681099999645085,33.934600000065984,0.0182000003405846,20.97219999996014,500,689,15.371800000139046,21.045299999968847,False,689,0.0456999996458762,0.0274000003628316,0.0172000000020489,5.280399999719521,0.1572000001033302,0.0271999997494276,15.371800000139046,0.1179999999294523,0.0,20.97219999996014,21.045299999968847,20.978999999897496,500,500,333.0,1501.5015015015017,,False,16.635799999676237
696,exp1-completion-paced,66,264,0.4687999999077874,0.1662000004216679,52.27220000051602,52.10600000009436,0.0331999999616527,37.54529999969236,500,690,27.88220000002184,37.60309999961464,False,690,0.0295999998343177,0.0282000000879634,0.019099999917671,8.987600000182283,0.305599999592232,0.1325000002907472,27.88220000002184,0.2177999995183199,0.0,37.54529999969236,37.60309999961464,37.55159999946045,500,500,333.0,1501.5015015015017,,False,14.66910000090138
697,exp1-completion-paced,66,264,0.2744000003076507,1.2006999995719525,34.67209999962506,33.47140000005311,0.0818999997136415,20.598600000084843,500,691,15.314700000089942,20.678699999734818,False,691,0.0222999997276929,0.0577999999222811,0.0303000006169895,4.9798999998529325,0.1329999995505204,0.027099999897473,15.314700000089942,0.1133000005211215,0.0,20.598600000084843,20.678699999734818,20.60630000050878,500,500,333.0,1501.5015015015017,,False,13.993399999890244
698,exp1-completion-paced,66,264,0.4721999994217185,0.0712000000930856,52.72359999980836,52.65239999971527,0.0276999999186955,38.23019999981625,500,692,28.696600000330363,38.301399999909336,False,692,0.0267999994321144,0.0444000006609712,0.0286999993477365,8.863300000484742,0.2574999998614657,0.1173999999082298,28.696600000330363,0.2663999994183541,0.0,38.23019999981625,38.301399999909336,38.241999999627296,500,500,333.0,1501.5015015015017,,False,14.422199999899021
699,exp1-completion-paced,66,264,0.2720999991652206,1.1985000001004664,31.20619999936025,30.007699999259785,0.0174999995579128,22.11970000007568,500,693,15.075500000421016,22.163999999975204,False,693,0.0213000002986518,0.02299999960087,0.0172000000020489,6.5523000002940535,0.2469000000928645,0.1127999994423589,15.075500000421016,0.1146999993579811,0.0,22.11970000007568,22.163999999975204,22.126799999568902,500,500,333.0,1501.5015015015017,,False,9.042199999385048
700,exp1-completion-paced,66,264,0.4410999999890919,0.0902000001588021,53.89199999990524,53.80179999974644,0.0258000000030733,37.32059999947524,500,694,28.08329999970738,37.44679999999789,False,694,0.0313000000460306,0.0949000004766276,0.0276999999186955,8.552100000088103,0.2574999998614657,0.1161000000138301,28.08329999970738,0.2836000003298977,0.0,37.32059999947524,37.44679999999789,37.33160000047064,500,500,333.0,1501.5015015015017,,False,16.445199999907345
701,exp1-completion-paced,66,264,0.276099999609869,2.8810000003431924,43.06929999984277,40.18829999949958,0.0215999998545157,22.77430000049208,500,695,16.53360000000248,22.81930000026477,False,695,0.0202999999601161,0.0246999998125829,0.0170000002981396,5.920999999943888,0.1419999998688581,0.0302999997074948,16.53360000000248,0.1302000000578118,0.0,22.77430000049208,22.81930000026477,22.78070000011212,500,500,333.0,1501.5015015015017,,False,20.249999999577998
702,exp1-completion-paced,66,264,0.2686000007088296,1.3290999995660968,36.76329999962036,35.43420000005426,0.0210000007427879,21.308000000317406,500,696,15.964000000167289,21.356100000048173,False,696,0.0217000006159651,0.0263999991148011,0.0194000003830296,5.018400000153633,0.1389999997627455,0.0318000002152984,15.964000000167289,0.1351999999315012,0.0,21.308000000317406,21.356100000048173,21.316299999853072,500,500,333.0,1501.5015015015017,,False,15.407199999572185
703,exp1-completion-paced,66,264,0.458700000308454,2.5229000002582325,50.887400000647176,48.364500000388944,0.0194000003830296,38.46900000007736,500,697,28.695500000139877,38.525200000549376,False,697,0.0217000006159651,0.0344999998560524,0.0278999996226048,9.095600000364357,0.2665000001798034,0.1210999998875195,28.695500000139877,0.2619999995658872,0.0,38.46900000007736,38.525200000549376,38.48149999976158,500,500,333.0,1501.5015015015017,,False,12.3622000000978
704,exp1-completion-paced,66,264,0.2828000006047659,0.0533000002178596,43.36740000053396,43.3141000003161,0.0196000000869389,25.9355999996842,500,698,18.704000000070664,25.978399999985413,False,698,0.0184999998964485,0.0243000004047644,0.0184999998964485,6.731800000125077,0.2440999996906612,0.1085000003513414,18.704000000070664,0.1284999998460989,0.0,25.9355999996842,25.978399999985413,25.94299999964278,500,500,333.0,1501.5015015015017,,False,17.38900000054855
705,exp1-completion-paced,66,264,0.2735999996730243,0.0536999996256781,29.715699999542267,29.66199999991659,0.0432000006185262,19.525099999555096,500,699,14.636200000495592,19.57140000013169,False,699,0.0208999999813386,0.0254000005952548,0.0170999992405995,4.582999999911408,0.1340000007985509,0.0275999991572462,14.636200000495592,0.12700000024779,0.0,19.525099999555096,19.57140000013169,19.531900000401947,500,500,333.0,1501.5015015015017,,False,10.144299999410578
706,exp1-completion-paced,66,264,0.2705999995669117,0.7489999998142594,34.31709999949817,33.56809999968391,0.0195000002349843,20.466099999794096,500,700,15.218100000311097,20.56210000046121,False,700,0.0721000005796668,0.0239000000874511,0.0179999997271806,4.942200000186858,0.1334999997197883,0.0288999999611405,15.218100000311097,0.1251999992746277,0.0,20.466099999794096,20.56210000046121,20.47319999928732,500,500,333.0,1501.5015015015017,,False,13.754999999036958
707,exp1-completion-paced,66,264,0.2686999996512895,2.287600000272505,28.66379999977653,26.376199999504024,0.0183000001925393,20.776599999408063,500,701,15.514599999733036,20.81969999926514,False,701,0.0194999993254896,0.0236000005315872,0.0172000000020489,4.959299999427458,0.1363999999739462,0.0279000005320995,15.514599999733036,0.1210000000355648,0.0,20.776599999408063,20.81969999926514,20.783900000424183,500,500,333.0,1501.5015015015017,,False,7.844100000511389
708,exp1-completion-paced,66,264,0.2697999998417799,0.0459999992017401,36.71699999995326,36.67100000075152,0.0226000001930515,21.299899999576155,500,702,15.744899999845074,21.345299999666167,False,702,0.019099999917671,0.0263000001723412,0.0177000001713167,5.260699999780627,0.1357999999527237,0.0301000000035855,15.744899999845074,0.1105000001189182,0.0,21.299899999576155,21.345299999666167,21.30699999997887,500,500,333.0,1501.5015015015017,,False,15.371700000287092
709,exp1-completion-paced,66,264,0.2794000001813401,1.2597999993886333,31.30460000011226,30.044800000723622,0.0217000006159651,20.220899999912945,500,703,15.047699999740871,20.27120000002469,False,703,0.0202999999601161,0.0300000001516309,0.0192999996215803,4.869400000643509,0.1342999994449201,0.0292000004264991,15.047699999740871,0.1208000003316556,0.0,20.220899999912945,20.27120000002469,20.22960000067542,500,500,333.0,1501.5015015015017,,False,11.033400000087568
710,exp1-completion-paced,66,264,0.4582000001391861,0.0694000000294181,43.29860000052577,43.22920000049635,0.0181999994310899,28.77859999989596,500,704,19.00469999964116,28.83380000002944,False,704,0.0196000000869389,0.0356000000465428,0.0231000003623194,9.259299999939683,0.2610999999888008,0.1136000000769854,19.00469999964116,0.116600000183098,0.0,28.77859999989596,28.83380000002944,28.785700000298675,500,500,333.0,1501.5015015015017,,False,14.464800000496325
711,exp1-completion-paced,66,264,0.2829000004567206,1.1871999995491933,45.90920000009646,44.72200000054727,0.0325000000884756,25.85369999997056,500,705,20.696599999610044,25.91130000018893,False,705,0.0288000001091859,0.0288000001091859,0.0184000000444939,4.8415000001114095,0.1408999996783677,0.0302000007650349,20.696599999610044,0.1259000000572996,0.0,25.85369999997056,25.91130000018893,25.86150000024645,500,500,333.0,1501.5015015015017,,False,19.99789999990753
712,exp1-completion-paced,66,264,0.2666999998837127,0.050300000111747,40.522499999497086,40.47219999938534,0.02299999960087,32.211899999310845,500,706,25.962499999877764,32.25859999929526,False,706,0.0198999996428028,0.0268000003416091,0.0182999992830446,5.828800000017509,0.143700000080571,0.0286000004052766,25.962499999877764,0.2297000000908156,0.0,32.211899999310845,32.25859999929526,32.21940000003087,500,500,333.0,1501.5015015015017,,False,8.26390000020183
713,exp1-completion-paced,66,264,0.2854999993360252,2.1815000000060536,32.26290000020526,30.08140000019921,0.02299999960087,21.9768999995722,500,707,15.820699999494536,22.029400000064925,False,707,0.0207000002774293,0.0318000002152984,0.0315999996018945,5.834700000377779,0.1397999994878773,0.0290000007225899,15.820699999494536,0.1209000001836102,0.0,21.9768999995722,22.029400000064925,21.98459999999613,500,500,333.0,1501.5015015015017,,False,10.233500000140339
714,exp1-completion-paced,66,264,0.4728000003524357,0.0746000005165115,51.80530000052386,51.73070000000735,0.0208999999813386,37.74080000039248,500,708,27.8771000002962,37.80310000001919,False,708,0.024199999643315,0.0380999999833875,0.0260000006164773,9.197800000038114,0.2538999997341307,0.1230999996550963,27.8771000002962,0.2625999995871098,0.0,37.74080000039248,37.80310000001919,37.750899999991816,500,500,333.0,1501.5015015015017,,False,14.002200000504665
715,exp1-completion-paced,66,264,0.2791000006254762,0.0490000002173474,47.99499999990076,47.94599999968341,0.0308999997287173,32.2080999994796,500,709,26.41059999950812,32.26079999967624,False,709,0.0187999994523124,0.0339000007443246,0.0172999998540035,5.332799999450799,0.1445000007151975,0.0289999998130952,26.41059999950812,0.273600000582519,0.0,32.2080999994796,32.26079999967624,32.2148000004745,500,500,333.0,1501.5015015015017,,False,15.734200000224526
716,exp1-completion-paced,66,264,0.4888999992544995,1.0126999995918595,59.64909999966039,58.63640000006853,0.0275000002147862,38.66830000060872,500,710,28.40779999951337,38.72090000004391,False,710,0.0202999999601161,0.0322999994750716,0.0199000005522975,9.603599999536527,0.2678999999261577,0.1175000006696791,28.40779999951337,0.2512000000933767,0.0,38.66830000060872,38.72090000004391,38.676399999530986,500,500,333.0,1501.5015015015017,,False,20.92819999961648
717,exp1-completion-paced,66,264,0.2739000001383829,2.7684000006047427,46.8602999999348,44.09189999933005,0.0200999993467121,26.050499999655585,500,711,19.623700000011013,26.09429999938584,False,711,0.0211999995372025,0.0226000001930515,0.0180999995791353,5.912800000260177,0.2593999997770879,0.1148999999713851,19.623700000011013,0.1215000002048327,0.0,26.050499999655585,26.09429999938584,26.057099999889036,500,500,333.0,1501.5015015015017,,False,20.766000000548964
718,exp1-completion-paced,66,264,0.2862999999706517,0.0528000000485917,51.38030000034632,51.32750000029773,0.028500000553322,24.828099999467668,500,712,17.36849999997503,24.88799999991897,False,712,0.0366000003850786,0.0233000000662286,0.0165999999808263,7.141199999750825,0.1438999997844803,0.0302000007650349,17.36849999997503,0.1274999995075632,0.0,24.828099999467668,24.88799999991897,24.83440000014525,500,500,333.0,1501.5015015015017,,False,26.492300000427345
719,exp1-completion-paced,66,264,0.3827000000455882,3.2127000004038564,34.56279999954859,31.35009999914473,0.0202000001081614,20.444299999326176,500,713,15.156200000092213,20.488299999669835,False,713,0.0189000002137618,0.0251000001298962,0.0172000000020489,4.983799999536132,0.1346999997622333,0.0290000007225899,15.156200000092213,0.1231999995070509,0.0,20.444299999326176,20.488299999669835,20.45139999972889,500,500,333.0,1501.5015015015017,,False,14.074499999878753
720,exp1-completion-paced,66,264,0.2786999993986683,1.2272999993001577,27.6027999998405,26.37550000054034,0.0204999996640253,20.50619999954506,500,714,15.158100000007837,20.551799999338986,False,714,0.0195000002349843,0.0260999995589372,0.0173999997059581,5.049700000199664,0.1387000002068816,0.0288000001091859,15.158100000007837,0.1132999996116268,0.0,20.50619999954506,20.551799999338986,20.512899999630463,500,500,333.0,1501.5015015015017,,False,7.051000000501514
721,exp1-completion-paced,66,264,0.2950999996755854,2.791599999909522,43.90950000015437,41.117900000244845,0.0184000000444939,23.378500000035277,500,715,16.471699999783596,23.41959999921528,False,715,0.0189999991562217,0.0221000000237836,0.0180000006366753,6.403399999726389,0.2497000004950678,0.1096999994842917,16.471699999783596,0.1259000000572996,0.0,23.378500000035277,23.41959999921528,23.384799999803363,500,500,333.0,1501.5015015015017,,False,20.489900000939087
722,exp1-completion-paced,66,264,0.4639000007955474,0.9352999995826394,57.3869999998351,56.45170000025246,0.0209999998332932,37.69759999977396,500,716,28.150000000096043,37.77239999999438,False,716,0.0306000001728534,0.0442000000475673,0.0291999995170044,8.88420000046608,0.249900000198977,0.1156999996965169,28.150000000096043,0.268300000243471,0.0,37.69759999977396,37.77239999999438,37.70850000000792,500,500,333.0,1501.5015015015017,,False,19.61459999984072
723,exp1-completion-paced,66,264,0.4624000002877437,0.0689999997121049,46.26819999975851,46.1992000000464,0.0233999999181833,37.262200000441226,500,717,27.416900000389436,37.33210000063991,False,717,0.0303000006169895,0.0395999995816964,0.0288999999611405,9.19990000056714,0.2478999995219055,0.1167000000350526,27.416900000389436,0.2514999996492406,0.0,37.262200000441226,37.33210000063991,37.274600000273495,500,500,333.0,1501.5015015015017,,False,8.936099999118596
724,exp1-completion-paced,66,264,0.4906000003757071,1.4559999999619322,61.51199999931123,60.0559999993493,0.0304000004689442,38.76060000038706,500,718,28.32189999935508,38.8332000002265,False,718,0.0246999998125829,0.047900000026857,0.0227000000450061,9.753399999681278,0.2682000003915163,0.1203000001623877,28.32189999935508,0.273600000582519,0.0,38.76060000038706,38.8332000002265,38.76940000009199,500,500,333.0,1501.5015015015017,,False,22.67879999908473
725,exp1-completion-paced,66,264,0.4966999995303922,0.0795999994807061,46.65779999959341,46.5782000001127,0.0310000004901667,37.2970999997051,500,719,27.45510000022477,37.4294999992344,False,719,0.0389999995604739,0.0933999999688239,0.0251000001298962,9.17349999963335,0.2598000000944012,0.1202000003104331,27.45510000022477,0.2630999997563776,0.0,37.2970999997051,37.4294999992344,37.304600000425125,500,500,333.0,1501.5015015015017,,False,9.228300000359006
726,exp1-completion-paced,66,264,0.4671000006055692,0.0746999994589714,48.24669999925391,48.17199999979493,0.0210999996852478,37.438899999870046,500,720,27.68509999987145,37.52290000011271,False,720,0.03870000000461,0.0453000002380576,0.0303999995594494,9.084400000574531,0.2666000000317581,0.1154999999926076,27.68509999987145,0.2565999993748846,0.0,37.438899999870046,37.52290000011271,37.45249999974476,500,500,333.0,1501.5015015015017,,False,10.7237999991412
727,exp1-completion-paced,66,264,0.4643000002033659,1.0282999992341502,39.691499999207736,38.66319999997359,0.0186999996003578,24.82270000018616,500,721,19.5053999996162,24.877400000150374,False,721,0.0215000000025611,0.0331999999616527,0.019300000531075,4.999300000235962,0.1450999998269253,0.0313000000460306,19.5053999996162,0.1221000002260552,0.0,24.82270000018616,24.877400000150374,24.83010000014474,500,500,333.0,1501.5015015015017,,False,14.814099999057362
728,exp1-completion-paced,66,264,0.4693999999290099,1.5589999993608217,53.27889999989566,51.71990000053484,0.0306000001728534,37.70720000011352,500,722,27.82310000020516,37.786199999573,False,722,0.032199999623117,0.0467999998363666,0.0289999998130952,9.171100000457956,0.2483999996911734,0.1185999999506748,27.82310000020516,0.3168000002915505,0.0,37.70720000011352,37.786199999573,37.71990000041114,500,500,333.0,1501.5015015015017,,False,15.492700000322657
729,exp1-completion-paced,66,264,0.2829999993991805,1.0918999996647472,42.29699999996228,41.205100000297534,0.0183000001925393,19.887000000380795,500,723,14.851200000521205,19.936800000323277,False,723,0.022000000171829,0.0277999997706501,0.0165999999808263,4.740800000035961,0.1326000001427019,0.0277999997706501,14.851200000521205,0.117800000225543,0.0,19.887000000380795,19.936800000323277,19.89380000031815,500,500,333.0,1501.5015015015017,,False,22.360199999639004
730,exp1-completion-paced,66,264,0.4731999997602543,0.0728000004528439,48.614700000143785,48.54189999969094,0.0271999997494276,34.993799999938346,500,724,25.97090000017488,35.10709999954997,False,724,0.0439999994341633,0.0693000001774635,0.0237000003835419,8.521199999449891,0.2488999998604413,0.111500000457454,25.97090000017488,0.1173000000562751,0.0,34.993799999938346,35.10709999954997,35.001500000362284,500,500,333.0,1501.5015015015017,,False,13.507600000593811
731,exp1-completion-paced,66,264,0.2735000007305643,1.1858000007123335,49.96260000007169,48.77679999935936,0.0294000001304084,37.44590000042081,500,725,28.18219999971916,37.5119000000268,False,725,0.0303999995594494,0.0356000000465428,0.0276000000667409,8.582899999964866,0.2580000000307336,0.1203000001623877,28.18219999971916,0.2746999998635147,0.0,37.44590000042081,37.5119000000268,37.45769999932236,500,500,333.0,1501.5015015015017,,False,12.45070000004489
732,exp1-completion-paced,66,264,0.2739000001383829,1.2385999998514308,39.95409999970434,38.71549999985291,0.02059999951598,20.50270000017917,500,726,15.557900000203515,20.54610000050161,False,726,0.0202999999601161,0.0231000003623194,0.0181999994310899,4.6508000004905625,0.1341999995929654,0.0288000001091859,15.557900000203515,0.1125999997384497,0.0,20.50270000017917,20.54610000050161,20.510100000137754,500,500,333.0,1501.5015015015017,,False,19.40799999920273
733,exp1-completion-paced,66,264,0.4646999996111844,6.065400000807131,57.29560000054335,51.230199999736215,0.0779000001784879,37.06759999931819,500,727,28.81489999981568,37.13499999958003,False,727,0.0338999998348299,0.0335000004270114,0.0196999999388935,7.592799999656563,0.2636999997776001,0.1165000003311433,28.81489999981568,0.2597000002424465,0.0,37.06759999931819,37.13499999958003,37.07610000037676,500,500,333.0,1501.5015015015017,,False,20.16060000096332
734,exp1-completion-paced,66,264,0.467900000330701,1.0609999999360298,45.91590000018186,44.85490000024584,0.0259000007645227,36.841199999798846,500,728,27.64110000043729,36.91239999989193,False,728,0.0300000001516309,0.0411999999414547,0.0292999993689591,8.579199999985576,0.2574999998614657,0.1232000004165456,27.64110000043729,0.2104999994116951,0.0,36.841199999798846,36.91239999989193,36.85279999990598,500,500,333.0,1501.5015015015017,,False,9.003500000289925
735,exp1-completion-paced,66,264,0.4902000000583939,3.630700000030629,40.65239999999904,37.021699999968405,0.0239000000874511,21.851999999853437,500,729,16.541299999516923,21.900900000218822,False,729,0.0204000007215654,0.0284999996438273,0.0186999996003578,4.828699999961827,0.1371000007566181,0.0313000000460306,16.541299999516923,0.2944999996543629,0.0,21.851999999853437,21.900900000218822,21.859499999663967,500,500,333.0,1501.5015015015017,,False,18.75149999978022
736,exp1-completion-paced,66,264,0.2764000000752276,0.0559999998586135,38.2872000000134,38.23120000015479,0.0199999994947575,21.282300000166288,500,730,15.9551000006104,21.332799999981944,False,730,0.0226000001930515,0.0278999996226048,0.0276999999186955,5.012600000554812,0.143499999467167,0.0301000000035855,15.9551000006104,0.1130999999077175,0.0,21.282300000166288,21.332799999981944,21.290399999998044,500,500,333.0,1501.5015015015017,,False,16.954400000031455
737,exp1-completion-paced,66,264,0.2947000002677669,1.2185999994471786,51.1516999995365,49.933100000089325,0.0337000001309206,36.572899999555375,500,731,28.68049999960931,36.62819999954081,False,731,0.0273999994533369,0.0279000005320995,0.0193999994735349,7.191900000179885,0.2677000002222485,0.1254999997399863,28.68049999960931,0.287600000774546,0.0,36.572899999555375,36.62819999954081,36.5817000001698,500,500,333.0,1501.5015015015017,,False,14.523499999995686
738,exp1-completion-paced,66,264,0.2733000001171604,1.2052000001858687,34.177500000623695,32.972300000437826,0.0183999991349992,19.974099999672035,500,732,14.846299999589974,20.019499999762047,False,732,0.0178000000232714,0.0276000000667409,0.0179999997271806,4.832600000554521,0.1336999994236976,0.0275000002147862,14.846299999589974,0.1159000003099208,0.0,19.974099999672035,20.019499999762047,19.98149999963061,500,500,333.0,1501.5015015015017,,False,14.158000000861648
739,exp1-completion-paced,66,264,0.2739999999903375,3.356700000040292,36.99460000007093,33.63790000003064,0.0196000000869389,19.959499999458785,500,733,14.89529999980732,20.00469999984489,False,733,0.0211000005947425,0.0240999997913604,0.017899999875226,4.746300000078918,0.1390999996147002,0.0281000002360087,14.89529999980732,0.1326000001427019,0.0,19.959499999458785,20.00469999984489,19.967199999882723,500,500,333.0,1501.5015015015017,,False,16.989900000226044
740,exp1-completion-paced,66,264,0.275800000054005,2.7661000003718077,46.55670000011014,43.79059999973833,0.0240999997913604,31.164300000455118,500,734,26.046599999972383,31.227100000251085,False,734,0.0368000000889878,0.0259999997069826,0.0190000000657164,4.818000000341272,0.1397999994878773,0.0298000004477216,26.046599999972383,0.1108999995267367,0.0,31.164300000455118,31.227100000251085,31.171799999356157,500,500,333.0,1501.5015015015017,,False,15.329599999859056
741,exp1-completion-paced,66,264,0.47420000009879,0.0770999995438614,53.90999999963242,53.83290000008856,0.0319999999192077,38.19420000036189,500,735,28.4310999995796,38.246900000558526,False,735,0.027099999897473,0.025600000299164,0.0198999996428028,9.086700000807468,0.2607999995234422,0.117800000225543,28.4310999995796,0.2776000001176726,0.0,38.19420000036189,38.246900000558526,38.20209999958024,500,500,333.0,1501.5015015015017,,False,15.663099999073893
742,exp1-completion-paced,66,264,0.2624999997351551,0.7214000006570132,50.15630000070814,49.43490000005113,0.0260000006164773,38.1905000003826,500,736,28.55660000022908,38.28080000039336,False,736,0.0198000007003429,0.0704999993104138,0.0246999998125829,9.022800000821007,0.2535999992687721,0.1215000002048327,28.55660000022908,0.210999999580963,0.0,38.1905000003826,38.28080000039336,38.20019999966462,500,500,333.0,1501.5015015015017,,False,11.87550000031478
743,exp1-completion-paced,66,264,0.2781000002869405,2.7771000004577218,53.63910000050964,50.86200000005192,0.0307000000248081,38.04390000004787,500,737,28.308100000685958,38.10350000003382,False,737,0.0239000000874511,0.0356999998984974,0.0281000002360087,9.08290000006673,0.2595999994809972,0.122899999951187,28.308100000685958,0.2418999993096804,0.0,38.04390000004787,38.10350000003382,38.05579999971087,500,500,333.0,1501.5015015015017,,False,15.535600000475824
744,exp1-completion-paced,66,264,0.4478999999264488,0.0751999996282393,44.16810000020632,44.09290000057808,0.0322999994750716,27.22730000004958,500,738,21.40400000007503,27.282199999717704,False,738,0.0247999996645376,0.0301000000035855,0.0197999997908482,5.423200000223005,0.1397000005454174,0.0317999993058037,21.40400000007503,0.2082999999402091,0.0,27.22730000004958,27.282199999717704,27.234799999860115,500,500,333.0,1501.5015015015017,,False,16.88590000048862
745,exp1-completion-paced,66,264,0.2626999994390644,0.0479999998788116,49.52750000029482,49.47950000041601,0.0211999995372025,38.6729000001651,500,739,28.83490000021993,38.79950000009558,False,739,0.0223999995796475,0.1042000003508292,0.0367000002370332,9.156399999483256,0.25160000041069,0.1232999993590056,28.83490000021993,0.2696000001378706,0.0,38.6729000001651,38.79950000009558,38.700799999787705,500,500,333.0,1501.5015015015017,,False,10.728000000199245
746,exp1-completion-paced,66,264,0.279699999737204,2.694799999517272,35.669099999722675,32.9743000002054,0.0237000003835419,26.62270000018907,500,740,20.62859999932698,26.66810000027908,False,740,0.0197000008483883,0.025699999241624,0.0182000003405846,5.660200000420446,0.142299999424722,0.0304000004689442,20.62859999932698,0.1428000005034846,0.0,26.62270000018907,26.66810000027908,26.62899999995716,500,500,333.0,1501.5015015015017,,False,9.000999999443597
747,exp1-completion-paced,66,264,0.2738000002864282,1.2510999995356542,38.23379999994359,36.98270000040793,0.0217000006159651,26.781699999446573,500,741,21.495999999388005,26.82979999917734,False,741,0.0221999998757382,0.025899999855028,0.0181999994310899,4.860900000494439,0.1405000002705492,0.0313000000460306,21.495999999388005,0.234400000408641,0.0,26.781699999446573,26.82979999917734,26.789499999722462,500,500,333.0,1501.5015015015017,,False,11.404000000766253
748,exp1-completion-paced,66,264,0.5070999995950842,0.0740999994377489,49.77950000011333,49.70540000067558,0.0207000002774293,39.05719999966095,500,742,29.33589999975084,39.15469999992638,False,742,0.02059999951598,0.0769000007494469,0.0259999997069826,9.055299999999988,0.2654999998412677,0.1133000005211215,29.33589999975084,0.2607999995234422,0.0,39.05719999966095,39.15469999992638,39.06719999940833,500,500,333.0,1501.5015015015017,,False,10.624800000186951
749,exp1-completion-paced,66,264,0.2738999992288882,0.0533000002178596,52.91250000027503,52.85920000005717,0.0288000001091859,38.44279999975697,500,743,28.40509999987262,38.52079999978741,False,743,0.0405000000682775,0.037499999962165,0.0299000002996763,9.403399999428077,0.2626000004966045,0.1191999999718973,28.40509999987262,0.2223000001322361,0.0,38.44279999975697,38.52079999978741,38.45480000018142,500,500,333.0,1501.5015015015017,,False,14.391700000487624
750,exp1-completion-paced,66,264,0.5087999998067971,2.5495999998383923,34.53489999992598,31.98530000008759,0.0226000001930515,21.41329999994923,500,744,15.051299999868206,21.675799999684383,False,744,0.0308999997287173,0.2316000000064377,0.025600000299164,6.049999999959255,0.143700000080571,0.0302999997074948,15.051299999868206,0.1120999995691818,0.0,21.41329999994923,21.675799999684383,21.42449999973905,500,500,333.0,1501.5015015015017,,False,12.8591000002416
751,exp1-completion-paced,66,264,0.5006999999750406,1.0637000004862784,38.23100000045088,37.1672999999646,0.0214000001506065,20.73480000035488,500,745,15.20970000001398,20.799900000383783,False,745,0.0219000003198743,0.0431999997090315,0.0190000000657164,5.219300000135263,0.1363000001219916,0.0320999997711624,15.20970000001398,0.1181999996333615,0.0,20.73480000035488,20.799900000383783,20.74209999955201,500,500,333.0,1501.5015015015017,,False,17.431100000067094
752,exp1-completion-paced,66,264,0.2791999995679362,1.2030999996568426,45.36689999986265,44.16380000020581,0.0303999995594494,26.89840000039112,500,746,21.1712999998781,26.94400000018504,False,746,0.0204999996640253,0.0251000001298962,0.0191999997696257,5.334800000127871,0.1404000004185945,0.0299000002996763,21.1712999998781,0.2024999994318932,0.0,26.89840000039112,26.94400000018504,26.90569999958825,500,500,333.0,1501.5015015015017,,False,18.422899999677615
753,exp1-completion-paced,66,264,0.2905999999711639,1.2557999998534797,58.88909999976022,57.63329999990674,0.0302000007650349,31.908599999951548,500,747,26.017899999715155,31.98470000006637,False,747,0.0301999998555402,0.0459000002592802,0.0263000001723412,5.3945999998177285,0.146399999721325,0.0321000006806571,26.017899999715155,0.2909000004365225,0.0,31.908599999951548,31.98470000006637,31.91880000031233,500,500,333.0,1501.5015015015017,,False,26.90439999969385
754,exp1-completion-paced,66,264,0.2654999998412677,1.2579000003825058,55.00230000052397,53.74440000014147,0.0270000000455183,33.84639999967476,500,748,25.24150000044756,33.897199999955774,False,748,0.0181999994310899,0.0326000008499249,0.0159999999596038,7.9945999996198225,0.2604000001156237,0.1126999995904043,25.24150000044756,0.2206999997724779,0.0,33.84639999967476,33.897199999955774,33.84970000024623,500,500,333.0,1501.5015015015017,,False,21.105100000568193
755,exp1-completion-paced,66,264,0.4767999998875893,0.1291999997192761,47.185800000079325,47.05660000036005,0.0224000004891422,38.83330000007845,500,749,28.65879999990284,38.95319999992353,False,749,0.0299999992421362,0.0899000006029382,0.0272999996013822,9.512599999652592,0.2774000004137633,0.1165000003311433,28.65879999990284,0.2402000000074622,0.0,38.83330000007845,38.95319999992353,38.84370000014314,500,500,333.0,1501.5015015015017,,False,8.232600000155799
756,exp1-completion-paced,66,264,0.4566999996313825,1.0395999997854233,41.176099999574944,40.13649999978952,0.0201000002562068,34.76799999953073,500,750,25.016300000061165,34.85000000000582,False,750,0.0218000004679197,0.0602000000071711,0.0271999997494276,9.237000000211992,0.2580000000307336,0.1107999996747821,25.016300000061165,0.1185000000987201,0.0,34.76799999953073,34.85000000000582,34.77850000035687,500,500,333.0,1501.5015015015017,,False,6.326099999569124
757,exp1-completion-paced,66,264,0.2703999998630024,2.8076000007786206,61.06970000018919,58.262099999410566,0.024199999643315,37.45729999991454,500,751,29.063099999802944,37.51849999935075,False,751,0.0258000000030733,0.0353999994331388,0.0249000004259869,7.826899999599846,0.2350000004298635,0.0419999996665865,29.063099999802944,0.2651000004334491,0.0,37.45729999991454,37.51849999935075,37.46709999995801,500,500,333.0,1501.5015015015017,,False,23.551200000838435
758,exp1-completion-paced,66,264,0.4731999997602543,1.558800000566407,48.99240000031568,47.43359999974928,0.028299999939918,37.54209999988234,500,752,28.14319999924919,37.631400000464055,False,752,0.0249000004259869,0.0644000001557287,0.0265999997282051,8.768900000177382,0.2678000000742031,0.1105999999708728,28.14319999924919,0.2248000000690808,0.0,37.54209999988234,37.631400000464055,37.552799999502895,500,500,333.0,1501.5015015015017,,False,11.360999999851629
759,exp1-completion-paced,66,264,0.442999999904714,0.0675000001137959,59.62589999944612,59.55839999933232,0.0332999998136074,38.99699999965378,500,753,29.555799999798182,39.29659999994328,False,753,0.0301999998555402,0.2694000004339614,0.0285999994957819,8.773399999881804,0.2430000004096655,0.1208000003316556,29.555799999798182,0.2751000001808279,0.0,38.99699999965378,39.29659999994328,39.0110000007553,500,500,333.0,1501.5015015015017,,False,20.329299999502837
760,exp1-completion-paced,66,264,0.268300000243471,1.285499999539752,42.34019999967131,41.05470000013156,0.0208000001293839,20.82559999962541,500,754,15.309500000512344,20.866199999545643,False,754,0.0177000001713167,0.0228999997489154,0.0161999996635131,5.204000000048836,0.1382999998895684,0.029499999982363,15.309500000512344,0.1278999998248764,0.0,20.82559999962541,20.866199999545643,20.829199999752745,500,500,333.0,1501.5015015015017,,False,21.47400000012567
761,exp1-completion-paced,66,264,0.4557000002023414,0.0698999992891913,49.77919999964797,49.70930000035878,0.0196000000869389,37.93229999973846,500,755,28.343999999378862,37.98009999991336,False,755,0.0210999996852478,0.0267000004896544,0.017899999875226,8.927599999879021,0.2675999994607991,0.1169000006484566,28.343999999378862,0.257900000178779,0.0,37.93229999973846,37.98009999991336,37.93899999982386,500,500,333.0,1501.5015015015017,,False,11.799099999734615
762,exp1-completion-paced,66,264,0.2831000001606298,2.2515000000566943,33.74359999997978,31.492099999923084,0.0178000000232714,20.70060000005469,500,756,15.399600000819191,20.748599999933504,False,756,0.0193999994735349,0.0286000004052766,0.0389999995604739,4.972100000486535,0.1353999996354105,0.0283999997918726,15.399600000819191,0.1257999992958502,0.0,20.70060000005469,20.748599999933504,20.712599999569647,500,500,333.0,1501.5015015015017,,False,12.995000000046275
763,exp1-completion-paced,66,264,0.4380000000310247,0.0736000001779757,56.38750000071013,56.31390000053216,0.0214000001506065,38.81389999969542,500,757,28.970899999876565,38.89049999997951,False,757,0.0320999997711624,0.0445000005129259,0.0254999995377147,9.1405000002851,0.2678999999261577,0.1232000004165456,28.970899999876565,0.2856000000974745,0.0,38.81389999969542,38.89049999997951,38.82140000041545,500,500,333.0,1501.5015015015017,,False,17.497000000730623
764,exp1-completion-paced,66,264,0.4893000004813075,0.0807999995231512,56.46239999987301,56.38160000034986,0.0265999997282051,38.931500000217056,500,758,29.23350000037317,39.00750000047992,False,758,0.0331000001096981,0.0429000001531676,0.030999999580672,9.033899999849382,0.2636000008351402,0.112299999273091,29.23350000037317,0.2568999998402432,0.0,38.931500000217056,39.00750000047992,38.94359999958397,500,500,333.0,1501.5015015015017,,False,17.454899999393085
765,exp1-completion-paced,66,264,0.2964999994219397,1.2112000003980938,34.3367000004946,33.12550000009651,0.0195000002349843,20.36800000041694,500,759,15.345300000262796,20.426600000064354,False,759,0.0207999992198892,0.0378000004275236,0.0178000000232714,4.715099999884842,0.1318000004175701,0.0292999993689591,15.345300000262796,0.1284999998460989,0.0,20.36800000041694,20.426600000064354,20.375699999931385,500,500,333.0,1501.5015015015017,,False,13.910100000430248
766,exp1-completion-paced,66,264,0.2946000004158122,1.192300000184332,53.51530000007188,52.32299999988754,0.0197999997908482,38.71359999993729,500,760,29.25480000067182,38.89930000059394,False,760,0.0235000006796326,0.1621999999770196,0.0251000001298962,8.733799999390612,0.2659000001585809,0.1180999997814069,29.25480000067182,0.3154999994876561,0.0,38.71359999993729,38.89930000059394,38.7230999995154,500,500,333.0,1501.5015015015017,,False,14.615999999477943
767,exp1-completion-paced,66,264,0.2782999999908497,1.2556000001495704,28.1658999992942,26.910299999144627,0.0174999995579128,21.00310000059835,500,761,15.1650999996491,21.22349999990547,False,761,0.0187999994523124,0.2015999998548068,0.0380000001314329,5.508600000212027,0.1375000001644366,0.0300000001516309,15.1650999996491,0.1238000004377681,0.0,21.00310000059835,21.22349999990547,21.037800000158317,500,500,333.0,1501.5015015015017,,False,6.94239999938873
768,exp1-completion-paced,66,264,0.4690000005211914,0.0797000002421555,42.88090000045486,42.8012000002127,0.0314999997499398,31.61490000002232,500,762,21.49360000021261,31.74929999931919,False,762,0.0246999998125829,0.1096999994842917,0.0257000001511187,9.590300000127172,0.2547000003687572,0.1195999993797158,21.49360000021261,0.130899999930989,0.0,31.61490000002232,31.74929999931919,31.625699999494827,500,500,333.0,1501.5015015015017,,False,11.131600001135666
769,exp1-completion-paced,66,264,0.2715000000534928,1.2635000002774175,58.679700000539015,57.4162000002616,0.0283999997918726,38.94709999985935,500,763,29.234399999950256,39.00499999963358,False,763,0.027099999897473,0.0307999998767627,0.0200000004042522,9.044999999787253,0.2710999997361796,0.1165000003311433,29.234399999950256,0.2598000000944012,0.0,38.94709999985935,39.00499999963358,38.955199999691104,500,500,333.0,1501.5015015015017,,False,19.674700000905432
770,exp1-completion-paced,66,264,0.2728999997998471,1.241499999196094,32.685899999705725,31.44440000050963,0.0204999996640253,20.73230000041804,500,764,15.4075999998895,20.808799999940675,False,764,0.0532999993083649,0.023200000214274,0.0173999997059581,5.016000000068743,0.1331000003119697,0.0288000001091859,15.4075999998895,0.1291999997192761,0.0,20.73230000041804,20.808799999940675,20.73839999957272,500,500,333.0,1501.5015015015017,,False,11.87709999976505
771,exp1-completion-paced,66,264,0.4510999997364706,0.989799999842944,54.977599999801896,53.98779999995895,0.0197999997908482,35.52959999979066,500,765,25.811200000134704,35.58150000026217,False,765,0.0239999999394058,0.0279000005320995,0.0201000002562068,9.191899999677844,0.2597000002424465,0.1174999997601844,25.811200000134704,0.1290000000153668,0.0,35.52959999979066,35.58150000026217,35.53790000023582,500,500,333.0,1501.5015015015017,,False,19.39609999953973
772,exp1-completion-paced,66,264,0.4632999998648301,1.0271999999531545,51.77410000032978,50.74690000037663,0.0184000000444939,29.37610000026325,500,766,19.75999999922351,29.706500000429514,False,766,0.0236000005315872,0.3067999996346771,0.024400000256719,9.1032999998788,0.2449000003252877,0.1148999999713851,19.75999999922351,0.1283999999941443,0.0,29.37610000026325,29.706500000429514,29.38610000001063,500,500,333.0,1501.5015015015017,,False,22.067599999900267
773,exp1-completion-paced,66,264,0.4592999994201818,0.0737000000299303,44.35230000035517,44.27860000032524,0.0301000000035855,36.6970000004585,500,767,26.98300000065501,36.88440000041737,False,767,0.0292000004264991,0.1581999995323713,0.0274000003628316,9.175199999845065,0.2550999997765757,0.1198999998450744,26.98300000065501,0.1361999993605422,0.0,36.6970000004585,36.88440000041737,36.708599999656144,500,500,333.0,1501.5015015015017,,False,7.467899999937799
774,exp1-completion-paced,66,264,0.4799000007551512,0.0779000001784879,51.89059999975143,51.81269999957294,0.0200000004042522,30.99449999990611,500,768,20.96069999970496,31.10770000057528,False,768,0.0290000007225899,0.084199999946577,0.0239999999394058,9.38380000025063,0.2538999997341307,0.1192999998238519,20.96069999970496,0.2524999999877764,0.0,30.99449999990611,31.10770000057528,31.00159999939933,500,500,333.0,1501.5015015015017,,False,20.78289999917615
775,exp1-completion-paced,66,264,0.4601000000548083,2.586099999462021,46.705399999154906,44.119299999692885,0.0209999998332932,35.09149999990768,500,769,25.69709999988845,35.13569999995525,False,769,0.0195000002349843,0.0246999998125829,0.0189000002137618,8.872899999914807,0.2498000003470224,0.1128999992943136,25.69709999988845,0.1397000005454174,0.0,35.09149999990768,35.13569999995525,35.097800000585266,500,500,333.0,1501.5015015015017,,False,11.569699999199656
776,exp1-completion-paced,66,264,0.4526999991867342,0.0843999996504862,48.22189999958937,48.13749999993888,0.0310999994326266,35.96099999958824,500,770,29.11219999987225,36.00879999976314,False,770,0.0206000004254747,0.0271999997494276,0.0190000000657164,6.197599999723025,0.255200000538025,0.1115999993999139,29.11219999987225,0.2647999999680905,0.0,35.96099999958824,36.00879999976314,35.9677999995256,500,500,333.0,1501.5015015015017,,False,12.213099999826227
777,exp1-completion-paced,66,264,0.4620999998223851,0.427700000727782,53.57370000001538,53.1459999992876,0.0291999995170044,38.27300000011746,500,771,28.22649999961868,38.57650000009016,False,771,0.0307999998767627,0.2727000000959378,0.027099999897473,9.383900000102583,0.2569999996921979,0.1206000006277463,28.22649999961868,0.2574999998614657,0.0,38.27300000011746,38.57650000009016,38.28429999975924,500,500,333.0,1501.5015015015017,,False,14.997199999925222
778,exp1-completion-paced,66,264,0.2987999996548751,1.2672000002567074,41.31779999988794,40.05059999963123,0.0201000002562068,24.10760000020673,500,772,14.71040000069479,24.18130000023666,False,772,0.0214000001506065,0.0522999998793238,0.0282000000879634,9.067799999684212,0.1425999998900806,0.028299999939918,14.71040000069479,0.1300999992963625,0.0,24.10760000020673,24.18130000023666,24.11989999927755,500,500,333.0,1501.5015015015017,,False,17.136499999651278
779,exp1-completion-paced,66,264,0.4791000001205248,0.07499999992433,34.940800000185845,34.865800000261515,0.030999999580672,23.778499999934866,500,773,18.39380000001256,23.82589999979245,False,773,0.0224000004891422,0.0249999993684468,0.0184000000444939,4.937499999869033,0.1363000001219916,0.0291000005745445,18.39380000001256,0.2630999997563776,0.0,23.778499999934866,23.82589999979245,23.7859999997454,500,500,333.0,1501.5015015015017,,False,11.114900000393394
780,exp1-completion-paced,66,264,0.2893000000767642,0.0588000002608168,45.950900000207184,45.89209999994637,0.0206000004254747,38.54659999979049,500,774,28.987100000449573,38.61729999971431,False,774,0.0263000001723412,0.0443999997514765,0.028299999939918,8.899600000404462,0.2580999998826883,0.1169999995909165,28.987100000449573,0.2561999999670661,0.0,38.54659999979049,38.61729999971431,38.55870000006689,500,500,333.0,1501.5015015015017,,False,7.333600000492872
781,exp1-completion-paced,66,264,0.4300000000512227,4.189899999801128,46.50729999957548,42.31739999977435,0.0307000000248081,38.5204000003796,500,775,29.18119999958435,38.60110000005079,False,775,0.0288999999611405,0.051799999710056,0.029499999982363,8.635099999992235,0.2684000000954256,0.1218000006701913,29.18119999958435,0.2839999997377163,0.0,38.5204000003796,38.60110000005079,38.54609999962122,500,500,333.0,1501.5015015015017,,False,7.906199999524688
782,exp1-completion-paced,66,264,0.4700999998021871,0.080099999649974,58.17559999923105,58.09549999958108,0.0602999998591258,38.457499999822176,500,776,28.93889999995736,38.5297000002538,False,776,0.0307000000248081,0.0415000004068133,0.0276000000667409,8.825299999443814,0.2595000005385373,0.1203000001623877,28.93889999995736,0.2854999993360252,0.0,38.457499999822176,38.5297000002538,38.46900000007736,500,500,333.0,1501.5015015015017,,False,19.645899998977256
783,exp1-completion-paced,66,264,0.295400000140944,0.0512999995407881,47.14030000013736,47.08900000059657,0.0313999998979852,35.71340000053169,500,777,26.143299999603187,35.90669999994134,False,777,0.0225999992835568,0.1707000001260894,0.0352000006387243,8.884199999556586,0.2624999997351551,0.1152000004367437,26.143299999603187,0.2726000002439832,0.0,35.71340000053169,35.90669999994134,35.74939999998605,500,500,333.0,1501.5015015015017,,False,11.23360000019602
784,exp1-completion-paced,66,264,0.4602000008162576,2.5697999999465537,36.00989999995363,33.44010000000708,0.0233999999181833,20.593200000803336,500,778,15.498999999181253,20.65610000045126,False,778,0.0351999997292296,0.0276999999186955,0.0204000007215654,4.776299999321054,0.1387000002068816,0.028500000553322,15.498999999181253,0.1301000002058572,0.0,20.593200000803336,20.65610000045126,20.599899999979243,500,500,333.0,1501.5015015015017,,False,15.353799999502371
785,exp1-completion-paced,66,264,0.2770999999484047,1.2214999997013365,43.34899999957997,42.12749999987864,0.041300000702904,27.298299999529263,500,779,17.461899999943853,27.61610000015935,False,779,0.0211000005947425,0.2967000000353437,0.0249999993684468,9.294899999986228,0.2762000003713183,0.1110000002881861,17.461899999943853,0.1290999998673214,0.0,27.298299999529263,27.61610000015935,27.309199999763223,500,500,333.0,1501.5015015015017,,False,15.732899999420624
786,exp1-completion-paced,66,264,0.2836000003298977,1.1163999997734209,34.606999999596155,33.490599999822734,0.0407000006816815,19.94439999998576,500,780,14.7806999993918,19.9942999997802,False,780,0.0199999994947575,0.0299000002996763,0.0177000001713167,4.85339999977441,0.1360999995085876,0.029700000595767,14.7806999993918,0.1265000000785221,0.0,19.94439999998576,19.9942999997802,19.95089999945776,500,500,333.0,1501.5015015015017,,False,14.612699999815955
787,exp1-completion-paced,66,264,0.4866999997830135,1.0012999991886318,51.32549999962066,50.32420000043203,0.0214000001506065,40.26669999984733,500,781,29.515100000026,40.38839999975608,False,781,0.027099999897473,0.094600000011269,0.027099999897473,10.057700000288603,0.2808999997796491,0.1148999999713851,29.515100000026,0.2705999995669117,0.0,40.26669999984733,40.38839999975608,40.276799999446666,500,500,333.0,1501.5015015015017,,False,10.937099999864579
788,exp1-completion-paced,66,264,0.4505000006247428,0.529899999492045,44.922399999450136,44.39249999995809,0.0221999998757382,35.063000000263855,500,782,28.51989999999205,35.109100000227045,False,782,0.0202000001081614,0.025899999855028,0.0177000001713167,5.876400000488502,0.2478999995219055,0.1117000001613632,28.51989999999205,0.2889999996114056,0.0,35.063000000263855,35.109100000227045,35.06999999990512,500,500,333.0,1501.5015015015017,,False,9.81329999922309
789,exp1-completion-paced,66,264,0.2727999999478925,2.7505000007295166,40.81150000001799,38.06099999928847,0.0183000001925393,25.131299999884504,500,783,15.948700000080862,25.24970000013127,False,783,0.023200000214274,0.0952000000324915,0.027099999897473,8.806200000435638,0.1430000002073939,0.0281999991784687,15.948700000080862,0.1779000003807596,0.0,25.131299999884504,25.24970000013127,25.14140000039333,500,500,333.0,1501.5015015015017,,False,15.561799999886723
790,exp1-completion-paced,66,264,0.4695999996329192,1.0772999994514976,60.639599999376514,59.56229999992502,0.0301999998555402,38.30949999974109,500,784,29.13799999987532,38.37310000017169,False,784,0.0219000003198743,0.0417000001107226,0.0273999994533369,8.590000000367581,0.2389999999650172,0.046400000428548,29.13799999987532,0.2684000000954256,0.0,38.30949999974109,38.37310000017169,38.31890000037674,500,500,333.0,1501.5015015015017,,False,22.266499999204825
791,exp1-completion-paced,66,264,0.4823999997825012,2.506899999389134,48.79499999969994,46.288100000310806,0.027099999897473,36.84400000020105,500,785,26.7493999999715,37.00779999962833,False,785,0.0231999993047793,0.1406000001225038,0.0251999999818508,9.45159999992029,0.2545000006648479,0.1171999992948258,26.7493999999715,0.2459000006638234,0.0,36.84400000020105,37.00779999962833,36.85430000041379,500,500,333.0,1501.5015015015017,,False,11.787200000071607
792,exp1-completion-paced,66,264,0.2929000002040993,1.2328000002526096,54.46170000050188,53.22890000024927,0.02059999951598,39.044299999659415,500,786,28.8485999999466,39.10519999953976,False,786,0.0243000004047644,0.0365999994755839,0.0270000000455183,9.562199999891163,0.264199999946868,0.1093000000764732,28.8485999999466,0.2327000001969281,0.0,39.044299999659415,39.10519999953976,39.05510000004142,500,500,333.0,1501.5015015015017,,False,15.356500000962122
793,exp1-completion-paced,66,264,0.4907000002276618,2.5843000003078487,59.36459999975341,56.78029999944556,0.0214000001506065,36.67490000043472,500,787,27.541600000404287,36.7487000003166,False,787,0.0344000000040978,0.0393999998777871,0.0265000007857452,8.466499999485677,0.2638000005390495,0.1166999991255579,27.541600000404287,0.2594999996290426,0.0,36.67490000043472,36.7487000003166,36.68500000003405,500,500,333.0,1501.5015015015017,,False,22.615899999436806
794,exp1-completion-paced,66,264,0.2975999996124301,1.2279000002308749,47.86839999997028,46.64049999973941,0.029499999982363,38.803700000244135,500,788,28.40920000016922,38.87799999938579,False,788,0.0318999991577584,0.0423999999838997,0.0321000006806571,9.693099999822152,0.2804999994623358,0.1393000002281041,28.40920000016922,0.2491000004738452,0.0,38.803700000244135,38.87799999938579,38.81600000022445,500,500,333.0,1501.5015015015017,,False,8.990400000584486
795,exp1-completion-paced,66,264,0.4533000001174514,1.0697999996409635,34.41629999997531,33.346500000334345,0.0187000005098525,22.33200000046054,500,789,15.61169999968115,22.379400000318128,False,789,0.0221000000237836,0.0252999998338054,0.0175000004674075,6.406999999853724,0.1419999998688581,0.0289999998130952,15.61169999968115,0.1245000003109453,0.0,22.33200000046054,22.379400000318128,22.339000000101805,500,500,333.0,1501.5015015015017,,False,12.03689999965718
796,exp1-completion-paced,66,264,0.2941999991890043,1.2410999997882757,52.80300000049465,51.56190000070637,0.0208999999813386,38.05029999966792,500,790,28.28150000004825,38.12110000035318,False,790,0.0239999999394058,0.0468000007458613,0.0281999991784687,9.122600000409877,0.2666000000317581,0.1210999998875195,28.28150000004825,0.2299999996466795,0.0,38.05029999966792,38.12110000035318,38.06129999975383,500,500,333.0,1501.5015015015017,,False,14.681900000141468
797,exp1-completion-paced,66,264,0.4838000004383502,0.0768999998399522,36.40980000000127,36.33290000016132,0.0188000003618071,29.41090000058466,500,791,20.163099999990663,29.51889999985724,False,791,0.0245999999606283,0.0833999993119505,0.0255000004472094,8.7149999999383,0.2523000002838671,0.1241999998455867,20.163099999990663,0.1304999996136757,0.0,29.41090000058466,29.51889999985724,29.420899999422545,500,500,333.0,1501.5015015015017,,False,6.890900000144029
798,exp1-completion-paced,66,264,0.4971999996996601,2.566399999523128,55.8932999992976,53.32689999977447,0.0344000000040978,37.92119999980059,500,792,27.70520000012766,37.994500000422704,False,792,0.0253000007433001,0.0479999998788116,0.0511999996888334,9.506899999905729,0.2703000000110478,0.1203000001623877,27.70520000012766,0.2669999994395766,0.0,37.92119999980059,37.994500000422704,37.933999999950174,500,500,333.0,1501.5015015015017,,False,17.898799998874892
799,exp1-completion-paced,66,264,0.5001999998057727,2.0217999999658787,46.601600000030885,44.579800000065006,0.0215000000025611,39.11100000004808,500,793,29.20749999975669,39.21950000039942,False,793,0.0333000007231021,0.0751999996282393,0.0265999997282051,9.20860000042012,0.2685999997993349,0.1257000003533903,29.20749999975669,0.2736999995249789,0.0,39.11100000004808,39.21950000039942,39.1219999992245,500,500,333.0,1501.5015015015017,,False,7.382099999631464
800,exp1-completion-paced,66,264,0.4757999995490536,2.5120000000242726,52.6702999995905,50.15829999956623,0.0317999993058037,38.24669999994512,500,794,28.6815999997998,38.30120000020543,False,794,0.0215999998545157,0.0329000004057888,0.0272999996013822,8.86239999999816,0.2677000002222485,0.1191000001199427,28.6815999997998,0.2882999997382285,0.0,38.24669999994512,38.30120000020543,38.255699999353965,500,500,333.0,1501.5015015015017,,False,14.369099999385071
801,exp1-completion-paced,66,264,0.282599999991362,1.1770000000979053,49.817000000075495,48.63999999997759,0.0214000001506065,38.589499999943655,500,795,28.47389999988081,38.63929999988613,False,795,0.0221000000237836,0.0276999999186955,0.0195000002349843,9.436199999981907,0.2539999995860853,0.1185000000987201,28.47389999988081,0.2871000006052782,0.0,38.589499999943655,38.63929999988613,38.598000000092725,500,500,333.0,1501.5015015015017,,False,11.177700000189368
802,exp1-completion-paced,66,264,0.4939000000376836,0.0780000000304426,59.86899999970774,59.7909999996773,0.0307999998767627,38.87589999976626,500,796,28.657900000325757,38.95809999994526,False,796,0.0343000001521431,0.047900000026857,0.0316999994538491,9.51100000020233,0.2771999998003593,0.1210999998875195,28.657900000325757,0.2765999997791368,0.0,38.87589999976626,38.95809999994526,38.88909999932366,500,500,333.0,1501.5015015015017,,False,20.910899999762478
803,exp1-completion-paced,66,264,0.4895000001852168,1.056600000083563,50.22790000020905,49.17130000012549,0.0296999996862723,38.8014000000112,500,797,28.90659999957279,38.8637000005474,False,797,0.0306000001728534,0.0317000003633438,0.1186999998026294,9.176300000035551,0.2626000004966045,0.1197999999931198,28.90659999957279,0.2168999999412335,0.0,38.8014000000112,38.8637000005474,38.80759999992733,500,500,333.0,1501.5015015015017,,False,11.36419999966165
804,exp1-completion-paced,66,264,0.467699999717297,0.0724999999874853,46.563800000512856,46.49130000052537,0.0219000003198743,37.34189999977389,500,798,27.84479999991163,37.48439999981201,False,798,0.0301000000035855,0.1124000000345404,0.0632999999652383,8.936299999732,0.2529000003050896,0.1113999996960046,27.84479999991163,0.1329000006080605,0.0,37.34189999977389,37.48439999981201,37.35370000049443,500,500,333.0,1501.5015015015017,,False,9.079400000700844
805,exp1-completion-paced,66,264,0.2953000002889894,1.1657000004561269,45.06419999961509,43.89849999915896,0.0239999999394058,26.80770000006305,500,799,16.992399999253394,26.926100000309816,False,799,0.0188000003618071,0.0995999998849583,0.0251999999818508,9.291499999562802,0.2522000004319125,0.116600000183098,16.992399999253394,0.1296000000365893,0.0,26.80770000006305,26.926100000309816,26.817099999789207,500,500,333.0,1501.5015015015017,,False,18.138099999305275
806,exp1-completion-paced,66,264,0.2765999997791368,1.3170000001991866,41.20179999972606,39.88479999952688,0.0307000000248081,20.87630000005447,500,800,15.735399999357467,20.925200000419863,False,800,0.0211000005947425,0.0277999997706501,0.0194000003830296,4.820600000130071,0.1382999998895684,0.0313000000460306,15.735399999357467,0.1311000005443929,0.0,20.87630000005447,20.925200000419863,20.884100000330363,500,500,333.0,1501.5015015015017,,False,20.2765999993062
807,exp1-completion-paced,66,264,0.4616999995050719,0.1121000004786765,49.56459999993968,49.452499999461,0.0207000002774293,27.08809999967343,500,801,17.43449999958102,27.14079999987007,False,801,0.0229000006584101,0.0297999995382269,0.0258000000030733,9.137500000178989,0.2500999999028863,0.1117000001613632,17.43449999958102,0.1283000001421896,0.0,27.08809999967343,27.14079999987007,27.0991999996113,500,500,333.0,1501.5015015015017,,False,22.423800000069612
808,exp1-completion-paced,66,264,0.4791999999724794,0.0813999995443737,47.234099999514,47.15269999996963,0.0178000000232714,35.05550000045332,500,802,25.60549999998329,35.170799999832525,False,802,0.0272999996013822,0.0879999997778213,0.0272000006589223,8.929599999646598,0.2486000003045774,0.1152999993792036,25.60549999998329,0.1290000000153668,0.0,35.05550000045332,35.170799999832525,35.06589999960852,500,500,333.0,1501.5015015015017,,False,12.063299999681476
809,exp1-completion-paced,66,264,0.2666999998837127,2.7807999995275168,32.122200000230805,29.34140000070329,0.0218000004679197,20.247999999810418,500,803,15.010699999947974,20.29179999954067,False,803,0.0222999997276929,0.0215000000025611,0.0177000001713167,4.929800000354589,0.1365999996778555,0.0288000001091859,15.010699999947974,0.1242999996975413,0.0,20.247999999810418,20.29179999954067,20.25489999959973,500,500,333.0,1501.5015015015017,,False,11.830400000690133
810,exp1-completion-paced,66,264,0.2858999996533384,0.0513999993927427,35.09179999946355,35.040400000070804,0.0200999993467121,20.95780000036029,500,804,15.58500000010099,21.02520000062213,False,804,0.0194000003830296,0.0479999998788116,0.016900000446185,5.067099999905622,0.132099999973434,0.0283999997918726,15.58500000010099,0.128200000290235,0.0,20.95780000036029,21.02520000062213,20.98610000030021,500,500,333.0,1501.5015015015017,,False,14.066599998841415
811,exp1-completion-paced,66,264,0.2724999994825339,1.1893000000782197,36.021400000208814,34.832100000130595,0.0178000000232714,21.588900000097052,500,805,16.52719999947294,21.6325000001234,False,805,0.0180999995791353,0.0255000004472094,0.0184999998964485,4.757199999403383,0.1330000004600151,0.042800000301213,16.52719999947294,0.1099999999496503,0.0,21.588900000097052,21.6325000001234,21.59620000020368,500,500,333.0,1501.5015015015017,,False,14.388900000085414
812,exp1-completion-paced,66,264,0.2643000007083174,1.267499999812571,32.106600000588514,30.839100000775943,0.019099999917671,20.659199999499837,500,806,15.371899999991,20.700699999906647,False,806,0.0178000000232714,0.0237000003835419,0.0165999999808263,4.982499999641732,0.1338000001851469,0.0318000002152984,15.371899999991,0.1223999997819191,0.0,20.659199999499837,20.700699999906647,20.666200000050598,500,500,333.0,1501.5015015015017,,False,11.405900000681868
813,exp1-completion-paced,66,264,0.2706999994188663,1.2173000004622736,34.00630000032834,32.788999999866064,0.0263000001723412,20.09799999996176,500,807,14.925899999980174,20.13859999988199,False,807,0.019300000531075,0.0212999993891571,0.0176000003193621,4.85949999983859,0.1352999997834558,0.0281000002360087,14.925899999980174,0.1314000001002568,0.0,20.09799999996176,20.13859999988199,20.1043999995818,500,500,333.0,1501.5015015015017,,False,13.867700000446348
814,exp1-completion-paced,66,264,0.2752000000327825,2.708199999688077,36.570400000528025,33.86220000083995,0.0188000003618071,20.673700000770623,500,808,15.41570000063075,20.715999999993077,False,808,0.019099999917671,0.0231999993047793,0.0183000001925393,4.897300000266114,0.1726000000417116,0.032199999623117,15.41570000063075,0.1373999994029873,0.0,20.673700000770623,20.715999999993077,20.681099999819708,500,500,333.0,1501.5015015015017,,False,15.854400000534948
815,exp1-completion-paced,66,264,0.2580000000307336,2.8139000005467096,39.19230000064999,36.37840000010328,0.0180999995791353,20.487499999944703,500,809,15.12540000021545,20.534199999929115,False,809,0.0233999999181833,0.0233000000662286,0.0167999996847356,5.060700000285578,0.1310999996348982,0.0264000000242958,15.12540000021545,0.1269000003958353,0.0,20.487499999944703,20.534199999929115,20.49369999986084,500,500,333.0,1501.5015015015017,,False,18.65810000072088
816,exp1-completion-paced,66,264,0.462599999991653,0.0866999998834217,55.18209999991086,55.09540000002744,0.0312000001940759,40.058200000203215,500,810,29.442300000482646,40.128099999492406,False,810,0.0299999992421362,0.039900000047055,0.0286000004052766,9.987200000068697,0.2699999995456892,0.1191999999718973,29.442300000482646,0.2106000001731445,0.0,40.058200000203215,40.128099999492406,40.070099999866216,500,500,333.0,1501.5015015015017,,False,15.054000000418455
817,exp1-completion-paced,66,264,0.2721000000747153,2.7288000001135515,48.87940000025992,46.15060000014637,0.0202999999601161,35.54410000015196,500,811,25.470499999755702,35.61420000005455,False,811,0.0275000002147862,0.042599999687809,0.0284000007013673,9.442399999898043,0.3720999993674923,0.1158000004579662,25.470499999755702,0.1146000004155212,0.0,35.54410000015196,35.61420000005455,35.55580000011105,500,500,333.0,1501.5015015015017,,False,13.265200000205368
818,exp1-completion-paced,66,264,0.4735000002256129,1.976700000341225,54.11709999953018,52.14039999918896,0.0336999992214259,39.38239999934012,500,812,29.32980000059615,39.445899999918765,False,812,0.0255000004472094,0.0380000001314329,0.0299999992421362,9.438000000045577,0.2762000003713183,0.115199999527249,29.32980000059615,0.1929000000018277,0.0,39.38239999934012,39.445899999918765,39.39460000037798,500,500,333.0,1501.5015015015017,,False,14.671199999611417
819,exp1-completion-paced,66,264,0.3553999995347112,0.0510999998368788,36.08629999962432,36.03519999978744,0.0239999999394058,21.642700000484183,500,813,16.000999999960186,21.71550000002753,False,813,0.0238000002354965,0.0489999993078527,0.0182000003405846,5.325600000105624,0.1417000003129942,0.0290999996650498,16.000999999960186,0.1269000003958353,0.0,21.642700000484183,21.71550000002753,21.67210000061459,500,500,333.0,1501.5015015015017,,False,14.370799999596795
820,exp1-completion-paced,66,264,0.3016000000570784,0.7184000005509006,55.45470000015485,54.73629999960394,0.02059999951598,38.78590000022086,500,814,29.178300000239688,38.83339999993041,False,814,0.0202999999601161,0.0271999997494276,0.0208999999813386,8.899399999791058,0.2794000001813401,0.1185000000987201,29.178300000239688,0.2889999996114056,0.0,38.78590000022086,38.83339999993041,38.79349999988335,500,500,333.0,1501.5015015015017,,False,16.621300000224444
821,exp1-completion-paced,66,264,0.4742999999507447,0.0828999991426826,36.02319999936299,35.940300000220304,0.0208999999813386,21.83100000002014,500,815,15.143600000556036,21.90509999945789,False,815,0.0405999999202322,0.0334999995175167,0.0196999999388935,6.376400000590365,0.1480999999330379,0.0302999997074948,15.143600000556036,0.1126999995904043,0.0,21.83100000002014,21.90509999945789,21.838499999830677,500,500,333.0,1501.5015015015017,,False,14.118099999905098
822,exp1-completion-paced,66,264,0.279699999737204,0.052999999752501,33.564299999852665,33.511300000100164,0.0192999996215803,20.16659999935655,500,816,14.927500000339933,20.214999999552678,False,816,0.0221000000237836,0.0263000001723412,0.0186999996003578,4.923299999973096,0.1375000001644366,0.0284999996438273,14.927500000339933,0.1308000000790343,0.0,20.16659999935655,20.214999999552678,20.173500000055355,500,500,333.0,1501.5015015015017,,False,13.349300000299987
823,exp1-completion-paced,66,264,0.2674999996088445,0.1118999998652725,30.55899999981193,30.44709999994666,0.0278999996226048,19.63100000011764,500,817,14.418700000533136,19.677799999954004,False,817,0.0219999992623343,0.0248000005740323,0.0185999997484032,4.912200000035227,0.1421999995727674,0.0356000000465428,14.418700000533136,0.1034999995681573,0.0,19.63100000011764,19.677799999954004,19.638400000076217,500,500,333.0,1501.5015015015017,,False,10.881199999857927
824,exp1-completion-paced,66,264,0.4838000004383502,0.1536999998279498,43.10929999974178,42.95559999991383,0.0288999999611405,20.50500000041211,500,818,15.195799999673907,20.572100000208597,False,818,0.0312000001940759,0.0358999996024067,0.0202000001081614,5.009299999983341,0.1358999998046783,0.0320000008287024,15.195799999673907,0.1116000003094086,0.0,20.50500000041211,20.572100000208597,20.514100000582403,500,500,333.0,1501.5015015015017,,False,22.537199999533183
825,exp1-completion-paced,66,264,0.2924000000348314,0.0605999994149897,39.65960000004998,39.59900000063499,0.0216999997064704,19.846099999995204,500,819,14.718200000061188,19.90879999993922,False,819,0.0374000001102103,0.0252999998338054,0.0176000003193621,4.84020000021701,0.1337000003331923,0.0323999993270263,14.718200000061188,0.1038000000335159,0.0,19.846099999995204,19.90879999993922,19.852499999615247,500,500,333.0,1501.5015015015017,,False,19.750800000110758
